----------------
; Command Info ;
----------------
Report Timing: Found 4 hold paths (0 violated).  Worst case slack is 0.535 

Tcl Command:
    report_timing -hold -show_routing -file /home/uwb_student00/ahls/new_BSP/work_ahls_persona_work21_csr02/csr-paths03/csr-path-reports/2_dst_to_admission_hold.rpt -from [get_registers {afu_top|pg_afu.port_gasket|pr_slot|afu_main|port_afu_instances|ofs_plat_afu|core|dma|csr_mgr_inst|dst_last_q*}] -to [get_registers {afu_top|pg_afu.port_gasket|pr_slot|afu_main|port_afu_instances|ofs_plat_afu|core|dma|csr_mgr_inst|*}] -nworst 1 -npaths 4 -detail full_path

Options:
    -from [get_registers {afu_top|pg_afu.port_gasket|pr_slot|afu_main|port_afu_instances|ofs_plat_afu|core|dma|csr_mgr_inst|dst_last_q*}] 
    -to [get_registers {afu_top|pg_afu.port_gasket|pr_slot|afu_main|port_afu_instances|ofs_plat_afu|core|dma|csr_mgr_inst|*}] 
    -hold 
    -nworst 1 
    -npaths 4 
    -show_routing 
    -detail full_path 
    -file {/home/uwb_student00/ahls/new_BSP/work_ahls_persona_work21_csr02/csr-paths03/csr-path-reports/2_dst_to_admission_hold.rpt} 

Snapshot:
    final

Delay Model:
    Slow vid2b 100C Model

+--------------------------------------------------------------------------------------------------------------------------------------------------------------------------------------------------------------------------------------------------------------------------------------------------------------------------------------------------------------------------------------------------------------------------------------------------------------------------------------------------------------------+
; Summary of Paths                                                                                                                                                                                                                                                                                                                                                                                                                                                                                                   ;
+-------+---------------------------------------------------------------------------------------------------------------------------+-------------------------------------------------------------------------------------------------------------------------------------------------------------------+---------------------------------------------------------------------------------+---------------------------------------------------------------------------------+--------------+------------+------------+
; Slack ; From Node                                                                                                                 ; To Node                                                                                                                                                           ; Launch Clock                                                                    ; Latch Clock                                                                     ; Relationship ; Clock Skew ; Data Delay ;
+-------+---------------------------------------------------------------------------------------------------------------------------+-------------------------------------------------------------------------------------------------------------------------------------------------------------------+---------------------------------------------------------------------------------+---------------------------------------------------------------------------------+--------------+------------+------------+
; 0.535 ; afu_top|pg_afu.port_gasket|pr_slot|afu_main|port_afu_instances|ofs_plat_afu|core|dma|csr_mgr_inst|dst_last_q[57]~SCLR_dff ; afu_top|pg_afu.port_gasket|pr_slot|afu_main|port_afu_instances|ofs_plat_afu|core|dma|csr_mgr_inst|i919~42_BLOCK_INPUT_MUX_PASSTHROUGH_X258_Y69_N0_I40_dff         ; local_mem_wrapper|mem_ss_top|mem_ss_sv|mem_ss|mem_ss|emif_0|emif_0_core_usr_clk ; local_mem_wrapper|mem_ss_top|mem_ss_sv|mem_ss|mem_ss|emif_0|emif_0_core_usr_clk ; 0.000        ; 0.068      ; 0.777      ;
; 0.644 ; afu_top|pg_afu.port_gasket|pr_slot|afu_main|port_afu_instances|ofs_plat_afu|core|dma|csr_mgr_inst|dst_last_q[48]~SCLR_dff ; afu_top|pg_afu.port_gasket|pr_slot|afu_main|port_afu_instances|ofs_plat_afu|core|dma|csr_mgr_inst|i919~42xsyn_49_BLOCK_INPUT_MUX_PASSTHROUGH_X258_Y69_N0_I45_dff  ; local_mem_wrapper|mem_ss_top|mem_ss_sv|mem_ss|mem_ss|emif_0|emif_0_core_usr_clk ; local_mem_wrapper|mem_ss_top|mem_ss_sv|mem_ss|mem_ss|emif_0|emif_0_core_usr_clk ; 0.000        ; 0.068      ; 0.879      ;
; 0.660 ; afu_top|pg_afu.port_gasket|pr_slot|afu_main|port_afu_instances|ofs_plat_afu|core|dma|csr_mgr_inst|dst_last_q[57]~SCLR_dff ; afu_top|pg_afu.port_gasket|pr_slot|afu_main|port_afu_instances|ofs_plat_afu|core|dma|csr_mgr_inst|Select_0~10xsyn_BLOCK_INPUT_MUX_PASSTHROUGH_X258_Y70_N0_I61_dff ; local_mem_wrapper|mem_ss_top|mem_ss_sv|mem_ss|mem_ss|emif_0|emif_0_core_usr_clk ; local_mem_wrapper|mem_ss_top|mem_ss_sv|mem_ss|mem_ss|emif_0|emif_0_core_usr_clk ; 0.000        ; 0.071      ; 0.899      ;
; 0.660 ; afu_top|pg_afu.port_gasket|pr_slot|afu_main|port_afu_instances|ofs_plat_afu|core|dma|csr_mgr_inst|dst_last_q[57]~SCLR_dff ; afu_top|pg_afu.port_gasket|pr_slot|afu_main|port_afu_instances|ofs_plat_afu|core|dma|csr_mgr_inst|Select_0~10xsyn_BLOCK_INPUT_MUX_PASSTHROUGH_X258_Y70_N0_I71_dff ; local_mem_wrapper|mem_ss_top|mem_ss_sv|mem_ss|mem_ss|emif_0|emif_0_core_usr_clk ; local_mem_wrapper|mem_ss_top|mem_ss_sv|mem_ss|mem_ss|emif_0|emif_0_core_usr_clk ; 0.000        ; 0.071      ; 0.900      ;
+-------+---------------------------------------------------------------------------------------------------------------------------+-------------------------------------------------------------------------------------------------------------------------------------------------------------------+---------------------------------------------------------------------------------+---------------------------------------------------------------------------------+--------------+------------+------------+

Path #1: Hold slack is 0.535 
===============================================================================
+---------------------------------------------------------------------------------------------------------------------------------------------------------------------------------------------+
; Path Summary                                                                                                                                                                                ;
+---------------------------------+-----------------------------------------------------------------------------------------------------------------------------------------------------------+
; Property                        ; Value                                                                                                                                                     ;
+---------------------------------+-----------------------------------------------------------------------------------------------------------------------------------------------------------+
; From Node                       ; afu_top|pg_afu.port_gasket|pr_slot|afu_main|port_afu_instances|ofs_plat_afu|core|dma|csr_mgr_inst|dst_last_q[57]~SCLR_dff                                 ;
; To Node                         ; afu_top|pg_afu.port_gasket|pr_slot|afu_main|port_afu_instances|ofs_plat_afu|core|dma|csr_mgr_inst|i919~42_BLOCK_INPUT_MUX_PASSTHROUGH_X258_Y69_N0_I40_dff ;
; Launch Clock                    ; local_mem_wrapper|mem_ss_top|mem_ss_sv|mem_ss|mem_ss|emif_0|emif_0_core_usr_clk                                                                           ;
; Latch Clock                     ; local_mem_wrapper|mem_ss_top|mem_ss_sv|mem_ss|mem_ss|emif_0|emif_0_core_usr_clk                                                                           ;
; SDC Exception                   ; No SDC Exception on Path                                                                                                                                  ;
; Data Arrival Time               ; 3.462                                                                                                                                                     ;
; Data Required Time              ; 2.927                                                                                                                                                     ;
; Slack                           ; 0.535                                                                                                                                                     ;
; Worst-Case Operating Conditions ; Slow vid2b 100C Model                                                                                                                                     ;
+---------------------------------+-----------------------------------------------------------------------------------------------------------------------------------------------------------+

+-------------------------------------------------------------------------------------+
; Statistics                                                                          ;
+------------------------+-------+-------+-------------+------------+--------+--------+
; Property               ; Value ; Count ; Total Delay ; % of Total ; Min    ; Max    ;
+------------------------+-------+-------+-------------+------------+--------+--------+
; Hold Relationship      ; 0.000 ;       ;             ;            ;        ;        ;
; Clock Skew             ; 0.068 ;       ;             ;            ;        ;        ;
; Data Delay             ; 0.777 ;       ;             ;            ;        ;        ;
; Number of Logic Levels ;       ; 2     ;             ;            ;        ;        ;
; Physical Delays        ;       ;       ;             ;            ;        ;        ;
;  Arrival Path          ;       ;       ;             ;            ;        ;        ;
;   Clock                ;       ;       ;             ;            ;        ;        ;
;    IC                  ;       ; 3     ; 0.000       ; 0          ; 0.000  ; 0.000  ;
;    Cell                ;       ; 15    ; 2.752       ; 44         ; 0.000  ; 0.834  ;
;    PLL Compensation    ;       ; 2     ; -3.572      ; 0          ; -2.692 ; -0.880 ;
;    Routing Element     ;       ; 55    ; 3.505       ; 56         ; 0.000  ; 0.251  ;
;   Data                 ;       ;       ;             ;            ;        ;        ;
;    IC                  ;       ; 3     ; 0.000       ; 0          ; 0.000  ; 0.000  ;
;    Cell                ;       ; 5     ; 0.262       ; 34         ; 0.000  ; 0.100  ;
;    uTco                ;       ; 1     ; 0.218       ; 28         ; 0.218  ; 0.218  ;
;    Routing Element     ;       ; 17    ; 0.297       ; 38         ; 0.000  ; 0.047  ;
;  Required Path         ;       ;       ;             ;            ;        ;        ;
;   Clock                ;       ;       ;             ;            ;        ;        ;
;    IC                  ;       ; 3     ; 0.000       ; 0          ; 0.000  ; 0.000  ;
;    Cell                ;       ; 15    ; 3.153       ; 45         ; 0.000  ; 0.980  ;
;    PLL Compensation    ;       ; 2     ; -3.279      ; 0          ; -2.505 ; -0.774 ;
;    Routing Element     ;       ; 58    ; 3.904       ; 55         ; 0.000  ; 0.287  ;
+------------------------+-------+-------+-------------+------------+--------+--------+
Note: Negative delays are omitted from totals when calculating percentages

+-----------------------------------------------------------------------------------------------------------------------------------------------------------------------------------------------------------------------------------------------------------------------------------------------------------------------------------+
; Data Arrival Path                                                                                                                                                                                                                                                                                                                 ;
+----------+----------+----+------+--------+---------------------------------------------+---------------------------+--------------------------------------------------------------------------------------------------------------------------------------------------------------------------------------------------------------+
; Total    ; Incr     ; RF ; Type ; Fanout ; Location                                    ; Element Type              ; Element                                                                                                                                                                                                      ;
+----------+----------+----+------+--------+---------------------------------------------+---------------------------+--------------------------------------------------------------------------------------------------------------------------------------------------------------------------------------------------------------+
; 0.000    ; 0.000    ;    ;      ;        ;                                             ;                           ; launch edge time                                                                                                                                                                                             ;
; 2.685    ; 2.685    ;    ;      ;        ;                                             ;                           ; clock path                                                                                                                                                                                                   ;
;   0.000  ;   0.000  ;    ;      ;        ;                                             ;                           ; source latency                                                                                                                                                                                               ;
;   0.000  ;   0.000  ;    ;      ; 1      ; PIN_HF23                                    ; I/O pad                   ; ddr4_mem_ref_clk[0].clk                                                                                                                                                                                      ;
;   0.000  ;   0.000  ;    ; IC   ; 1      ; IOIBUF_X280_Y0_N376                         ; I/O input buffer          ; ddr4_mem_ref_clk[0].clk~input|i                                                                                                                                                                              ;
;   0.129  ;   0.129  ; RR ; CELL ; 2      ; IOIBUF_X280_Y0_N376                         ; I/O input buffer          ; ddr4_mem_ref_clk[0].clk~input|o                                                                                                                                                                              ;
;   0.963  ;   0.834  ; RR ; CELL ; 1      ; REFCLKINPUT_X281_Y0_N301                    ; I/O reference clock tree  ; local_mem_wrapper|mem_ss_top|mem_ss_sv|mem_ss|mem_ss|emif_0|emif_0|arch|arch_inst|pll_inst|pll_inst~refclk|ref_clk_in                                                                                        ;
;   1.121  ;   0.158  ; RR ; CELL ; 3      ; REFCLKINPUT_X281_Y0_N301                    ; I/O reference clock tree  ; local_mem_wrapper|mem_ss_top|mem_ss_sv|mem_ss|mem_ss|emif_0|emif_0|arch|arch_inst|pll_inst|pll_inst~refclk|ref0_to_btm                                                                                       ;
;   1.547  ;   0.426  ; RR ; CELL ; 1      ; REFCLKINPUT_X281_Y0_N301                    ; I/O reference clock tree  ; local_mem_wrapper|mem_ss_top|mem_ss_sv|mem_ss|mem_ss|emif_0|emif_0|arch|arch_inst|pll_inst|pll_inst~refclk|clk_out                                                                                           ;
;   1.547  ;   0.000  ; RR ; CELL ; 1      ; IOPLL_X281_Y0_N303                          ; IOPLL                     ; local_mem_wrapper|mem_ss_top|mem_ss_sv|mem_ss|mem_ss|emif_0|emif_0|arch|arch_inst|pll_inst|pll_inst|pll_cascade_in                                                                                           ;
;   1.731  ;   0.184  ; RR ; CELL ; 2      ; IOPLL_X281_Y0_N303                          ; IOPLL                     ; local_mem_wrapper|mem_ss_top|mem_ss_sv|mem_ss|mem_ss|emif_0|emif_0|arch|arch_inst|pll_inst|pll_inst~fmio96fs_wr/x0/fmio96_core_inst/fmio48tile_top/x5/u4_3/x0/xiopll_custom/xclkin_sw/xpm_pll_so/clk[0]      ;
;   1.898  ;   0.167  ; RR ; CELL ; 2      ; IOPLL_X281_Y0_N303                          ; IOPLL                     ; local_mem_wrapper|mem_ss_top|mem_ss_sv|mem_ss|mem_ss|emif_0|emif_0|arch|arch_inst|pll_inst|pll_inst~fmio96fs_wr/x0/fmio96_core_inst/fmio48tile_top/x5/u4_3/x0/xiopll_custom/xiopll_core/xncnt_iopll/clk      ;
;   2.051  ;   0.153  ; RR ; CELL ; 3      ; IOPLL_X281_Y0_N303                          ; IOPLL                     ; local_mem_wrapper|mem_ss_top|mem_ss_sv|mem_ss|mem_ss|emif_0|emif_0|arch|arch_inst|pll_inst|pll_inst~pllnout                                                                                                  ;
;   2.172  ;   0.121  ; RF ; CELL ; 1      ; IOPLL_X281_Y0_N303                          ; IOPLL                     ; local_mem_wrapper|mem_ss_top|mem_ss_sv|mem_ss|mem_ss|emif_0|emif_0|arch|arch_inst|pll_inst|pll_inst~vco_refclk                                                                                               ;
;   2.176  ;   0.004  ; FR ; CELL ; 1      ; IOPLL_X281_Y0_N303                          ; IOPLL                     ; local_mem_wrapper|mem_ss_top|mem_ss_sv|mem_ss|mem_ss|emif_0|emif_0|arch|arch_inst|pll_inst|pll_inst~vctrl                                                                                                    ;
;   1.296  ;   -0.880 ; RR ; COMP ; 1      ; IOPLL_X281_Y0_N303                          ; IOPLL                     ; local_mem_wrapper|mem_ss_top|mem_ss_sv|mem_ss|mem_ss|emif_0|emif_0|arch|arch_inst|pll_inst|pll_inst~vcoph[0]                                                                                                 ;
;   1.296  ;   0.000  ; RR ; CELL ; 10     ; IOPLL_X281_Y0_N303                          ; IOPLL                     ; local_mem_wrapper|mem_ss_top|mem_ss_sv|mem_ss|mem_ss|emif_0|emif_0|arch|arch_inst|pll_inst|pll_inst|vcoph[0]                                                                                                 ;
;   1.296  ;   0.000  ; RR ; CELL ; 3      ; TILECTRL_X281_Y0_N298                       ; I/O tile control logic    ; local_mem_wrapper|mem_ss_top|mem_ss_sv|mem_ss|mem_ss|emif_0|emif_0|arch|arch_inst|io_tiles_wrap_inst|io_tiles_inst|tile_gen[1].tile_ctrl_inst|pll_vco_in[0]                                                  ;
;   -1.396 ;   -2.692 ; RR ; COMP ; 1      ; TILECTRL_X281_Y0_N298                       ; I/O tile control logic    ; local_mem_wrapper|mem_ss_top|mem_ss_sv|mem_ss|mem_ss|emif_0|emif_0|arch|arch_inst|io_tiles_wrap_inst|io_tiles_inst|tile_gen[1].tile_ctrl_inst|pa_core_clk_out[0]                                             ;
;   -0.820 ;   0.576  ; RR ; CELL ; 16258  ; TILECTRL_X281_Y0_N298                       ; I/O tile control logic    ; local_mem_wrapper|mem_ss_top|mem_ss_sv|mem_ss|mem_ss|emif_0|emif_0|arch|arch_inst|io_tiles_wrap_inst|io_tiles_inst|tile_gen[1].tile_ctrl_inst~fmio96fs_wr/m32_0_29__iophasealignment_to_dcm__core_clk_out[1] ;
;   -0.820 ;   0.000  ;    ; IC   ; 1      ; Boundary Port                               ; N/A                       ; afu_top|pg_afu.port_gasket|pr_slot|afu_main|ext_mem_if[0].clk|input                                                                                                                                          ;
;   -0.820 ;   0.000  ; RR ; CELL ; 105325 ; Boundary Port                               ; N/A                       ; afu_top|pg_afu.port_gasket|pr_slot|afu_main|ext_mem_if[0].clk                                                                                                                                                ;
;   -0.820 ;   0.000  ; RR ; RE   ; 1      ; TILECTRL_X281_Y0_N298                       ; I/O tile control logic    ; TILE_CTRL                                                                                                                                                                                                    ;
;   -0.756 ;   0.064  ; RR ; RE   ; 1      ; IO96FSWRRE_X280_Y0_N0_I3537                 ; IO96FS_WR_RE              ; IO96FS_WR_RE                                                                                                                                                                                                 ;
;   -0.670 ;   0.086  ; RR ; RE   ; 1      ; DCM_mux_X307_Y2_N0_I29                      ; DCM_mux                   ; CC_DCM_GMUX_RE                                                                                                                                                                                               ;
;   -0.601 ;   0.069  ; RR ; RE   ; 1      ; IO_P2C_RE_X280_Y2_N150_I75                  ; IO_P2C_RE                 ; IO_P2C_RE                                                                                                                                                                                                    ;
;   -0.582 ;   0.019  ; RR ; RE   ; 1      ; IO_P2C_RE_X280_Y2_N150_I26                  ; IO_P2C_RE                 ; IO_P2C_RE                                                                                                                                                                                                    ;
;   -0.536 ;   0.046  ; RR ; RE   ; 1      ; Switchbox_clock_mux_X280_Y2_N0_I197         ; Switchbox_clock_mux       ; CLOCK_SEGMENT_MUX                                                                                                                                                                                            ;
;   -0.445 ;   0.091  ; RR ; RE   ; 1      ; Switchbox_clock_mux_X280_Y2_N0_I105         ; Switchbox_clock_mux       ; CLOCK_SEGMENT_MUX                                                                                                                                                                                            ;
;   -0.415 ;   0.030  ; RF ; RE   ; 1      ; Vertical_seam_tap_mux_X280_Y23_N0_I165      ; Vertical_seam_tap_mux     ; CLOCK_SEGMENT_TAP_MUX                                                                                                                                                                                        ;
;   -0.360 ;   0.055  ; FR ; RE   ; 1      ; Vertical_seam_tap_mux_X280_Y23_N0_I53       ; Vertical_seam_tap_mux     ; CLOCK_SEGMENT_TAP_MUX                                                                                                                                                                                        ;
;   -0.317 ;   0.043  ; RR ; RE   ; 1      ; Switchbox_clock_mux_X280_Y43_N0_I197        ; Switchbox_clock_mux       ; CLOCK_SEGMENT_MUX                                                                                                                                                                                            ;
;   -0.226 ;   0.091  ; RR ; RE   ; 1      ; Switchbox_clock_mux_X280_Y43_N0_I105        ; Switchbox_clock_mux       ; CLOCK_SEGMENT_MUX                                                                                                                                                                                            ;
;   -0.196 ;   0.030  ; RF ; RE   ; 1      ; Vertical_seam_tap_mux_X280_Y64_N0_I165      ; Vertical_seam_tap_mux     ; CLOCK_SEGMENT_TAP_MUX                                                                                                                                                                                        ;
;   -0.141 ;   0.055  ; FR ; RE   ; 1      ; Vertical_seam_tap_mux_X280_Y64_N0_I53       ; Vertical_seam_tap_mux     ; CLOCK_SEGMENT_TAP_MUX                                                                                                                                                                                        ;
;   -0.098 ;   0.043  ; RR ; RE   ; 1      ; Switchbox_clock_mux_X280_Y84_N0_I197        ; Switchbox_clock_mux       ; CLOCK_SEGMENT_MUX                                                                                                                                                                                            ;
;   -0.014 ;   0.084  ; RR ; RE   ; 1      ; Switchbox_clock_mux_X280_Y84_N0_I105        ; Switchbox_clock_mux       ; CLOCK_SEGMENT_MUX                                                                                                                                                                                            ;
;   0.017  ;   0.031  ; RF ; RE   ; 1      ; Vertical_seam_tap_mux_X280_Y105_N0_I165     ; Vertical_seam_tap_mux     ; CLOCK_SEGMENT_TAP_MUX                                                                                                                                                                                        ;
;   0.071  ;   0.054  ; FR ; RE   ; 1      ; Vertical_seam_tap_mux_X280_Y105_N0_I53      ; Vertical_seam_tap_mux     ; CLOCK_SEGMENT_TAP_MUX                                                                                                                                                                                        ;
;   0.114  ;   0.043  ; RR ; RE   ; 1      ; Switchbox_clock_mux_X280_Y125_N0_I197       ; Switchbox_clock_mux       ; CLOCK_SEGMENT_MUX                                                                                                                                                                                            ;
;   0.198  ;   0.084  ; RR ; RE   ; 1      ; Switchbox_clock_mux_X280_Y125_N0_I105       ; Switchbox_clock_mux       ; CLOCK_SEGMENT_MUX                                                                                                                                                                                            ;
;   0.229  ;   0.031  ; RF ; RE   ; 1      ; Vertical_seam_tap_mux_X280_Y146_N0_I165     ; Vertical_seam_tap_mux     ; CLOCK_SEGMENT_TAP_MUX                                                                                                                                                                                        ;
;   0.283  ;   0.054  ; FR ; RE   ; 1      ; Vertical_seam_tap_mux_X280_Y146_N0_I53      ; Vertical_seam_tap_mux     ; CLOCK_SEGMENT_TAP_MUX                                                                                                                                                                                        ;
;   0.326  ;   0.043  ; RR ; RE   ; 1      ; Switchbox_clock_mux_X280_Y166_N0_I197       ; Switchbox_clock_mux       ; CLOCK_SEGMENT_MUX                                                                                                                                                                                            ;
;   0.520  ;   0.194  ; RR ; RE   ; 1      ; Switchbox_clock_mux_X280_Y166_N0_I106       ; Switchbox_clock_mux       ; CLOCK_SEGMENT_MUX                                                                                                                                                                                            ;
;   0.565  ;   0.045  ; RR ; RE   ; 1      ; Switchbox_clock_mux_X226_Y166_N0_I229       ; Switchbox_clock_mux       ; CLOCK_SEGMENT_MUX                                                                                                                                                                                            ;
;   0.608  ;   0.043  ; RR ; RE   ; 2      ; Switchbox_clock_mux_X226_Y166_N0_I153       ; Switchbox_clock_mux       ; CLOCK_SEGMENT_MUX                                                                                                                                                                                            ;
;   0.693  ;   0.085  ; RR ; RE   ; 1      ; Switchbox_clock_mux_X226_Y166_N0_I103       ; Switchbox_clock_mux       ; CLOCK_SEGMENT_MUX                                                                                                                                                                                            ;
;   0.724  ;   0.031  ; RF ; RE   ; 1      ; Vertical_seam_tap_mux_X226_Y146_N0_I134     ; Vertical_seam_tap_mux     ; CLOCK_SEGMENT_TAP_MUX                                                                                                                                                                                        ;
;   0.779  ;   0.055  ; FR ; RE   ; 1      ; Vertical_seam_tap_mux_X226_Y146_N0_I50      ; Vertical_seam_tap_mux     ; CLOCK_SEGMENT_TAP_MUX                                                                                                                                                                                        ;
;   0.824  ;   0.045  ; RR ; RE   ; 1      ; Switchbox_clock_mux_X226_Y125_N0_I166       ; Switchbox_clock_mux       ; CLOCK_SEGMENT_MUX                                                                                                                                                                                            ;
;   0.910  ;   0.086  ; RR ; RE   ; 1      ; Switchbox_clock_mux_X226_Y125_N0_I103       ; Switchbox_clock_mux       ; CLOCK_SEGMENT_MUX                                                                                                                                                                                            ;
;   0.940  ;   0.030  ; RF ; RE   ; 1      ; Vertical_seam_tap_mux_X226_Y105_N0_I134     ; Vertical_seam_tap_mux     ; CLOCK_SEGMENT_TAP_MUX                                                                                                                                                                                        ;
;   0.996  ;   0.056  ; FR ; RE   ; 1      ; Vertical_seam_tap_mux_X226_Y105_N0_I50      ; Vertical_seam_tap_mux     ; CLOCK_SEGMENT_TAP_MUX                                                                                                                                                                                        ;
;   1.041  ;   0.045  ; RR ; RE   ; 2      ; Switchbox_clock_mux_X226_Y84_N0_I166        ; Switchbox_clock_mux       ; CLOCK_SEGMENT_MUX                                                                                                                                                                                            ;
;   1.244  ;   0.203  ; RR ; RE   ; 1      ; Switchbox_clock_mux_X226_Y84_N0_I102        ; Switchbox_clock_mux       ; CLOCK_SEGMENT_MUX                                                                                                                                                                                            ;
;   1.288  ;   0.044  ; RR ; RE   ; 1      ; Switchbox_clock_mux_X280_Y84_N0_I230        ; Switchbox_clock_mux       ; CLOCK_SEGMENT_MUX                                                                                                                                                                                            ;
;   1.481  ;   0.193  ; RR ; RE   ; 1      ; Switchbox_clock_mux_X280_Y84_N0_I100        ; Switchbox_clock_mux       ; CLOCK_SEGMENT_MUX                                                                                                                                                                                            ;
;   1.525  ;   0.044  ; RR ; RE   ; 2      ; Switchbox_clock_mux_X334_Y84_N0_I230        ; Switchbox_clock_mux       ; CLOCK_SEGMENT_MUX                                                                                                                                                                                            ;
;   1.611  ;   0.086  ; RR ; RE   ; 1      ; Switchbox_clock_mux_X334_Y84_N0_I103        ; Switchbox_clock_mux       ; CLOCK_SEGMENT_MUX                                                                                                                                                                                            ;
;   1.641  ;   0.030  ; RF ; RE   ; 1      ; Vertical_seam_tap_mux_X334_Y64_N0_I134      ; Vertical_seam_tap_mux     ; CLOCK_SEGMENT_TAP_MUX                                                                                                                                                                                        ;
;   1.696  ;   0.055  ; FR ; RE   ; 1      ; Vertical_seam_tap_mux_X334_Y64_N0_I50       ; Vertical_seam_tap_mux     ; CLOCK_SEGMENT_TAP_MUX                                                                                                                                                                                        ;
;   1.741  ;   0.045  ; RR ; RE   ; 2      ; Switchbox_clock_mux_X334_Y43_N0_I166        ; Switchbox_clock_mux       ; CLOCK_SEGMENT_MUX                                                                                                                                                                                            ;
;   1.942  ;   0.201  ; RR ; RE   ; 1      ; Switchbox_clock_mux_X334_Y43_N0_I102        ; Switchbox_clock_mux       ; CLOCK_SEGMENT_MUX                                                                                                                                                                                            ;
;   1.988  ;   0.046  ; RR ; RE   ; 2      ; Switchbox_clock_mux_X280_Y43_N0_I262        ; Switchbox_clock_mux       ; CLOCK_SEGMENT_MUX                                                                                                                                                                                            ;
;   2.079  ;   0.091  ; RR ; RE   ; 1      ; Switchbox_clock_mux_X280_Y43_N0_I101        ; Switchbox_clock_mux       ; CLOCK_SEGMENT_MUX                                                                                                                                                                                            ;
;   2.121  ;   0.042  ; RR ; RE   ; 2      ; Vertical_seam_tap_mux_X280_Y64_N0_I166      ; Vertical_seam_tap_mux     ; CLOCK_SEGMENT_TAP_MUX                                                                                                                                                                                        ;
;   2.210  ;   0.089  ; RR ; RE   ; 1      ; Vertical_seam_tap_mux_X280_Y64_N0_I115      ; Vertical_seam_tap_mux     ; CLOCK_SEGMENT_TAP_MUX                                                                                                                                                                                        ;
;   2.328  ;   0.118  ; RR ; RE   ; 1      ; SPINE_TAP_RE_X253_Y64_N103_I89              ; SPINE_TAP_RE              ; SPINE_TAP_RE                                                                                                                                                                                                 ;
;   2.338  ;   0.010  ; RR ; RE   ; 41     ; SPINE_TAP_RE_X253_Y64_N103_I25              ; SPINE_TAP_RE              ; SPINE_TAP_RE                                                                                                                                                                                                 ;
;   2.589  ;   0.251  ; RR ; RE   ; 2      ; SCLKMUX_RE_X253_Y67_N188_I25                ; SCLKMUX_RE                ; SCLKMUX_RE                                                                                                                                                                                                   ;
;   2.598  ;   0.009  ; RR ; RE   ; 16     ; SCLKMUX_RE_X253_Y67_N188_I40                ; SCLKMUX_RE                ; SCLKMUX_RE                                                                                                                                                                                                   ;
;   2.631  ;   0.033  ; RR ; RE   ; 1      ; ROWCLK_TAPOFF_X255_Y67_N0_I3                ; Row Clock Tap-Off         ; ROWCLK_TAPOFF                                                                                                                                                                                                ;
;   2.664  ;   0.033  ; RR ; RE   ; 1      ; GLOBAL_LOCAL_SEL_X255_Y67_N0_I2             ; GLOBAL_LOCAL_SEL          ; GLOBAL_LOCAL_SEL                                                                                                                                                                                             ;
;   2.685  ;   0.021  ; RR ; RE   ; 1      ; RPII_X255_Y67_N0_I2                         ; Programmable Invert Input ; RPII                                                                                                                                                                                                         ;
;   2.685  ;   0.000  ; RR ; RE   ; 1      ; RPI_X255_Y67_N0_I2                          ; Programmable Invert       ; RPI                                                                                                                                                                                                          ;
;   2.685  ;   0.000  ; RR ; RE   ; 25     ; LAB_RE_X255_Y67_N0_I83                      ; LAB_RE                    ; clka                                                                                                                                                                                                         ;
;   2.685  ;   0.000  ;    ; IC   ; 1      ; FF_X255_Y67_N75                             ; Hyper-Register            ; afu_top|pg_afu.port_gasket|pr_slot|afu_main|port_afu_instances|ofs_plat_afu|core|dma|csr_mgr_inst|dst_last_q[57]~SCLR_dff|clk                                                                                ;
;   2.685  ;   0.000  ; RR ; CELL ; 1      ; FF_X255_Y67_N75                             ; Hyper-Register            ; afu_top|pg_afu.port_gasket|pr_slot|afu_main|port_afu_instances|ofs_plat_afu|core|dma|csr_mgr_inst|dst_last_q[57]~SCLR_dff                                                                                    ;
; 3.462    ; 0.777    ;    ;      ;        ;                                             ;                           ; data path                                                                                                                                                                                                    ;
;   2.903  ;   0.218  ; RR ; uTco ; 2      ; FF_X255_Y67_N75                             ; Hyper-Register            ; afu_top|pg_afu.port_gasket|pr_slot|afu_main|port_afu_instances|ofs_plat_afu|core|dma|csr_mgr_inst|dst_last_q[57]~SCLR_dff|q                                                                                  ;
;   2.903  ;   0.000  ; RR ; CELL ; 1      ; FF_X255_Y67_N47                             ; Bypassed ALM Register     ; afu_top|pg_afu.port_gasket|pr_slot|afu_main|port_afu_instances|ofs_plat_afu|core|dma|csr_mgr_inst|dst_last_q[64]~.comb|sclr                                                                                  ;
;   3.001  ;   0.098  ; RF ; CELL ; 3      ; FF_X255_Y67_N47                             ; Bypassed ALM Register     ; afu_top|pg_afu.port_gasket|pr_slot|afu_main|port_afu_instances|ofs_plat_afu|core|dma|csr_mgr_inst|dst_last_q[64]~.comb|q                                                                                     ;
;   3.001  ;   0.000  ; FF ; RE   ; 1      ; FF_X255_Y67_N47                             ; Bypassed ALM Register     ; FF                                                                                                                                                                                                           ;
;   3.008  ;   0.007  ; FF ; RE   ; 2      ; LAB_RE_X255_Y67_N0_I120                     ; LAB_RE                    ; LAB_RE                                                                                                                                                                                                       ;
;   3.042  ;   0.034  ; FF ; RE   ; 1      ; R1_X256_Y67_N0_I28                          ; R1 interconnect           ; H1                                                                                                                                                                                                           ;
;   3.089  ;   0.047  ; FF ; RE   ; 1      ; R2_X257_Y67_N0_I14                          ; R2 interconnect           ; H2                                                                                                                                                                                                           ;
;   3.123  ;   0.034  ; FR ; RE   ; 3      ; LOCAL_INTERCONNECT_X258_Y67_N0_I50          ; Block interconnect        ; LAB_LINE                                                                                                                                                                                                     ;
;   3.148  ;   0.025  ; RF ; RE   ; 1      ; BLOCK_INPUT_MUX_PASSTHROUGH_X258_Y67_N0_I48 ; Block Input Mux           ; LEIM                                                                                                                                                                                                         ;
;   3.148  ;   0.000  ; FF ; RE   ; 1      ; LAB_RE_X258_Y67_N0_I50                      ; LAB_RE                    ; leimc0[6]                                                                                                                                                                                                    ;
;   3.148  ;   0.000  ;    ; IC   ; 1      ; MLABCELL_X258_Y67_N39                       ; Combinational cell        ; afu_top|pg_afu.port_gasket|pr_slot|afu_main|port_afu_instances|ofs_plat_afu|core|dma|csr_mgr_inst|i919~36xsyn|datac                                                                                          ;
;   3.248  ;   0.100  ; FF ; CELL ; 1      ; MLABCELL_X258_Y67_N39                       ; Combinational cell        ; afu_top|pg_afu.port_gasket|pr_slot|afu_main|port_afu_instances|ofs_plat_afu|core|dma|csr_mgr_inst|i919~36xsyn|combout                                                                                        ;
;   3.248  ;   0.000  ; FF ; RE   ; 1      ; MLABCELL_X258_Y67_N39                       ; Combinational cell        ; MP_MLAB_COMB                                                                                                                                                                                                 ;
;   3.254  ;   0.006  ; FF ; RE   ; 1      ; LAB_RE_X258_Y67_N0_I114                     ; LAB_RE                    ; LAB_RE                                                                                                                                                                                                       ;
;   3.276  ;   0.022  ; FR ; RE   ; 1      ; LOCAL_INTERCONNECT_X258_Y67_N0_I57          ; Block interconnect        ; LAB_LINE                                                                                                                                                                                                     ;
;   3.300  ;   0.024  ; RF ; RE   ; 1      ; BLOCK_INPUT_MUX_PASSTHROUGH_X258_Y67_N0_I43 ; Block Input Mux           ; LEIM                                                                                                                                                                                                         ;
;   3.300  ;   0.000  ; FF ; RE   ; 1      ; LAB_RE_X258_Y67_N0_I47                      ; LAB_RE                    ; leimf[5]                                                                                                                                                                                                     ;
;   3.300  ;   0.000  ;    ; IC   ; 1      ; MLABCELL_X258_Y67_N33                       ; Combinational cell        ; afu_top|pg_afu.port_gasket|pr_slot|afu_main|port_afu_instances|ofs_plat_afu|core|dma|csr_mgr_inst|i919~42|dataf                                                                                              ;
;   3.364  ;   0.064  ; FF ; CELL ; 1      ; MLABCELL_X258_Y67_N33                       ; Combinational cell        ; afu_top|pg_afu.port_gasket|pr_slot|afu_main|port_afu_instances|ofs_plat_afu|core|dma|csr_mgr_inst|i919~42|combout                                                                                            ;
;   3.364  ;   0.000  ; FF ; RE   ; 1      ; MLABCELL_X258_Y67_N33                       ; Combinational cell        ; MP_MLAB_COMB                                                                                                                                                                                                 ;
;   3.368  ;   0.004  ; FF ; RE   ; 1      ; LAB_RE_X258_Y67_N0_I109                     ; LAB_RE                    ; LAB_RE                                                                                                                                                                                                       ;
;   3.408  ;   0.040  ; FF ; RE   ; 1      ; C1_X258_Y67_N0_I20                          ; C1 interconnect           ; V1                                                                                                                                                                                                           ;
;   3.440  ;   0.032  ; FF ; RE   ; 1      ; C1_X258_Y68_N0_I20                          ; C1 interconnect           ; V1                                                                                                                                                                                                           ;
;   3.462  ;   0.022  ; FR ; RE   ; 1      ; LOCAL_INTERCONNECT_X258_Y69_N0_I51          ; Block interconnect        ; LAB_LINE                                                                                                                                                                                                     ;
;   3.462  ;   0.000  ;    ; IC   ; 1      ; BLOCK_INPUT_MUX_PASSTHROUGH_X258_Y69_N0_I40 ; Hyper-Register            ; afu_top|pg_afu.port_gasket|pr_slot|afu_main|port_afu_instances|ofs_plat_afu|core|dma|csr_mgr_inst|i919~42_BLOCK_INPUT_MUX_PASSTHROUGH_X258_Y69_N0_I40_dff|d                                                  ;
;   3.462  ;   0.000  ; RR ; CELL ; 1      ; BLOCK_INPUT_MUX_PASSTHROUGH_X258_Y69_N0_I40 ; Hyper-Register            ; afu_top|pg_afu.port_gasket|pr_slot|afu_main|port_afu_instances|ofs_plat_afu|core|dma|csr_mgr_inst|i919~42_BLOCK_INPUT_MUX_PASSTHROUGH_X258_Y69_N0_I40_dff                                                    ;
+----------+----------+----+------+--------+---------------------------------------------+---------------------------+--------------------------------------------------------------------------------------------------------------------------------------------------------------------------------------------------------------+

+------------------------------------------------------------------------------------------------------------------------------------------------------------------------------------------------------------------------------------------------------------------------------------------------------------------------------------+
; Data Required Path                                                                                                                                                                                                                                                                                                                 ;
+----------+----------+----+------+--------+---------------------------------------------+----------------------------+--------------------------------------------------------------------------------------------------------------------------------------------------------------------------------------------------------------+
; Total    ; Incr     ; RF ; Type ; Fanout ; Location                                    ; Element Type               ; Element                                                                                                                                                                                                      ;
+----------+----------+----+------+--------+---------------------------------------------+----------------------------+--------------------------------------------------------------------------------------------------------------------------------------------------------------------------------------------------------------+
; 0.000    ; 0.000    ;    ;      ;        ;                                             ;                            ; latch edge time                                                                                                                                                                                              ;
; 2.753    ; 2.753    ;    ;      ;        ;                                             ;                            ; clock path                                                                                                                                                                                                   ;
;   0.000  ;   0.000  ;    ;      ;        ;                                             ;                            ; source latency                                                                                                                                                                                               ;
;   0.000  ;   0.000  ;    ;      ; 1      ; PIN_HF23                                    ; I/O pad                    ; ddr4_mem_ref_clk[0].clk                                                                                                                                                                                      ;
;   0.000  ;   0.000  ;    ; IC   ; 1      ; IOIBUF_X280_Y0_N376                         ; I/O input buffer           ; ddr4_mem_ref_clk[0].clk~input|i                                                                                                                                                                              ;
;   0.129  ;   0.129  ; RR ; CELL ; 2      ; IOIBUF_X280_Y0_N376                         ; I/O input buffer           ; ddr4_mem_ref_clk[0].clk~input|o                                                                                                                                                                              ;
;   1.109  ;   0.980  ; RR ; CELL ; 1      ; REFCLKINPUT_X281_Y0_N301                    ; I/O reference clock tree   ; local_mem_wrapper|mem_ss_top|mem_ss_sv|mem_ss|mem_ss|emif_0|emif_0|arch|arch_inst|pll_inst|pll_inst~refclk|ref_clk_in                                                                                        ;
;   1.295  ;   0.186  ; RR ; CELL ; 3      ; REFCLKINPUT_X281_Y0_N301                    ; I/O reference clock tree   ; local_mem_wrapper|mem_ss_top|mem_ss_sv|mem_ss|mem_ss|emif_0|emif_0|arch|arch_inst|pll_inst|pll_inst~refclk|ref0_to_btm                                                                                       ;
;   1.775  ;   0.480  ; RR ; CELL ; 1      ; REFCLKINPUT_X281_Y0_N301                    ; I/O reference clock tree   ; local_mem_wrapper|mem_ss_top|mem_ss_sv|mem_ss|mem_ss|emif_0|emif_0|arch|arch_inst|pll_inst|pll_inst~refclk|clk_out                                                                                           ;
;   1.775  ;   0.000  ; RR ; CELL ; 1      ; IOPLL_X281_Y0_N303                          ; IOPLL                      ; local_mem_wrapper|mem_ss_top|mem_ss_sv|mem_ss|mem_ss|emif_0|emif_0|arch|arch_inst|pll_inst|pll_inst|pll_cascade_in                                                                                           ;
;   1.984  ;   0.209  ; RR ; CELL ; 2      ; IOPLL_X281_Y0_N303                          ; IOPLL                      ; local_mem_wrapper|mem_ss_top|mem_ss_sv|mem_ss|mem_ss|emif_0|emif_0|arch|arch_inst|pll_inst|pll_inst~fmio96fs_wr/x0/fmio96_core_inst/fmio48tile_top/x5/u4_3/x0/xiopll_custom/xclkin_sw/xpm_pll_so/clk[0]      ;
;   2.173  ;   0.189  ; RR ; CELL ; 2      ; IOPLL_X281_Y0_N303                          ; IOPLL                      ; local_mem_wrapper|mem_ss_top|mem_ss_sv|mem_ss|mem_ss|emif_0|emif_0|arch|arch_inst|pll_inst|pll_inst~fmio96fs_wr/x0/fmio96_core_inst/fmio48tile_top/x5/u4_3/x0/xiopll_custom/xiopll_core/xncnt_iopll/clk      ;
;   2.350  ;   0.177  ; RR ; CELL ; 3      ; IOPLL_X281_Y0_N303                          ; IOPLL                      ; local_mem_wrapper|mem_ss_top|mem_ss_sv|mem_ss|mem_ss|emif_0|emif_0|arch|arch_inst|pll_inst|pll_inst~pllnout                                                                                                  ;
;   2.491  ;   0.141  ; RF ; CELL ; 1      ; IOPLL_X281_Y0_N303                          ; IOPLL                      ; local_mem_wrapper|mem_ss_top|mem_ss_sv|mem_ss|mem_ss|emif_0|emif_0|arch|arch_inst|pll_inst|pll_inst~vco_refclk                                                                                               ;
;   2.498  ;   0.007  ; FR ; CELL ; 1      ; IOPLL_X281_Y0_N303                          ; IOPLL                      ; local_mem_wrapper|mem_ss_top|mem_ss_sv|mem_ss|mem_ss|emif_0|emif_0|arch|arch_inst|pll_inst|pll_inst~vctrl                                                                                                    ;
;   1.724  ;   -0.774 ; RR ; COMP ; 1      ; IOPLL_X281_Y0_N303                          ; IOPLL                      ; local_mem_wrapper|mem_ss_top|mem_ss_sv|mem_ss|mem_ss|emif_0|emif_0|arch|arch_inst|pll_inst|pll_inst~vcoph[0]                                                                                                 ;
;   1.724  ;   0.000  ; RR ; CELL ; 10     ; IOPLL_X281_Y0_N303                          ; IOPLL                      ; local_mem_wrapper|mem_ss_top|mem_ss_sv|mem_ss|mem_ss|emif_0|emif_0|arch|arch_inst|pll_inst|pll_inst|vcoph[0]                                                                                                 ;
;   1.724  ;   0.000  ; RR ; CELL ; 3      ; TILECTRL_X281_Y0_N298                       ; I/O tile control logic     ; local_mem_wrapper|mem_ss_top|mem_ss_sv|mem_ss|mem_ss|emif_0|emif_0|arch|arch_inst|io_tiles_wrap_inst|io_tiles_inst|tile_gen[1].tile_ctrl_inst|pll_vco_in[0]                                                  ;
;   -0.781 ;   -2.505 ; RR ; COMP ; 1      ; TILECTRL_X281_Y0_N298                       ; I/O tile control logic     ; local_mem_wrapper|mem_ss_top|mem_ss_sv|mem_ss|mem_ss|emif_0|emif_0|arch|arch_inst|io_tiles_wrap_inst|io_tiles_inst|tile_gen[1].tile_ctrl_inst|pa_core_clk_out[0]                                             ;
;   -0.126 ;   0.655  ; RR ; CELL ; 16258  ; TILECTRL_X281_Y0_N298                       ; I/O tile control logic     ; local_mem_wrapper|mem_ss_top|mem_ss_sv|mem_ss|mem_ss|emif_0|emif_0|arch|arch_inst|io_tiles_wrap_inst|io_tiles_inst|tile_gen[1].tile_ctrl_inst~fmio96fs_wr/m32_0_29__iophasealignment_to_dcm__core_clk_out[1] ;
;   -0.126 ;   0.000  ;    ; IC   ; 1      ; Boundary Port                               ; N/A                        ; afu_top|pg_afu.port_gasket|pr_slot|afu_main|ext_mem_if[0].clk|input                                                                                                                                          ;
;   -0.126 ;   0.000  ; RR ; CELL ; 105325 ; Boundary Port                               ; N/A                        ; afu_top|pg_afu.port_gasket|pr_slot|afu_main|ext_mem_if[0].clk                                                                                                                                                ;
;   -0.126 ;   0.000  ; RR ; RE   ; 1      ; TILECTRL_X281_Y0_N298                       ; I/O tile control logic     ; TILE_CTRL                                                                                                                                                                                                    ;
;   -0.054 ;   0.072  ; RR ; RE   ; 1      ; IO96FSWRRE_X280_Y0_N0_I3537                 ; IO96FS_WR_RE               ; IO96FS_WR_RE                                                                                                                                                                                                 ;
;   0.040  ;   0.094  ; RR ; RE   ; 1      ; DCM_mux_X307_Y2_N0_I29                      ; DCM_mux                    ; CC_DCM_GMUX_RE                                                                                                                                                                                               ;
;   0.118  ;   0.078  ; RR ; RE   ; 1      ; IO_P2C_RE_X280_Y2_N150_I75                  ; IO_P2C_RE                  ; IO_P2C_RE                                                                                                                                                                                                    ;
;   0.138  ;   0.020  ; RR ; RE   ; 1      ; IO_P2C_RE_X280_Y2_N150_I26                  ; IO_P2C_RE                  ; IO_P2C_RE                                                                                                                                                                                                    ;
;   0.189  ;   0.051  ; RR ; RE   ; 1      ; Switchbox_clock_mux_X280_Y2_N0_I197         ; Switchbox_clock_mux        ; CLOCK_SEGMENT_MUX                                                                                                                                                                                            ;
;   0.289  ;   0.100  ; RR ; RE   ; 1      ; Switchbox_clock_mux_X280_Y2_N0_I105         ; Switchbox_clock_mux        ; CLOCK_SEGMENT_MUX                                                                                                                                                                                            ;
;   0.323  ;   0.034  ; RF ; RE   ; 1      ; Vertical_seam_tap_mux_X280_Y23_N0_I165      ; Vertical_seam_tap_mux      ; CLOCK_SEGMENT_TAP_MUX                                                                                                                                                                                        ;
;   0.382  ;   0.059  ; FR ; RE   ; 1      ; Vertical_seam_tap_mux_X280_Y23_N0_I53       ; Vertical_seam_tap_mux      ; CLOCK_SEGMENT_TAP_MUX                                                                                                                                                                                        ;
;   0.430  ;   0.048  ; RR ; RE   ; 1      ; Switchbox_clock_mux_X280_Y43_N0_I197        ; Switchbox_clock_mux        ; CLOCK_SEGMENT_MUX                                                                                                                                                                                            ;
;   0.530  ;   0.100  ; RR ; RE   ; 1      ; Switchbox_clock_mux_X280_Y43_N0_I105        ; Switchbox_clock_mux        ; CLOCK_SEGMENT_MUX                                                                                                                                                                                            ;
;   0.564  ;   0.034  ; RF ; RE   ; 1      ; Vertical_seam_tap_mux_X280_Y64_N0_I165      ; Vertical_seam_tap_mux      ; CLOCK_SEGMENT_TAP_MUX                                                                                                                                                                                        ;
;   0.623  ;   0.059  ; FR ; RE   ; 1      ; Vertical_seam_tap_mux_X280_Y64_N0_I53       ; Vertical_seam_tap_mux      ; CLOCK_SEGMENT_TAP_MUX                                                                                                                                                                                        ;
;   0.671  ;   0.048  ; RR ; RE   ; 1      ; Switchbox_clock_mux_X280_Y84_N0_I197        ; Switchbox_clock_mux        ; CLOCK_SEGMENT_MUX                                                                                                                                                                                            ;
;   0.763  ;   0.092  ; RR ; RE   ; 1      ; Switchbox_clock_mux_X280_Y84_N0_I105        ; Switchbox_clock_mux        ; CLOCK_SEGMENT_MUX                                                                                                                                                                                            ;
;   0.798  ;   0.035  ; RF ; RE   ; 1      ; Vertical_seam_tap_mux_X280_Y105_N0_I165     ; Vertical_seam_tap_mux      ; CLOCK_SEGMENT_TAP_MUX                                                                                                                                                                                        ;
;   0.857  ;   0.059  ; FR ; RE   ; 1      ; Vertical_seam_tap_mux_X280_Y105_N0_I53      ; Vertical_seam_tap_mux      ; CLOCK_SEGMENT_TAP_MUX                                                                                                                                                                                        ;
;   0.905  ;   0.048  ; RR ; RE   ; 1      ; Switchbox_clock_mux_X280_Y125_N0_I197       ; Switchbox_clock_mux        ; CLOCK_SEGMENT_MUX                                                                                                                                                                                            ;
;   0.997  ;   0.092  ; RR ; RE   ; 1      ; Switchbox_clock_mux_X280_Y125_N0_I105       ; Switchbox_clock_mux        ; CLOCK_SEGMENT_MUX                                                                                                                                                                                            ;
;   1.031  ;   0.034  ; RF ; RE   ; 1      ; Vertical_seam_tap_mux_X280_Y146_N0_I165     ; Vertical_seam_tap_mux      ; CLOCK_SEGMENT_TAP_MUX                                                                                                                                                                                        ;
;   1.090  ;   0.059  ; FR ; RE   ; 1      ; Vertical_seam_tap_mux_X280_Y146_N0_I53      ; Vertical_seam_tap_mux      ; CLOCK_SEGMENT_TAP_MUX                                                                                                                                                                                        ;
;   1.139  ;   0.049  ; RR ; RE   ; 1      ; Switchbox_clock_mux_X280_Y166_N0_I197       ; Switchbox_clock_mux        ; CLOCK_SEGMENT_MUX                                                                                                                                                                                            ;
;   1.350  ;   0.211  ; RR ; RE   ; 1      ; Switchbox_clock_mux_X280_Y166_N0_I106       ; Switchbox_clock_mux        ; CLOCK_SEGMENT_MUX                                                                                                                                                                                            ;
;   1.400  ;   0.050  ; RR ; RE   ; 1      ; Switchbox_clock_mux_X226_Y166_N0_I229       ; Switchbox_clock_mux        ; CLOCK_SEGMENT_MUX                                                                                                                                                                                            ;
;   1.449  ;   0.049  ; RR ; RE   ; 2      ; Switchbox_clock_mux_X226_Y166_N0_I153       ; Switchbox_clock_mux        ; CLOCK_SEGMENT_MUX                                                                                                                                                                                            ;
;   1.543  ;   0.094  ; RR ; RE   ; 1      ; Switchbox_clock_mux_X226_Y166_N0_I103       ; Switchbox_clock_mux        ; CLOCK_SEGMENT_MUX                                                                                                                                                                                            ;
;   1.577  ;   0.034  ; RF ; RE   ; 1      ; Vertical_seam_tap_mux_X226_Y146_N0_I134     ; Vertical_seam_tap_mux      ; CLOCK_SEGMENT_TAP_MUX                                                                                                                                                                                        ;
;   1.636  ;   0.059  ; FR ; RE   ; 1      ; Vertical_seam_tap_mux_X226_Y146_N0_I50      ; Vertical_seam_tap_mux      ; CLOCK_SEGMENT_TAP_MUX                                                                                                                                                                                        ;
;   1.687  ;   0.051  ; RR ; RE   ; 1      ; Switchbox_clock_mux_X226_Y125_N0_I166       ; Switchbox_clock_mux        ; CLOCK_SEGMENT_MUX                                                                                                                                                                                            ;
;   1.781  ;   0.094  ; RR ; RE   ; 1      ; Switchbox_clock_mux_X226_Y125_N0_I103       ; Switchbox_clock_mux        ; CLOCK_SEGMENT_MUX                                                                                                                                                                                            ;
;   1.815  ;   0.034  ; RF ; RE   ; 1      ; Vertical_seam_tap_mux_X226_Y105_N0_I134     ; Vertical_seam_tap_mux      ; CLOCK_SEGMENT_TAP_MUX                                                                                                                                                                                        ;
;   1.875  ;   0.060  ; FR ; RE   ; 1      ; Vertical_seam_tap_mux_X226_Y105_N0_I50      ; Vertical_seam_tap_mux      ; CLOCK_SEGMENT_TAP_MUX                                                                                                                                                                                        ;
;   1.926  ;   0.051  ; RR ; RE   ; 2      ; Switchbox_clock_mux_X226_Y84_N0_I166        ; Switchbox_clock_mux        ; CLOCK_SEGMENT_MUX                                                                                                                                                                                            ;
;   2.147  ;   0.221  ; RR ; RE   ; 1      ; Switchbox_clock_mux_X226_Y84_N0_I102        ; Switchbox_clock_mux        ; CLOCK_SEGMENT_MUX                                                                                                                                                                                            ;
;   2.198  ;   0.051  ; RR ; RE   ; 1      ; Switchbox_clock_mux_X280_Y84_N0_I230        ; Switchbox_clock_mux        ; CLOCK_SEGMENT_MUX                                                                                                                                                                                            ;
;   2.407  ;   0.209  ; RR ; RE   ; 1      ; Switchbox_clock_mux_X280_Y84_N0_I100        ; Switchbox_clock_mux        ; CLOCK_SEGMENT_MUX                                                                                                                                                                                            ;
;   2.458  ;   0.051  ; RR ; RE   ; 2      ; Switchbox_clock_mux_X334_Y84_N0_I230        ; Switchbox_clock_mux        ; CLOCK_SEGMENT_MUX                                                                                                                                                                                            ;
;   2.552  ;   0.094  ; RR ; RE   ; 1      ; Switchbox_clock_mux_X334_Y84_N0_I103        ; Switchbox_clock_mux        ; CLOCK_SEGMENT_MUX                                                                                                                                                                                            ;
;   2.586  ;   0.034  ; RF ; RE   ; 1      ; Vertical_seam_tap_mux_X334_Y64_N0_I134      ; Vertical_seam_tap_mux      ; CLOCK_SEGMENT_TAP_MUX                                                                                                                                                                                        ;
;   2.645  ;   0.059  ; FR ; RE   ; 1      ; Vertical_seam_tap_mux_X334_Y64_N0_I50       ; Vertical_seam_tap_mux      ; CLOCK_SEGMENT_TAP_MUX                                                                                                                                                                                        ;
;   2.695  ;   0.050  ; RR ; RE   ; 2      ; Switchbox_clock_mux_X334_Y43_N0_I166        ; Switchbox_clock_mux        ; CLOCK_SEGMENT_MUX                                                                                                                                                                                            ;
;   2.915  ;   0.220  ; RR ; RE   ; 1      ; Switchbox_clock_mux_X334_Y43_N0_I102        ; Switchbox_clock_mux        ; CLOCK_SEGMENT_MUX                                                                                                                                                                                            ;
;   2.967  ;   0.052  ; RR ; RE   ; 2      ; Switchbox_clock_mux_X280_Y43_N0_I262        ; Switchbox_clock_mux        ; CLOCK_SEGMENT_MUX                                                                                                                                                                                            ;
;   3.066  ;   0.099  ; RR ; RE   ; 1      ; Switchbox_clock_mux_X280_Y43_N0_I101        ; Switchbox_clock_mux        ; CLOCK_SEGMENT_MUX                                                                                                                                                                                            ;
;   3.114  ;   0.048  ; RR ; RE   ; 2      ; Vertical_seam_tap_mux_X280_Y64_N0_I166      ; Vertical_seam_tap_mux      ; CLOCK_SEGMENT_TAP_MUX                                                                                                                                                                                        ;
;   3.211  ;   0.097  ; RR ; RE   ; 1      ; Vertical_seam_tap_mux_X280_Y64_N0_I115      ; Vertical_seam_tap_mux      ; CLOCK_SEGMENT_TAP_MUX                                                                                                                                                                                        ;
;   3.345  ;   0.134  ; RR ; RE   ; 1      ; SPINE_TAP_RE_X253_Y64_N103_I89              ; SPINE_TAP_RE               ; SPINE_TAP_RE                                                                                                                                                                                                 ;
;   3.362  ;   0.017  ; RR ; RE   ; 41     ; SPINE_TAP_RE_X253_Y64_N103_I25              ; SPINE_TAP_RE               ; SPINE_TAP_RE                                                                                                                                                                                                 ;
;   3.649  ;   0.287  ; RR ; RE   ; 2      ; SCLKMUX_RE_X253_Y69_N188_I25                ; SCLKMUX_RE                 ; SCLKMUX_RE                                                                                                                                                                                                   ;
;   3.668  ;   0.019  ; RR ; RE   ; 17     ; SCLKMUX_RE_X253_Y69_N188_I40                ; SCLKMUX_RE                 ; SCLKMUX_RE                                                                                                                                                                                                   ;
;   3.708  ;   0.040  ; RR ; RE   ; 2      ; ROWCLK_TAPOFF_X258_Y69_N0_I3                ; Row Clock Tap-Off          ; ROWCLK_TAPOFF                                                                                                                                                                                                ;
;   3.752  ;   0.044  ; RR ; RE   ; 1      ; GLOBAL_LOCAL_SEL_X258_Y69_N0_I2             ; GLOBAL_LOCAL_SEL           ; GLOBAL_LOCAL_SEL                                                                                                                                                                                             ;
;   3.778  ;   0.026  ; RR ; RE   ; 1      ; RPII_X258_Y69_N0_I2                         ; Programmable Invert Input  ; RPII                                                                                                                                                                                                         ;
;   3.778  ;   0.000  ; RR ; RE   ; 1      ; RPI_X258_Y69_N0_I2                          ; Programmable Invert        ; RPI                                                                                                                                                                                                          ;
;   3.778  ;   0.000  ; RR ; RE   ; 16     ; LAB_RE_X258_Y69_N0_I83                      ; LAB_RE                     ; clka                                                                                                                                                                                                         ;
;   3.778  ;   0.000  ; RR ; RE   ; 1      ; LAB_RE_X258_Y69_N0_I150                     ; LAB_RE                     ; LAB_RE                                                                                                                                                                                                       ;
;   3.778  ;   0.000  ; RR ; RE   ; 14     ; LEIMCLKALE_X258_Y69_N0_I0                   ; LEIMCLKALE                 ; LEIMCLKALE                                                                                                                                                                                                   ;
;   3.778  ;   0.000  ; RR ; RE   ; 1      ; HYPERFLEX_CLK_M_MUX_X258_Y69_N0_I45         ; Hyperflex clocking network ; HIPI_M_MUX                                                                                                                                                                                                   ;
;   3.778  ;   0.000  ;    ; IC   ; 1      ; BLOCK_INPUT_MUX_PASSTHROUGH_X258_Y69_N0_I40 ; Hyper-Register             ; afu_top|pg_afu.port_gasket|pr_slot|afu_main|port_afu_instances|ofs_plat_afu|core|dma|csr_mgr_inst|i919~42_BLOCK_INPUT_MUX_PASSTHROUGH_X258_Y69_N0_I40_dff|clk                                                ;
;   3.778  ;   0.000  ; RR ; CELL ; 1      ; BLOCK_INPUT_MUX_PASSTHROUGH_X258_Y69_N0_I40 ; Hyper-Register             ; afu_top|pg_afu.port_gasket|pr_slot|afu_main|port_afu_instances|ofs_plat_afu|core|dma|csr_mgr_inst|i919~42_BLOCK_INPUT_MUX_PASSTHROUGH_X258_Y69_N0_I40_dff                                                    ;
;   2.761  ;   -1.017 ;    ;      ;        ;                                             ;                            ; clock pessimism removed                                                                                                                                                                                      ;
;   2.753  ;   -0.008 ;    ;      ;        ;                                             ;                            ; advanced clock effects                                                                                                                                                                                       ;
; 2.753    ; 0.000    ;    ;      ;        ;                                             ;                            ; clock uncertainty                                                                                                                                                                                            ;
; 2.927    ; 0.174    ;    ; uTh  ; 1      ; BLOCK_INPUT_MUX_PASSTHROUGH_X258_Y69_N0_I40 ; Hyper-Register             ; afu_top|pg_afu.port_gasket|pr_slot|afu_main|port_afu_instances|ofs_plat_afu|core|dma|csr_mgr_inst|i919~42_BLOCK_INPUT_MUX_PASSTHROUGH_X258_Y69_N0_I40_dff                                                    ;
+----------+----------+----+------+--------+---------------------------------------------+----------------------------+--------------------------------------------------------------------------------------------------------------------------------------------------------------------------------------------------------------+


Path #2: Hold slack is 0.644 
===============================================================================
+----------------------------------------------------------------------------------------------------------------------------------------------------------------------------------------------------+
; Path Summary                                                                                                                                                                                       ;
+---------------------------------+------------------------------------------------------------------------------------------------------------------------------------------------------------------+
; Property                        ; Value                                                                                                                                                            ;
+---------------------------------+------------------------------------------------------------------------------------------------------------------------------------------------------------------+
; From Node                       ; afu_top|pg_afu.port_gasket|pr_slot|afu_main|port_afu_instances|ofs_plat_afu|core|dma|csr_mgr_inst|dst_last_q[48]~SCLR_dff                                        ;
; To Node                         ; afu_top|pg_afu.port_gasket|pr_slot|afu_main|port_afu_instances|ofs_plat_afu|core|dma|csr_mgr_inst|i919~42xsyn_49_BLOCK_INPUT_MUX_PASSTHROUGH_X258_Y69_N0_I45_dff ;
; Launch Clock                    ; local_mem_wrapper|mem_ss_top|mem_ss_sv|mem_ss|mem_ss|emif_0|emif_0_core_usr_clk                                                                                  ;
; Latch Clock                     ; local_mem_wrapper|mem_ss_top|mem_ss_sv|mem_ss|mem_ss|emif_0|emif_0_core_usr_clk                                                                                  ;
; SDC Exception                   ; No SDC Exception on Path                                                                                                                                         ;
; Data Arrival Time               ; 3.564                                                                                                                                                            ;
; Data Required Time              ; 2.920                                                                                                                                                            ;
; Slack                           ; 0.644                                                                                                                                                            ;
; Worst-Case Operating Conditions ; Slow vid2b 100C Model                                                                                                                                            ;
+---------------------------------+------------------------------------------------------------------------------------------------------------------------------------------------------------------+

+-------------------------------------------------------------------------------------+
; Statistics                                                                          ;
+------------------------+-------+-------+-------------+------------+--------+--------+
; Property               ; Value ; Count ; Total Delay ; % of Total ; Min    ; Max    ;
+------------------------+-------+-------+-------------+------------+--------+--------+
; Hold Relationship      ; 0.000 ;       ;             ;            ;        ;        ;
; Clock Skew             ; 0.068 ;       ;             ;            ;        ;        ;
; Data Delay             ; 0.879 ;       ;             ;            ;        ;        ;
; Number of Logic Levels ;       ; 3     ;             ;            ;        ;        ;
; Physical Delays        ;       ;       ;             ;            ;        ;        ;
;  Arrival Path          ;       ;       ;             ;            ;        ;        ;
;   Clock                ;       ;       ;             ;            ;        ;        ;
;    IC                  ;       ; 3     ; 0.000       ; 0          ; 0.000  ; 0.000  ;
;    Cell                ;       ; 15    ; 2.752       ; 44         ; 0.000  ; 0.834  ;
;    PLL Compensation    ;       ; 2     ; -3.572      ; 0          ; -2.692 ; -0.880 ;
;    Routing Element     ;       ; 55    ; 3.505       ; 56         ; 0.000  ; 0.251  ;
;   Data                 ;       ;       ;             ;            ;        ;        ;
;    IC                  ;       ; 4     ; 0.000       ; 0          ; 0.000  ; 0.000  ;
;    Cell                ;       ; 6     ; 0.264       ; 30         ; 0.000  ; 0.097  ;
;    uTco                ;       ; 1     ; 0.219       ; 25         ; 0.219  ; 0.219  ;
;    Routing Element     ;       ; 23    ; 0.396       ; 45         ; 0.000  ; 0.057  ;
;  Required Path         ;       ;       ;             ;            ;        ;        ;
;   Clock                ;       ;       ;             ;            ;        ;        ;
;    IC                  ;       ; 3     ; 0.000       ; 0          ; 0.000  ; 0.000  ;
;    Cell                ;       ; 15    ; 3.153       ; 45         ; 0.000  ; 0.980  ;
;    PLL Compensation    ;       ; 2     ; -3.279      ; 0          ; -2.505 ; -0.774 ;
;    Routing Element     ;       ; 58    ; 3.904       ; 55         ; 0.000  ; 0.287  ;
+------------------------+-------+-------+-------------+------------+--------+--------+
Note: Negative delays are omitted from totals when calculating percentages

+-----------------------------------------------------------------------------------------------------------------------------------------------------------------------------------------------------------------------------------------------------------------------------------------------------------------------------------+
; Data Arrival Path                                                                                                                                                                                                                                                                                                                 ;
+----------+----------+----+------+--------+---------------------------------------------+---------------------------+--------------------------------------------------------------------------------------------------------------------------------------------------------------------------------------------------------------+
; Total    ; Incr     ; RF ; Type ; Fanout ; Location                                    ; Element Type              ; Element                                                                                                                                                                                                      ;
+----------+----------+----+------+--------+---------------------------------------------+---------------------------+--------------------------------------------------------------------------------------------------------------------------------------------------------------------------------------------------------------+
; 0.000    ; 0.000    ;    ;      ;        ;                                             ;                           ; launch edge time                                                                                                                                                                                             ;
; 2.685    ; 2.685    ;    ;      ;        ;                                             ;                           ; clock path                                                                                                                                                                                                   ;
;   0.000  ;   0.000  ;    ;      ;        ;                                             ;                           ; source latency                                                                                                                                                                                               ;
;   0.000  ;   0.000  ;    ;      ; 1      ; PIN_HF23                                    ; I/O pad                   ; ddr4_mem_ref_clk[0].clk                                                                                                                                                                                      ;
;   0.000  ;   0.000  ;    ; IC   ; 1      ; IOIBUF_X280_Y0_N376                         ; I/O input buffer          ; ddr4_mem_ref_clk[0].clk~input|i                                                                                                                                                                              ;
;   0.129  ;   0.129  ; RR ; CELL ; 2      ; IOIBUF_X280_Y0_N376                         ; I/O input buffer          ; ddr4_mem_ref_clk[0].clk~input|o                                                                                                                                                                              ;
;   0.963  ;   0.834  ; RR ; CELL ; 1      ; REFCLKINPUT_X281_Y0_N301                    ; I/O reference clock tree  ; local_mem_wrapper|mem_ss_top|mem_ss_sv|mem_ss|mem_ss|emif_0|emif_0|arch|arch_inst|pll_inst|pll_inst~refclk|ref_clk_in                                                                                        ;
;   1.121  ;   0.158  ; RR ; CELL ; 3      ; REFCLKINPUT_X281_Y0_N301                    ; I/O reference clock tree  ; local_mem_wrapper|mem_ss_top|mem_ss_sv|mem_ss|mem_ss|emif_0|emif_0|arch|arch_inst|pll_inst|pll_inst~refclk|ref0_to_btm                                                                                       ;
;   1.547  ;   0.426  ; RR ; CELL ; 1      ; REFCLKINPUT_X281_Y0_N301                    ; I/O reference clock tree  ; local_mem_wrapper|mem_ss_top|mem_ss_sv|mem_ss|mem_ss|emif_0|emif_0|arch|arch_inst|pll_inst|pll_inst~refclk|clk_out                                                                                           ;
;   1.547  ;   0.000  ; RR ; CELL ; 1      ; IOPLL_X281_Y0_N303                          ; IOPLL                     ; local_mem_wrapper|mem_ss_top|mem_ss_sv|mem_ss|mem_ss|emif_0|emif_0|arch|arch_inst|pll_inst|pll_inst|pll_cascade_in                                                                                           ;
;   1.731  ;   0.184  ; RR ; CELL ; 2      ; IOPLL_X281_Y0_N303                          ; IOPLL                     ; local_mem_wrapper|mem_ss_top|mem_ss_sv|mem_ss|mem_ss|emif_0|emif_0|arch|arch_inst|pll_inst|pll_inst~fmio96fs_wr/x0/fmio96_core_inst/fmio48tile_top/x5/u4_3/x0/xiopll_custom/xclkin_sw/xpm_pll_so/clk[0]      ;
;   1.898  ;   0.167  ; RR ; CELL ; 2      ; IOPLL_X281_Y0_N303                          ; IOPLL                     ; local_mem_wrapper|mem_ss_top|mem_ss_sv|mem_ss|mem_ss|emif_0|emif_0|arch|arch_inst|pll_inst|pll_inst~fmio96fs_wr/x0/fmio96_core_inst/fmio48tile_top/x5/u4_3/x0/xiopll_custom/xiopll_core/xncnt_iopll/clk      ;
;   2.051  ;   0.153  ; RR ; CELL ; 3      ; IOPLL_X281_Y0_N303                          ; IOPLL                     ; local_mem_wrapper|mem_ss_top|mem_ss_sv|mem_ss|mem_ss|emif_0|emif_0|arch|arch_inst|pll_inst|pll_inst~pllnout                                                                                                  ;
;   2.172  ;   0.121  ; RF ; CELL ; 1      ; IOPLL_X281_Y0_N303                          ; IOPLL                     ; local_mem_wrapper|mem_ss_top|mem_ss_sv|mem_ss|mem_ss|emif_0|emif_0|arch|arch_inst|pll_inst|pll_inst~vco_refclk                                                                                               ;
;   2.176  ;   0.004  ; FR ; CELL ; 1      ; IOPLL_X281_Y0_N303                          ; IOPLL                     ; local_mem_wrapper|mem_ss_top|mem_ss_sv|mem_ss|mem_ss|emif_0|emif_0|arch|arch_inst|pll_inst|pll_inst~vctrl                                                                                                    ;
;   1.296  ;   -0.880 ; RR ; COMP ; 1      ; IOPLL_X281_Y0_N303                          ; IOPLL                     ; local_mem_wrapper|mem_ss_top|mem_ss_sv|mem_ss|mem_ss|emif_0|emif_0|arch|arch_inst|pll_inst|pll_inst~vcoph[0]                                                                                                 ;
;   1.296  ;   0.000  ; RR ; CELL ; 10     ; IOPLL_X281_Y0_N303                          ; IOPLL                     ; local_mem_wrapper|mem_ss_top|mem_ss_sv|mem_ss|mem_ss|emif_0|emif_0|arch|arch_inst|pll_inst|pll_inst|vcoph[0]                                                                                                 ;
;   1.296  ;   0.000  ; RR ; CELL ; 3      ; TILECTRL_X281_Y0_N298                       ; I/O tile control logic    ; local_mem_wrapper|mem_ss_top|mem_ss_sv|mem_ss|mem_ss|emif_0|emif_0|arch|arch_inst|io_tiles_wrap_inst|io_tiles_inst|tile_gen[1].tile_ctrl_inst|pll_vco_in[0]                                                  ;
;   -1.396 ;   -2.692 ; RR ; COMP ; 1      ; TILECTRL_X281_Y0_N298                       ; I/O tile control logic    ; local_mem_wrapper|mem_ss_top|mem_ss_sv|mem_ss|mem_ss|emif_0|emif_0|arch|arch_inst|io_tiles_wrap_inst|io_tiles_inst|tile_gen[1].tile_ctrl_inst|pa_core_clk_out[0]                                             ;
;   -0.820 ;   0.576  ; RR ; CELL ; 16258  ; TILECTRL_X281_Y0_N298                       ; I/O tile control logic    ; local_mem_wrapper|mem_ss_top|mem_ss_sv|mem_ss|mem_ss|emif_0|emif_0|arch|arch_inst|io_tiles_wrap_inst|io_tiles_inst|tile_gen[1].tile_ctrl_inst~fmio96fs_wr/m32_0_29__iophasealignment_to_dcm__core_clk_out[1] ;
;   -0.820 ;   0.000  ;    ; IC   ; 1      ; Boundary Port                               ; N/A                       ; afu_top|pg_afu.port_gasket|pr_slot|afu_main|ext_mem_if[0].clk|input                                                                                                                                          ;
;   -0.820 ;   0.000  ; RR ; CELL ; 105325 ; Boundary Port                               ; N/A                       ; afu_top|pg_afu.port_gasket|pr_slot|afu_main|ext_mem_if[0].clk                                                                                                                                                ;
;   -0.820 ;   0.000  ; RR ; RE   ; 1      ; TILECTRL_X281_Y0_N298                       ; I/O tile control logic    ; TILE_CTRL                                                                                                                                                                                                    ;
;   -0.756 ;   0.064  ; RR ; RE   ; 1      ; IO96FSWRRE_X280_Y0_N0_I3537                 ; IO96FS_WR_RE              ; IO96FS_WR_RE                                                                                                                                                                                                 ;
;   -0.670 ;   0.086  ; RR ; RE   ; 1      ; DCM_mux_X307_Y2_N0_I29                      ; DCM_mux                   ; CC_DCM_GMUX_RE                                                                                                                                                                                               ;
;   -0.601 ;   0.069  ; RR ; RE   ; 1      ; IO_P2C_RE_X280_Y2_N150_I75                  ; IO_P2C_RE                 ; IO_P2C_RE                                                                                                                                                                                                    ;
;   -0.582 ;   0.019  ; RR ; RE   ; 1      ; IO_P2C_RE_X280_Y2_N150_I26                  ; IO_P2C_RE                 ; IO_P2C_RE                                                                                                                                                                                                    ;
;   -0.536 ;   0.046  ; RR ; RE   ; 1      ; Switchbox_clock_mux_X280_Y2_N0_I197         ; Switchbox_clock_mux       ; CLOCK_SEGMENT_MUX                                                                                                                                                                                            ;
;   -0.445 ;   0.091  ; RR ; RE   ; 1      ; Switchbox_clock_mux_X280_Y2_N0_I105         ; Switchbox_clock_mux       ; CLOCK_SEGMENT_MUX                                                                                                                                                                                            ;
;   -0.415 ;   0.030  ; RF ; RE   ; 1      ; Vertical_seam_tap_mux_X280_Y23_N0_I165      ; Vertical_seam_tap_mux     ; CLOCK_SEGMENT_TAP_MUX                                                                                                                                                                                        ;
;   -0.360 ;   0.055  ; FR ; RE   ; 1      ; Vertical_seam_tap_mux_X280_Y23_N0_I53       ; Vertical_seam_tap_mux     ; CLOCK_SEGMENT_TAP_MUX                                                                                                                                                                                        ;
;   -0.317 ;   0.043  ; RR ; RE   ; 1      ; Switchbox_clock_mux_X280_Y43_N0_I197        ; Switchbox_clock_mux       ; CLOCK_SEGMENT_MUX                                                                                                                                                                                            ;
;   -0.226 ;   0.091  ; RR ; RE   ; 1      ; Switchbox_clock_mux_X280_Y43_N0_I105        ; Switchbox_clock_mux       ; CLOCK_SEGMENT_MUX                                                                                                                                                                                            ;
;   -0.196 ;   0.030  ; RF ; RE   ; 1      ; Vertical_seam_tap_mux_X280_Y64_N0_I165      ; Vertical_seam_tap_mux     ; CLOCK_SEGMENT_TAP_MUX                                                                                                                                                                                        ;
;   -0.141 ;   0.055  ; FR ; RE   ; 1      ; Vertical_seam_tap_mux_X280_Y64_N0_I53       ; Vertical_seam_tap_mux     ; CLOCK_SEGMENT_TAP_MUX                                                                                                                                                                                        ;
;   -0.098 ;   0.043  ; RR ; RE   ; 1      ; Switchbox_clock_mux_X280_Y84_N0_I197        ; Switchbox_clock_mux       ; CLOCK_SEGMENT_MUX                                                                                                                                                                                            ;
;   -0.014 ;   0.084  ; RR ; RE   ; 1      ; Switchbox_clock_mux_X280_Y84_N0_I105        ; Switchbox_clock_mux       ; CLOCK_SEGMENT_MUX                                                                                                                                                                                            ;
;   0.017  ;   0.031  ; RF ; RE   ; 1      ; Vertical_seam_tap_mux_X280_Y105_N0_I165     ; Vertical_seam_tap_mux     ; CLOCK_SEGMENT_TAP_MUX                                                                                                                                                                                        ;
;   0.071  ;   0.054  ; FR ; RE   ; 1      ; Vertical_seam_tap_mux_X280_Y105_N0_I53      ; Vertical_seam_tap_mux     ; CLOCK_SEGMENT_TAP_MUX                                                                                                                                                                                        ;
;   0.114  ;   0.043  ; RR ; RE   ; 1      ; Switchbox_clock_mux_X280_Y125_N0_I197       ; Switchbox_clock_mux       ; CLOCK_SEGMENT_MUX                                                                                                                                                                                            ;
;   0.198  ;   0.084  ; RR ; RE   ; 1      ; Switchbox_clock_mux_X280_Y125_N0_I105       ; Switchbox_clock_mux       ; CLOCK_SEGMENT_MUX                                                                                                                                                                                            ;
;   0.229  ;   0.031  ; RF ; RE   ; 1      ; Vertical_seam_tap_mux_X280_Y146_N0_I165     ; Vertical_seam_tap_mux     ; CLOCK_SEGMENT_TAP_MUX                                                                                                                                                                                        ;
;   0.283  ;   0.054  ; FR ; RE   ; 1      ; Vertical_seam_tap_mux_X280_Y146_N0_I53      ; Vertical_seam_tap_mux     ; CLOCK_SEGMENT_TAP_MUX                                                                                                                                                                                        ;
;   0.326  ;   0.043  ; RR ; RE   ; 1      ; Switchbox_clock_mux_X280_Y166_N0_I197       ; Switchbox_clock_mux       ; CLOCK_SEGMENT_MUX                                                                                                                                                                                            ;
;   0.520  ;   0.194  ; RR ; RE   ; 1      ; Switchbox_clock_mux_X280_Y166_N0_I106       ; Switchbox_clock_mux       ; CLOCK_SEGMENT_MUX                                                                                                                                                                                            ;
;   0.565  ;   0.045  ; RR ; RE   ; 1      ; Switchbox_clock_mux_X226_Y166_N0_I229       ; Switchbox_clock_mux       ; CLOCK_SEGMENT_MUX                                                                                                                                                                                            ;
;   0.608  ;   0.043  ; RR ; RE   ; 2      ; Switchbox_clock_mux_X226_Y166_N0_I153       ; Switchbox_clock_mux       ; CLOCK_SEGMENT_MUX                                                                                                                                                                                            ;
;   0.693  ;   0.085  ; RR ; RE   ; 1      ; Switchbox_clock_mux_X226_Y166_N0_I103       ; Switchbox_clock_mux       ; CLOCK_SEGMENT_MUX                                                                                                                                                                                            ;
;   0.724  ;   0.031  ; RF ; RE   ; 1      ; Vertical_seam_tap_mux_X226_Y146_N0_I134     ; Vertical_seam_tap_mux     ; CLOCK_SEGMENT_TAP_MUX                                                                                                                                                                                        ;
;   0.779  ;   0.055  ; FR ; RE   ; 1      ; Vertical_seam_tap_mux_X226_Y146_N0_I50      ; Vertical_seam_tap_mux     ; CLOCK_SEGMENT_TAP_MUX                                                                                                                                                                                        ;
;   0.824  ;   0.045  ; RR ; RE   ; 1      ; Switchbox_clock_mux_X226_Y125_N0_I166       ; Switchbox_clock_mux       ; CLOCK_SEGMENT_MUX                                                                                                                                                                                            ;
;   0.910  ;   0.086  ; RR ; RE   ; 1      ; Switchbox_clock_mux_X226_Y125_N0_I103       ; Switchbox_clock_mux       ; CLOCK_SEGMENT_MUX                                                                                                                                                                                            ;
;   0.940  ;   0.030  ; RF ; RE   ; 1      ; Vertical_seam_tap_mux_X226_Y105_N0_I134     ; Vertical_seam_tap_mux     ; CLOCK_SEGMENT_TAP_MUX                                                                                                                                                                                        ;
;   0.996  ;   0.056  ; FR ; RE   ; 1      ; Vertical_seam_tap_mux_X226_Y105_N0_I50      ; Vertical_seam_tap_mux     ; CLOCK_SEGMENT_TAP_MUX                                                                                                                                                                                        ;
;   1.041  ;   0.045  ; RR ; RE   ; 2      ; Switchbox_clock_mux_X226_Y84_N0_I166        ; Switchbox_clock_mux       ; CLOCK_SEGMENT_MUX                                                                                                                                                                                            ;
;   1.244  ;   0.203  ; RR ; RE   ; 1      ; Switchbox_clock_mux_X226_Y84_N0_I102        ; Switchbox_clock_mux       ; CLOCK_SEGMENT_MUX                                                                                                                                                                                            ;
;   1.288  ;   0.044  ; RR ; RE   ; 1      ; Switchbox_clock_mux_X280_Y84_N0_I230        ; Switchbox_clock_mux       ; CLOCK_SEGMENT_MUX                                                                                                                                                                                            ;
;   1.481  ;   0.193  ; RR ; RE   ; 1      ; Switchbox_clock_mux_X280_Y84_N0_I100        ; Switchbox_clock_mux       ; CLOCK_SEGMENT_MUX                                                                                                                                                                                            ;
;   1.525  ;   0.044  ; RR ; RE   ; 2      ; Switchbox_clock_mux_X334_Y84_N0_I230        ; Switchbox_clock_mux       ; CLOCK_SEGMENT_MUX                                                                                                                                                                                            ;
;   1.611  ;   0.086  ; RR ; RE   ; 1      ; Switchbox_clock_mux_X334_Y84_N0_I103        ; Switchbox_clock_mux       ; CLOCK_SEGMENT_MUX                                                                                                                                                                                            ;
;   1.641  ;   0.030  ; RF ; RE   ; 1      ; Vertical_seam_tap_mux_X334_Y64_N0_I134      ; Vertical_seam_tap_mux     ; CLOCK_SEGMENT_TAP_MUX                                                                                                                                                                                        ;
;   1.696  ;   0.055  ; FR ; RE   ; 1      ; Vertical_seam_tap_mux_X334_Y64_N0_I50       ; Vertical_seam_tap_mux     ; CLOCK_SEGMENT_TAP_MUX                                                                                                                                                                                        ;
;   1.741  ;   0.045  ; RR ; RE   ; 2      ; Switchbox_clock_mux_X334_Y43_N0_I166        ; Switchbox_clock_mux       ; CLOCK_SEGMENT_MUX                                                                                                                                                                                            ;
;   1.942  ;   0.201  ; RR ; RE   ; 1      ; Switchbox_clock_mux_X334_Y43_N0_I102        ; Switchbox_clock_mux       ; CLOCK_SEGMENT_MUX                                                                                                                                                                                            ;
;   1.988  ;   0.046  ; RR ; RE   ; 2      ; Switchbox_clock_mux_X280_Y43_N0_I262        ; Switchbox_clock_mux       ; CLOCK_SEGMENT_MUX                                                                                                                                                                                            ;
;   2.079  ;   0.091  ; RR ; RE   ; 1      ; Switchbox_clock_mux_X280_Y43_N0_I101        ; Switchbox_clock_mux       ; CLOCK_SEGMENT_MUX                                                                                                                                                                                            ;
;   2.121  ;   0.042  ; RR ; RE   ; 2      ; Vertical_seam_tap_mux_X280_Y64_N0_I166      ; Vertical_seam_tap_mux     ; CLOCK_SEGMENT_TAP_MUX                                                                                                                                                                                        ;
;   2.210  ;   0.089  ; RR ; RE   ; 1      ; Vertical_seam_tap_mux_X280_Y64_N0_I115      ; Vertical_seam_tap_mux     ; CLOCK_SEGMENT_TAP_MUX                                                                                                                                                                                        ;
;   2.328  ;   0.118  ; RR ; RE   ; 1      ; SPINE_TAP_RE_X253_Y64_N103_I89              ; SPINE_TAP_RE              ; SPINE_TAP_RE                                                                                                                                                                                                 ;
;   2.338  ;   0.010  ; RR ; RE   ; 41     ; SPINE_TAP_RE_X253_Y64_N103_I25              ; SPINE_TAP_RE              ; SPINE_TAP_RE                                                                                                                                                                                                 ;
;   2.589  ;   0.251  ; RR ; RE   ; 2      ; SCLKMUX_RE_X253_Y67_N188_I25                ; SCLKMUX_RE                ; SCLKMUX_RE                                                                                                                                                                                                   ;
;   2.598  ;   0.009  ; RR ; RE   ; 16     ; SCLKMUX_RE_X253_Y67_N188_I40                ; SCLKMUX_RE                ; SCLKMUX_RE                                                                                                                                                                                                   ;
;   2.631  ;   0.033  ; RR ; RE   ; 1      ; ROWCLK_TAPOFF_X255_Y67_N0_I3                ; Row Clock Tap-Off         ; ROWCLK_TAPOFF                                                                                                                                                                                                ;
;   2.664  ;   0.033  ; RR ; RE   ; 1      ; GLOBAL_LOCAL_SEL_X255_Y67_N0_I2             ; GLOBAL_LOCAL_SEL          ; GLOBAL_LOCAL_SEL                                                                                                                                                                                             ;
;   2.685  ;   0.021  ; RR ; RE   ; 1      ; RPII_X255_Y67_N0_I2                         ; Programmable Invert Input ; RPII                                                                                                                                                                                                         ;
;   2.685  ;   0.000  ; RR ; RE   ; 1      ; RPI_X255_Y67_N0_I2                          ; Programmable Invert       ; RPI                                                                                                                                                                                                          ;
;   2.685  ;   0.000  ; RR ; RE   ; 25     ; LAB_RE_X255_Y67_N0_I83                      ; LAB_RE                    ; clka                                                                                                                                                                                                         ;
;   2.685  ;   0.000  ;    ; IC   ; 1      ; FF_X255_Y67_N65                             ; Hyper-Register            ; afu_top|pg_afu.port_gasket|pr_slot|afu_main|port_afu_instances|ofs_plat_afu|core|dma|csr_mgr_inst|dst_last_q[48]~SCLR_dff|clk                                                                                ;
;   2.685  ;   0.000  ; RR ; CELL ; 1      ; FF_X255_Y67_N65                             ; Hyper-Register            ; afu_top|pg_afu.port_gasket|pr_slot|afu_main|port_afu_instances|ofs_plat_afu|core|dma|csr_mgr_inst|dst_last_q[48]~SCLR_dff                                                                                    ;
; 3.564    ; 0.879    ;    ;      ;        ;                                             ;                           ; data path                                                                                                                                                                                                    ;
;   2.904  ;   0.219  ; RR ; uTco ; 2      ; FF_X255_Y67_N65                             ; Hyper-Register            ; afu_top|pg_afu.port_gasket|pr_slot|afu_main|port_afu_instances|ofs_plat_afu|core|dma|csr_mgr_inst|dst_last_q[48]~SCLR_dff|q                                                                                  ;
;   2.904  ;   0.000  ; RR ; CELL ; 1      ; FF_X255_Y67_N14                             ; Bypassed ALM Register     ; afu_top|pg_afu.port_gasket|pr_slot|afu_main|port_afu_instances|ofs_plat_afu|core|dma|csr_mgr_inst|dst_last_q[47]~.comb|sclr                                                                                  ;
;   3.001  ;   0.097  ; RF ; CELL ; 1      ; FF_X255_Y67_N14                             ; Bypassed ALM Register     ; afu_top|pg_afu.port_gasket|pr_slot|afu_main|port_afu_instances|ofs_plat_afu|core|dma|csr_mgr_inst|dst_last_q[47]~.comb|q                                                                                     ;
;   3.001  ;   0.000  ; FF ; RE   ; 1      ; FF_X255_Y67_N14                             ; Bypassed ALM Register     ; FF                                                                                                                                                                                                           ;
;   3.007  ;   0.006  ; FF ; RE   ; 1      ; LAB_RE_X255_Y67_N0_I98                      ; LAB_RE                    ; LAB_RE                                                                                                                                                                                                       ;
;   3.045  ;   0.038  ; FF ; RE   ; 1      ; R1_X255_Y67_N0_I11                          ; R1 interconnect           ; H1                                                                                                                                                                                                           ;
;   3.067  ;   0.022  ; FR ; RE   ; 1      ; LOCAL_INTERCONNECT_X254_Y67_N0_I26          ; Block interconnect        ; LAB_LINE                                                                                                                                                                                                     ;
;   3.091  ;   0.024  ; RF ; RE   ; 1      ; BLOCK_INPUT_MUX_PASSTHROUGH_X254_Y67_N0_I35 ; Block Input Mux           ; LEIM                                                                                                                                                                                                         ;
;   3.091  ;   0.000  ; FF ; RE   ; 1      ; LAB_RE_X254_Y67_N0_I39                      ; LAB_RE                    ; leimf[4]                                                                                                                                                                                                     ;
;   3.091  ;   0.000  ;    ; IC   ; 1      ; LABCELL_X254_Y67_N27                        ; Combinational cell        ; afu_top|pg_afu.port_gasket|pr_slot|afu_main|port_afu_instances|ofs_plat_afu|core|dma|csr_mgr_inst|i919~20|dataf                                                                                              ;
;   3.154  ;   0.063  ; FF ; CELL ; 1      ; LABCELL_X254_Y67_N27                        ; Combinational cell        ; afu_top|pg_afu.port_gasket|pr_slot|afu_main|port_afu_instances|ofs_plat_afu|core|dma|csr_mgr_inst|i919~20|combout                                                                                            ;
;   3.154  ;   0.000  ; FF ; RE   ; 1      ; LABCELL_X254_Y67_N27                        ; Combinational cell        ; MP_LAB_COMB                                                                                                                                                                                                  ;
;   3.158  ;   0.004  ; FF ; RE   ; 1      ; LAB_RE_X254_Y67_N0_I107                     ; LAB_RE                    ; LAB_RE                                                                                                                                                                                                       ;
;   3.195  ;   0.037  ; FF ; RE   ; 1      ; R0_X254_Y67_N0_I32                          ; R0 interconnect           ; H0                                                                                                                                                                                                           ;
;   3.217  ;   0.022  ; FR ; RE   ; 1      ; LOCAL_INTERCONNECT_X254_Y67_N0_I50          ; Block interconnect        ; LAB_LINE                                                                                                                                                                                                     ;
;   3.241  ;   0.024  ; RF ; RE   ; 1      ; BLOCK_INPUT_MUX_PASSTHROUGH_X254_Y67_N0_I51 ; Block Input Mux           ; LEIM                                                                                                                                                                                                         ;
;   3.241  ;   0.000  ; FF ; RE   ; 1      ; LAB_RE_X254_Y67_N0_I55                      ; LAB_RE                    ; leimf[6]                                                                                                                                                                                                     ;
;   3.241  ;   0.000  ;    ; IC   ; 1      ; LABCELL_X254_Y67_N39                        ; Combinational cell        ; afu_top|pg_afu.port_gasket|pr_slot|afu_main|port_afu_instances|ofs_plat_afu|core|dma|csr_mgr_inst|i919~22|dataf                                                                                              ;
;   3.269  ;   0.028  ; FF ; CELL ; 2      ; LABCELL_X254_Y67_N39                        ; Combinational cell        ; afu_top|pg_afu.port_gasket|pr_slot|afu_main|port_afu_instances|ofs_plat_afu|core|dma|csr_mgr_inst|i919~22|combout                                                                                            ;
;   3.269  ;   0.000  ; FF ; RE   ; 1      ; LABCELL_X254_Y67_N39                        ; Combinational cell        ; MP_LAB_COMB                                                                                                                                                                                                  ;
;   3.271  ;   0.002  ; FF ; RE   ; 1      ; LAB_RE_X254_Y67_N0_I145                     ; LAB_RE                    ; LAB_RE                                                                                                                                                                                                       ;
;   3.313  ;   0.042  ; FF ; RE   ; 1      ; C1_X254_Y67_N0_I22                          ; C1 interconnect           ; V1                                                                                                                                                                                                           ;
;   3.348  ;   0.035  ; FF ; RE   ; 1      ; C1_X254_Y68_N0_I22                          ; C1 interconnect           ; V1                                                                                                                                                                                                           ;
;   3.405  ;   0.057  ; FF ; RE   ; 1      ; R4_X255_Y69_N0_I15                          ; R4 interconnect           ; H4                                                                                                                                                                                                           ;
;   3.432  ;   0.027  ; FR ; RE   ; 2      ; LOCAL_INTERCONNECT_X258_Y69_N0_I53          ; Block interconnect        ; LAB_LINE                                                                                                                                                                                                     ;
;   3.457  ;   0.025  ; RF ; RE   ; 1      ; BLOCK_INPUT_MUX_PASSTHROUGH_X258_Y69_N0_I50 ; Block Input Mux           ; LEIM                                                                                                                                                                                                         ;
;   3.457  ;   0.000  ; FF ; RE   ; 1      ; LAB_RE_X258_Y69_N0_I48                      ; LAB_RE                    ; leime[6]                                                                                                                                                                                                     ;
;   3.457  ;   0.000  ;    ; IC   ; 1      ; MLABCELL_X258_Y69_N39                       ; Combinational cell        ; afu_top|pg_afu.port_gasket|pr_slot|afu_main|port_afu_instances|ofs_plat_afu|core|dma|csr_mgr_inst|i919~42xsyn_49|datae                                                                                       ;
;   3.533  ;   0.076  ; FF ; CELL ; 2      ; MLABCELL_X258_Y69_N39                       ; Combinational cell        ; afu_top|pg_afu.port_gasket|pr_slot|afu_main|port_afu_instances|ofs_plat_afu|core|dma|csr_mgr_inst|i919~42xsyn_49|combout                                                                                     ;
;   3.533  ;   0.000  ; FF ; RE   ; 1      ; MLABCELL_X258_Y69_N39                       ; Combinational cell        ; MP_MLAB_COMB                                                                                                                                                                                                 ;
;   3.537  ;   0.004  ; FF ; RE   ; 1      ; LAB_RE_X258_Y69_N0_I115                     ; LAB_RE                    ; LAB_RE                                                                                                                                                                                                       ;
;   3.564  ;   0.027  ; FR ; RE   ; 3      ; LOCAL_INTERCONNECT_X258_Y69_N0_I58          ; Block interconnect        ; LAB_LINE                                                                                                                                                                                                     ;
;   3.564  ;   0.000  ;    ; IC   ; 1      ; BLOCK_INPUT_MUX_PASSTHROUGH_X258_Y69_N0_I45 ; Hyper-Register            ; afu_top|pg_afu.port_gasket|pr_slot|afu_main|port_afu_instances|ofs_plat_afu|core|dma|csr_mgr_inst|i919~42xsyn_49_BLOCK_INPUT_MUX_PASSTHROUGH_X258_Y69_N0_I45_dff|d                                           ;
;   3.564  ;   0.000  ; RR ; CELL ; 1      ; BLOCK_INPUT_MUX_PASSTHROUGH_X258_Y69_N0_I45 ; Hyper-Register            ; afu_top|pg_afu.port_gasket|pr_slot|afu_main|port_afu_instances|ofs_plat_afu|core|dma|csr_mgr_inst|i919~42xsyn_49_BLOCK_INPUT_MUX_PASSTHROUGH_X258_Y69_N0_I45_dff                                             ;
+----------+----------+----+------+--------+---------------------------------------------+---------------------------+--------------------------------------------------------------------------------------------------------------------------------------------------------------------------------------------------------------+

+------------------------------------------------------------------------------------------------------------------------------------------------------------------------------------------------------------------------------------------------------------------------------------------------------------------------------------+
; Data Required Path                                                                                                                                                                                                                                                                                                                 ;
+----------+----------+----+------+--------+---------------------------------------------+----------------------------+--------------------------------------------------------------------------------------------------------------------------------------------------------------------------------------------------------------+
; Total    ; Incr     ; RF ; Type ; Fanout ; Location                                    ; Element Type               ; Element                                                                                                                                                                                                      ;
+----------+----------+----+------+--------+---------------------------------------------+----------------------------+--------------------------------------------------------------------------------------------------------------------------------------------------------------------------------------------------------------+
; 0.000    ; 0.000    ;    ;      ;        ;                                             ;                            ; latch edge time                                                                                                                                                                                              ;
; 2.753    ; 2.753    ;    ;      ;        ;                                             ;                            ; clock path                                                                                                                                                                                                   ;
;   0.000  ;   0.000  ;    ;      ;        ;                                             ;                            ; source latency                                                                                                                                                                                               ;
;   0.000  ;   0.000  ;    ;      ; 1      ; PIN_HF23                                    ; I/O pad                    ; ddr4_mem_ref_clk[0].clk                                                                                                                                                                                      ;
;   0.000  ;   0.000  ;    ; IC   ; 1      ; IOIBUF_X280_Y0_N376                         ; I/O input buffer           ; ddr4_mem_ref_clk[0].clk~input|i                                                                                                                                                                              ;
;   0.129  ;   0.129  ; RR ; CELL ; 2      ; IOIBUF_X280_Y0_N376                         ; I/O input buffer           ; ddr4_mem_ref_clk[0].clk~input|o                                                                                                                                                                              ;
;   1.109  ;   0.980  ; RR ; CELL ; 1      ; REFCLKINPUT_X281_Y0_N301                    ; I/O reference clock tree   ; local_mem_wrapper|mem_ss_top|mem_ss_sv|mem_ss|mem_ss|emif_0|emif_0|arch|arch_inst|pll_inst|pll_inst~refclk|ref_clk_in                                                                                        ;
;   1.295  ;   0.186  ; RR ; CELL ; 3      ; REFCLKINPUT_X281_Y0_N301                    ; I/O reference clock tree   ; local_mem_wrapper|mem_ss_top|mem_ss_sv|mem_ss|mem_ss|emif_0|emif_0|arch|arch_inst|pll_inst|pll_inst~refclk|ref0_to_btm                                                                                       ;
;   1.775  ;   0.480  ; RR ; CELL ; 1      ; REFCLKINPUT_X281_Y0_N301                    ; I/O reference clock tree   ; local_mem_wrapper|mem_ss_top|mem_ss_sv|mem_ss|mem_ss|emif_0|emif_0|arch|arch_inst|pll_inst|pll_inst~refclk|clk_out                                                                                           ;
;   1.775  ;   0.000  ; RR ; CELL ; 1      ; IOPLL_X281_Y0_N303                          ; IOPLL                      ; local_mem_wrapper|mem_ss_top|mem_ss_sv|mem_ss|mem_ss|emif_0|emif_0|arch|arch_inst|pll_inst|pll_inst|pll_cascade_in                                                                                           ;
;   1.984  ;   0.209  ; RR ; CELL ; 2      ; IOPLL_X281_Y0_N303                          ; IOPLL                      ; local_mem_wrapper|mem_ss_top|mem_ss_sv|mem_ss|mem_ss|emif_0|emif_0|arch|arch_inst|pll_inst|pll_inst~fmio96fs_wr/x0/fmio96_core_inst/fmio48tile_top/x5/u4_3/x0/xiopll_custom/xclkin_sw/xpm_pll_so/clk[0]      ;
;   2.173  ;   0.189  ; RR ; CELL ; 2      ; IOPLL_X281_Y0_N303                          ; IOPLL                      ; local_mem_wrapper|mem_ss_top|mem_ss_sv|mem_ss|mem_ss|emif_0|emif_0|arch|arch_inst|pll_inst|pll_inst~fmio96fs_wr/x0/fmio96_core_inst/fmio48tile_top/x5/u4_3/x0/xiopll_custom/xiopll_core/xncnt_iopll/clk      ;
;   2.350  ;   0.177  ; RR ; CELL ; 3      ; IOPLL_X281_Y0_N303                          ; IOPLL                      ; local_mem_wrapper|mem_ss_top|mem_ss_sv|mem_ss|mem_ss|emif_0|emif_0|arch|arch_inst|pll_inst|pll_inst~pllnout                                                                                                  ;
;   2.491  ;   0.141  ; RF ; CELL ; 1      ; IOPLL_X281_Y0_N303                          ; IOPLL                      ; local_mem_wrapper|mem_ss_top|mem_ss_sv|mem_ss|mem_ss|emif_0|emif_0|arch|arch_inst|pll_inst|pll_inst~vco_refclk                                                                                               ;
;   2.498  ;   0.007  ; FR ; CELL ; 1      ; IOPLL_X281_Y0_N303                          ; IOPLL                      ; local_mem_wrapper|mem_ss_top|mem_ss_sv|mem_ss|mem_ss|emif_0|emif_0|arch|arch_inst|pll_inst|pll_inst~vctrl                                                                                                    ;
;   1.724  ;   -0.774 ; RR ; COMP ; 1      ; IOPLL_X281_Y0_N303                          ; IOPLL                      ; local_mem_wrapper|mem_ss_top|mem_ss_sv|mem_ss|mem_ss|emif_0|emif_0|arch|arch_inst|pll_inst|pll_inst~vcoph[0]                                                                                                 ;
;   1.724  ;   0.000  ; RR ; CELL ; 10     ; IOPLL_X281_Y0_N303                          ; IOPLL                      ; local_mem_wrapper|mem_ss_top|mem_ss_sv|mem_ss|mem_ss|emif_0|emif_0|arch|arch_inst|pll_inst|pll_inst|vcoph[0]                                                                                                 ;
;   1.724  ;   0.000  ; RR ; CELL ; 3      ; TILECTRL_X281_Y0_N298                       ; I/O tile control logic     ; local_mem_wrapper|mem_ss_top|mem_ss_sv|mem_ss|mem_ss|emif_0|emif_0|arch|arch_inst|io_tiles_wrap_inst|io_tiles_inst|tile_gen[1].tile_ctrl_inst|pll_vco_in[0]                                                  ;
;   -0.781 ;   -2.505 ; RR ; COMP ; 1      ; TILECTRL_X281_Y0_N298                       ; I/O tile control logic     ; local_mem_wrapper|mem_ss_top|mem_ss_sv|mem_ss|mem_ss|emif_0|emif_0|arch|arch_inst|io_tiles_wrap_inst|io_tiles_inst|tile_gen[1].tile_ctrl_inst|pa_core_clk_out[0]                                             ;
;   -0.126 ;   0.655  ; RR ; CELL ; 16258  ; TILECTRL_X281_Y0_N298                       ; I/O tile control logic     ; local_mem_wrapper|mem_ss_top|mem_ss_sv|mem_ss|mem_ss|emif_0|emif_0|arch|arch_inst|io_tiles_wrap_inst|io_tiles_inst|tile_gen[1].tile_ctrl_inst~fmio96fs_wr/m32_0_29__iophasealignment_to_dcm__core_clk_out[1] ;
;   -0.126 ;   0.000  ;    ; IC   ; 1      ; Boundary Port                               ; N/A                        ; afu_top|pg_afu.port_gasket|pr_slot|afu_main|ext_mem_if[0].clk|input                                                                                                                                          ;
;   -0.126 ;   0.000  ; RR ; CELL ; 105325 ; Boundary Port                               ; N/A                        ; afu_top|pg_afu.port_gasket|pr_slot|afu_main|ext_mem_if[0].clk                                                                                                                                                ;
;   -0.126 ;   0.000  ; RR ; RE   ; 1      ; TILECTRL_X281_Y0_N298                       ; I/O tile control logic     ; TILE_CTRL                                                                                                                                                                                                    ;
;   -0.054 ;   0.072  ; RR ; RE   ; 1      ; IO96FSWRRE_X280_Y0_N0_I3537                 ; IO96FS_WR_RE               ; IO96FS_WR_RE                                                                                                                                                                                                 ;
;   0.040  ;   0.094  ; RR ; RE   ; 1      ; DCM_mux_X307_Y2_N0_I29                      ; DCM_mux                    ; CC_DCM_GMUX_RE                                                                                                                                                                                               ;
;   0.118  ;   0.078  ; RR ; RE   ; 1      ; IO_P2C_RE_X280_Y2_N150_I75                  ; IO_P2C_RE                  ; IO_P2C_RE                                                                                                                                                                                                    ;
;   0.138  ;   0.020  ; RR ; RE   ; 1      ; IO_P2C_RE_X280_Y2_N150_I26                  ; IO_P2C_RE                  ; IO_P2C_RE                                                                                                                                                                                                    ;
;   0.189  ;   0.051  ; RR ; RE   ; 1      ; Switchbox_clock_mux_X280_Y2_N0_I197         ; Switchbox_clock_mux        ; CLOCK_SEGMENT_MUX                                                                                                                                                                                            ;
;   0.289  ;   0.100  ; RR ; RE   ; 1      ; Switchbox_clock_mux_X280_Y2_N0_I105         ; Switchbox_clock_mux        ; CLOCK_SEGMENT_MUX                                                                                                                                                                                            ;
;   0.323  ;   0.034  ; RF ; RE   ; 1      ; Vertical_seam_tap_mux_X280_Y23_N0_I165      ; Vertical_seam_tap_mux      ; CLOCK_SEGMENT_TAP_MUX                                                                                                                                                                                        ;
;   0.382  ;   0.059  ; FR ; RE   ; 1      ; Vertical_seam_tap_mux_X280_Y23_N0_I53       ; Vertical_seam_tap_mux      ; CLOCK_SEGMENT_TAP_MUX                                                                                                                                                                                        ;
;   0.430  ;   0.048  ; RR ; RE   ; 1      ; Switchbox_clock_mux_X280_Y43_N0_I197        ; Switchbox_clock_mux        ; CLOCK_SEGMENT_MUX                                                                                                                                                                                            ;
;   0.530  ;   0.100  ; RR ; RE   ; 1      ; Switchbox_clock_mux_X280_Y43_N0_I105        ; Switchbox_clock_mux        ; CLOCK_SEGMENT_MUX                                                                                                                                                                                            ;
;   0.564  ;   0.034  ; RF ; RE   ; 1      ; Vertical_seam_tap_mux_X280_Y64_N0_I165      ; Vertical_seam_tap_mux      ; CLOCK_SEGMENT_TAP_MUX                                                                                                                                                                                        ;
;   0.623  ;   0.059  ; FR ; RE   ; 1      ; Vertical_seam_tap_mux_X280_Y64_N0_I53       ; Vertical_seam_tap_mux      ; CLOCK_SEGMENT_TAP_MUX                                                                                                                                                                                        ;
;   0.671  ;   0.048  ; RR ; RE   ; 1      ; Switchbox_clock_mux_X280_Y84_N0_I197        ; Switchbox_clock_mux        ; CLOCK_SEGMENT_MUX                                                                                                                                                                                            ;
;   0.763  ;   0.092  ; RR ; RE   ; 1      ; Switchbox_clock_mux_X280_Y84_N0_I105        ; Switchbox_clock_mux        ; CLOCK_SEGMENT_MUX                                                                                                                                                                                            ;
;   0.798  ;   0.035  ; RF ; RE   ; 1      ; Vertical_seam_tap_mux_X280_Y105_N0_I165     ; Vertical_seam_tap_mux      ; CLOCK_SEGMENT_TAP_MUX                                                                                                                                                                                        ;
;   0.857  ;   0.059  ; FR ; RE   ; 1      ; Vertical_seam_tap_mux_X280_Y105_N0_I53      ; Vertical_seam_tap_mux      ; CLOCK_SEGMENT_TAP_MUX                                                                                                                                                                                        ;
;   0.905  ;   0.048  ; RR ; RE   ; 1      ; Switchbox_clock_mux_X280_Y125_N0_I197       ; Switchbox_clock_mux        ; CLOCK_SEGMENT_MUX                                                                                                                                                                                            ;
;   0.997  ;   0.092  ; RR ; RE   ; 1      ; Switchbox_clock_mux_X280_Y125_N0_I105       ; Switchbox_clock_mux        ; CLOCK_SEGMENT_MUX                                                                                                                                                                                            ;
;   1.031  ;   0.034  ; RF ; RE   ; 1      ; Vertical_seam_tap_mux_X280_Y146_N0_I165     ; Vertical_seam_tap_mux      ; CLOCK_SEGMENT_TAP_MUX                                                                                                                                                                                        ;
;   1.090  ;   0.059  ; FR ; RE   ; 1      ; Vertical_seam_tap_mux_X280_Y146_N0_I53      ; Vertical_seam_tap_mux      ; CLOCK_SEGMENT_TAP_MUX                                                                                                                                                                                        ;
;   1.139  ;   0.049  ; RR ; RE   ; 1      ; Switchbox_clock_mux_X280_Y166_N0_I197       ; Switchbox_clock_mux        ; CLOCK_SEGMENT_MUX                                                                                                                                                                                            ;
;   1.350  ;   0.211  ; RR ; RE   ; 1      ; Switchbox_clock_mux_X280_Y166_N0_I106       ; Switchbox_clock_mux        ; CLOCK_SEGMENT_MUX                                                                                                                                                                                            ;
;   1.400  ;   0.050  ; RR ; RE   ; 1      ; Switchbox_clock_mux_X226_Y166_N0_I229       ; Switchbox_clock_mux        ; CLOCK_SEGMENT_MUX                                                                                                                                                                                            ;
;   1.449  ;   0.049  ; RR ; RE   ; 2      ; Switchbox_clock_mux_X226_Y166_N0_I153       ; Switchbox_clock_mux        ; CLOCK_SEGMENT_MUX                                                                                                                                                                                            ;
;   1.543  ;   0.094  ; RR ; RE   ; 1      ; Switchbox_clock_mux_X226_Y166_N0_I103       ; Switchbox_clock_mux        ; CLOCK_SEGMENT_MUX                                                                                                                                                                                            ;
;   1.577  ;   0.034  ; RF ; RE   ; 1      ; Vertical_seam_tap_mux_X226_Y146_N0_I134     ; Vertical_seam_tap_mux      ; CLOCK_SEGMENT_TAP_MUX                                                                                                                                                                                        ;
;   1.636  ;   0.059  ; FR ; RE   ; 1      ; Vertical_seam_tap_mux_X226_Y146_N0_I50      ; Vertical_seam_tap_mux      ; CLOCK_SEGMENT_TAP_MUX                                                                                                                                                                                        ;
;   1.687  ;   0.051  ; RR ; RE   ; 1      ; Switchbox_clock_mux_X226_Y125_N0_I166       ; Switchbox_clock_mux        ; CLOCK_SEGMENT_MUX                                                                                                                                                                                            ;
;   1.781  ;   0.094  ; RR ; RE   ; 1      ; Switchbox_clock_mux_X226_Y125_N0_I103       ; Switchbox_clock_mux        ; CLOCK_SEGMENT_MUX                                                                                                                                                                                            ;
;   1.815  ;   0.034  ; RF ; RE   ; 1      ; Vertical_seam_tap_mux_X226_Y105_N0_I134     ; Vertical_seam_tap_mux      ; CLOCK_SEGMENT_TAP_MUX                                                                                                                                                                                        ;
;   1.875  ;   0.060  ; FR ; RE   ; 1      ; Vertical_seam_tap_mux_X226_Y105_N0_I50      ; Vertical_seam_tap_mux      ; CLOCK_SEGMENT_TAP_MUX                                                                                                                                                                                        ;
;   1.926  ;   0.051  ; RR ; RE   ; 2      ; Switchbox_clock_mux_X226_Y84_N0_I166        ; Switchbox_clock_mux        ; CLOCK_SEGMENT_MUX                                                                                                                                                                                            ;
;   2.147  ;   0.221  ; RR ; RE   ; 1      ; Switchbox_clock_mux_X226_Y84_N0_I102        ; Switchbox_clock_mux        ; CLOCK_SEGMENT_MUX                                                                                                                                                                                            ;
;   2.198  ;   0.051  ; RR ; RE   ; 1      ; Switchbox_clock_mux_X280_Y84_N0_I230        ; Switchbox_clock_mux        ; CLOCK_SEGMENT_MUX                                                                                                                                                                                            ;
;   2.407  ;   0.209  ; RR ; RE   ; 1      ; Switchbox_clock_mux_X280_Y84_N0_I100        ; Switchbox_clock_mux        ; CLOCK_SEGMENT_MUX                                                                                                                                                                                            ;
;   2.458  ;   0.051  ; RR ; RE   ; 2      ; Switchbox_clock_mux_X334_Y84_N0_I230        ; Switchbox_clock_mux        ; CLOCK_SEGMENT_MUX                                                                                                                                                                                            ;
;   2.552  ;   0.094  ; RR ; RE   ; 1      ; Switchbox_clock_mux_X334_Y84_N0_I103        ; Switchbox_clock_mux        ; CLOCK_SEGMENT_MUX                                                                                                                                                                                            ;
;   2.586  ;   0.034  ; RF ; RE   ; 1      ; Vertical_seam_tap_mux_X334_Y64_N0_I134      ; Vertical_seam_tap_mux      ; CLOCK_SEGMENT_TAP_MUX                                                                                                                                                                                        ;
;   2.645  ;   0.059  ; FR ; RE   ; 1      ; Vertical_seam_tap_mux_X334_Y64_N0_I50       ; Vertical_seam_tap_mux      ; CLOCK_SEGMENT_TAP_MUX                                                                                                                                                                                        ;
;   2.695  ;   0.050  ; RR ; RE   ; 2      ; Switchbox_clock_mux_X334_Y43_N0_I166        ; Switchbox_clock_mux        ; CLOCK_SEGMENT_MUX                                                                                                                                                                                            ;
;   2.915  ;   0.220  ; RR ; RE   ; 1      ; Switchbox_clock_mux_X334_Y43_N0_I102        ; Switchbox_clock_mux        ; CLOCK_SEGMENT_MUX                                                                                                                                                                                            ;
;   2.967  ;   0.052  ; RR ; RE   ; 2      ; Switchbox_clock_mux_X280_Y43_N0_I262        ; Switchbox_clock_mux        ; CLOCK_SEGMENT_MUX                                                                                                                                                                                            ;
;   3.066  ;   0.099  ; RR ; RE   ; 1      ; Switchbox_clock_mux_X280_Y43_N0_I101        ; Switchbox_clock_mux        ; CLOCK_SEGMENT_MUX                                                                                                                                                                                            ;
;   3.114  ;   0.048  ; RR ; RE   ; 2      ; Vertical_seam_tap_mux_X280_Y64_N0_I166      ; Vertical_seam_tap_mux      ; CLOCK_SEGMENT_TAP_MUX                                                                                                                                                                                        ;
;   3.211  ;   0.097  ; RR ; RE   ; 1      ; Vertical_seam_tap_mux_X280_Y64_N0_I115      ; Vertical_seam_tap_mux      ; CLOCK_SEGMENT_TAP_MUX                                                                                                                                                                                        ;
;   3.345  ;   0.134  ; RR ; RE   ; 1      ; SPINE_TAP_RE_X253_Y64_N103_I89              ; SPINE_TAP_RE               ; SPINE_TAP_RE                                                                                                                                                                                                 ;
;   3.362  ;   0.017  ; RR ; RE   ; 41     ; SPINE_TAP_RE_X253_Y64_N103_I25              ; SPINE_TAP_RE               ; SPINE_TAP_RE                                                                                                                                                                                                 ;
;   3.649  ;   0.287  ; RR ; RE   ; 2      ; SCLKMUX_RE_X253_Y69_N188_I25                ; SCLKMUX_RE                 ; SCLKMUX_RE                                                                                                                                                                                                   ;
;   3.668  ;   0.019  ; RR ; RE   ; 17     ; SCLKMUX_RE_X253_Y69_N188_I40                ; SCLKMUX_RE                 ; SCLKMUX_RE                                                                                                                                                                                                   ;
;   3.708  ;   0.040  ; RR ; RE   ; 2      ; ROWCLK_TAPOFF_X258_Y69_N0_I3                ; Row Clock Tap-Off          ; ROWCLK_TAPOFF                                                                                                                                                                                                ;
;   3.752  ;   0.044  ; RR ; RE   ; 1      ; GLOBAL_LOCAL_SEL_X258_Y69_N0_I2             ; GLOBAL_LOCAL_SEL           ; GLOBAL_LOCAL_SEL                                                                                                                                                                                             ;
;   3.778  ;   0.026  ; RR ; RE   ; 1      ; RPII_X258_Y69_N0_I2                         ; Programmable Invert Input  ; RPII                                                                                                                                                                                                         ;
;   3.778  ;   0.000  ; RR ; RE   ; 1      ; RPI_X258_Y69_N0_I2                          ; Programmable Invert        ; RPI                                                                                                                                                                                                          ;
;   3.778  ;   0.000  ; RR ; RE   ; 16     ; LAB_RE_X258_Y69_N0_I83                      ; LAB_RE                     ; clka                                                                                                                                                                                                         ;
;   3.778  ;   0.000  ; RR ; RE   ; 1      ; LAB_RE_X258_Y69_N0_I150                     ; LAB_RE                     ; LAB_RE                                                                                                                                                                                                       ;
;   3.778  ;   0.000  ; RR ; RE   ; 14     ; LEIMCLKALE_X258_Y69_N0_I0                   ; LEIMCLKALE                 ; LEIMCLKALE                                                                                                                                                                                                   ;
;   3.778  ;   0.000  ; RR ; RE   ; 1      ; HYPERFLEX_CLK_M_MUX_X258_Y69_N0_I50         ; Hyperflex clocking network ; HIPI_M_MUX                                                                                                                                                                                                   ;
;   3.778  ;   0.000  ;    ; IC   ; 1      ; BLOCK_INPUT_MUX_PASSTHROUGH_X258_Y69_N0_I45 ; Hyper-Register             ; afu_top|pg_afu.port_gasket|pr_slot|afu_main|port_afu_instances|ofs_plat_afu|core|dma|csr_mgr_inst|i919~42xsyn_49_BLOCK_INPUT_MUX_PASSTHROUGH_X258_Y69_N0_I45_dff|clk                                         ;
;   3.778  ;   0.000  ; RR ; CELL ; 1      ; BLOCK_INPUT_MUX_PASSTHROUGH_X258_Y69_N0_I45 ; Hyper-Register             ; afu_top|pg_afu.port_gasket|pr_slot|afu_main|port_afu_instances|ofs_plat_afu|core|dma|csr_mgr_inst|i919~42xsyn_49_BLOCK_INPUT_MUX_PASSTHROUGH_X258_Y69_N0_I45_dff                                             ;
;   2.761  ;   -1.017 ;    ;      ;        ;                                             ;                            ; clock pessimism removed                                                                                                                                                                                      ;
;   2.753  ;   -0.008 ;    ;      ;        ;                                             ;                            ; advanced clock effects                                                                                                                                                                                       ;
; 2.753    ; 0.000    ;    ;      ;        ;                                             ;                            ; clock uncertainty                                                                                                                                                                                            ;
; 2.920    ; 0.167    ;    ; uTh  ; 1      ; BLOCK_INPUT_MUX_PASSTHROUGH_X258_Y69_N0_I45 ; Hyper-Register             ; afu_top|pg_afu.port_gasket|pr_slot|afu_main|port_afu_instances|ofs_plat_afu|core|dma|csr_mgr_inst|i919~42xsyn_49_BLOCK_INPUT_MUX_PASSTHROUGH_X258_Y69_N0_I45_dff                                             ;
+----------+----------+----+------+--------+---------------------------------------------+----------------------------+--------------------------------------------------------------------------------------------------------------------------------------------------------------------------------------------------------------+


Path #3: Hold slack is 0.660 
===============================================================================
+-----------------------------------------------------------------------------------------------------------------------------------------------------------------------------------------------------+
; Path Summary                                                                                                                                                                                        ;
+---------------------------------+-------------------------------------------------------------------------------------------------------------------------------------------------------------------+
; Property                        ; Value                                                                                                                                                             ;
+---------------------------------+-------------------------------------------------------------------------------------------------------------------------------------------------------------------+
; From Node                       ; afu_top|pg_afu.port_gasket|pr_slot|afu_main|port_afu_instances|ofs_plat_afu|core|dma|csr_mgr_inst|dst_last_q[57]~SCLR_dff                                         ;
; To Node                         ; afu_top|pg_afu.port_gasket|pr_slot|afu_main|port_afu_instances|ofs_plat_afu|core|dma|csr_mgr_inst|Select_0~10xsyn_BLOCK_INPUT_MUX_PASSTHROUGH_X258_Y70_N0_I61_dff ;
; Launch Clock                    ; local_mem_wrapper|mem_ss_top|mem_ss_sv|mem_ss|mem_ss|emif_0|emif_0_core_usr_clk                                                                                   ;
; Latch Clock                     ; local_mem_wrapper|mem_ss_top|mem_ss_sv|mem_ss|mem_ss|emif_0|emif_0_core_usr_clk                                                                                   ;
; SDC Exception                   ; No SDC Exception on Path                                                                                                                                          ;
; Data Arrival Time               ; 3.584                                                                                                                                                             ;
; Data Required Time              ; 2.924                                                                                                                                                             ;
; Slack                           ; 0.660                                                                                                                                                             ;
; Worst-Case Operating Conditions ; Slow vid2b 100C Model                                                                                                                                             ;
+---------------------------------+-------------------------------------------------------------------------------------------------------------------------------------------------------------------+

+-------------------------------------------------------------------------------------+
; Statistics                                                                          ;
+------------------------+-------+-------+-------------+------------+--------+--------+
; Property               ; Value ; Count ; Total Delay ; % of Total ; Min    ; Max    ;
+------------------------+-------+-------+-------------+------------+--------+--------+
; Hold Relationship      ; 0.000 ;       ;             ;            ;        ;        ;
; Clock Skew             ; 0.071 ;       ;             ;            ;        ;        ;
; Data Delay             ; 0.899 ;       ;             ;            ;        ;        ;
; Number of Logic Levels ;       ; 3     ;             ;            ;        ;        ;
; Physical Delays        ;       ;       ;             ;            ;        ;        ;
;  Arrival Path          ;       ;       ;             ;            ;        ;        ;
;   Clock                ;       ;       ;             ;            ;        ;        ;
;    IC                  ;       ; 3     ; 0.000       ; 0          ; 0.000  ; 0.000  ;
;    Cell                ;       ; 15    ; 2.752       ; 44         ; 0.000  ; 0.834  ;
;    PLL Compensation    ;       ; 2     ; -3.572      ; 0          ; -2.692 ; -0.880 ;
;    Routing Element     ;       ; 55    ; 3.505       ; 56         ; 0.000  ; 0.251  ;
;   Data                 ;       ;       ;             ;            ;        ;        ;
;    IC                  ;       ; 4     ; 0.000       ; 0          ; 0.000  ; 0.000  ;
;    Cell                ;       ; 6     ; 0.290       ; 32         ; 0.000  ; 0.098  ;
;    uTco                ;       ; 1     ; 0.218       ; 24         ; 0.218  ; 0.218  ;
;    Routing Element     ;       ; 23    ; 0.391       ; 43         ; 0.000  ; 0.047  ;
;  Required Path         ;       ;       ;             ;            ;        ;        ;
;   Clock                ;       ;       ;             ;            ;        ;        ;
;    IC                  ;       ; 3     ; 0.000       ; 0          ; 0.000  ; 0.000  ;
;    Cell                ;       ; 15    ; 3.153       ; 45         ; 0.000  ; 0.980  ;
;    PLL Compensation    ;       ; 2     ; -3.279      ; 0          ; -2.505 ; -0.774 ;
;    Routing Element     ;       ; 58    ; 3.907       ; 55         ; 0.000  ; 0.288  ;
+------------------------+-------+-------+-------------+------------+--------+--------+
Note: Negative delays are omitted from totals when calculating percentages

+-----------------------------------------------------------------------------------------------------------------------------------------------------------------------------------------------------------------------------------------------------------------------------------------------------------------------------------+
; Data Arrival Path                                                                                                                                                                                                                                                                                                                 ;
+----------+----------+----+------+--------+---------------------------------------------+---------------------------+--------------------------------------------------------------------------------------------------------------------------------------------------------------------------------------------------------------+
; Total    ; Incr     ; RF ; Type ; Fanout ; Location                                    ; Element Type              ; Element                                                                                                                                                                                                      ;
+----------+----------+----+------+--------+---------------------------------------------+---------------------------+--------------------------------------------------------------------------------------------------------------------------------------------------------------------------------------------------------------+
; 0.000    ; 0.000    ;    ;      ;        ;                                             ;                           ; launch edge time                                                                                                                                                                                             ;
; 2.685    ; 2.685    ;    ;      ;        ;                                             ;                           ; clock path                                                                                                                                                                                                   ;
;   0.000  ;   0.000  ;    ;      ;        ;                                             ;                           ; source latency                                                                                                                                                                                               ;
;   0.000  ;   0.000  ;    ;      ; 1      ; PIN_HF23                                    ; I/O pad                   ; ddr4_mem_ref_clk[0].clk                                                                                                                                                                                      ;
;   0.000  ;   0.000  ;    ; IC   ; 1      ; IOIBUF_X280_Y0_N376                         ; I/O input buffer          ; ddr4_mem_ref_clk[0].clk~input|i                                                                                                                                                                              ;
;   0.129  ;   0.129  ; RR ; CELL ; 2      ; IOIBUF_X280_Y0_N376                         ; I/O input buffer          ; ddr4_mem_ref_clk[0].clk~input|o                                                                                                                                                                              ;
;   0.963  ;   0.834  ; RR ; CELL ; 1      ; REFCLKINPUT_X281_Y0_N301                    ; I/O reference clock tree  ; local_mem_wrapper|mem_ss_top|mem_ss_sv|mem_ss|mem_ss|emif_0|emif_0|arch|arch_inst|pll_inst|pll_inst~refclk|ref_clk_in                                                                                        ;
;   1.121  ;   0.158  ; RR ; CELL ; 3      ; REFCLKINPUT_X281_Y0_N301                    ; I/O reference clock tree  ; local_mem_wrapper|mem_ss_top|mem_ss_sv|mem_ss|mem_ss|emif_0|emif_0|arch|arch_inst|pll_inst|pll_inst~refclk|ref0_to_btm                                                                                       ;
;   1.547  ;   0.426  ; RR ; CELL ; 1      ; REFCLKINPUT_X281_Y0_N301                    ; I/O reference clock tree  ; local_mem_wrapper|mem_ss_top|mem_ss_sv|mem_ss|mem_ss|emif_0|emif_0|arch|arch_inst|pll_inst|pll_inst~refclk|clk_out                                                                                           ;
;   1.547  ;   0.000  ; RR ; CELL ; 1      ; IOPLL_X281_Y0_N303                          ; IOPLL                     ; local_mem_wrapper|mem_ss_top|mem_ss_sv|mem_ss|mem_ss|emif_0|emif_0|arch|arch_inst|pll_inst|pll_inst|pll_cascade_in                                                                                           ;
;   1.731  ;   0.184  ; RR ; CELL ; 2      ; IOPLL_X281_Y0_N303                          ; IOPLL                     ; local_mem_wrapper|mem_ss_top|mem_ss_sv|mem_ss|mem_ss|emif_0|emif_0|arch|arch_inst|pll_inst|pll_inst~fmio96fs_wr/x0/fmio96_core_inst/fmio48tile_top/x5/u4_3/x0/xiopll_custom/xclkin_sw/xpm_pll_so/clk[0]      ;
;   1.898  ;   0.167  ; RR ; CELL ; 2      ; IOPLL_X281_Y0_N303                          ; IOPLL                     ; local_mem_wrapper|mem_ss_top|mem_ss_sv|mem_ss|mem_ss|emif_0|emif_0|arch|arch_inst|pll_inst|pll_inst~fmio96fs_wr/x0/fmio96_core_inst/fmio48tile_top/x5/u4_3/x0/xiopll_custom/xiopll_core/xncnt_iopll/clk      ;
;   2.051  ;   0.153  ; RR ; CELL ; 3      ; IOPLL_X281_Y0_N303                          ; IOPLL                     ; local_mem_wrapper|mem_ss_top|mem_ss_sv|mem_ss|mem_ss|emif_0|emif_0|arch|arch_inst|pll_inst|pll_inst~pllnout                                                                                                  ;
;   2.172  ;   0.121  ; RF ; CELL ; 1      ; IOPLL_X281_Y0_N303                          ; IOPLL                     ; local_mem_wrapper|mem_ss_top|mem_ss_sv|mem_ss|mem_ss|emif_0|emif_0|arch|arch_inst|pll_inst|pll_inst~vco_refclk                                                                                               ;
;   2.176  ;   0.004  ; FR ; CELL ; 1      ; IOPLL_X281_Y0_N303                          ; IOPLL                     ; local_mem_wrapper|mem_ss_top|mem_ss_sv|mem_ss|mem_ss|emif_0|emif_0|arch|arch_inst|pll_inst|pll_inst~vctrl                                                                                                    ;
;   1.296  ;   -0.880 ; RR ; COMP ; 1      ; IOPLL_X281_Y0_N303                          ; IOPLL                     ; local_mem_wrapper|mem_ss_top|mem_ss_sv|mem_ss|mem_ss|emif_0|emif_0|arch|arch_inst|pll_inst|pll_inst~vcoph[0]                                                                                                 ;
;   1.296  ;   0.000  ; RR ; CELL ; 10     ; IOPLL_X281_Y0_N303                          ; IOPLL                     ; local_mem_wrapper|mem_ss_top|mem_ss_sv|mem_ss|mem_ss|emif_0|emif_0|arch|arch_inst|pll_inst|pll_inst|vcoph[0]                                                                                                 ;
;   1.296  ;   0.000  ; RR ; CELL ; 3      ; TILECTRL_X281_Y0_N298                       ; I/O tile control logic    ; local_mem_wrapper|mem_ss_top|mem_ss_sv|mem_ss|mem_ss|emif_0|emif_0|arch|arch_inst|io_tiles_wrap_inst|io_tiles_inst|tile_gen[1].tile_ctrl_inst|pll_vco_in[0]                                                  ;
;   -1.396 ;   -2.692 ; RR ; COMP ; 1      ; TILECTRL_X281_Y0_N298                       ; I/O tile control logic    ; local_mem_wrapper|mem_ss_top|mem_ss_sv|mem_ss|mem_ss|emif_0|emif_0|arch|arch_inst|io_tiles_wrap_inst|io_tiles_inst|tile_gen[1].tile_ctrl_inst|pa_core_clk_out[0]                                             ;
;   -0.820 ;   0.576  ; RR ; CELL ; 16258  ; TILECTRL_X281_Y0_N298                       ; I/O tile control logic    ; local_mem_wrapper|mem_ss_top|mem_ss_sv|mem_ss|mem_ss|emif_0|emif_0|arch|arch_inst|io_tiles_wrap_inst|io_tiles_inst|tile_gen[1].tile_ctrl_inst~fmio96fs_wr/m32_0_29__iophasealignment_to_dcm__core_clk_out[1] ;
;   -0.820 ;   0.000  ;    ; IC   ; 1      ; Boundary Port                               ; N/A                       ; afu_top|pg_afu.port_gasket|pr_slot|afu_main|ext_mem_if[0].clk|input                                                                                                                                          ;
;   -0.820 ;   0.000  ; RR ; CELL ; 105325 ; Boundary Port                               ; N/A                       ; afu_top|pg_afu.port_gasket|pr_slot|afu_main|ext_mem_if[0].clk                                                                                                                                                ;
;   -0.820 ;   0.000  ; RR ; RE   ; 1      ; TILECTRL_X281_Y0_N298                       ; I/O tile control logic    ; TILE_CTRL                                                                                                                                                                                                    ;
;   -0.756 ;   0.064  ; RR ; RE   ; 1      ; IO96FSWRRE_X280_Y0_N0_I3537                 ; IO96FS_WR_RE              ; IO96FS_WR_RE                                                                                                                                                                                                 ;
;   -0.670 ;   0.086  ; RR ; RE   ; 1      ; DCM_mux_X307_Y2_N0_I29                      ; DCM_mux                   ; CC_DCM_GMUX_RE                                                                                                                                                                                               ;
;   -0.601 ;   0.069  ; RR ; RE   ; 1      ; IO_P2C_RE_X280_Y2_N150_I75                  ; IO_P2C_RE                 ; IO_P2C_RE                                                                                                                                                                                                    ;
;   -0.582 ;   0.019  ; RR ; RE   ; 1      ; IO_P2C_RE_X280_Y2_N150_I26                  ; IO_P2C_RE                 ; IO_P2C_RE                                                                                                                                                                                                    ;
;   -0.536 ;   0.046  ; RR ; RE   ; 1      ; Switchbox_clock_mux_X280_Y2_N0_I197         ; Switchbox_clock_mux       ; CLOCK_SEGMENT_MUX                                                                                                                                                                                            ;
;   -0.445 ;   0.091  ; RR ; RE   ; 1      ; Switchbox_clock_mux_X280_Y2_N0_I105         ; Switchbox_clock_mux       ; CLOCK_SEGMENT_MUX                                                                                                                                                                                            ;
;   -0.415 ;   0.030  ; RF ; RE   ; 1      ; Vertical_seam_tap_mux_X280_Y23_N0_I165      ; Vertical_seam_tap_mux     ; CLOCK_SEGMENT_TAP_MUX                                                                                                                                                                                        ;
;   -0.360 ;   0.055  ; FR ; RE   ; 1      ; Vertical_seam_tap_mux_X280_Y23_N0_I53       ; Vertical_seam_tap_mux     ; CLOCK_SEGMENT_TAP_MUX                                                                                                                                                                                        ;
;   -0.317 ;   0.043  ; RR ; RE   ; 1      ; Switchbox_clock_mux_X280_Y43_N0_I197        ; Switchbox_clock_mux       ; CLOCK_SEGMENT_MUX                                                                                                                                                                                            ;
;   -0.226 ;   0.091  ; RR ; RE   ; 1      ; Switchbox_clock_mux_X280_Y43_N0_I105        ; Switchbox_clock_mux       ; CLOCK_SEGMENT_MUX                                                                                                                                                                                            ;
;   -0.196 ;   0.030  ; RF ; RE   ; 1      ; Vertical_seam_tap_mux_X280_Y64_N0_I165      ; Vertical_seam_tap_mux     ; CLOCK_SEGMENT_TAP_MUX                                                                                                                                                                                        ;
;   -0.141 ;   0.055  ; FR ; RE   ; 1      ; Vertical_seam_tap_mux_X280_Y64_N0_I53       ; Vertical_seam_tap_mux     ; CLOCK_SEGMENT_TAP_MUX                                                                                                                                                                                        ;
;   -0.098 ;   0.043  ; RR ; RE   ; 1      ; Switchbox_clock_mux_X280_Y84_N0_I197        ; Switchbox_clock_mux       ; CLOCK_SEGMENT_MUX                                                                                                                                                                                            ;
;   -0.014 ;   0.084  ; RR ; RE   ; 1      ; Switchbox_clock_mux_X280_Y84_N0_I105        ; Switchbox_clock_mux       ; CLOCK_SEGMENT_MUX                                                                                                                                                                                            ;
;   0.017  ;   0.031  ; RF ; RE   ; 1      ; Vertical_seam_tap_mux_X280_Y105_N0_I165     ; Vertical_seam_tap_mux     ; CLOCK_SEGMENT_TAP_MUX                                                                                                                                                                                        ;
;   0.071  ;   0.054  ; FR ; RE   ; 1      ; Vertical_seam_tap_mux_X280_Y105_N0_I53      ; Vertical_seam_tap_mux     ; CLOCK_SEGMENT_TAP_MUX                                                                                                                                                                                        ;
;   0.114  ;   0.043  ; RR ; RE   ; 1      ; Switchbox_clock_mux_X280_Y125_N0_I197       ; Switchbox_clock_mux       ; CLOCK_SEGMENT_MUX                                                                                                                                                                                            ;
;   0.198  ;   0.084  ; RR ; RE   ; 1      ; Switchbox_clock_mux_X280_Y125_N0_I105       ; Switchbox_clock_mux       ; CLOCK_SEGMENT_MUX                                                                                                                                                                                            ;
;   0.229  ;   0.031  ; RF ; RE   ; 1      ; Vertical_seam_tap_mux_X280_Y146_N0_I165     ; Vertical_seam_tap_mux     ; CLOCK_SEGMENT_TAP_MUX                                                                                                                                                                                        ;
;   0.283  ;   0.054  ; FR ; RE   ; 1      ; Vertical_seam_tap_mux_X280_Y146_N0_I53      ; Vertical_seam_tap_mux     ; CLOCK_SEGMENT_TAP_MUX                                                                                                                                                                                        ;
;   0.326  ;   0.043  ; RR ; RE   ; 1      ; Switchbox_clock_mux_X280_Y166_N0_I197       ; Switchbox_clock_mux       ; CLOCK_SEGMENT_MUX                                                                                                                                                                                            ;
;   0.520  ;   0.194  ; RR ; RE   ; 1      ; Switchbox_clock_mux_X280_Y166_N0_I106       ; Switchbox_clock_mux       ; CLOCK_SEGMENT_MUX                                                                                                                                                                                            ;
;   0.565  ;   0.045  ; RR ; RE   ; 1      ; Switchbox_clock_mux_X226_Y166_N0_I229       ; Switchbox_clock_mux       ; CLOCK_SEGMENT_MUX                                                                                                                                                                                            ;
;   0.608  ;   0.043  ; RR ; RE   ; 2      ; Switchbox_clock_mux_X226_Y166_N0_I153       ; Switchbox_clock_mux       ; CLOCK_SEGMENT_MUX                                                                                                                                                                                            ;
;   0.693  ;   0.085  ; RR ; RE   ; 1      ; Switchbox_clock_mux_X226_Y166_N0_I103       ; Switchbox_clock_mux       ; CLOCK_SEGMENT_MUX                                                                                                                                                                                            ;
;   0.724  ;   0.031  ; RF ; RE   ; 1      ; Vertical_seam_tap_mux_X226_Y146_N0_I134     ; Vertical_seam_tap_mux     ; CLOCK_SEGMENT_TAP_MUX                                                                                                                                                                                        ;
;   0.779  ;   0.055  ; FR ; RE   ; 1      ; Vertical_seam_tap_mux_X226_Y146_N0_I50      ; Vertical_seam_tap_mux     ; CLOCK_SEGMENT_TAP_MUX                                                                                                                                                                                        ;
;   0.824  ;   0.045  ; RR ; RE   ; 1      ; Switchbox_clock_mux_X226_Y125_N0_I166       ; Switchbox_clock_mux       ; CLOCK_SEGMENT_MUX                                                                                                                                                                                            ;
;   0.910  ;   0.086  ; RR ; RE   ; 1      ; Switchbox_clock_mux_X226_Y125_N0_I103       ; Switchbox_clock_mux       ; CLOCK_SEGMENT_MUX                                                                                                                                                                                            ;
;   0.940  ;   0.030  ; RF ; RE   ; 1      ; Vertical_seam_tap_mux_X226_Y105_N0_I134     ; Vertical_seam_tap_mux     ; CLOCK_SEGMENT_TAP_MUX                                                                                                                                                                                        ;
;   0.996  ;   0.056  ; FR ; RE   ; 1      ; Vertical_seam_tap_mux_X226_Y105_N0_I50      ; Vertical_seam_tap_mux     ; CLOCK_SEGMENT_TAP_MUX                                                                                                                                                                                        ;
;   1.041  ;   0.045  ; RR ; RE   ; 2      ; Switchbox_clock_mux_X226_Y84_N0_I166        ; Switchbox_clock_mux       ; CLOCK_SEGMENT_MUX                                                                                                                                                                                            ;
;   1.244  ;   0.203  ; RR ; RE   ; 1      ; Switchbox_clock_mux_X226_Y84_N0_I102        ; Switchbox_clock_mux       ; CLOCK_SEGMENT_MUX                                                                                                                                                                                            ;
;   1.288  ;   0.044  ; RR ; RE   ; 1      ; Switchbox_clock_mux_X280_Y84_N0_I230        ; Switchbox_clock_mux       ; CLOCK_SEGMENT_MUX                                                                                                                                                                                            ;
;   1.481  ;   0.193  ; RR ; RE   ; 1      ; Switchbox_clock_mux_X280_Y84_N0_I100        ; Switchbox_clock_mux       ; CLOCK_SEGMENT_MUX                                                                                                                                                                                            ;
;   1.525  ;   0.044  ; RR ; RE   ; 2      ; Switchbox_clock_mux_X334_Y84_N0_I230        ; Switchbox_clock_mux       ; CLOCK_SEGMENT_MUX                                                                                                                                                                                            ;
;   1.611  ;   0.086  ; RR ; RE   ; 1      ; Switchbox_clock_mux_X334_Y84_N0_I103        ; Switchbox_clock_mux       ; CLOCK_SEGMENT_MUX                                                                                                                                                                                            ;
;   1.641  ;   0.030  ; RF ; RE   ; 1      ; Vertical_seam_tap_mux_X334_Y64_N0_I134      ; Vertical_seam_tap_mux     ; CLOCK_SEGMENT_TAP_MUX                                                                                                                                                                                        ;
;   1.696  ;   0.055  ; FR ; RE   ; 1      ; Vertical_seam_tap_mux_X334_Y64_N0_I50       ; Vertical_seam_tap_mux     ; CLOCK_SEGMENT_TAP_MUX                                                                                                                                                                                        ;
;   1.741  ;   0.045  ; RR ; RE   ; 2      ; Switchbox_clock_mux_X334_Y43_N0_I166        ; Switchbox_clock_mux       ; CLOCK_SEGMENT_MUX                                                                                                                                                                                            ;
;   1.942  ;   0.201  ; RR ; RE   ; 1      ; Switchbox_clock_mux_X334_Y43_N0_I102        ; Switchbox_clock_mux       ; CLOCK_SEGMENT_MUX                                                                                                                                                                                            ;
;   1.988  ;   0.046  ; RR ; RE   ; 2      ; Switchbox_clock_mux_X280_Y43_N0_I262        ; Switchbox_clock_mux       ; CLOCK_SEGMENT_MUX                                                                                                                                                                                            ;
;   2.079  ;   0.091  ; RR ; RE   ; 1      ; Switchbox_clock_mux_X280_Y43_N0_I101        ; Switchbox_clock_mux       ; CLOCK_SEGMENT_MUX                                                                                                                                                                                            ;
;   2.121  ;   0.042  ; RR ; RE   ; 2      ; Vertical_seam_tap_mux_X280_Y64_N0_I166      ; Vertical_seam_tap_mux     ; CLOCK_SEGMENT_TAP_MUX                                                                                                                                                                                        ;
;   2.210  ;   0.089  ; RR ; RE   ; 1      ; Vertical_seam_tap_mux_X280_Y64_N0_I115      ; Vertical_seam_tap_mux     ; CLOCK_SEGMENT_TAP_MUX                                                                                                                                                                                        ;
;   2.328  ;   0.118  ; RR ; RE   ; 1      ; SPINE_TAP_RE_X253_Y64_N103_I89              ; SPINE_TAP_RE              ; SPINE_TAP_RE                                                                                                                                                                                                 ;
;   2.338  ;   0.010  ; RR ; RE   ; 41     ; SPINE_TAP_RE_X253_Y64_N103_I25              ; SPINE_TAP_RE              ; SPINE_TAP_RE                                                                                                                                                                                                 ;
;   2.589  ;   0.251  ; RR ; RE   ; 2      ; SCLKMUX_RE_X253_Y67_N188_I25                ; SCLKMUX_RE                ; SCLKMUX_RE                                                                                                                                                                                                   ;
;   2.598  ;   0.009  ; RR ; RE   ; 16     ; SCLKMUX_RE_X253_Y67_N188_I40                ; SCLKMUX_RE                ; SCLKMUX_RE                                                                                                                                                                                                   ;
;   2.631  ;   0.033  ; RR ; RE   ; 1      ; ROWCLK_TAPOFF_X255_Y67_N0_I3                ; Row Clock Tap-Off         ; ROWCLK_TAPOFF                                                                                                                                                                                                ;
;   2.664  ;   0.033  ; RR ; RE   ; 1      ; GLOBAL_LOCAL_SEL_X255_Y67_N0_I2             ; GLOBAL_LOCAL_SEL          ; GLOBAL_LOCAL_SEL                                                                                                                                                                                             ;
;   2.685  ;   0.021  ; RR ; RE   ; 1      ; RPII_X255_Y67_N0_I2                         ; Programmable Invert Input ; RPII                                                                                                                                                                                                         ;
;   2.685  ;   0.000  ; RR ; RE   ; 1      ; RPI_X255_Y67_N0_I2                          ; Programmable Invert       ; RPI                                                                                                                                                                                                          ;
;   2.685  ;   0.000  ; RR ; RE   ; 25     ; LAB_RE_X255_Y67_N0_I83                      ; LAB_RE                    ; clka                                                                                                                                                                                                         ;
;   2.685  ;   0.000  ;    ; IC   ; 1      ; FF_X255_Y67_N75                             ; Hyper-Register            ; afu_top|pg_afu.port_gasket|pr_slot|afu_main|port_afu_instances|ofs_plat_afu|core|dma|csr_mgr_inst|dst_last_q[57]~SCLR_dff|clk                                                                                ;
;   2.685  ;   0.000  ; RR ; CELL ; 1      ; FF_X255_Y67_N75                             ; Hyper-Register            ; afu_top|pg_afu.port_gasket|pr_slot|afu_main|port_afu_instances|ofs_plat_afu|core|dma|csr_mgr_inst|dst_last_q[57]~SCLR_dff                                                                                    ;
; 3.584    ; 0.899    ;    ;      ;        ;                                             ;                           ; data path                                                                                                                                                                                                    ;
;   2.903  ;   0.218  ; RR ; uTco ; 2      ; FF_X255_Y67_N75                             ; Hyper-Register            ; afu_top|pg_afu.port_gasket|pr_slot|afu_main|port_afu_instances|ofs_plat_afu|core|dma|csr_mgr_inst|dst_last_q[57]~SCLR_dff|q                                                                                  ;
;   2.903  ;   0.000  ; RR ; CELL ; 1      ; FF_X255_Y67_N47                             ; Bypassed ALM Register     ; afu_top|pg_afu.port_gasket|pr_slot|afu_main|port_afu_instances|ofs_plat_afu|core|dma|csr_mgr_inst|dst_last_q[64]~.comb|sclr                                                                                  ;
;   3.001  ;   0.098  ; RF ; CELL ; 3      ; FF_X255_Y67_N47                             ; Bypassed ALM Register     ; afu_top|pg_afu.port_gasket|pr_slot|afu_main|port_afu_instances|ofs_plat_afu|core|dma|csr_mgr_inst|dst_last_q[64]~.comb|q                                                                                     ;
;   3.001  ;   0.000  ; FF ; RE   ; 1      ; FF_X255_Y67_N47                             ; Bypassed ALM Register     ; FF                                                                                                                                                                                                           ;
;   3.008  ;   0.007  ; FF ; RE   ; 2      ; LAB_RE_X255_Y67_N0_I120                     ; LAB_RE                    ; LAB_RE                                                                                                                                                                                                       ;
;   3.042  ;   0.034  ; FF ; RE   ; 1      ; R1_X256_Y67_N0_I28                          ; R1 interconnect           ; H1                                                                                                                                                                                                           ;
;   3.089  ;   0.047  ; FF ; RE   ; 1      ; R2_X257_Y67_N0_I14                          ; R2 interconnect           ; H2                                                                                                                                                                                                           ;
;   3.121  ;   0.032  ; FR ; RE   ; 3      ; LOCAL_INTERCONNECT_X258_Y67_N0_I50          ; Block interconnect        ; LAB_LINE                                                                                                                                                                                                     ;
;   3.147  ;   0.026  ; RF ; RE   ; 1      ; BLOCK_INPUT_MUX_PASSTHROUGH_X258_Y67_N0_I58 ; Block Input Mux           ; LEIM                                                                                                                                                                                                         ;
;   3.147  ;   0.000  ; FF ; RE   ; 1      ; LAB_RE_X258_Y67_N0_I56                      ; LAB_RE                    ; leime[7]                                                                                                                                                                                                     ;
;   3.147  ;   0.000  ;    ; IC   ; 1      ; MLABCELL_X258_Y67_N45                       ; Combinational cell        ; afu_top|pg_afu.port_gasket|pr_slot|afu_main|port_afu_instances|ofs_plat_afu|core|dma|csr_mgr_inst|i919~36xsyn_46|datae                                                                                       ;
;   3.223  ;   0.076  ; FF ; CELL ; 1      ; MLABCELL_X258_Y67_N45                       ; Combinational cell        ; afu_top|pg_afu.port_gasket|pr_slot|afu_main|port_afu_instances|ofs_plat_afu|core|dma|csr_mgr_inst|i919~36xsyn_46|combout                                                                                     ;
;   3.223  ;   0.000  ; FF ; RE   ; 1      ; MLABCELL_X258_Y67_N45                       ; Combinational cell        ; MP_MLAB_COMB                                                                                                                                                                                                 ;
;   3.228  ;   0.005  ; FF ; RE   ; 1      ; LAB_RE_X258_Y67_N0_I120                     ; LAB_RE                    ; LAB_RE                                                                                                                                                                                                       ;
;   3.250  ;   0.022  ; FR ; RE   ; 1      ; LOCAL_INTERCONNECT_X258_Y67_N0_I60          ; Block interconnect        ; LAB_LINE                                                                                                                                                                                                     ;
;   3.275  ;   0.025  ; RF ; RE   ; 1      ; BLOCK_INPUT_MUX_PASSTHROUGH_X258_Y67_N0_I74 ; Block Input Mux           ; LEIM                                                                                                                                                                                                         ;
;   3.275  ;   0.000  ; FF ; RE   ; 1      ; LAB_RE_X258_Y67_N0_I72                      ; LAB_RE                    ; leime[9]                                                                                                                                                                                                     ;
;   3.275  ;   0.000  ;    ; IC   ; 1      ; MLABCELL_X258_Y67_N57                       ; Combinational cell        ; afu_top|pg_afu.port_gasket|pr_slot|afu_main|port_afu_instances|ofs_plat_afu|core|dma|csr_mgr_inst|i919~42xsyn|datae                                                                                          ;
;   3.350  ;   0.075  ; FF ; CELL ; 1      ; MLABCELL_X258_Y67_N57                       ; Combinational cell        ; afu_top|pg_afu.port_gasket|pr_slot|afu_main|port_afu_instances|ofs_plat_afu|core|dma|csr_mgr_inst|i919~42xsyn|combout                                                                                        ;
;   3.350  ;   0.000  ; FF ; RE   ; 1      ; MLABCELL_X258_Y67_N57                       ; Combinational cell        ; MP_MLAB_COMB                                                                                                                                                                                                 ;
;   3.354  ;   0.004  ; FF ; RE   ; 1      ; LAB_RE_X258_Y67_N0_I125                     ; LAB_RE                    ; LAB_RE                                                                                                                                                                                                       ;
;   3.393  ;   0.039  ; FF ; RE   ; 1      ; C1_X258_Y67_N0_I36                          ; C1 interconnect           ; V1                                                                                                                                                                                                           ;
;   3.424  ;   0.031  ; FF ; RE   ; 1      ; C1_X258_Y68_N0_I36                          ; C1 interconnect           ; V1                                                                                                                                                                                                           ;
;   3.446  ;   0.022  ; FR ; RE   ; 1      ; LOCAL_INTERCONNECT_X258_Y69_N0_I76          ; Block interconnect        ; LAB_LINE                                                                                                                                                                                                     ;
;   3.472  ;   0.026  ; RF ; RE   ; 1      ; BLOCK_INPUT_MUX_PASSTHROUGH_X258_Y69_N0_I66 ; Block Input Mux           ; LEIM                                                                                                                                                                                                         ;
;   3.472  ;   0.000  ; FF ; RE   ; 1      ; LAB_RE_X258_Y69_N0_I64                      ; LAB_RE                    ; leime[8]                                                                                                                                                                                                     ;
;   3.472  ;   0.000  ;    ; IC   ; 1      ; MLABCELL_X258_Y69_N51                       ; Combinational cell        ; afu_top|pg_afu.port_gasket|pr_slot|afu_main|port_afu_instances|ofs_plat_afu|core|dma|csr_mgr_inst|Select_0~10xsyn|datae                                                                                      ;
;   3.513  ;   0.041  ; FF ; CELL ; 4      ; MLABCELL_X258_Y69_N51                       ; Combinational cell        ; afu_top|pg_afu.port_gasket|pr_slot|afu_main|port_afu_instances|ofs_plat_afu|core|dma|csr_mgr_inst|Select_0~10xsyn|combout                                                                                    ;
;   3.513  ;   0.000  ; FF ; RE   ; 1      ; MLABCELL_X258_Y69_N51                       ; Combinational cell        ; MP_MLAB_COMB                                                                                                                                                                                                 ;
;   3.516  ;   0.003  ; FF ; RE   ; 1      ; LAB_RE_X258_Y69_N0_I147                     ; LAB_RE                    ; LAB_RE                                                                                                                                                                                                       ;
;   3.559  ;   0.043  ; FF ; RE   ; 2      ; C1_X258_Y69_N0_I30                          ; C1 interconnect           ; V1                                                                                                                                                                                                           ;
;   3.584  ;   0.025  ; FR ; RE   ; 2      ; LOCAL_INTERCONNECT_X258_Y70_N0_I65          ; Block interconnect        ; LAB_LINE                                                                                                                                                                                                     ;
;   3.584  ;   0.000  ;    ; IC   ; 1      ; BLOCK_INPUT_MUX_PASSTHROUGH_X258_Y70_N0_I61 ; Hyper-Register            ; afu_top|pg_afu.port_gasket|pr_slot|afu_main|port_afu_instances|ofs_plat_afu|core|dma|csr_mgr_inst|Select_0~10xsyn_BLOCK_INPUT_MUX_PASSTHROUGH_X258_Y70_N0_I61_dff|d                                          ;
;   3.584  ;   0.000  ; RR ; CELL ; 1      ; BLOCK_INPUT_MUX_PASSTHROUGH_X258_Y70_N0_I61 ; Hyper-Register            ; afu_top|pg_afu.port_gasket|pr_slot|afu_main|port_afu_instances|ofs_plat_afu|core|dma|csr_mgr_inst|Select_0~10xsyn_BLOCK_INPUT_MUX_PASSTHROUGH_X258_Y70_N0_I61_dff                                            ;
+----------+----------+----+------+--------+---------------------------------------------+---------------------------+--------------------------------------------------------------------------------------------------------------------------------------------------------------------------------------------------------------+

+------------------------------------------------------------------------------------------------------------------------------------------------------------------------------------------------------------------------------------------------------------------------------------------------------------------------------------+
; Data Required Path                                                                                                                                                                                                                                                                                                                 ;
+----------+----------+----+------+--------+---------------------------------------------+----------------------------+--------------------------------------------------------------------------------------------------------------------------------------------------------------------------------------------------------------+
; Total    ; Incr     ; RF ; Type ; Fanout ; Location                                    ; Element Type               ; Element                                                                                                                                                                                                      ;
+----------+----------+----+------+--------+---------------------------------------------+----------------------------+--------------------------------------------------------------------------------------------------------------------------------------------------------------------------------------------------------------+
; 0.000    ; 0.000    ;    ;      ;        ;                                             ;                            ; latch edge time                                                                                                                                                                                              ;
; 2.756    ; 2.756    ;    ;      ;        ;                                             ;                            ; clock path                                                                                                                                                                                                   ;
;   0.000  ;   0.000  ;    ;      ;        ;                                             ;                            ; source latency                                                                                                                                                                                               ;
;   0.000  ;   0.000  ;    ;      ; 1      ; PIN_HF23                                    ; I/O pad                    ; ddr4_mem_ref_clk[0].clk                                                                                                                                                                                      ;
;   0.000  ;   0.000  ;    ; IC   ; 1      ; IOIBUF_X280_Y0_N376                         ; I/O input buffer           ; ddr4_mem_ref_clk[0].clk~input|i                                                                                                                                                                              ;
;   0.129  ;   0.129  ; RR ; CELL ; 2      ; IOIBUF_X280_Y0_N376                         ; I/O input buffer           ; ddr4_mem_ref_clk[0].clk~input|o                                                                                                                                                                              ;
;   1.109  ;   0.980  ; RR ; CELL ; 1      ; REFCLKINPUT_X281_Y0_N301                    ; I/O reference clock tree   ; local_mem_wrapper|mem_ss_top|mem_ss_sv|mem_ss|mem_ss|emif_0|emif_0|arch|arch_inst|pll_inst|pll_inst~refclk|ref_clk_in                                                                                        ;
;   1.295  ;   0.186  ; RR ; CELL ; 3      ; REFCLKINPUT_X281_Y0_N301                    ; I/O reference clock tree   ; local_mem_wrapper|mem_ss_top|mem_ss_sv|mem_ss|mem_ss|emif_0|emif_0|arch|arch_inst|pll_inst|pll_inst~refclk|ref0_to_btm                                                                                       ;
;   1.775  ;   0.480  ; RR ; CELL ; 1      ; REFCLKINPUT_X281_Y0_N301                    ; I/O reference clock tree   ; local_mem_wrapper|mem_ss_top|mem_ss_sv|mem_ss|mem_ss|emif_0|emif_0|arch|arch_inst|pll_inst|pll_inst~refclk|clk_out                                                                                           ;
;   1.775  ;   0.000  ; RR ; CELL ; 1      ; IOPLL_X281_Y0_N303                          ; IOPLL                      ; local_mem_wrapper|mem_ss_top|mem_ss_sv|mem_ss|mem_ss|emif_0|emif_0|arch|arch_inst|pll_inst|pll_inst|pll_cascade_in                                                                                           ;
;   1.984  ;   0.209  ; RR ; CELL ; 2      ; IOPLL_X281_Y0_N303                          ; IOPLL                      ; local_mem_wrapper|mem_ss_top|mem_ss_sv|mem_ss|mem_ss|emif_0|emif_0|arch|arch_inst|pll_inst|pll_inst~fmio96fs_wr/x0/fmio96_core_inst/fmio48tile_top/x5/u4_3/x0/xiopll_custom/xclkin_sw/xpm_pll_so/clk[0]      ;
;   2.173  ;   0.189  ; RR ; CELL ; 2      ; IOPLL_X281_Y0_N303                          ; IOPLL                      ; local_mem_wrapper|mem_ss_top|mem_ss_sv|mem_ss|mem_ss|emif_0|emif_0|arch|arch_inst|pll_inst|pll_inst~fmio96fs_wr/x0/fmio96_core_inst/fmio48tile_top/x5/u4_3/x0/xiopll_custom/xiopll_core/xncnt_iopll/clk      ;
;   2.350  ;   0.177  ; RR ; CELL ; 3      ; IOPLL_X281_Y0_N303                          ; IOPLL                      ; local_mem_wrapper|mem_ss_top|mem_ss_sv|mem_ss|mem_ss|emif_0|emif_0|arch|arch_inst|pll_inst|pll_inst~pllnout                                                                                                  ;
;   2.491  ;   0.141  ; RF ; CELL ; 1      ; IOPLL_X281_Y0_N303                          ; IOPLL                      ; local_mem_wrapper|mem_ss_top|mem_ss_sv|mem_ss|mem_ss|emif_0|emif_0|arch|arch_inst|pll_inst|pll_inst~vco_refclk                                                                                               ;
;   2.498  ;   0.007  ; FR ; CELL ; 1      ; IOPLL_X281_Y0_N303                          ; IOPLL                      ; local_mem_wrapper|mem_ss_top|mem_ss_sv|mem_ss|mem_ss|emif_0|emif_0|arch|arch_inst|pll_inst|pll_inst~vctrl                                                                                                    ;
;   1.724  ;   -0.774 ; RR ; COMP ; 1      ; IOPLL_X281_Y0_N303                          ; IOPLL                      ; local_mem_wrapper|mem_ss_top|mem_ss_sv|mem_ss|mem_ss|emif_0|emif_0|arch|arch_inst|pll_inst|pll_inst~vcoph[0]                                                                                                 ;
;   1.724  ;   0.000  ; RR ; CELL ; 10     ; IOPLL_X281_Y0_N303                          ; IOPLL                      ; local_mem_wrapper|mem_ss_top|mem_ss_sv|mem_ss|mem_ss|emif_0|emif_0|arch|arch_inst|pll_inst|pll_inst|vcoph[0]                                                                                                 ;
;   1.724  ;   0.000  ; RR ; CELL ; 3      ; TILECTRL_X281_Y0_N298                       ; I/O tile control logic     ; local_mem_wrapper|mem_ss_top|mem_ss_sv|mem_ss|mem_ss|emif_0|emif_0|arch|arch_inst|io_tiles_wrap_inst|io_tiles_inst|tile_gen[1].tile_ctrl_inst|pll_vco_in[0]                                                  ;
;   -0.781 ;   -2.505 ; RR ; COMP ; 1      ; TILECTRL_X281_Y0_N298                       ; I/O tile control logic     ; local_mem_wrapper|mem_ss_top|mem_ss_sv|mem_ss|mem_ss|emif_0|emif_0|arch|arch_inst|io_tiles_wrap_inst|io_tiles_inst|tile_gen[1].tile_ctrl_inst|pa_core_clk_out[0]                                             ;
;   -0.126 ;   0.655  ; RR ; CELL ; 16258  ; TILECTRL_X281_Y0_N298                       ; I/O tile control logic     ; local_mem_wrapper|mem_ss_top|mem_ss_sv|mem_ss|mem_ss|emif_0|emif_0|arch|arch_inst|io_tiles_wrap_inst|io_tiles_inst|tile_gen[1].tile_ctrl_inst~fmio96fs_wr/m32_0_29__iophasealignment_to_dcm__core_clk_out[1] ;
;   -0.126 ;   0.000  ;    ; IC   ; 1      ; Boundary Port                               ; N/A                        ; afu_top|pg_afu.port_gasket|pr_slot|afu_main|ext_mem_if[0].clk|input                                                                                                                                          ;
;   -0.126 ;   0.000  ; RR ; CELL ; 105325 ; Boundary Port                               ; N/A                        ; afu_top|pg_afu.port_gasket|pr_slot|afu_main|ext_mem_if[0].clk                                                                                                                                                ;
;   -0.126 ;   0.000  ; RR ; RE   ; 1      ; TILECTRL_X281_Y0_N298                       ; I/O tile control logic     ; TILE_CTRL                                                                                                                                                                                                    ;
;   -0.054 ;   0.072  ; RR ; RE   ; 1      ; IO96FSWRRE_X280_Y0_N0_I3537                 ; IO96FS_WR_RE               ; IO96FS_WR_RE                                                                                                                                                                                                 ;
;   0.040  ;   0.094  ; RR ; RE   ; 1      ; DCM_mux_X307_Y2_N0_I29                      ; DCM_mux                    ; CC_DCM_GMUX_RE                                                                                                                                                                                               ;
;   0.118  ;   0.078  ; RR ; RE   ; 1      ; IO_P2C_RE_X280_Y2_N150_I75                  ; IO_P2C_RE                  ; IO_P2C_RE                                                                                                                                                                                                    ;
;   0.138  ;   0.020  ; RR ; RE   ; 1      ; IO_P2C_RE_X280_Y2_N150_I26                  ; IO_P2C_RE                  ; IO_P2C_RE                                                                                                                                                                                                    ;
;   0.189  ;   0.051  ; RR ; RE   ; 1      ; Switchbox_clock_mux_X280_Y2_N0_I197         ; Switchbox_clock_mux        ; CLOCK_SEGMENT_MUX                                                                                                                                                                                            ;
;   0.289  ;   0.100  ; RR ; RE   ; 1      ; Switchbox_clock_mux_X280_Y2_N0_I105         ; Switchbox_clock_mux        ; CLOCK_SEGMENT_MUX                                                                                                                                                                                            ;
;   0.323  ;   0.034  ; RF ; RE   ; 1      ; Vertical_seam_tap_mux_X280_Y23_N0_I165      ; Vertical_seam_tap_mux      ; CLOCK_SEGMENT_TAP_MUX                                                                                                                                                                                        ;
;   0.382  ;   0.059  ; FR ; RE   ; 1      ; Vertical_seam_tap_mux_X280_Y23_N0_I53       ; Vertical_seam_tap_mux      ; CLOCK_SEGMENT_TAP_MUX                                                                                                                                                                                        ;
;   0.430  ;   0.048  ; RR ; RE   ; 1      ; Switchbox_clock_mux_X280_Y43_N0_I197        ; Switchbox_clock_mux        ; CLOCK_SEGMENT_MUX                                                                                                                                                                                            ;
;   0.530  ;   0.100  ; RR ; RE   ; 1      ; Switchbox_clock_mux_X280_Y43_N0_I105        ; Switchbox_clock_mux        ; CLOCK_SEGMENT_MUX                                                                                                                                                                                            ;
;   0.564  ;   0.034  ; RF ; RE   ; 1      ; Vertical_seam_tap_mux_X280_Y64_N0_I165      ; Vertical_seam_tap_mux      ; CLOCK_SEGMENT_TAP_MUX                                                                                                                                                                                        ;
;   0.623  ;   0.059  ; FR ; RE   ; 1      ; Vertical_seam_tap_mux_X280_Y64_N0_I53       ; Vertical_seam_tap_mux      ; CLOCK_SEGMENT_TAP_MUX                                                                                                                                                                                        ;
;   0.671  ;   0.048  ; RR ; RE   ; 1      ; Switchbox_clock_mux_X280_Y84_N0_I197        ; Switchbox_clock_mux        ; CLOCK_SEGMENT_MUX                                                                                                                                                                                            ;
;   0.763  ;   0.092  ; RR ; RE   ; 1      ; Switchbox_clock_mux_X280_Y84_N0_I105        ; Switchbox_clock_mux        ; CLOCK_SEGMENT_MUX                                                                                                                                                                                            ;
;   0.798  ;   0.035  ; RF ; RE   ; 1      ; Vertical_seam_tap_mux_X280_Y105_N0_I165     ; Vertical_seam_tap_mux      ; CLOCK_SEGMENT_TAP_MUX                                                                                                                                                                                        ;
;   0.857  ;   0.059  ; FR ; RE   ; 1      ; Vertical_seam_tap_mux_X280_Y105_N0_I53      ; Vertical_seam_tap_mux      ; CLOCK_SEGMENT_TAP_MUX                                                                                                                                                                                        ;
;   0.905  ;   0.048  ; RR ; RE   ; 1      ; Switchbox_clock_mux_X280_Y125_N0_I197       ; Switchbox_clock_mux        ; CLOCK_SEGMENT_MUX                                                                                                                                                                                            ;
;   0.997  ;   0.092  ; RR ; RE   ; 1      ; Switchbox_clock_mux_X280_Y125_N0_I105       ; Switchbox_clock_mux        ; CLOCK_SEGMENT_MUX                                                                                                                                                                                            ;
;   1.031  ;   0.034  ; RF ; RE   ; 1      ; Vertical_seam_tap_mux_X280_Y146_N0_I165     ; Vertical_seam_tap_mux      ; CLOCK_SEGMENT_TAP_MUX                                                                                                                                                                                        ;
;   1.090  ;   0.059  ; FR ; RE   ; 1      ; Vertical_seam_tap_mux_X280_Y146_N0_I53      ; Vertical_seam_tap_mux      ; CLOCK_SEGMENT_TAP_MUX                                                                                                                                                                                        ;
;   1.139  ;   0.049  ; RR ; RE   ; 1      ; Switchbox_clock_mux_X280_Y166_N0_I197       ; Switchbox_clock_mux        ; CLOCK_SEGMENT_MUX                                                                                                                                                                                            ;
;   1.350  ;   0.211  ; RR ; RE   ; 1      ; Switchbox_clock_mux_X280_Y166_N0_I106       ; Switchbox_clock_mux        ; CLOCK_SEGMENT_MUX                                                                                                                                                                                            ;
;   1.400  ;   0.050  ; RR ; RE   ; 1      ; Switchbox_clock_mux_X226_Y166_N0_I229       ; Switchbox_clock_mux        ; CLOCK_SEGMENT_MUX                                                                                                                                                                                            ;
;   1.449  ;   0.049  ; RR ; RE   ; 2      ; Switchbox_clock_mux_X226_Y166_N0_I153       ; Switchbox_clock_mux        ; CLOCK_SEGMENT_MUX                                                                                                                                                                                            ;
;   1.543  ;   0.094  ; RR ; RE   ; 1      ; Switchbox_clock_mux_X226_Y166_N0_I103       ; Switchbox_clock_mux        ; CLOCK_SEGMENT_MUX                                                                                                                                                                                            ;
;   1.577  ;   0.034  ; RF ; RE   ; 1      ; Vertical_seam_tap_mux_X226_Y146_N0_I134     ; Vertical_seam_tap_mux      ; CLOCK_SEGMENT_TAP_MUX                                                                                                                                                                                        ;
;   1.636  ;   0.059  ; FR ; RE   ; 1      ; Vertical_seam_tap_mux_X226_Y146_N0_I50      ; Vertical_seam_tap_mux      ; CLOCK_SEGMENT_TAP_MUX                                                                                                                                                                                        ;
;   1.687  ;   0.051  ; RR ; RE   ; 1      ; Switchbox_clock_mux_X226_Y125_N0_I166       ; Switchbox_clock_mux        ; CLOCK_SEGMENT_MUX                                                                                                                                                                                            ;
;   1.781  ;   0.094  ; RR ; RE   ; 1      ; Switchbox_clock_mux_X226_Y125_N0_I103       ; Switchbox_clock_mux        ; CLOCK_SEGMENT_MUX                                                                                                                                                                                            ;
;   1.815  ;   0.034  ; RF ; RE   ; 1      ; Vertical_seam_tap_mux_X226_Y105_N0_I134     ; Vertical_seam_tap_mux      ; CLOCK_SEGMENT_TAP_MUX                                                                                                                                                                                        ;
;   1.875  ;   0.060  ; FR ; RE   ; 1      ; Vertical_seam_tap_mux_X226_Y105_N0_I50      ; Vertical_seam_tap_mux      ; CLOCK_SEGMENT_TAP_MUX                                                                                                                                                                                        ;
;   1.926  ;   0.051  ; RR ; RE   ; 2      ; Switchbox_clock_mux_X226_Y84_N0_I166        ; Switchbox_clock_mux        ; CLOCK_SEGMENT_MUX                                                                                                                                                                                            ;
;   2.147  ;   0.221  ; RR ; RE   ; 1      ; Switchbox_clock_mux_X226_Y84_N0_I102        ; Switchbox_clock_mux        ; CLOCK_SEGMENT_MUX                                                                                                                                                                                            ;
;   2.198  ;   0.051  ; RR ; RE   ; 1      ; Switchbox_clock_mux_X280_Y84_N0_I230        ; Switchbox_clock_mux        ; CLOCK_SEGMENT_MUX                                                                                                                                                                                            ;
;   2.407  ;   0.209  ; RR ; RE   ; 1      ; Switchbox_clock_mux_X280_Y84_N0_I100        ; Switchbox_clock_mux        ; CLOCK_SEGMENT_MUX                                                                                                                                                                                            ;
;   2.458  ;   0.051  ; RR ; RE   ; 2      ; Switchbox_clock_mux_X334_Y84_N0_I230        ; Switchbox_clock_mux        ; CLOCK_SEGMENT_MUX                                                                                                                                                                                            ;
;   2.552  ;   0.094  ; RR ; RE   ; 1      ; Switchbox_clock_mux_X334_Y84_N0_I103        ; Switchbox_clock_mux        ; CLOCK_SEGMENT_MUX                                                                                                                                                                                            ;
;   2.586  ;   0.034  ; RF ; RE   ; 1      ; Vertical_seam_tap_mux_X334_Y64_N0_I134      ; Vertical_seam_tap_mux      ; CLOCK_SEGMENT_TAP_MUX                                                                                                                                                                                        ;
;   2.645  ;   0.059  ; FR ; RE   ; 1      ; Vertical_seam_tap_mux_X334_Y64_N0_I50       ; Vertical_seam_tap_mux      ; CLOCK_SEGMENT_TAP_MUX                                                                                                                                                                                        ;
;   2.695  ;   0.050  ; RR ; RE   ; 2      ; Switchbox_clock_mux_X334_Y43_N0_I166        ; Switchbox_clock_mux        ; CLOCK_SEGMENT_MUX                                                                                                                                                                                            ;
;   2.915  ;   0.220  ; RR ; RE   ; 1      ; Switchbox_clock_mux_X334_Y43_N0_I102        ; Switchbox_clock_mux        ; CLOCK_SEGMENT_MUX                                                                                                                                                                                            ;
;   2.967  ;   0.052  ; RR ; RE   ; 2      ; Switchbox_clock_mux_X280_Y43_N0_I262        ; Switchbox_clock_mux        ; CLOCK_SEGMENT_MUX                                                                                                                                                                                            ;
;   3.066  ;   0.099  ; RR ; RE   ; 1      ; Switchbox_clock_mux_X280_Y43_N0_I101        ; Switchbox_clock_mux        ; CLOCK_SEGMENT_MUX                                                                                                                                                                                            ;
;   3.114  ;   0.048  ; RR ; RE   ; 2      ; Vertical_seam_tap_mux_X280_Y64_N0_I166      ; Vertical_seam_tap_mux      ; CLOCK_SEGMENT_TAP_MUX                                                                                                                                                                                        ;
;   3.211  ;   0.097  ; RR ; RE   ; 1      ; Vertical_seam_tap_mux_X280_Y64_N0_I115      ; Vertical_seam_tap_mux      ; CLOCK_SEGMENT_TAP_MUX                                                                                                                                                                                        ;
;   3.345  ;   0.134  ; RR ; RE   ; 1      ; SPINE_TAP_RE_X253_Y64_N103_I89              ; SPINE_TAP_RE               ; SPINE_TAP_RE                                                                                                                                                                                                 ;
;   3.365  ;   0.020  ; RR ; RE   ; 41     ; SPINE_TAP_RE_X253_Y64_N103_I25              ; SPINE_TAP_RE               ; SPINE_TAP_RE                                                                                                                                                                                                 ;
;   3.653  ;   0.288  ; RR ; RE   ; 2      ; SCLKMUX_RE_X253_Y70_N188_I25                ; SCLKMUX_RE                 ; SCLKMUX_RE                                                                                                                                                                                                   ;
;   3.672  ;   0.019  ; RR ; RE   ; 16     ; SCLKMUX_RE_X253_Y70_N188_I40                ; SCLKMUX_RE                 ; SCLKMUX_RE                                                                                                                                                                                                   ;
;   3.712  ;   0.040  ; RR ; RE   ; 1      ; ROWCLK_TAPOFF_X258_Y70_N0_I3                ; Row Clock Tap-Off          ; ROWCLK_TAPOFF                                                                                                                                                                                                ;
;   3.755  ;   0.043  ; RR ; RE   ; 1      ; GLOBAL_LOCAL_SEL_X258_Y70_N0_I2             ; GLOBAL_LOCAL_SEL           ; GLOBAL_LOCAL_SEL                                                                                                                                                                                             ;
;   3.781  ;   0.026  ; RR ; RE   ; 1      ; RPII_X258_Y70_N0_I2                         ; Programmable Invert Input  ; RPII                                                                                                                                                                                                         ;
;   3.781  ;   0.000  ; RR ; RE   ; 1      ; RPI_X258_Y70_N0_I2                          ; Programmable Invert        ; RPI                                                                                                                                                                                                          ;
;   3.781  ;   0.000  ; RR ; RE   ; 11     ; LAB_RE_X258_Y70_N0_I83                      ; LAB_RE                     ; clka                                                                                                                                                                                                         ;
;   3.781  ;   0.000  ; RR ; RE   ; 1      ; LAB_RE_X258_Y70_N0_I150                     ; LAB_RE                     ; LAB_RE                                                                                                                                                                                                       ;
;   3.781  ;   0.000  ; RR ; RE   ; 52     ; LEIMCLKALE_X258_Y70_N0_I0                   ; LEIMCLKALE                 ; LEIMCLKALE                                                                                                                                                                                                   ;
;   3.781  ;   0.000  ; RR ; RE   ; 1      ; HYPERFLEX_CLK_M_MUX_X258_Y70_N0_I68         ; Hyperflex clocking network ; HIPI_M_MUX                                                                                                                                                                                                   ;
;   3.781  ;   0.000  ;    ; IC   ; 1      ; BLOCK_INPUT_MUX_PASSTHROUGH_X258_Y70_N0_I61 ; Hyper-Register             ; afu_top|pg_afu.port_gasket|pr_slot|afu_main|port_afu_instances|ofs_plat_afu|core|dma|csr_mgr_inst|Select_0~10xsyn_BLOCK_INPUT_MUX_PASSTHROUGH_X258_Y70_N0_I61_dff|clk                                        ;
;   3.781  ;   0.000  ; RR ; CELL ; 1      ; BLOCK_INPUT_MUX_PASSTHROUGH_X258_Y70_N0_I61 ; Hyper-Register             ; afu_top|pg_afu.port_gasket|pr_slot|afu_main|port_afu_instances|ofs_plat_afu|core|dma|csr_mgr_inst|Select_0~10xsyn_BLOCK_INPUT_MUX_PASSTHROUGH_X258_Y70_N0_I61_dff                                            ;
;   2.764  ;   -1.017 ;    ;      ;        ;                                             ;                            ; clock pessimism removed                                                                                                                                                                                      ;
;   2.756  ;   -0.008 ;    ;      ;        ;                                             ;                            ; advanced clock effects                                                                                                                                                                                       ;
; 2.756    ; 0.000    ;    ;      ;        ;                                             ;                            ; clock uncertainty                                                                                                                                                                                            ;
; 2.924    ; 0.168    ;    ; uTh  ; 1      ; BLOCK_INPUT_MUX_PASSTHROUGH_X258_Y70_N0_I61 ; Hyper-Register             ; afu_top|pg_afu.port_gasket|pr_slot|afu_main|port_afu_instances|ofs_plat_afu|core|dma|csr_mgr_inst|Select_0~10xsyn_BLOCK_INPUT_MUX_PASSTHROUGH_X258_Y70_N0_I61_dff                                            ;
+----------+----------+----+------+--------+---------------------------------------------+----------------------------+--------------------------------------------------------------------------------------------------------------------------------------------------------------------------------------------------------------+


Path #4: Hold slack is 0.660 
===============================================================================
+-----------------------------------------------------------------------------------------------------------------------------------------------------------------------------------------------------+
; Path Summary                                                                                                                                                                                        ;
+---------------------------------+-------------------------------------------------------------------------------------------------------------------------------------------------------------------+
; Property                        ; Value                                                                                                                                                             ;
+---------------------------------+-------------------------------------------------------------------------------------------------------------------------------------------------------------------+
; From Node                       ; afu_top|pg_afu.port_gasket|pr_slot|afu_main|port_afu_instances|ofs_plat_afu|core|dma|csr_mgr_inst|dst_last_q[57]~SCLR_dff                                         ;
; To Node                         ; afu_top|pg_afu.port_gasket|pr_slot|afu_main|port_afu_instances|ofs_plat_afu|core|dma|csr_mgr_inst|Select_0~10xsyn_BLOCK_INPUT_MUX_PASSTHROUGH_X258_Y70_N0_I71_dff ;
; Launch Clock                    ; local_mem_wrapper|mem_ss_top|mem_ss_sv|mem_ss|mem_ss|emif_0|emif_0_core_usr_clk                                                                                   ;
; Latch Clock                     ; local_mem_wrapper|mem_ss_top|mem_ss_sv|mem_ss|mem_ss|emif_0|emif_0_core_usr_clk                                                                                   ;
; SDC Exception                   ; No SDC Exception on Path                                                                                                                                          ;
; Data Arrival Time               ; 3.585                                                                                                                                                             ;
; Data Required Time              ; 2.925                                                                                                                                                             ;
; Slack                           ; 0.660                                                                                                                                                             ;
; Worst-Case Operating Conditions ; Slow vid2b 100C Model                                                                                                                                             ;
+---------------------------------+-------------------------------------------------------------------------------------------------------------------------------------------------------------------+

+-------------------------------------------------------------------------------------+
; Statistics                                                                          ;
+------------------------+-------+-------+-------------+------------+--------+--------+
; Property               ; Value ; Count ; Total Delay ; % of Total ; Min    ; Max    ;
+------------------------+-------+-------+-------------+------------+--------+--------+
; Hold Relationship      ; 0.000 ;       ;             ;            ;        ;        ;
; Clock Skew             ; 0.071 ;       ;             ;            ;        ;        ;
; Data Delay             ; 0.900 ;       ;             ;            ;        ;        ;
; Number of Logic Levels ;       ; 3     ;             ;            ;        ;        ;
; Physical Delays        ;       ;       ;             ;            ;        ;        ;
;  Arrival Path          ;       ;       ;             ;            ;        ;        ;
;   Clock                ;       ;       ;             ;            ;        ;        ;
;    IC                  ;       ; 3     ; 0.000       ; 0          ; 0.000  ; 0.000  ;
;    Cell                ;       ; 15    ; 2.752       ; 44         ; 0.000  ; 0.834  ;
;    PLL Compensation    ;       ; 2     ; -3.572      ; 0          ; -2.692 ; -0.880 ;
;    Routing Element     ;       ; 55    ; 3.505       ; 56         ; 0.000  ; 0.251  ;
;   Data                 ;       ;       ;             ;            ;        ;        ;
;    IC                  ;       ; 4     ; 0.000       ; 0          ; 0.000  ; 0.000  ;
;    Cell                ;       ; 6     ; 0.290       ; 32         ; 0.000  ; 0.098  ;
;    uTco                ;       ; 1     ; 0.218       ; 24         ; 0.218  ; 0.218  ;
;    Routing Element     ;       ; 23    ; 0.392       ; 44         ; 0.000  ; 0.047  ;
;  Required Path         ;       ;       ;             ;            ;        ;        ;
;   Clock                ;       ;       ;             ;            ;        ;        ;
;    IC                  ;       ; 3     ; 0.000       ; 0          ; 0.000  ; 0.000  ;
;    Cell                ;       ; 15    ; 3.153       ; 45         ; 0.000  ; 0.980  ;
;    PLL Compensation    ;       ; 2     ; -3.279      ; 0          ; -2.505 ; -0.774 ;
;    Routing Element     ;       ; 58    ; 3.907       ; 55         ; 0.000  ; 0.288  ;
+------------------------+-------+-------+-------------+------------+--------+--------+
Note: Negative delays are omitted from totals when calculating percentages

+-----------------------------------------------------------------------------------------------------------------------------------------------------------------------------------------------------------------------------------------------------------------------------------------------------------------------------------+
; Data Arrival Path                                                                                                                                                                                                                                                                                                                 ;
+----------+----------+----+------+--------+---------------------------------------------+---------------------------+--------------------------------------------------------------------------------------------------------------------------------------------------------------------------------------------------------------+
; Total    ; Incr     ; RF ; Type ; Fanout ; Location                                    ; Element Type              ; Element                                                                                                                                                                                                      ;
+----------+----------+----+------+--------+---------------------------------------------+---------------------------+--------------------------------------------------------------------------------------------------------------------------------------------------------------------------------------------------------------+
; 0.000    ; 0.000    ;    ;      ;        ;                                             ;                           ; launch edge time                                                                                                                                                                                             ;
; 2.685    ; 2.685    ;    ;      ;        ;                                             ;                           ; clock path                                                                                                                                                                                                   ;
;   0.000  ;   0.000  ;    ;      ;        ;                                             ;                           ; source latency                                                                                                                                                                                               ;
;   0.000  ;   0.000  ;    ;      ; 1      ; PIN_HF23                                    ; I/O pad                   ; ddr4_mem_ref_clk[0].clk                                                                                                                                                                                      ;
;   0.000  ;   0.000  ;    ; IC   ; 1      ; IOIBUF_X280_Y0_N376                         ; I/O input buffer          ; ddr4_mem_ref_clk[0].clk~input|i                                                                                                                                                                              ;
;   0.129  ;   0.129  ; RR ; CELL ; 2      ; IOIBUF_X280_Y0_N376                         ; I/O input buffer          ; ddr4_mem_ref_clk[0].clk~input|o                                                                                                                                                                              ;
;   0.963  ;   0.834  ; RR ; CELL ; 1      ; REFCLKINPUT_X281_Y0_N301                    ; I/O reference clock tree  ; local_mem_wrapper|mem_ss_top|mem_ss_sv|mem_ss|mem_ss|emif_0|emif_0|arch|arch_inst|pll_inst|pll_inst~refclk|ref_clk_in                                                                                        ;
;   1.121  ;   0.158  ; RR ; CELL ; 3      ; REFCLKINPUT_X281_Y0_N301                    ; I/O reference clock tree  ; local_mem_wrapper|mem_ss_top|mem_ss_sv|mem_ss|mem_ss|emif_0|emif_0|arch|arch_inst|pll_inst|pll_inst~refclk|ref0_to_btm                                                                                       ;
;   1.547  ;   0.426  ; RR ; CELL ; 1      ; REFCLKINPUT_X281_Y0_N301                    ; I/O reference clock tree  ; local_mem_wrapper|mem_ss_top|mem_ss_sv|mem_ss|mem_ss|emif_0|emif_0|arch|arch_inst|pll_inst|pll_inst~refclk|clk_out                                                                                           ;
;   1.547  ;   0.000  ; RR ; CELL ; 1      ; IOPLL_X281_Y0_N303                          ; IOPLL                     ; local_mem_wrapper|mem_ss_top|mem_ss_sv|mem_ss|mem_ss|emif_0|emif_0|arch|arch_inst|pll_inst|pll_inst|pll_cascade_in                                                                                           ;
;   1.731  ;   0.184  ; RR ; CELL ; 2      ; IOPLL_X281_Y0_N303                          ; IOPLL                     ; local_mem_wrapper|mem_ss_top|mem_ss_sv|mem_ss|mem_ss|emif_0|emif_0|arch|arch_inst|pll_inst|pll_inst~fmio96fs_wr/x0/fmio96_core_inst/fmio48tile_top/x5/u4_3/x0/xiopll_custom/xclkin_sw/xpm_pll_so/clk[0]      ;
;   1.898  ;   0.167  ; RR ; CELL ; 2      ; IOPLL_X281_Y0_N303                          ; IOPLL                     ; local_mem_wrapper|mem_ss_top|mem_ss_sv|mem_ss|mem_ss|emif_0|emif_0|arch|arch_inst|pll_inst|pll_inst~fmio96fs_wr/x0/fmio96_core_inst/fmio48tile_top/x5/u4_3/x0/xiopll_custom/xiopll_core/xncnt_iopll/clk      ;
;   2.051  ;   0.153  ; RR ; CELL ; 3      ; IOPLL_X281_Y0_N303                          ; IOPLL                     ; local_mem_wrapper|mem_ss_top|mem_ss_sv|mem_ss|mem_ss|emif_0|emif_0|arch|arch_inst|pll_inst|pll_inst~pllnout                                                                                                  ;
;   2.172  ;   0.121  ; RF ; CELL ; 1      ; IOPLL_X281_Y0_N303                          ; IOPLL                     ; local_mem_wrapper|mem_ss_top|mem_ss_sv|mem_ss|mem_ss|emif_0|emif_0|arch|arch_inst|pll_inst|pll_inst~vco_refclk                                                                                               ;
;   2.176  ;   0.004  ; FR ; CELL ; 1      ; IOPLL_X281_Y0_N303                          ; IOPLL                     ; local_mem_wrapper|mem_ss_top|mem_ss_sv|mem_ss|mem_ss|emif_0|emif_0|arch|arch_inst|pll_inst|pll_inst~vctrl                                                                                                    ;
;   1.296  ;   -0.880 ; RR ; COMP ; 1      ; IOPLL_X281_Y0_N303                          ; IOPLL                     ; local_mem_wrapper|mem_ss_top|mem_ss_sv|mem_ss|mem_ss|emif_0|emif_0|arch|arch_inst|pll_inst|pll_inst~vcoph[0]                                                                                                 ;
;   1.296  ;   0.000  ; RR ; CELL ; 10     ; IOPLL_X281_Y0_N303                          ; IOPLL                     ; local_mem_wrapper|mem_ss_top|mem_ss_sv|mem_ss|mem_ss|emif_0|emif_0|arch|arch_inst|pll_inst|pll_inst|vcoph[0]                                                                                                 ;
;   1.296  ;   0.000  ; RR ; CELL ; 3      ; TILECTRL_X281_Y0_N298                       ; I/O tile control logic    ; local_mem_wrapper|mem_ss_top|mem_ss_sv|mem_ss|mem_ss|emif_0|emif_0|arch|arch_inst|io_tiles_wrap_inst|io_tiles_inst|tile_gen[1].tile_ctrl_inst|pll_vco_in[0]                                                  ;
;   -1.396 ;   -2.692 ; RR ; COMP ; 1      ; TILECTRL_X281_Y0_N298                       ; I/O tile control logic    ; local_mem_wrapper|mem_ss_top|mem_ss_sv|mem_ss|mem_ss|emif_0|emif_0|arch|arch_inst|io_tiles_wrap_inst|io_tiles_inst|tile_gen[1].tile_ctrl_inst|pa_core_clk_out[0]                                             ;
;   -0.820 ;   0.576  ; RR ; CELL ; 16258  ; TILECTRL_X281_Y0_N298                       ; I/O tile control logic    ; local_mem_wrapper|mem_ss_top|mem_ss_sv|mem_ss|mem_ss|emif_0|emif_0|arch|arch_inst|io_tiles_wrap_inst|io_tiles_inst|tile_gen[1].tile_ctrl_inst~fmio96fs_wr/m32_0_29__iophasealignment_to_dcm__core_clk_out[1] ;
;   -0.820 ;   0.000  ;    ; IC   ; 1      ; Boundary Port                               ; N/A                       ; afu_top|pg_afu.port_gasket|pr_slot|afu_main|ext_mem_if[0].clk|input                                                                                                                                          ;
;   -0.820 ;   0.000  ; RR ; CELL ; 105325 ; Boundary Port                               ; N/A                       ; afu_top|pg_afu.port_gasket|pr_slot|afu_main|ext_mem_if[0].clk                                                                                                                                                ;
;   -0.820 ;   0.000  ; RR ; RE   ; 1      ; TILECTRL_X281_Y0_N298                       ; I/O tile control logic    ; TILE_CTRL                                                                                                                                                                                                    ;
;   -0.756 ;   0.064  ; RR ; RE   ; 1      ; IO96FSWRRE_X280_Y0_N0_I3537                 ; IO96FS_WR_RE              ; IO96FS_WR_RE                                                                                                                                                                                                 ;
;   -0.670 ;   0.086  ; RR ; RE   ; 1      ; DCM_mux_X307_Y2_N0_I29                      ; DCM_mux                   ; CC_DCM_GMUX_RE                                                                                                                                                                                               ;
;   -0.601 ;   0.069  ; RR ; RE   ; 1      ; IO_P2C_RE_X280_Y2_N150_I75                  ; IO_P2C_RE                 ; IO_P2C_RE                                                                                                                                                                                                    ;
;   -0.582 ;   0.019  ; RR ; RE   ; 1      ; IO_P2C_RE_X280_Y2_N150_I26                  ; IO_P2C_RE                 ; IO_P2C_RE                                                                                                                                                                                                    ;
;   -0.536 ;   0.046  ; RR ; RE   ; 1      ; Switchbox_clock_mux_X280_Y2_N0_I197         ; Switchbox_clock_mux       ; CLOCK_SEGMENT_MUX                                                                                                                                                                                            ;
;   -0.445 ;   0.091  ; RR ; RE   ; 1      ; Switchbox_clock_mux_X280_Y2_N0_I105         ; Switchbox_clock_mux       ; CLOCK_SEGMENT_MUX                                                                                                                                                                                            ;
;   -0.415 ;   0.030  ; RF ; RE   ; 1      ; Vertical_seam_tap_mux_X280_Y23_N0_I165      ; Vertical_seam_tap_mux     ; CLOCK_SEGMENT_TAP_MUX                                                                                                                                                                                        ;
;   -0.360 ;   0.055  ; FR ; RE   ; 1      ; Vertical_seam_tap_mux_X280_Y23_N0_I53       ; Vertical_seam_tap_mux     ; CLOCK_SEGMENT_TAP_MUX                                                                                                                                                                                        ;
;   -0.317 ;   0.043  ; RR ; RE   ; 1      ; Switchbox_clock_mux_X280_Y43_N0_I197        ; Switchbox_clock_mux       ; CLOCK_SEGMENT_MUX                                                                                                                                                                                            ;
;   -0.226 ;   0.091  ; RR ; RE   ; 1      ; Switchbox_clock_mux_X280_Y43_N0_I105        ; Switchbox_clock_mux       ; CLOCK_SEGMENT_MUX                                                                                                                                                                                            ;
;   -0.196 ;   0.030  ; RF ; RE   ; 1      ; Vertical_seam_tap_mux_X280_Y64_N0_I165      ; Vertical_seam_tap_mux     ; CLOCK_SEGMENT_TAP_MUX                                                                                                                                                                                        ;
;   -0.141 ;   0.055  ; FR ; RE   ; 1      ; Vertical_seam_tap_mux_X280_Y64_N0_I53       ; Vertical_seam_tap_mux     ; CLOCK_SEGMENT_TAP_MUX                                                                                                                                                                                        ;
;   -0.098 ;   0.043  ; RR ; RE   ; 1      ; Switchbox_clock_mux_X280_Y84_N0_I197        ; Switchbox_clock_mux       ; CLOCK_SEGMENT_MUX                                                                                                                                                                                            ;
;   -0.014 ;   0.084  ; RR ; RE   ; 1      ; Switchbox_clock_mux_X280_Y84_N0_I105        ; Switchbox_clock_mux       ; CLOCK_SEGMENT_MUX                                                                                                                                                                                            ;
;   0.017  ;   0.031  ; RF ; RE   ; 1      ; Vertical_seam_tap_mux_X280_Y105_N0_I165     ; Vertical_seam_tap_mux     ; CLOCK_SEGMENT_TAP_MUX                                                                                                                                                                                        ;
;   0.071  ;   0.054  ; FR ; RE   ; 1      ; Vertical_seam_tap_mux_X280_Y105_N0_I53      ; Vertical_seam_tap_mux     ; CLOCK_SEGMENT_TAP_MUX                                                                                                                                                                                        ;
;   0.114  ;   0.043  ; RR ; RE   ; 1      ; Switchbox_clock_mux_X280_Y125_N0_I197       ; Switchbox_clock_mux       ; CLOCK_SEGMENT_MUX                                                                                                                                                                                            ;
;   0.198  ;   0.084  ; RR ; RE   ; 1      ; Switchbox_clock_mux_X280_Y125_N0_I105       ; Switchbox_clock_mux       ; CLOCK_SEGMENT_MUX                                                                                                                                                                                            ;
;   0.229  ;   0.031  ; RF ; RE   ; 1      ; Vertical_seam_tap_mux_X280_Y146_N0_I165     ; Vertical_seam_tap_mux     ; CLOCK_SEGMENT_TAP_MUX                                                                                                                                                                                        ;
;   0.283  ;   0.054  ; FR ; RE   ; 1      ; Vertical_seam_tap_mux_X280_Y146_N0_I53      ; Vertical_seam_tap_mux     ; CLOCK_SEGMENT_TAP_MUX                                                                                                                                                                                        ;
;   0.326  ;   0.043  ; RR ; RE   ; 1      ; Switchbox_clock_mux_X280_Y166_N0_I197       ; Switchbox_clock_mux       ; CLOCK_SEGMENT_MUX                                                                                                                                                                                            ;
;   0.520  ;   0.194  ; RR ; RE   ; 1      ; Switchbox_clock_mux_X280_Y166_N0_I106       ; Switchbox_clock_mux       ; CLOCK_SEGMENT_MUX                                                                                                                                                                                            ;
;   0.565  ;   0.045  ; RR ; RE   ; 1      ; Switchbox_clock_mux_X226_Y166_N0_I229       ; Switchbox_clock_mux       ; CLOCK_SEGMENT_MUX                                                                                                                                                                                            ;
;   0.608  ;   0.043  ; RR ; RE   ; 2      ; Switchbox_clock_mux_X226_Y166_N0_I153       ; Switchbox_clock_mux       ; CLOCK_SEGMENT_MUX                                                                                                                                                                                            ;
;   0.693  ;   0.085  ; RR ; RE   ; 1      ; Switchbox_clock_mux_X226_Y166_N0_I103       ; Switchbox_clock_mux       ; CLOCK_SEGMENT_MUX                                                                                                                                                                                            ;
;   0.724  ;   0.031  ; RF ; RE   ; 1      ; Vertical_seam_tap_mux_X226_Y146_N0_I134     ; Vertical_seam_tap_mux     ; CLOCK_SEGMENT_TAP_MUX                                                                                                                                                                                        ;
;   0.779  ;   0.055  ; FR ; RE   ; 1      ; Vertical_seam_tap_mux_X226_Y146_N0_I50      ; Vertical_seam_tap_mux     ; CLOCK_SEGMENT_TAP_MUX                                                                                                                                                                                        ;
;   0.824  ;   0.045  ; RR ; RE   ; 1      ; Switchbox_clock_mux_X226_Y125_N0_I166       ; Switchbox_clock_mux       ; CLOCK_SEGMENT_MUX                                                                                                                                                                                            ;
;   0.910  ;   0.086  ; RR ; RE   ; 1      ; Switchbox_clock_mux_X226_Y125_N0_I103       ; Switchbox_clock_mux       ; CLOCK_SEGMENT_MUX                                                                                                                                                                                            ;
;   0.940  ;   0.030  ; RF ; RE   ; 1      ; Vertical_seam_tap_mux_X226_Y105_N0_I134     ; Vertical_seam_tap_mux     ; CLOCK_SEGMENT_TAP_MUX                                                                                                                                                                                        ;
;   0.996  ;   0.056  ; FR ; RE   ; 1      ; Vertical_seam_tap_mux_X226_Y105_N0_I50      ; Vertical_seam_tap_mux     ; CLOCK_SEGMENT_TAP_MUX                                                                                                                                                                                        ;
;   1.041  ;   0.045  ; RR ; RE   ; 2      ; Switchbox_clock_mux_X226_Y84_N0_I166        ; Switchbox_clock_mux       ; CLOCK_SEGMENT_MUX                                                                                                                                                                                            ;
;   1.244  ;   0.203  ; RR ; RE   ; 1      ; Switchbox_clock_mux_X226_Y84_N0_I102        ; Switchbox_clock_mux       ; CLOCK_SEGMENT_MUX                                                                                                                                                                                            ;
;   1.288  ;   0.044  ; RR ; RE   ; 1      ; Switchbox_clock_mux_X280_Y84_N0_I230        ; Switchbox_clock_mux       ; CLOCK_SEGMENT_MUX                                                                                                                                                                                            ;
;   1.481  ;   0.193  ; RR ; RE   ; 1      ; Switchbox_clock_mux_X280_Y84_N0_I100        ; Switchbox_clock_mux       ; CLOCK_SEGMENT_MUX                                                                                                                                                                                            ;
;   1.525  ;   0.044  ; RR ; RE   ; 2      ; Switchbox_clock_mux_X334_Y84_N0_I230        ; Switchbox_clock_mux       ; CLOCK_SEGMENT_MUX                                                                                                                                                                                            ;
;   1.611  ;   0.086  ; RR ; RE   ; 1      ; Switchbox_clock_mux_X334_Y84_N0_I103        ; Switchbox_clock_mux       ; CLOCK_SEGMENT_MUX                                                                                                                                                                                            ;
;   1.641  ;   0.030  ; RF ; RE   ; 1      ; Vertical_seam_tap_mux_X334_Y64_N0_I134      ; Vertical_seam_tap_mux     ; CLOCK_SEGMENT_TAP_MUX                                                                                                                                                                                        ;
;   1.696  ;   0.055  ; FR ; RE   ; 1      ; Vertical_seam_tap_mux_X334_Y64_N0_I50       ; Vertical_seam_tap_mux     ; CLOCK_SEGMENT_TAP_MUX                                                                                                                                                                                        ;
;   1.741  ;   0.045  ; RR ; RE   ; 2      ; Switchbox_clock_mux_X334_Y43_N0_I166        ; Switchbox_clock_mux       ; CLOCK_SEGMENT_MUX                                                                                                                                                                                            ;
;   1.942  ;   0.201  ; RR ; RE   ; 1      ; Switchbox_clock_mux_X334_Y43_N0_I102        ; Switchbox_clock_mux       ; CLOCK_SEGMENT_MUX                                                                                                                                                                                            ;
;   1.988  ;   0.046  ; RR ; RE   ; 2      ; Switchbox_clock_mux_X280_Y43_N0_I262        ; Switchbox_clock_mux       ; CLOCK_SEGMENT_MUX                                                                                                                                                                                            ;
;   2.079  ;   0.091  ; RR ; RE   ; 1      ; Switchbox_clock_mux_X280_Y43_N0_I101        ; Switchbox_clock_mux       ; CLOCK_SEGMENT_MUX                                                                                                                                                                                            ;
;   2.121  ;   0.042  ; RR ; RE   ; 2      ; Vertical_seam_tap_mux_X280_Y64_N0_I166      ; Vertical_seam_tap_mux     ; CLOCK_SEGMENT_TAP_MUX                                                                                                                                                                                        ;
;   2.210  ;   0.089  ; RR ; RE   ; 1      ; Vertical_seam_tap_mux_X280_Y64_N0_I115      ; Vertical_seam_tap_mux     ; CLOCK_SEGMENT_TAP_MUX                                                                                                                                                                                        ;
;   2.328  ;   0.118  ; RR ; RE   ; 1      ; SPINE_TAP_RE_X253_Y64_N103_I89              ; SPINE_TAP_RE              ; SPINE_TAP_RE                                                                                                                                                                                                 ;
;   2.338  ;   0.010  ; RR ; RE   ; 41     ; SPINE_TAP_RE_X253_Y64_N103_I25              ; SPINE_TAP_RE              ; SPINE_TAP_RE                                                                                                                                                                                                 ;
;   2.589  ;   0.251  ; RR ; RE   ; 2      ; SCLKMUX_RE_X253_Y67_N188_I25                ; SCLKMUX_RE                ; SCLKMUX_RE                                                                                                                                                                                                   ;
;   2.598  ;   0.009  ; RR ; RE   ; 16     ; SCLKMUX_RE_X253_Y67_N188_I40                ; SCLKMUX_RE                ; SCLKMUX_RE                                                                                                                                                                                                   ;
;   2.631  ;   0.033  ; RR ; RE   ; 1      ; ROWCLK_TAPOFF_X255_Y67_N0_I3                ; Row Clock Tap-Off         ; ROWCLK_TAPOFF                                                                                                                                                                                                ;
;   2.664  ;   0.033  ; RR ; RE   ; 1      ; GLOBAL_LOCAL_SEL_X255_Y67_N0_I2             ; GLOBAL_LOCAL_SEL          ; GLOBAL_LOCAL_SEL                                                                                                                                                                                             ;
;   2.685  ;   0.021  ; RR ; RE   ; 1      ; RPII_X255_Y67_N0_I2                         ; Programmable Invert Input ; RPII                                                                                                                                                                                                         ;
;   2.685  ;   0.000  ; RR ; RE   ; 1      ; RPI_X255_Y67_N0_I2                          ; Programmable Invert       ; RPI                                                                                                                                                                                                          ;
;   2.685  ;   0.000  ; RR ; RE   ; 25     ; LAB_RE_X255_Y67_N0_I83                      ; LAB_RE                    ; clka                                                                                                                                                                                                         ;
;   2.685  ;   0.000  ;    ; IC   ; 1      ; FF_X255_Y67_N75                             ; Hyper-Register            ; afu_top|pg_afu.port_gasket|pr_slot|afu_main|port_afu_instances|ofs_plat_afu|core|dma|csr_mgr_inst|dst_last_q[57]~SCLR_dff|clk                                                                                ;
;   2.685  ;   0.000  ; RR ; CELL ; 1      ; FF_X255_Y67_N75                             ; Hyper-Register            ; afu_top|pg_afu.port_gasket|pr_slot|afu_main|port_afu_instances|ofs_plat_afu|core|dma|csr_mgr_inst|dst_last_q[57]~SCLR_dff                                                                                    ;
; 3.585    ; 0.900    ;    ;      ;        ;                                             ;                           ; data path                                                                                                                                                                                                    ;
;   2.903  ;   0.218  ; RR ; uTco ; 2      ; FF_X255_Y67_N75                             ; Hyper-Register            ; afu_top|pg_afu.port_gasket|pr_slot|afu_main|port_afu_instances|ofs_plat_afu|core|dma|csr_mgr_inst|dst_last_q[57]~SCLR_dff|q                                                                                  ;
;   2.903  ;   0.000  ; RR ; CELL ; 1      ; FF_X255_Y67_N47                             ; Bypassed ALM Register     ; afu_top|pg_afu.port_gasket|pr_slot|afu_main|port_afu_instances|ofs_plat_afu|core|dma|csr_mgr_inst|dst_last_q[64]~.comb|sclr                                                                                  ;
;   3.001  ;   0.098  ; RF ; CELL ; 3      ; FF_X255_Y67_N47                             ; Bypassed ALM Register     ; afu_top|pg_afu.port_gasket|pr_slot|afu_main|port_afu_instances|ofs_plat_afu|core|dma|csr_mgr_inst|dst_last_q[64]~.comb|q                                                                                     ;
;   3.001  ;   0.000  ; FF ; RE   ; 1      ; FF_X255_Y67_N47                             ; Bypassed ALM Register     ; FF                                                                                                                                                                                                           ;
;   3.008  ;   0.007  ; FF ; RE   ; 2      ; LAB_RE_X255_Y67_N0_I120                     ; LAB_RE                    ; LAB_RE                                                                                                                                                                                                       ;
;   3.042  ;   0.034  ; FF ; RE   ; 1      ; R1_X256_Y67_N0_I28                          ; R1 interconnect           ; H1                                                                                                                                                                                                           ;
;   3.089  ;   0.047  ; FF ; RE   ; 1      ; R2_X257_Y67_N0_I14                          ; R2 interconnect           ; H2                                                                                                                                                                                                           ;
;   3.121  ;   0.032  ; FR ; RE   ; 3      ; LOCAL_INTERCONNECT_X258_Y67_N0_I50          ; Block interconnect        ; LAB_LINE                                                                                                                                                                                                     ;
;   3.147  ;   0.026  ; RF ; RE   ; 1      ; BLOCK_INPUT_MUX_PASSTHROUGH_X258_Y67_N0_I58 ; Block Input Mux           ; LEIM                                                                                                                                                                                                         ;
;   3.147  ;   0.000  ; FF ; RE   ; 1      ; LAB_RE_X258_Y67_N0_I56                      ; LAB_RE                    ; leime[7]                                                                                                                                                                                                     ;
;   3.147  ;   0.000  ;    ; IC   ; 1      ; MLABCELL_X258_Y67_N45                       ; Combinational cell        ; afu_top|pg_afu.port_gasket|pr_slot|afu_main|port_afu_instances|ofs_plat_afu|core|dma|csr_mgr_inst|i919~36xsyn_46|datae                                                                                       ;
;   3.223  ;   0.076  ; FF ; CELL ; 1      ; MLABCELL_X258_Y67_N45                       ; Combinational cell        ; afu_top|pg_afu.port_gasket|pr_slot|afu_main|port_afu_instances|ofs_plat_afu|core|dma|csr_mgr_inst|i919~36xsyn_46|combout                                                                                     ;
;   3.223  ;   0.000  ; FF ; RE   ; 1      ; MLABCELL_X258_Y67_N45                       ; Combinational cell        ; MP_MLAB_COMB                                                                                                                                                                                                 ;
;   3.228  ;   0.005  ; FF ; RE   ; 1      ; LAB_RE_X258_Y67_N0_I120                     ; LAB_RE                    ; LAB_RE                                                                                                                                                                                                       ;
;   3.250  ;   0.022  ; FR ; RE   ; 1      ; LOCAL_INTERCONNECT_X258_Y67_N0_I60          ; Block interconnect        ; LAB_LINE                                                                                                                                                                                                     ;
;   3.275  ;   0.025  ; RF ; RE   ; 1      ; BLOCK_INPUT_MUX_PASSTHROUGH_X258_Y67_N0_I74 ; Block Input Mux           ; LEIM                                                                                                                                                                                                         ;
;   3.275  ;   0.000  ; FF ; RE   ; 1      ; LAB_RE_X258_Y67_N0_I72                      ; LAB_RE                    ; leime[9]                                                                                                                                                                                                     ;
;   3.275  ;   0.000  ;    ; IC   ; 1      ; MLABCELL_X258_Y67_N57                       ; Combinational cell        ; afu_top|pg_afu.port_gasket|pr_slot|afu_main|port_afu_instances|ofs_plat_afu|core|dma|csr_mgr_inst|i919~42xsyn|datae                                                                                          ;
;   3.350  ;   0.075  ; FF ; CELL ; 1      ; MLABCELL_X258_Y67_N57                       ; Combinational cell        ; afu_top|pg_afu.port_gasket|pr_slot|afu_main|port_afu_instances|ofs_plat_afu|core|dma|csr_mgr_inst|i919~42xsyn|combout                                                                                        ;
;   3.350  ;   0.000  ; FF ; RE   ; 1      ; MLABCELL_X258_Y67_N57                       ; Combinational cell        ; MP_MLAB_COMB                                                                                                                                                                                                 ;
;   3.354  ;   0.004  ; FF ; RE   ; 1      ; LAB_RE_X258_Y67_N0_I125                     ; LAB_RE                    ; LAB_RE                                                                                                                                                                                                       ;
;   3.393  ;   0.039  ; FF ; RE   ; 1      ; C1_X258_Y67_N0_I36                          ; C1 interconnect           ; V1                                                                                                                                                                                                           ;
;   3.424  ;   0.031  ; FF ; RE   ; 1      ; C1_X258_Y68_N0_I36                          ; C1 interconnect           ; V1                                                                                                                                                                                                           ;
;   3.446  ;   0.022  ; FR ; RE   ; 1      ; LOCAL_INTERCONNECT_X258_Y69_N0_I76          ; Block interconnect        ; LAB_LINE                                                                                                                                                                                                     ;
;   3.472  ;   0.026  ; RF ; RE   ; 1      ; BLOCK_INPUT_MUX_PASSTHROUGH_X258_Y69_N0_I66 ; Block Input Mux           ; LEIM                                                                                                                                                                                                         ;
;   3.472  ;   0.000  ; FF ; RE   ; 1      ; LAB_RE_X258_Y69_N0_I64                      ; LAB_RE                    ; leime[8]                                                                                                                                                                                                     ;
;   3.472  ;   0.000  ;    ; IC   ; 1      ; MLABCELL_X258_Y69_N51                       ; Combinational cell        ; afu_top|pg_afu.port_gasket|pr_slot|afu_main|port_afu_instances|ofs_plat_afu|core|dma|csr_mgr_inst|Select_0~10xsyn|datae                                                                                      ;
;   3.513  ;   0.041  ; FF ; CELL ; 4      ; MLABCELL_X258_Y69_N51                       ; Combinational cell        ; afu_top|pg_afu.port_gasket|pr_slot|afu_main|port_afu_instances|ofs_plat_afu|core|dma|csr_mgr_inst|Select_0~10xsyn|combout                                                                                    ;
;   3.513  ;   0.000  ; FF ; RE   ; 1      ; MLABCELL_X258_Y69_N51                       ; Combinational cell        ; MP_MLAB_COMB                                                                                                                                                                                                 ;
;   3.516  ;   0.003  ; FF ; RE   ; 1      ; LAB_RE_X258_Y69_N0_I147                     ; LAB_RE                    ; LAB_RE                                                                                                                                                                                                       ;
;   3.559  ;   0.043  ; FF ; RE   ; 2      ; C1_X258_Y69_N0_I30                          ; C1 interconnect           ; V1                                                                                                                                                                                                           ;
;   3.585  ;   0.026  ; FR ; RE   ; 2      ; LOCAL_INTERCONNECT_X258_Y70_N0_I65          ; Block interconnect        ; LAB_LINE                                                                                                                                                                                                     ;
;   3.585  ;   0.000  ;    ; IC   ; 1      ; BLOCK_INPUT_MUX_PASSTHROUGH_X258_Y70_N0_I71 ; Hyper-Register            ; afu_top|pg_afu.port_gasket|pr_slot|afu_main|port_afu_instances|ofs_plat_afu|core|dma|csr_mgr_inst|Select_0~10xsyn_BLOCK_INPUT_MUX_PASSTHROUGH_X258_Y70_N0_I71_dff|d                                          ;
;   3.585  ;   0.000  ; RR ; CELL ; 1      ; BLOCK_INPUT_MUX_PASSTHROUGH_X258_Y70_N0_I71 ; Hyper-Register            ; afu_top|pg_afu.port_gasket|pr_slot|afu_main|port_afu_instances|ofs_plat_afu|core|dma|csr_mgr_inst|Select_0~10xsyn_BLOCK_INPUT_MUX_PASSTHROUGH_X258_Y70_N0_I71_dff                                            ;
+----------+----------+----+------+--------+---------------------------------------------+---------------------------+--------------------------------------------------------------------------------------------------------------------------------------------------------------------------------------------------------------+

+------------------------------------------------------------------------------------------------------------------------------------------------------------------------------------------------------------------------------------------------------------------------------------------------------------------------------------+
; Data Required Path                                                                                                                                                                                                                                                                                                                 ;
+----------+----------+----+------+--------+---------------------------------------------+----------------------------+--------------------------------------------------------------------------------------------------------------------------------------------------------------------------------------------------------------+
; Total    ; Incr     ; RF ; Type ; Fanout ; Location                                    ; Element Type               ; Element                                                                                                                                                                                                      ;
+----------+----------+----+------+--------+---------------------------------------------+----------------------------+--------------------------------------------------------------------------------------------------------------------------------------------------------------------------------------------------------------+
; 0.000    ; 0.000    ;    ;      ;        ;                                             ;                            ; latch edge time                                                                                                                                                                                              ;
; 2.756    ; 2.756    ;    ;      ;        ;                                             ;                            ; clock path                                                                                                                                                                                                   ;
;   0.000  ;   0.000  ;    ;      ;        ;                                             ;                            ; source latency                                                                                                                                                                                               ;
;   0.000  ;   0.000  ;    ;      ; 1      ; PIN_HF23                                    ; I/O pad                    ; ddr4_mem_ref_clk[0].clk                                                                                                                                                                                      ;
;   0.000  ;   0.000  ;    ; IC   ; 1      ; IOIBUF_X280_Y0_N376                         ; I/O input buffer           ; ddr4_mem_ref_clk[0].clk~input|i                                                                                                                                                                              ;
;   0.129  ;   0.129  ; RR ; CELL ; 2      ; IOIBUF_X280_Y0_N376                         ; I/O input buffer           ; ddr4_mem_ref_clk[0].clk~input|o                                                                                                                                                                              ;
;   1.109  ;   0.980  ; RR ; CELL ; 1      ; REFCLKINPUT_X281_Y0_N301                    ; I/O reference clock tree   ; local_mem_wrapper|mem_ss_top|mem_ss_sv|mem_ss|mem_ss|emif_0|emif_0|arch|arch_inst|pll_inst|pll_inst~refclk|ref_clk_in                                                                                        ;
;   1.295  ;   0.186  ; RR ; CELL ; 3      ; REFCLKINPUT_X281_Y0_N301                    ; I/O reference clock tree   ; local_mem_wrapper|mem_ss_top|mem_ss_sv|mem_ss|mem_ss|emif_0|emif_0|arch|arch_inst|pll_inst|pll_inst~refclk|ref0_to_btm                                                                                       ;
;   1.775  ;   0.480  ; RR ; CELL ; 1      ; REFCLKINPUT_X281_Y0_N301                    ; I/O reference clock tree   ; local_mem_wrapper|mem_ss_top|mem_ss_sv|mem_ss|mem_ss|emif_0|emif_0|arch|arch_inst|pll_inst|pll_inst~refclk|clk_out                                                                                           ;
;   1.775  ;   0.000  ; RR ; CELL ; 1      ; IOPLL_X281_Y0_N303                          ; IOPLL                      ; local_mem_wrapper|mem_ss_top|mem_ss_sv|mem_ss|mem_ss|emif_0|emif_0|arch|arch_inst|pll_inst|pll_inst|pll_cascade_in                                                                                           ;
;   1.984  ;   0.209  ; RR ; CELL ; 2      ; IOPLL_X281_Y0_N303                          ; IOPLL                      ; local_mem_wrapper|mem_ss_top|mem_ss_sv|mem_ss|mem_ss|emif_0|emif_0|arch|arch_inst|pll_inst|pll_inst~fmio96fs_wr/x0/fmio96_core_inst/fmio48tile_top/x5/u4_3/x0/xiopll_custom/xclkin_sw/xpm_pll_so/clk[0]      ;
;   2.173  ;   0.189  ; RR ; CELL ; 2      ; IOPLL_X281_Y0_N303                          ; IOPLL                      ; local_mem_wrapper|mem_ss_top|mem_ss_sv|mem_ss|mem_ss|emif_0|emif_0|arch|arch_inst|pll_inst|pll_inst~fmio96fs_wr/x0/fmio96_core_inst/fmio48tile_top/x5/u4_3/x0/xiopll_custom/xiopll_core/xncnt_iopll/clk      ;
;   2.350  ;   0.177  ; RR ; CELL ; 3      ; IOPLL_X281_Y0_N303                          ; IOPLL                      ; local_mem_wrapper|mem_ss_top|mem_ss_sv|mem_ss|mem_ss|emif_0|emif_0|arch|arch_inst|pll_inst|pll_inst~pllnout                                                                                                  ;
;   2.491  ;   0.141  ; RF ; CELL ; 1      ; IOPLL_X281_Y0_N303                          ; IOPLL                      ; local_mem_wrapper|mem_ss_top|mem_ss_sv|mem_ss|mem_ss|emif_0|emif_0|arch|arch_inst|pll_inst|pll_inst~vco_refclk                                                                                               ;
;   2.498  ;   0.007  ; FR ; CELL ; 1      ; IOPLL_X281_Y0_N303                          ; IOPLL                      ; local_mem_wrapper|mem_ss_top|mem_ss_sv|mem_ss|mem_ss|emif_0|emif_0|arch|arch_inst|pll_inst|pll_inst~vctrl                                                                                                    ;
;   1.724  ;   -0.774 ; RR ; COMP ; 1      ; IOPLL_X281_Y0_N303                          ; IOPLL                      ; local_mem_wrapper|mem_ss_top|mem_ss_sv|mem_ss|mem_ss|emif_0|emif_0|arch|arch_inst|pll_inst|pll_inst~vcoph[0]                                                                                                 ;
;   1.724  ;   0.000  ; RR ; CELL ; 10     ; IOPLL_X281_Y0_N303                          ; IOPLL                      ; local_mem_wrapper|mem_ss_top|mem_ss_sv|mem_ss|mem_ss|emif_0|emif_0|arch|arch_inst|pll_inst|pll_inst|vcoph[0]                                                                                                 ;
;   1.724  ;   0.000  ; RR ; CELL ; 3      ; TILECTRL_X281_Y0_N298                       ; I/O tile control logic     ; local_mem_wrapper|mem_ss_top|mem_ss_sv|mem_ss|mem_ss|emif_0|emif_0|arch|arch_inst|io_tiles_wrap_inst|io_tiles_inst|tile_gen[1].tile_ctrl_inst|pll_vco_in[0]                                                  ;
;   -0.781 ;   -2.505 ; RR ; COMP ; 1      ; TILECTRL_X281_Y0_N298                       ; I/O tile control logic     ; local_mem_wrapper|mem_ss_top|mem_ss_sv|mem_ss|mem_ss|emif_0|emif_0|arch|arch_inst|io_tiles_wrap_inst|io_tiles_inst|tile_gen[1].tile_ctrl_inst|pa_core_clk_out[0]                                             ;
;   -0.126 ;   0.655  ; RR ; CELL ; 16258  ; TILECTRL_X281_Y0_N298                       ; I/O tile control logic     ; local_mem_wrapper|mem_ss_top|mem_ss_sv|mem_ss|mem_ss|emif_0|emif_0|arch|arch_inst|io_tiles_wrap_inst|io_tiles_inst|tile_gen[1].tile_ctrl_inst~fmio96fs_wr/m32_0_29__iophasealignment_to_dcm__core_clk_out[1] ;
;   -0.126 ;   0.000  ;    ; IC   ; 1      ; Boundary Port                               ; N/A                        ; afu_top|pg_afu.port_gasket|pr_slot|afu_main|ext_mem_if[0].clk|input                                                                                                                                          ;
;   -0.126 ;   0.000  ; RR ; CELL ; 105325 ; Boundary Port                               ; N/A                        ; afu_top|pg_afu.port_gasket|pr_slot|afu_main|ext_mem_if[0].clk                                                                                                                                                ;
;   -0.126 ;   0.000  ; RR ; RE   ; 1      ; TILECTRL_X281_Y0_N298                       ; I/O tile control logic     ; TILE_CTRL                                                                                                                                                                                                    ;
;   -0.054 ;   0.072  ; RR ; RE   ; 1      ; IO96FSWRRE_X280_Y0_N0_I3537                 ; IO96FS_WR_RE               ; IO96FS_WR_RE                                                                                                                                                                                                 ;
;   0.040  ;   0.094  ; RR ; RE   ; 1      ; DCM_mux_X307_Y2_N0_I29                      ; DCM_mux                    ; CC_DCM_GMUX_RE                                                                                                                                                                                               ;
;   0.118  ;   0.078  ; RR ; RE   ; 1      ; IO_P2C_RE_X280_Y2_N150_I75                  ; IO_P2C_RE                  ; IO_P2C_RE                                                                                                                                                                                                    ;
;   0.138  ;   0.020  ; RR ; RE   ; 1      ; IO_P2C_RE_X280_Y2_N150_I26                  ; IO_P2C_RE                  ; IO_P2C_RE                                                                                                                                                                                                    ;
;   0.189  ;   0.051  ; RR ; RE   ; 1      ; Switchbox_clock_mux_X280_Y2_N0_I197         ; Switchbox_clock_mux        ; CLOCK_SEGMENT_MUX                                                                                                                                                                                            ;
;   0.289  ;   0.100  ; RR ; RE   ; 1      ; Switchbox_clock_mux_X280_Y2_N0_I105         ; Switchbox_clock_mux        ; CLOCK_SEGMENT_MUX                                                                                                                                                                                            ;
;   0.323  ;   0.034  ; RF ; RE   ; 1      ; Vertical_seam_tap_mux_X280_Y23_N0_I165      ; Vertical_seam_tap_mux      ; CLOCK_SEGMENT_TAP_MUX                                                                                                                                                                                        ;
;   0.382  ;   0.059  ; FR ; RE   ; 1      ; Vertical_seam_tap_mux_X280_Y23_N0_I53       ; Vertical_seam_tap_mux      ; CLOCK_SEGMENT_TAP_MUX                                                                                                                                                                                        ;
;   0.430  ;   0.048  ; RR ; RE   ; 1      ; Switchbox_clock_mux_X280_Y43_N0_I197        ; Switchbox_clock_mux        ; CLOCK_SEGMENT_MUX                                                                                                                                                                                            ;
;   0.530  ;   0.100  ; RR ; RE   ; 1      ; Switchbox_clock_mux_X280_Y43_N0_I105        ; Switchbox_clock_mux        ; CLOCK_SEGMENT_MUX                                                                                                                                                                                            ;
;   0.564  ;   0.034  ; RF ; RE   ; 1      ; Vertical_seam_tap_mux_X280_Y64_N0_I165      ; Vertical_seam_tap_mux      ; CLOCK_SEGMENT_TAP_MUX                                                                                                                                                                                        ;
;   0.623  ;   0.059  ; FR ; RE   ; 1      ; Vertical_seam_tap_mux_X280_Y64_N0_I53       ; Vertical_seam_tap_mux      ; CLOCK_SEGMENT_TAP_MUX                                                                                                                                                                                        ;
;   0.671  ;   0.048  ; RR ; RE   ; 1      ; Switchbox_clock_mux_X280_Y84_N0_I197        ; Switchbox_clock_mux        ; CLOCK_SEGMENT_MUX                                                                                                                                                                                            ;
;   0.763  ;   0.092  ; RR ; RE   ; 1      ; Switchbox_clock_mux_X280_Y84_N0_I105        ; Switchbox_clock_mux        ; CLOCK_SEGMENT_MUX                                                                                                                                                                                            ;
;   0.798  ;   0.035  ; RF ; RE   ; 1      ; Vertical_seam_tap_mux_X280_Y105_N0_I165     ; Vertical_seam_tap_mux      ; CLOCK_SEGMENT_TAP_MUX                                                                                                                                                                                        ;
;   0.857  ;   0.059  ; FR ; RE   ; 1      ; Vertical_seam_tap_mux_X280_Y105_N0_I53      ; Vertical_seam_tap_mux      ; CLOCK_SEGMENT_TAP_MUX                                                                                                                                                                                        ;
;   0.905  ;   0.048  ; RR ; RE   ; 1      ; Switchbox_clock_mux_X280_Y125_N0_I197       ; Switchbox_clock_mux        ; CLOCK_SEGMENT_MUX                                                                                                                                                                                            ;
;   0.997  ;   0.092  ; RR ; RE   ; 1      ; Switchbox_clock_mux_X280_Y125_N0_I105       ; Switchbox_clock_mux        ; CLOCK_SEGMENT_MUX                                                                                                                                                                                            ;
;   1.031  ;   0.034  ; RF ; RE   ; 1      ; Vertical_seam_tap_mux_X280_Y146_N0_I165     ; Vertical_seam_tap_mux      ; CLOCK_SEGMENT_TAP_MUX                                                                                                                                                                                        ;
;   1.090  ;   0.059  ; FR ; RE   ; 1      ; Vertical_seam_tap_mux_X280_Y146_N0_I53      ; Vertical_seam_tap_mux      ; CLOCK_SEGMENT_TAP_MUX                                                                                                                                                                                        ;
;   1.139  ;   0.049  ; RR ; RE   ; 1      ; Switchbox_clock_mux_X280_Y166_N0_I197       ; Switchbox_clock_mux        ; CLOCK_SEGMENT_MUX                                                                                                                                                                                            ;
;   1.350  ;   0.211  ; RR ; RE   ; 1      ; Switchbox_clock_mux_X280_Y166_N0_I106       ; Switchbox_clock_mux        ; CLOCK_SEGMENT_MUX                                                                                                                                                                                            ;
;   1.400  ;   0.050  ; RR ; RE   ; 1      ; Switchbox_clock_mux_X226_Y166_N0_I229       ; Switchbox_clock_mux        ; CLOCK_SEGMENT_MUX                                                                                                                                                                                            ;
;   1.449  ;   0.049  ; RR ; RE   ; 2      ; Switchbox_clock_mux_X226_Y166_N0_I153       ; Switchbox_clock_mux        ; CLOCK_SEGMENT_MUX                                                                                                                                                                                            ;
;   1.543  ;   0.094  ; RR ; RE   ; 1      ; Switchbox_clock_mux_X226_Y166_N0_I103       ; Switchbox_clock_mux        ; CLOCK_SEGMENT_MUX                                                                                                                                                                                            ;
;   1.577  ;   0.034  ; RF ; RE   ; 1      ; Vertical_seam_tap_mux_X226_Y146_N0_I134     ; Vertical_seam_tap_mux      ; CLOCK_SEGMENT_TAP_MUX                                                                                                                                                                                        ;
;   1.636  ;   0.059  ; FR ; RE   ; 1      ; Vertical_seam_tap_mux_X226_Y146_N0_I50      ; Vertical_seam_tap_mux      ; CLOCK_SEGMENT_TAP_MUX                                                                                                                                                                                        ;
;   1.687  ;   0.051  ; RR ; RE   ; 1      ; Switchbox_clock_mux_X226_Y125_N0_I166       ; Switchbox_clock_mux        ; CLOCK_SEGMENT_MUX                                                                                                                                                                                            ;
;   1.781  ;   0.094  ; RR ; RE   ; 1      ; Switchbox_clock_mux_X226_Y125_N0_I103       ; Switchbox_clock_mux        ; CLOCK_SEGMENT_MUX                                                                                                                                                                                            ;
;   1.815  ;   0.034  ; RF ; RE   ; 1      ; Vertical_seam_tap_mux_X226_Y105_N0_I134     ; Vertical_seam_tap_mux      ; CLOCK_SEGMENT_TAP_MUX                                                                                                                                                                                        ;
;   1.875  ;   0.060  ; FR ; RE   ; 1      ; Vertical_seam_tap_mux_X226_Y105_N0_I50      ; Vertical_seam_tap_mux      ; CLOCK_SEGMENT_TAP_MUX                                                                                                                                                                                        ;
;   1.926  ;   0.051  ; RR ; RE   ; 2      ; Switchbox_clock_mux_X226_Y84_N0_I166        ; Switchbox_clock_mux        ; CLOCK_SEGMENT_MUX                                                                                                                                                                                            ;
;   2.147  ;   0.221  ; RR ; RE   ; 1      ; Switchbox_clock_mux_X226_Y84_N0_I102        ; Switchbox_clock_mux        ; CLOCK_SEGMENT_MUX                                                                                                                                                                                            ;
;   2.198  ;   0.051  ; RR ; RE   ; 1      ; Switchbox_clock_mux_X280_Y84_N0_I230        ; Switchbox_clock_mux        ; CLOCK_SEGMENT_MUX                                                                                                                                                                                            ;
;   2.407  ;   0.209  ; RR ; RE   ; 1      ; Switchbox_clock_mux_X280_Y84_N0_I100        ; Switchbox_clock_mux        ; CLOCK_SEGMENT_MUX                                                                                                                                                                                            ;
;   2.458  ;   0.051  ; RR ; RE   ; 2      ; Switchbox_clock_mux_X334_Y84_N0_I230        ; Switchbox_clock_mux        ; CLOCK_SEGMENT_MUX                                                                                                                                                                                            ;
;   2.552  ;   0.094  ; RR ; RE   ; 1      ; Switchbox_clock_mux_X334_Y84_N0_I103        ; Switchbox_clock_mux        ; CLOCK_SEGMENT_MUX                                                                                                                                                                                            ;
;   2.586  ;   0.034  ; RF ; RE   ; 1      ; Vertical_seam_tap_mux_X334_Y64_N0_I134      ; Vertical_seam_tap_mux      ; CLOCK_SEGMENT_TAP_MUX                                                                                                                                                                                        ;
;   2.645  ;   0.059  ; FR ; RE   ; 1      ; Vertical_seam_tap_mux_X334_Y64_N0_I50       ; Vertical_seam_tap_mux      ; CLOCK_SEGMENT_TAP_MUX                                                                                                                                                                                        ;
;   2.695  ;   0.050  ; RR ; RE   ; 2      ; Switchbox_clock_mux_X334_Y43_N0_I166        ; Switchbox_clock_mux        ; CLOCK_SEGMENT_MUX                                                                                                                                                                                            ;
;   2.915  ;   0.220  ; RR ; RE   ; 1      ; Switchbox_clock_mux_X334_Y43_N0_I102        ; Switchbox_clock_mux        ; CLOCK_SEGMENT_MUX                                                                                                                                                                                            ;
;   2.967  ;   0.052  ; RR ; RE   ; 2      ; Switchbox_clock_mux_X280_Y43_N0_I262        ; Switchbox_clock_mux        ; CLOCK_SEGMENT_MUX                                                                                                                                                                                            ;
;   3.066  ;   0.099  ; RR ; RE   ; 1      ; Switchbox_clock_mux_X280_Y43_N0_I101        ; Switchbox_clock_mux        ; CLOCK_SEGMENT_MUX                                                                                                                                                                                            ;
;   3.114  ;   0.048  ; RR ; RE   ; 2      ; Vertical_seam_tap_mux_X280_Y64_N0_I166      ; Vertical_seam_tap_mux      ; CLOCK_SEGMENT_TAP_MUX                                                                                                                                                                                        ;
;   3.211  ;   0.097  ; RR ; RE   ; 1      ; Vertical_seam_tap_mux_X280_Y64_N0_I115      ; Vertical_seam_tap_mux      ; CLOCK_SEGMENT_TAP_MUX                                                                                                                                                                                        ;
;   3.345  ;   0.134  ; RR ; RE   ; 1      ; SPINE_TAP_RE_X253_Y64_N103_I89              ; SPINE_TAP_RE               ; SPINE_TAP_RE                                                                                                                                                                                                 ;
;   3.365  ;   0.020  ; RR ; RE   ; 41     ; SPINE_TAP_RE_X253_Y64_N103_I25              ; SPINE_TAP_RE               ; SPINE_TAP_RE                                                                                                                                                                                                 ;
;   3.653  ;   0.288  ; RR ; RE   ; 2      ; SCLKMUX_RE_X253_Y70_N188_I25                ; SCLKMUX_RE                 ; SCLKMUX_RE                                                                                                                                                                                                   ;
;   3.672  ;   0.019  ; RR ; RE   ; 16     ; SCLKMUX_RE_X253_Y70_N188_I40                ; SCLKMUX_RE                 ; SCLKMUX_RE                                                                                                                                                                                                   ;
;   3.712  ;   0.040  ; RR ; RE   ; 1      ; ROWCLK_TAPOFF_X258_Y70_N0_I3                ; Row Clock Tap-Off          ; ROWCLK_TAPOFF                                                                                                                                                                                                ;
;   3.755  ;   0.043  ; RR ; RE   ; 1      ; GLOBAL_LOCAL_SEL_X258_Y70_N0_I2             ; GLOBAL_LOCAL_SEL           ; GLOBAL_LOCAL_SEL                                                                                                                                                                                             ;
;   3.781  ;   0.026  ; RR ; RE   ; 1      ; RPII_X258_Y70_N0_I2                         ; Programmable Invert Input  ; RPII                                                                                                                                                                                                         ;
;   3.781  ;   0.000  ; RR ; RE   ; 1      ; RPI_X258_Y70_N0_I2                          ; Programmable Invert        ; RPI                                                                                                                                                                                                          ;
;   3.781  ;   0.000  ; RR ; RE   ; 11     ; LAB_RE_X258_Y70_N0_I83                      ; LAB_RE                     ; clka                                                                                                                                                                                                         ;
;   3.781  ;   0.000  ; RR ; RE   ; 1      ; LAB_RE_X258_Y70_N0_I150                     ; LAB_RE                     ; LAB_RE                                                                                                                                                                                                       ;
;   3.781  ;   0.000  ; RR ; RE   ; 52     ; LEIMCLKALE_X258_Y70_N0_I0                   ; LEIMCLKALE                 ; LEIMCLKALE                                                                                                                                                                                                   ;
;   3.781  ;   0.000  ; RR ; RE   ; 1      ; HYPERFLEX_CLK_M_MUX_X258_Y70_N0_I78         ; Hyperflex clocking network ; HIPI_M_MUX                                                                                                                                                                                                   ;
;   3.781  ;   0.000  ;    ; IC   ; 1      ; BLOCK_INPUT_MUX_PASSTHROUGH_X258_Y70_N0_I71 ; Hyper-Register             ; afu_top|pg_afu.port_gasket|pr_slot|afu_main|port_afu_instances|ofs_plat_afu|core|dma|csr_mgr_inst|Select_0~10xsyn_BLOCK_INPUT_MUX_PASSTHROUGH_X258_Y70_N0_I71_dff|clk                                        ;
;   3.781  ;   0.000  ; RR ; CELL ; 1      ; BLOCK_INPUT_MUX_PASSTHROUGH_X258_Y70_N0_I71 ; Hyper-Register             ; afu_top|pg_afu.port_gasket|pr_slot|afu_main|port_afu_instances|ofs_plat_afu|core|dma|csr_mgr_inst|Select_0~10xsyn_BLOCK_INPUT_MUX_PASSTHROUGH_X258_Y70_N0_I71_dff                                            ;
;   2.764  ;   -1.017 ;    ;      ;        ;                                             ;                            ; clock pessimism removed                                                                                                                                                                                      ;
;   2.756  ;   -0.008 ;    ;      ;        ;                                             ;                            ; advanced clock effects                                                                                                                                                                                       ;
; 2.756    ; 0.000    ;    ;      ;        ;                                             ;                            ; clock uncertainty                                                                                                                                                                                            ;
; 2.925    ; 0.169    ;    ; uTh  ; 1      ; BLOCK_INPUT_MUX_PASSTHROUGH_X258_Y70_N0_I71 ; Hyper-Register             ; afu_top|pg_afu.port_gasket|pr_slot|afu_main|port_afu_instances|ofs_plat_afu|core|dma|csr_mgr_inst|Select_0~10xsyn_BLOCK_INPUT_MUX_PASSTHROUGH_X258_Y70_N0_I71_dff                                            ;
+----------+----------+----+------+--------+---------------------------------------------+----------------------------+--------------------------------------------------------------------------------------------------------------------------------------------------------------------------------------------------------------+


