----------------
; Command Info ;
----------------
Report Timing: Found 4 hold paths (0 violated).  Worst case slack is 0.327 

Tcl Command:
    report_timing -hold -show_routing -file /home/uwb_student00/ahls/new_BSP/work_ahls_persona_work21_csr02/csr-paths06/csr-path-reports/2_length0_ena_hold.rpt -through [remove_from_collection [get_pins {}] [remove_from_collection [get_pins {}] [get_pins -compatibility_mode -no_duplicates {afu_top|pg_afu.port_gasket|pr_slot|afu_main|port_afu_instances|ofs_plat_afu|core|dma|csr_mgr_inst|*|ena}]]] -nworst 1 -npaths 4 -detail full_path

Options:
    -through [remove_from_collection [get_pins {}] [remove_from_collection [get_pins {}] [get_pins -compatibility_mode -no_duplicates {afu_top|pg_afu.port_gasket|pr_slot|afu_main|port_afu_instances|ofs_plat_afu|core|dma|csr_mgr_inst|*|ena}]]] 
    -hold 
    -nworst 1 
    -npaths 4 
    -show_routing 
    -detail full_path 
    -file {/home/uwb_student00/ahls/new_BSP/work_ahls_persona_work21_csr02/csr-paths06/csr-path-reports/2_length0_ena_hold.rpt} 

Snapshot:
    final

Delay Model:
    Slow vid2b 100C Model

+---------------------------------------------------------------------------------------------------------------------------------------------------------------------------------------------------------------------------------------------------------------------------------------------------------------------------------------------------------------------------------------------------------------------------------------------------------------------------------------------------------------------------------------------------------+
; Summary of Paths                                                                                                                                                                                                                                                                                                                                                                                                                                                                                                                                        ;
+-------+----------------------------------------------------------------------------------------------------------------------------------------------------------------------+-------------------------------------------------------------------------------------------------------------------------------------------------------------+---------------------------------------------------------------------------------+---------------------------------------------------------------------------------+--------------+------------+------------+
; Slack ; From Node                                                                                                                                                            ; To Node                                                                                                                                                     ; Launch Clock                                                                    ; Latch Clock                                                                     ; Relationship ; Clock Skew ; Data Delay ;
+-------+----------------------------------------------------------------------------------------------------------------------------------------------------------------------+-------------------------------------------------------------------------------------------------------------------------------------------------------------+---------------------------------------------------------------------------------+---------------------------------------------------------------------------------+--------------+------------+------------+
; 0.327 ; afu_top|pg_afu.port_gasket|pr_slot|afu_main|port_afu_instances|ofs_plat_afu|core|dma|csr_mgr_inst|Select_0~10xsyn_20_BLOCK_INPUT_MUX_PASSTHROUGH_X260_Y70_N0_I19_dff ; afu_top|pg_afu.port_gasket|pr_slot|afu_main|port_afu_instances|ofs_plat_afu|core|dma|csr_mgr_inst|dma_csr_map.descriptor.length[0]~.comb                    ; local_mem_wrapper|mem_ss_top|mem_ss_sv|mem_ss|mem_ss|emif_0|emif_0_core_usr_clk ; local_mem_wrapper|mem_ss_top|mem_ss_sv|mem_ss|mem_ss|emif_0|emif_0_core_usr_clk ; 0.000        ; 0.043      ; 0.420      ;
; 0.721 ; afu_top|pg_afu.port_gasket|pr_slot|afu_main|port_afu_instances|ofs_plat_afu|core|dma|csr_mgr_inst|Select_0~10xsyn_20_BLOCK_INPUT_MUX_PASSTHROUGH_X260_Y70_N0_I19_dff ; afu_top|pg_afu.port_gasket|pr_slot|afu_main|port_afu_instances|ofs_plat_afu|core|dma|csr_mgr_inst|add_2~256_BLOCK_INPUT_MUX_PASSTHROUGH_X255_Y68_N0_I13_dff ; local_mem_wrapper|mem_ss_top|mem_ss_sv|mem_ss|mem_ss|emif_0|emif_0_core_usr_clk ; local_mem_wrapper|mem_ss_top|mem_ss_sv|mem_ss|mem_ss|emif_0|emif_0_core_usr_clk ; 0.000        ; 0.027      ; 0.922      ;
; 0.723 ; afu_top|pg_afu.port_gasket|pr_slot|afu_main|port_afu_instances|ofs_plat_afu|core|dma|csr_mgr_inst|Select_0~10xsyn_20_BLOCK_INPUT_MUX_PASSTHROUGH_X260_Y70_N0_I19_dff ; afu_top|pg_afu.port_gasket|pr_slot|afu_main|port_afu_instances|ofs_plat_afu|core|dma|csr_mgr_inst|add_0~256_BLOCK_INPUT_MUX_PASSTHROUGH_X261_Y68_N0_I13_dff ; local_mem_wrapper|mem_ss_top|mem_ss_sv|mem_ss|mem_ss|emif_0|emif_0_core_usr_clk ; local_mem_wrapper|mem_ss_top|mem_ss_sv|mem_ss|mem_ss|emif_0|emif_0_core_usr_clk ; 0.000        ; 0.043      ; 0.940      ;
; 0.744 ; afu_top|pg_afu.port_gasket|pr_slot|afu_main|port_afu_instances|ofs_plat_afu|core|dma|csr_mgr_inst|Select_0~10xsyn_20_BLOCK_INPUT_MUX_PASSTHROUGH_X260_Y70_N0_I19_dff ; afu_top|pg_afu.port_gasket|pr_slot|afu_main|port_afu_instances|ofs_plat_afu|core|dma|csr_mgr_inst|add_0~251_BLOCK_INPUT_MUX_PASSTHROUGH_X261_Y68_N0_I12_dff ; local_mem_wrapper|mem_ss_top|mem_ss_sv|mem_ss|mem_ss|emif_0|emif_0_core_usr_clk ; local_mem_wrapper|mem_ss_top|mem_ss_sv|mem_ss|mem_ss|emif_0|emif_0_core_usr_clk ; 0.000        ; 0.043      ; 0.961      ;
+-------+----------------------------------------------------------------------------------------------------------------------------------------------------------------------+-------------------------------------------------------------------------------------------------------------------------------------------------------------+---------------------------------------------------------------------------------+---------------------------------------------------------------------------------+--------------+------------+------------+

Path #1: Hold slack is 0.327 
===============================================================================
+--------------------------------------------------------------------------------------------------------------------------------------------------------------------------------------------------------+
; Path Summary                                                                                                                                                                                           ;
+---------------------------------+----------------------------------------------------------------------------------------------------------------------------------------------------------------------+
; Property                        ; Value                                                                                                                                                                ;
+---------------------------------+----------------------------------------------------------------------------------------------------------------------------------------------------------------------+
; From Node                       ; afu_top|pg_afu.port_gasket|pr_slot|afu_main|port_afu_instances|ofs_plat_afu|core|dma|csr_mgr_inst|Select_0~10xsyn_20_BLOCK_INPUT_MUX_PASSTHROUGH_X260_Y70_N0_I19_dff ;
; To Node                         ; afu_top|pg_afu.port_gasket|pr_slot|afu_main|port_afu_instances|ofs_plat_afu|core|dma|csr_mgr_inst|dma_csr_map.descriptor.length[0]~.comb                             ;
; Launch Clock                    ; local_mem_wrapper|mem_ss_top|mem_ss_sv|mem_ss|mem_ss|emif_0|emif_0_core_usr_clk                                                                                      ;
; Latch Clock                     ; local_mem_wrapper|mem_ss_top|mem_ss_sv|mem_ss|mem_ss|emif_0|emif_0_core_usr_clk                                                                                      ;
; SDC Exception                   ; No SDC Exception on Path                                                                                                                                             ;
; Data Arrival Time               ; 3.130                                                                                                                                                                ;
; Data Required Time              ; 2.803                                                                                                                                                                ;
; Slack                           ; 0.327                                                                                                                                                                ;
; Worst-Case Operating Conditions ; Slow vid2b 100C Model                                                                                                                                                ;
+---------------------------------+----------------------------------------------------------------------------------------------------------------------------------------------------------------------+

+-------------------------------------------------------------------------------------+
; Statistics                                                                          ;
+------------------------+-------+-------+-------------+------------+--------+--------+
; Property               ; Value ; Count ; Total Delay ; % of Total ; Min    ; Max    ;
+------------------------+-------+-------+-------------+------------+--------+--------+
; Hold Relationship      ; 0.000 ;       ;             ;            ;        ;        ;
; Clock Skew             ; 0.043 ;       ;             ;            ;        ;        ;
; Data Delay             ; 0.420 ;       ;             ;            ;        ;        ;
; Number of Logic Levels ;       ; 0     ;             ;            ;        ;        ;
; Physical Delays        ;       ;       ;             ;            ;        ;        ;
;  Arrival Path          ;       ;       ;             ;            ;        ;        ;
;   Clock                ;       ;       ;             ;            ;        ;        ;
;    IC                  ;       ; 3     ; 0.000       ; 0          ; 0.000  ; 0.000  ;
;    Cell                ;       ; 15    ; 2.752       ; 44         ; 0.000  ; 0.834  ;
;    PLL Compensation    ;       ; 2     ; -3.572      ; 0          ; -2.692 ; -0.880 ;
;    Routing Element     ;       ; 58    ; 3.530       ; 56         ; 0.000  ; 0.253  ;
;   Data                 ;       ;       ;             ;            ;        ;        ;
;    IC                  ;       ; 2     ; 0.000       ; 0          ; 0.000  ; 0.000  ;
;    Cell                ;       ; 3     ; 0.041       ; 10         ; 0.000  ; 0.022  ;
;    uTco                ;       ; 1     ; 0.217       ; 52         ; 0.217  ; 0.217  ;
;    Routing Element     ;       ; 11    ; 0.162       ; 39         ; 0.000  ; 0.045  ;
;  Required Path         ;       ;       ;             ;            ;        ;        ;
;   Clock                ;       ;       ;             ;            ;        ;        ;
;    IC                  ;       ; 3     ; 0.000       ; 0          ; 0.000  ; 0.000  ;
;    Cell                ;       ; 15    ; 3.153       ; 45         ; 0.000  ; 0.980  ;
;    PLL Compensation    ;       ; 2     ; -3.279      ; 0          ; -2.505 ; -0.774 ;
;    Routing Element     ;       ; 55    ; 3.904       ; 55         ; 0.000  ; 0.287  ;
+------------------------+-------+-------+-------------+------------+--------+--------+
Note: Negative delays are omitted from totals when calculating percentages

+------------------------------------------------------------------------------------------------------------------------------------------------------------------------------------------------------------------------------------------------------------------------------------------------------------------------------------+
; Data Arrival Path                                                                                                                                                                                                                                                                                                                  ;
+----------+----------+----+------+--------+---------------------------------------------+----------------------------+--------------------------------------------------------------------------------------------------------------------------------------------------------------------------------------------------------------+
; Total    ; Incr     ; RF ; Type ; Fanout ; Location                                    ; Element Type               ; Element                                                                                                                                                                                                      ;
+----------+----------+----+------+--------+---------------------------------------------+----------------------------+--------------------------------------------------------------------------------------------------------------------------------------------------------------------------------------------------------------+
; 0.000    ; 0.000    ;    ;      ;        ;                                             ;                            ; launch edge time                                                                                                                                                                                             ;
; 2.710    ; 2.710    ;    ;      ;        ;                                             ;                            ; clock path                                                                                                                                                                                                   ;
;   0.000  ;   0.000  ;    ;      ;        ;                                             ;                            ; source latency                                                                                                                                                                                               ;
;   0.000  ;   0.000  ;    ;      ; 1      ; PIN_HF23                                    ; I/O pad                    ; ddr4_mem_ref_clk[0].clk                                                                                                                                                                                      ;
;   0.000  ;   0.000  ;    ; IC   ; 1      ; IOIBUF_X280_Y0_N376                         ; I/O input buffer           ; ddr4_mem_ref_clk[0].clk~input|i                                                                                                                                                                              ;
;   0.129  ;   0.129  ; RR ; CELL ; 2      ; IOIBUF_X280_Y0_N376                         ; I/O input buffer           ; ddr4_mem_ref_clk[0].clk~input|o                                                                                                                                                                              ;
;   0.963  ;   0.834  ; RR ; CELL ; 1      ; REFCLKINPUT_X281_Y0_N301                    ; I/O reference clock tree   ; local_mem_wrapper|mem_ss_top|mem_ss_sv|mem_ss|mem_ss|emif_0|emif_0|arch|arch_inst|pll_inst|pll_inst~refclk|ref_clk_in                                                                                        ;
;   1.121  ;   0.158  ; RR ; CELL ; 3      ; REFCLKINPUT_X281_Y0_N301                    ; I/O reference clock tree   ; local_mem_wrapper|mem_ss_top|mem_ss_sv|mem_ss|mem_ss|emif_0|emif_0|arch|arch_inst|pll_inst|pll_inst~refclk|ref0_to_btm                                                                                       ;
;   1.547  ;   0.426  ; RR ; CELL ; 1      ; REFCLKINPUT_X281_Y0_N301                    ; I/O reference clock tree   ; local_mem_wrapper|mem_ss_top|mem_ss_sv|mem_ss|mem_ss|emif_0|emif_0|arch|arch_inst|pll_inst|pll_inst~refclk|clk_out                                                                                           ;
;   1.547  ;   0.000  ; RR ; CELL ; 1      ; IOPLL_X281_Y0_N303                          ; IOPLL                      ; local_mem_wrapper|mem_ss_top|mem_ss_sv|mem_ss|mem_ss|emif_0|emif_0|arch|arch_inst|pll_inst|pll_inst|pll_cascade_in                                                                                           ;
;   1.731  ;   0.184  ; RR ; CELL ; 2      ; IOPLL_X281_Y0_N303                          ; IOPLL                      ; local_mem_wrapper|mem_ss_top|mem_ss_sv|mem_ss|mem_ss|emif_0|emif_0|arch|arch_inst|pll_inst|pll_inst~fmio96fs_wr/x0/fmio96_core_inst/fmio48tile_top/x5/u4_3/x0/xiopll_custom/xclkin_sw/xpm_pll_so/clk[0]      ;
;   1.898  ;   0.167  ; RR ; CELL ; 2      ; IOPLL_X281_Y0_N303                          ; IOPLL                      ; local_mem_wrapper|mem_ss_top|mem_ss_sv|mem_ss|mem_ss|emif_0|emif_0|arch|arch_inst|pll_inst|pll_inst~fmio96fs_wr/x0/fmio96_core_inst/fmio48tile_top/x5/u4_3/x0/xiopll_custom/xiopll_core/xncnt_iopll/clk      ;
;   2.051  ;   0.153  ; RR ; CELL ; 3      ; IOPLL_X281_Y0_N303                          ; IOPLL                      ; local_mem_wrapper|mem_ss_top|mem_ss_sv|mem_ss|mem_ss|emif_0|emif_0|arch|arch_inst|pll_inst|pll_inst~pllnout                                                                                                  ;
;   2.172  ;   0.121  ; RF ; CELL ; 1      ; IOPLL_X281_Y0_N303                          ; IOPLL                      ; local_mem_wrapper|mem_ss_top|mem_ss_sv|mem_ss|mem_ss|emif_0|emif_0|arch|arch_inst|pll_inst|pll_inst~vco_refclk                                                                                               ;
;   2.176  ;   0.004  ; FR ; CELL ; 1      ; IOPLL_X281_Y0_N303                          ; IOPLL                      ; local_mem_wrapper|mem_ss_top|mem_ss_sv|mem_ss|mem_ss|emif_0|emif_0|arch|arch_inst|pll_inst|pll_inst~vctrl                                                                                                    ;
;   1.296  ;   -0.880 ; RR ; COMP ; 1      ; IOPLL_X281_Y0_N303                          ; IOPLL                      ; local_mem_wrapper|mem_ss_top|mem_ss_sv|mem_ss|mem_ss|emif_0|emif_0|arch|arch_inst|pll_inst|pll_inst~vcoph[0]                                                                                                 ;
;   1.296  ;   0.000  ; RR ; CELL ; 10     ; IOPLL_X281_Y0_N303                          ; IOPLL                      ; local_mem_wrapper|mem_ss_top|mem_ss_sv|mem_ss|mem_ss|emif_0|emif_0|arch|arch_inst|pll_inst|pll_inst|vcoph[0]                                                                                                 ;
;   1.296  ;   0.000  ; RR ; CELL ; 3      ; TILECTRL_X281_Y0_N298                       ; I/O tile control logic     ; local_mem_wrapper|mem_ss_top|mem_ss_sv|mem_ss|mem_ss|emif_0|emif_0|arch|arch_inst|io_tiles_wrap_inst|io_tiles_inst|tile_gen[1].tile_ctrl_inst|pll_vco_in[0]                                                  ;
;   -1.396 ;   -2.692 ; RR ; COMP ; 1      ; TILECTRL_X281_Y0_N298                       ; I/O tile control logic     ; local_mem_wrapper|mem_ss_top|mem_ss_sv|mem_ss|mem_ss|emif_0|emif_0|arch|arch_inst|io_tiles_wrap_inst|io_tiles_inst|tile_gen[1].tile_ctrl_inst|pa_core_clk_out[0]                                             ;
;   -0.820 ;   0.576  ; RR ; CELL ; 16258  ; TILECTRL_X281_Y0_N298                       ; I/O tile control logic     ; local_mem_wrapper|mem_ss_top|mem_ss_sv|mem_ss|mem_ss|emif_0|emif_0|arch|arch_inst|io_tiles_wrap_inst|io_tiles_inst|tile_gen[1].tile_ctrl_inst~fmio96fs_wr/m32_0_29__iophasealignment_to_dcm__core_clk_out[1] ;
;   -0.820 ;   0.000  ;    ; IC   ; 1      ; Boundary Port                               ; N/A                        ; afu_top|pg_afu.port_gasket|pr_slot|afu_main|ext_mem_if[0].clk|input                                                                                                                                          ;
;   -0.820 ;   0.000  ; RR ; CELL ; 105325 ; Boundary Port                               ; N/A                        ; afu_top|pg_afu.port_gasket|pr_slot|afu_main|ext_mem_if[0].clk                                                                                                                                                ;
;   -0.820 ;   0.000  ; RR ; RE   ; 1      ; TILECTRL_X281_Y0_N298                       ; I/O tile control logic     ; TILE_CTRL                                                                                                                                                                                                    ;
;   -0.756 ;   0.064  ; RR ; RE   ; 1      ; IO96FSWRRE_X280_Y0_N0_I3537                 ; IO96FS_WR_RE               ; IO96FS_WR_RE                                                                                                                                                                                                 ;
;   -0.670 ;   0.086  ; RR ; RE   ; 1      ; DCM_mux_X307_Y2_N0_I29                      ; DCM_mux                    ; CC_DCM_GMUX_RE                                                                                                                                                                                               ;
;   -0.601 ;   0.069  ; RR ; RE   ; 1      ; IO_P2C_RE_X280_Y2_N150_I75                  ; IO_P2C_RE                  ; IO_P2C_RE                                                                                                                                                                                                    ;
;   -0.582 ;   0.019  ; RR ; RE   ; 1      ; IO_P2C_RE_X280_Y2_N150_I26                  ; IO_P2C_RE                  ; IO_P2C_RE                                                                                                                                                                                                    ;
;   -0.536 ;   0.046  ; RR ; RE   ; 1      ; Switchbox_clock_mux_X280_Y2_N0_I197         ; Switchbox_clock_mux        ; CLOCK_SEGMENT_MUX                                                                                                                                                                                            ;
;   -0.445 ;   0.091  ; RR ; RE   ; 1      ; Switchbox_clock_mux_X280_Y2_N0_I105         ; Switchbox_clock_mux        ; CLOCK_SEGMENT_MUX                                                                                                                                                                                            ;
;   -0.415 ;   0.030  ; RF ; RE   ; 1      ; Vertical_seam_tap_mux_X280_Y23_N0_I165      ; Vertical_seam_tap_mux      ; CLOCK_SEGMENT_TAP_MUX                                                                                                                                                                                        ;
;   -0.360 ;   0.055  ; FR ; RE   ; 1      ; Vertical_seam_tap_mux_X280_Y23_N0_I53       ; Vertical_seam_tap_mux      ; CLOCK_SEGMENT_TAP_MUX                                                                                                                                                                                        ;
;   -0.317 ;   0.043  ; RR ; RE   ; 1      ; Switchbox_clock_mux_X280_Y43_N0_I197        ; Switchbox_clock_mux        ; CLOCK_SEGMENT_MUX                                                                                                                                                                                            ;
;   -0.226 ;   0.091  ; RR ; RE   ; 1      ; Switchbox_clock_mux_X280_Y43_N0_I105        ; Switchbox_clock_mux        ; CLOCK_SEGMENT_MUX                                                                                                                                                                                            ;
;   -0.196 ;   0.030  ; RF ; RE   ; 1      ; Vertical_seam_tap_mux_X280_Y64_N0_I165      ; Vertical_seam_tap_mux      ; CLOCK_SEGMENT_TAP_MUX                                                                                                                                                                                        ;
;   -0.141 ;   0.055  ; FR ; RE   ; 1      ; Vertical_seam_tap_mux_X280_Y64_N0_I53       ; Vertical_seam_tap_mux      ; CLOCK_SEGMENT_TAP_MUX                                                                                                                                                                                        ;
;   -0.098 ;   0.043  ; RR ; RE   ; 1      ; Switchbox_clock_mux_X280_Y84_N0_I197        ; Switchbox_clock_mux        ; CLOCK_SEGMENT_MUX                                                                                                                                                                                            ;
;   -0.014 ;   0.084  ; RR ; RE   ; 1      ; Switchbox_clock_mux_X280_Y84_N0_I105        ; Switchbox_clock_mux        ; CLOCK_SEGMENT_MUX                                                                                                                                                                                            ;
;   0.017  ;   0.031  ; RF ; RE   ; 1      ; Vertical_seam_tap_mux_X280_Y105_N0_I165     ; Vertical_seam_tap_mux      ; CLOCK_SEGMENT_TAP_MUX                                                                                                                                                                                        ;
;   0.071  ;   0.054  ; FR ; RE   ; 1      ; Vertical_seam_tap_mux_X280_Y105_N0_I53      ; Vertical_seam_tap_mux      ; CLOCK_SEGMENT_TAP_MUX                                                                                                                                                                                        ;
;   0.114  ;   0.043  ; RR ; RE   ; 1      ; Switchbox_clock_mux_X280_Y125_N0_I197       ; Switchbox_clock_mux        ; CLOCK_SEGMENT_MUX                                                                                                                                                                                            ;
;   0.198  ;   0.084  ; RR ; RE   ; 1      ; Switchbox_clock_mux_X280_Y125_N0_I105       ; Switchbox_clock_mux        ; CLOCK_SEGMENT_MUX                                                                                                                                                                                            ;
;   0.229  ;   0.031  ; RF ; RE   ; 1      ; Vertical_seam_tap_mux_X280_Y146_N0_I165     ; Vertical_seam_tap_mux      ; CLOCK_SEGMENT_TAP_MUX                                                                                                                                                                                        ;
;   0.283  ;   0.054  ; FR ; RE   ; 1      ; Vertical_seam_tap_mux_X280_Y146_N0_I53      ; Vertical_seam_tap_mux      ; CLOCK_SEGMENT_TAP_MUX                                                                                                                                                                                        ;
;   0.326  ;   0.043  ; RR ; RE   ; 1      ; Switchbox_clock_mux_X280_Y166_N0_I197       ; Switchbox_clock_mux        ; CLOCK_SEGMENT_MUX                                                                                                                                                                                            ;
;   0.520  ;   0.194  ; RR ; RE   ; 1      ; Switchbox_clock_mux_X280_Y166_N0_I106       ; Switchbox_clock_mux        ; CLOCK_SEGMENT_MUX                                                                                                                                                                                            ;
;   0.565  ;   0.045  ; RR ; RE   ; 1      ; Switchbox_clock_mux_X226_Y166_N0_I229       ; Switchbox_clock_mux        ; CLOCK_SEGMENT_MUX                                                                                                                                                                                            ;
;   0.608  ;   0.043  ; RR ; RE   ; 2      ; Switchbox_clock_mux_X226_Y166_N0_I153       ; Switchbox_clock_mux        ; CLOCK_SEGMENT_MUX                                                                                                                                                                                            ;
;   0.693  ;   0.085  ; RR ; RE   ; 1      ; Switchbox_clock_mux_X226_Y166_N0_I103       ; Switchbox_clock_mux        ; CLOCK_SEGMENT_MUX                                                                                                                                                                                            ;
;   0.724  ;   0.031  ; RF ; RE   ; 1      ; Vertical_seam_tap_mux_X226_Y146_N0_I134     ; Vertical_seam_tap_mux      ; CLOCK_SEGMENT_TAP_MUX                                                                                                                                                                                        ;
;   0.779  ;   0.055  ; FR ; RE   ; 1      ; Vertical_seam_tap_mux_X226_Y146_N0_I50      ; Vertical_seam_tap_mux      ; CLOCK_SEGMENT_TAP_MUX                                                                                                                                                                                        ;
;   0.824  ;   0.045  ; RR ; RE   ; 1      ; Switchbox_clock_mux_X226_Y125_N0_I166       ; Switchbox_clock_mux        ; CLOCK_SEGMENT_MUX                                                                                                                                                                                            ;
;   0.910  ;   0.086  ; RR ; RE   ; 1      ; Switchbox_clock_mux_X226_Y125_N0_I103       ; Switchbox_clock_mux        ; CLOCK_SEGMENT_MUX                                                                                                                                                                                            ;
;   0.940  ;   0.030  ; RF ; RE   ; 1      ; Vertical_seam_tap_mux_X226_Y105_N0_I134     ; Vertical_seam_tap_mux      ; CLOCK_SEGMENT_TAP_MUX                                                                                                                                                                                        ;
;   0.996  ;   0.056  ; FR ; RE   ; 1      ; Vertical_seam_tap_mux_X226_Y105_N0_I50      ; Vertical_seam_tap_mux      ; CLOCK_SEGMENT_TAP_MUX                                                                                                                                                                                        ;
;   1.041  ;   0.045  ; RR ; RE   ; 2      ; Switchbox_clock_mux_X226_Y84_N0_I166        ; Switchbox_clock_mux        ; CLOCK_SEGMENT_MUX                                                                                                                                                                                            ;
;   1.244  ;   0.203  ; RR ; RE   ; 1      ; Switchbox_clock_mux_X226_Y84_N0_I102        ; Switchbox_clock_mux        ; CLOCK_SEGMENT_MUX                                                                                                                                                                                            ;
;   1.288  ;   0.044  ; RR ; RE   ; 1      ; Switchbox_clock_mux_X280_Y84_N0_I230        ; Switchbox_clock_mux        ; CLOCK_SEGMENT_MUX                                                                                                                                                                                            ;
;   1.481  ;   0.193  ; RR ; RE   ; 1      ; Switchbox_clock_mux_X280_Y84_N0_I100        ; Switchbox_clock_mux        ; CLOCK_SEGMENT_MUX                                                                                                                                                                                            ;
;   1.525  ;   0.044  ; RR ; RE   ; 2      ; Switchbox_clock_mux_X334_Y84_N0_I230        ; Switchbox_clock_mux        ; CLOCK_SEGMENT_MUX                                                                                                                                                                                            ;
;   1.611  ;   0.086  ; RR ; RE   ; 1      ; Switchbox_clock_mux_X334_Y84_N0_I103        ; Switchbox_clock_mux        ; CLOCK_SEGMENT_MUX                                                                                                                                                                                            ;
;   1.641  ;   0.030  ; RF ; RE   ; 1      ; Vertical_seam_tap_mux_X334_Y64_N0_I134      ; Vertical_seam_tap_mux      ; CLOCK_SEGMENT_TAP_MUX                                                                                                                                                                                        ;
;   1.696  ;   0.055  ; FR ; RE   ; 1      ; Vertical_seam_tap_mux_X334_Y64_N0_I50       ; Vertical_seam_tap_mux      ; CLOCK_SEGMENT_TAP_MUX                                                                                                                                                                                        ;
;   1.741  ;   0.045  ; RR ; RE   ; 2      ; Switchbox_clock_mux_X334_Y43_N0_I166        ; Switchbox_clock_mux        ; CLOCK_SEGMENT_MUX                                                                                                                                                                                            ;
;   1.942  ;   0.201  ; RR ; RE   ; 1      ; Switchbox_clock_mux_X334_Y43_N0_I102        ; Switchbox_clock_mux        ; CLOCK_SEGMENT_MUX                                                                                                                                                                                            ;
;   1.988  ;   0.046  ; RR ; RE   ; 2      ; Switchbox_clock_mux_X280_Y43_N0_I262        ; Switchbox_clock_mux        ; CLOCK_SEGMENT_MUX                                                                                                                                                                                            ;
;   2.079  ;   0.091  ; RR ; RE   ; 1      ; Switchbox_clock_mux_X280_Y43_N0_I101        ; Switchbox_clock_mux        ; CLOCK_SEGMENT_MUX                                                                                                                                                                                            ;
;   2.121  ;   0.042  ; RR ; RE   ; 2      ; Vertical_seam_tap_mux_X280_Y64_N0_I166      ; Vertical_seam_tap_mux      ; CLOCK_SEGMENT_TAP_MUX                                                                                                                                                                                        ;
;   2.210  ;   0.089  ; RR ; RE   ; 1      ; Vertical_seam_tap_mux_X280_Y64_N0_I115      ; Vertical_seam_tap_mux      ; CLOCK_SEGMENT_TAP_MUX                                                                                                                                                                                        ;
;   2.328  ;   0.118  ; RR ; RE   ; 1      ; SPINE_TAP_RE_X253_Y64_N103_I89              ; SPINE_TAP_RE               ; SPINE_TAP_RE                                                                                                                                                                                                 ;
;   2.347  ;   0.019  ; RR ; RE   ; 41     ; SPINE_TAP_RE_X253_Y64_N103_I25              ; SPINE_TAP_RE               ; SPINE_TAP_RE                                                                                                                                                                                                 ;
;   2.600  ;   0.253  ; RR ; RE   ; 2      ; SCLKMUX_RE_X253_Y70_N188_I25                ; SCLKMUX_RE                 ; SCLKMUX_RE                                                                                                                                                                                                   ;
;   2.621  ;   0.021  ; RR ; RE   ; 16     ; SCLKMUX_RE_X253_Y70_N188_I40                ; SCLKMUX_RE                 ; SCLKMUX_RE                                                                                                                                                                                                   ;
;   2.657  ;   0.036  ; RR ; RE   ; 1      ; ROWCLK_TAPOFF_X260_Y70_N0_I3                ; Row Clock Tap-Off          ; ROWCLK_TAPOFF                                                                                                                                                                                                ;
;   2.690  ;   0.033  ; RR ; RE   ; 1      ; GLOBAL_LOCAL_SEL_X260_Y70_N0_I3             ; GLOBAL_LOCAL_SEL           ; GLOBAL_LOCAL_SEL                                                                                                                                                                                             ;
;   2.710  ;   0.020  ; RR ; RE   ; 1      ; RPII_X260_Y70_N0_I3                         ; Programmable Invert Input  ; RPII                                                                                                                                                                                                         ;
;   2.710  ;   0.000  ; RR ; RE   ; 1      ; RPI_X260_Y70_N0_I3                          ; Programmable Invert        ; RPI                                                                                                                                                                                                          ;
;   2.710  ;   0.000  ; RR ; RE   ; 1      ; LAB_RE_X260_Y70_N0_I84                      ; LAB_RE                     ; clkb                                                                                                                                                                                                         ;
;   2.710  ;   0.000  ; RR ; RE   ; 1      ; LAB_RE_X260_Y70_N0_I152                     ; LAB_RE                     ; LAB_RE                                                                                                                                                                                                       ;
;   2.710  ;   0.000  ; RR ; RE   ; 12     ; LEIMCLKALE_X260_Y70_N0_I0                   ; LEIMCLKALE                 ; LEIMCLKALE                                                                                                                                                                                                   ;
;   2.710  ;   0.000  ; RR ; RE   ; 1      ; HYPERFLEX_CLK_M_MUX_X260_Y70_N0_I21         ; Hyperflex clocking network ; HIPI_M_MUX                                                                                                                                                                                                   ;
;   2.710  ;   0.000  ;    ; IC   ; 1      ; BLOCK_INPUT_MUX_PASSTHROUGH_X260_Y70_N0_I19 ; Hyper-Register             ; afu_top|pg_afu.port_gasket|pr_slot|afu_main|port_afu_instances|ofs_plat_afu|core|dma|csr_mgr_inst|Select_0~10xsyn_20_BLOCK_INPUT_MUX_PASSTHROUGH_X260_Y70_N0_I19_dff|clk                                     ;
;   2.710  ;   0.000  ; RR ; CELL ; 1      ; BLOCK_INPUT_MUX_PASSTHROUGH_X260_Y70_N0_I19 ; Hyper-Register             ; afu_top|pg_afu.port_gasket|pr_slot|afu_main|port_afu_instances|ofs_plat_afu|core|dma|csr_mgr_inst|Select_0~10xsyn_20_BLOCK_INPUT_MUX_PASSTHROUGH_X260_Y70_N0_I19_dff                                         ;
; 3.130    ; 0.420    ;    ;      ;        ;                                             ;                            ; data path                                                                                                                                                                                                    ;
;   2.927  ;   0.217  ; FF ; uTco ; 1      ; BLOCK_INPUT_MUX_PASSTHROUGH_X260_Y70_N0_I19 ; Hyper-Register             ; afu_top|pg_afu.port_gasket|pr_slot|afu_main|port_afu_instances|ofs_plat_afu|core|dma|csr_mgr_inst|Select_0~10xsyn_20_BLOCK_INPUT_MUX_PASSTHROUGH_X260_Y70_N0_I19_dff|q                                       ;
;   2.927  ;   0.000  ; FF ; RE   ; 1      ; BLOCK_INPUT_MUX_PASSTHROUGH_X260_Y70_N0_I19 ; Hyper-Register             ; LEIM                                                                                                                                                                                                         ;
;   2.928  ;   0.001  ; FF ; RE   ; 1      ; BLOCK_INPUT_MUX_PASSTHROUGH_X260_Y70_N0_I19 ; Block Input Mux            ; LEIM                                                                                                                                                                                                         ;
;   2.928  ;   0.000  ; FF ; RE   ; 1      ; LAB_RE_X260_Y70_N0_I23                      ; LAB_RE                     ; leimf[2]                                                                                                                                                                                                     ;
;   2.928  ;   0.000  ;    ; IC   ; 1      ; MLABCELL_X260_Y70_N15                       ; Combinational cell         ; afu_top|pg_afu.port_gasket|pr_slot|afu_main|port_afu_instances|ofs_plat_afu|core|dma|csr_mgr_inst|i2852~0|dataf                                                                                              ;
;   2.950  ;   0.022  ; FF ; CELL ; 4      ; MLABCELL_X260_Y70_N15                       ; Combinational cell         ; afu_top|pg_afu.port_gasket|pr_slot|afu_main|port_afu_instances|ofs_plat_afu|core|dma|csr_mgr_inst|i2852~0|combout                                                                                            ;
;   2.969  ;   0.019  ; FR ; CELL ; 12     ; MLABCELL_X260_Y70_N15                       ; Combinational cell         ; afu_top|pg_afu.port_gasket|pr_slot|afu_main|port_afu_instances|ofs_plat_afu|core|dma|csr_mgr_inst|i2852~0~cw_ml_mlab/lab_lut6outt[2]                                                                         ;
;   2.969  ;   0.000  ; RR ; RE   ; 1      ; MLABCELL_X260_Y70_N15                       ; Combinational cell         ; MP_MLAB_COMB                                                                                                                                                                                                 ;
;   2.971  ;   0.002  ; RR ; RE   ; 1      ; LAB_RE_X260_Y70_N0_I136                     ; LAB_RE                     ; LAB_RE                                                                                                                                                                                                       ;
;   3.005  ;   0.034  ; RR ; RE   ; 1      ; R1_X260_Y70_N0_I9                           ; R1 interconnect            ; H1                                                                                                                                                                                                           ;
;   3.050  ;   0.045  ; RR ; RE   ; 1      ; C1_X259_Y69_N0_I9                           ; C1 interconnect            ; V1                                                                                                                                                                                                           ;
;   3.082  ;   0.032  ; RR ; RE   ; 1      ; R0_X259_Y69_N0_I13                          ; R0 interconnect            ; H0                                                                                                                                                                                                           ;
;   3.104  ;   0.022  ; RF ; RE   ; 1      ; LOCAL_INTERCONNECT_X259_Y69_N0_I77          ; Block interconnect         ; LAB_LINE                                                                                                                                                                                                     ;
;   3.130  ;   0.026  ; FR ; RE   ; 1      ; BLOCK_INPUT_MUX_PASSTHROUGH_X259_Y69_N0_I81 ; Block Input Mux            ; LEIM                                                                                                                                                                                                         ;
;   3.130  ;   0.000  ; RR ; RE   ; 12     ; LAB_RE_X259_Y69_N0_I81                      ; LAB_RE                     ; lsim[1]                                                                                                                                                                                                      ;
;   3.130  ;   0.000  ;    ; IC   ; 2      ; FF_X259_Y69_N25                             ; Bypassed ALM Register      ; afu_top|pg_afu.port_gasket|pr_slot|afu_main|port_afu_instances|ofs_plat_afu|core|dma|csr_mgr_inst|dma_csr_map.descriptor.length[0]~.comb|ena                                                                 ;
;   3.130  ;   0.000  ; RR ; CELL ; 0      ; FF_X259_Y69_N25                             ; Bypassed ALM Register      ; afu_top|pg_afu.port_gasket|pr_slot|afu_main|port_afu_instances|ofs_plat_afu|core|dma|csr_mgr_inst|dma_csr_map.descriptor.length[0]~.comb                                                                     ;
+----------+----------+----+------+--------+---------------------------------------------+----------------------------+--------------------------------------------------------------------------------------------------------------------------------------------------------------------------------------------------------------+

+-------------------------------------------------------------------------------------------------------------------------------------------------------------------------------------------------------------------------------------------------------------------------------------------------------------------------------+
; Data Required Path                                                                                                                                                                                                                                                                                                            ;
+----------+----------+----+------+--------+-----------------------------------------+---------------------------+--------------------------------------------------------------------------------------------------------------------------------------------------------------------------------------------------------------+
; Total    ; Incr     ; RF ; Type ; Fanout ; Location                                ; Element Type              ; Element                                                                                                                                                                                                      ;
+----------+----------+----+------+--------+-----------------------------------------+---------------------------+--------------------------------------------------------------------------------------------------------------------------------------------------------------------------------------------------------------+
; 0.000    ; 0.000    ;    ;      ;        ;                                         ;                           ; latch edge time                                                                                                                                                                                              ;
; 2.753    ; 2.753    ;    ;      ;        ;                                         ;                           ; clock path                                                                                                                                                                                                   ;
;   0.000  ;   0.000  ;    ;      ;        ;                                         ;                           ; source latency                                                                                                                                                                                               ;
;   0.000  ;   0.000  ;    ;      ; 1      ; PIN_HF23                                ; I/O pad                   ; ddr4_mem_ref_clk[0].clk                                                                                                                                                                                      ;
;   0.000  ;   0.000  ;    ; IC   ; 1      ; IOIBUF_X280_Y0_N376                     ; I/O input buffer          ; ddr4_mem_ref_clk[0].clk~input|i                                                                                                                                                                              ;
;   0.129  ;   0.129  ; RR ; CELL ; 2      ; IOIBUF_X280_Y0_N376                     ; I/O input buffer          ; ddr4_mem_ref_clk[0].clk~input|o                                                                                                                                                                              ;
;   1.109  ;   0.980  ; RR ; CELL ; 1      ; REFCLKINPUT_X281_Y0_N301                ; I/O reference clock tree  ; local_mem_wrapper|mem_ss_top|mem_ss_sv|mem_ss|mem_ss|emif_0|emif_0|arch|arch_inst|pll_inst|pll_inst~refclk|ref_clk_in                                                                                        ;
;   1.295  ;   0.186  ; RR ; CELL ; 3      ; REFCLKINPUT_X281_Y0_N301                ; I/O reference clock tree  ; local_mem_wrapper|mem_ss_top|mem_ss_sv|mem_ss|mem_ss|emif_0|emif_0|arch|arch_inst|pll_inst|pll_inst~refclk|ref0_to_btm                                                                                       ;
;   1.775  ;   0.480  ; RR ; CELL ; 1      ; REFCLKINPUT_X281_Y0_N301                ; I/O reference clock tree  ; local_mem_wrapper|mem_ss_top|mem_ss_sv|mem_ss|mem_ss|emif_0|emif_0|arch|arch_inst|pll_inst|pll_inst~refclk|clk_out                                                                                           ;
;   1.775  ;   0.000  ; RR ; CELL ; 1      ; IOPLL_X281_Y0_N303                      ; IOPLL                     ; local_mem_wrapper|mem_ss_top|mem_ss_sv|mem_ss|mem_ss|emif_0|emif_0|arch|arch_inst|pll_inst|pll_inst|pll_cascade_in                                                                                           ;
;   1.984  ;   0.209  ; RR ; CELL ; 2      ; IOPLL_X281_Y0_N303                      ; IOPLL                     ; local_mem_wrapper|mem_ss_top|mem_ss_sv|mem_ss|mem_ss|emif_0|emif_0|arch|arch_inst|pll_inst|pll_inst~fmio96fs_wr/x0/fmio96_core_inst/fmio48tile_top/x5/u4_3/x0/xiopll_custom/xclkin_sw/xpm_pll_so/clk[0]      ;
;   2.173  ;   0.189  ; RR ; CELL ; 2      ; IOPLL_X281_Y0_N303                      ; IOPLL                     ; local_mem_wrapper|mem_ss_top|mem_ss_sv|mem_ss|mem_ss|emif_0|emif_0|arch|arch_inst|pll_inst|pll_inst~fmio96fs_wr/x0/fmio96_core_inst/fmio48tile_top/x5/u4_3/x0/xiopll_custom/xiopll_core/xncnt_iopll/clk      ;
;   2.350  ;   0.177  ; RR ; CELL ; 3      ; IOPLL_X281_Y0_N303                      ; IOPLL                     ; local_mem_wrapper|mem_ss_top|mem_ss_sv|mem_ss|mem_ss|emif_0|emif_0|arch|arch_inst|pll_inst|pll_inst~pllnout                                                                                                  ;
;   2.491  ;   0.141  ; RF ; CELL ; 1      ; IOPLL_X281_Y0_N303                      ; IOPLL                     ; local_mem_wrapper|mem_ss_top|mem_ss_sv|mem_ss|mem_ss|emif_0|emif_0|arch|arch_inst|pll_inst|pll_inst~vco_refclk                                                                                               ;
;   2.498  ;   0.007  ; FR ; CELL ; 1      ; IOPLL_X281_Y0_N303                      ; IOPLL                     ; local_mem_wrapper|mem_ss_top|mem_ss_sv|mem_ss|mem_ss|emif_0|emif_0|arch|arch_inst|pll_inst|pll_inst~vctrl                                                                                                    ;
;   1.724  ;   -0.774 ; RR ; COMP ; 1      ; IOPLL_X281_Y0_N303                      ; IOPLL                     ; local_mem_wrapper|mem_ss_top|mem_ss_sv|mem_ss|mem_ss|emif_0|emif_0|arch|arch_inst|pll_inst|pll_inst~vcoph[0]                                                                                                 ;
;   1.724  ;   0.000  ; RR ; CELL ; 10     ; IOPLL_X281_Y0_N303                      ; IOPLL                     ; local_mem_wrapper|mem_ss_top|mem_ss_sv|mem_ss|mem_ss|emif_0|emif_0|arch|arch_inst|pll_inst|pll_inst|vcoph[0]                                                                                                 ;
;   1.724  ;   0.000  ; RR ; CELL ; 3      ; TILECTRL_X281_Y0_N298                   ; I/O tile control logic    ; local_mem_wrapper|mem_ss_top|mem_ss_sv|mem_ss|mem_ss|emif_0|emif_0|arch|arch_inst|io_tiles_wrap_inst|io_tiles_inst|tile_gen[1].tile_ctrl_inst|pll_vco_in[0]                                                  ;
;   -0.781 ;   -2.505 ; RR ; COMP ; 1      ; TILECTRL_X281_Y0_N298                   ; I/O tile control logic    ; local_mem_wrapper|mem_ss_top|mem_ss_sv|mem_ss|mem_ss|emif_0|emif_0|arch|arch_inst|io_tiles_wrap_inst|io_tiles_inst|tile_gen[1].tile_ctrl_inst|pa_core_clk_out[0]                                             ;
;   -0.126 ;   0.655  ; RR ; CELL ; 16258  ; TILECTRL_X281_Y0_N298                   ; I/O tile control logic    ; local_mem_wrapper|mem_ss_top|mem_ss_sv|mem_ss|mem_ss|emif_0|emif_0|arch|arch_inst|io_tiles_wrap_inst|io_tiles_inst|tile_gen[1].tile_ctrl_inst~fmio96fs_wr/m32_0_29__iophasealignment_to_dcm__core_clk_out[1] ;
;   -0.126 ;   0.000  ;    ; IC   ; 1      ; Boundary Port                           ; N/A                       ; afu_top|pg_afu.port_gasket|pr_slot|afu_main|ext_mem_if[0].clk|input                                                                                                                                          ;
;   -0.126 ;   0.000  ; RR ; CELL ; 105325 ; Boundary Port                           ; N/A                       ; afu_top|pg_afu.port_gasket|pr_slot|afu_main|ext_mem_if[0].clk                                                                                                                                                ;
;   -0.126 ;   0.000  ; RR ; RE   ; 1      ; TILECTRL_X281_Y0_N298                   ; I/O tile control logic    ; TILE_CTRL                                                                                                                                                                                                    ;
;   -0.054 ;   0.072  ; RR ; RE   ; 1      ; IO96FSWRRE_X280_Y0_N0_I3537             ; IO96FS_WR_RE              ; IO96FS_WR_RE                                                                                                                                                                                                 ;
;   0.040  ;   0.094  ; RR ; RE   ; 1      ; DCM_mux_X307_Y2_N0_I29                  ; DCM_mux                   ; CC_DCM_GMUX_RE                                                                                                                                                                                               ;
;   0.118  ;   0.078  ; RR ; RE   ; 1      ; IO_P2C_RE_X280_Y2_N150_I75              ; IO_P2C_RE                 ; IO_P2C_RE                                                                                                                                                                                                    ;
;   0.138  ;   0.020  ; RR ; RE   ; 1      ; IO_P2C_RE_X280_Y2_N150_I26              ; IO_P2C_RE                 ; IO_P2C_RE                                                                                                                                                                                                    ;
;   0.189  ;   0.051  ; RR ; RE   ; 1      ; Switchbox_clock_mux_X280_Y2_N0_I197     ; Switchbox_clock_mux       ; CLOCK_SEGMENT_MUX                                                                                                                                                                                            ;
;   0.289  ;   0.100  ; RR ; RE   ; 1      ; Switchbox_clock_mux_X280_Y2_N0_I105     ; Switchbox_clock_mux       ; CLOCK_SEGMENT_MUX                                                                                                                                                                                            ;
;   0.323  ;   0.034  ; RF ; RE   ; 1      ; Vertical_seam_tap_mux_X280_Y23_N0_I165  ; Vertical_seam_tap_mux     ; CLOCK_SEGMENT_TAP_MUX                                                                                                                                                                                        ;
;   0.382  ;   0.059  ; FR ; RE   ; 1      ; Vertical_seam_tap_mux_X280_Y23_N0_I53   ; Vertical_seam_tap_mux     ; CLOCK_SEGMENT_TAP_MUX                                                                                                                                                                                        ;
;   0.430  ;   0.048  ; RR ; RE   ; 1      ; Switchbox_clock_mux_X280_Y43_N0_I197    ; Switchbox_clock_mux       ; CLOCK_SEGMENT_MUX                                                                                                                                                                                            ;
;   0.530  ;   0.100  ; RR ; RE   ; 1      ; Switchbox_clock_mux_X280_Y43_N0_I105    ; Switchbox_clock_mux       ; CLOCK_SEGMENT_MUX                                                                                                                                                                                            ;
;   0.564  ;   0.034  ; RF ; RE   ; 1      ; Vertical_seam_tap_mux_X280_Y64_N0_I165  ; Vertical_seam_tap_mux     ; CLOCK_SEGMENT_TAP_MUX                                                                                                                                                                                        ;
;   0.623  ;   0.059  ; FR ; RE   ; 1      ; Vertical_seam_tap_mux_X280_Y64_N0_I53   ; Vertical_seam_tap_mux     ; CLOCK_SEGMENT_TAP_MUX                                                                                                                                                                                        ;
;   0.671  ;   0.048  ; RR ; RE   ; 1      ; Switchbox_clock_mux_X280_Y84_N0_I197    ; Switchbox_clock_mux       ; CLOCK_SEGMENT_MUX                                                                                                                                                                                            ;
;   0.763  ;   0.092  ; RR ; RE   ; 1      ; Switchbox_clock_mux_X280_Y84_N0_I105    ; Switchbox_clock_mux       ; CLOCK_SEGMENT_MUX                                                                                                                                                                                            ;
;   0.798  ;   0.035  ; RF ; RE   ; 1      ; Vertical_seam_tap_mux_X280_Y105_N0_I165 ; Vertical_seam_tap_mux     ; CLOCK_SEGMENT_TAP_MUX                                                                                                                                                                                        ;
;   0.857  ;   0.059  ; FR ; RE   ; 1      ; Vertical_seam_tap_mux_X280_Y105_N0_I53  ; Vertical_seam_tap_mux     ; CLOCK_SEGMENT_TAP_MUX                                                                                                                                                                                        ;
;   0.905  ;   0.048  ; RR ; RE   ; 1      ; Switchbox_clock_mux_X280_Y125_N0_I197   ; Switchbox_clock_mux       ; CLOCK_SEGMENT_MUX                                                                                                                                                                                            ;
;   0.997  ;   0.092  ; RR ; RE   ; 1      ; Switchbox_clock_mux_X280_Y125_N0_I105   ; Switchbox_clock_mux       ; CLOCK_SEGMENT_MUX                                                                                                                                                                                            ;
;   1.031  ;   0.034  ; RF ; RE   ; 1      ; Vertical_seam_tap_mux_X280_Y146_N0_I165 ; Vertical_seam_tap_mux     ; CLOCK_SEGMENT_TAP_MUX                                                                                                                                                                                        ;
;   1.090  ;   0.059  ; FR ; RE   ; 1      ; Vertical_seam_tap_mux_X280_Y146_N0_I53  ; Vertical_seam_tap_mux     ; CLOCK_SEGMENT_TAP_MUX                                                                                                                                                                                        ;
;   1.139  ;   0.049  ; RR ; RE   ; 1      ; Switchbox_clock_mux_X280_Y166_N0_I197   ; Switchbox_clock_mux       ; CLOCK_SEGMENT_MUX                                                                                                                                                                                            ;
;   1.350  ;   0.211  ; RR ; RE   ; 1      ; Switchbox_clock_mux_X280_Y166_N0_I106   ; Switchbox_clock_mux       ; CLOCK_SEGMENT_MUX                                                                                                                                                                                            ;
;   1.400  ;   0.050  ; RR ; RE   ; 1      ; Switchbox_clock_mux_X226_Y166_N0_I229   ; Switchbox_clock_mux       ; CLOCK_SEGMENT_MUX                                                                                                                                                                                            ;
;   1.449  ;   0.049  ; RR ; RE   ; 2      ; Switchbox_clock_mux_X226_Y166_N0_I153   ; Switchbox_clock_mux       ; CLOCK_SEGMENT_MUX                                                                                                                                                                                            ;
;   1.543  ;   0.094  ; RR ; RE   ; 1      ; Switchbox_clock_mux_X226_Y166_N0_I103   ; Switchbox_clock_mux       ; CLOCK_SEGMENT_MUX                                                                                                                                                                                            ;
;   1.577  ;   0.034  ; RF ; RE   ; 1      ; Vertical_seam_tap_mux_X226_Y146_N0_I134 ; Vertical_seam_tap_mux     ; CLOCK_SEGMENT_TAP_MUX                                                                                                                                                                                        ;
;   1.636  ;   0.059  ; FR ; RE   ; 1      ; Vertical_seam_tap_mux_X226_Y146_N0_I50  ; Vertical_seam_tap_mux     ; CLOCK_SEGMENT_TAP_MUX                                                                                                                                                                                        ;
;   1.687  ;   0.051  ; RR ; RE   ; 1      ; Switchbox_clock_mux_X226_Y125_N0_I166   ; Switchbox_clock_mux       ; CLOCK_SEGMENT_MUX                                                                                                                                                                                            ;
;   1.781  ;   0.094  ; RR ; RE   ; 1      ; Switchbox_clock_mux_X226_Y125_N0_I103   ; Switchbox_clock_mux       ; CLOCK_SEGMENT_MUX                                                                                                                                                                                            ;
;   1.815  ;   0.034  ; RF ; RE   ; 1      ; Vertical_seam_tap_mux_X226_Y105_N0_I134 ; Vertical_seam_tap_mux     ; CLOCK_SEGMENT_TAP_MUX                                                                                                                                                                                        ;
;   1.875  ;   0.060  ; FR ; RE   ; 1      ; Vertical_seam_tap_mux_X226_Y105_N0_I50  ; Vertical_seam_tap_mux     ; CLOCK_SEGMENT_TAP_MUX                                                                                                                                                                                        ;
;   1.926  ;   0.051  ; RR ; RE   ; 2      ; Switchbox_clock_mux_X226_Y84_N0_I166    ; Switchbox_clock_mux       ; CLOCK_SEGMENT_MUX                                                                                                                                                                                            ;
;   2.147  ;   0.221  ; RR ; RE   ; 1      ; Switchbox_clock_mux_X226_Y84_N0_I102    ; Switchbox_clock_mux       ; CLOCK_SEGMENT_MUX                                                                                                                                                                                            ;
;   2.198  ;   0.051  ; RR ; RE   ; 1      ; Switchbox_clock_mux_X280_Y84_N0_I230    ; Switchbox_clock_mux       ; CLOCK_SEGMENT_MUX                                                                                                                                                                                            ;
;   2.407  ;   0.209  ; RR ; RE   ; 1      ; Switchbox_clock_mux_X280_Y84_N0_I100    ; Switchbox_clock_mux       ; CLOCK_SEGMENT_MUX                                                                                                                                                                                            ;
;   2.458  ;   0.051  ; RR ; RE   ; 2      ; Switchbox_clock_mux_X334_Y84_N0_I230    ; Switchbox_clock_mux       ; CLOCK_SEGMENT_MUX                                                                                                                                                                                            ;
;   2.552  ;   0.094  ; RR ; RE   ; 1      ; Switchbox_clock_mux_X334_Y84_N0_I103    ; Switchbox_clock_mux       ; CLOCK_SEGMENT_MUX                                                                                                                                                                                            ;
;   2.586  ;   0.034  ; RF ; RE   ; 1      ; Vertical_seam_tap_mux_X334_Y64_N0_I134  ; Vertical_seam_tap_mux     ; CLOCK_SEGMENT_TAP_MUX                                                                                                                                                                                        ;
;   2.645  ;   0.059  ; FR ; RE   ; 1      ; Vertical_seam_tap_mux_X334_Y64_N0_I50   ; Vertical_seam_tap_mux     ; CLOCK_SEGMENT_TAP_MUX                                                                                                                                                                                        ;
;   2.695  ;   0.050  ; RR ; RE   ; 2      ; Switchbox_clock_mux_X334_Y43_N0_I166    ; Switchbox_clock_mux       ; CLOCK_SEGMENT_MUX                                                                                                                                                                                            ;
;   2.915  ;   0.220  ; RR ; RE   ; 1      ; Switchbox_clock_mux_X334_Y43_N0_I102    ; Switchbox_clock_mux       ; CLOCK_SEGMENT_MUX                                                                                                                                                                                            ;
;   2.967  ;   0.052  ; RR ; RE   ; 2      ; Switchbox_clock_mux_X280_Y43_N0_I262    ; Switchbox_clock_mux       ; CLOCK_SEGMENT_MUX                                                                                                                                                                                            ;
;   3.066  ;   0.099  ; RR ; RE   ; 1      ; Switchbox_clock_mux_X280_Y43_N0_I101    ; Switchbox_clock_mux       ; CLOCK_SEGMENT_MUX                                                                                                                                                                                            ;
;   3.114  ;   0.048  ; RR ; RE   ; 2      ; Vertical_seam_tap_mux_X280_Y64_N0_I166  ; Vertical_seam_tap_mux     ; CLOCK_SEGMENT_TAP_MUX                                                                                                                                                                                        ;
;   3.211  ;   0.097  ; RR ; RE   ; 1      ; Vertical_seam_tap_mux_X280_Y64_N0_I115  ; Vertical_seam_tap_mux     ; CLOCK_SEGMENT_TAP_MUX                                                                                                                                                                                        ;
;   3.345  ;   0.134  ; RR ; RE   ; 1      ; SPINE_TAP_RE_X253_Y64_N103_I89          ; SPINE_TAP_RE              ; SPINE_TAP_RE                                                                                                                                                                                                 ;
;   3.362  ;   0.017  ; RR ; RE   ; 41     ; SPINE_TAP_RE_X253_Y64_N103_I25          ; SPINE_TAP_RE              ; SPINE_TAP_RE                                                                                                                                                                                                 ;
;   3.649  ;   0.287  ; RR ; RE   ; 2      ; SCLKMUX_RE_X253_Y69_N188_I25            ; SCLKMUX_RE                ; SCLKMUX_RE                                                                                                                                                                                                   ;
;   3.668  ;   0.019  ; RR ; RE   ; 17     ; SCLKMUX_RE_X253_Y69_N188_I40            ; SCLKMUX_RE                ; SCLKMUX_RE                                                                                                                                                                                                   ;
;   3.708  ;   0.040  ; RR ; RE   ; 1      ; ROWCLK_TAPOFF_X259_Y69_N0_I3            ; Row Clock Tap-Off         ; ROWCLK_TAPOFF                                                                                                                                                                                                ;
;   3.752  ;   0.044  ; RR ; RE   ; 1      ; GLOBAL_LOCAL_SEL_X259_Y69_N0_I2         ; GLOBAL_LOCAL_SEL          ; GLOBAL_LOCAL_SEL                                                                                                                                                                                             ;
;   3.778  ;   0.026  ; RR ; RE   ; 1      ; RPII_X259_Y69_N0_I2                     ; Programmable Invert Input ; RPII                                                                                                                                                                                                         ;
;   3.778  ;   0.000  ; RR ; RE   ; 1      ; RPI_X259_Y69_N0_I2                      ; Programmable Invert       ; RPI                                                                                                                                                                                                          ;
;   3.778  ;   0.000  ; RR ; RE   ; 21     ; LAB_RE_X259_Y69_N0_I83                  ; LAB_RE                    ; clka                                                                                                                                                                                                         ;
;   3.778  ;   0.000  ;    ; IC   ; 1      ; FF_X259_Y69_N25                         ; Bypassed ALM Register     ; afu_top|pg_afu.port_gasket|pr_slot|afu_main|port_afu_instances|ofs_plat_afu|core|dma|csr_mgr_inst|dma_csr_map.descriptor.length[0]~.comb|clk                                                                 ;
;   3.778  ;   0.000  ; RR ; CELL ; 0      ; FF_X259_Y69_N25                         ; Bypassed ALM Register     ; afu_top|pg_afu.port_gasket|pr_slot|afu_main|port_afu_instances|ofs_plat_afu|core|dma|csr_mgr_inst|dma_csr_map.descriptor.length[0]~.comb                                                                     ;
;   2.761  ;   -1.017 ;    ;      ;        ;                                         ;                           ; clock pessimism removed                                                                                                                                                                                      ;
;   2.753  ;   -0.008 ;    ;      ;        ;                                         ;                           ; advanced clock effects                                                                                                                                                                                       ;
; 2.753    ; 0.000    ;    ;      ;        ;                                         ;                           ; clock uncertainty                                                                                                                                                                                            ;
; 2.803    ; 0.050    ;    ; uTh  ; 0      ; FF_X259_Y69_N25                         ; Bypassed ALM Register     ; afu_top|pg_afu.port_gasket|pr_slot|afu_main|port_afu_instances|ofs_plat_afu|core|dma|csr_mgr_inst|dma_csr_map.descriptor.length[0]~.comb                                                                     ;
+----------+----------+----+------+--------+-----------------------------------------+---------------------------+--------------------------------------------------------------------------------------------------------------------------------------------------------------------------------------------------------------+


Path #2: Hold slack is 0.721 
===============================================================================
+--------------------------------------------------------------------------------------------------------------------------------------------------------------------------------------------------------+
; Path Summary                                                                                                                                                                                           ;
+---------------------------------+----------------------------------------------------------------------------------------------------------------------------------------------------------------------+
; Property                        ; Value                                                                                                                                                                ;
+---------------------------------+----------------------------------------------------------------------------------------------------------------------------------------------------------------------+
; From Node                       ; afu_top|pg_afu.port_gasket|pr_slot|afu_main|port_afu_instances|ofs_plat_afu|core|dma|csr_mgr_inst|Select_0~10xsyn_20_BLOCK_INPUT_MUX_PASSTHROUGH_X260_Y70_N0_I19_dff ;
; To Node                         ; afu_top|pg_afu.port_gasket|pr_slot|afu_main|port_afu_instances|ofs_plat_afu|core|dma|csr_mgr_inst|add_2~256_BLOCK_INPUT_MUX_PASSTHROUGH_X255_Y68_N0_I13_dff          ;
; Launch Clock                    ; local_mem_wrapper|mem_ss_top|mem_ss_sv|mem_ss|mem_ss|emif_0|emif_0_core_usr_clk                                                                                      ;
; Latch Clock                     ; local_mem_wrapper|mem_ss_top|mem_ss_sv|mem_ss|mem_ss|emif_0|emif_0_core_usr_clk                                                                                      ;
; SDC Exception                   ; No SDC Exception on Path                                                                                                                                             ;
; Data Arrival Time               ; 3.632                                                                                                                                                                ;
; Data Required Time              ; 2.911                                                                                                                                                                ;
; Slack                           ; 0.721                                                                                                                                                                ;
; Worst-Case Operating Conditions ; Slow vid2b 100C Model                                                                                                                                                ;
+---------------------------------+----------------------------------------------------------------------------------------------------------------------------------------------------------------------+

+-------------------------------------------------------------------------------------+
; Statistics                                                                          ;
+------------------------+-------+-------+-------------+------------+--------+--------+
; Property               ; Value ; Count ; Total Delay ; % of Total ; Min    ; Max    ;
+------------------------+-------+-------+-------------+------------+--------+--------+
; Hold Relationship      ; 0.000 ;       ;             ;            ;        ;        ;
; Clock Skew             ; 0.027 ;       ;             ;            ;        ;        ;
; Data Delay             ; 0.922 ;       ;             ;            ;        ;        ;
; Number of Logic Levels ;       ; 2     ;             ;            ;        ;        ;
; Physical Delays        ;       ;       ;             ;            ;        ;        ;
;  Arrival Path          ;       ;       ;             ;            ;        ;        ;
;   Clock                ;       ;       ;             ;            ;        ;        ;
;    IC                  ;       ; 3     ; 0.000       ; 0          ; 0.000  ; 0.000  ;
;    Cell                ;       ; 15    ; 2.752       ; 44         ; 0.000  ; 0.834  ;
;    PLL Compensation    ;       ; 2     ; -3.572      ; 0          ; -2.692 ; -0.880 ;
;    Routing Element     ;       ; 58    ; 3.530       ; 56         ; 0.000  ; 0.253  ;
;   Data                 ;       ;       ;             ;            ;        ;        ;
;    IC                  ;       ; 4     ; 0.000       ; 0          ; 0.000  ; 0.000  ;
;    Cell                ;       ; 5     ; 0.274       ; 30         ; 0.000  ; 0.121  ;
;    uTco                ;       ; 1     ; 0.217       ; 24         ; 0.217  ; 0.217  ;
;    Routing Element     ;       ; 24    ; 0.431       ; 47         ; 0.000  ; 0.050  ;
;  Required Path         ;       ;       ;             ;            ;        ;        ;
;   Clock                ;       ;       ;             ;            ;        ;        ;
;    IC                  ;       ; 3     ; 0.000       ; 0          ; 0.000  ; 0.000  ;
;    Cell                ;       ; 15    ; 3.153       ; 45         ; 0.000  ; 0.980  ;
;    PLL Compensation    ;       ; 2     ; -3.279      ; 0          ; -2.505 ; -0.774 ;
;    Routing Element     ;       ; 58    ; 3.888       ; 55         ; 0.000  ; 0.287  ;
+------------------------+-------+-------+-------------+------------+--------+--------+
Note: Negative delays are omitted from totals when calculating percentages

+------------------------------------------------------------------------------------------------------------------------------------------------------------------------------------------------------------------------------------------------------------------------------------------------------------------------------------+
; Data Arrival Path                                                                                                                                                                                                                                                                                                                  ;
+----------+----------+----+------+--------+---------------------------------------------+----------------------------+--------------------------------------------------------------------------------------------------------------------------------------------------------------------------------------------------------------+
; Total    ; Incr     ; RF ; Type ; Fanout ; Location                                    ; Element Type               ; Element                                                                                                                                                                                                      ;
+----------+----------+----+------+--------+---------------------------------------------+----------------------------+--------------------------------------------------------------------------------------------------------------------------------------------------------------------------------------------------------------+
; 0.000    ; 0.000    ;    ;      ;        ;                                             ;                            ; launch edge time                                                                                                                                                                                             ;
; 2.710    ; 2.710    ;    ;      ;        ;                                             ;                            ; clock path                                                                                                                                                                                                   ;
;   0.000  ;   0.000  ;    ;      ;        ;                                             ;                            ; source latency                                                                                                                                                                                               ;
;   0.000  ;   0.000  ;    ;      ; 1      ; PIN_HF23                                    ; I/O pad                    ; ddr4_mem_ref_clk[0].clk                                                                                                                                                                                      ;
;   0.000  ;   0.000  ;    ; IC   ; 1      ; IOIBUF_X280_Y0_N376                         ; I/O input buffer           ; ddr4_mem_ref_clk[0].clk~input|i                                                                                                                                                                              ;
;   0.129  ;   0.129  ; RR ; CELL ; 2      ; IOIBUF_X280_Y0_N376                         ; I/O input buffer           ; ddr4_mem_ref_clk[0].clk~input|o                                                                                                                                                                              ;
;   0.963  ;   0.834  ; RR ; CELL ; 1      ; REFCLKINPUT_X281_Y0_N301                    ; I/O reference clock tree   ; local_mem_wrapper|mem_ss_top|mem_ss_sv|mem_ss|mem_ss|emif_0|emif_0|arch|arch_inst|pll_inst|pll_inst~refclk|ref_clk_in                                                                                        ;
;   1.121  ;   0.158  ; RR ; CELL ; 3      ; REFCLKINPUT_X281_Y0_N301                    ; I/O reference clock tree   ; local_mem_wrapper|mem_ss_top|mem_ss_sv|mem_ss|mem_ss|emif_0|emif_0|arch|arch_inst|pll_inst|pll_inst~refclk|ref0_to_btm                                                                                       ;
;   1.547  ;   0.426  ; RR ; CELL ; 1      ; REFCLKINPUT_X281_Y0_N301                    ; I/O reference clock tree   ; local_mem_wrapper|mem_ss_top|mem_ss_sv|mem_ss|mem_ss|emif_0|emif_0|arch|arch_inst|pll_inst|pll_inst~refclk|clk_out                                                                                           ;
;   1.547  ;   0.000  ; RR ; CELL ; 1      ; IOPLL_X281_Y0_N303                          ; IOPLL                      ; local_mem_wrapper|mem_ss_top|mem_ss_sv|mem_ss|mem_ss|emif_0|emif_0|arch|arch_inst|pll_inst|pll_inst|pll_cascade_in                                                                                           ;
;   1.731  ;   0.184  ; RR ; CELL ; 2      ; IOPLL_X281_Y0_N303                          ; IOPLL                      ; local_mem_wrapper|mem_ss_top|mem_ss_sv|mem_ss|mem_ss|emif_0|emif_0|arch|arch_inst|pll_inst|pll_inst~fmio96fs_wr/x0/fmio96_core_inst/fmio48tile_top/x5/u4_3/x0/xiopll_custom/xclkin_sw/xpm_pll_so/clk[0]      ;
;   1.898  ;   0.167  ; RR ; CELL ; 2      ; IOPLL_X281_Y0_N303                          ; IOPLL                      ; local_mem_wrapper|mem_ss_top|mem_ss_sv|mem_ss|mem_ss|emif_0|emif_0|arch|arch_inst|pll_inst|pll_inst~fmio96fs_wr/x0/fmio96_core_inst/fmio48tile_top/x5/u4_3/x0/xiopll_custom/xiopll_core/xncnt_iopll/clk      ;
;   2.051  ;   0.153  ; RR ; CELL ; 3      ; IOPLL_X281_Y0_N303                          ; IOPLL                      ; local_mem_wrapper|mem_ss_top|mem_ss_sv|mem_ss|mem_ss|emif_0|emif_0|arch|arch_inst|pll_inst|pll_inst~pllnout                                                                                                  ;
;   2.172  ;   0.121  ; RF ; CELL ; 1      ; IOPLL_X281_Y0_N303                          ; IOPLL                      ; local_mem_wrapper|mem_ss_top|mem_ss_sv|mem_ss|mem_ss|emif_0|emif_0|arch|arch_inst|pll_inst|pll_inst~vco_refclk                                                                                               ;
;   2.176  ;   0.004  ; FR ; CELL ; 1      ; IOPLL_X281_Y0_N303                          ; IOPLL                      ; local_mem_wrapper|mem_ss_top|mem_ss_sv|mem_ss|mem_ss|emif_0|emif_0|arch|arch_inst|pll_inst|pll_inst~vctrl                                                                                                    ;
;   1.296  ;   -0.880 ; RR ; COMP ; 1      ; IOPLL_X281_Y0_N303                          ; IOPLL                      ; local_mem_wrapper|mem_ss_top|mem_ss_sv|mem_ss|mem_ss|emif_0|emif_0|arch|arch_inst|pll_inst|pll_inst~vcoph[0]                                                                                                 ;
;   1.296  ;   0.000  ; RR ; CELL ; 10     ; IOPLL_X281_Y0_N303                          ; IOPLL                      ; local_mem_wrapper|mem_ss_top|mem_ss_sv|mem_ss|mem_ss|emif_0|emif_0|arch|arch_inst|pll_inst|pll_inst|vcoph[0]                                                                                                 ;
;   1.296  ;   0.000  ; RR ; CELL ; 3      ; TILECTRL_X281_Y0_N298                       ; I/O tile control logic     ; local_mem_wrapper|mem_ss_top|mem_ss_sv|mem_ss|mem_ss|emif_0|emif_0|arch|arch_inst|io_tiles_wrap_inst|io_tiles_inst|tile_gen[1].tile_ctrl_inst|pll_vco_in[0]                                                  ;
;   -1.396 ;   -2.692 ; RR ; COMP ; 1      ; TILECTRL_X281_Y0_N298                       ; I/O tile control logic     ; local_mem_wrapper|mem_ss_top|mem_ss_sv|mem_ss|mem_ss|emif_0|emif_0|arch|arch_inst|io_tiles_wrap_inst|io_tiles_inst|tile_gen[1].tile_ctrl_inst|pa_core_clk_out[0]                                             ;
;   -0.820 ;   0.576  ; RR ; CELL ; 16258  ; TILECTRL_X281_Y0_N298                       ; I/O tile control logic     ; local_mem_wrapper|mem_ss_top|mem_ss_sv|mem_ss|mem_ss|emif_0|emif_0|arch|arch_inst|io_tiles_wrap_inst|io_tiles_inst|tile_gen[1].tile_ctrl_inst~fmio96fs_wr/m32_0_29__iophasealignment_to_dcm__core_clk_out[1] ;
;   -0.820 ;   0.000  ;    ; IC   ; 1      ; Boundary Port                               ; N/A                        ; afu_top|pg_afu.port_gasket|pr_slot|afu_main|ext_mem_if[0].clk|input                                                                                                                                          ;
;   -0.820 ;   0.000  ; RR ; CELL ; 105325 ; Boundary Port                               ; N/A                        ; afu_top|pg_afu.port_gasket|pr_slot|afu_main|ext_mem_if[0].clk                                                                                                                                                ;
;   -0.820 ;   0.000  ; RR ; RE   ; 1      ; TILECTRL_X281_Y0_N298                       ; I/O tile control logic     ; TILE_CTRL                                                                                                                                                                                                    ;
;   -0.756 ;   0.064  ; RR ; RE   ; 1      ; IO96FSWRRE_X280_Y0_N0_I3537                 ; IO96FS_WR_RE               ; IO96FS_WR_RE                                                                                                                                                                                                 ;
;   -0.670 ;   0.086  ; RR ; RE   ; 1      ; DCM_mux_X307_Y2_N0_I29                      ; DCM_mux                    ; CC_DCM_GMUX_RE                                                                                                                                                                                               ;
;   -0.601 ;   0.069  ; RR ; RE   ; 1      ; IO_P2C_RE_X280_Y2_N150_I75                  ; IO_P2C_RE                  ; IO_P2C_RE                                                                                                                                                                                                    ;
;   -0.582 ;   0.019  ; RR ; RE   ; 1      ; IO_P2C_RE_X280_Y2_N150_I26                  ; IO_P2C_RE                  ; IO_P2C_RE                                                                                                                                                                                                    ;
;   -0.536 ;   0.046  ; RR ; RE   ; 1      ; Switchbox_clock_mux_X280_Y2_N0_I197         ; Switchbox_clock_mux        ; CLOCK_SEGMENT_MUX                                                                                                                                                                                            ;
;   -0.445 ;   0.091  ; RR ; RE   ; 1      ; Switchbox_clock_mux_X280_Y2_N0_I105         ; Switchbox_clock_mux        ; CLOCK_SEGMENT_MUX                                                                                                                                                                                            ;
;   -0.415 ;   0.030  ; RF ; RE   ; 1      ; Vertical_seam_tap_mux_X280_Y23_N0_I165      ; Vertical_seam_tap_mux      ; CLOCK_SEGMENT_TAP_MUX                                                                                                                                                                                        ;
;   -0.360 ;   0.055  ; FR ; RE   ; 1      ; Vertical_seam_tap_mux_X280_Y23_N0_I53       ; Vertical_seam_tap_mux      ; CLOCK_SEGMENT_TAP_MUX                                                                                                                                                                                        ;
;   -0.317 ;   0.043  ; RR ; RE   ; 1      ; Switchbox_clock_mux_X280_Y43_N0_I197        ; Switchbox_clock_mux        ; CLOCK_SEGMENT_MUX                                                                                                                                                                                            ;
;   -0.226 ;   0.091  ; RR ; RE   ; 1      ; Switchbox_clock_mux_X280_Y43_N0_I105        ; Switchbox_clock_mux        ; CLOCK_SEGMENT_MUX                                                                                                                                                                                            ;
;   -0.196 ;   0.030  ; RF ; RE   ; 1      ; Vertical_seam_tap_mux_X280_Y64_N0_I165      ; Vertical_seam_tap_mux      ; CLOCK_SEGMENT_TAP_MUX                                                                                                                                                                                        ;
;   -0.141 ;   0.055  ; FR ; RE   ; 1      ; Vertical_seam_tap_mux_X280_Y64_N0_I53       ; Vertical_seam_tap_mux      ; CLOCK_SEGMENT_TAP_MUX                                                                                                                                                                                        ;
;   -0.098 ;   0.043  ; RR ; RE   ; 1      ; Switchbox_clock_mux_X280_Y84_N0_I197        ; Switchbox_clock_mux        ; CLOCK_SEGMENT_MUX                                                                                                                                                                                            ;
;   -0.014 ;   0.084  ; RR ; RE   ; 1      ; Switchbox_clock_mux_X280_Y84_N0_I105        ; Switchbox_clock_mux        ; CLOCK_SEGMENT_MUX                                                                                                                                                                                            ;
;   0.017  ;   0.031  ; RF ; RE   ; 1      ; Vertical_seam_tap_mux_X280_Y105_N0_I165     ; Vertical_seam_tap_mux      ; CLOCK_SEGMENT_TAP_MUX                                                                                                                                                                                        ;
;   0.071  ;   0.054  ; FR ; RE   ; 1      ; Vertical_seam_tap_mux_X280_Y105_N0_I53      ; Vertical_seam_tap_mux      ; CLOCK_SEGMENT_TAP_MUX                                                                                                                                                                                        ;
;   0.114  ;   0.043  ; RR ; RE   ; 1      ; Switchbox_clock_mux_X280_Y125_N0_I197       ; Switchbox_clock_mux        ; CLOCK_SEGMENT_MUX                                                                                                                                                                                            ;
;   0.198  ;   0.084  ; RR ; RE   ; 1      ; Switchbox_clock_mux_X280_Y125_N0_I105       ; Switchbox_clock_mux        ; CLOCK_SEGMENT_MUX                                                                                                                                                                                            ;
;   0.229  ;   0.031  ; RF ; RE   ; 1      ; Vertical_seam_tap_mux_X280_Y146_N0_I165     ; Vertical_seam_tap_mux      ; CLOCK_SEGMENT_TAP_MUX                                                                                                                                                                                        ;
;   0.283  ;   0.054  ; FR ; RE   ; 1      ; Vertical_seam_tap_mux_X280_Y146_N0_I53      ; Vertical_seam_tap_mux      ; CLOCK_SEGMENT_TAP_MUX                                                                                                                                                                                        ;
;   0.326  ;   0.043  ; RR ; RE   ; 1      ; Switchbox_clock_mux_X280_Y166_N0_I197       ; Switchbox_clock_mux        ; CLOCK_SEGMENT_MUX                                                                                                                                                                                            ;
;   0.520  ;   0.194  ; RR ; RE   ; 1      ; Switchbox_clock_mux_X280_Y166_N0_I106       ; Switchbox_clock_mux        ; CLOCK_SEGMENT_MUX                                                                                                                                                                                            ;
;   0.565  ;   0.045  ; RR ; RE   ; 1      ; Switchbox_clock_mux_X226_Y166_N0_I229       ; Switchbox_clock_mux        ; CLOCK_SEGMENT_MUX                                                                                                                                                                                            ;
;   0.608  ;   0.043  ; RR ; RE   ; 2      ; Switchbox_clock_mux_X226_Y166_N0_I153       ; Switchbox_clock_mux        ; CLOCK_SEGMENT_MUX                                                                                                                                                                                            ;
;   0.693  ;   0.085  ; RR ; RE   ; 1      ; Switchbox_clock_mux_X226_Y166_N0_I103       ; Switchbox_clock_mux        ; CLOCK_SEGMENT_MUX                                                                                                                                                                                            ;
;   0.724  ;   0.031  ; RF ; RE   ; 1      ; Vertical_seam_tap_mux_X226_Y146_N0_I134     ; Vertical_seam_tap_mux      ; CLOCK_SEGMENT_TAP_MUX                                                                                                                                                                                        ;
;   0.779  ;   0.055  ; FR ; RE   ; 1      ; Vertical_seam_tap_mux_X226_Y146_N0_I50      ; Vertical_seam_tap_mux      ; CLOCK_SEGMENT_TAP_MUX                                                                                                                                                                                        ;
;   0.824  ;   0.045  ; RR ; RE   ; 1      ; Switchbox_clock_mux_X226_Y125_N0_I166       ; Switchbox_clock_mux        ; CLOCK_SEGMENT_MUX                                                                                                                                                                                            ;
;   0.910  ;   0.086  ; RR ; RE   ; 1      ; Switchbox_clock_mux_X226_Y125_N0_I103       ; Switchbox_clock_mux        ; CLOCK_SEGMENT_MUX                                                                                                                                                                                            ;
;   0.940  ;   0.030  ; RF ; RE   ; 1      ; Vertical_seam_tap_mux_X226_Y105_N0_I134     ; Vertical_seam_tap_mux      ; CLOCK_SEGMENT_TAP_MUX                                                                                                                                                                                        ;
;   0.996  ;   0.056  ; FR ; RE   ; 1      ; Vertical_seam_tap_mux_X226_Y105_N0_I50      ; Vertical_seam_tap_mux      ; CLOCK_SEGMENT_TAP_MUX                                                                                                                                                                                        ;
;   1.041  ;   0.045  ; RR ; RE   ; 2      ; Switchbox_clock_mux_X226_Y84_N0_I166        ; Switchbox_clock_mux        ; CLOCK_SEGMENT_MUX                                                                                                                                                                                            ;
;   1.244  ;   0.203  ; RR ; RE   ; 1      ; Switchbox_clock_mux_X226_Y84_N0_I102        ; Switchbox_clock_mux        ; CLOCK_SEGMENT_MUX                                                                                                                                                                                            ;
;   1.288  ;   0.044  ; RR ; RE   ; 1      ; Switchbox_clock_mux_X280_Y84_N0_I230        ; Switchbox_clock_mux        ; CLOCK_SEGMENT_MUX                                                                                                                                                                                            ;
;   1.481  ;   0.193  ; RR ; RE   ; 1      ; Switchbox_clock_mux_X280_Y84_N0_I100        ; Switchbox_clock_mux        ; CLOCK_SEGMENT_MUX                                                                                                                                                                                            ;
;   1.525  ;   0.044  ; RR ; RE   ; 2      ; Switchbox_clock_mux_X334_Y84_N0_I230        ; Switchbox_clock_mux        ; CLOCK_SEGMENT_MUX                                                                                                                                                                                            ;
;   1.611  ;   0.086  ; RR ; RE   ; 1      ; Switchbox_clock_mux_X334_Y84_N0_I103        ; Switchbox_clock_mux        ; CLOCK_SEGMENT_MUX                                                                                                                                                                                            ;
;   1.641  ;   0.030  ; RF ; RE   ; 1      ; Vertical_seam_tap_mux_X334_Y64_N0_I134      ; Vertical_seam_tap_mux      ; CLOCK_SEGMENT_TAP_MUX                                                                                                                                                                                        ;
;   1.696  ;   0.055  ; FR ; RE   ; 1      ; Vertical_seam_tap_mux_X334_Y64_N0_I50       ; Vertical_seam_tap_mux      ; CLOCK_SEGMENT_TAP_MUX                                                                                                                                                                                        ;
;   1.741  ;   0.045  ; RR ; RE   ; 2      ; Switchbox_clock_mux_X334_Y43_N0_I166        ; Switchbox_clock_mux        ; CLOCK_SEGMENT_MUX                                                                                                                                                                                            ;
;   1.942  ;   0.201  ; RR ; RE   ; 1      ; Switchbox_clock_mux_X334_Y43_N0_I102        ; Switchbox_clock_mux        ; CLOCK_SEGMENT_MUX                                                                                                                                                                                            ;
;   1.988  ;   0.046  ; RR ; RE   ; 2      ; Switchbox_clock_mux_X280_Y43_N0_I262        ; Switchbox_clock_mux        ; CLOCK_SEGMENT_MUX                                                                                                                                                                                            ;
;   2.079  ;   0.091  ; RR ; RE   ; 1      ; Switchbox_clock_mux_X280_Y43_N0_I101        ; Switchbox_clock_mux        ; CLOCK_SEGMENT_MUX                                                                                                                                                                                            ;
;   2.121  ;   0.042  ; RR ; RE   ; 2      ; Vertical_seam_tap_mux_X280_Y64_N0_I166      ; Vertical_seam_tap_mux      ; CLOCK_SEGMENT_TAP_MUX                                                                                                                                                                                        ;
;   2.210  ;   0.089  ; RR ; RE   ; 1      ; Vertical_seam_tap_mux_X280_Y64_N0_I115      ; Vertical_seam_tap_mux      ; CLOCK_SEGMENT_TAP_MUX                                                                                                                                                                                        ;
;   2.328  ;   0.118  ; RR ; RE   ; 1      ; SPINE_TAP_RE_X253_Y64_N103_I89              ; SPINE_TAP_RE               ; SPINE_TAP_RE                                                                                                                                                                                                 ;
;   2.347  ;   0.019  ; RR ; RE   ; 41     ; SPINE_TAP_RE_X253_Y64_N103_I25              ; SPINE_TAP_RE               ; SPINE_TAP_RE                                                                                                                                                                                                 ;
;   2.600  ;   0.253  ; RR ; RE   ; 2      ; SCLKMUX_RE_X253_Y70_N188_I25                ; SCLKMUX_RE                 ; SCLKMUX_RE                                                                                                                                                                                                   ;
;   2.621  ;   0.021  ; RR ; RE   ; 16     ; SCLKMUX_RE_X253_Y70_N188_I40                ; SCLKMUX_RE                 ; SCLKMUX_RE                                                                                                                                                                                                   ;
;   2.657  ;   0.036  ; RR ; RE   ; 1      ; ROWCLK_TAPOFF_X260_Y70_N0_I3                ; Row Clock Tap-Off          ; ROWCLK_TAPOFF                                                                                                                                                                                                ;
;   2.690  ;   0.033  ; RR ; RE   ; 1      ; GLOBAL_LOCAL_SEL_X260_Y70_N0_I3             ; GLOBAL_LOCAL_SEL           ; GLOBAL_LOCAL_SEL                                                                                                                                                                                             ;
;   2.710  ;   0.020  ; RR ; RE   ; 1      ; RPII_X260_Y70_N0_I3                         ; Programmable Invert Input  ; RPII                                                                                                                                                                                                         ;
;   2.710  ;   0.000  ; RR ; RE   ; 1      ; RPI_X260_Y70_N0_I3                          ; Programmable Invert        ; RPI                                                                                                                                                                                                          ;
;   2.710  ;   0.000  ; RR ; RE   ; 1      ; LAB_RE_X260_Y70_N0_I84                      ; LAB_RE                     ; clkb                                                                                                                                                                                                         ;
;   2.710  ;   0.000  ; RR ; RE   ; 1      ; LAB_RE_X260_Y70_N0_I152                     ; LAB_RE                     ; LAB_RE                                                                                                                                                                                                       ;
;   2.710  ;   0.000  ; RR ; RE   ; 12     ; LEIMCLKALE_X260_Y70_N0_I0                   ; LEIMCLKALE                 ; LEIMCLKALE                                                                                                                                                                                                   ;
;   2.710  ;   0.000  ; RR ; RE   ; 1      ; HYPERFLEX_CLK_M_MUX_X260_Y70_N0_I21         ; Hyperflex clocking network ; HIPI_M_MUX                                                                                                                                                                                                   ;
;   2.710  ;   0.000  ;    ; IC   ; 1      ; BLOCK_INPUT_MUX_PASSTHROUGH_X260_Y70_N0_I19 ; Hyper-Register             ; afu_top|pg_afu.port_gasket|pr_slot|afu_main|port_afu_instances|ofs_plat_afu|core|dma|csr_mgr_inst|Select_0~10xsyn_20_BLOCK_INPUT_MUX_PASSTHROUGH_X260_Y70_N0_I19_dff|clk                                     ;
;   2.710  ;   0.000  ; RR ; CELL ; 1      ; BLOCK_INPUT_MUX_PASSTHROUGH_X260_Y70_N0_I19 ; Hyper-Register             ; afu_top|pg_afu.port_gasket|pr_slot|afu_main|port_afu_instances|ofs_plat_afu|core|dma|csr_mgr_inst|Select_0~10xsyn_20_BLOCK_INPUT_MUX_PASSTHROUGH_X260_Y70_N0_I19_dff                                         ;
; 3.632    ; 0.922    ;    ;      ;        ;                                             ;                            ; data path                                                                                                                                                                                                    ;
;   2.927  ;   0.217  ; FF ; uTco ; 1      ; BLOCK_INPUT_MUX_PASSTHROUGH_X260_Y70_N0_I19 ; Hyper-Register             ; afu_top|pg_afu.port_gasket|pr_slot|afu_main|port_afu_instances|ofs_plat_afu|core|dma|csr_mgr_inst|Select_0~10xsyn_20_BLOCK_INPUT_MUX_PASSTHROUGH_X260_Y70_N0_I19_dff|q                                       ;
;   2.927  ;   0.000  ; FF ; RE   ; 1      ; BLOCK_INPUT_MUX_PASSTHROUGH_X260_Y70_N0_I19 ; Hyper-Register             ; LEIM                                                                                                                                                                                                         ;
;   2.928  ;   0.001  ; FF ; RE   ; 1      ; BLOCK_INPUT_MUX_PASSTHROUGH_X260_Y70_N0_I19 ; Block Input Mux            ; LEIM                                                                                                                                                                                                         ;
;   2.928  ;   0.000  ; FF ; RE   ; 1      ; LAB_RE_X260_Y70_N0_I23                      ; LAB_RE                     ; leimf[2]                                                                                                                                                                                                     ;
;   2.928  ;   0.000  ;    ; IC   ; 1      ; MLABCELL_X260_Y70_N15                       ; Combinational cell         ; afu_top|pg_afu.port_gasket|pr_slot|afu_main|port_afu_instances|ofs_plat_afu|core|dma|csr_mgr_inst|i2852~0|dataf                                                                                              ;
;   2.950  ;   0.022  ; FF ; CELL ; 4      ; MLABCELL_X260_Y70_N15                       ; Combinational cell         ; afu_top|pg_afu.port_gasket|pr_slot|afu_main|port_afu_instances|ofs_plat_afu|core|dma|csr_mgr_inst|i2852~0|combout                                                                                            ;
;   2.969  ;   0.019  ; FR ; CELL ; 12     ; MLABCELL_X260_Y70_N15                       ; Combinational cell         ; afu_top|pg_afu.port_gasket|pr_slot|afu_main|port_afu_instances|ofs_plat_afu|core|dma|csr_mgr_inst|i2852~0~cw_ml_mlab/lab_lut6outt[2]                                                                         ;
;   2.969  ;   0.000  ; RR ; RE   ; 1      ; MLABCELL_X260_Y70_N15                       ; Combinational cell         ; MP_MLAB_COMB                                                                                                                                                                                                 ;
;   2.971  ;   0.002  ; RR ; RE   ; 1      ; LAB_RE_X260_Y70_N0_I136                     ; LAB_RE                     ; LAB_RE                                                                                                                                                                                                       ;
;   3.005  ;   0.034  ; RR ; RE   ; 1      ; R1_X260_Y70_N0_I9                           ; R1 interconnect            ; H1                                                                                                                                                                                                           ;
;   3.050  ;   0.045  ; RR ; RE   ; 1      ; C1_X259_Y69_N0_I9                           ; C1 interconnect            ; V1                                                                                                                                                                                                           ;
;   3.082  ;   0.032  ; RR ; RE   ; 1      ; R0_X259_Y69_N0_I13                          ; R0 interconnect            ; H0                                                                                                                                                                                                           ;
;   3.104  ;   0.022  ; RF ; RE   ; 1      ; LOCAL_INTERCONNECT_X259_Y69_N0_I77          ; Block interconnect         ; LAB_LINE                                                                                                                                                                                                     ;
;   3.130  ;   0.026  ; FR ; RE   ; 1      ; BLOCK_INPUT_MUX_PASSTHROUGH_X259_Y69_N0_I81 ; Block Input Mux            ; LEIM                                                                                                                                                                                                         ;
;   3.130  ;   0.000  ; RR ; RE   ; 12     ; LAB_RE_X259_Y69_N0_I81                      ; LAB_RE                     ; lsim[1]                                                                                                                                                                                                      ;
;   3.130  ;   0.000  ;    ; IC   ; 2      ; FF_X259_Y69_N25                             ; Bypassed ALM Register      ; afu_top|pg_afu.port_gasket|pr_slot|afu_main|port_afu_instances|ofs_plat_afu|core|dma|csr_mgr_inst|dma_csr_map.descriptor.length[0]~.comb|ena                                                                 ;
;   3.242  ;   0.112  ; RF ; CELL ; 3      ; FF_X259_Y69_N25                             ; Bypassed ALM Register      ; afu_top|pg_afu.port_gasket|pr_slot|afu_main|port_afu_instances|ofs_plat_afu|core|dma|csr_mgr_inst|dma_csr_map.descriptor.length[0]~.comb|q                                                                   ;
;   3.242  ;   0.000  ; FF ; RE   ; 1      ; FF_X259_Y69_N25                             ; Bypassed ALM Register      ; FF                                                                                                                                                                                                           ;
;   3.247  ;   0.005  ; FF ; RE   ; 2      ; LAB_RE_X259_Y69_N0_I105                     ; LAB_RE                     ; LAB_RE                                                                                                                                                                                                       ;
;   3.278  ;   0.031  ; FF ; RE   ; 1      ; R1_X259_Y69_N0_I17                          ; R1 interconnect            ; H1                                                                                                                                                                                                           ;
;   3.328  ;   0.050  ; FF ; RE   ; 1      ; R1_X258_Y69_N0_I17                          ; R1 interconnect            ; H1                                                                                                                                                                                                           ;
;   3.368  ;   0.040  ; FF ; RE   ; 1      ; R1_X257_Y69_N0_I17                          ; R1 interconnect            ; H1                                                                                                                                                                                                           ;
;   3.391  ;   0.023  ; FR ; RE   ; 1      ; LOCAL_INTERCONNECT_X256_Y69_N0_I38          ; Block interconnect         ; LAB_LINE                                                                                                                                                                                                     ;
;   3.416  ;   0.025  ; RF ; RE   ; 1      ; BLOCK_INPUT_MUX_PASSTHROUGH_X256_Y69_N0_I7  ; Block Input Mux            ; LEIM                                                                                                                                                                                                         ;
;   3.416  ;   0.000  ; FF ; RE   ; 1      ; LAB_RE_X256_Y69_N0_I1                       ; LAB_RE                     ; leimd0[0]                                                                                                                                                                                                    ;
;   3.416  ;   0.000  ;    ; IC   ; 5      ; LABCELL_X256_Y69_N0                         ; Combinational cell         ; afu_top|pg_afu.port_gasket|pr_slot|afu_main|port_afu_instances|ofs_plat_afu|core|dma|csr_mgr_inst|add_2~256|datad                                                                                            ;
;   3.537  ;   0.121  ; FF ; CELL ; 1      ; LABCELL_X256_Y69_N0                         ; Combinational cell         ; afu_top|pg_afu.port_gasket|pr_slot|afu_main|port_afu_instances|ofs_plat_afu|core|dma|csr_mgr_inst|add_2~256|sumout                                                                                           ;
;   3.537  ;   0.000  ; FF ; RE   ; 1      ; LABCELL_X256_Y69_N0                         ; Combinational cell         ; MP_LAB_COMB                                                                                                                                                                                                  ;
;   3.541  ;   0.004  ; FF ; RE   ; 1      ; LAB_RE_X256_Y69_N0_I89                      ; LAB_RE                     ; LAB_RE                                                                                                                                                                                                       ;
;   3.571  ;   0.030  ; FF ; RE   ; 1      ; R1_X256_Y69_N0_I1                           ; R1 interconnect            ; H1                                                                                                                                                                                                           ;
;   3.610  ;   0.039  ; FF ; RE   ; 1      ; C1_X255_Y68_N0_I1                           ; C1 interconnect            ; V1                                                                                                                                                                                                           ;
;   3.632  ;   0.022  ; FR ; RE   ; 1      ; LOCAL_INTERCONNECT_X255_Y68_N0_I0           ; Block interconnect         ; LAB_LINE                                                                                                                                                                                                     ;
;   3.632  ;   0.000  ;    ; IC   ; 1      ; BLOCK_INPUT_MUX_PASSTHROUGH_X255_Y68_N0_I13 ; Hyper-Register             ; afu_top|pg_afu.port_gasket|pr_slot|afu_main|port_afu_instances|ofs_plat_afu|core|dma|csr_mgr_inst|add_2~256_BLOCK_INPUT_MUX_PASSTHROUGH_X255_Y68_N0_I13_dff|d                                                ;
;   3.632  ;   0.000  ; RR ; CELL ; 1      ; BLOCK_INPUT_MUX_PASSTHROUGH_X255_Y68_N0_I13 ; Hyper-Register             ; afu_top|pg_afu.port_gasket|pr_slot|afu_main|port_afu_instances|ofs_plat_afu|core|dma|csr_mgr_inst|add_2~256_BLOCK_INPUT_MUX_PASSTHROUGH_X255_Y68_N0_I13_dff                                                  ;
+----------+----------+----+------+--------+---------------------------------------------+----------------------------+--------------------------------------------------------------------------------------------------------------------------------------------------------------------------------------------------------------+

+------------------------------------------------------------------------------------------------------------------------------------------------------------------------------------------------------------------------------------------------------------------------------------------------------------------------------------+
; Data Required Path                                                                                                                                                                                                                                                                                                                 ;
+----------+----------+----+------+--------+---------------------------------------------+----------------------------+--------------------------------------------------------------------------------------------------------------------------------------------------------------------------------------------------------------+
; Total    ; Incr     ; RF ; Type ; Fanout ; Location                                    ; Element Type               ; Element                                                                                                                                                                                                      ;
+----------+----------+----+------+--------+---------------------------------------------+----------------------------+--------------------------------------------------------------------------------------------------------------------------------------------------------------------------------------------------------------+
; 0.000    ; 0.000    ;    ;      ;        ;                                             ;                            ; latch edge time                                                                                                                                                                                              ;
; 2.737    ; 2.737    ;    ;      ;        ;                                             ;                            ; clock path                                                                                                                                                                                                   ;
;   0.000  ;   0.000  ;    ;      ;        ;                                             ;                            ; source latency                                                                                                                                                                                               ;
;   0.000  ;   0.000  ;    ;      ; 1      ; PIN_HF23                                    ; I/O pad                    ; ddr4_mem_ref_clk[0].clk                                                                                                                                                                                      ;
;   0.000  ;   0.000  ;    ; IC   ; 1      ; IOIBUF_X280_Y0_N376                         ; I/O input buffer           ; ddr4_mem_ref_clk[0].clk~input|i                                                                                                                                                                              ;
;   0.129  ;   0.129  ; RR ; CELL ; 2      ; IOIBUF_X280_Y0_N376                         ; I/O input buffer           ; ddr4_mem_ref_clk[0].clk~input|o                                                                                                                                                                              ;
;   1.109  ;   0.980  ; RR ; CELL ; 1      ; REFCLKINPUT_X281_Y0_N301                    ; I/O reference clock tree   ; local_mem_wrapper|mem_ss_top|mem_ss_sv|mem_ss|mem_ss|emif_0|emif_0|arch|arch_inst|pll_inst|pll_inst~refclk|ref_clk_in                                                                                        ;
;   1.295  ;   0.186  ; RR ; CELL ; 3      ; REFCLKINPUT_X281_Y0_N301                    ; I/O reference clock tree   ; local_mem_wrapper|mem_ss_top|mem_ss_sv|mem_ss|mem_ss|emif_0|emif_0|arch|arch_inst|pll_inst|pll_inst~refclk|ref0_to_btm                                                                                       ;
;   1.775  ;   0.480  ; RR ; CELL ; 1      ; REFCLKINPUT_X281_Y0_N301                    ; I/O reference clock tree   ; local_mem_wrapper|mem_ss_top|mem_ss_sv|mem_ss|mem_ss|emif_0|emif_0|arch|arch_inst|pll_inst|pll_inst~refclk|clk_out                                                                                           ;
;   1.775  ;   0.000  ; RR ; CELL ; 1      ; IOPLL_X281_Y0_N303                          ; IOPLL                      ; local_mem_wrapper|mem_ss_top|mem_ss_sv|mem_ss|mem_ss|emif_0|emif_0|arch|arch_inst|pll_inst|pll_inst|pll_cascade_in                                                                                           ;
;   1.984  ;   0.209  ; RR ; CELL ; 2      ; IOPLL_X281_Y0_N303                          ; IOPLL                      ; local_mem_wrapper|mem_ss_top|mem_ss_sv|mem_ss|mem_ss|emif_0|emif_0|arch|arch_inst|pll_inst|pll_inst~fmio96fs_wr/x0/fmio96_core_inst/fmio48tile_top/x5/u4_3/x0/xiopll_custom/xclkin_sw/xpm_pll_so/clk[0]      ;
;   2.173  ;   0.189  ; RR ; CELL ; 2      ; IOPLL_X281_Y0_N303                          ; IOPLL                      ; local_mem_wrapper|mem_ss_top|mem_ss_sv|mem_ss|mem_ss|emif_0|emif_0|arch|arch_inst|pll_inst|pll_inst~fmio96fs_wr/x0/fmio96_core_inst/fmio48tile_top/x5/u4_3/x0/xiopll_custom/xiopll_core/xncnt_iopll/clk      ;
;   2.350  ;   0.177  ; RR ; CELL ; 3      ; IOPLL_X281_Y0_N303                          ; IOPLL                      ; local_mem_wrapper|mem_ss_top|mem_ss_sv|mem_ss|mem_ss|emif_0|emif_0|arch|arch_inst|pll_inst|pll_inst~pllnout                                                                                                  ;
;   2.491  ;   0.141  ; RF ; CELL ; 1      ; IOPLL_X281_Y0_N303                          ; IOPLL                      ; local_mem_wrapper|mem_ss_top|mem_ss_sv|mem_ss|mem_ss|emif_0|emif_0|arch|arch_inst|pll_inst|pll_inst~vco_refclk                                                                                               ;
;   2.498  ;   0.007  ; FR ; CELL ; 1      ; IOPLL_X281_Y0_N303                          ; IOPLL                      ; local_mem_wrapper|mem_ss_top|mem_ss_sv|mem_ss|mem_ss|emif_0|emif_0|arch|arch_inst|pll_inst|pll_inst~vctrl                                                                                                    ;
;   1.724  ;   -0.774 ; RR ; COMP ; 1      ; IOPLL_X281_Y0_N303                          ; IOPLL                      ; local_mem_wrapper|mem_ss_top|mem_ss_sv|mem_ss|mem_ss|emif_0|emif_0|arch|arch_inst|pll_inst|pll_inst~vcoph[0]                                                                                                 ;
;   1.724  ;   0.000  ; RR ; CELL ; 10     ; IOPLL_X281_Y0_N303                          ; IOPLL                      ; local_mem_wrapper|mem_ss_top|mem_ss_sv|mem_ss|mem_ss|emif_0|emif_0|arch|arch_inst|pll_inst|pll_inst|vcoph[0]                                                                                                 ;
;   1.724  ;   0.000  ; RR ; CELL ; 3      ; TILECTRL_X281_Y0_N298                       ; I/O tile control logic     ; local_mem_wrapper|mem_ss_top|mem_ss_sv|mem_ss|mem_ss|emif_0|emif_0|arch|arch_inst|io_tiles_wrap_inst|io_tiles_inst|tile_gen[1].tile_ctrl_inst|pll_vco_in[0]                                                  ;
;   -0.781 ;   -2.505 ; RR ; COMP ; 1      ; TILECTRL_X281_Y0_N298                       ; I/O tile control logic     ; local_mem_wrapper|mem_ss_top|mem_ss_sv|mem_ss|mem_ss|emif_0|emif_0|arch|arch_inst|io_tiles_wrap_inst|io_tiles_inst|tile_gen[1].tile_ctrl_inst|pa_core_clk_out[0]                                             ;
;   -0.126 ;   0.655  ; RR ; CELL ; 16258  ; TILECTRL_X281_Y0_N298                       ; I/O tile control logic     ; local_mem_wrapper|mem_ss_top|mem_ss_sv|mem_ss|mem_ss|emif_0|emif_0|arch|arch_inst|io_tiles_wrap_inst|io_tiles_inst|tile_gen[1].tile_ctrl_inst~fmio96fs_wr/m32_0_29__iophasealignment_to_dcm__core_clk_out[1] ;
;   -0.126 ;   0.000  ;    ; IC   ; 1      ; Boundary Port                               ; N/A                        ; afu_top|pg_afu.port_gasket|pr_slot|afu_main|ext_mem_if[0].clk|input                                                                                                                                          ;
;   -0.126 ;   0.000  ; RR ; CELL ; 105325 ; Boundary Port                               ; N/A                        ; afu_top|pg_afu.port_gasket|pr_slot|afu_main|ext_mem_if[0].clk                                                                                                                                                ;
;   -0.126 ;   0.000  ; RR ; RE   ; 1      ; TILECTRL_X281_Y0_N298                       ; I/O tile control logic     ; TILE_CTRL                                                                                                                                                                                                    ;
;   -0.054 ;   0.072  ; RR ; RE   ; 1      ; IO96FSWRRE_X280_Y0_N0_I3537                 ; IO96FS_WR_RE               ; IO96FS_WR_RE                                                                                                                                                                                                 ;
;   0.040  ;   0.094  ; RR ; RE   ; 1      ; DCM_mux_X307_Y2_N0_I29                      ; DCM_mux                    ; CC_DCM_GMUX_RE                                                                                                                                                                                               ;
;   0.118  ;   0.078  ; RR ; RE   ; 1      ; IO_P2C_RE_X280_Y2_N150_I75                  ; IO_P2C_RE                  ; IO_P2C_RE                                                                                                                                                                                                    ;
;   0.138  ;   0.020  ; RR ; RE   ; 1      ; IO_P2C_RE_X280_Y2_N150_I26                  ; IO_P2C_RE                  ; IO_P2C_RE                                                                                                                                                                                                    ;
;   0.189  ;   0.051  ; RR ; RE   ; 1      ; Switchbox_clock_mux_X280_Y2_N0_I197         ; Switchbox_clock_mux        ; CLOCK_SEGMENT_MUX                                                                                                                                                                                            ;
;   0.289  ;   0.100  ; RR ; RE   ; 1      ; Switchbox_clock_mux_X280_Y2_N0_I105         ; Switchbox_clock_mux        ; CLOCK_SEGMENT_MUX                                                                                                                                                                                            ;
;   0.323  ;   0.034  ; RF ; RE   ; 1      ; Vertical_seam_tap_mux_X280_Y23_N0_I165      ; Vertical_seam_tap_mux      ; CLOCK_SEGMENT_TAP_MUX                                                                                                                                                                                        ;
;   0.382  ;   0.059  ; FR ; RE   ; 1      ; Vertical_seam_tap_mux_X280_Y23_N0_I53       ; Vertical_seam_tap_mux      ; CLOCK_SEGMENT_TAP_MUX                                                                                                                                                                                        ;
;   0.430  ;   0.048  ; RR ; RE   ; 1      ; Switchbox_clock_mux_X280_Y43_N0_I197        ; Switchbox_clock_mux        ; CLOCK_SEGMENT_MUX                                                                                                                                                                                            ;
;   0.530  ;   0.100  ; RR ; RE   ; 1      ; Switchbox_clock_mux_X280_Y43_N0_I105        ; Switchbox_clock_mux        ; CLOCK_SEGMENT_MUX                                                                                                                                                                                            ;
;   0.564  ;   0.034  ; RF ; RE   ; 1      ; Vertical_seam_tap_mux_X280_Y64_N0_I165      ; Vertical_seam_tap_mux      ; CLOCK_SEGMENT_TAP_MUX                                                                                                                                                                                        ;
;   0.623  ;   0.059  ; FR ; RE   ; 1      ; Vertical_seam_tap_mux_X280_Y64_N0_I53       ; Vertical_seam_tap_mux      ; CLOCK_SEGMENT_TAP_MUX                                                                                                                                                                                        ;
;   0.671  ;   0.048  ; RR ; RE   ; 1      ; Switchbox_clock_mux_X280_Y84_N0_I197        ; Switchbox_clock_mux        ; CLOCK_SEGMENT_MUX                                                                                                                                                                                            ;
;   0.763  ;   0.092  ; RR ; RE   ; 1      ; Switchbox_clock_mux_X280_Y84_N0_I105        ; Switchbox_clock_mux        ; CLOCK_SEGMENT_MUX                                                                                                                                                                                            ;
;   0.798  ;   0.035  ; RF ; RE   ; 1      ; Vertical_seam_tap_mux_X280_Y105_N0_I165     ; Vertical_seam_tap_mux      ; CLOCK_SEGMENT_TAP_MUX                                                                                                                                                                                        ;
;   0.857  ;   0.059  ; FR ; RE   ; 1      ; Vertical_seam_tap_mux_X280_Y105_N0_I53      ; Vertical_seam_tap_mux      ; CLOCK_SEGMENT_TAP_MUX                                                                                                                                                                                        ;
;   0.905  ;   0.048  ; RR ; RE   ; 1      ; Switchbox_clock_mux_X280_Y125_N0_I197       ; Switchbox_clock_mux        ; CLOCK_SEGMENT_MUX                                                                                                                                                                                            ;
;   0.997  ;   0.092  ; RR ; RE   ; 1      ; Switchbox_clock_mux_X280_Y125_N0_I105       ; Switchbox_clock_mux        ; CLOCK_SEGMENT_MUX                                                                                                                                                                                            ;
;   1.031  ;   0.034  ; RF ; RE   ; 1      ; Vertical_seam_tap_mux_X280_Y146_N0_I165     ; Vertical_seam_tap_mux      ; CLOCK_SEGMENT_TAP_MUX                                                                                                                                                                                        ;
;   1.090  ;   0.059  ; FR ; RE   ; 1      ; Vertical_seam_tap_mux_X280_Y146_N0_I53      ; Vertical_seam_tap_mux      ; CLOCK_SEGMENT_TAP_MUX                                                                                                                                                                                        ;
;   1.139  ;   0.049  ; RR ; RE   ; 1      ; Switchbox_clock_mux_X280_Y166_N0_I197       ; Switchbox_clock_mux        ; CLOCK_SEGMENT_MUX                                                                                                                                                                                            ;
;   1.350  ;   0.211  ; RR ; RE   ; 1      ; Switchbox_clock_mux_X280_Y166_N0_I106       ; Switchbox_clock_mux        ; CLOCK_SEGMENT_MUX                                                                                                                                                                                            ;
;   1.400  ;   0.050  ; RR ; RE   ; 1      ; Switchbox_clock_mux_X226_Y166_N0_I229       ; Switchbox_clock_mux        ; CLOCK_SEGMENT_MUX                                                                                                                                                                                            ;
;   1.449  ;   0.049  ; RR ; RE   ; 2      ; Switchbox_clock_mux_X226_Y166_N0_I153       ; Switchbox_clock_mux        ; CLOCK_SEGMENT_MUX                                                                                                                                                                                            ;
;   1.543  ;   0.094  ; RR ; RE   ; 1      ; Switchbox_clock_mux_X226_Y166_N0_I103       ; Switchbox_clock_mux        ; CLOCK_SEGMENT_MUX                                                                                                                                                                                            ;
;   1.577  ;   0.034  ; RF ; RE   ; 1      ; Vertical_seam_tap_mux_X226_Y146_N0_I134     ; Vertical_seam_tap_mux      ; CLOCK_SEGMENT_TAP_MUX                                                                                                                                                                                        ;
;   1.636  ;   0.059  ; FR ; RE   ; 1      ; Vertical_seam_tap_mux_X226_Y146_N0_I50      ; Vertical_seam_tap_mux      ; CLOCK_SEGMENT_TAP_MUX                                                                                                                                                                                        ;
;   1.687  ;   0.051  ; RR ; RE   ; 1      ; Switchbox_clock_mux_X226_Y125_N0_I166       ; Switchbox_clock_mux        ; CLOCK_SEGMENT_MUX                                                                                                                                                                                            ;
;   1.781  ;   0.094  ; RR ; RE   ; 1      ; Switchbox_clock_mux_X226_Y125_N0_I103       ; Switchbox_clock_mux        ; CLOCK_SEGMENT_MUX                                                                                                                                                                                            ;
;   1.815  ;   0.034  ; RF ; RE   ; 1      ; Vertical_seam_tap_mux_X226_Y105_N0_I134     ; Vertical_seam_tap_mux      ; CLOCK_SEGMENT_TAP_MUX                                                                                                                                                                                        ;
;   1.875  ;   0.060  ; FR ; RE   ; 1      ; Vertical_seam_tap_mux_X226_Y105_N0_I50      ; Vertical_seam_tap_mux      ; CLOCK_SEGMENT_TAP_MUX                                                                                                                                                                                        ;
;   1.926  ;   0.051  ; RR ; RE   ; 2      ; Switchbox_clock_mux_X226_Y84_N0_I166        ; Switchbox_clock_mux        ; CLOCK_SEGMENT_MUX                                                                                                                                                                                            ;
;   2.147  ;   0.221  ; RR ; RE   ; 1      ; Switchbox_clock_mux_X226_Y84_N0_I102        ; Switchbox_clock_mux        ; CLOCK_SEGMENT_MUX                                                                                                                                                                                            ;
;   2.198  ;   0.051  ; RR ; RE   ; 1      ; Switchbox_clock_mux_X280_Y84_N0_I230        ; Switchbox_clock_mux        ; CLOCK_SEGMENT_MUX                                                                                                                                                                                            ;
;   2.407  ;   0.209  ; RR ; RE   ; 1      ; Switchbox_clock_mux_X280_Y84_N0_I100        ; Switchbox_clock_mux        ; CLOCK_SEGMENT_MUX                                                                                                                                                                                            ;
;   2.458  ;   0.051  ; RR ; RE   ; 2      ; Switchbox_clock_mux_X334_Y84_N0_I230        ; Switchbox_clock_mux        ; CLOCK_SEGMENT_MUX                                                                                                                                                                                            ;
;   2.552  ;   0.094  ; RR ; RE   ; 1      ; Switchbox_clock_mux_X334_Y84_N0_I103        ; Switchbox_clock_mux        ; CLOCK_SEGMENT_MUX                                                                                                                                                                                            ;
;   2.586  ;   0.034  ; RF ; RE   ; 1      ; Vertical_seam_tap_mux_X334_Y64_N0_I134      ; Vertical_seam_tap_mux      ; CLOCK_SEGMENT_TAP_MUX                                                                                                                                                                                        ;
;   2.645  ;   0.059  ; FR ; RE   ; 1      ; Vertical_seam_tap_mux_X334_Y64_N0_I50       ; Vertical_seam_tap_mux      ; CLOCK_SEGMENT_TAP_MUX                                                                                                                                                                                        ;
;   2.695  ;   0.050  ; RR ; RE   ; 2      ; Switchbox_clock_mux_X334_Y43_N0_I166        ; Switchbox_clock_mux        ; CLOCK_SEGMENT_MUX                                                                                                                                                                                            ;
;   2.915  ;   0.220  ; RR ; RE   ; 1      ; Switchbox_clock_mux_X334_Y43_N0_I102        ; Switchbox_clock_mux        ; CLOCK_SEGMENT_MUX                                                                                                                                                                                            ;
;   2.967  ;   0.052  ; RR ; RE   ; 2      ; Switchbox_clock_mux_X280_Y43_N0_I262        ; Switchbox_clock_mux        ; CLOCK_SEGMENT_MUX                                                                                                                                                                                            ;
;   3.066  ;   0.099  ; RR ; RE   ; 1      ; Switchbox_clock_mux_X280_Y43_N0_I101        ; Switchbox_clock_mux        ; CLOCK_SEGMENT_MUX                                                                                                                                                                                            ;
;   3.114  ;   0.048  ; RR ; RE   ; 2      ; Vertical_seam_tap_mux_X280_Y64_N0_I166      ; Vertical_seam_tap_mux      ; CLOCK_SEGMENT_TAP_MUX                                                                                                                                                                                        ;
;   3.211  ;   0.097  ; RR ; RE   ; 1      ; Vertical_seam_tap_mux_X280_Y64_N0_I115      ; Vertical_seam_tap_mux      ; CLOCK_SEGMENT_TAP_MUX                                                                                                                                                                                        ;
;   3.345  ;   0.134  ; RR ; RE   ; 1      ; SPINE_TAP_RE_X253_Y64_N103_I89              ; SPINE_TAP_RE               ; SPINE_TAP_RE                                                                                                                                                                                                 ;
;   3.359  ;   0.014  ; RR ; RE   ; 41     ; SPINE_TAP_RE_X253_Y64_N103_I25              ; SPINE_TAP_RE               ; SPINE_TAP_RE                                                                                                                                                                                                 ;
;   3.646  ;   0.287  ; RR ; RE   ; 2      ; SCLKMUX_RE_X253_Y68_N188_I25                ; SCLKMUX_RE                 ; SCLKMUX_RE                                                                                                                                                                                                   ;
;   3.655  ;   0.009  ; RR ; RE   ; 21     ; SCLKMUX_RE_X253_Y68_N188_I40                ; SCLKMUX_RE                 ; SCLKMUX_RE                                                                                                                                                                                                   ;
;   3.693  ;   0.038  ; RR ; RE   ; 1      ; ROWCLK_TAPOFF_X255_Y68_N0_I3                ; Row Clock Tap-Off          ; ROWCLK_TAPOFF                                                                                                                                                                                                ;
;   3.736  ;   0.043  ; RR ; RE   ; 1      ; GLOBAL_LOCAL_SEL_X255_Y68_N0_I2             ; GLOBAL_LOCAL_SEL           ; GLOBAL_LOCAL_SEL                                                                                                                                                                                             ;
;   3.762  ;   0.026  ; RR ; RE   ; 1      ; RPII_X255_Y68_N0_I2                         ; Programmable Invert Input  ; RPII                                                                                                                                                                                                         ;
;   3.762  ;   0.000  ; RR ; RE   ; 1      ; RPI_X255_Y68_N0_I2                          ; Programmable Invert        ; RPI                                                                                                                                                                                                          ;
;   3.762  ;   0.000  ; RR ; RE   ; 16     ; LAB_RE_X255_Y68_N0_I83                      ; LAB_RE                     ; clka                                                                                                                                                                                                         ;
;   3.762  ;   0.000  ; RR ; RE   ; 1      ; LAB_RE_X255_Y68_N0_I150                     ; LAB_RE                     ; LAB_RE                                                                                                                                                                                                       ;
;   3.762  ;   0.000  ; RR ; RE   ; 43     ; LEIMCLKALE_X255_Y68_N0_I0                   ; LEIMCLKALE                 ; LEIMCLKALE                                                                                                                                                                                                   ;
;   3.762  ;   0.000  ; RR ; RE   ; 1      ; HYPERFLEX_CLK_M_MUX_X255_Y68_N0_I14         ; Hyperflex clocking network ; HIPI_M_MUX                                                                                                                                                                                                   ;
;   3.762  ;   0.000  ;    ; IC   ; 1      ; BLOCK_INPUT_MUX_PASSTHROUGH_X255_Y68_N0_I13 ; Hyper-Register             ; afu_top|pg_afu.port_gasket|pr_slot|afu_main|port_afu_instances|ofs_plat_afu|core|dma|csr_mgr_inst|add_2~256_BLOCK_INPUT_MUX_PASSTHROUGH_X255_Y68_N0_I13_dff|clk                                              ;
;   3.762  ;   0.000  ; RR ; CELL ; 1      ; BLOCK_INPUT_MUX_PASSTHROUGH_X255_Y68_N0_I13 ; Hyper-Register             ; afu_top|pg_afu.port_gasket|pr_slot|afu_main|port_afu_instances|ofs_plat_afu|core|dma|csr_mgr_inst|add_2~256_BLOCK_INPUT_MUX_PASSTHROUGH_X255_Y68_N0_I13_dff                                                  ;
;   2.745  ;   -1.017 ;    ;      ;        ;                                             ;                            ; clock pessimism removed                                                                                                                                                                                      ;
;   2.737  ;   -0.008 ;    ;      ;        ;                                             ;                            ; advanced clock effects                                                                                                                                                                                       ;
; 2.737    ; 0.000    ;    ;      ;        ;                                             ;                            ; clock uncertainty                                                                                                                                                                                            ;
; 2.911    ; 0.174    ;    ; uTh  ; 1      ; BLOCK_INPUT_MUX_PASSTHROUGH_X255_Y68_N0_I13 ; Hyper-Register             ; afu_top|pg_afu.port_gasket|pr_slot|afu_main|port_afu_instances|ofs_plat_afu|core|dma|csr_mgr_inst|add_2~256_BLOCK_INPUT_MUX_PASSTHROUGH_X255_Y68_N0_I13_dff                                                  ;
+----------+----------+----+------+--------+---------------------------------------------+----------------------------+--------------------------------------------------------------------------------------------------------------------------------------------------------------------------------------------------------------+


Path #3: Hold slack is 0.723 
===============================================================================
+--------------------------------------------------------------------------------------------------------------------------------------------------------------------------------------------------------+
; Path Summary                                                                                                                                                                                           ;
+---------------------------------+----------------------------------------------------------------------------------------------------------------------------------------------------------------------+
; Property                        ; Value                                                                                                                                                                ;
+---------------------------------+----------------------------------------------------------------------------------------------------------------------------------------------------------------------+
; From Node                       ; afu_top|pg_afu.port_gasket|pr_slot|afu_main|port_afu_instances|ofs_plat_afu|core|dma|csr_mgr_inst|Select_0~10xsyn_20_BLOCK_INPUT_MUX_PASSTHROUGH_X260_Y70_N0_I19_dff ;
; To Node                         ; afu_top|pg_afu.port_gasket|pr_slot|afu_main|port_afu_instances|ofs_plat_afu|core|dma|csr_mgr_inst|add_0~256_BLOCK_INPUT_MUX_PASSTHROUGH_X261_Y68_N0_I13_dff          ;
; Launch Clock                    ; local_mem_wrapper|mem_ss_top|mem_ss_sv|mem_ss|mem_ss|emif_0|emif_0_core_usr_clk                                                                                      ;
; Latch Clock                     ; local_mem_wrapper|mem_ss_top|mem_ss_sv|mem_ss|mem_ss|emif_0|emif_0_core_usr_clk                                                                                      ;
; SDC Exception                   ; No SDC Exception on Path                                                                                                                                             ;
; Data Arrival Time               ; 3.650                                                                                                                                                                ;
; Data Required Time              ; 2.927                                                                                                                                                                ;
; Slack                           ; 0.723                                                                                                                                                                ;
; Worst-Case Operating Conditions ; Slow vid2b 100C Model                                                                                                                                                ;
+---------------------------------+----------------------------------------------------------------------------------------------------------------------------------------------------------------------+

+-------------------------------------------------------------------------------------+
; Statistics                                                                          ;
+------------------------+-------+-------+-------------+------------+--------+--------+
; Property               ; Value ; Count ; Total Delay ; % of Total ; Min    ; Max    ;
+------------------------+-------+-------+-------------+------------+--------+--------+
; Hold Relationship      ; 0.000 ;       ;             ;            ;        ;        ;
; Clock Skew             ; 0.043 ;       ;             ;            ;        ;        ;
; Data Delay             ; 0.940 ;       ;             ;            ;        ;        ;
; Number of Logic Levels ;       ; 2     ;             ;            ;        ;        ;
; Physical Delays        ;       ;       ;             ;            ;        ;        ;
;  Arrival Path          ;       ;       ;             ;            ;        ;        ;
;   Clock                ;       ;       ;             ;            ;        ;        ;
;    IC                  ;       ; 3     ; 0.000       ; 0          ; 0.000  ; 0.000  ;
;    Cell                ;       ; 15    ; 2.752       ; 44         ; 0.000  ; 0.834  ;
;    PLL Compensation    ;       ; 2     ; -3.572      ; 0          ; -2.692 ; -0.880 ;
;    Routing Element     ;       ; 58    ; 3.530       ; 56         ; 0.000  ; 0.253  ;
;   Data                 ;       ;       ;             ;            ;        ;        ;
;    IC                  ;       ; 4     ; 0.000       ; 0          ; 0.000  ; 0.000  ;
;    Cell                ;       ; 5     ; 0.282       ; 30         ; 0.000  ; 0.129  ;
;    uTco                ;       ; 1     ; 0.217       ; 23         ; 0.217  ; 0.217  ;
;    Routing Element     ;       ; 24    ; 0.441       ; 47         ; 0.000  ; 0.045  ;
;  Required Path         ;       ;       ;             ;            ;        ;        ;
;   Clock                ;       ;       ;             ;            ;        ;        ;
;    IC                  ;       ; 3     ; 0.000       ; 0          ; 0.000  ; 0.000  ;
;    Cell                ;       ; 15    ; 3.153       ; 45         ; 0.000  ; 0.980  ;
;    PLL Compensation    ;       ; 2     ; -3.279      ; 0          ; -2.505 ; -0.774 ;
;    Routing Element     ;       ; 58    ; 3.904       ; 55         ; 0.000  ; 0.287  ;
+------------------------+-------+-------+-------------+------------+--------+--------+
Note: Negative delays are omitted from totals when calculating percentages

+------------------------------------------------------------------------------------------------------------------------------------------------------------------------------------------------------------------------------------------------------------------------------------------------------------------------------------+
; Data Arrival Path                                                                                                                                                                                                                                                                                                                  ;
+----------+----------+----+------+--------+---------------------------------------------+----------------------------+--------------------------------------------------------------------------------------------------------------------------------------------------------------------------------------------------------------+
; Total    ; Incr     ; RF ; Type ; Fanout ; Location                                    ; Element Type               ; Element                                                                                                                                                                                                      ;
+----------+----------+----+------+--------+---------------------------------------------+----------------------------+--------------------------------------------------------------------------------------------------------------------------------------------------------------------------------------------------------------+
; 0.000    ; 0.000    ;    ;      ;        ;                                             ;                            ; launch edge time                                                                                                                                                                                             ;
; 2.710    ; 2.710    ;    ;      ;        ;                                             ;                            ; clock path                                                                                                                                                                                                   ;
;   0.000  ;   0.000  ;    ;      ;        ;                                             ;                            ; source latency                                                                                                                                                                                               ;
;   0.000  ;   0.000  ;    ;      ; 1      ; PIN_HF23                                    ; I/O pad                    ; ddr4_mem_ref_clk[0].clk                                                                                                                                                                                      ;
;   0.000  ;   0.000  ;    ; IC   ; 1      ; IOIBUF_X280_Y0_N376                         ; I/O input buffer           ; ddr4_mem_ref_clk[0].clk~input|i                                                                                                                                                                              ;
;   0.129  ;   0.129  ; RR ; CELL ; 2      ; IOIBUF_X280_Y0_N376                         ; I/O input buffer           ; ddr4_mem_ref_clk[0].clk~input|o                                                                                                                                                                              ;
;   0.963  ;   0.834  ; RR ; CELL ; 1      ; REFCLKINPUT_X281_Y0_N301                    ; I/O reference clock tree   ; local_mem_wrapper|mem_ss_top|mem_ss_sv|mem_ss|mem_ss|emif_0|emif_0|arch|arch_inst|pll_inst|pll_inst~refclk|ref_clk_in                                                                                        ;
;   1.121  ;   0.158  ; RR ; CELL ; 3      ; REFCLKINPUT_X281_Y0_N301                    ; I/O reference clock tree   ; local_mem_wrapper|mem_ss_top|mem_ss_sv|mem_ss|mem_ss|emif_0|emif_0|arch|arch_inst|pll_inst|pll_inst~refclk|ref0_to_btm                                                                                       ;
;   1.547  ;   0.426  ; RR ; CELL ; 1      ; REFCLKINPUT_X281_Y0_N301                    ; I/O reference clock tree   ; local_mem_wrapper|mem_ss_top|mem_ss_sv|mem_ss|mem_ss|emif_0|emif_0|arch|arch_inst|pll_inst|pll_inst~refclk|clk_out                                                                                           ;
;   1.547  ;   0.000  ; RR ; CELL ; 1      ; IOPLL_X281_Y0_N303                          ; IOPLL                      ; local_mem_wrapper|mem_ss_top|mem_ss_sv|mem_ss|mem_ss|emif_0|emif_0|arch|arch_inst|pll_inst|pll_inst|pll_cascade_in                                                                                           ;
;   1.731  ;   0.184  ; RR ; CELL ; 2      ; IOPLL_X281_Y0_N303                          ; IOPLL                      ; local_mem_wrapper|mem_ss_top|mem_ss_sv|mem_ss|mem_ss|emif_0|emif_0|arch|arch_inst|pll_inst|pll_inst~fmio96fs_wr/x0/fmio96_core_inst/fmio48tile_top/x5/u4_3/x0/xiopll_custom/xclkin_sw/xpm_pll_so/clk[0]      ;
;   1.898  ;   0.167  ; RR ; CELL ; 2      ; IOPLL_X281_Y0_N303                          ; IOPLL                      ; local_mem_wrapper|mem_ss_top|mem_ss_sv|mem_ss|mem_ss|emif_0|emif_0|arch|arch_inst|pll_inst|pll_inst~fmio96fs_wr/x0/fmio96_core_inst/fmio48tile_top/x5/u4_3/x0/xiopll_custom/xiopll_core/xncnt_iopll/clk      ;
;   2.051  ;   0.153  ; RR ; CELL ; 3      ; IOPLL_X281_Y0_N303                          ; IOPLL                      ; local_mem_wrapper|mem_ss_top|mem_ss_sv|mem_ss|mem_ss|emif_0|emif_0|arch|arch_inst|pll_inst|pll_inst~pllnout                                                                                                  ;
;   2.172  ;   0.121  ; RF ; CELL ; 1      ; IOPLL_X281_Y0_N303                          ; IOPLL                      ; local_mem_wrapper|mem_ss_top|mem_ss_sv|mem_ss|mem_ss|emif_0|emif_0|arch|arch_inst|pll_inst|pll_inst~vco_refclk                                                                                               ;
;   2.176  ;   0.004  ; FR ; CELL ; 1      ; IOPLL_X281_Y0_N303                          ; IOPLL                      ; local_mem_wrapper|mem_ss_top|mem_ss_sv|mem_ss|mem_ss|emif_0|emif_0|arch|arch_inst|pll_inst|pll_inst~vctrl                                                                                                    ;
;   1.296  ;   -0.880 ; RR ; COMP ; 1      ; IOPLL_X281_Y0_N303                          ; IOPLL                      ; local_mem_wrapper|mem_ss_top|mem_ss_sv|mem_ss|mem_ss|emif_0|emif_0|arch|arch_inst|pll_inst|pll_inst~vcoph[0]                                                                                                 ;
;   1.296  ;   0.000  ; RR ; CELL ; 10     ; IOPLL_X281_Y0_N303                          ; IOPLL                      ; local_mem_wrapper|mem_ss_top|mem_ss_sv|mem_ss|mem_ss|emif_0|emif_0|arch|arch_inst|pll_inst|pll_inst|vcoph[0]                                                                                                 ;
;   1.296  ;   0.000  ; RR ; CELL ; 3      ; TILECTRL_X281_Y0_N298                       ; I/O tile control logic     ; local_mem_wrapper|mem_ss_top|mem_ss_sv|mem_ss|mem_ss|emif_0|emif_0|arch|arch_inst|io_tiles_wrap_inst|io_tiles_inst|tile_gen[1].tile_ctrl_inst|pll_vco_in[0]                                                  ;
;   -1.396 ;   -2.692 ; RR ; COMP ; 1      ; TILECTRL_X281_Y0_N298                       ; I/O tile control logic     ; local_mem_wrapper|mem_ss_top|mem_ss_sv|mem_ss|mem_ss|emif_0|emif_0|arch|arch_inst|io_tiles_wrap_inst|io_tiles_inst|tile_gen[1].tile_ctrl_inst|pa_core_clk_out[0]                                             ;
;   -0.820 ;   0.576  ; RR ; CELL ; 16258  ; TILECTRL_X281_Y0_N298                       ; I/O tile control logic     ; local_mem_wrapper|mem_ss_top|mem_ss_sv|mem_ss|mem_ss|emif_0|emif_0|arch|arch_inst|io_tiles_wrap_inst|io_tiles_inst|tile_gen[1].tile_ctrl_inst~fmio96fs_wr/m32_0_29__iophasealignment_to_dcm__core_clk_out[1] ;
;   -0.820 ;   0.000  ;    ; IC   ; 1      ; Boundary Port                               ; N/A                        ; afu_top|pg_afu.port_gasket|pr_slot|afu_main|ext_mem_if[0].clk|input                                                                                                                                          ;
;   -0.820 ;   0.000  ; RR ; CELL ; 105325 ; Boundary Port                               ; N/A                        ; afu_top|pg_afu.port_gasket|pr_slot|afu_main|ext_mem_if[0].clk                                                                                                                                                ;
;   -0.820 ;   0.000  ; RR ; RE   ; 1      ; TILECTRL_X281_Y0_N298                       ; I/O tile control logic     ; TILE_CTRL                                                                                                                                                                                                    ;
;   -0.756 ;   0.064  ; RR ; RE   ; 1      ; IO96FSWRRE_X280_Y0_N0_I3537                 ; IO96FS_WR_RE               ; IO96FS_WR_RE                                                                                                                                                                                                 ;
;   -0.670 ;   0.086  ; RR ; RE   ; 1      ; DCM_mux_X307_Y2_N0_I29                      ; DCM_mux                    ; CC_DCM_GMUX_RE                                                                                                                                                                                               ;
;   -0.601 ;   0.069  ; RR ; RE   ; 1      ; IO_P2C_RE_X280_Y2_N150_I75                  ; IO_P2C_RE                  ; IO_P2C_RE                                                                                                                                                                                                    ;
;   -0.582 ;   0.019  ; RR ; RE   ; 1      ; IO_P2C_RE_X280_Y2_N150_I26                  ; IO_P2C_RE                  ; IO_P2C_RE                                                                                                                                                                                                    ;
;   -0.536 ;   0.046  ; RR ; RE   ; 1      ; Switchbox_clock_mux_X280_Y2_N0_I197         ; Switchbox_clock_mux        ; CLOCK_SEGMENT_MUX                                                                                                                                                                                            ;
;   -0.445 ;   0.091  ; RR ; RE   ; 1      ; Switchbox_clock_mux_X280_Y2_N0_I105         ; Switchbox_clock_mux        ; CLOCK_SEGMENT_MUX                                                                                                                                                                                            ;
;   -0.415 ;   0.030  ; RF ; RE   ; 1      ; Vertical_seam_tap_mux_X280_Y23_N0_I165      ; Vertical_seam_tap_mux      ; CLOCK_SEGMENT_TAP_MUX                                                                                                                                                                                        ;
;   -0.360 ;   0.055  ; FR ; RE   ; 1      ; Vertical_seam_tap_mux_X280_Y23_N0_I53       ; Vertical_seam_tap_mux      ; CLOCK_SEGMENT_TAP_MUX                                                                                                                                                                                        ;
;   -0.317 ;   0.043  ; RR ; RE   ; 1      ; Switchbox_clock_mux_X280_Y43_N0_I197        ; Switchbox_clock_mux        ; CLOCK_SEGMENT_MUX                                                                                                                                                                                            ;
;   -0.226 ;   0.091  ; RR ; RE   ; 1      ; Switchbox_clock_mux_X280_Y43_N0_I105        ; Switchbox_clock_mux        ; CLOCK_SEGMENT_MUX                                                                                                                                                                                            ;
;   -0.196 ;   0.030  ; RF ; RE   ; 1      ; Vertical_seam_tap_mux_X280_Y64_N0_I165      ; Vertical_seam_tap_mux      ; CLOCK_SEGMENT_TAP_MUX                                                                                                                                                                                        ;
;   -0.141 ;   0.055  ; FR ; RE   ; 1      ; Vertical_seam_tap_mux_X280_Y64_N0_I53       ; Vertical_seam_tap_mux      ; CLOCK_SEGMENT_TAP_MUX                                                                                                                                                                                        ;
;   -0.098 ;   0.043  ; RR ; RE   ; 1      ; Switchbox_clock_mux_X280_Y84_N0_I197        ; Switchbox_clock_mux        ; CLOCK_SEGMENT_MUX                                                                                                                                                                                            ;
;   -0.014 ;   0.084  ; RR ; RE   ; 1      ; Switchbox_clock_mux_X280_Y84_N0_I105        ; Switchbox_clock_mux        ; CLOCK_SEGMENT_MUX                                                                                                                                                                                            ;
;   0.017  ;   0.031  ; RF ; RE   ; 1      ; Vertical_seam_tap_mux_X280_Y105_N0_I165     ; Vertical_seam_tap_mux      ; CLOCK_SEGMENT_TAP_MUX                                                                                                                                                                                        ;
;   0.071  ;   0.054  ; FR ; RE   ; 1      ; Vertical_seam_tap_mux_X280_Y105_N0_I53      ; Vertical_seam_tap_mux      ; CLOCK_SEGMENT_TAP_MUX                                                                                                                                                                                        ;
;   0.114  ;   0.043  ; RR ; RE   ; 1      ; Switchbox_clock_mux_X280_Y125_N0_I197       ; Switchbox_clock_mux        ; CLOCK_SEGMENT_MUX                                                                                                                                                                                            ;
;   0.198  ;   0.084  ; RR ; RE   ; 1      ; Switchbox_clock_mux_X280_Y125_N0_I105       ; Switchbox_clock_mux        ; CLOCK_SEGMENT_MUX                                                                                                                                                                                            ;
;   0.229  ;   0.031  ; RF ; RE   ; 1      ; Vertical_seam_tap_mux_X280_Y146_N0_I165     ; Vertical_seam_tap_mux      ; CLOCK_SEGMENT_TAP_MUX                                                                                                                                                                                        ;
;   0.283  ;   0.054  ; FR ; RE   ; 1      ; Vertical_seam_tap_mux_X280_Y146_N0_I53      ; Vertical_seam_tap_mux      ; CLOCK_SEGMENT_TAP_MUX                                                                                                                                                                                        ;
;   0.326  ;   0.043  ; RR ; RE   ; 1      ; Switchbox_clock_mux_X280_Y166_N0_I197       ; Switchbox_clock_mux        ; CLOCK_SEGMENT_MUX                                                                                                                                                                                            ;
;   0.520  ;   0.194  ; RR ; RE   ; 1      ; Switchbox_clock_mux_X280_Y166_N0_I106       ; Switchbox_clock_mux        ; CLOCK_SEGMENT_MUX                                                                                                                                                                                            ;
;   0.565  ;   0.045  ; RR ; RE   ; 1      ; Switchbox_clock_mux_X226_Y166_N0_I229       ; Switchbox_clock_mux        ; CLOCK_SEGMENT_MUX                                                                                                                                                                                            ;
;   0.608  ;   0.043  ; RR ; RE   ; 2      ; Switchbox_clock_mux_X226_Y166_N0_I153       ; Switchbox_clock_mux        ; CLOCK_SEGMENT_MUX                                                                                                                                                                                            ;
;   0.693  ;   0.085  ; RR ; RE   ; 1      ; Switchbox_clock_mux_X226_Y166_N0_I103       ; Switchbox_clock_mux        ; CLOCK_SEGMENT_MUX                                                                                                                                                                                            ;
;   0.724  ;   0.031  ; RF ; RE   ; 1      ; Vertical_seam_tap_mux_X226_Y146_N0_I134     ; Vertical_seam_tap_mux      ; CLOCK_SEGMENT_TAP_MUX                                                                                                                                                                                        ;
;   0.779  ;   0.055  ; FR ; RE   ; 1      ; Vertical_seam_tap_mux_X226_Y146_N0_I50      ; Vertical_seam_tap_mux      ; CLOCK_SEGMENT_TAP_MUX                                                                                                                                                                                        ;
;   0.824  ;   0.045  ; RR ; RE   ; 1      ; Switchbox_clock_mux_X226_Y125_N0_I166       ; Switchbox_clock_mux        ; CLOCK_SEGMENT_MUX                                                                                                                                                                                            ;
;   0.910  ;   0.086  ; RR ; RE   ; 1      ; Switchbox_clock_mux_X226_Y125_N0_I103       ; Switchbox_clock_mux        ; CLOCK_SEGMENT_MUX                                                                                                                                                                                            ;
;   0.940  ;   0.030  ; RF ; RE   ; 1      ; Vertical_seam_tap_mux_X226_Y105_N0_I134     ; Vertical_seam_tap_mux      ; CLOCK_SEGMENT_TAP_MUX                                                                                                                                                                                        ;
;   0.996  ;   0.056  ; FR ; RE   ; 1      ; Vertical_seam_tap_mux_X226_Y105_N0_I50      ; Vertical_seam_tap_mux      ; CLOCK_SEGMENT_TAP_MUX                                                                                                                                                                                        ;
;   1.041  ;   0.045  ; RR ; RE   ; 2      ; Switchbox_clock_mux_X226_Y84_N0_I166        ; Switchbox_clock_mux        ; CLOCK_SEGMENT_MUX                                                                                                                                                                                            ;
;   1.244  ;   0.203  ; RR ; RE   ; 1      ; Switchbox_clock_mux_X226_Y84_N0_I102        ; Switchbox_clock_mux        ; CLOCK_SEGMENT_MUX                                                                                                                                                                                            ;
;   1.288  ;   0.044  ; RR ; RE   ; 1      ; Switchbox_clock_mux_X280_Y84_N0_I230        ; Switchbox_clock_mux        ; CLOCK_SEGMENT_MUX                                                                                                                                                                                            ;
;   1.481  ;   0.193  ; RR ; RE   ; 1      ; Switchbox_clock_mux_X280_Y84_N0_I100        ; Switchbox_clock_mux        ; CLOCK_SEGMENT_MUX                                                                                                                                                                                            ;
;   1.525  ;   0.044  ; RR ; RE   ; 2      ; Switchbox_clock_mux_X334_Y84_N0_I230        ; Switchbox_clock_mux        ; CLOCK_SEGMENT_MUX                                                                                                                                                                                            ;
;   1.611  ;   0.086  ; RR ; RE   ; 1      ; Switchbox_clock_mux_X334_Y84_N0_I103        ; Switchbox_clock_mux        ; CLOCK_SEGMENT_MUX                                                                                                                                                                                            ;
;   1.641  ;   0.030  ; RF ; RE   ; 1      ; Vertical_seam_tap_mux_X334_Y64_N0_I134      ; Vertical_seam_tap_mux      ; CLOCK_SEGMENT_TAP_MUX                                                                                                                                                                                        ;
;   1.696  ;   0.055  ; FR ; RE   ; 1      ; Vertical_seam_tap_mux_X334_Y64_N0_I50       ; Vertical_seam_tap_mux      ; CLOCK_SEGMENT_TAP_MUX                                                                                                                                                                                        ;
;   1.741  ;   0.045  ; RR ; RE   ; 2      ; Switchbox_clock_mux_X334_Y43_N0_I166        ; Switchbox_clock_mux        ; CLOCK_SEGMENT_MUX                                                                                                                                                                                            ;
;   1.942  ;   0.201  ; RR ; RE   ; 1      ; Switchbox_clock_mux_X334_Y43_N0_I102        ; Switchbox_clock_mux        ; CLOCK_SEGMENT_MUX                                                                                                                                                                                            ;
;   1.988  ;   0.046  ; RR ; RE   ; 2      ; Switchbox_clock_mux_X280_Y43_N0_I262        ; Switchbox_clock_mux        ; CLOCK_SEGMENT_MUX                                                                                                                                                                                            ;
;   2.079  ;   0.091  ; RR ; RE   ; 1      ; Switchbox_clock_mux_X280_Y43_N0_I101        ; Switchbox_clock_mux        ; CLOCK_SEGMENT_MUX                                                                                                                                                                                            ;
;   2.121  ;   0.042  ; RR ; RE   ; 2      ; Vertical_seam_tap_mux_X280_Y64_N0_I166      ; Vertical_seam_tap_mux      ; CLOCK_SEGMENT_TAP_MUX                                                                                                                                                                                        ;
;   2.210  ;   0.089  ; RR ; RE   ; 1      ; Vertical_seam_tap_mux_X280_Y64_N0_I115      ; Vertical_seam_tap_mux      ; CLOCK_SEGMENT_TAP_MUX                                                                                                                                                                                        ;
;   2.328  ;   0.118  ; RR ; RE   ; 1      ; SPINE_TAP_RE_X253_Y64_N103_I89              ; SPINE_TAP_RE               ; SPINE_TAP_RE                                                                                                                                                                                                 ;
;   2.347  ;   0.019  ; RR ; RE   ; 41     ; SPINE_TAP_RE_X253_Y64_N103_I25              ; SPINE_TAP_RE               ; SPINE_TAP_RE                                                                                                                                                                                                 ;
;   2.600  ;   0.253  ; RR ; RE   ; 2      ; SCLKMUX_RE_X253_Y70_N188_I25                ; SCLKMUX_RE                 ; SCLKMUX_RE                                                                                                                                                                                                   ;
;   2.621  ;   0.021  ; RR ; RE   ; 16     ; SCLKMUX_RE_X253_Y70_N188_I40                ; SCLKMUX_RE                 ; SCLKMUX_RE                                                                                                                                                                                                   ;
;   2.657  ;   0.036  ; RR ; RE   ; 1      ; ROWCLK_TAPOFF_X260_Y70_N0_I3                ; Row Clock Tap-Off          ; ROWCLK_TAPOFF                                                                                                                                                                                                ;
;   2.690  ;   0.033  ; RR ; RE   ; 1      ; GLOBAL_LOCAL_SEL_X260_Y70_N0_I3             ; GLOBAL_LOCAL_SEL           ; GLOBAL_LOCAL_SEL                                                                                                                                                                                             ;
;   2.710  ;   0.020  ; RR ; RE   ; 1      ; RPII_X260_Y70_N0_I3                         ; Programmable Invert Input  ; RPII                                                                                                                                                                                                         ;
;   2.710  ;   0.000  ; RR ; RE   ; 1      ; RPI_X260_Y70_N0_I3                          ; Programmable Invert        ; RPI                                                                                                                                                                                                          ;
;   2.710  ;   0.000  ; RR ; RE   ; 1      ; LAB_RE_X260_Y70_N0_I84                      ; LAB_RE                     ; clkb                                                                                                                                                                                                         ;
;   2.710  ;   0.000  ; RR ; RE   ; 1      ; LAB_RE_X260_Y70_N0_I152                     ; LAB_RE                     ; LAB_RE                                                                                                                                                                                                       ;
;   2.710  ;   0.000  ; RR ; RE   ; 12     ; LEIMCLKALE_X260_Y70_N0_I0                   ; LEIMCLKALE                 ; LEIMCLKALE                                                                                                                                                                                                   ;
;   2.710  ;   0.000  ; RR ; RE   ; 1      ; HYPERFLEX_CLK_M_MUX_X260_Y70_N0_I21         ; Hyperflex clocking network ; HIPI_M_MUX                                                                                                                                                                                                   ;
;   2.710  ;   0.000  ;    ; IC   ; 1      ; BLOCK_INPUT_MUX_PASSTHROUGH_X260_Y70_N0_I19 ; Hyper-Register             ; afu_top|pg_afu.port_gasket|pr_slot|afu_main|port_afu_instances|ofs_plat_afu|core|dma|csr_mgr_inst|Select_0~10xsyn_20_BLOCK_INPUT_MUX_PASSTHROUGH_X260_Y70_N0_I19_dff|clk                                     ;
;   2.710  ;   0.000  ; RR ; CELL ; 1      ; BLOCK_INPUT_MUX_PASSTHROUGH_X260_Y70_N0_I19 ; Hyper-Register             ; afu_top|pg_afu.port_gasket|pr_slot|afu_main|port_afu_instances|ofs_plat_afu|core|dma|csr_mgr_inst|Select_0~10xsyn_20_BLOCK_INPUT_MUX_PASSTHROUGH_X260_Y70_N0_I19_dff                                         ;
; 3.650    ; 0.940    ;    ;      ;        ;                                             ;                            ; data path                                                                                                                                                                                                    ;
;   2.927  ;   0.217  ; FF ; uTco ; 1      ; BLOCK_INPUT_MUX_PASSTHROUGH_X260_Y70_N0_I19 ; Hyper-Register             ; afu_top|pg_afu.port_gasket|pr_slot|afu_main|port_afu_instances|ofs_plat_afu|core|dma|csr_mgr_inst|Select_0~10xsyn_20_BLOCK_INPUT_MUX_PASSTHROUGH_X260_Y70_N0_I19_dff|q                                       ;
;   2.927  ;   0.000  ; FF ; RE   ; 1      ; BLOCK_INPUT_MUX_PASSTHROUGH_X260_Y70_N0_I19 ; Hyper-Register             ; LEIM                                                                                                                                                                                                         ;
;   2.928  ;   0.001  ; FF ; RE   ; 1      ; BLOCK_INPUT_MUX_PASSTHROUGH_X260_Y70_N0_I19 ; Block Input Mux            ; LEIM                                                                                                                                                                                                         ;
;   2.928  ;   0.000  ; FF ; RE   ; 1      ; LAB_RE_X260_Y70_N0_I23                      ; LAB_RE                     ; leimf[2]                                                                                                                                                                                                     ;
;   2.928  ;   0.000  ;    ; IC   ; 1      ; MLABCELL_X260_Y70_N15                       ; Combinational cell         ; afu_top|pg_afu.port_gasket|pr_slot|afu_main|port_afu_instances|ofs_plat_afu|core|dma|csr_mgr_inst|i2852~0|dataf                                                                                              ;
;   2.950  ;   0.022  ; FF ; CELL ; 4      ; MLABCELL_X260_Y70_N15                       ; Combinational cell         ; afu_top|pg_afu.port_gasket|pr_slot|afu_main|port_afu_instances|ofs_plat_afu|core|dma|csr_mgr_inst|i2852~0|combout                                                                                            ;
;   2.969  ;   0.019  ; FR ; CELL ; 12     ; MLABCELL_X260_Y70_N15                       ; Combinational cell         ; afu_top|pg_afu.port_gasket|pr_slot|afu_main|port_afu_instances|ofs_plat_afu|core|dma|csr_mgr_inst|i2852~0~cw_ml_mlab/lab_lut6outt[2]                                                                         ;
;   2.969  ;   0.000  ; RR ; RE   ; 1      ; MLABCELL_X260_Y70_N15                       ; Combinational cell         ; MP_MLAB_COMB                                                                                                                                                                                                 ;
;   2.971  ;   0.002  ; RR ; RE   ; 1      ; LAB_RE_X260_Y70_N0_I136                     ; LAB_RE                     ; LAB_RE                                                                                                                                                                                                       ;
;   3.005  ;   0.034  ; RR ; RE   ; 1      ; R1_X260_Y70_N0_I9                           ; R1 interconnect            ; H1                                                                                                                                                                                                           ;
;   3.050  ;   0.045  ; RR ; RE   ; 1      ; C1_X259_Y69_N0_I9                           ; C1 interconnect            ; V1                                                                                                                                                                                                           ;
;   3.082  ;   0.032  ; RR ; RE   ; 1      ; R0_X259_Y69_N0_I13                          ; R0 interconnect            ; H0                                                                                                                                                                                                           ;
;   3.104  ;   0.022  ; RF ; RE   ; 1      ; LOCAL_INTERCONNECT_X259_Y69_N0_I77          ; Block interconnect         ; LAB_LINE                                                                                                                                                                                                     ;
;   3.130  ;   0.026  ; FR ; RE   ; 1      ; BLOCK_INPUT_MUX_PASSTHROUGH_X259_Y69_N0_I81 ; Block Input Mux            ; LEIM                                                                                                                                                                                                         ;
;   3.130  ;   0.000  ; RR ; RE   ; 12     ; LAB_RE_X259_Y69_N0_I81                      ; LAB_RE                     ; lsim[1]                                                                                                                                                                                                      ;
;   3.130  ;   0.000  ;    ; IC   ; 2      ; FF_X259_Y69_N25                             ; Bypassed ALM Register      ; afu_top|pg_afu.port_gasket|pr_slot|afu_main|port_afu_instances|ofs_plat_afu|core|dma|csr_mgr_inst|dma_csr_map.descriptor.length[0]~.comb|ena                                                                 ;
;   3.242  ;   0.112  ; RF ; CELL ; 3      ; FF_X259_Y69_N25                             ; Bypassed ALM Register      ; afu_top|pg_afu.port_gasket|pr_slot|afu_main|port_afu_instances|ofs_plat_afu|core|dma|csr_mgr_inst|dma_csr_map.descriptor.length[0]~.comb|q                                                                   ;
;   3.242  ;   0.000  ; FF ; RE   ; 1      ; FF_X259_Y69_N25                             ; Bypassed ALM Register      ; FF                                                                                                                                                                                                           ;
;   3.246  ;   0.004  ; FF ; RE   ; 2      ; LAB_RE_X259_Y69_N0_I105                     ; LAB_RE                     ; LAB_RE                                                                                                                                                                                                       ;
;   3.289  ;   0.043  ; FF ; RE   ; 2      ; R0_X259_Y69_N0_I28                          ; R0 interconnect            ; H0                                                                                                                                                                                                           ;
;   3.333  ;   0.044  ; FF ; RE   ; 1      ; R0_X259_Y69_N0_I46                          ; R0 interconnect            ; H0                                                                                                                                                                                                           ;
;   3.373  ;   0.040  ; FF ; RE   ; 1      ; R1_X260_Y69_N0_I36                          ; R1 interconnect            ; H1                                                                                                                                                                                                           ;
;   3.399  ;   0.026  ; FR ; RE   ; 1      ; LOCAL_INTERCONNECT_X260_Y69_N0_I76          ; Block interconnect         ; LAB_LINE                                                                                                                                                                                                     ;
;   3.424  ;   0.025  ; RF ; RE   ; 1      ; BLOCK_INPUT_MUX_PASSTHROUGH_X260_Y69_N0_I7  ; Block Input Mux            ; LEIM                                                                                                                                                                                                         ;
;   3.424  ;   0.000  ; FF ; RE   ; 1      ; LAB_RE_X260_Y69_N0_I1                       ; LAB_RE                     ; leimd0[0]                                                                                                                                                                                                    ;
;   3.424  ;   0.000  ;    ; IC   ; 5      ; MLABCELL_X260_Y69_N0                        ; Combinational cell         ; afu_top|pg_afu.port_gasket|pr_slot|afu_main|port_afu_instances|ofs_plat_afu|core|dma|csr_mgr_inst|add_0~256|datad                                                                                            ;
;   3.553  ;   0.129  ; FF ; CELL ; 1      ; MLABCELL_X260_Y69_N0                        ; Combinational cell         ; afu_top|pg_afu.port_gasket|pr_slot|afu_main|port_afu_instances|ofs_plat_afu|core|dma|csr_mgr_inst|add_0~256|sumout                                                                                           ;
;   3.553  ;   0.000  ; FF ; RE   ; 1      ; MLABCELL_X260_Y69_N0                        ; Combinational cell         ; MP_MLAB_COMB                                                                                                                                                                                                 ;
;   3.558  ;   0.005  ; FF ; RE   ; 1      ; LAB_RE_X260_Y69_N0_I89                      ; LAB_RE                     ; LAB_RE                                                                                                                                                                                                       ;
;   3.589  ;   0.031  ; FF ; RE   ; 1      ; R1_X261_Y69_N0_I0                           ; R1 interconnect            ; H1                                                                                                                                                                                                           ;
;   3.628  ;   0.039  ; FF ; RE   ; 1      ; C1_X261_Y68_N0_I1                           ; C1 interconnect            ; V1                                                                                                                                                                                                           ;
;   3.650  ;   0.022  ; FR ; RE   ; 1      ; LOCAL_INTERCONNECT_X261_Y68_N0_I0           ; Block interconnect         ; LAB_LINE                                                                                                                                                                                                     ;
;   3.650  ;   0.000  ;    ; IC   ; 1      ; BLOCK_INPUT_MUX_PASSTHROUGH_X261_Y68_N0_I13 ; Hyper-Register             ; afu_top|pg_afu.port_gasket|pr_slot|afu_main|port_afu_instances|ofs_plat_afu|core|dma|csr_mgr_inst|add_0~256_BLOCK_INPUT_MUX_PASSTHROUGH_X261_Y68_N0_I13_dff|d                                                ;
;   3.650  ;   0.000  ; RR ; CELL ; 1      ; BLOCK_INPUT_MUX_PASSTHROUGH_X261_Y68_N0_I13 ; Hyper-Register             ; afu_top|pg_afu.port_gasket|pr_slot|afu_main|port_afu_instances|ofs_plat_afu|core|dma|csr_mgr_inst|add_0~256_BLOCK_INPUT_MUX_PASSTHROUGH_X261_Y68_N0_I13_dff                                                  ;
+----------+----------+----+------+--------+---------------------------------------------+----------------------------+--------------------------------------------------------------------------------------------------------------------------------------------------------------------------------------------------------------+

+------------------------------------------------------------------------------------------------------------------------------------------------------------------------------------------------------------------------------------------------------------------------------------------------------------------------------------+
; Data Required Path                                                                                                                                                                                                                                                                                                                 ;
+----------+----------+----+------+--------+---------------------------------------------+----------------------------+--------------------------------------------------------------------------------------------------------------------------------------------------------------------------------------------------------------+
; Total    ; Incr     ; RF ; Type ; Fanout ; Location                                    ; Element Type               ; Element                                                                                                                                                                                                      ;
+----------+----------+----+------+--------+---------------------------------------------+----------------------------+--------------------------------------------------------------------------------------------------------------------------------------------------------------------------------------------------------------+
; 0.000    ; 0.000    ;    ;      ;        ;                                             ;                            ; latch edge time                                                                                                                                                                                              ;
; 2.753    ; 2.753    ;    ;      ;        ;                                             ;                            ; clock path                                                                                                                                                                                                   ;
;   0.000  ;   0.000  ;    ;      ;        ;                                             ;                            ; source latency                                                                                                                                                                                               ;
;   0.000  ;   0.000  ;    ;      ; 1      ; PIN_HF23                                    ; I/O pad                    ; ddr4_mem_ref_clk[0].clk                                                                                                                                                                                      ;
;   0.000  ;   0.000  ;    ; IC   ; 1      ; IOIBUF_X280_Y0_N376                         ; I/O input buffer           ; ddr4_mem_ref_clk[0].clk~input|i                                                                                                                                                                              ;
;   0.129  ;   0.129  ; RR ; CELL ; 2      ; IOIBUF_X280_Y0_N376                         ; I/O input buffer           ; ddr4_mem_ref_clk[0].clk~input|o                                                                                                                                                                              ;
;   1.109  ;   0.980  ; RR ; CELL ; 1      ; REFCLKINPUT_X281_Y0_N301                    ; I/O reference clock tree   ; local_mem_wrapper|mem_ss_top|mem_ss_sv|mem_ss|mem_ss|emif_0|emif_0|arch|arch_inst|pll_inst|pll_inst~refclk|ref_clk_in                                                                                        ;
;   1.295  ;   0.186  ; RR ; CELL ; 3      ; REFCLKINPUT_X281_Y0_N301                    ; I/O reference clock tree   ; local_mem_wrapper|mem_ss_top|mem_ss_sv|mem_ss|mem_ss|emif_0|emif_0|arch|arch_inst|pll_inst|pll_inst~refclk|ref0_to_btm                                                                                       ;
;   1.775  ;   0.480  ; RR ; CELL ; 1      ; REFCLKINPUT_X281_Y0_N301                    ; I/O reference clock tree   ; local_mem_wrapper|mem_ss_top|mem_ss_sv|mem_ss|mem_ss|emif_0|emif_0|arch|arch_inst|pll_inst|pll_inst~refclk|clk_out                                                                                           ;
;   1.775  ;   0.000  ; RR ; CELL ; 1      ; IOPLL_X281_Y0_N303                          ; IOPLL                      ; local_mem_wrapper|mem_ss_top|mem_ss_sv|mem_ss|mem_ss|emif_0|emif_0|arch|arch_inst|pll_inst|pll_inst|pll_cascade_in                                                                                           ;
;   1.984  ;   0.209  ; RR ; CELL ; 2      ; IOPLL_X281_Y0_N303                          ; IOPLL                      ; local_mem_wrapper|mem_ss_top|mem_ss_sv|mem_ss|mem_ss|emif_0|emif_0|arch|arch_inst|pll_inst|pll_inst~fmio96fs_wr/x0/fmio96_core_inst/fmio48tile_top/x5/u4_3/x0/xiopll_custom/xclkin_sw/xpm_pll_so/clk[0]      ;
;   2.173  ;   0.189  ; RR ; CELL ; 2      ; IOPLL_X281_Y0_N303                          ; IOPLL                      ; local_mem_wrapper|mem_ss_top|mem_ss_sv|mem_ss|mem_ss|emif_0|emif_0|arch|arch_inst|pll_inst|pll_inst~fmio96fs_wr/x0/fmio96_core_inst/fmio48tile_top/x5/u4_3/x0/xiopll_custom/xiopll_core/xncnt_iopll/clk      ;
;   2.350  ;   0.177  ; RR ; CELL ; 3      ; IOPLL_X281_Y0_N303                          ; IOPLL                      ; local_mem_wrapper|mem_ss_top|mem_ss_sv|mem_ss|mem_ss|emif_0|emif_0|arch|arch_inst|pll_inst|pll_inst~pllnout                                                                                                  ;
;   2.491  ;   0.141  ; RF ; CELL ; 1      ; IOPLL_X281_Y0_N303                          ; IOPLL                      ; local_mem_wrapper|mem_ss_top|mem_ss_sv|mem_ss|mem_ss|emif_0|emif_0|arch|arch_inst|pll_inst|pll_inst~vco_refclk                                                                                               ;
;   2.498  ;   0.007  ; FR ; CELL ; 1      ; IOPLL_X281_Y0_N303                          ; IOPLL                      ; local_mem_wrapper|mem_ss_top|mem_ss_sv|mem_ss|mem_ss|emif_0|emif_0|arch|arch_inst|pll_inst|pll_inst~vctrl                                                                                                    ;
;   1.724  ;   -0.774 ; RR ; COMP ; 1      ; IOPLL_X281_Y0_N303                          ; IOPLL                      ; local_mem_wrapper|mem_ss_top|mem_ss_sv|mem_ss|mem_ss|emif_0|emif_0|arch|arch_inst|pll_inst|pll_inst~vcoph[0]                                                                                                 ;
;   1.724  ;   0.000  ; RR ; CELL ; 10     ; IOPLL_X281_Y0_N303                          ; IOPLL                      ; local_mem_wrapper|mem_ss_top|mem_ss_sv|mem_ss|mem_ss|emif_0|emif_0|arch|arch_inst|pll_inst|pll_inst|vcoph[0]                                                                                                 ;
;   1.724  ;   0.000  ; RR ; CELL ; 3      ; TILECTRL_X281_Y0_N298                       ; I/O tile control logic     ; local_mem_wrapper|mem_ss_top|mem_ss_sv|mem_ss|mem_ss|emif_0|emif_0|arch|arch_inst|io_tiles_wrap_inst|io_tiles_inst|tile_gen[1].tile_ctrl_inst|pll_vco_in[0]                                                  ;
;   -0.781 ;   -2.505 ; RR ; COMP ; 1      ; TILECTRL_X281_Y0_N298                       ; I/O tile control logic     ; local_mem_wrapper|mem_ss_top|mem_ss_sv|mem_ss|mem_ss|emif_0|emif_0|arch|arch_inst|io_tiles_wrap_inst|io_tiles_inst|tile_gen[1].tile_ctrl_inst|pa_core_clk_out[0]                                             ;
;   -0.126 ;   0.655  ; RR ; CELL ; 16258  ; TILECTRL_X281_Y0_N298                       ; I/O tile control logic     ; local_mem_wrapper|mem_ss_top|mem_ss_sv|mem_ss|mem_ss|emif_0|emif_0|arch|arch_inst|io_tiles_wrap_inst|io_tiles_inst|tile_gen[1].tile_ctrl_inst~fmio96fs_wr/m32_0_29__iophasealignment_to_dcm__core_clk_out[1] ;
;   -0.126 ;   0.000  ;    ; IC   ; 1      ; Boundary Port                               ; N/A                        ; afu_top|pg_afu.port_gasket|pr_slot|afu_main|ext_mem_if[0].clk|input                                                                                                                                          ;
;   -0.126 ;   0.000  ; RR ; CELL ; 105325 ; Boundary Port                               ; N/A                        ; afu_top|pg_afu.port_gasket|pr_slot|afu_main|ext_mem_if[0].clk                                                                                                                                                ;
;   -0.126 ;   0.000  ; RR ; RE   ; 1      ; TILECTRL_X281_Y0_N298                       ; I/O tile control logic     ; TILE_CTRL                                                                                                                                                                                                    ;
;   -0.054 ;   0.072  ; RR ; RE   ; 1      ; IO96FSWRRE_X280_Y0_N0_I3537                 ; IO96FS_WR_RE               ; IO96FS_WR_RE                                                                                                                                                                                                 ;
;   0.040  ;   0.094  ; RR ; RE   ; 1      ; DCM_mux_X307_Y2_N0_I29                      ; DCM_mux                    ; CC_DCM_GMUX_RE                                                                                                                                                                                               ;
;   0.118  ;   0.078  ; RR ; RE   ; 1      ; IO_P2C_RE_X280_Y2_N150_I75                  ; IO_P2C_RE                  ; IO_P2C_RE                                                                                                                                                                                                    ;
;   0.138  ;   0.020  ; RR ; RE   ; 1      ; IO_P2C_RE_X280_Y2_N150_I26                  ; IO_P2C_RE                  ; IO_P2C_RE                                                                                                                                                                                                    ;
;   0.189  ;   0.051  ; RR ; RE   ; 1      ; Switchbox_clock_mux_X280_Y2_N0_I197         ; Switchbox_clock_mux        ; CLOCK_SEGMENT_MUX                                                                                                                                                                                            ;
;   0.289  ;   0.100  ; RR ; RE   ; 1      ; Switchbox_clock_mux_X280_Y2_N0_I105         ; Switchbox_clock_mux        ; CLOCK_SEGMENT_MUX                                                                                                                                                                                            ;
;   0.323  ;   0.034  ; RF ; RE   ; 1      ; Vertical_seam_tap_mux_X280_Y23_N0_I165      ; Vertical_seam_tap_mux      ; CLOCK_SEGMENT_TAP_MUX                                                                                                                                                                                        ;
;   0.382  ;   0.059  ; FR ; RE   ; 1      ; Vertical_seam_tap_mux_X280_Y23_N0_I53       ; Vertical_seam_tap_mux      ; CLOCK_SEGMENT_TAP_MUX                                                                                                                                                                                        ;
;   0.430  ;   0.048  ; RR ; RE   ; 1      ; Switchbox_clock_mux_X280_Y43_N0_I197        ; Switchbox_clock_mux        ; CLOCK_SEGMENT_MUX                                                                                                                                                                                            ;
;   0.530  ;   0.100  ; RR ; RE   ; 1      ; Switchbox_clock_mux_X280_Y43_N0_I105        ; Switchbox_clock_mux        ; CLOCK_SEGMENT_MUX                                                                                                                                                                                            ;
;   0.564  ;   0.034  ; RF ; RE   ; 1      ; Vertical_seam_tap_mux_X280_Y64_N0_I165      ; Vertical_seam_tap_mux      ; CLOCK_SEGMENT_TAP_MUX                                                                                                                                                                                        ;
;   0.623  ;   0.059  ; FR ; RE   ; 1      ; Vertical_seam_tap_mux_X280_Y64_N0_I53       ; Vertical_seam_tap_mux      ; CLOCK_SEGMENT_TAP_MUX                                                                                                                                                                                        ;
;   0.671  ;   0.048  ; RR ; RE   ; 1      ; Switchbox_clock_mux_X280_Y84_N0_I197        ; Switchbox_clock_mux        ; CLOCK_SEGMENT_MUX                                                                                                                                                                                            ;
;   0.763  ;   0.092  ; RR ; RE   ; 1      ; Switchbox_clock_mux_X280_Y84_N0_I105        ; Switchbox_clock_mux        ; CLOCK_SEGMENT_MUX                                                                                                                                                                                            ;
;   0.798  ;   0.035  ; RF ; RE   ; 1      ; Vertical_seam_tap_mux_X280_Y105_N0_I165     ; Vertical_seam_tap_mux      ; CLOCK_SEGMENT_TAP_MUX                                                                                                                                                                                        ;
;   0.857  ;   0.059  ; FR ; RE   ; 1      ; Vertical_seam_tap_mux_X280_Y105_N0_I53      ; Vertical_seam_tap_mux      ; CLOCK_SEGMENT_TAP_MUX                                                                                                                                                                                        ;
;   0.905  ;   0.048  ; RR ; RE   ; 1      ; Switchbox_clock_mux_X280_Y125_N0_I197       ; Switchbox_clock_mux        ; CLOCK_SEGMENT_MUX                                                                                                                                                                                            ;
;   0.997  ;   0.092  ; RR ; RE   ; 1      ; Switchbox_clock_mux_X280_Y125_N0_I105       ; Switchbox_clock_mux        ; CLOCK_SEGMENT_MUX                                                                                                                                                                                            ;
;   1.031  ;   0.034  ; RF ; RE   ; 1      ; Vertical_seam_tap_mux_X280_Y146_N0_I165     ; Vertical_seam_tap_mux      ; CLOCK_SEGMENT_TAP_MUX                                                                                                                                                                                        ;
;   1.090  ;   0.059  ; FR ; RE   ; 1      ; Vertical_seam_tap_mux_X280_Y146_N0_I53      ; Vertical_seam_tap_mux      ; CLOCK_SEGMENT_TAP_MUX                                                                                                                                                                                        ;
;   1.139  ;   0.049  ; RR ; RE   ; 1      ; Switchbox_clock_mux_X280_Y166_N0_I197       ; Switchbox_clock_mux        ; CLOCK_SEGMENT_MUX                                                                                                                                                                                            ;
;   1.350  ;   0.211  ; RR ; RE   ; 1      ; Switchbox_clock_mux_X280_Y166_N0_I106       ; Switchbox_clock_mux        ; CLOCK_SEGMENT_MUX                                                                                                                                                                                            ;
;   1.400  ;   0.050  ; RR ; RE   ; 1      ; Switchbox_clock_mux_X226_Y166_N0_I229       ; Switchbox_clock_mux        ; CLOCK_SEGMENT_MUX                                                                                                                                                                                            ;
;   1.449  ;   0.049  ; RR ; RE   ; 2      ; Switchbox_clock_mux_X226_Y166_N0_I153       ; Switchbox_clock_mux        ; CLOCK_SEGMENT_MUX                                                                                                                                                                                            ;
;   1.543  ;   0.094  ; RR ; RE   ; 1      ; Switchbox_clock_mux_X226_Y166_N0_I103       ; Switchbox_clock_mux        ; CLOCK_SEGMENT_MUX                                                                                                                                                                                            ;
;   1.577  ;   0.034  ; RF ; RE   ; 1      ; Vertical_seam_tap_mux_X226_Y146_N0_I134     ; Vertical_seam_tap_mux      ; CLOCK_SEGMENT_TAP_MUX                                                                                                                                                                                        ;
;   1.636  ;   0.059  ; FR ; RE   ; 1      ; Vertical_seam_tap_mux_X226_Y146_N0_I50      ; Vertical_seam_tap_mux      ; CLOCK_SEGMENT_TAP_MUX                                                                                                                                                                                        ;
;   1.687  ;   0.051  ; RR ; RE   ; 1      ; Switchbox_clock_mux_X226_Y125_N0_I166       ; Switchbox_clock_mux        ; CLOCK_SEGMENT_MUX                                                                                                                                                                                            ;
;   1.781  ;   0.094  ; RR ; RE   ; 1      ; Switchbox_clock_mux_X226_Y125_N0_I103       ; Switchbox_clock_mux        ; CLOCK_SEGMENT_MUX                                                                                                                                                                                            ;
;   1.815  ;   0.034  ; RF ; RE   ; 1      ; Vertical_seam_tap_mux_X226_Y105_N0_I134     ; Vertical_seam_tap_mux      ; CLOCK_SEGMENT_TAP_MUX                                                                                                                                                                                        ;
;   1.875  ;   0.060  ; FR ; RE   ; 1      ; Vertical_seam_tap_mux_X226_Y105_N0_I50      ; Vertical_seam_tap_mux      ; CLOCK_SEGMENT_TAP_MUX                                                                                                                                                                                        ;
;   1.926  ;   0.051  ; RR ; RE   ; 2      ; Switchbox_clock_mux_X226_Y84_N0_I166        ; Switchbox_clock_mux        ; CLOCK_SEGMENT_MUX                                                                                                                                                                                            ;
;   2.147  ;   0.221  ; RR ; RE   ; 1      ; Switchbox_clock_mux_X226_Y84_N0_I102        ; Switchbox_clock_mux        ; CLOCK_SEGMENT_MUX                                                                                                                                                                                            ;
;   2.198  ;   0.051  ; RR ; RE   ; 1      ; Switchbox_clock_mux_X280_Y84_N0_I230        ; Switchbox_clock_mux        ; CLOCK_SEGMENT_MUX                                                                                                                                                                                            ;
;   2.407  ;   0.209  ; RR ; RE   ; 1      ; Switchbox_clock_mux_X280_Y84_N0_I100        ; Switchbox_clock_mux        ; CLOCK_SEGMENT_MUX                                                                                                                                                                                            ;
;   2.458  ;   0.051  ; RR ; RE   ; 2      ; Switchbox_clock_mux_X334_Y84_N0_I230        ; Switchbox_clock_mux        ; CLOCK_SEGMENT_MUX                                                                                                                                                                                            ;
;   2.552  ;   0.094  ; RR ; RE   ; 1      ; Switchbox_clock_mux_X334_Y84_N0_I103        ; Switchbox_clock_mux        ; CLOCK_SEGMENT_MUX                                                                                                                                                                                            ;
;   2.586  ;   0.034  ; RF ; RE   ; 1      ; Vertical_seam_tap_mux_X334_Y64_N0_I134      ; Vertical_seam_tap_mux      ; CLOCK_SEGMENT_TAP_MUX                                                                                                                                                                                        ;
;   2.645  ;   0.059  ; FR ; RE   ; 1      ; Vertical_seam_tap_mux_X334_Y64_N0_I50       ; Vertical_seam_tap_mux      ; CLOCK_SEGMENT_TAP_MUX                                                                                                                                                                                        ;
;   2.695  ;   0.050  ; RR ; RE   ; 2      ; Switchbox_clock_mux_X334_Y43_N0_I166        ; Switchbox_clock_mux        ; CLOCK_SEGMENT_MUX                                                                                                                                                                                            ;
;   2.915  ;   0.220  ; RR ; RE   ; 1      ; Switchbox_clock_mux_X334_Y43_N0_I102        ; Switchbox_clock_mux        ; CLOCK_SEGMENT_MUX                                                                                                                                                                                            ;
;   2.967  ;   0.052  ; RR ; RE   ; 2      ; Switchbox_clock_mux_X280_Y43_N0_I262        ; Switchbox_clock_mux        ; CLOCK_SEGMENT_MUX                                                                                                                                                                                            ;
;   3.066  ;   0.099  ; RR ; RE   ; 1      ; Switchbox_clock_mux_X280_Y43_N0_I101        ; Switchbox_clock_mux        ; CLOCK_SEGMENT_MUX                                                                                                                                                                                            ;
;   3.114  ;   0.048  ; RR ; RE   ; 2      ; Vertical_seam_tap_mux_X280_Y64_N0_I166      ; Vertical_seam_tap_mux      ; CLOCK_SEGMENT_TAP_MUX                                                                                                                                                                                        ;
;   3.211  ;   0.097  ; RR ; RE   ; 1      ; Vertical_seam_tap_mux_X280_Y64_N0_I115      ; Vertical_seam_tap_mux      ; CLOCK_SEGMENT_TAP_MUX                                                                                                                                                                                        ;
;   3.345  ;   0.134  ; RR ; RE   ; 1      ; SPINE_TAP_RE_X253_Y64_N103_I89              ; SPINE_TAP_RE               ; SPINE_TAP_RE                                                                                                                                                                                                 ;
;   3.359  ;   0.014  ; RR ; RE   ; 41     ; SPINE_TAP_RE_X253_Y64_N103_I25              ; SPINE_TAP_RE               ; SPINE_TAP_RE                                                                                                                                                                                                 ;
;   3.646  ;   0.287  ; RR ; RE   ; 2      ; SCLKMUX_RE_X253_Y68_N188_I25                ; SCLKMUX_RE                 ; SCLKMUX_RE                                                                                                                                                                                                   ;
;   3.668  ;   0.022  ; RR ; RE   ; 21     ; SCLKMUX_RE_X253_Y68_N188_I40                ; SCLKMUX_RE                 ; SCLKMUX_RE                                                                                                                                                                                                   ;
;   3.708  ;   0.040  ; RR ; RE   ; 1      ; ROWCLK_TAPOFF_X261_Y68_N0_I3                ; Row Clock Tap-Off          ; ROWCLK_TAPOFF                                                                                                                                                                                                ;
;   3.752  ;   0.044  ; RR ; RE   ; 1      ; GLOBAL_LOCAL_SEL_X261_Y68_N0_I2             ; GLOBAL_LOCAL_SEL           ; GLOBAL_LOCAL_SEL                                                                                                                                                                                             ;
;   3.778  ;   0.026  ; RR ; RE   ; 1      ; RPII_X261_Y68_N0_I2                         ; Programmable Invert Input  ; RPII                                                                                                                                                                                                         ;
;   3.778  ;   0.000  ; RR ; RE   ; 1      ; RPI_X261_Y68_N0_I2                          ; Programmable Invert        ; RPI                                                                                                                                                                                                          ;
;   3.778  ;   0.000  ; RR ; RE   ; 15     ; LAB_RE_X261_Y68_N0_I83                      ; LAB_RE                     ; clka                                                                                                                                                                                                         ;
;   3.778  ;   0.000  ; RR ; RE   ; 1      ; LAB_RE_X261_Y68_N0_I150                     ; LAB_RE                     ; LAB_RE                                                                                                                                                                                                       ;
;   3.778  ;   0.000  ; RR ; RE   ; 43     ; LEIMCLKALE_X261_Y68_N0_I0                   ; LEIMCLKALE                 ; LEIMCLKALE                                                                                                                                                                                                   ;
;   3.778  ;   0.000  ; RR ; RE   ; 1      ; HYPERFLEX_CLK_M_MUX_X261_Y68_N0_I14         ; Hyperflex clocking network ; HIPI_M_MUX                                                                                                                                                                                                   ;
;   3.778  ;   0.000  ;    ; IC   ; 1      ; BLOCK_INPUT_MUX_PASSTHROUGH_X261_Y68_N0_I13 ; Hyper-Register             ; afu_top|pg_afu.port_gasket|pr_slot|afu_main|port_afu_instances|ofs_plat_afu|core|dma|csr_mgr_inst|add_0~256_BLOCK_INPUT_MUX_PASSTHROUGH_X261_Y68_N0_I13_dff|clk                                              ;
;   3.778  ;   0.000  ; RR ; CELL ; 1      ; BLOCK_INPUT_MUX_PASSTHROUGH_X261_Y68_N0_I13 ; Hyper-Register             ; afu_top|pg_afu.port_gasket|pr_slot|afu_main|port_afu_instances|ofs_plat_afu|core|dma|csr_mgr_inst|add_0~256_BLOCK_INPUT_MUX_PASSTHROUGH_X261_Y68_N0_I13_dff                                                  ;
;   2.761  ;   -1.017 ;    ;      ;        ;                                             ;                            ; clock pessimism removed                                                                                                                                                                                      ;
;   2.753  ;   -0.008 ;    ;      ;        ;                                             ;                            ; advanced clock effects                                                                                                                                                                                       ;
; 2.753    ; 0.000    ;    ;      ;        ;                                             ;                            ; clock uncertainty                                                                                                                                                                                            ;
; 2.927    ; 0.174    ;    ; uTh  ; 1      ; BLOCK_INPUT_MUX_PASSTHROUGH_X261_Y68_N0_I13 ; Hyper-Register             ; afu_top|pg_afu.port_gasket|pr_slot|afu_main|port_afu_instances|ofs_plat_afu|core|dma|csr_mgr_inst|add_0~256_BLOCK_INPUT_MUX_PASSTHROUGH_X261_Y68_N0_I13_dff                                                  ;
+----------+----------+----+------+--------+---------------------------------------------+----------------------------+--------------------------------------------------------------------------------------------------------------------------------------------------------------------------------------------------------------+


Path #4: Hold slack is 0.744 
===============================================================================
+--------------------------------------------------------------------------------------------------------------------------------------------------------------------------------------------------------+
; Path Summary                                                                                                                                                                                           ;
+---------------------------------+----------------------------------------------------------------------------------------------------------------------------------------------------------------------+
; Property                        ; Value                                                                                                                                                                ;
+---------------------------------+----------------------------------------------------------------------------------------------------------------------------------------------------------------------+
; From Node                       ; afu_top|pg_afu.port_gasket|pr_slot|afu_main|port_afu_instances|ofs_plat_afu|core|dma|csr_mgr_inst|Select_0~10xsyn_20_BLOCK_INPUT_MUX_PASSTHROUGH_X260_Y70_N0_I19_dff ;
; To Node                         ; afu_top|pg_afu.port_gasket|pr_slot|afu_main|port_afu_instances|ofs_plat_afu|core|dma|csr_mgr_inst|add_0~251_BLOCK_INPUT_MUX_PASSTHROUGH_X261_Y68_N0_I12_dff          ;
; Launch Clock                    ; local_mem_wrapper|mem_ss_top|mem_ss_sv|mem_ss|mem_ss|emif_0|emif_0_core_usr_clk                                                                                      ;
; Latch Clock                     ; local_mem_wrapper|mem_ss_top|mem_ss_sv|mem_ss|mem_ss|emif_0|emif_0_core_usr_clk                                                                                      ;
; SDC Exception                   ; No SDC Exception on Path                                                                                                                                             ;
; Data Arrival Time               ; 3.671                                                                                                                                                                ;
; Data Required Time              ; 2.927                                                                                                                                                                ;
; Slack                           ; 0.744                                                                                                                                                                ;
; Worst-Case Operating Conditions ; Slow vid2b 100C Model                                                                                                                                                ;
+---------------------------------+----------------------------------------------------------------------------------------------------------------------------------------------------------------------+

+-------------------------------------------------------------------------------------+
; Statistics                                                                          ;
+------------------------+-------+-------+-------------+------------+--------+--------+
; Property               ; Value ; Count ; Total Delay ; % of Total ; Min    ; Max    ;
+------------------------+-------+-------+-------------+------------+--------+--------+
; Hold Relationship      ; 0.000 ;       ;             ;            ;        ;        ;
; Clock Skew             ; 0.043 ;       ;             ;            ;        ;        ;
; Data Delay             ; 0.961 ;       ;             ;            ;        ;        ;
; Number of Logic Levels ;       ; 2     ;             ;            ;        ;        ;
; Physical Delays        ;       ;       ;             ;            ;        ;        ;
;  Arrival Path          ;       ;       ;             ;            ;        ;        ;
;   Clock                ;       ;       ;             ;            ;        ;        ;
;    IC                  ;       ; 3     ; 0.000       ; 0          ; 0.000  ; 0.000  ;
;    Cell                ;       ; 15    ; 2.752       ; 44         ; 0.000  ; 0.834  ;
;    PLL Compensation    ;       ; 2     ; -3.572      ; 0          ; -2.692 ; -0.880 ;
;    Routing Element     ;       ; 58    ; 3.530       ; 56         ; 0.000  ; 0.253  ;
;   Data                 ;       ;       ;             ;            ;        ;        ;
;    IC                  ;       ; 4     ; 0.000       ; 0          ; 0.000  ; 0.000  ;
;    Cell                ;       ; 5     ; 0.294       ; 31         ; 0.000  ; 0.141  ;
;    uTco                ;       ; 1     ; 0.217       ; 23         ; 0.217  ; 0.217  ;
;    Routing Element     ;       ; 24    ; 0.450       ; 47         ; 0.000  ; 0.045  ;
;  Required Path         ;       ;       ;             ;            ;        ;        ;
;   Clock                ;       ;       ;             ;            ;        ;        ;
;    IC                  ;       ; 3     ; 0.000       ; 0          ; 0.000  ; 0.000  ;
;    Cell                ;       ; 15    ; 3.153       ; 45         ; 0.000  ; 0.980  ;
;    PLL Compensation    ;       ; 2     ; -3.279      ; 0          ; -2.505 ; -0.774 ;
;    Routing Element     ;       ; 58    ; 3.904       ; 55         ; 0.000  ; 0.287  ;
+------------------------+-------+-------+-------------+------------+--------+--------+
Note: Negative delays are omitted from totals when calculating percentages

+------------------------------------------------------------------------------------------------------------------------------------------------------------------------------------------------------------------------------------------------------------------------------------------------------------------------------------+
; Data Arrival Path                                                                                                                                                                                                                                                                                                                  ;
+----------+----------+----+------+--------+---------------------------------------------+----------------------------+--------------------------------------------------------------------------------------------------------------------------------------------------------------------------------------------------------------+
; Total    ; Incr     ; RF ; Type ; Fanout ; Location                                    ; Element Type               ; Element                                                                                                                                                                                                      ;
+----------+----------+----+------+--------+---------------------------------------------+----------------------------+--------------------------------------------------------------------------------------------------------------------------------------------------------------------------------------------------------------+
; 0.000    ; 0.000    ;    ;      ;        ;                                             ;                            ; launch edge time                                                                                                                                                                                             ;
; 2.710    ; 2.710    ;    ;      ;        ;                                             ;                            ; clock path                                                                                                                                                                                                   ;
;   0.000  ;   0.000  ;    ;      ;        ;                                             ;                            ; source latency                                                                                                                                                                                               ;
;   0.000  ;   0.000  ;    ;      ; 1      ; PIN_HF23                                    ; I/O pad                    ; ddr4_mem_ref_clk[0].clk                                                                                                                                                                                      ;
;   0.000  ;   0.000  ;    ; IC   ; 1      ; IOIBUF_X280_Y0_N376                         ; I/O input buffer           ; ddr4_mem_ref_clk[0].clk~input|i                                                                                                                                                                              ;
;   0.129  ;   0.129  ; RR ; CELL ; 2      ; IOIBUF_X280_Y0_N376                         ; I/O input buffer           ; ddr4_mem_ref_clk[0].clk~input|o                                                                                                                                                                              ;
;   0.963  ;   0.834  ; RR ; CELL ; 1      ; REFCLKINPUT_X281_Y0_N301                    ; I/O reference clock tree   ; local_mem_wrapper|mem_ss_top|mem_ss_sv|mem_ss|mem_ss|emif_0|emif_0|arch|arch_inst|pll_inst|pll_inst~refclk|ref_clk_in                                                                                        ;
;   1.121  ;   0.158  ; RR ; CELL ; 3      ; REFCLKINPUT_X281_Y0_N301                    ; I/O reference clock tree   ; local_mem_wrapper|mem_ss_top|mem_ss_sv|mem_ss|mem_ss|emif_0|emif_0|arch|arch_inst|pll_inst|pll_inst~refclk|ref0_to_btm                                                                                       ;
;   1.547  ;   0.426  ; RR ; CELL ; 1      ; REFCLKINPUT_X281_Y0_N301                    ; I/O reference clock tree   ; local_mem_wrapper|mem_ss_top|mem_ss_sv|mem_ss|mem_ss|emif_0|emif_0|arch|arch_inst|pll_inst|pll_inst~refclk|clk_out                                                                                           ;
;   1.547  ;   0.000  ; RR ; CELL ; 1      ; IOPLL_X281_Y0_N303                          ; IOPLL                      ; local_mem_wrapper|mem_ss_top|mem_ss_sv|mem_ss|mem_ss|emif_0|emif_0|arch|arch_inst|pll_inst|pll_inst|pll_cascade_in                                                                                           ;
;   1.731  ;   0.184  ; RR ; CELL ; 2      ; IOPLL_X281_Y0_N303                          ; IOPLL                      ; local_mem_wrapper|mem_ss_top|mem_ss_sv|mem_ss|mem_ss|emif_0|emif_0|arch|arch_inst|pll_inst|pll_inst~fmio96fs_wr/x0/fmio96_core_inst/fmio48tile_top/x5/u4_3/x0/xiopll_custom/xclkin_sw/xpm_pll_so/clk[0]      ;
;   1.898  ;   0.167  ; RR ; CELL ; 2      ; IOPLL_X281_Y0_N303                          ; IOPLL                      ; local_mem_wrapper|mem_ss_top|mem_ss_sv|mem_ss|mem_ss|emif_0|emif_0|arch|arch_inst|pll_inst|pll_inst~fmio96fs_wr/x0/fmio96_core_inst/fmio48tile_top/x5/u4_3/x0/xiopll_custom/xiopll_core/xncnt_iopll/clk      ;
;   2.051  ;   0.153  ; RR ; CELL ; 3      ; IOPLL_X281_Y0_N303                          ; IOPLL                      ; local_mem_wrapper|mem_ss_top|mem_ss_sv|mem_ss|mem_ss|emif_0|emif_0|arch|arch_inst|pll_inst|pll_inst~pllnout                                                                                                  ;
;   2.172  ;   0.121  ; RF ; CELL ; 1      ; IOPLL_X281_Y0_N303                          ; IOPLL                      ; local_mem_wrapper|mem_ss_top|mem_ss_sv|mem_ss|mem_ss|emif_0|emif_0|arch|arch_inst|pll_inst|pll_inst~vco_refclk                                                                                               ;
;   2.176  ;   0.004  ; FR ; CELL ; 1      ; IOPLL_X281_Y0_N303                          ; IOPLL                      ; local_mem_wrapper|mem_ss_top|mem_ss_sv|mem_ss|mem_ss|emif_0|emif_0|arch|arch_inst|pll_inst|pll_inst~vctrl                                                                                                    ;
;   1.296  ;   -0.880 ; RR ; COMP ; 1      ; IOPLL_X281_Y0_N303                          ; IOPLL                      ; local_mem_wrapper|mem_ss_top|mem_ss_sv|mem_ss|mem_ss|emif_0|emif_0|arch|arch_inst|pll_inst|pll_inst~vcoph[0]                                                                                                 ;
;   1.296  ;   0.000  ; RR ; CELL ; 10     ; IOPLL_X281_Y0_N303                          ; IOPLL                      ; local_mem_wrapper|mem_ss_top|mem_ss_sv|mem_ss|mem_ss|emif_0|emif_0|arch|arch_inst|pll_inst|pll_inst|vcoph[0]                                                                                                 ;
;   1.296  ;   0.000  ; RR ; CELL ; 3      ; TILECTRL_X281_Y0_N298                       ; I/O tile control logic     ; local_mem_wrapper|mem_ss_top|mem_ss_sv|mem_ss|mem_ss|emif_0|emif_0|arch|arch_inst|io_tiles_wrap_inst|io_tiles_inst|tile_gen[1].tile_ctrl_inst|pll_vco_in[0]                                                  ;
;   -1.396 ;   -2.692 ; RR ; COMP ; 1      ; TILECTRL_X281_Y0_N298                       ; I/O tile control logic     ; local_mem_wrapper|mem_ss_top|mem_ss_sv|mem_ss|mem_ss|emif_0|emif_0|arch|arch_inst|io_tiles_wrap_inst|io_tiles_inst|tile_gen[1].tile_ctrl_inst|pa_core_clk_out[0]                                             ;
;   -0.820 ;   0.576  ; RR ; CELL ; 16258  ; TILECTRL_X281_Y0_N298                       ; I/O tile control logic     ; local_mem_wrapper|mem_ss_top|mem_ss_sv|mem_ss|mem_ss|emif_0|emif_0|arch|arch_inst|io_tiles_wrap_inst|io_tiles_inst|tile_gen[1].tile_ctrl_inst~fmio96fs_wr/m32_0_29__iophasealignment_to_dcm__core_clk_out[1] ;
;   -0.820 ;   0.000  ;    ; IC   ; 1      ; Boundary Port                               ; N/A                        ; afu_top|pg_afu.port_gasket|pr_slot|afu_main|ext_mem_if[0].clk|input                                                                                                                                          ;
;   -0.820 ;   0.000  ; RR ; CELL ; 105325 ; Boundary Port                               ; N/A                        ; afu_top|pg_afu.port_gasket|pr_slot|afu_main|ext_mem_if[0].clk                                                                                                                                                ;
;   -0.820 ;   0.000  ; RR ; RE   ; 1      ; TILECTRL_X281_Y0_N298                       ; I/O tile control logic     ; TILE_CTRL                                                                                                                                                                                                    ;
;   -0.756 ;   0.064  ; RR ; RE   ; 1      ; IO96FSWRRE_X280_Y0_N0_I3537                 ; IO96FS_WR_RE               ; IO96FS_WR_RE                                                                                                                                                                                                 ;
;   -0.670 ;   0.086  ; RR ; RE   ; 1      ; DCM_mux_X307_Y2_N0_I29                      ; DCM_mux                    ; CC_DCM_GMUX_RE                                                                                                                                                                                               ;
;   -0.601 ;   0.069  ; RR ; RE   ; 1      ; IO_P2C_RE_X280_Y2_N150_I75                  ; IO_P2C_RE                  ; IO_P2C_RE                                                                                                                                                                                                    ;
;   -0.582 ;   0.019  ; RR ; RE   ; 1      ; IO_P2C_RE_X280_Y2_N150_I26                  ; IO_P2C_RE                  ; IO_P2C_RE                                                                                                                                                                                                    ;
;   -0.536 ;   0.046  ; RR ; RE   ; 1      ; Switchbox_clock_mux_X280_Y2_N0_I197         ; Switchbox_clock_mux        ; CLOCK_SEGMENT_MUX                                                                                                                                                                                            ;
;   -0.445 ;   0.091  ; RR ; RE   ; 1      ; Switchbox_clock_mux_X280_Y2_N0_I105         ; Switchbox_clock_mux        ; CLOCK_SEGMENT_MUX                                                                                                                                                                                            ;
;   -0.415 ;   0.030  ; RF ; RE   ; 1      ; Vertical_seam_tap_mux_X280_Y23_N0_I165      ; Vertical_seam_tap_mux      ; CLOCK_SEGMENT_TAP_MUX                                                                                                                                                                                        ;
;   -0.360 ;   0.055  ; FR ; RE   ; 1      ; Vertical_seam_tap_mux_X280_Y23_N0_I53       ; Vertical_seam_tap_mux      ; CLOCK_SEGMENT_TAP_MUX                                                                                                                                                                                        ;
;   -0.317 ;   0.043  ; RR ; RE   ; 1      ; Switchbox_clock_mux_X280_Y43_N0_I197        ; Switchbox_clock_mux        ; CLOCK_SEGMENT_MUX                                                                                                                                                                                            ;
;   -0.226 ;   0.091  ; RR ; RE   ; 1      ; Switchbox_clock_mux_X280_Y43_N0_I105        ; Switchbox_clock_mux        ; CLOCK_SEGMENT_MUX                                                                                                                                                                                            ;
;   -0.196 ;   0.030  ; RF ; RE   ; 1      ; Vertical_seam_tap_mux_X280_Y64_N0_I165      ; Vertical_seam_tap_mux      ; CLOCK_SEGMENT_TAP_MUX                                                                                                                                                                                        ;
;   -0.141 ;   0.055  ; FR ; RE   ; 1      ; Vertical_seam_tap_mux_X280_Y64_N0_I53       ; Vertical_seam_tap_mux      ; CLOCK_SEGMENT_TAP_MUX                                                                                                                                                                                        ;
;   -0.098 ;   0.043  ; RR ; RE   ; 1      ; Switchbox_clock_mux_X280_Y84_N0_I197        ; Switchbox_clock_mux        ; CLOCK_SEGMENT_MUX                                                                                                                                                                                            ;
;   -0.014 ;   0.084  ; RR ; RE   ; 1      ; Switchbox_clock_mux_X280_Y84_N0_I105        ; Switchbox_clock_mux        ; CLOCK_SEGMENT_MUX                                                                                                                                                                                            ;
;   0.017  ;   0.031  ; RF ; RE   ; 1      ; Vertical_seam_tap_mux_X280_Y105_N0_I165     ; Vertical_seam_tap_mux      ; CLOCK_SEGMENT_TAP_MUX                                                                                                                                                                                        ;
;   0.071  ;   0.054  ; FR ; RE   ; 1      ; Vertical_seam_tap_mux_X280_Y105_N0_I53      ; Vertical_seam_tap_mux      ; CLOCK_SEGMENT_TAP_MUX                                                                                                                                                                                        ;
;   0.114  ;   0.043  ; RR ; RE   ; 1      ; Switchbox_clock_mux_X280_Y125_N0_I197       ; Switchbox_clock_mux        ; CLOCK_SEGMENT_MUX                                                                                                                                                                                            ;
;   0.198  ;   0.084  ; RR ; RE   ; 1      ; Switchbox_clock_mux_X280_Y125_N0_I105       ; Switchbox_clock_mux        ; CLOCK_SEGMENT_MUX                                                                                                                                                                                            ;
;   0.229  ;   0.031  ; RF ; RE   ; 1      ; Vertical_seam_tap_mux_X280_Y146_N0_I165     ; Vertical_seam_tap_mux      ; CLOCK_SEGMENT_TAP_MUX                                                                                                                                                                                        ;
;   0.283  ;   0.054  ; FR ; RE   ; 1      ; Vertical_seam_tap_mux_X280_Y146_N0_I53      ; Vertical_seam_tap_mux      ; CLOCK_SEGMENT_TAP_MUX                                                                                                                                                                                        ;
;   0.326  ;   0.043  ; RR ; RE   ; 1      ; Switchbox_clock_mux_X280_Y166_N0_I197       ; Switchbox_clock_mux        ; CLOCK_SEGMENT_MUX                                                                                                                                                                                            ;
;   0.520  ;   0.194  ; RR ; RE   ; 1      ; Switchbox_clock_mux_X280_Y166_N0_I106       ; Switchbox_clock_mux        ; CLOCK_SEGMENT_MUX                                                                                                                                                                                            ;
;   0.565  ;   0.045  ; RR ; RE   ; 1      ; Switchbox_clock_mux_X226_Y166_N0_I229       ; Switchbox_clock_mux        ; CLOCK_SEGMENT_MUX                                                                                                                                                                                            ;
;   0.608  ;   0.043  ; RR ; RE   ; 2      ; Switchbox_clock_mux_X226_Y166_N0_I153       ; Switchbox_clock_mux        ; CLOCK_SEGMENT_MUX                                                                                                                                                                                            ;
;   0.693  ;   0.085  ; RR ; RE   ; 1      ; Switchbox_clock_mux_X226_Y166_N0_I103       ; Switchbox_clock_mux        ; CLOCK_SEGMENT_MUX                                                                                                                                                                                            ;
;   0.724  ;   0.031  ; RF ; RE   ; 1      ; Vertical_seam_tap_mux_X226_Y146_N0_I134     ; Vertical_seam_tap_mux      ; CLOCK_SEGMENT_TAP_MUX                                                                                                                                                                                        ;
;   0.779  ;   0.055  ; FR ; RE   ; 1      ; Vertical_seam_tap_mux_X226_Y146_N0_I50      ; Vertical_seam_tap_mux      ; CLOCK_SEGMENT_TAP_MUX                                                                                                                                                                                        ;
;   0.824  ;   0.045  ; RR ; RE   ; 1      ; Switchbox_clock_mux_X226_Y125_N0_I166       ; Switchbox_clock_mux        ; CLOCK_SEGMENT_MUX                                                                                                                                                                                            ;
;   0.910  ;   0.086  ; RR ; RE   ; 1      ; Switchbox_clock_mux_X226_Y125_N0_I103       ; Switchbox_clock_mux        ; CLOCK_SEGMENT_MUX                                                                                                                                                                                            ;
;   0.940  ;   0.030  ; RF ; RE   ; 1      ; Vertical_seam_tap_mux_X226_Y105_N0_I134     ; Vertical_seam_tap_mux      ; CLOCK_SEGMENT_TAP_MUX                                                                                                                                                                                        ;
;   0.996  ;   0.056  ; FR ; RE   ; 1      ; Vertical_seam_tap_mux_X226_Y105_N0_I50      ; Vertical_seam_tap_mux      ; CLOCK_SEGMENT_TAP_MUX                                                                                                                                                                                        ;
;   1.041  ;   0.045  ; RR ; RE   ; 2      ; Switchbox_clock_mux_X226_Y84_N0_I166        ; Switchbox_clock_mux        ; CLOCK_SEGMENT_MUX                                                                                                                                                                                            ;
;   1.244  ;   0.203  ; RR ; RE   ; 1      ; Switchbox_clock_mux_X226_Y84_N0_I102        ; Switchbox_clock_mux        ; CLOCK_SEGMENT_MUX                                                                                                                                                                                            ;
;   1.288  ;   0.044  ; RR ; RE   ; 1      ; Switchbox_clock_mux_X280_Y84_N0_I230        ; Switchbox_clock_mux        ; CLOCK_SEGMENT_MUX                                                                                                                                                                                            ;
;   1.481  ;   0.193  ; RR ; RE   ; 1      ; Switchbox_clock_mux_X280_Y84_N0_I100        ; Switchbox_clock_mux        ; CLOCK_SEGMENT_MUX                                                                                                                                                                                            ;
;   1.525  ;   0.044  ; RR ; RE   ; 2      ; Switchbox_clock_mux_X334_Y84_N0_I230        ; Switchbox_clock_mux        ; CLOCK_SEGMENT_MUX                                                                                                                                                                                            ;
;   1.611  ;   0.086  ; RR ; RE   ; 1      ; Switchbox_clock_mux_X334_Y84_N0_I103        ; Switchbox_clock_mux        ; CLOCK_SEGMENT_MUX                                                                                                                                                                                            ;
;   1.641  ;   0.030  ; RF ; RE   ; 1      ; Vertical_seam_tap_mux_X334_Y64_N0_I134      ; Vertical_seam_tap_mux      ; CLOCK_SEGMENT_TAP_MUX                                                                                                                                                                                        ;
;   1.696  ;   0.055  ; FR ; RE   ; 1      ; Vertical_seam_tap_mux_X334_Y64_N0_I50       ; Vertical_seam_tap_mux      ; CLOCK_SEGMENT_TAP_MUX                                                                                                                                                                                        ;
;   1.741  ;   0.045  ; RR ; RE   ; 2      ; Switchbox_clock_mux_X334_Y43_N0_I166        ; Switchbox_clock_mux        ; CLOCK_SEGMENT_MUX                                                                                                                                                                                            ;
;   1.942  ;   0.201  ; RR ; RE   ; 1      ; Switchbox_clock_mux_X334_Y43_N0_I102        ; Switchbox_clock_mux        ; CLOCK_SEGMENT_MUX                                                                                                                                                                                            ;
;   1.988  ;   0.046  ; RR ; RE   ; 2      ; Switchbox_clock_mux_X280_Y43_N0_I262        ; Switchbox_clock_mux        ; CLOCK_SEGMENT_MUX                                                                                                                                                                                            ;
;   2.079  ;   0.091  ; RR ; RE   ; 1      ; Switchbox_clock_mux_X280_Y43_N0_I101        ; Switchbox_clock_mux        ; CLOCK_SEGMENT_MUX                                                                                                                                                                                            ;
;   2.121  ;   0.042  ; RR ; RE   ; 2      ; Vertical_seam_tap_mux_X280_Y64_N0_I166      ; Vertical_seam_tap_mux      ; CLOCK_SEGMENT_TAP_MUX                                                                                                                                                                                        ;
;   2.210  ;   0.089  ; RR ; RE   ; 1      ; Vertical_seam_tap_mux_X280_Y64_N0_I115      ; Vertical_seam_tap_mux      ; CLOCK_SEGMENT_TAP_MUX                                                                                                                                                                                        ;
;   2.328  ;   0.118  ; RR ; RE   ; 1      ; SPINE_TAP_RE_X253_Y64_N103_I89              ; SPINE_TAP_RE               ; SPINE_TAP_RE                                                                                                                                                                                                 ;
;   2.347  ;   0.019  ; RR ; RE   ; 41     ; SPINE_TAP_RE_X253_Y64_N103_I25              ; SPINE_TAP_RE               ; SPINE_TAP_RE                                                                                                                                                                                                 ;
;   2.600  ;   0.253  ; RR ; RE   ; 2      ; SCLKMUX_RE_X253_Y70_N188_I25                ; SCLKMUX_RE                 ; SCLKMUX_RE                                                                                                                                                                                                   ;
;   2.621  ;   0.021  ; RR ; RE   ; 16     ; SCLKMUX_RE_X253_Y70_N188_I40                ; SCLKMUX_RE                 ; SCLKMUX_RE                                                                                                                                                                                                   ;
;   2.657  ;   0.036  ; RR ; RE   ; 1      ; ROWCLK_TAPOFF_X260_Y70_N0_I3                ; Row Clock Tap-Off          ; ROWCLK_TAPOFF                                                                                                                                                                                                ;
;   2.690  ;   0.033  ; RR ; RE   ; 1      ; GLOBAL_LOCAL_SEL_X260_Y70_N0_I3             ; GLOBAL_LOCAL_SEL           ; GLOBAL_LOCAL_SEL                                                                                                                                                                                             ;
;   2.710  ;   0.020  ; RR ; RE   ; 1      ; RPII_X260_Y70_N0_I3                         ; Programmable Invert Input  ; RPII                                                                                                                                                                                                         ;
;   2.710  ;   0.000  ; RR ; RE   ; 1      ; RPI_X260_Y70_N0_I3                          ; Programmable Invert        ; RPI                                                                                                                                                                                                          ;
;   2.710  ;   0.000  ; RR ; RE   ; 1      ; LAB_RE_X260_Y70_N0_I84                      ; LAB_RE                     ; clkb                                                                                                                                                                                                         ;
;   2.710  ;   0.000  ; RR ; RE   ; 1      ; LAB_RE_X260_Y70_N0_I152                     ; LAB_RE                     ; LAB_RE                                                                                                                                                                                                       ;
;   2.710  ;   0.000  ; RR ; RE   ; 12     ; LEIMCLKALE_X260_Y70_N0_I0                   ; LEIMCLKALE                 ; LEIMCLKALE                                                                                                                                                                                                   ;
;   2.710  ;   0.000  ; RR ; RE   ; 1      ; HYPERFLEX_CLK_M_MUX_X260_Y70_N0_I21         ; Hyperflex clocking network ; HIPI_M_MUX                                                                                                                                                                                                   ;
;   2.710  ;   0.000  ;    ; IC   ; 1      ; BLOCK_INPUT_MUX_PASSTHROUGH_X260_Y70_N0_I19 ; Hyper-Register             ; afu_top|pg_afu.port_gasket|pr_slot|afu_main|port_afu_instances|ofs_plat_afu|core|dma|csr_mgr_inst|Select_0~10xsyn_20_BLOCK_INPUT_MUX_PASSTHROUGH_X260_Y70_N0_I19_dff|clk                                     ;
;   2.710  ;   0.000  ; RR ; CELL ; 1      ; BLOCK_INPUT_MUX_PASSTHROUGH_X260_Y70_N0_I19 ; Hyper-Register             ; afu_top|pg_afu.port_gasket|pr_slot|afu_main|port_afu_instances|ofs_plat_afu|core|dma|csr_mgr_inst|Select_0~10xsyn_20_BLOCK_INPUT_MUX_PASSTHROUGH_X260_Y70_N0_I19_dff                                         ;
; 3.671    ; 0.961    ;    ;      ;        ;                                             ;                            ; data path                                                                                                                                                                                                    ;
;   2.927  ;   0.217  ; FF ; uTco ; 1      ; BLOCK_INPUT_MUX_PASSTHROUGH_X260_Y70_N0_I19 ; Hyper-Register             ; afu_top|pg_afu.port_gasket|pr_slot|afu_main|port_afu_instances|ofs_plat_afu|core|dma|csr_mgr_inst|Select_0~10xsyn_20_BLOCK_INPUT_MUX_PASSTHROUGH_X260_Y70_N0_I19_dff|q                                       ;
;   2.927  ;   0.000  ; FF ; RE   ; 1      ; BLOCK_INPUT_MUX_PASSTHROUGH_X260_Y70_N0_I19 ; Hyper-Register             ; LEIM                                                                                                                                                                                                         ;
;   2.928  ;   0.001  ; FF ; RE   ; 1      ; BLOCK_INPUT_MUX_PASSTHROUGH_X260_Y70_N0_I19 ; Block Input Mux            ; LEIM                                                                                                                                                                                                         ;
;   2.928  ;   0.000  ; FF ; RE   ; 1      ; LAB_RE_X260_Y70_N0_I23                      ; LAB_RE                     ; leimf[2]                                                                                                                                                                                                     ;
;   2.928  ;   0.000  ;    ; IC   ; 1      ; MLABCELL_X260_Y70_N15                       ; Combinational cell         ; afu_top|pg_afu.port_gasket|pr_slot|afu_main|port_afu_instances|ofs_plat_afu|core|dma|csr_mgr_inst|i2852~0|dataf                                                                                              ;
;   2.950  ;   0.022  ; FF ; CELL ; 4      ; MLABCELL_X260_Y70_N15                       ; Combinational cell         ; afu_top|pg_afu.port_gasket|pr_slot|afu_main|port_afu_instances|ofs_plat_afu|core|dma|csr_mgr_inst|i2852~0|combout                                                                                            ;
;   2.969  ;   0.019  ; FR ; CELL ; 12     ; MLABCELL_X260_Y70_N15                       ; Combinational cell         ; afu_top|pg_afu.port_gasket|pr_slot|afu_main|port_afu_instances|ofs_plat_afu|core|dma|csr_mgr_inst|i2852~0~cw_ml_mlab/lab_lut6outt[2]                                                                         ;
;   2.969  ;   0.000  ; RR ; RE   ; 1      ; MLABCELL_X260_Y70_N15                       ; Combinational cell         ; MP_MLAB_COMB                                                                                                                                                                                                 ;
;   2.971  ;   0.002  ; RR ; RE   ; 1      ; LAB_RE_X260_Y70_N0_I136                     ; LAB_RE                     ; LAB_RE                                                                                                                                                                                                       ;
;   3.005  ;   0.034  ; RR ; RE   ; 1      ; R1_X260_Y70_N0_I9                           ; R1 interconnect            ; H1                                                                                                                                                                                                           ;
;   3.050  ;   0.045  ; RR ; RE   ; 1      ; C1_X259_Y69_N0_I9                           ; C1 interconnect            ; V1                                                                                                                                                                                                           ;
;   3.082  ;   0.032  ; RR ; RE   ; 1      ; R0_X259_Y69_N0_I13                          ; R0 interconnect            ; H0                                                                                                                                                                                                           ;
;   3.104  ;   0.022  ; RF ; RE   ; 1      ; LOCAL_INTERCONNECT_X259_Y69_N0_I77          ; Block interconnect         ; LAB_LINE                                                                                                                                                                                                     ;
;   3.130  ;   0.026  ; FR ; RE   ; 1      ; BLOCK_INPUT_MUX_PASSTHROUGH_X259_Y69_N0_I81 ; Block Input Mux            ; LEIM                                                                                                                                                                                                         ;
;   3.130  ;   0.000  ; RR ; RE   ; 12     ; LAB_RE_X259_Y69_N0_I81                      ; LAB_RE                     ; lsim[1]                                                                                                                                                                                                      ;
;   3.130  ;   0.000  ;    ; IC   ; 2      ; FF_X259_Y69_N25                             ; Bypassed ALM Register      ; afu_top|pg_afu.port_gasket|pr_slot|afu_main|port_afu_instances|ofs_plat_afu|core|dma|csr_mgr_inst|dma_csr_map.descriptor.length[0]~.comb|ena                                                                 ;
;   3.242  ;   0.112  ; RF ; CELL ; 3      ; FF_X259_Y69_N25                             ; Bypassed ALM Register      ; afu_top|pg_afu.port_gasket|pr_slot|afu_main|port_afu_instances|ofs_plat_afu|core|dma|csr_mgr_inst|dma_csr_map.descriptor.length[0]~.comb|q                                                                   ;
;   3.242  ;   0.000  ; FF ; RE   ; 1      ; FF_X259_Y69_N25                             ; Bypassed ALM Register      ; FF                                                                                                                                                                                                           ;
;   3.246  ;   0.004  ; FF ; RE   ; 2      ; LAB_RE_X259_Y69_N0_I105                     ; LAB_RE                     ; LAB_RE                                                                                                                                                                                                       ;
;   3.289  ;   0.043  ; FF ; RE   ; 2      ; R0_X259_Y69_N0_I28                          ; R0 interconnect            ; H0                                                                                                                                                                                                           ;
;   3.333  ;   0.044  ; FF ; RE   ; 1      ; R0_X259_Y69_N0_I46                          ; R0 interconnect            ; H0                                                                                                                                                                                                           ;
;   3.373  ;   0.040  ; FF ; RE   ; 1      ; R1_X260_Y69_N0_I36                          ; R1 interconnect            ; H1                                                                                                                                                                                                           ;
;   3.399  ;   0.026  ; FR ; RE   ; 1      ; LOCAL_INTERCONNECT_X260_Y69_N0_I76          ; Block interconnect         ; LAB_LINE                                                                                                                                                                                                     ;
;   3.424  ;   0.025  ; RF ; RE   ; 1      ; BLOCK_INPUT_MUX_PASSTHROUGH_X260_Y69_N0_I7  ; Block Input Mux            ; LEIM                                                                                                                                                                                                         ;
;   3.424  ;   0.000  ; FF ; RE   ; 1      ; LAB_RE_X260_Y69_N0_I1                       ; LAB_RE                     ; leimd0[0]                                                                                                                                                                                                    ;
;   3.424  ;   0.000  ;    ; IC   ; 5      ; MLABCELL_X260_Y69_N0                        ; Combinational cell         ; afu_top|pg_afu.port_gasket|pr_slot|afu_main|port_afu_instances|ofs_plat_afu|core|dma|csr_mgr_inst|add_0~256|datad                                                                                            ;
;   3.565  ;   0.141  ; FF ; CELL ; 1      ; MLABCELL_X260_Y69_N3                        ; Combinational cell         ; afu_top|pg_afu.port_gasket|pr_slot|afu_main|port_afu_instances|ofs_plat_afu|core|dma|csr_mgr_inst|add_0~251|sumout                                                                                           ;
;   3.565  ;   0.000  ; FF ; RE   ; 1      ; MLABCELL_X260_Y69_N3                        ; Combinational cell         ; MP_MLAB_COMB                                                                                                                                                                                                 ;
;   3.571  ;   0.006  ; FF ; RE   ; 1      ; LAB_RE_X260_Y69_N0_I92                      ; LAB_RE                     ; LAB_RE                                                                                                                                                                                                       ;
;   3.614  ;   0.043  ; FF ; RE   ; 1      ; C1_X260_Y68_N0_I3                           ; C1 interconnect            ; V1                                                                                                                                                                                                           ;
;   3.649  ;   0.035  ; FF ; RE   ; 1      ; R1_X261_Y68_N0_I2                           ; R1 interconnect            ; H1                                                                                                                                                                                                           ;
;   3.671  ;   0.022  ; FR ; RE   ; 1      ; LOCAL_INTERCONNECT_X261_Y68_N0_I11          ; Block interconnect         ; LAB_LINE                                                                                                                                                                                                     ;
;   3.671  ;   0.000  ;    ; IC   ; 1      ; BLOCK_INPUT_MUX_PASSTHROUGH_X261_Y68_N0_I12 ; Hyper-Register             ; afu_top|pg_afu.port_gasket|pr_slot|afu_main|port_afu_instances|ofs_plat_afu|core|dma|csr_mgr_inst|add_0~251_BLOCK_INPUT_MUX_PASSTHROUGH_X261_Y68_N0_I12_dff|d                                                ;
;   3.671  ;   0.000  ; RR ; CELL ; 1      ; BLOCK_INPUT_MUX_PASSTHROUGH_X261_Y68_N0_I12 ; Hyper-Register             ; afu_top|pg_afu.port_gasket|pr_slot|afu_main|port_afu_instances|ofs_plat_afu|core|dma|csr_mgr_inst|add_0~251_BLOCK_INPUT_MUX_PASSTHROUGH_X261_Y68_N0_I12_dff                                                  ;
+----------+----------+----+------+--------+---------------------------------------------+----------------------------+--------------------------------------------------------------------------------------------------------------------------------------------------------------------------------------------------------------+

+------------------------------------------------------------------------------------------------------------------------------------------------------------------------------------------------------------------------------------------------------------------------------------------------------------------------------------+
; Data Required Path                                                                                                                                                                                                                                                                                                                 ;
+----------+----------+----+------+--------+---------------------------------------------+----------------------------+--------------------------------------------------------------------------------------------------------------------------------------------------------------------------------------------------------------+
; Total    ; Incr     ; RF ; Type ; Fanout ; Location                                    ; Element Type               ; Element                                                                                                                                                                                                      ;
+----------+----------+----+------+--------+---------------------------------------------+----------------------------+--------------------------------------------------------------------------------------------------------------------------------------------------------------------------------------------------------------+
; 0.000    ; 0.000    ;    ;      ;        ;                                             ;                            ; latch edge time                                                                                                                                                                                              ;
; 2.753    ; 2.753    ;    ;      ;        ;                                             ;                            ; clock path                                                                                                                                                                                                   ;
;   0.000  ;   0.000  ;    ;      ;        ;                                             ;                            ; source latency                                                                                                                                                                                               ;
;   0.000  ;   0.000  ;    ;      ; 1      ; PIN_HF23                                    ; I/O pad                    ; ddr4_mem_ref_clk[0].clk                                                                                                                                                                                      ;
;   0.000  ;   0.000  ;    ; IC   ; 1      ; IOIBUF_X280_Y0_N376                         ; I/O input buffer           ; ddr4_mem_ref_clk[0].clk~input|i                                                                                                                                                                              ;
;   0.129  ;   0.129  ; RR ; CELL ; 2      ; IOIBUF_X280_Y0_N376                         ; I/O input buffer           ; ddr4_mem_ref_clk[0].clk~input|o                                                                                                                                                                              ;
;   1.109  ;   0.980  ; RR ; CELL ; 1      ; REFCLKINPUT_X281_Y0_N301                    ; I/O reference clock tree   ; local_mem_wrapper|mem_ss_top|mem_ss_sv|mem_ss|mem_ss|emif_0|emif_0|arch|arch_inst|pll_inst|pll_inst~refclk|ref_clk_in                                                                                        ;
;   1.295  ;   0.186  ; RR ; CELL ; 3      ; REFCLKINPUT_X281_Y0_N301                    ; I/O reference clock tree   ; local_mem_wrapper|mem_ss_top|mem_ss_sv|mem_ss|mem_ss|emif_0|emif_0|arch|arch_inst|pll_inst|pll_inst~refclk|ref0_to_btm                                                                                       ;
;   1.775  ;   0.480  ; RR ; CELL ; 1      ; REFCLKINPUT_X281_Y0_N301                    ; I/O reference clock tree   ; local_mem_wrapper|mem_ss_top|mem_ss_sv|mem_ss|mem_ss|emif_0|emif_0|arch|arch_inst|pll_inst|pll_inst~refclk|clk_out                                                                                           ;
;   1.775  ;   0.000  ; RR ; CELL ; 1      ; IOPLL_X281_Y0_N303                          ; IOPLL                      ; local_mem_wrapper|mem_ss_top|mem_ss_sv|mem_ss|mem_ss|emif_0|emif_0|arch|arch_inst|pll_inst|pll_inst|pll_cascade_in                                                                                           ;
;   1.984  ;   0.209  ; RR ; CELL ; 2      ; IOPLL_X281_Y0_N303                          ; IOPLL                      ; local_mem_wrapper|mem_ss_top|mem_ss_sv|mem_ss|mem_ss|emif_0|emif_0|arch|arch_inst|pll_inst|pll_inst~fmio96fs_wr/x0/fmio96_core_inst/fmio48tile_top/x5/u4_3/x0/xiopll_custom/xclkin_sw/xpm_pll_so/clk[0]      ;
;   2.173  ;   0.189  ; RR ; CELL ; 2      ; IOPLL_X281_Y0_N303                          ; IOPLL                      ; local_mem_wrapper|mem_ss_top|mem_ss_sv|mem_ss|mem_ss|emif_0|emif_0|arch|arch_inst|pll_inst|pll_inst~fmio96fs_wr/x0/fmio96_core_inst/fmio48tile_top/x5/u4_3/x0/xiopll_custom/xiopll_core/xncnt_iopll/clk      ;
;   2.350  ;   0.177  ; RR ; CELL ; 3      ; IOPLL_X281_Y0_N303                          ; IOPLL                      ; local_mem_wrapper|mem_ss_top|mem_ss_sv|mem_ss|mem_ss|emif_0|emif_0|arch|arch_inst|pll_inst|pll_inst~pllnout                                                                                                  ;
;   2.491  ;   0.141  ; RF ; CELL ; 1      ; IOPLL_X281_Y0_N303                          ; IOPLL                      ; local_mem_wrapper|mem_ss_top|mem_ss_sv|mem_ss|mem_ss|emif_0|emif_0|arch|arch_inst|pll_inst|pll_inst~vco_refclk                                                                                               ;
;   2.498  ;   0.007  ; FR ; CELL ; 1      ; IOPLL_X281_Y0_N303                          ; IOPLL                      ; local_mem_wrapper|mem_ss_top|mem_ss_sv|mem_ss|mem_ss|emif_0|emif_0|arch|arch_inst|pll_inst|pll_inst~vctrl                                                                                                    ;
;   1.724  ;   -0.774 ; RR ; COMP ; 1      ; IOPLL_X281_Y0_N303                          ; IOPLL                      ; local_mem_wrapper|mem_ss_top|mem_ss_sv|mem_ss|mem_ss|emif_0|emif_0|arch|arch_inst|pll_inst|pll_inst~vcoph[0]                                                                                                 ;
;   1.724  ;   0.000  ; RR ; CELL ; 10     ; IOPLL_X281_Y0_N303                          ; IOPLL                      ; local_mem_wrapper|mem_ss_top|mem_ss_sv|mem_ss|mem_ss|emif_0|emif_0|arch|arch_inst|pll_inst|pll_inst|vcoph[0]                                                                                                 ;
;   1.724  ;   0.000  ; RR ; CELL ; 3      ; TILECTRL_X281_Y0_N298                       ; I/O tile control logic     ; local_mem_wrapper|mem_ss_top|mem_ss_sv|mem_ss|mem_ss|emif_0|emif_0|arch|arch_inst|io_tiles_wrap_inst|io_tiles_inst|tile_gen[1].tile_ctrl_inst|pll_vco_in[0]                                                  ;
;   -0.781 ;   -2.505 ; RR ; COMP ; 1      ; TILECTRL_X281_Y0_N298                       ; I/O tile control logic     ; local_mem_wrapper|mem_ss_top|mem_ss_sv|mem_ss|mem_ss|emif_0|emif_0|arch|arch_inst|io_tiles_wrap_inst|io_tiles_inst|tile_gen[1].tile_ctrl_inst|pa_core_clk_out[0]                                             ;
;   -0.126 ;   0.655  ; RR ; CELL ; 16258  ; TILECTRL_X281_Y0_N298                       ; I/O tile control logic     ; local_mem_wrapper|mem_ss_top|mem_ss_sv|mem_ss|mem_ss|emif_0|emif_0|arch|arch_inst|io_tiles_wrap_inst|io_tiles_inst|tile_gen[1].tile_ctrl_inst~fmio96fs_wr/m32_0_29__iophasealignment_to_dcm__core_clk_out[1] ;
;   -0.126 ;   0.000  ;    ; IC   ; 1      ; Boundary Port                               ; N/A                        ; afu_top|pg_afu.port_gasket|pr_slot|afu_main|ext_mem_if[0].clk|input                                                                                                                                          ;
;   -0.126 ;   0.000  ; RR ; CELL ; 105325 ; Boundary Port                               ; N/A                        ; afu_top|pg_afu.port_gasket|pr_slot|afu_main|ext_mem_if[0].clk                                                                                                                                                ;
;   -0.126 ;   0.000  ; RR ; RE   ; 1      ; TILECTRL_X281_Y0_N298                       ; I/O tile control logic     ; TILE_CTRL                                                                                                                                                                                                    ;
;   -0.054 ;   0.072  ; RR ; RE   ; 1      ; IO96FSWRRE_X280_Y0_N0_I3537                 ; IO96FS_WR_RE               ; IO96FS_WR_RE                                                                                                                                                                                                 ;
;   0.040  ;   0.094  ; RR ; RE   ; 1      ; DCM_mux_X307_Y2_N0_I29                      ; DCM_mux                    ; CC_DCM_GMUX_RE                                                                                                                                                                                               ;
;   0.118  ;   0.078  ; RR ; RE   ; 1      ; IO_P2C_RE_X280_Y2_N150_I75                  ; IO_P2C_RE                  ; IO_P2C_RE                                                                                                                                                                                                    ;
;   0.138  ;   0.020  ; RR ; RE   ; 1      ; IO_P2C_RE_X280_Y2_N150_I26                  ; IO_P2C_RE                  ; IO_P2C_RE                                                                                                                                                                                                    ;
;   0.189  ;   0.051  ; RR ; RE   ; 1      ; Switchbox_clock_mux_X280_Y2_N0_I197         ; Switchbox_clock_mux        ; CLOCK_SEGMENT_MUX                                                                                                                                                                                            ;
;   0.289  ;   0.100  ; RR ; RE   ; 1      ; Switchbox_clock_mux_X280_Y2_N0_I105         ; Switchbox_clock_mux        ; CLOCK_SEGMENT_MUX                                                                                                                                                                                            ;
;   0.323  ;   0.034  ; RF ; RE   ; 1      ; Vertical_seam_tap_mux_X280_Y23_N0_I165      ; Vertical_seam_tap_mux      ; CLOCK_SEGMENT_TAP_MUX                                                                                                                                                                                        ;
;   0.382  ;   0.059  ; FR ; RE   ; 1      ; Vertical_seam_tap_mux_X280_Y23_N0_I53       ; Vertical_seam_tap_mux      ; CLOCK_SEGMENT_TAP_MUX                                                                                                                                                                                        ;
;   0.430  ;   0.048  ; RR ; RE   ; 1      ; Switchbox_clock_mux_X280_Y43_N0_I197        ; Switchbox_clock_mux        ; CLOCK_SEGMENT_MUX                                                                                                                                                                                            ;
;   0.530  ;   0.100  ; RR ; RE   ; 1      ; Switchbox_clock_mux_X280_Y43_N0_I105        ; Switchbox_clock_mux        ; CLOCK_SEGMENT_MUX                                                                                                                                                                                            ;
;   0.564  ;   0.034  ; RF ; RE   ; 1      ; Vertical_seam_tap_mux_X280_Y64_N0_I165      ; Vertical_seam_tap_mux      ; CLOCK_SEGMENT_TAP_MUX                                                                                                                                                                                        ;
;   0.623  ;   0.059  ; FR ; RE   ; 1      ; Vertical_seam_tap_mux_X280_Y64_N0_I53       ; Vertical_seam_tap_mux      ; CLOCK_SEGMENT_TAP_MUX                                                                                                                                                                                        ;
;   0.671  ;   0.048  ; RR ; RE   ; 1      ; Switchbox_clock_mux_X280_Y84_N0_I197        ; Switchbox_clock_mux        ; CLOCK_SEGMENT_MUX                                                                                                                                                                                            ;
;   0.763  ;   0.092  ; RR ; RE   ; 1      ; Switchbox_clock_mux_X280_Y84_N0_I105        ; Switchbox_clock_mux        ; CLOCK_SEGMENT_MUX                                                                                                                                                                                            ;
;   0.798  ;   0.035  ; RF ; RE   ; 1      ; Vertical_seam_tap_mux_X280_Y105_N0_I165     ; Vertical_seam_tap_mux      ; CLOCK_SEGMENT_TAP_MUX                                                                                                                                                                                        ;
;   0.857  ;   0.059  ; FR ; RE   ; 1      ; Vertical_seam_tap_mux_X280_Y105_N0_I53      ; Vertical_seam_tap_mux      ; CLOCK_SEGMENT_TAP_MUX                                                                                                                                                                                        ;
;   0.905  ;   0.048  ; RR ; RE   ; 1      ; Switchbox_clock_mux_X280_Y125_N0_I197       ; Switchbox_clock_mux        ; CLOCK_SEGMENT_MUX                                                                                                                                                                                            ;
;   0.997  ;   0.092  ; RR ; RE   ; 1      ; Switchbox_clock_mux_X280_Y125_N0_I105       ; Switchbox_clock_mux        ; CLOCK_SEGMENT_MUX                                                                                                                                                                                            ;
;   1.031  ;   0.034  ; RF ; RE   ; 1      ; Vertical_seam_tap_mux_X280_Y146_N0_I165     ; Vertical_seam_tap_mux      ; CLOCK_SEGMENT_TAP_MUX                                                                                                                                                                                        ;
;   1.090  ;   0.059  ; FR ; RE   ; 1      ; Vertical_seam_tap_mux_X280_Y146_N0_I53      ; Vertical_seam_tap_mux      ; CLOCK_SEGMENT_TAP_MUX                                                                                                                                                                                        ;
;   1.139  ;   0.049  ; RR ; RE   ; 1      ; Switchbox_clock_mux_X280_Y166_N0_I197       ; Switchbox_clock_mux        ; CLOCK_SEGMENT_MUX                                                                                                                                                                                            ;
;   1.350  ;   0.211  ; RR ; RE   ; 1      ; Switchbox_clock_mux_X280_Y166_N0_I106       ; Switchbox_clock_mux        ; CLOCK_SEGMENT_MUX                                                                                                                                                                                            ;
;   1.400  ;   0.050  ; RR ; RE   ; 1      ; Switchbox_clock_mux_X226_Y166_N0_I229       ; Switchbox_clock_mux        ; CLOCK_SEGMENT_MUX                                                                                                                                                                                            ;
;   1.449  ;   0.049  ; RR ; RE   ; 2      ; Switchbox_clock_mux_X226_Y166_N0_I153       ; Switchbox_clock_mux        ; CLOCK_SEGMENT_MUX                                                                                                                                                                                            ;
;   1.543  ;   0.094  ; RR ; RE   ; 1      ; Switchbox_clock_mux_X226_Y166_N0_I103       ; Switchbox_clock_mux        ; CLOCK_SEGMENT_MUX                                                                                                                                                                                            ;
;   1.577  ;   0.034  ; RF ; RE   ; 1      ; Vertical_seam_tap_mux_X226_Y146_N0_I134     ; Vertical_seam_tap_mux      ; CLOCK_SEGMENT_TAP_MUX                                                                                                                                                                                        ;
;   1.636  ;   0.059  ; FR ; RE   ; 1      ; Vertical_seam_tap_mux_X226_Y146_N0_I50      ; Vertical_seam_tap_mux      ; CLOCK_SEGMENT_TAP_MUX                                                                                                                                                                                        ;
;   1.687  ;   0.051  ; RR ; RE   ; 1      ; Switchbox_clock_mux_X226_Y125_N0_I166       ; Switchbox_clock_mux        ; CLOCK_SEGMENT_MUX                                                                                                                                                                                            ;
;   1.781  ;   0.094  ; RR ; RE   ; 1      ; Switchbox_clock_mux_X226_Y125_N0_I103       ; Switchbox_clock_mux        ; CLOCK_SEGMENT_MUX                                                                                                                                                                                            ;
;   1.815  ;   0.034  ; RF ; RE   ; 1      ; Vertical_seam_tap_mux_X226_Y105_N0_I134     ; Vertical_seam_tap_mux      ; CLOCK_SEGMENT_TAP_MUX                                                                                                                                                                                        ;
;   1.875  ;   0.060  ; FR ; RE   ; 1      ; Vertical_seam_tap_mux_X226_Y105_N0_I50      ; Vertical_seam_tap_mux      ; CLOCK_SEGMENT_TAP_MUX                                                                                                                                                                                        ;
;   1.926  ;   0.051  ; RR ; RE   ; 2      ; Switchbox_clock_mux_X226_Y84_N0_I166        ; Switchbox_clock_mux        ; CLOCK_SEGMENT_MUX                                                                                                                                                                                            ;
;   2.147  ;   0.221  ; RR ; RE   ; 1      ; Switchbox_clock_mux_X226_Y84_N0_I102        ; Switchbox_clock_mux        ; CLOCK_SEGMENT_MUX                                                                                                                                                                                            ;
;   2.198  ;   0.051  ; RR ; RE   ; 1      ; Switchbox_clock_mux_X280_Y84_N0_I230        ; Switchbox_clock_mux        ; CLOCK_SEGMENT_MUX                                                                                                                                                                                            ;
;   2.407  ;   0.209  ; RR ; RE   ; 1      ; Switchbox_clock_mux_X280_Y84_N0_I100        ; Switchbox_clock_mux        ; CLOCK_SEGMENT_MUX                                                                                                                                                                                            ;
;   2.458  ;   0.051  ; RR ; RE   ; 2      ; Switchbox_clock_mux_X334_Y84_N0_I230        ; Switchbox_clock_mux        ; CLOCK_SEGMENT_MUX                                                                                                                                                                                            ;
;   2.552  ;   0.094  ; RR ; RE   ; 1      ; Switchbox_clock_mux_X334_Y84_N0_I103        ; Switchbox_clock_mux        ; CLOCK_SEGMENT_MUX                                                                                                                                                                                            ;
;   2.586  ;   0.034  ; RF ; RE   ; 1      ; Vertical_seam_tap_mux_X334_Y64_N0_I134      ; Vertical_seam_tap_mux      ; CLOCK_SEGMENT_TAP_MUX                                                                                                                                                                                        ;
;   2.645  ;   0.059  ; FR ; RE   ; 1      ; Vertical_seam_tap_mux_X334_Y64_N0_I50       ; Vertical_seam_tap_mux      ; CLOCK_SEGMENT_TAP_MUX                                                                                                                                                                                        ;
;   2.695  ;   0.050  ; RR ; RE   ; 2      ; Switchbox_clock_mux_X334_Y43_N0_I166        ; Switchbox_clock_mux        ; CLOCK_SEGMENT_MUX                                                                                                                                                                                            ;
;   2.915  ;   0.220  ; RR ; RE   ; 1      ; Switchbox_clock_mux_X334_Y43_N0_I102        ; Switchbox_clock_mux        ; CLOCK_SEGMENT_MUX                                                                                                                                                                                            ;
;   2.967  ;   0.052  ; RR ; RE   ; 2      ; Switchbox_clock_mux_X280_Y43_N0_I262        ; Switchbox_clock_mux        ; CLOCK_SEGMENT_MUX                                                                                                                                                                                            ;
;   3.066  ;   0.099  ; RR ; RE   ; 1      ; Switchbox_clock_mux_X280_Y43_N0_I101        ; Switchbox_clock_mux        ; CLOCK_SEGMENT_MUX                                                                                                                                                                                            ;
;   3.114  ;   0.048  ; RR ; RE   ; 2      ; Vertical_seam_tap_mux_X280_Y64_N0_I166      ; Vertical_seam_tap_mux      ; CLOCK_SEGMENT_TAP_MUX                                                                                                                                                                                        ;
;   3.211  ;   0.097  ; RR ; RE   ; 1      ; Vertical_seam_tap_mux_X280_Y64_N0_I115      ; Vertical_seam_tap_mux      ; CLOCK_SEGMENT_TAP_MUX                                                                                                                                                                                        ;
;   3.345  ;   0.134  ; RR ; RE   ; 1      ; SPINE_TAP_RE_X253_Y64_N103_I89              ; SPINE_TAP_RE               ; SPINE_TAP_RE                                                                                                                                                                                                 ;
;   3.359  ;   0.014  ; RR ; RE   ; 41     ; SPINE_TAP_RE_X253_Y64_N103_I25              ; SPINE_TAP_RE               ; SPINE_TAP_RE                                                                                                                                                                                                 ;
;   3.646  ;   0.287  ; RR ; RE   ; 2      ; SCLKMUX_RE_X253_Y68_N188_I25                ; SCLKMUX_RE                 ; SCLKMUX_RE                                                                                                                                                                                                   ;
;   3.668  ;   0.022  ; RR ; RE   ; 21     ; SCLKMUX_RE_X253_Y68_N188_I40                ; SCLKMUX_RE                 ; SCLKMUX_RE                                                                                                                                                                                                   ;
;   3.708  ;   0.040  ; RR ; RE   ; 1      ; ROWCLK_TAPOFF_X261_Y68_N0_I3                ; Row Clock Tap-Off          ; ROWCLK_TAPOFF                                                                                                                                                                                                ;
;   3.752  ;   0.044  ; RR ; RE   ; 1      ; GLOBAL_LOCAL_SEL_X261_Y68_N0_I2             ; GLOBAL_LOCAL_SEL           ; GLOBAL_LOCAL_SEL                                                                                                                                                                                             ;
;   3.778  ;   0.026  ; RR ; RE   ; 1      ; RPII_X261_Y68_N0_I2                         ; Programmable Invert Input  ; RPII                                                                                                                                                                                                         ;
;   3.778  ;   0.000  ; RR ; RE   ; 1      ; RPI_X261_Y68_N0_I2                          ; Programmable Invert        ; RPI                                                                                                                                                                                                          ;
;   3.778  ;   0.000  ; RR ; RE   ; 15     ; LAB_RE_X261_Y68_N0_I83                      ; LAB_RE                     ; clka                                                                                                                                                                                                         ;
;   3.778  ;   0.000  ; RR ; RE   ; 1      ; LAB_RE_X261_Y68_N0_I150                     ; LAB_RE                     ; LAB_RE                                                                                                                                                                                                       ;
;   3.778  ;   0.000  ; RR ; RE   ; 43     ; LEIMCLKALE_X261_Y68_N0_I0                   ; LEIMCLKALE                 ; LEIMCLKALE                                                                                                                                                                                                   ;
;   3.778  ;   0.000  ; RR ; RE   ; 1      ; HYPERFLEX_CLK_M_MUX_X261_Y68_N0_I13         ; Hyperflex clocking network ; HIPI_M_MUX                                                                                                                                                                                                   ;
;   3.778  ;   0.000  ;    ; IC   ; 1      ; BLOCK_INPUT_MUX_PASSTHROUGH_X261_Y68_N0_I12 ; Hyper-Register             ; afu_top|pg_afu.port_gasket|pr_slot|afu_main|port_afu_instances|ofs_plat_afu|core|dma|csr_mgr_inst|add_0~251_BLOCK_INPUT_MUX_PASSTHROUGH_X261_Y68_N0_I12_dff|clk                                              ;
;   3.778  ;   0.000  ; RR ; CELL ; 1      ; BLOCK_INPUT_MUX_PASSTHROUGH_X261_Y68_N0_I12 ; Hyper-Register             ; afu_top|pg_afu.port_gasket|pr_slot|afu_main|port_afu_instances|ofs_plat_afu|core|dma|csr_mgr_inst|add_0~251_BLOCK_INPUT_MUX_PASSTHROUGH_X261_Y68_N0_I12_dff                                                  ;
;   2.761  ;   -1.017 ;    ;      ;        ;                                             ;                            ; clock pessimism removed                                                                                                                                                                                      ;
;   2.753  ;   -0.008 ;    ;      ;        ;                                             ;                            ; advanced clock effects                                                                                                                                                                                       ;
; 2.753    ; 0.000    ;    ;      ;        ;                                             ;                            ; clock uncertainty                                                                                                                                                                                            ;
; 2.927    ; 0.174    ;    ; uTh  ; 1      ; BLOCK_INPUT_MUX_PASSTHROUGH_X261_Y68_N0_I12 ; Hyper-Register             ; afu_top|pg_afu.port_gasket|pr_slot|afu_main|port_afu_instances|ofs_plat_afu|core|dma|csr_mgr_inst|add_0~251_BLOCK_INPUT_MUX_PASSTHROUGH_X261_Y68_N0_I12_dff                                                  ;
+----------+----------+----+------+--------+---------------------------------------------+----------------------------+--------------------------------------------------------------------------------------------------------------------------------------------------------------------------------------------------------------+


