----------------
; Command Info ;
----------------
Report Timing: Found 4 setup paths (0 violated).  Worst case slack is 1.857 

Tcl Command:
    report_timing -setup -show_routing -file /home/uwb_student00/ahls/new_BSP/work_ahls_persona_work21_csr02/csr-paths06/csr-path-reports/3_length0_d_setup.rpt -through [remove_from_collection [get_pins {}] [remove_from_collection [get_pins {}] [get_pins -compatibility_mode -no_duplicates {afu_top|pg_afu.port_gasket|pr_slot|afu_main|port_afu_instances|ofs_plat_afu|core|dma|csr_mgr_inst|*|d}]]] -nworst 1 -npaths 4 -detail full_path

Options:
    -through [remove_from_collection [get_pins {}] [remove_from_collection [get_pins {}] [get_pins -compatibility_mode -no_duplicates {afu_top|pg_afu.port_gasket|pr_slot|afu_main|port_afu_instances|ofs_plat_afu|core|dma|csr_mgr_inst|*|d}]]] 
    -setup 
    -nworst 1 
    -npaths 4 
    -show_routing 
    -detail full_path 
    -file {/home/uwb_student00/ahls/new_BSP/work_ahls_persona_work21_csr02/csr-paths06/csr-path-reports/3_length0_d_setup.rpt} 

Snapshot:
    final

Delay Model:
    Fast vid2a 0C Model

+---------------------------------------------------------------------------------------------------------------------------------------------------------------------------------------------------------------------------------------------------------------------------------------------------------------------------------------------------------------------------------------------------------------------------------------------------------------------------------------------------------------------------------------------------------------------+
; Summary of Paths                                                                                                                                                                                                                                                                                                                                                                                                                                                                                                                                                    ;
+-------+----------------------------------------------------------------------------------------------------------------------------------------------------------------------------------+-------------------------------------------------------------------------------------------------------------------------------------------------------------+---------------------------------------------------------------------------------+---------------------------------------------------------------------------------+--------------+------------+------------+
; Slack ; From Node                                                                                                                                                                        ; To Node                                                                                                                                                     ; Launch Clock                                                                    ; Latch Clock                                                                     ; Relationship ; Clock Skew ; Data Delay ;
+-------+----------------------------------------------------------------------------------------------------------------------------------------------------------------------------------+-------------------------------------------------------------------------------------------------------------------------------------------------------------+---------------------------------------------------------------------------------+---------------------------------------------------------------------------------+--------------+------------+------------+
; 1.857 ; afu_top|pg_afu.port_gasket|pr_slot|afu_main|port_afu_instances|ofs_plat_afu|core|dma|csr_mgr_inst|mmio64_reg.w.data[0]~DUPLICATE_BLOCK_INPUT_MUX_PASSTHROUGH_X259_Y69_N0_I36_dff ; afu_top|pg_afu.port_gasket|pr_slot|afu_main|port_afu_instances|ofs_plat_afu|core|dma|csr_mgr_inst|add_2~71_BLOCK_INPUT_MUX_PASSTHROUGH_X255_Y67_N0_I40_dff  ; local_mem_wrapper|mem_ss_top|mem_ss_sv|mem_ss|mem_ss|emif_0|emif_0_core_usr_clk ; local_mem_wrapper|mem_ss_top|mem_ss_sv|mem_ss|mem_ss|emif_0|emif_0_core_usr_clk ; 3.000        ; -0.064     ; 1.134      ;
; 1.961 ; afu_top|pg_afu.port_gasket|pr_slot|afu_main|port_afu_instances|ofs_plat_afu|core|dma|csr_mgr_inst|mmio64_reg.w.data[0]~DUPLICATE_BLOCK_INPUT_MUX_PASSTHROUGH_X259_Y69_N0_I36_dff ; afu_top|pg_afu.port_gasket|pr_slot|afu_main|port_afu_instances|ofs_plat_afu|core|dma|csr_mgr_inst|add_0~31_BLOCK_INPUT_MUX_PASSTHROUGH_X261_Y67_N0_I8_dff   ; local_mem_wrapper|mem_ss_top|mem_ss_sv|mem_ss|mem_ss|emif_0|emif_0_core_usr_clk ; local_mem_wrapper|mem_ss_top|mem_ss_sv|mem_ss|mem_ss|emif_0|emif_0_core_usr_clk ; 3.000        ; -0.054     ; 1.050      ;
; 1.982 ; afu_top|pg_afu.port_gasket|pr_slot|afu_main|port_afu_instances|ofs_plat_afu|core|dma|csr_mgr_inst|mmio64_reg.w.data[0]~DUPLICATE_BLOCK_INPUT_MUX_PASSTHROUGH_X259_Y69_N0_I36_dff ; afu_top|pg_afu.port_gasket|pr_slot|afu_main|port_afu_instances|ofs_plat_afu|core|dma|csr_mgr_inst|add_0~11_BLOCK_INPUT_MUX_PASSTHROUGH_X261_Y67_N0_I53_dff  ; local_mem_wrapper|mem_ss_top|mem_ss_sv|mem_ss|mem_ss|emif_0|emif_0_core_usr_clk ; local_mem_wrapper|mem_ss_top|mem_ss_sv|mem_ss|mem_ss|emif_0|emif_0_core_usr_clk ; 3.000        ; -0.054     ; 1.029      ;
; 1.983 ; afu_top|pg_afu.port_gasket|pr_slot|afu_main|port_afu_instances|ofs_plat_afu|core|dma|csr_mgr_inst|mmio64_reg.w.data[0]~DUPLICATE_BLOCK_INPUT_MUX_PASSTHROUGH_X259_Y69_N0_I36_dff ; afu_top|pg_afu.port_gasket|pr_slot|afu_main|port_afu_instances|ofs_plat_afu|core|dma|csr_mgr_inst|add_0~106_BLOCK_INPUT_MUX_PASSTHROUGH_X261_Y68_N0_I71_dff ; local_mem_wrapper|mem_ss_top|mem_ss_sv|mem_ss|mem_ss|emif_0|emif_0_core_usr_clk ; local_mem_wrapper|mem_ss_top|mem_ss_sv|mem_ss|mem_ss|emif_0|emif_0_core_usr_clk ; 3.000        ; -0.052     ; 1.029      ;
+-------+----------------------------------------------------------------------------------------------------------------------------------------------------------------------------------+-------------------------------------------------------------------------------------------------------------------------------------------------------------+---------------------------------------------------------------------------------+---------------------------------------------------------------------------------+--------------+------------+------------+

Path #1: Setup slack is 1.857 
===============================================================================
+--------------------------------------------------------------------------------------------------------------------------------------------------------------------------------------------------------------------+
; Path Summary                                                                                                                                                                                                       ;
+---------------------------------+----------------------------------------------------------------------------------------------------------------------------------------------------------------------------------+
; Property                        ; Value                                                                                                                                                                            ;
+---------------------------------+----------------------------------------------------------------------------------------------------------------------------------------------------------------------------------+
; From Node                       ; afu_top|pg_afu.port_gasket|pr_slot|afu_main|port_afu_instances|ofs_plat_afu|core|dma|csr_mgr_inst|mmio64_reg.w.data[0]~DUPLICATE_BLOCK_INPUT_MUX_PASSTHROUGH_X259_Y69_N0_I36_dff ;
; To Node                         ; afu_top|pg_afu.port_gasket|pr_slot|afu_main|port_afu_instances|ofs_plat_afu|core|dma|csr_mgr_inst|add_2~71_BLOCK_INPUT_MUX_PASSTHROUGH_X255_Y67_N0_I40_dff                       ;
; Launch Clock                    ; local_mem_wrapper|mem_ss_top|mem_ss_sv|mem_ss|mem_ss|emif_0|emif_0_core_usr_clk                                                                                                  ;
; Latch Clock                     ; local_mem_wrapper|mem_ss_top|mem_ss_sv|mem_ss|mem_ss|emif_0|emif_0_core_usr_clk                                                                                                  ;
; SDC Exception                   ; No SDC Exception on Path                                                                                                                                                         ;
; Data Arrival Time               ; 3.834                                                                                                                                                                            ;
; Data Required Time              ; 5.691                                                                                                                                                                            ;
; Slack                           ; 1.857                                                                                                                                                                            ;
; Worst-Case Operating Conditions ; Fast vid2a 0C Model                                                                                                                                                              ;
+---------------------------------+----------------------------------------------------------------------------------------------------------------------------------------------------------------------------------+

+--------------------------------------------------------------------------------------+
; Statistics                                                                           ;
+------------------------+--------+-------+-------------+------------+--------+--------+
; Property               ; Value  ; Count ; Total Delay ; % of Total ; Min    ; Max    ;
+------------------------+--------+-------+-------------+------------+--------+--------+
; Setup Relationship     ; 3.000  ;       ;             ;            ;        ;        ;
; Clock Skew             ; -0.064 ;       ;             ;            ;        ;        ;
; Data Delay             ; 1.134  ;       ;             ;            ;        ;        ;
; Number of Logic Levels ;        ; 1     ;             ;            ;        ;        ;
; Physical Delays        ;        ;       ;             ;            ;        ;        ;
;  Arrival Path          ;        ;       ;             ;            ;        ;        ;
;   Clock                ;        ;       ;             ;            ;        ;        ;
;    IC                  ;        ; 3     ; 0.000       ; 0          ; 0.000  ; 0.000  ;
;    Cell                ;        ; 15    ; 2.278       ; 47         ; 0.000  ; 0.749  ;
;    PLL Compensation    ;        ; 2     ; -2.179      ; 0          ; -1.661 ; -0.518 ;
;    Routing Element     ;        ; 58    ; 2.601       ; 53         ; 0.000  ; 0.192  ;
;   Data                 ;        ;       ;             ;            ;        ;        ;
;    IC                  ;        ; 5     ; 0.000       ; 0          ; 0.000  ; 0.000  ;
;    Cell                ;        ; 11    ; 0.462       ; 41         ; 0.000  ; 0.210  ;
;    uTco                ;        ; 1     ; 0.169       ; 15         ; 0.169  ; 0.169  ;
;    Routing Element     ;        ; 25    ; 0.503       ; 44         ; 0.000  ; 0.061  ;
;  Required Path         ;        ;       ;             ;            ;        ;        ;
;   Clock                ;        ;       ;             ;            ;        ;        ;
;    IC                  ;        ; 3     ; 0.000       ; 0          ; 0.000  ; 0.000  ;
;    Cell                ;        ; 15    ; 2.011       ; 46         ; 0.000  ; 0.664  ;
;    PLL Compensation    ;        ; 2     ; -2.385      ; 0          ; -1.793 ; -0.592 ;
;    Routing Element     ;        ; 58    ; 2.329       ; 54         ; 0.000  ; 0.167  ;
+------------------------+--------+-------+-------------+------------+--------+--------+
Note: Negative delays are omitted from totals when calculating percentages

+------------------------------------------------------------------------------------------------------------------------------------------------------------------------------------------------------------------------------------------------------------------------------------------------------------------------------------+
; Data Arrival Path                                                                                                                                                                                                                                                                                                                  ;
+----------+----------+----+------+--------+---------------------------------------------+----------------------------+--------------------------------------------------------------------------------------------------------------------------------------------------------------------------------------------------------------+
; Total    ; Incr     ; RF ; Type ; Fanout ; Location                                    ; Element Type               ; Element                                                                                                                                                                                                      ;
+----------+----------+----+------+--------+---------------------------------------------+----------------------------+--------------------------------------------------------------------------------------------------------------------------------------------------------------------------------------------------------------+
; 0.000    ; 0.000    ;    ;      ;        ;                                             ;                            ; launch edge time                                                                                                                                                                                             ;
; 2.700    ; 2.700    ;    ;      ;        ;                                             ;                            ; clock path                                                                                                                                                                                                   ;
;   0.000  ;   0.000  ;    ;      ;        ;                                             ;                            ; source latency                                                                                                                                                                                               ;
;   0.000  ;   0.000  ;    ;      ; 1      ; PIN_HF23                                    ; I/O pad                    ; ddr4_mem_ref_clk[0].clk                                                                                                                                                                                      ;
;   0.000  ;   0.000  ;    ; IC   ; 1      ; IOIBUF_X280_Y0_N376                         ; I/O input buffer           ; ddr4_mem_ref_clk[0].clk~input|i                                                                                                                                                                              ;
;   0.129  ;   0.129  ; RR ; CELL ; 2      ; IOIBUF_X280_Y0_N376                         ; I/O input buffer           ; ddr4_mem_ref_clk[0].clk~input|o                                                                                                                                                                              ;
;   0.878  ;   0.749  ; RR ; CELL ; 1      ; REFCLKINPUT_X281_Y0_N301                    ; I/O reference clock tree   ; local_mem_wrapper|mem_ss_top|mem_ss_sv|mem_ss|mem_ss|emif_0|emif_0|arch|arch_inst|pll_inst|pll_inst~refclk|ref_clk_in                                                                                        ;
;   1.000  ;   0.122  ; RR ; CELL ; 3      ; REFCLKINPUT_X281_Y0_N301                    ; I/O reference clock tree   ; local_mem_wrapper|mem_ss_top|mem_ss_sv|mem_ss|mem_ss|emif_0|emif_0|arch|arch_inst|pll_inst|pll_inst~refclk|ref0_to_btm                                                                                       ;
;   1.337  ;   0.337  ; RR ; CELL ; 1      ; REFCLKINPUT_X281_Y0_N301                    ; I/O reference clock tree   ; local_mem_wrapper|mem_ss_top|mem_ss_sv|mem_ss|mem_ss|emif_0|emif_0|arch|arch_inst|pll_inst|pll_inst~refclk|clk_out                                                                                           ;
;   1.337  ;   0.000  ; RR ; CELL ; 1      ; IOPLL_X281_Y0_N303                          ; IOPLL                      ; local_mem_wrapper|mem_ss_top|mem_ss_sv|mem_ss|mem_ss|emif_0|emif_0|arch|arch_inst|pll_inst|pll_inst|pll_cascade_in                                                                                           ;
;   1.474  ;   0.137  ; RR ; CELL ; 2      ; IOPLL_X281_Y0_N303                          ; IOPLL                      ; local_mem_wrapper|mem_ss_top|mem_ss_sv|mem_ss|mem_ss|emif_0|emif_0|arch|arch_inst|pll_inst|pll_inst~fmio96fs_wr/x0/fmio96_core_inst/fmio48tile_top/x5/u4_3/x0/xiopll_custom/xclkin_sw/xpm_pll_so/clk[0]      ;
;   1.600  ;   0.126  ; RR ; CELL ; 2      ; IOPLL_X281_Y0_N303                          ; IOPLL                      ; local_mem_wrapper|mem_ss_top|mem_ss_sv|mem_ss|mem_ss|emif_0|emif_0|arch|arch_inst|pll_inst|pll_inst~fmio96fs_wr/x0/fmio96_core_inst/fmio48tile_top/x5/u4_3/x0/xiopll_custom/xiopll_core/xncnt_iopll/clk      ;
;   1.718  ;   0.118  ; RR ; CELL ; 3      ; IOPLL_X281_Y0_N303                          ; IOPLL                      ; local_mem_wrapper|mem_ss_top|mem_ss_sv|mem_ss|mem_ss|emif_0|emif_0|arch|arch_inst|pll_inst|pll_inst~pllnout                                                                                                  ;
;   1.815  ;   0.097  ; RF ; CELL ; 1      ; IOPLL_X281_Y0_N303                          ; IOPLL                      ; local_mem_wrapper|mem_ss_top|mem_ss_sv|mem_ss|mem_ss|emif_0|emif_0|arch|arch_inst|pll_inst|pll_inst~vco_refclk                                                                                               ;
;   1.822  ;   0.007  ; FR ; CELL ; 1      ; IOPLL_X281_Y0_N303                          ; IOPLL                      ; local_mem_wrapper|mem_ss_top|mem_ss_sv|mem_ss|mem_ss|emif_0|emif_0|arch|arch_inst|pll_inst|pll_inst~vctrl                                                                                                    ;
;   1.304  ;   -0.518 ; RR ; COMP ; 1      ; IOPLL_X281_Y0_N303                          ; IOPLL                      ; local_mem_wrapper|mem_ss_top|mem_ss_sv|mem_ss|mem_ss|emif_0|emif_0|arch|arch_inst|pll_inst|pll_inst~vcoph[0]                                                                                                 ;
;   1.304  ;   0.000  ; RR ; CELL ; 10     ; IOPLL_X281_Y0_N303                          ; IOPLL                      ; local_mem_wrapper|mem_ss_top|mem_ss_sv|mem_ss|mem_ss|emif_0|emif_0|arch|arch_inst|pll_inst|pll_inst|vcoph[0]                                                                                                 ;
;   1.304  ;   0.000  ; RR ; CELL ; 3      ; TILECTRL_X281_Y0_N298                       ; I/O tile control logic     ; local_mem_wrapper|mem_ss_top|mem_ss_sv|mem_ss|mem_ss|emif_0|emif_0|arch|arch_inst|io_tiles_wrap_inst|io_tiles_inst|tile_gen[1].tile_ctrl_inst|pll_vco_in[0]                                                  ;
;   -0.357 ;   -1.661 ; RR ; COMP ; 1      ; TILECTRL_X281_Y0_N298                       ; I/O tile control logic     ; local_mem_wrapper|mem_ss_top|mem_ss_sv|mem_ss|mem_ss|emif_0|emif_0|arch|arch_inst|io_tiles_wrap_inst|io_tiles_inst|tile_gen[1].tile_ctrl_inst|pa_core_clk_out[0]                                             ;
;   0.099  ;   0.456  ; RR ; CELL ; 16258  ; TILECTRL_X281_Y0_N298                       ; I/O tile control logic     ; local_mem_wrapper|mem_ss_top|mem_ss_sv|mem_ss|mem_ss|emif_0|emif_0|arch|arch_inst|io_tiles_wrap_inst|io_tiles_inst|tile_gen[1].tile_ctrl_inst~fmio96fs_wr/m32_0_29__iophasealignment_to_dcm__core_clk_out[1] ;
;   0.099  ;   0.000  ;    ; IC   ; 1      ; Boundary Port                               ; N/A                        ; afu_top|pg_afu.port_gasket|pr_slot|afu_main|ext_mem_if[0].clk|input                                                                                                                                          ;
;   0.099  ;   0.000  ; RR ; CELL ; 105325 ; Boundary Port                               ; N/A                        ; afu_top|pg_afu.port_gasket|pr_slot|afu_main|ext_mem_if[0].clk                                                                                                                                                ;
;   0.099  ;   0.000  ; RR ; RE   ; 1      ; TILECTRL_X281_Y0_N298                       ; I/O tile control logic     ; TILE_CTRL                                                                                                                                                                                                    ;
;   0.147  ;   0.048  ; RR ; RE   ; 1      ; IO96FSWRRE_X280_Y0_N0_I3537                 ; IO96FS_WR_RE               ; IO96FS_WR_RE                                                                                                                                                                                                 ;
;   0.210  ;   0.063  ; RR ; RE   ; 1      ; DCM_mux_X307_Y2_N0_I29                      ; DCM_mux                    ; CC_DCM_GMUX_RE                                                                                                                                                                                               ;
;   0.262  ;   0.052  ; RR ; RE   ; 1      ; IO_P2C_RE_X280_Y2_N150_I75                  ; IO_P2C_RE                  ; IO_P2C_RE                                                                                                                                                                                                    ;
;   0.276  ;   0.014  ; RR ; RE   ; 1      ; IO_P2C_RE_X280_Y2_N150_I26                  ; IO_P2C_RE                  ; IO_P2C_RE                                                                                                                                                                                                    ;
;   0.309  ;   0.033  ; RR ; RE   ; 1      ; Switchbox_clock_mux_X280_Y2_N0_I197         ; Switchbox_clock_mux        ; CLOCK_SEGMENT_MUX                                                                                                                                                                                            ;
;   0.375  ;   0.066  ; RR ; RE   ; 1      ; Switchbox_clock_mux_X280_Y2_N0_I105         ; Switchbox_clock_mux        ; CLOCK_SEGMENT_MUX                                                                                                                                                                                            ;
;   0.398  ;   0.023  ; RF ; RE   ; 1      ; Vertical_seam_tap_mux_X280_Y23_N0_I165      ; Vertical_seam_tap_mux      ; CLOCK_SEGMENT_TAP_MUX                                                                                                                                                                                        ;
;   0.438  ;   0.040  ; FR ; RE   ; 1      ; Vertical_seam_tap_mux_X280_Y23_N0_I53       ; Vertical_seam_tap_mux      ; CLOCK_SEGMENT_TAP_MUX                                                                                                                                                                                        ;
;   0.469  ;   0.031  ; RR ; RE   ; 1      ; Switchbox_clock_mux_X280_Y43_N0_I197        ; Switchbox_clock_mux        ; CLOCK_SEGMENT_MUX                                                                                                                                                                                            ;
;   0.535  ;   0.066  ; RR ; RE   ; 1      ; Switchbox_clock_mux_X280_Y43_N0_I105        ; Switchbox_clock_mux        ; CLOCK_SEGMENT_MUX                                                                                                                                                                                            ;
;   0.558  ;   0.023  ; RF ; RE   ; 1      ; Vertical_seam_tap_mux_X280_Y64_N0_I165      ; Vertical_seam_tap_mux      ; CLOCK_SEGMENT_TAP_MUX                                                                                                                                                                                        ;
;   0.598  ;   0.040  ; FR ; RE   ; 1      ; Vertical_seam_tap_mux_X280_Y64_N0_I53       ; Vertical_seam_tap_mux      ; CLOCK_SEGMENT_TAP_MUX                                                                                                                                                                                        ;
;   0.629  ;   0.031  ; RR ; RE   ; 1      ; Switchbox_clock_mux_X280_Y84_N0_I197        ; Switchbox_clock_mux        ; CLOCK_SEGMENT_MUX                                                                                                                                                                                            ;
;   0.691  ;   0.062  ; RR ; RE   ; 1      ; Switchbox_clock_mux_X280_Y84_N0_I105        ; Switchbox_clock_mux        ; CLOCK_SEGMENT_MUX                                                                                                                                                                                            ;
;   0.714  ;   0.023  ; RF ; RE   ; 1      ; Vertical_seam_tap_mux_X280_Y105_N0_I165     ; Vertical_seam_tap_mux      ; CLOCK_SEGMENT_TAP_MUX                                                                                                                                                                                        ;
;   0.754  ;   0.040  ; FR ; RE   ; 1      ; Vertical_seam_tap_mux_X280_Y105_N0_I53      ; Vertical_seam_tap_mux      ; CLOCK_SEGMENT_TAP_MUX                                                                                                                                                                                        ;
;   0.785  ;   0.031  ; RR ; RE   ; 1      ; Switchbox_clock_mux_X280_Y125_N0_I197       ; Switchbox_clock_mux        ; CLOCK_SEGMENT_MUX                                                                                                                                                                                            ;
;   0.847  ;   0.062  ; RR ; RE   ; 1      ; Switchbox_clock_mux_X280_Y125_N0_I105       ; Switchbox_clock_mux        ; CLOCK_SEGMENT_MUX                                                                                                                                                                                            ;
;   0.870  ;   0.023  ; RF ; RE   ; 1      ; Vertical_seam_tap_mux_X280_Y146_N0_I165     ; Vertical_seam_tap_mux      ; CLOCK_SEGMENT_TAP_MUX                                                                                                                                                                                        ;
;   0.910  ;   0.040  ; FR ; RE   ; 1      ; Vertical_seam_tap_mux_X280_Y146_N0_I53      ; Vertical_seam_tap_mux      ; CLOCK_SEGMENT_TAP_MUX                                                                                                                                                                                        ;
;   0.941  ;   0.031  ; RR ; RE   ; 1      ; Switchbox_clock_mux_X280_Y166_N0_I197       ; Switchbox_clock_mux        ; CLOCK_SEGMENT_MUX                                                                                                                                                                                            ;
;   1.084  ;   0.143  ; RR ; RE   ; 1      ; Switchbox_clock_mux_X280_Y166_N0_I106       ; Switchbox_clock_mux        ; CLOCK_SEGMENT_MUX                                                                                                                                                                                            ;
;   1.117  ;   0.033  ; RR ; RE   ; 1      ; Switchbox_clock_mux_X226_Y166_N0_I229       ; Switchbox_clock_mux        ; CLOCK_SEGMENT_MUX                                                                                                                                                                                            ;
;   1.148  ;   0.031  ; RR ; RE   ; 2      ; Switchbox_clock_mux_X226_Y166_N0_I153       ; Switchbox_clock_mux        ; CLOCK_SEGMENT_MUX                                                                                                                                                                                            ;
;   1.210  ;   0.062  ; RR ; RE   ; 1      ; Switchbox_clock_mux_X226_Y166_N0_I103       ; Switchbox_clock_mux        ; CLOCK_SEGMENT_MUX                                                                                                                                                                                            ;
;   1.233  ;   0.023  ; RF ; RE   ; 1      ; Vertical_seam_tap_mux_X226_Y146_N0_I134     ; Vertical_seam_tap_mux      ; CLOCK_SEGMENT_TAP_MUX                                                                                                                                                                                        ;
;   1.274  ;   0.041  ; FR ; RE   ; 1      ; Vertical_seam_tap_mux_X226_Y146_N0_I50      ; Vertical_seam_tap_mux      ; CLOCK_SEGMENT_TAP_MUX                                                                                                                                                                                        ;
;   1.306  ;   0.032  ; RR ; RE   ; 1      ; Switchbox_clock_mux_X226_Y125_N0_I166       ; Switchbox_clock_mux        ; CLOCK_SEGMENT_MUX                                                                                                                                                                                            ;
;   1.368  ;   0.062  ; RR ; RE   ; 1      ; Switchbox_clock_mux_X226_Y125_N0_I103       ; Switchbox_clock_mux        ; CLOCK_SEGMENT_MUX                                                                                                                                                                                            ;
;   1.391  ;   0.023  ; RF ; RE   ; 1      ; Vertical_seam_tap_mux_X226_Y105_N0_I134     ; Vertical_seam_tap_mux      ; CLOCK_SEGMENT_TAP_MUX                                                                                                                                                                                        ;
;   1.432  ;   0.041  ; FR ; RE   ; 1      ; Vertical_seam_tap_mux_X226_Y105_N0_I50      ; Vertical_seam_tap_mux      ; CLOCK_SEGMENT_TAP_MUX                                                                                                                                                                                        ;
;   1.464  ;   0.032  ; RR ; RE   ; 2      ; Switchbox_clock_mux_X226_Y84_N0_I166        ; Switchbox_clock_mux        ; CLOCK_SEGMENT_MUX                                                                                                                                                                                            ;
;   1.614  ;   0.150  ; RR ; RE   ; 1      ; Switchbox_clock_mux_X226_Y84_N0_I102        ; Switchbox_clock_mux        ; CLOCK_SEGMENT_MUX                                                                                                                                                                                            ;
;   1.646  ;   0.032  ; RR ; RE   ; 1      ; Switchbox_clock_mux_X280_Y84_N0_I230        ; Switchbox_clock_mux        ; CLOCK_SEGMENT_MUX                                                                                                                                                                                            ;
;   1.789  ;   0.143  ; RR ; RE   ; 1      ; Switchbox_clock_mux_X280_Y84_N0_I100        ; Switchbox_clock_mux        ; CLOCK_SEGMENT_MUX                                                                                                                                                                                            ;
;   1.821  ;   0.032  ; RR ; RE   ; 2      ; Switchbox_clock_mux_X334_Y84_N0_I230        ; Switchbox_clock_mux        ; CLOCK_SEGMENT_MUX                                                                                                                                                                                            ;
;   1.883  ;   0.062  ; RR ; RE   ; 1      ; Switchbox_clock_mux_X334_Y84_N0_I103        ; Switchbox_clock_mux        ; CLOCK_SEGMENT_MUX                                                                                                                                                                                            ;
;   1.906  ;   0.023  ; RF ; RE   ; 1      ; Vertical_seam_tap_mux_X334_Y64_N0_I134      ; Vertical_seam_tap_mux      ; CLOCK_SEGMENT_TAP_MUX                                                                                                                                                                                        ;
;   1.946  ;   0.040  ; FR ; RE   ; 1      ; Vertical_seam_tap_mux_X334_Y64_N0_I50       ; Vertical_seam_tap_mux      ; CLOCK_SEGMENT_TAP_MUX                                                                                                                                                                                        ;
;   1.978  ;   0.032  ; RR ; RE   ; 2      ; Switchbox_clock_mux_X334_Y43_N0_I166        ; Switchbox_clock_mux        ; CLOCK_SEGMENT_MUX                                                                                                                                                                                            ;
;   2.126  ;   0.148  ; RR ; RE   ; 1      ; Switchbox_clock_mux_X334_Y43_N0_I102        ; Switchbox_clock_mux        ; CLOCK_SEGMENT_MUX                                                                                                                                                                                            ;
;   2.159  ;   0.033  ; RR ; RE   ; 2      ; Switchbox_clock_mux_X280_Y43_N0_I262        ; Switchbox_clock_mux        ; CLOCK_SEGMENT_MUX                                                                                                                                                                                            ;
;   2.225  ;   0.066  ; RR ; RE   ; 1      ; Switchbox_clock_mux_X280_Y43_N0_I101        ; Switchbox_clock_mux        ; CLOCK_SEGMENT_MUX                                                                                                                                                                                            ;
;   2.256  ;   0.031  ; RR ; RE   ; 2      ; Vertical_seam_tap_mux_X280_Y64_N0_I166      ; Vertical_seam_tap_mux      ; CLOCK_SEGMENT_TAP_MUX                                                                                                                                                                                        ;
;   2.322  ;   0.066  ; RR ; RE   ; 1      ; Vertical_seam_tap_mux_X280_Y64_N0_I115      ; Vertical_seam_tap_mux      ; CLOCK_SEGMENT_TAP_MUX                                                                                                                                                                                        ;
;   2.413  ;   0.091  ; RR ; RE   ; 1      ; SPINE_TAP_RE_X253_Y64_N103_I89              ; SPINE_TAP_RE               ; SPINE_TAP_RE                                                                                                                                                                                                 ;
;   2.423  ;   0.010  ; RR ; RE   ; 41     ; SPINE_TAP_RE_X253_Y64_N103_I25              ; SPINE_TAP_RE               ; SPINE_TAP_RE                                                                                                                                                                                                 ;
;   2.615  ;   0.192  ; RR ; RE   ; 2      ; SCLKMUX_RE_X253_Y69_N188_I25                ; SCLKMUX_RE                 ; SCLKMUX_RE                                                                                                                                                                                                   ;
;   2.627  ;   0.012  ; RR ; RE   ; 17     ; SCLKMUX_RE_X253_Y69_N188_I40                ; SCLKMUX_RE                 ; SCLKMUX_RE                                                                                                                                                                                                   ;
;   2.653  ;   0.026  ; RR ; RE   ; 1      ; ROWCLK_TAPOFF_X259_Y69_N0_I3                ; Row Clock Tap-Off          ; ROWCLK_TAPOFF                                                                                                                                                                                                ;
;   2.683  ;   0.030  ; RR ; RE   ; 1      ; GLOBAL_LOCAL_SEL_X259_Y69_N0_I2             ; GLOBAL_LOCAL_SEL           ; GLOBAL_LOCAL_SEL                                                                                                                                                                                             ;
;   2.700  ;   0.017  ; RR ; RE   ; 1      ; RPII_X259_Y69_N0_I2                         ; Programmable Invert Input  ; RPII                                                                                                                                                                                                         ;
;   2.700  ;   0.000  ; RR ; RE   ; 1      ; RPI_X259_Y69_N0_I2                          ; Programmable Invert        ; RPI                                                                                                                                                                                                          ;
;   2.700  ;   0.000  ; RR ; RE   ; 21     ; LAB_RE_X259_Y69_N0_I83                      ; LAB_RE                     ; clka                                                                                                                                                                                                         ;
;   2.700  ;   0.000  ; RR ; RE   ; 1      ; LAB_RE_X259_Y69_N0_I150                     ; LAB_RE                     ; LAB_RE                                                                                                                                                                                                       ;
;   2.700  ;   0.000  ; RR ; RE   ; 11     ; LEIMCLKALE_X259_Y69_N0_I0                   ; LEIMCLKALE                 ; LEIMCLKALE                                                                                                                                                                                                   ;
;   2.700  ;   0.000  ; RR ; RE   ; 1      ; HYPERFLEX_CLK_M_MUX_X259_Y69_N0_I40         ; Hyperflex clocking network ; HIPI_M_MUX                                                                                                                                                                                                   ;
;   2.700  ;   0.000  ;    ; IC   ; 1      ; BLOCK_INPUT_MUX_PASSTHROUGH_X259_Y69_N0_I36 ; Hyper-Register             ; afu_top|pg_afu.port_gasket|pr_slot|afu_main|port_afu_instances|ofs_plat_afu|core|dma|csr_mgr_inst|mmio64_reg.w.data[0]~DUPLICATE_BLOCK_INPUT_MUX_PASSTHROUGH_X259_Y69_N0_I36_dff|clk                         ;
;   2.700  ;   0.000  ; RR ; CELL ; 1      ; BLOCK_INPUT_MUX_PASSTHROUGH_X259_Y69_N0_I36 ; Hyper-Register             ; afu_top|pg_afu.port_gasket|pr_slot|afu_main|port_afu_instances|ofs_plat_afu|core|dma|csr_mgr_inst|mmio64_reg.w.data[0]~DUPLICATE_BLOCK_INPUT_MUX_PASSTHROUGH_X259_Y69_N0_I36_dff                             ;
; 3.834    ; 1.134    ;    ;      ;        ;                                             ;                            ; data path                                                                                                                                                                                                    ;
;   2.869  ;   0.169  ; FF ; uTco ; 2      ; BLOCK_INPUT_MUX_PASSTHROUGH_X259_Y69_N0_I36 ; Hyper-Register             ; afu_top|pg_afu.port_gasket|pr_slot|afu_main|port_afu_instances|ofs_plat_afu|core|dma|csr_mgr_inst|mmio64_reg.w.data[0]~DUPLICATE_BLOCK_INPUT_MUX_PASSTHROUGH_X259_Y69_N0_I36_dff|q                           ;
;   2.869  ;   0.000  ; FF ; RE   ; 1      ; BLOCK_INPUT_MUX_PASSTHROUGH_X259_Y69_N0_I36 ; Hyper-Register             ; LEIM                                                                                                                                                                                                         ;
;   2.870  ;   0.001  ; FF ; RE   ; 1      ; BLOCK_INPUT_MUX_PASSTHROUGH_X259_Y69_N0_I36 ; Block Input Mux            ; LEIM                                                                                                                                                                                                         ;
;   2.870  ;   0.000  ; FF ; RE   ; 2      ; LAB_RE_X259_Y69_N0_I35                      ; LAB_RE                     ; leima[4]                                                                                                                                                                                                     ;
;   2.870  ;   0.000  ;    ; IC   ; 2      ; FF_X259_Y69_N25                             ; Bypassed ALM Register      ; afu_top|pg_afu.port_gasket|pr_slot|afu_main|port_afu_instances|ofs_plat_afu|core|dma|csr_mgr_inst|dma_csr_map.descriptor.length[0]~.comb|d                                                                   ;
;   2.944  ;   0.074  ; FF ; CELL ; 3      ; FF_X259_Y69_N25                             ; Bypassed ALM Register      ; afu_top|pg_afu.port_gasket|pr_slot|afu_main|port_afu_instances|ofs_plat_afu|core|dma|csr_mgr_inst|dma_csr_map.descriptor.length[0]~.comb|q                                                                   ;
;   2.944  ;   0.000  ; FF ; RE   ; 1      ; FF_X259_Y69_N25                             ; Bypassed ALM Register      ; FF                                                                                                                                                                                                           ;
;   2.949  ;   0.005  ; FF ; RE   ; 2      ; LAB_RE_X259_Y69_N0_I105                     ; LAB_RE                     ; LAB_RE                                                                                                                                                                                                       ;
;   2.977  ;   0.028  ; FF ; RE   ; 1      ; R1_X259_Y69_N0_I17                          ; R1 interconnect            ; H1                                                                                                                                                                                                           ;
;   3.018  ;   0.041  ; FF ; RE   ; 1      ; R1_X258_Y69_N0_I17                          ; R1 interconnect            ; H1                                                                                                                                                                                                           ;
;   3.052  ;   0.034  ; FF ; RE   ; 1      ; R1_X257_Y69_N0_I17                          ; R1 interconnect            ; H1                                                                                                                                                                                                           ;
;   3.085  ;   0.033  ; FR ; RE   ; 1      ; LOCAL_INTERCONNECT_X256_Y69_N0_I38          ; Block interconnect         ; LAB_LINE                                                                                                                                                                                                     ;
;   3.112  ;   0.027  ; RF ; RE   ; 1      ; BLOCK_INPUT_MUX_PASSTHROUGH_X256_Y69_N0_I7  ; Block Input Mux            ; LEIM                                                                                                                                                                                                         ;
;   3.112  ;   0.000  ; FF ; RE   ; 1      ; LAB_RE_X256_Y69_N0_I1                       ; LAB_RE                     ; leimd0[0]                                                                                                                                                                                                    ;
;   3.112  ;   0.000  ;    ; IC   ; 5      ; LABCELL_X256_Y69_N0                         ; Combinational cell         ; afu_top|pg_afu.port_gasket|pr_slot|afu_main|port_afu_instances|ofs_plat_afu|core|dma|csr_mgr_inst|add_2~256|datad                                                                                            ;
;   3.322  ;   0.210  ; FR ; CELL ; 1      ; LABCELL_X256_Y69_N57                        ; Combinational cell         ; afu_top|pg_afu.port_gasket|pr_slot|afu_main|port_afu_instances|ofs_plat_afu|core|dma|csr_mgr_inst|add_2~161|cout                                                                                             ;
;   3.322  ;   0.000  ; RR ; RE   ; 1      ; LABCELL_X256_Y69_N57                        ; Combinational cell         ; MP_LAB_COMB                                                                                                                                                                                                  ;
;   3.364  ;   0.042  ; RR ; RE   ; 1      ; LAB_RE_X256_Y69_N0_I88                      ; LAB_RE                     ; LAB_RE                                                                                                                                                                                                       ;
;   3.364  ;   0.000  ; RR ; RE   ; 1      ; LAB_RE_X256_Y68_N0_I87                      ; LAB_RE                     ; t_labncc                                                                                                                                                                                                     ;
;   3.364  ;   0.000  ;    ; IC   ; 5      ; LABCELL_X256_Y68_N0                         ; Combinational cell         ; afu_top|pg_afu.port_gasket|pr_slot|afu_main|port_afu_instances|ofs_plat_afu|core|dma|csr_mgr_inst|add_2~156|cin                                                                                              ;
;   3.402  ;   0.038  ; RR ; CELL ; 1      ; LABCELL_X256_Y68_N57                        ; Combinational cell         ; afu_top|pg_afu.port_gasket|pr_slot|afu_main|port_afu_instances|ofs_plat_afu|core|dma|csr_mgr_inst|add_2~1|cout                                                                                               ;
;   3.402  ;   0.000  ; RR ; RE   ; 1      ; LABCELL_X256_Y68_N57                        ; Combinational cell         ; MP_LAB_COMB                                                                                                                                                                                                  ;
;   3.444  ;   0.042  ; RR ; RE   ; 1      ; LAB_RE_X256_Y68_N0_I88                      ; LAB_RE                     ; LAB_RE                                                                                                                                                                                                       ;
;   3.444  ;   0.000  ; RR ; RE   ; 1      ; LAB_RE_X256_Y67_N0_I87                      ; LAB_RE                     ; t_labncc                                                                                                                                                                                                     ;
;   3.444  ;   0.000  ;    ; IC   ; 4      ; LABCELL_X256_Y67_N0                         ; Combinational cell         ; afu_top|pg_afu.port_gasket|pr_slot|afu_main|port_afu_instances|ofs_plat_afu|core|dma|csr_mgr_inst|add_2~91|cin                                                                                               ;
;   3.474  ;   0.030  ; RR ; CELL ; 1      ; LABCELL_X256_Y67_N3                         ; Combinational cell         ; afu_top|pg_afu.port_gasket|pr_slot|afu_main|port_afu_instances|ofs_plat_afu|core|dma|csr_mgr_inst|add_2~41|cout                                                                                              ;
;   3.474  ;   0.000  ; RR ; CELL ; 3      ; LABCELL_X256_Y67_N6                         ; Combinational cell         ; afu_top|pg_afu.port_gasket|pr_slot|afu_main|port_afu_instances|ofs_plat_afu|core|dma|csr_mgr_inst|add_2~96|cin                                                                                               ;
;   3.491  ;   0.017  ; RF ; CELL ; 1      ; LABCELL_X256_Y67_N9                         ; Combinational cell         ; afu_top|pg_afu.port_gasket|pr_slot|afu_main|port_afu_instances|ofs_plat_afu|core|dma|csr_mgr_inst|add_2~46|cout                                                                                              ;
;   3.491  ;   0.000  ; FF ; CELL ; 3      ; LABCELL_X256_Y67_N12                        ; Combinational cell         ; afu_top|pg_afu.port_gasket|pr_slot|afu_main|port_afu_instances|ofs_plat_afu|core|dma|csr_mgr_inst|add_2~106|cin                                                                                              ;
;   3.507  ;   0.016  ; FR ; CELL ; 1      ; LABCELL_X256_Y67_N15                        ; Combinational cell         ; afu_top|pg_afu.port_gasket|pr_slot|afu_main|port_afu_instances|ofs_plat_afu|core|dma|csr_mgr_inst|add_2~31|cout                                                                                              ;
;   3.507  ;   0.000  ; RR ; CELL ; 3      ; LABCELL_X256_Y67_N18                        ; Combinational cell         ; afu_top|pg_afu.port_gasket|pr_slot|afu_main|port_afu_instances|ofs_plat_afu|core|dma|csr_mgr_inst|add_2~86|cin                                                                                               ;
;   3.584  ;   0.077  ; RR ; CELL ; 1      ; LABCELL_X256_Y67_N21                        ; Combinational cell         ; afu_top|pg_afu.port_gasket|pr_slot|afu_main|port_afu_instances|ofs_plat_afu|core|dma|csr_mgr_inst|add_2~71|sumout                                                                                            ;
;   3.584  ;   0.000  ; RR ; RE   ; 1      ; LABCELL_X256_Y67_N21                        ; Combinational cell         ; MP_LAB_COMB                                                                                                                                                                                                  ;
;   3.590  ;   0.006  ; RR ; RE   ; 1      ; LAB_RE_X256_Y67_N0_I104                     ; LAB_RE                     ; LAB_RE                                                                                                                                                                                                       ;
;   3.625  ;   0.035  ; RR ; RE   ; 1      ; R2_X255_Y67_N0_I7                           ; R2 interconnect            ; H2                                                                                                                                                                                                           ;
;   3.686  ;   0.061  ; RR ; RE   ; 1      ; C1_X254_Y66_N0_I15                          ; C1 interconnect            ; V1                                                                                                                                                                                                           ;
;   3.719  ;   0.033  ; RR ; RE   ; 1      ; R0_X254_Y66_N0_I25                          ; R0 interconnect            ; H0                                                                                                                                                                                                           ;
;   3.750  ;   0.031  ; RR ; RE   ; 1      ; R1_X255_Y66_N0_I24                          ; R1 interconnect            ; H1                                                                                                                                                                                                           ;
;   3.810  ;   0.060  ; RR ; RE   ; 1      ; C1_X255_Y66_N0_I24                          ; C1 interconnect            ; V1                                                                                                                                                                                                           ;
;   3.834  ;   0.024  ; RF ; RE   ; 1      ; LOCAL_INTERCONNECT_X255_Y67_N0_I53          ; Block interconnect         ; LAB_LINE                                                                                                                                                                                                     ;
;   3.834  ;   0.000  ;    ; IC   ; 1      ; BLOCK_INPUT_MUX_PASSTHROUGH_X255_Y67_N0_I40 ; Hyper-Register             ; afu_top|pg_afu.port_gasket|pr_slot|afu_main|port_afu_instances|ofs_plat_afu|core|dma|csr_mgr_inst|add_2~71_BLOCK_INPUT_MUX_PASSTHROUGH_X255_Y67_N0_I40_dff|d                                                 ;
;   3.834  ;   0.000  ; FF ; CELL ; 1      ; BLOCK_INPUT_MUX_PASSTHROUGH_X255_Y67_N0_I40 ; Hyper-Register             ; afu_top|pg_afu.port_gasket|pr_slot|afu_main|port_afu_instances|ofs_plat_afu|core|dma|csr_mgr_inst|add_2~71_BLOCK_INPUT_MUX_PASSTHROUGH_X255_Y67_N0_I40_dff                                                   ;
+----------+----------+----+------+--------+---------------------------------------------+----------------------------+--------------------------------------------------------------------------------------------------------------------------------------------------------------------------------------------------------------+

+-----------------------------------------------------------------------------------------------------------------------------------------------------------------------------------------------------------------------------------------------------------------------------------------------------------------------------------+
; Data Required Path                                                                                                                                                                                                                                                                                                                ;
+---------+----------+----+------+--------+---------------------------------------------+----------------------------+--------------------------------------------------------------------------------------------------------------------------------------------------------------------------------------------------------------+
; Total   ; Incr     ; RF ; Type ; Fanout ; Location                                    ; Element Type               ; Element                                                                                                                                                                                                      ;
+---------+----------+----+------+--------+---------------------------------------------+----------------------------+--------------------------------------------------------------------------------------------------------------------------------------------------------------------------------------------------------------+
; 3.000   ; 3.000    ;    ;      ;        ;                                             ;                            ; latch edge time                                                                                                                                                                                              ;
; 5.636   ; 2.636    ;    ;      ;        ;                                             ;                            ; clock path                                                                                                                                                                                                   ;
;   3.000 ;   0.000  ;    ;      ;        ;                                             ;                            ; source latency                                                                                                                                                                                               ;
;   3.000 ;   0.000  ;    ;      ; 1      ; PIN_HF23                                    ; I/O pad                    ; ddr4_mem_ref_clk[0].clk                                                                                                                                                                                      ;
;   3.000 ;   0.000  ;    ; IC   ; 1      ; IOIBUF_X280_Y0_N376                         ; I/O input buffer           ; ddr4_mem_ref_clk[0].clk~input|i                                                                                                                                                                              ;
;   3.129 ;   0.129  ; RR ; CELL ; 2      ; IOIBUF_X280_Y0_N376                         ; I/O input buffer           ; ddr4_mem_ref_clk[0].clk~input|o                                                                                                                                                                              ;
;   3.793 ;   0.664  ; RR ; CELL ; 1      ; REFCLKINPUT_X281_Y0_N301                    ; I/O reference clock tree   ; local_mem_wrapper|mem_ss_top|mem_ss_sv|mem_ss|mem_ss|emif_0|emif_0|arch|arch_inst|pll_inst|pll_inst~refclk|ref_clk_in                                                                                        ;
;   3.896 ;   0.103  ; RR ; CELL ; 3      ; REFCLKINPUT_X281_Y0_N301                    ; I/O reference clock tree   ; local_mem_wrapper|mem_ss_top|mem_ss_sv|mem_ss|mem_ss|emif_0|emif_0|arch|arch_inst|pll_inst|pll_inst~refclk|ref0_to_btm                                                                                       ;
;   4.193 ;   0.297  ; RR ; CELL ; 1      ; REFCLKINPUT_X281_Y0_N301                    ; I/O reference clock tree   ; local_mem_wrapper|mem_ss_top|mem_ss_sv|mem_ss|mem_ss|emif_0|emif_0|arch|arch_inst|pll_inst|pll_inst~refclk|clk_out                                                                                           ;
;   4.193 ;   0.000  ; RR ; CELL ; 1      ; IOPLL_X281_Y0_N303                          ; IOPLL                      ; local_mem_wrapper|mem_ss_top|mem_ss_sv|mem_ss|mem_ss|emif_0|emif_0|arch|arch_inst|pll_inst|pll_inst|pll_cascade_in                                                                                           ;
;   4.313 ;   0.120  ; RR ; CELL ; 2      ; IOPLL_X281_Y0_N303                          ; IOPLL                      ; local_mem_wrapper|mem_ss_top|mem_ss_sv|mem_ss|mem_ss|emif_0|emif_0|arch|arch_inst|pll_inst|pll_inst~fmio96fs_wr/x0/fmio96_core_inst/fmio48tile_top/x5/u4_3/x0/xiopll_custom/xclkin_sw/xpm_pll_so/clk[0]      ;
;   4.424 ;   0.111  ; RR ; CELL ; 2      ; IOPLL_X281_Y0_N303                          ; IOPLL                      ; local_mem_wrapper|mem_ss_top|mem_ss_sv|mem_ss|mem_ss|emif_0|emif_0|arch|arch_inst|pll_inst|pll_inst~fmio96fs_wr/x0/fmio96_core_inst/fmio48tile_top/x5/u4_3/x0/xiopll_custom/xiopll_core/xncnt_iopll/clk      ;
;   4.527 ;   0.103  ; RR ; CELL ; 3      ; IOPLL_X281_Y0_N303                          ; IOPLL                      ; local_mem_wrapper|mem_ss_top|mem_ss_sv|mem_ss|mem_ss|emif_0|emif_0|arch|arch_inst|pll_inst|pll_inst~pllnout                                                                                                  ;
;   4.611 ;   0.084  ; RF ; CELL ; 1      ; IOPLL_X281_Y0_N303                          ; IOPLL                      ; local_mem_wrapper|mem_ss_top|mem_ss_sv|mem_ss|mem_ss|emif_0|emif_0|arch|arch_inst|pll_inst|pll_inst~vco_refclk                                                                                               ;
;   4.615 ;   0.004  ; FR ; CELL ; 1      ; IOPLL_X281_Y0_N303                          ; IOPLL                      ; local_mem_wrapper|mem_ss_top|mem_ss_sv|mem_ss|mem_ss|emif_0|emif_0|arch|arch_inst|pll_inst|pll_inst~vctrl                                                                                                    ;
;   4.023 ;   -0.592 ; RR ; COMP ; 1      ; IOPLL_X281_Y0_N303                          ; IOPLL                      ; local_mem_wrapper|mem_ss_top|mem_ss_sv|mem_ss|mem_ss|emif_0|emif_0|arch|arch_inst|pll_inst|pll_inst~vcoph[0]                                                                                                 ;
;   4.023 ;   0.000  ; RR ; CELL ; 10     ; IOPLL_X281_Y0_N303                          ; IOPLL                      ; local_mem_wrapper|mem_ss_top|mem_ss_sv|mem_ss|mem_ss|emif_0|emif_0|arch|arch_inst|pll_inst|pll_inst|vcoph[0]                                                                                                 ;
;   4.023 ;   0.000  ; RR ; CELL ; 3      ; TILECTRL_X281_Y0_N298                       ; I/O tile control logic     ; local_mem_wrapper|mem_ss_top|mem_ss_sv|mem_ss|mem_ss|emif_0|emif_0|arch|arch_inst|io_tiles_wrap_inst|io_tiles_inst|tile_gen[1].tile_ctrl_inst|pll_vco_in[0]                                                  ;
;   2.230 ;   -1.793 ; RR ; COMP ; 1      ; TILECTRL_X281_Y0_N298                       ; I/O tile control logic     ; local_mem_wrapper|mem_ss_top|mem_ss_sv|mem_ss|mem_ss|emif_0|emif_0|arch|arch_inst|io_tiles_wrap_inst|io_tiles_inst|tile_gen[1].tile_ctrl_inst|pa_core_clk_out[0]                                             ;
;   2.626 ;   0.396  ; RR ; CELL ; 16258  ; TILECTRL_X281_Y0_N298                       ; I/O tile control logic     ; local_mem_wrapper|mem_ss_top|mem_ss_sv|mem_ss|mem_ss|emif_0|emif_0|arch|arch_inst|io_tiles_wrap_inst|io_tiles_inst|tile_gen[1].tile_ctrl_inst~fmio96fs_wr/m32_0_29__iophasealignment_to_dcm__core_clk_out[1] ;
;   2.626 ;   0.000  ;    ; IC   ; 1      ; Boundary Port                               ; N/A                        ; afu_top|pg_afu.port_gasket|pr_slot|afu_main|ext_mem_if[0].clk|input                                                                                                                                          ;
;   2.626 ;   0.000  ; RR ; CELL ; 105325 ; Boundary Port                               ; N/A                        ; afu_top|pg_afu.port_gasket|pr_slot|afu_main|ext_mem_if[0].clk                                                                                                                                                ;
;   2.626 ;   0.000  ; RR ; RE   ; 1      ; TILECTRL_X281_Y0_N298                       ; I/O tile control logic     ; TILE_CTRL                                                                                                                                                                                                    ;
;   2.668 ;   0.042  ; RR ; RE   ; 1      ; IO96FSWRRE_X280_Y0_N0_I3537                 ; IO96FS_WR_RE               ; IO96FS_WR_RE                                                                                                                                                                                                 ;
;   2.727 ;   0.059  ; RR ; RE   ; 1      ; DCM_mux_X307_Y2_N0_I29                      ; DCM_mux                    ; CC_DCM_GMUX_RE                                                                                                                                                                                               ;
;   2.772 ;   0.045  ; RR ; RE   ; 1      ; IO_P2C_RE_X280_Y2_N150_I75                  ; IO_P2C_RE                  ; IO_P2C_RE                                                                                                                                                                                                    ;
;   2.785 ;   0.013  ; RR ; RE   ; 1      ; IO_P2C_RE_X280_Y2_N150_I26                  ; IO_P2C_RE                  ; IO_P2C_RE                                                                                                                                                                                                    ;
;   2.814 ;   0.029  ; RR ; RE   ; 1      ; Switchbox_clock_mux_X280_Y2_N0_I197         ; Switchbox_clock_mux        ; CLOCK_SEGMENT_MUX                                                                                                                                                                                            ;
;   2.875 ;   0.061  ; RR ; RE   ; 1      ; Switchbox_clock_mux_X280_Y2_N0_I105         ; Switchbox_clock_mux        ; CLOCK_SEGMENT_MUX                                                                                                                                                                                            ;
;   2.895 ;   0.020  ; RF ; RE   ; 1      ; Vertical_seam_tap_mux_X280_Y23_N0_I165      ; Vertical_seam_tap_mux      ; CLOCK_SEGMENT_TAP_MUX                                                                                                                                                                                        ;
;   2.932 ;   0.037  ; FR ; RE   ; 1      ; Vertical_seam_tap_mux_X280_Y23_N0_I53       ; Vertical_seam_tap_mux      ; CLOCK_SEGMENT_TAP_MUX                                                                                                                                                                                        ;
;   2.959 ;   0.027  ; RR ; RE   ; 1      ; Switchbox_clock_mux_X280_Y43_N0_I197        ; Switchbox_clock_mux        ; CLOCK_SEGMENT_MUX                                                                                                                                                                                            ;
;   3.020 ;   0.061  ; RR ; RE   ; 1      ; Switchbox_clock_mux_X280_Y43_N0_I105        ; Switchbox_clock_mux        ; CLOCK_SEGMENT_MUX                                                                                                                                                                                            ;
;   3.040 ;   0.020  ; RF ; RE   ; 1      ; Vertical_seam_tap_mux_X280_Y64_N0_I165      ; Vertical_seam_tap_mux      ; CLOCK_SEGMENT_TAP_MUX                                                                                                                                                                                        ;
;   3.077 ;   0.037  ; FR ; RE   ; 1      ; Vertical_seam_tap_mux_X280_Y64_N0_I53       ; Vertical_seam_tap_mux      ; CLOCK_SEGMENT_TAP_MUX                                                                                                                                                                                        ;
;   3.104 ;   0.027  ; RR ; RE   ; 1      ; Switchbox_clock_mux_X280_Y84_N0_I197        ; Switchbox_clock_mux        ; CLOCK_SEGMENT_MUX                                                                                                                                                                                            ;
;   3.161 ;   0.057  ; RR ; RE   ; 1      ; Switchbox_clock_mux_X280_Y84_N0_I105        ; Switchbox_clock_mux        ; CLOCK_SEGMENT_MUX                                                                                                                                                                                            ;
;   3.181 ;   0.020  ; RF ; RE   ; 1      ; Vertical_seam_tap_mux_X280_Y105_N0_I165     ; Vertical_seam_tap_mux      ; CLOCK_SEGMENT_TAP_MUX                                                                                                                                                                                        ;
;   3.218 ;   0.037  ; FR ; RE   ; 1      ; Vertical_seam_tap_mux_X280_Y105_N0_I53      ; Vertical_seam_tap_mux      ; CLOCK_SEGMENT_TAP_MUX                                                                                                                                                                                        ;
;   3.245 ;   0.027  ; RR ; RE   ; 1      ; Switchbox_clock_mux_X280_Y125_N0_I197       ; Switchbox_clock_mux        ; CLOCK_SEGMENT_MUX                                                                                                                                                                                            ;
;   3.301 ;   0.056  ; RR ; RE   ; 1      ; Switchbox_clock_mux_X280_Y125_N0_I105       ; Switchbox_clock_mux        ; CLOCK_SEGMENT_MUX                                                                                                                                                                                            ;
;   3.322 ;   0.021  ; RF ; RE   ; 1      ; Vertical_seam_tap_mux_X280_Y146_N0_I165     ; Vertical_seam_tap_mux      ; CLOCK_SEGMENT_TAP_MUX                                                                                                                                                                                        ;
;   3.359 ;   0.037  ; FR ; RE   ; 1      ; Vertical_seam_tap_mux_X280_Y146_N0_I53      ; Vertical_seam_tap_mux      ; CLOCK_SEGMENT_TAP_MUX                                                                                                                                                                                        ;
;   3.386 ;   0.027  ; RR ; RE   ; 1      ; Switchbox_clock_mux_X280_Y166_N0_I197       ; Switchbox_clock_mux        ; CLOCK_SEGMENT_MUX                                                                                                                                                                                            ;
;   3.517 ;   0.131  ; RR ; RE   ; 1      ; Switchbox_clock_mux_X280_Y166_N0_I106       ; Switchbox_clock_mux        ; CLOCK_SEGMENT_MUX                                                                                                                                                                                            ;
;   3.546 ;   0.029  ; RR ; RE   ; 1      ; Switchbox_clock_mux_X226_Y166_N0_I229       ; Switchbox_clock_mux        ; CLOCK_SEGMENT_MUX                                                                                                                                                                                            ;
;   3.574 ;   0.028  ; RR ; RE   ; 2      ; Switchbox_clock_mux_X226_Y166_N0_I153       ; Switchbox_clock_mux        ; CLOCK_SEGMENT_MUX                                                                                                                                                                                            ;
;   3.630 ;   0.056  ; RR ; RE   ; 1      ; Switchbox_clock_mux_X226_Y166_N0_I103       ; Switchbox_clock_mux        ; CLOCK_SEGMENT_MUX                                                                                                                                                                                            ;
;   3.650 ;   0.020  ; RF ; RE   ; 1      ; Vertical_seam_tap_mux_X226_Y146_N0_I134     ; Vertical_seam_tap_mux      ; CLOCK_SEGMENT_TAP_MUX                                                                                                                                                                                        ;
;   3.688 ;   0.038  ; FR ; RE   ; 1      ; Vertical_seam_tap_mux_X226_Y146_N0_I50      ; Vertical_seam_tap_mux      ; CLOCK_SEGMENT_TAP_MUX                                                                                                                                                                                        ;
;   3.717 ;   0.029  ; RR ; RE   ; 1      ; Switchbox_clock_mux_X226_Y125_N0_I166       ; Switchbox_clock_mux        ; CLOCK_SEGMENT_MUX                                                                                                                                                                                            ;
;   3.773 ;   0.056  ; RR ; RE   ; 1      ; Switchbox_clock_mux_X226_Y125_N0_I103       ; Switchbox_clock_mux        ; CLOCK_SEGMENT_MUX                                                                                                                                                                                            ;
;   3.794 ;   0.021  ; RF ; RE   ; 1      ; Vertical_seam_tap_mux_X226_Y105_N0_I134     ; Vertical_seam_tap_mux      ; CLOCK_SEGMENT_TAP_MUX                                                                                                                                                                                        ;
;   3.831 ;   0.037  ; FR ; RE   ; 1      ; Vertical_seam_tap_mux_X226_Y105_N0_I50      ; Vertical_seam_tap_mux      ; CLOCK_SEGMENT_TAP_MUX                                                                                                                                                                                        ;
;   3.860 ;   0.029  ; RR ; RE   ; 2      ; Switchbox_clock_mux_X226_Y84_N0_I166        ; Switchbox_clock_mux        ; CLOCK_SEGMENT_MUX                                                                                                                                                                                            ;
;   3.996 ;   0.136  ; RR ; RE   ; 1      ; Switchbox_clock_mux_X226_Y84_N0_I102        ; Switchbox_clock_mux        ; CLOCK_SEGMENT_MUX                                                                                                                                                                                            ;
;   4.025 ;   0.029  ; RR ; RE   ; 1      ; Switchbox_clock_mux_X280_Y84_N0_I230        ; Switchbox_clock_mux        ; CLOCK_SEGMENT_MUX                                                                                                                                                                                            ;
;   4.155 ;   0.130  ; RR ; RE   ; 1      ; Switchbox_clock_mux_X280_Y84_N0_I100        ; Switchbox_clock_mux        ; CLOCK_SEGMENT_MUX                                                                                                                                                                                            ;
;   4.184 ;   0.029  ; RR ; RE   ; 2      ; Switchbox_clock_mux_X334_Y84_N0_I230        ; Switchbox_clock_mux        ; CLOCK_SEGMENT_MUX                                                                                                                                                                                            ;
;   4.240 ;   0.056  ; RR ; RE   ; 1      ; Switchbox_clock_mux_X334_Y84_N0_I103        ; Switchbox_clock_mux        ; CLOCK_SEGMENT_MUX                                                                                                                                                                                            ;
;   4.260 ;   0.020  ; RF ; RE   ; 1      ; Vertical_seam_tap_mux_X334_Y64_N0_I134      ; Vertical_seam_tap_mux      ; CLOCK_SEGMENT_TAP_MUX                                                                                                                                                                                        ;
;   4.297 ;   0.037  ; FR ; RE   ; 1      ; Vertical_seam_tap_mux_X334_Y64_N0_I50       ; Vertical_seam_tap_mux      ; CLOCK_SEGMENT_TAP_MUX                                                                                                                                                                                        ;
;   4.326 ;   0.029  ; RR ; RE   ; 2      ; Switchbox_clock_mux_X334_Y43_N0_I166        ; Switchbox_clock_mux        ; CLOCK_SEGMENT_MUX                                                                                                                                                                                            ;
;   4.461 ;   0.135  ; RR ; RE   ; 1      ; Switchbox_clock_mux_X334_Y43_N0_I102        ; Switchbox_clock_mux        ; CLOCK_SEGMENT_MUX                                                                                                                                                                                            ;
;   4.490 ;   0.029  ; RR ; RE   ; 2      ; Switchbox_clock_mux_X280_Y43_N0_I262        ; Switchbox_clock_mux        ; CLOCK_SEGMENT_MUX                                                                                                                                                                                            ;
;   4.550 ;   0.060  ; RR ; RE   ; 1      ; Switchbox_clock_mux_X280_Y43_N0_I101        ; Switchbox_clock_mux        ; CLOCK_SEGMENT_MUX                                                                                                                                                                                            ;
;   4.577 ;   0.027  ; RR ; RE   ; 2      ; Vertical_seam_tap_mux_X280_Y64_N0_I166      ; Vertical_seam_tap_mux      ; CLOCK_SEGMENT_TAP_MUX                                                                                                                                                                                        ;
;   4.637 ;   0.060  ; RR ; RE   ; 1      ; Vertical_seam_tap_mux_X280_Y64_N0_I115      ; Vertical_seam_tap_mux      ; CLOCK_SEGMENT_TAP_MUX                                                                                                                                                                                        ;
;   4.717 ;   0.080  ; RR ; RE   ; 1      ; SPINE_TAP_RE_X253_Y64_N103_I89              ; SPINE_TAP_RE               ; SPINE_TAP_RE                                                                                                                                                                                                 ;
;   4.724 ;   0.007  ; RR ; RE   ; 41     ; SPINE_TAP_RE_X253_Y64_N103_I25              ; SPINE_TAP_RE               ; SPINE_TAP_RE                                                                                                                                                                                                 ;
;   4.891 ;   0.167  ; RR ; RE   ; 2      ; SCLKMUX_RE_X253_Y67_N188_I25                ; SCLKMUX_RE                 ; SCLKMUX_RE                                                                                                                                                                                                   ;
;   4.897 ;   0.006  ; RR ; RE   ; 16     ; SCLKMUX_RE_X253_Y67_N188_I40                ; SCLKMUX_RE                 ; SCLKMUX_RE                                                                                                                                                                                                   ;
;   4.918 ;   0.021  ; RR ; RE   ; 1      ; ROWCLK_TAPOFF_X255_Y67_N0_I3                ; Row Clock Tap-Off          ; ROWCLK_TAPOFF                                                                                                                                                                                                ;
;   4.941 ;   0.023  ; RR ; RE   ; 1      ; GLOBAL_LOCAL_SEL_X255_Y67_N0_I2             ; GLOBAL_LOCAL_SEL           ; GLOBAL_LOCAL_SEL                                                                                                                                                                                             ;
;   4.955 ;   0.014  ; RR ; RE   ; 1      ; RPII_X255_Y67_N0_I2                         ; Programmable Invert Input  ; RPII                                                                                                                                                                                                         ;
;   4.955 ;   0.000  ; RR ; RE   ; 1      ; RPI_X255_Y67_N0_I2                          ; Programmable Invert        ; RPI                                                                                                                                                                                                          ;
;   4.955 ;   0.000  ; RR ; RE   ; 25     ; LAB_RE_X255_Y67_N0_I83                      ; LAB_RE                     ; clka                                                                                                                                                                                                         ;
;   4.955 ;   0.000  ; RR ; RE   ; 1      ; LAB_RE_X255_Y67_N0_I150                     ; LAB_RE                     ; LAB_RE                                                                                                                                                                                                       ;
;   4.955 ;   0.000  ; RR ; RE   ; 15     ; LEIMCLKALE_X255_Y67_N0_I0                   ; LEIMCLKALE                 ; LEIMCLKALE                                                                                                                                                                                                   ;
;   4.955 ;   0.000  ; RR ; RE   ; 1      ; HYPERFLEX_CLK_M_MUX_X255_Y67_N0_I45         ; Hyperflex clocking network ; HIPI_M_MUX                                                                                                                                                                                                   ;
;   4.955 ;   0.000  ;    ; IC   ; 1      ; BLOCK_INPUT_MUX_PASSTHROUGH_X255_Y67_N0_I40 ; Hyper-Register             ; afu_top|pg_afu.port_gasket|pr_slot|afu_main|port_afu_instances|ofs_plat_afu|core|dma|csr_mgr_inst|add_2~71_BLOCK_INPUT_MUX_PASSTHROUGH_X255_Y67_N0_I40_dff|clk                                               ;
;   4.955 ;   0.000  ; RR ; CELL ; 1      ; BLOCK_INPUT_MUX_PASSTHROUGH_X255_Y67_N0_I40 ; Hyper-Register             ; afu_top|pg_afu.port_gasket|pr_slot|afu_main|port_afu_instances|ofs_plat_afu|core|dma|csr_mgr_inst|add_2~71_BLOCK_INPUT_MUX_PASSTHROUGH_X255_Y67_N0_I40_dff                                                   ;
;   5.650 ;   0.695  ;    ;      ;        ;                                             ;                            ; clock pessimism removed                                                                                                                                                                                      ;
;   5.636 ;   -0.014 ;    ;      ;        ;                                             ;                            ; advanced clock effects                                                                                                                                                                                       ;
; 5.606   ; -0.030   ;    ;      ;        ;                                             ;                            ; clock uncertainty                                                                                                                                                                                            ;
; 5.691   ; 0.085    ;    ; uTsu ; 1      ; BLOCK_INPUT_MUX_PASSTHROUGH_X255_Y67_N0_I40 ; Hyper-Register             ; afu_top|pg_afu.port_gasket|pr_slot|afu_main|port_afu_instances|ofs_plat_afu|core|dma|csr_mgr_inst|add_2~71_BLOCK_INPUT_MUX_PASSTHROUGH_X255_Y67_N0_I40_dff                                                   ;
+---------+----------+----+------+--------+---------------------------------------------+----------------------------+--------------------------------------------------------------------------------------------------------------------------------------------------------------------------------------------------------------+


Path #2: Setup slack is 1.961 
===============================================================================
+--------------------------------------------------------------------------------------------------------------------------------------------------------------------------------------------------------------------+
; Path Summary                                                                                                                                                                                                       ;
+---------------------------------+----------------------------------------------------------------------------------------------------------------------------------------------------------------------------------+
; Property                        ; Value                                                                                                                                                                            ;
+---------------------------------+----------------------------------------------------------------------------------------------------------------------------------------------------------------------------------+
; From Node                       ; afu_top|pg_afu.port_gasket|pr_slot|afu_main|port_afu_instances|ofs_plat_afu|core|dma|csr_mgr_inst|mmio64_reg.w.data[0]~DUPLICATE_BLOCK_INPUT_MUX_PASSTHROUGH_X259_Y69_N0_I36_dff ;
; To Node                         ; afu_top|pg_afu.port_gasket|pr_slot|afu_main|port_afu_instances|ofs_plat_afu|core|dma|csr_mgr_inst|add_0~31_BLOCK_INPUT_MUX_PASSTHROUGH_X261_Y67_N0_I8_dff                        ;
; Launch Clock                    ; local_mem_wrapper|mem_ss_top|mem_ss_sv|mem_ss|mem_ss|emif_0|emif_0_core_usr_clk                                                                                                  ;
; Latch Clock                     ; local_mem_wrapper|mem_ss_top|mem_ss_sv|mem_ss|mem_ss|emif_0|emif_0_core_usr_clk                                                                                                  ;
; SDC Exception                   ; No SDC Exception on Path                                                                                                                                                         ;
; Data Arrival Time               ; 3.750                                                                                                                                                                            ;
; Data Required Time              ; 5.711                                                                                                                                                                            ;
; Slack                           ; 1.961                                                                                                                                                                            ;
; Worst-Case Operating Conditions ; Fast vid2a 0C Model                                                                                                                                                              ;
+---------------------------------+----------------------------------------------------------------------------------------------------------------------------------------------------------------------------------+

+--------------------------------------------------------------------------------------+
; Statistics                                                                           ;
+------------------------+--------+-------+-------------+------------+--------+--------+
; Property               ; Value  ; Count ; Total Delay ; % of Total ; Min    ; Max    ;
+------------------------+--------+-------+-------------+------------+--------+--------+
; Setup Relationship     ; 3.000  ;       ;             ;            ;        ;        ;
; Clock Skew             ; -0.054 ;       ;             ;            ;        ;        ;
; Data Delay             ; 1.050  ;       ;             ;            ;        ;        ;
; Number of Logic Levels ;        ; 1     ;             ;            ;        ;        ;
; Physical Delays        ;        ;       ;             ;            ;        ;        ;
;  Arrival Path          ;        ;       ;             ;            ;        ;        ;
;   Clock                ;        ;       ;             ;            ;        ;        ;
;    IC                  ;        ; 3     ; 0.000       ; 0          ; 0.000  ; 0.000  ;
;    Cell                ;        ; 15    ; 2.278       ; 47         ; 0.000  ; 0.749  ;
;    PLL Compensation    ;        ; 2     ; -2.179      ; 0          ; -1.661 ; -0.518 ;
;    Routing Element     ;        ; 58    ; 2.601       ; 53         ; 0.000  ; 0.192  ;
;   Data                 ;        ;       ;             ;            ;        ;        ;
;    IC                  ;        ; 4     ; 0.000       ; 0          ; 0.000  ; 0.000  ;
;    Cell                ;        ; 14    ; 0.478       ; 46         ; 0.000  ; 0.228  ;
;    uTco                ;        ; 1     ; 0.169       ; 16         ; 0.169  ; 0.169  ;
;    Routing Element     ;        ; 21    ; 0.403       ; 38         ; 0.000  ; 0.059  ;
;  Required Path         ;        ;       ;             ;            ;        ;        ;
;   Clock                ;        ;       ;             ;            ;        ;        ;
;    IC                  ;        ; 3     ; 0.000       ; 0          ; 0.000  ; 0.000  ;
;    Cell                ;        ; 15    ; 2.011       ; 46         ; 0.000  ; 0.664  ;
;    PLL Compensation    ;        ; 2     ; -2.385      ; 0          ; -1.793 ; -0.592 ;
;    Routing Element     ;        ; 58    ; 2.339       ; 54         ; 0.000  ; 0.167  ;
+------------------------+--------+-------+-------------+------------+--------+--------+
Note: Negative delays are omitted from totals when calculating percentages

+------------------------------------------------------------------------------------------------------------------------------------------------------------------------------------------------------------------------------------------------------------------------------------------------------------------------------------+
; Data Arrival Path                                                                                                                                                                                                                                                                                                                  ;
+----------+----------+----+------+--------+---------------------------------------------+----------------------------+--------------------------------------------------------------------------------------------------------------------------------------------------------------------------------------------------------------+
; Total    ; Incr     ; RF ; Type ; Fanout ; Location                                    ; Element Type               ; Element                                                                                                                                                                                                      ;
+----------+----------+----+------+--------+---------------------------------------------+----------------------------+--------------------------------------------------------------------------------------------------------------------------------------------------------------------------------------------------------------+
; 0.000    ; 0.000    ;    ;      ;        ;                                             ;                            ; launch edge time                                                                                                                                                                                             ;
; 2.700    ; 2.700    ;    ;      ;        ;                                             ;                            ; clock path                                                                                                                                                                                                   ;
;   0.000  ;   0.000  ;    ;      ;        ;                                             ;                            ; source latency                                                                                                                                                                                               ;
;   0.000  ;   0.000  ;    ;      ; 1      ; PIN_HF23                                    ; I/O pad                    ; ddr4_mem_ref_clk[0].clk                                                                                                                                                                                      ;
;   0.000  ;   0.000  ;    ; IC   ; 1      ; IOIBUF_X280_Y0_N376                         ; I/O input buffer           ; ddr4_mem_ref_clk[0].clk~input|i                                                                                                                                                                              ;
;   0.129  ;   0.129  ; RR ; CELL ; 2      ; IOIBUF_X280_Y0_N376                         ; I/O input buffer           ; ddr4_mem_ref_clk[0].clk~input|o                                                                                                                                                                              ;
;   0.878  ;   0.749  ; RR ; CELL ; 1      ; REFCLKINPUT_X281_Y0_N301                    ; I/O reference clock tree   ; local_mem_wrapper|mem_ss_top|mem_ss_sv|mem_ss|mem_ss|emif_0|emif_0|arch|arch_inst|pll_inst|pll_inst~refclk|ref_clk_in                                                                                        ;
;   1.000  ;   0.122  ; RR ; CELL ; 3      ; REFCLKINPUT_X281_Y0_N301                    ; I/O reference clock tree   ; local_mem_wrapper|mem_ss_top|mem_ss_sv|mem_ss|mem_ss|emif_0|emif_0|arch|arch_inst|pll_inst|pll_inst~refclk|ref0_to_btm                                                                                       ;
;   1.337  ;   0.337  ; RR ; CELL ; 1      ; REFCLKINPUT_X281_Y0_N301                    ; I/O reference clock tree   ; local_mem_wrapper|mem_ss_top|mem_ss_sv|mem_ss|mem_ss|emif_0|emif_0|arch|arch_inst|pll_inst|pll_inst~refclk|clk_out                                                                                           ;
;   1.337  ;   0.000  ; RR ; CELL ; 1      ; IOPLL_X281_Y0_N303                          ; IOPLL                      ; local_mem_wrapper|mem_ss_top|mem_ss_sv|mem_ss|mem_ss|emif_0|emif_0|arch|arch_inst|pll_inst|pll_inst|pll_cascade_in                                                                                           ;
;   1.474  ;   0.137  ; RR ; CELL ; 2      ; IOPLL_X281_Y0_N303                          ; IOPLL                      ; local_mem_wrapper|mem_ss_top|mem_ss_sv|mem_ss|mem_ss|emif_0|emif_0|arch|arch_inst|pll_inst|pll_inst~fmio96fs_wr/x0/fmio96_core_inst/fmio48tile_top/x5/u4_3/x0/xiopll_custom/xclkin_sw/xpm_pll_so/clk[0]      ;
;   1.600  ;   0.126  ; RR ; CELL ; 2      ; IOPLL_X281_Y0_N303                          ; IOPLL                      ; local_mem_wrapper|mem_ss_top|mem_ss_sv|mem_ss|mem_ss|emif_0|emif_0|arch|arch_inst|pll_inst|pll_inst~fmio96fs_wr/x0/fmio96_core_inst/fmio48tile_top/x5/u4_3/x0/xiopll_custom/xiopll_core/xncnt_iopll/clk      ;
;   1.718  ;   0.118  ; RR ; CELL ; 3      ; IOPLL_X281_Y0_N303                          ; IOPLL                      ; local_mem_wrapper|mem_ss_top|mem_ss_sv|mem_ss|mem_ss|emif_0|emif_0|arch|arch_inst|pll_inst|pll_inst~pllnout                                                                                                  ;
;   1.815  ;   0.097  ; RF ; CELL ; 1      ; IOPLL_X281_Y0_N303                          ; IOPLL                      ; local_mem_wrapper|mem_ss_top|mem_ss_sv|mem_ss|mem_ss|emif_0|emif_0|arch|arch_inst|pll_inst|pll_inst~vco_refclk                                                                                               ;
;   1.822  ;   0.007  ; FR ; CELL ; 1      ; IOPLL_X281_Y0_N303                          ; IOPLL                      ; local_mem_wrapper|mem_ss_top|mem_ss_sv|mem_ss|mem_ss|emif_0|emif_0|arch|arch_inst|pll_inst|pll_inst~vctrl                                                                                                    ;
;   1.304  ;   -0.518 ; RR ; COMP ; 1      ; IOPLL_X281_Y0_N303                          ; IOPLL                      ; local_mem_wrapper|mem_ss_top|mem_ss_sv|mem_ss|mem_ss|emif_0|emif_0|arch|arch_inst|pll_inst|pll_inst~vcoph[0]                                                                                                 ;
;   1.304  ;   0.000  ; RR ; CELL ; 10     ; IOPLL_X281_Y0_N303                          ; IOPLL                      ; local_mem_wrapper|mem_ss_top|mem_ss_sv|mem_ss|mem_ss|emif_0|emif_0|arch|arch_inst|pll_inst|pll_inst|vcoph[0]                                                                                                 ;
;   1.304  ;   0.000  ; RR ; CELL ; 3      ; TILECTRL_X281_Y0_N298                       ; I/O tile control logic     ; local_mem_wrapper|mem_ss_top|mem_ss_sv|mem_ss|mem_ss|emif_0|emif_0|arch|arch_inst|io_tiles_wrap_inst|io_tiles_inst|tile_gen[1].tile_ctrl_inst|pll_vco_in[0]                                                  ;
;   -0.357 ;   -1.661 ; RR ; COMP ; 1      ; TILECTRL_X281_Y0_N298                       ; I/O tile control logic     ; local_mem_wrapper|mem_ss_top|mem_ss_sv|mem_ss|mem_ss|emif_0|emif_0|arch|arch_inst|io_tiles_wrap_inst|io_tiles_inst|tile_gen[1].tile_ctrl_inst|pa_core_clk_out[0]                                             ;
;   0.099  ;   0.456  ; RR ; CELL ; 16258  ; TILECTRL_X281_Y0_N298                       ; I/O tile control logic     ; local_mem_wrapper|mem_ss_top|mem_ss_sv|mem_ss|mem_ss|emif_0|emif_0|arch|arch_inst|io_tiles_wrap_inst|io_tiles_inst|tile_gen[1].tile_ctrl_inst~fmio96fs_wr/m32_0_29__iophasealignment_to_dcm__core_clk_out[1] ;
;   0.099  ;   0.000  ;    ; IC   ; 1      ; Boundary Port                               ; N/A                        ; afu_top|pg_afu.port_gasket|pr_slot|afu_main|ext_mem_if[0].clk|input                                                                                                                                          ;
;   0.099  ;   0.000  ; RR ; CELL ; 105325 ; Boundary Port                               ; N/A                        ; afu_top|pg_afu.port_gasket|pr_slot|afu_main|ext_mem_if[0].clk                                                                                                                                                ;
;   0.099  ;   0.000  ; RR ; RE   ; 1      ; TILECTRL_X281_Y0_N298                       ; I/O tile control logic     ; TILE_CTRL                                                                                                                                                                                                    ;
;   0.147  ;   0.048  ; RR ; RE   ; 1      ; IO96FSWRRE_X280_Y0_N0_I3537                 ; IO96FS_WR_RE               ; IO96FS_WR_RE                                                                                                                                                                                                 ;
;   0.210  ;   0.063  ; RR ; RE   ; 1      ; DCM_mux_X307_Y2_N0_I29                      ; DCM_mux                    ; CC_DCM_GMUX_RE                                                                                                                                                                                               ;
;   0.262  ;   0.052  ; RR ; RE   ; 1      ; IO_P2C_RE_X280_Y2_N150_I75                  ; IO_P2C_RE                  ; IO_P2C_RE                                                                                                                                                                                                    ;
;   0.276  ;   0.014  ; RR ; RE   ; 1      ; IO_P2C_RE_X280_Y2_N150_I26                  ; IO_P2C_RE                  ; IO_P2C_RE                                                                                                                                                                                                    ;
;   0.309  ;   0.033  ; RR ; RE   ; 1      ; Switchbox_clock_mux_X280_Y2_N0_I197         ; Switchbox_clock_mux        ; CLOCK_SEGMENT_MUX                                                                                                                                                                                            ;
;   0.375  ;   0.066  ; RR ; RE   ; 1      ; Switchbox_clock_mux_X280_Y2_N0_I105         ; Switchbox_clock_mux        ; CLOCK_SEGMENT_MUX                                                                                                                                                                                            ;
;   0.398  ;   0.023  ; RF ; RE   ; 1      ; Vertical_seam_tap_mux_X280_Y23_N0_I165      ; Vertical_seam_tap_mux      ; CLOCK_SEGMENT_TAP_MUX                                                                                                                                                                                        ;
;   0.438  ;   0.040  ; FR ; RE   ; 1      ; Vertical_seam_tap_mux_X280_Y23_N0_I53       ; Vertical_seam_tap_mux      ; CLOCK_SEGMENT_TAP_MUX                                                                                                                                                                                        ;
;   0.469  ;   0.031  ; RR ; RE   ; 1      ; Switchbox_clock_mux_X280_Y43_N0_I197        ; Switchbox_clock_mux        ; CLOCK_SEGMENT_MUX                                                                                                                                                                                            ;
;   0.535  ;   0.066  ; RR ; RE   ; 1      ; Switchbox_clock_mux_X280_Y43_N0_I105        ; Switchbox_clock_mux        ; CLOCK_SEGMENT_MUX                                                                                                                                                                                            ;
;   0.558  ;   0.023  ; RF ; RE   ; 1      ; Vertical_seam_tap_mux_X280_Y64_N0_I165      ; Vertical_seam_tap_mux      ; CLOCK_SEGMENT_TAP_MUX                                                                                                                                                                                        ;
;   0.598  ;   0.040  ; FR ; RE   ; 1      ; Vertical_seam_tap_mux_X280_Y64_N0_I53       ; Vertical_seam_tap_mux      ; CLOCK_SEGMENT_TAP_MUX                                                                                                                                                                                        ;
;   0.629  ;   0.031  ; RR ; RE   ; 1      ; Switchbox_clock_mux_X280_Y84_N0_I197        ; Switchbox_clock_mux        ; CLOCK_SEGMENT_MUX                                                                                                                                                                                            ;
;   0.691  ;   0.062  ; RR ; RE   ; 1      ; Switchbox_clock_mux_X280_Y84_N0_I105        ; Switchbox_clock_mux        ; CLOCK_SEGMENT_MUX                                                                                                                                                                                            ;
;   0.714  ;   0.023  ; RF ; RE   ; 1      ; Vertical_seam_tap_mux_X280_Y105_N0_I165     ; Vertical_seam_tap_mux      ; CLOCK_SEGMENT_TAP_MUX                                                                                                                                                                                        ;
;   0.754  ;   0.040  ; FR ; RE   ; 1      ; Vertical_seam_tap_mux_X280_Y105_N0_I53      ; Vertical_seam_tap_mux      ; CLOCK_SEGMENT_TAP_MUX                                                                                                                                                                                        ;
;   0.785  ;   0.031  ; RR ; RE   ; 1      ; Switchbox_clock_mux_X280_Y125_N0_I197       ; Switchbox_clock_mux        ; CLOCK_SEGMENT_MUX                                                                                                                                                                                            ;
;   0.847  ;   0.062  ; RR ; RE   ; 1      ; Switchbox_clock_mux_X280_Y125_N0_I105       ; Switchbox_clock_mux        ; CLOCK_SEGMENT_MUX                                                                                                                                                                                            ;
;   0.870  ;   0.023  ; RF ; RE   ; 1      ; Vertical_seam_tap_mux_X280_Y146_N0_I165     ; Vertical_seam_tap_mux      ; CLOCK_SEGMENT_TAP_MUX                                                                                                                                                                                        ;
;   0.910  ;   0.040  ; FR ; RE   ; 1      ; Vertical_seam_tap_mux_X280_Y146_N0_I53      ; Vertical_seam_tap_mux      ; CLOCK_SEGMENT_TAP_MUX                                                                                                                                                                                        ;
;   0.941  ;   0.031  ; RR ; RE   ; 1      ; Switchbox_clock_mux_X280_Y166_N0_I197       ; Switchbox_clock_mux        ; CLOCK_SEGMENT_MUX                                                                                                                                                                                            ;
;   1.084  ;   0.143  ; RR ; RE   ; 1      ; Switchbox_clock_mux_X280_Y166_N0_I106       ; Switchbox_clock_mux        ; CLOCK_SEGMENT_MUX                                                                                                                                                                                            ;
;   1.117  ;   0.033  ; RR ; RE   ; 1      ; Switchbox_clock_mux_X226_Y166_N0_I229       ; Switchbox_clock_mux        ; CLOCK_SEGMENT_MUX                                                                                                                                                                                            ;
;   1.148  ;   0.031  ; RR ; RE   ; 2      ; Switchbox_clock_mux_X226_Y166_N0_I153       ; Switchbox_clock_mux        ; CLOCK_SEGMENT_MUX                                                                                                                                                                                            ;
;   1.210  ;   0.062  ; RR ; RE   ; 1      ; Switchbox_clock_mux_X226_Y166_N0_I103       ; Switchbox_clock_mux        ; CLOCK_SEGMENT_MUX                                                                                                                                                                                            ;
;   1.233  ;   0.023  ; RF ; RE   ; 1      ; Vertical_seam_tap_mux_X226_Y146_N0_I134     ; Vertical_seam_tap_mux      ; CLOCK_SEGMENT_TAP_MUX                                                                                                                                                                                        ;
;   1.274  ;   0.041  ; FR ; RE   ; 1      ; Vertical_seam_tap_mux_X226_Y146_N0_I50      ; Vertical_seam_tap_mux      ; CLOCK_SEGMENT_TAP_MUX                                                                                                                                                                                        ;
;   1.306  ;   0.032  ; RR ; RE   ; 1      ; Switchbox_clock_mux_X226_Y125_N0_I166       ; Switchbox_clock_mux        ; CLOCK_SEGMENT_MUX                                                                                                                                                                                            ;
;   1.368  ;   0.062  ; RR ; RE   ; 1      ; Switchbox_clock_mux_X226_Y125_N0_I103       ; Switchbox_clock_mux        ; CLOCK_SEGMENT_MUX                                                                                                                                                                                            ;
;   1.391  ;   0.023  ; RF ; RE   ; 1      ; Vertical_seam_tap_mux_X226_Y105_N0_I134     ; Vertical_seam_tap_mux      ; CLOCK_SEGMENT_TAP_MUX                                                                                                                                                                                        ;
;   1.432  ;   0.041  ; FR ; RE   ; 1      ; Vertical_seam_tap_mux_X226_Y105_N0_I50      ; Vertical_seam_tap_mux      ; CLOCK_SEGMENT_TAP_MUX                                                                                                                                                                                        ;
;   1.464  ;   0.032  ; RR ; RE   ; 2      ; Switchbox_clock_mux_X226_Y84_N0_I166        ; Switchbox_clock_mux        ; CLOCK_SEGMENT_MUX                                                                                                                                                                                            ;
;   1.614  ;   0.150  ; RR ; RE   ; 1      ; Switchbox_clock_mux_X226_Y84_N0_I102        ; Switchbox_clock_mux        ; CLOCK_SEGMENT_MUX                                                                                                                                                                                            ;
;   1.646  ;   0.032  ; RR ; RE   ; 1      ; Switchbox_clock_mux_X280_Y84_N0_I230        ; Switchbox_clock_mux        ; CLOCK_SEGMENT_MUX                                                                                                                                                                                            ;
;   1.789  ;   0.143  ; RR ; RE   ; 1      ; Switchbox_clock_mux_X280_Y84_N0_I100        ; Switchbox_clock_mux        ; CLOCK_SEGMENT_MUX                                                                                                                                                                                            ;
;   1.821  ;   0.032  ; RR ; RE   ; 2      ; Switchbox_clock_mux_X334_Y84_N0_I230        ; Switchbox_clock_mux        ; CLOCK_SEGMENT_MUX                                                                                                                                                                                            ;
;   1.883  ;   0.062  ; RR ; RE   ; 1      ; Switchbox_clock_mux_X334_Y84_N0_I103        ; Switchbox_clock_mux        ; CLOCK_SEGMENT_MUX                                                                                                                                                                                            ;
;   1.906  ;   0.023  ; RF ; RE   ; 1      ; Vertical_seam_tap_mux_X334_Y64_N0_I134      ; Vertical_seam_tap_mux      ; CLOCK_SEGMENT_TAP_MUX                                                                                                                                                                                        ;
;   1.946  ;   0.040  ; FR ; RE   ; 1      ; Vertical_seam_tap_mux_X334_Y64_N0_I50       ; Vertical_seam_tap_mux      ; CLOCK_SEGMENT_TAP_MUX                                                                                                                                                                                        ;
;   1.978  ;   0.032  ; RR ; RE   ; 2      ; Switchbox_clock_mux_X334_Y43_N0_I166        ; Switchbox_clock_mux        ; CLOCK_SEGMENT_MUX                                                                                                                                                                                            ;
;   2.126  ;   0.148  ; RR ; RE   ; 1      ; Switchbox_clock_mux_X334_Y43_N0_I102        ; Switchbox_clock_mux        ; CLOCK_SEGMENT_MUX                                                                                                                                                                                            ;
;   2.159  ;   0.033  ; RR ; RE   ; 2      ; Switchbox_clock_mux_X280_Y43_N0_I262        ; Switchbox_clock_mux        ; CLOCK_SEGMENT_MUX                                                                                                                                                                                            ;
;   2.225  ;   0.066  ; RR ; RE   ; 1      ; Switchbox_clock_mux_X280_Y43_N0_I101        ; Switchbox_clock_mux        ; CLOCK_SEGMENT_MUX                                                                                                                                                                                            ;
;   2.256  ;   0.031  ; RR ; RE   ; 2      ; Vertical_seam_tap_mux_X280_Y64_N0_I166      ; Vertical_seam_tap_mux      ; CLOCK_SEGMENT_TAP_MUX                                                                                                                                                                                        ;
;   2.322  ;   0.066  ; RR ; RE   ; 1      ; Vertical_seam_tap_mux_X280_Y64_N0_I115      ; Vertical_seam_tap_mux      ; CLOCK_SEGMENT_TAP_MUX                                                                                                                                                                                        ;
;   2.413  ;   0.091  ; RR ; RE   ; 1      ; SPINE_TAP_RE_X253_Y64_N103_I89              ; SPINE_TAP_RE               ; SPINE_TAP_RE                                                                                                                                                                                                 ;
;   2.423  ;   0.010  ; RR ; RE   ; 41     ; SPINE_TAP_RE_X253_Y64_N103_I25              ; SPINE_TAP_RE               ; SPINE_TAP_RE                                                                                                                                                                                                 ;
;   2.615  ;   0.192  ; RR ; RE   ; 2      ; SCLKMUX_RE_X253_Y69_N188_I25                ; SCLKMUX_RE                 ; SCLKMUX_RE                                                                                                                                                                                                   ;
;   2.627  ;   0.012  ; RR ; RE   ; 17     ; SCLKMUX_RE_X253_Y69_N188_I40                ; SCLKMUX_RE                 ; SCLKMUX_RE                                                                                                                                                                                                   ;
;   2.653  ;   0.026  ; RR ; RE   ; 1      ; ROWCLK_TAPOFF_X259_Y69_N0_I3                ; Row Clock Tap-Off          ; ROWCLK_TAPOFF                                                                                                                                                                                                ;
;   2.683  ;   0.030  ; RR ; RE   ; 1      ; GLOBAL_LOCAL_SEL_X259_Y69_N0_I2             ; GLOBAL_LOCAL_SEL           ; GLOBAL_LOCAL_SEL                                                                                                                                                                                             ;
;   2.700  ;   0.017  ; RR ; RE   ; 1      ; RPII_X259_Y69_N0_I2                         ; Programmable Invert Input  ; RPII                                                                                                                                                                                                         ;
;   2.700  ;   0.000  ; RR ; RE   ; 1      ; RPI_X259_Y69_N0_I2                          ; Programmable Invert        ; RPI                                                                                                                                                                                                          ;
;   2.700  ;   0.000  ; RR ; RE   ; 21     ; LAB_RE_X259_Y69_N0_I83                      ; LAB_RE                     ; clka                                                                                                                                                                                                         ;
;   2.700  ;   0.000  ; RR ; RE   ; 1      ; LAB_RE_X259_Y69_N0_I150                     ; LAB_RE                     ; LAB_RE                                                                                                                                                                                                       ;
;   2.700  ;   0.000  ; RR ; RE   ; 11     ; LEIMCLKALE_X259_Y69_N0_I0                   ; LEIMCLKALE                 ; LEIMCLKALE                                                                                                                                                                                                   ;
;   2.700  ;   0.000  ; RR ; RE   ; 1      ; HYPERFLEX_CLK_M_MUX_X259_Y69_N0_I40         ; Hyperflex clocking network ; HIPI_M_MUX                                                                                                                                                                                                   ;
;   2.700  ;   0.000  ;    ; IC   ; 1      ; BLOCK_INPUT_MUX_PASSTHROUGH_X259_Y69_N0_I36 ; Hyper-Register             ; afu_top|pg_afu.port_gasket|pr_slot|afu_main|port_afu_instances|ofs_plat_afu|core|dma|csr_mgr_inst|mmio64_reg.w.data[0]~DUPLICATE_BLOCK_INPUT_MUX_PASSTHROUGH_X259_Y69_N0_I36_dff|clk                         ;
;   2.700  ;   0.000  ; RR ; CELL ; 1      ; BLOCK_INPUT_MUX_PASSTHROUGH_X259_Y69_N0_I36 ; Hyper-Register             ; afu_top|pg_afu.port_gasket|pr_slot|afu_main|port_afu_instances|ofs_plat_afu|core|dma|csr_mgr_inst|mmio64_reg.w.data[0]~DUPLICATE_BLOCK_INPUT_MUX_PASSTHROUGH_X259_Y69_N0_I36_dff                             ;
; 3.750    ; 1.050    ;    ;      ;        ;                                             ;                            ; data path                                                                                                                                                                                                    ;
;   2.869  ;   0.169  ; RR ; uTco ; 2      ; BLOCK_INPUT_MUX_PASSTHROUGH_X259_Y69_N0_I36 ; Hyper-Register             ; afu_top|pg_afu.port_gasket|pr_slot|afu_main|port_afu_instances|ofs_plat_afu|core|dma|csr_mgr_inst|mmio64_reg.w.data[0]~DUPLICATE_BLOCK_INPUT_MUX_PASSTHROUGH_X259_Y69_N0_I36_dff|q                           ;
;   2.869  ;   0.000  ; RR ; RE   ; 1      ; BLOCK_INPUT_MUX_PASSTHROUGH_X259_Y69_N0_I36 ; Hyper-Register             ; LEIM                                                                                                                                                                                                         ;
;   2.870  ;   0.001  ; RR ; RE   ; 1      ; BLOCK_INPUT_MUX_PASSTHROUGH_X259_Y69_N0_I36 ; Block Input Mux            ; LEIM                                                                                                                                                                                                         ;
;   2.870  ;   0.000  ; RR ; RE   ; 2      ; LAB_RE_X259_Y69_N0_I35                      ; LAB_RE                     ; leima[4]                                                                                                                                                                                                     ;
;   2.870  ;   0.000  ;    ; IC   ; 2      ; FF_X259_Y69_N25                             ; Bypassed ALM Register      ; afu_top|pg_afu.port_gasket|pr_slot|afu_main|port_afu_instances|ofs_plat_afu|core|dma|csr_mgr_inst|dma_csr_map.descriptor.length[0]~.comb|d                                                                   ;
;   2.948  ;   0.078  ; RR ; CELL ; 3      ; FF_X259_Y69_N25                             ; Bypassed ALM Register      ; afu_top|pg_afu.port_gasket|pr_slot|afu_main|port_afu_instances|ofs_plat_afu|core|dma|csr_mgr_inst|dma_csr_map.descriptor.length[0]~.comb|q                                                                   ;
;   2.948  ;   0.000  ; RR ; RE   ; 1      ; FF_X259_Y69_N25                             ; Bypassed ALM Register      ; FF                                                                                                                                                                                                           ;
;   2.953  ;   0.005  ; RR ; RE   ; 2      ; LAB_RE_X259_Y69_N0_I105                     ; LAB_RE                     ; LAB_RE                                                                                                                                                                                                       ;
;   2.988  ;   0.035  ; RR ; RE   ; 2      ; R0_X259_Y69_N0_I28                          ; R0 interconnect            ; H0                                                                                                                                                                                                           ;
;   3.023  ;   0.035  ; RR ; RE   ; 1      ; R0_X259_Y69_N0_I46                          ; R0 interconnect            ; H0                                                                                                                                                                                                           ;
;   3.055  ;   0.032  ; RR ; RE   ; 1      ; R1_X260_Y69_N0_I36                          ; R1 interconnect            ; H1                                                                                                                                                                                                           ;
;   3.093  ;   0.038  ; RF ; RE   ; 1      ; LOCAL_INTERCONNECT_X260_Y69_N0_I76          ; Block interconnect         ; LAB_LINE                                                                                                                                                                                                     ;
;   3.123  ;   0.030  ; FR ; RE   ; 1      ; BLOCK_INPUT_MUX_PASSTHROUGH_X260_Y69_N0_I7  ; Block Input Mux            ; LEIM                                                                                                                                                                                                         ;
;   3.123  ;   0.000  ; RR ; RE   ; 1      ; LAB_RE_X260_Y69_N0_I1                       ; LAB_RE                     ; leimd0[0]                                                                                                                                                                                                    ;
;   3.123  ;   0.000  ;    ; IC   ; 5      ; MLABCELL_X260_Y69_N0                        ; Combinational cell         ; afu_top|pg_afu.port_gasket|pr_slot|afu_main|port_afu_instances|ofs_plat_afu|core|dma|csr_mgr_inst|add_0~256|datad                                                                                            ;
;   3.351  ;   0.228  ; RR ; CELL ; 1      ; MLABCELL_X260_Y69_N57                       ; Combinational cell         ; afu_top|pg_afu.port_gasket|pr_slot|afu_main|port_afu_instances|ofs_plat_afu|core|dma|csr_mgr_inst|add_0~161|cout                                                                                             ;
;   3.351  ;   0.000  ; RR ; RE   ; 1      ; MLABCELL_X260_Y69_N57                       ; Combinational cell         ; MP_MLAB_COMB                                                                                                                                                                                                 ;
;   3.392  ;   0.041  ; RR ; RE   ; 1      ; LAB_RE_X260_Y69_N0_I154                     ; LAB_RE                     ; LAB_RE                                                                                                                                                                                                       ;
;   3.392  ;   0.000  ; RR ; RE   ; 1      ; LAB_RE_X260_Y68_N0_I153                     ; LAB_RE                     ; t_mlabncc                                                                                                                                                                                                    ;
;   3.392  ;   0.000  ;    ; IC   ; 5      ; MLABCELL_X260_Y68_N0                        ; Combinational cell         ; afu_top|pg_afu.port_gasket|pr_slot|afu_main|port_afu_instances|ofs_plat_afu|core|dma|csr_mgr_inst|add_0~156|cin                                                                                              ;
;   3.411  ;   0.019  ; RF ; CELL ; 1      ; MLABCELL_X260_Y68_N27                       ; Combinational cell         ; afu_top|pg_afu.port_gasket|pr_slot|afu_main|port_afu_instances|ofs_plat_afu|core|dma|csr_mgr_inst|add_0~71|cout                                                                                              ;
;   3.411  ;   0.000  ; FF ; CELL ; 3      ; MLABCELL_X260_Y68_N30                       ; Combinational cell         ; afu_top|pg_afu.port_gasket|pr_slot|afu_main|port_afu_instances|ofs_plat_afu|core|dma|csr_mgr_inst|add_0~76|cin                                                                                               ;
;   3.429  ;   0.018  ; FR ; CELL ; 1      ; MLABCELL_X260_Y68_N33                       ; Combinational cell         ; afu_top|pg_afu.port_gasket|pr_slot|afu_main|port_afu_instances|ofs_plat_afu|core|dma|csr_mgr_inst|add_0~66|cout                                                                                              ;
;   3.429  ;   0.000  ; RR ; CELL ; 3      ; MLABCELL_X260_Y68_N36                       ; Combinational cell         ; afu_top|pg_afu.port_gasket|pr_slot|afu_main|port_afu_instances|ofs_plat_afu|core|dma|csr_mgr_inst|add_0~26|cin                                                                                               ;
;   3.446  ;   0.017  ; RF ; CELL ; 1      ; MLABCELL_X260_Y68_N39                       ; Combinational cell         ; afu_top|pg_afu.port_gasket|pr_slot|afu_main|port_afu_instances|ofs_plat_afu|core|dma|csr_mgr_inst|add_0~106|cout                                                                                             ;
;   3.446  ;   0.000  ; FF ; CELL ; 3      ; MLABCELL_X260_Y68_N42                       ; Combinational cell         ; afu_top|pg_afu.port_gasket|pr_slot|afu_main|port_afu_instances|ofs_plat_afu|core|dma|csr_mgr_inst|add_0~111|cin                                                                                              ;
;   3.462  ;   0.016  ; FR ; CELL ; 1      ; MLABCELL_X260_Y68_N45                       ; Combinational cell         ; afu_top|pg_afu.port_gasket|pr_slot|afu_main|port_afu_instances|ofs_plat_afu|core|dma|csr_mgr_inst|add_0~51|cout                                                                                              ;
;   3.462  ;   0.000  ; RR ; CELL ; 3      ; MLABCELL_X260_Y68_N48                       ; Combinational cell         ; afu_top|pg_afu.port_gasket|pr_slot|afu_main|port_afu_instances|ofs_plat_afu|core|dma|csr_mgr_inst|add_0~56|cin                                                                                               ;
;   3.479  ;   0.017  ; RF ; CELL ; 1      ; MLABCELL_X260_Y68_N51                       ; Combinational cell         ; afu_top|pg_afu.port_gasket|pr_slot|afu_main|port_afu_instances|ofs_plat_afu|core|dma|csr_mgr_inst|add_0~41|cout                                                                                              ;
;   3.479  ;   0.000  ; FF ; CELL ; 2      ; MLABCELL_X260_Y68_N54                       ; Combinational cell         ; afu_top|pg_afu.port_gasket|pr_slot|afu_main|port_afu_instances|ofs_plat_afu|core|dma|csr_mgr_inst|add_0~46|cin                                                                                               ;
;   3.564  ;   0.085  ; FF ; CELL ; 1      ; MLABCELL_X260_Y68_N57                       ; Combinational cell         ; afu_top|pg_afu.port_gasket|pr_slot|afu_main|port_afu_instances|ofs_plat_afu|core|dma|csr_mgr_inst|add_0~31|sumout                                                                                            ;
;   3.564  ;   0.000  ; FF ; RE   ; 1      ; MLABCELL_X260_Y68_N57                       ; Combinational cell         ; MP_MLAB_COMB                                                                                                                                                                                                 ;
;   3.569  ;   0.005  ; FF ; RE   ; 1      ; LAB_RE_X260_Y68_N0_I127                     ; LAB_RE                     ; LAB_RE                                                                                                                                                                                                       ;
;   3.597  ;   0.028  ; FF ; RE   ; 1      ; R1_X261_Y68_N0_I38                          ; R1 interconnect            ; H1                                                                                                                                                                                                           ;
;   3.656  ;   0.059  ; FF ; RE   ; 1      ; C1_X261_Y67_N0_I39                          ; C1 interconnect            ; V1                                                                                                                                                                                                           ;
;   3.690  ;   0.034  ; FF ; RE   ; 1      ; R0_X261_Y67_N0_I69                          ; R0 interconnect            ; H0                                                                                                                                                                                                           ;
;   3.724  ;   0.034  ; FF ; RE   ; 1      ; R0_X261_Y67_N0_I50                          ; R0 interconnect            ; H0                                                                                                                                                                                                           ;
;   3.750  ;   0.026  ; FR ; RE   ; 1      ; LOCAL_INTERCONNECT_X261_Y67_N0_I15          ; Block interconnect         ; LAB_LINE                                                                                                                                                                                                     ;
;   3.750  ;   0.000  ;    ; IC   ; 1      ; BLOCK_INPUT_MUX_PASSTHROUGH_X261_Y67_N0_I8  ; Hyper-Register             ; afu_top|pg_afu.port_gasket|pr_slot|afu_main|port_afu_instances|ofs_plat_afu|core|dma|csr_mgr_inst|add_0~31_BLOCK_INPUT_MUX_PASSTHROUGH_X261_Y67_N0_I8_dff|d                                                  ;
;   3.750  ;   0.000  ; RR ; CELL ; 1      ; BLOCK_INPUT_MUX_PASSTHROUGH_X261_Y67_N0_I8  ; Hyper-Register             ; afu_top|pg_afu.port_gasket|pr_slot|afu_main|port_afu_instances|ofs_plat_afu|core|dma|csr_mgr_inst|add_0~31_BLOCK_INPUT_MUX_PASSTHROUGH_X261_Y67_N0_I8_dff                                                    ;
+----------+----------+----+------+--------+---------------------------------------------+----------------------------+--------------------------------------------------------------------------------------------------------------------------------------------------------------------------------------------------------------+

+----------------------------------------------------------------------------------------------------------------------------------------------------------------------------------------------------------------------------------------------------------------------------------------------------------------------------------+
; Data Required Path                                                                                                                                                                                                                                                                                                               ;
+---------+----------+----+------+--------+--------------------------------------------+----------------------------+--------------------------------------------------------------------------------------------------------------------------------------------------------------------------------------------------------------+
; Total   ; Incr     ; RF ; Type ; Fanout ; Location                                   ; Element Type               ; Element                                                                                                                                                                                                      ;
+---------+----------+----+------+--------+--------------------------------------------+----------------------------+--------------------------------------------------------------------------------------------------------------------------------------------------------------------------------------------------------------+
; 3.000   ; 3.000    ;    ;      ;        ;                                            ;                            ; latch edge time                                                                                                                                                                                              ;
; 5.646   ; 2.646    ;    ;      ;        ;                                            ;                            ; clock path                                                                                                                                                                                                   ;
;   3.000 ;   0.000  ;    ;      ;        ;                                            ;                            ; source latency                                                                                                                                                                                               ;
;   3.000 ;   0.000  ;    ;      ; 1      ; PIN_HF23                                   ; I/O pad                    ; ddr4_mem_ref_clk[0].clk                                                                                                                                                                                      ;
;   3.000 ;   0.000  ;    ; IC   ; 1      ; IOIBUF_X280_Y0_N376                        ; I/O input buffer           ; ddr4_mem_ref_clk[0].clk~input|i                                                                                                                                                                              ;
;   3.129 ;   0.129  ; RR ; CELL ; 2      ; IOIBUF_X280_Y0_N376                        ; I/O input buffer           ; ddr4_mem_ref_clk[0].clk~input|o                                                                                                                                                                              ;
;   3.793 ;   0.664  ; RR ; CELL ; 1      ; REFCLKINPUT_X281_Y0_N301                   ; I/O reference clock tree   ; local_mem_wrapper|mem_ss_top|mem_ss_sv|mem_ss|mem_ss|emif_0|emif_0|arch|arch_inst|pll_inst|pll_inst~refclk|ref_clk_in                                                                                        ;
;   3.896 ;   0.103  ; RR ; CELL ; 3      ; REFCLKINPUT_X281_Y0_N301                   ; I/O reference clock tree   ; local_mem_wrapper|mem_ss_top|mem_ss_sv|mem_ss|mem_ss|emif_0|emif_0|arch|arch_inst|pll_inst|pll_inst~refclk|ref0_to_btm                                                                                       ;
;   4.193 ;   0.297  ; RR ; CELL ; 1      ; REFCLKINPUT_X281_Y0_N301                   ; I/O reference clock tree   ; local_mem_wrapper|mem_ss_top|mem_ss_sv|mem_ss|mem_ss|emif_0|emif_0|arch|arch_inst|pll_inst|pll_inst~refclk|clk_out                                                                                           ;
;   4.193 ;   0.000  ; RR ; CELL ; 1      ; IOPLL_X281_Y0_N303                         ; IOPLL                      ; local_mem_wrapper|mem_ss_top|mem_ss_sv|mem_ss|mem_ss|emif_0|emif_0|arch|arch_inst|pll_inst|pll_inst|pll_cascade_in                                                                                           ;
;   4.313 ;   0.120  ; RR ; CELL ; 2      ; IOPLL_X281_Y0_N303                         ; IOPLL                      ; local_mem_wrapper|mem_ss_top|mem_ss_sv|mem_ss|mem_ss|emif_0|emif_0|arch|arch_inst|pll_inst|pll_inst~fmio96fs_wr/x0/fmio96_core_inst/fmio48tile_top/x5/u4_3/x0/xiopll_custom/xclkin_sw/xpm_pll_so/clk[0]      ;
;   4.424 ;   0.111  ; RR ; CELL ; 2      ; IOPLL_X281_Y0_N303                         ; IOPLL                      ; local_mem_wrapper|mem_ss_top|mem_ss_sv|mem_ss|mem_ss|emif_0|emif_0|arch|arch_inst|pll_inst|pll_inst~fmio96fs_wr/x0/fmio96_core_inst/fmio48tile_top/x5/u4_3/x0/xiopll_custom/xiopll_core/xncnt_iopll/clk      ;
;   4.527 ;   0.103  ; RR ; CELL ; 3      ; IOPLL_X281_Y0_N303                         ; IOPLL                      ; local_mem_wrapper|mem_ss_top|mem_ss_sv|mem_ss|mem_ss|emif_0|emif_0|arch|arch_inst|pll_inst|pll_inst~pllnout                                                                                                  ;
;   4.611 ;   0.084  ; RF ; CELL ; 1      ; IOPLL_X281_Y0_N303                         ; IOPLL                      ; local_mem_wrapper|mem_ss_top|mem_ss_sv|mem_ss|mem_ss|emif_0|emif_0|arch|arch_inst|pll_inst|pll_inst~vco_refclk                                                                                               ;
;   4.615 ;   0.004  ; FR ; CELL ; 1      ; IOPLL_X281_Y0_N303                         ; IOPLL                      ; local_mem_wrapper|mem_ss_top|mem_ss_sv|mem_ss|mem_ss|emif_0|emif_0|arch|arch_inst|pll_inst|pll_inst~vctrl                                                                                                    ;
;   4.023 ;   -0.592 ; RR ; COMP ; 1      ; IOPLL_X281_Y0_N303                         ; IOPLL                      ; local_mem_wrapper|mem_ss_top|mem_ss_sv|mem_ss|mem_ss|emif_0|emif_0|arch|arch_inst|pll_inst|pll_inst~vcoph[0]                                                                                                 ;
;   4.023 ;   0.000  ; RR ; CELL ; 10     ; IOPLL_X281_Y0_N303                         ; IOPLL                      ; local_mem_wrapper|mem_ss_top|mem_ss_sv|mem_ss|mem_ss|emif_0|emif_0|arch|arch_inst|pll_inst|pll_inst|vcoph[0]                                                                                                 ;
;   4.023 ;   0.000  ; RR ; CELL ; 3      ; TILECTRL_X281_Y0_N298                      ; I/O tile control logic     ; local_mem_wrapper|mem_ss_top|mem_ss_sv|mem_ss|mem_ss|emif_0|emif_0|arch|arch_inst|io_tiles_wrap_inst|io_tiles_inst|tile_gen[1].tile_ctrl_inst|pll_vco_in[0]                                                  ;
;   2.230 ;   -1.793 ; RR ; COMP ; 1      ; TILECTRL_X281_Y0_N298                      ; I/O tile control logic     ; local_mem_wrapper|mem_ss_top|mem_ss_sv|mem_ss|mem_ss|emif_0|emif_0|arch|arch_inst|io_tiles_wrap_inst|io_tiles_inst|tile_gen[1].tile_ctrl_inst|pa_core_clk_out[0]                                             ;
;   2.626 ;   0.396  ; RR ; CELL ; 16258  ; TILECTRL_X281_Y0_N298                      ; I/O tile control logic     ; local_mem_wrapper|mem_ss_top|mem_ss_sv|mem_ss|mem_ss|emif_0|emif_0|arch|arch_inst|io_tiles_wrap_inst|io_tiles_inst|tile_gen[1].tile_ctrl_inst~fmio96fs_wr/m32_0_29__iophasealignment_to_dcm__core_clk_out[1] ;
;   2.626 ;   0.000  ;    ; IC   ; 1      ; Boundary Port                              ; N/A                        ; afu_top|pg_afu.port_gasket|pr_slot|afu_main|ext_mem_if[0].clk|input                                                                                                                                          ;
;   2.626 ;   0.000  ; RR ; CELL ; 105325 ; Boundary Port                              ; N/A                        ; afu_top|pg_afu.port_gasket|pr_slot|afu_main|ext_mem_if[0].clk                                                                                                                                                ;
;   2.626 ;   0.000  ; RR ; RE   ; 1      ; TILECTRL_X281_Y0_N298                      ; I/O tile control logic     ; TILE_CTRL                                                                                                                                                                                                    ;
;   2.668 ;   0.042  ; RR ; RE   ; 1      ; IO96FSWRRE_X280_Y0_N0_I3537                ; IO96FS_WR_RE               ; IO96FS_WR_RE                                                                                                                                                                                                 ;
;   2.727 ;   0.059  ; RR ; RE   ; 1      ; DCM_mux_X307_Y2_N0_I29                     ; DCM_mux                    ; CC_DCM_GMUX_RE                                                                                                                                                                                               ;
;   2.772 ;   0.045  ; RR ; RE   ; 1      ; IO_P2C_RE_X280_Y2_N150_I75                 ; IO_P2C_RE                  ; IO_P2C_RE                                                                                                                                                                                                    ;
;   2.785 ;   0.013  ; RR ; RE   ; 1      ; IO_P2C_RE_X280_Y2_N150_I26                 ; IO_P2C_RE                  ; IO_P2C_RE                                                                                                                                                                                                    ;
;   2.814 ;   0.029  ; RR ; RE   ; 1      ; Switchbox_clock_mux_X280_Y2_N0_I197        ; Switchbox_clock_mux        ; CLOCK_SEGMENT_MUX                                                                                                                                                                                            ;
;   2.875 ;   0.061  ; RR ; RE   ; 1      ; Switchbox_clock_mux_X280_Y2_N0_I105        ; Switchbox_clock_mux        ; CLOCK_SEGMENT_MUX                                                                                                                                                                                            ;
;   2.895 ;   0.020  ; RF ; RE   ; 1      ; Vertical_seam_tap_mux_X280_Y23_N0_I165     ; Vertical_seam_tap_mux      ; CLOCK_SEGMENT_TAP_MUX                                                                                                                                                                                        ;
;   2.932 ;   0.037  ; FR ; RE   ; 1      ; Vertical_seam_tap_mux_X280_Y23_N0_I53      ; Vertical_seam_tap_mux      ; CLOCK_SEGMENT_TAP_MUX                                                                                                                                                                                        ;
;   2.959 ;   0.027  ; RR ; RE   ; 1      ; Switchbox_clock_mux_X280_Y43_N0_I197       ; Switchbox_clock_mux        ; CLOCK_SEGMENT_MUX                                                                                                                                                                                            ;
;   3.020 ;   0.061  ; RR ; RE   ; 1      ; Switchbox_clock_mux_X280_Y43_N0_I105       ; Switchbox_clock_mux        ; CLOCK_SEGMENT_MUX                                                                                                                                                                                            ;
;   3.040 ;   0.020  ; RF ; RE   ; 1      ; Vertical_seam_tap_mux_X280_Y64_N0_I165     ; Vertical_seam_tap_mux      ; CLOCK_SEGMENT_TAP_MUX                                                                                                                                                                                        ;
;   3.077 ;   0.037  ; FR ; RE   ; 1      ; Vertical_seam_tap_mux_X280_Y64_N0_I53      ; Vertical_seam_tap_mux      ; CLOCK_SEGMENT_TAP_MUX                                                                                                                                                                                        ;
;   3.104 ;   0.027  ; RR ; RE   ; 1      ; Switchbox_clock_mux_X280_Y84_N0_I197       ; Switchbox_clock_mux        ; CLOCK_SEGMENT_MUX                                                                                                                                                                                            ;
;   3.161 ;   0.057  ; RR ; RE   ; 1      ; Switchbox_clock_mux_X280_Y84_N0_I105       ; Switchbox_clock_mux        ; CLOCK_SEGMENT_MUX                                                                                                                                                                                            ;
;   3.181 ;   0.020  ; RF ; RE   ; 1      ; Vertical_seam_tap_mux_X280_Y105_N0_I165    ; Vertical_seam_tap_mux      ; CLOCK_SEGMENT_TAP_MUX                                                                                                                                                                                        ;
;   3.218 ;   0.037  ; FR ; RE   ; 1      ; Vertical_seam_tap_mux_X280_Y105_N0_I53     ; Vertical_seam_tap_mux      ; CLOCK_SEGMENT_TAP_MUX                                                                                                                                                                                        ;
;   3.245 ;   0.027  ; RR ; RE   ; 1      ; Switchbox_clock_mux_X280_Y125_N0_I197      ; Switchbox_clock_mux        ; CLOCK_SEGMENT_MUX                                                                                                                                                                                            ;
;   3.301 ;   0.056  ; RR ; RE   ; 1      ; Switchbox_clock_mux_X280_Y125_N0_I105      ; Switchbox_clock_mux        ; CLOCK_SEGMENT_MUX                                                                                                                                                                                            ;
;   3.322 ;   0.021  ; RF ; RE   ; 1      ; Vertical_seam_tap_mux_X280_Y146_N0_I165    ; Vertical_seam_tap_mux      ; CLOCK_SEGMENT_TAP_MUX                                                                                                                                                                                        ;
;   3.359 ;   0.037  ; FR ; RE   ; 1      ; Vertical_seam_tap_mux_X280_Y146_N0_I53     ; Vertical_seam_tap_mux      ; CLOCK_SEGMENT_TAP_MUX                                                                                                                                                                                        ;
;   3.386 ;   0.027  ; RR ; RE   ; 1      ; Switchbox_clock_mux_X280_Y166_N0_I197      ; Switchbox_clock_mux        ; CLOCK_SEGMENT_MUX                                                                                                                                                                                            ;
;   3.517 ;   0.131  ; RR ; RE   ; 1      ; Switchbox_clock_mux_X280_Y166_N0_I106      ; Switchbox_clock_mux        ; CLOCK_SEGMENT_MUX                                                                                                                                                                                            ;
;   3.546 ;   0.029  ; RR ; RE   ; 1      ; Switchbox_clock_mux_X226_Y166_N0_I229      ; Switchbox_clock_mux        ; CLOCK_SEGMENT_MUX                                                                                                                                                                                            ;
;   3.574 ;   0.028  ; RR ; RE   ; 2      ; Switchbox_clock_mux_X226_Y166_N0_I153      ; Switchbox_clock_mux        ; CLOCK_SEGMENT_MUX                                                                                                                                                                                            ;
;   3.630 ;   0.056  ; RR ; RE   ; 1      ; Switchbox_clock_mux_X226_Y166_N0_I103      ; Switchbox_clock_mux        ; CLOCK_SEGMENT_MUX                                                                                                                                                                                            ;
;   3.650 ;   0.020  ; RF ; RE   ; 1      ; Vertical_seam_tap_mux_X226_Y146_N0_I134    ; Vertical_seam_tap_mux      ; CLOCK_SEGMENT_TAP_MUX                                                                                                                                                                                        ;
;   3.688 ;   0.038  ; FR ; RE   ; 1      ; Vertical_seam_tap_mux_X226_Y146_N0_I50     ; Vertical_seam_tap_mux      ; CLOCK_SEGMENT_TAP_MUX                                                                                                                                                                                        ;
;   3.717 ;   0.029  ; RR ; RE   ; 1      ; Switchbox_clock_mux_X226_Y125_N0_I166      ; Switchbox_clock_mux        ; CLOCK_SEGMENT_MUX                                                                                                                                                                                            ;
;   3.773 ;   0.056  ; RR ; RE   ; 1      ; Switchbox_clock_mux_X226_Y125_N0_I103      ; Switchbox_clock_mux        ; CLOCK_SEGMENT_MUX                                                                                                                                                                                            ;
;   3.794 ;   0.021  ; RF ; RE   ; 1      ; Vertical_seam_tap_mux_X226_Y105_N0_I134    ; Vertical_seam_tap_mux      ; CLOCK_SEGMENT_TAP_MUX                                                                                                                                                                                        ;
;   3.831 ;   0.037  ; FR ; RE   ; 1      ; Vertical_seam_tap_mux_X226_Y105_N0_I50     ; Vertical_seam_tap_mux      ; CLOCK_SEGMENT_TAP_MUX                                                                                                                                                                                        ;
;   3.860 ;   0.029  ; RR ; RE   ; 2      ; Switchbox_clock_mux_X226_Y84_N0_I166       ; Switchbox_clock_mux        ; CLOCK_SEGMENT_MUX                                                                                                                                                                                            ;
;   3.996 ;   0.136  ; RR ; RE   ; 1      ; Switchbox_clock_mux_X226_Y84_N0_I102       ; Switchbox_clock_mux        ; CLOCK_SEGMENT_MUX                                                                                                                                                                                            ;
;   4.025 ;   0.029  ; RR ; RE   ; 1      ; Switchbox_clock_mux_X280_Y84_N0_I230       ; Switchbox_clock_mux        ; CLOCK_SEGMENT_MUX                                                                                                                                                                                            ;
;   4.155 ;   0.130  ; RR ; RE   ; 1      ; Switchbox_clock_mux_X280_Y84_N0_I100       ; Switchbox_clock_mux        ; CLOCK_SEGMENT_MUX                                                                                                                                                                                            ;
;   4.184 ;   0.029  ; RR ; RE   ; 2      ; Switchbox_clock_mux_X334_Y84_N0_I230       ; Switchbox_clock_mux        ; CLOCK_SEGMENT_MUX                                                                                                                                                                                            ;
;   4.240 ;   0.056  ; RR ; RE   ; 1      ; Switchbox_clock_mux_X334_Y84_N0_I103       ; Switchbox_clock_mux        ; CLOCK_SEGMENT_MUX                                                                                                                                                                                            ;
;   4.260 ;   0.020  ; RF ; RE   ; 1      ; Vertical_seam_tap_mux_X334_Y64_N0_I134     ; Vertical_seam_tap_mux      ; CLOCK_SEGMENT_TAP_MUX                                                                                                                                                                                        ;
;   4.297 ;   0.037  ; FR ; RE   ; 1      ; Vertical_seam_tap_mux_X334_Y64_N0_I50      ; Vertical_seam_tap_mux      ; CLOCK_SEGMENT_TAP_MUX                                                                                                                                                                                        ;
;   4.326 ;   0.029  ; RR ; RE   ; 2      ; Switchbox_clock_mux_X334_Y43_N0_I166       ; Switchbox_clock_mux        ; CLOCK_SEGMENT_MUX                                                                                                                                                                                            ;
;   4.461 ;   0.135  ; RR ; RE   ; 1      ; Switchbox_clock_mux_X334_Y43_N0_I102       ; Switchbox_clock_mux        ; CLOCK_SEGMENT_MUX                                                                                                                                                                                            ;
;   4.490 ;   0.029  ; RR ; RE   ; 2      ; Switchbox_clock_mux_X280_Y43_N0_I262       ; Switchbox_clock_mux        ; CLOCK_SEGMENT_MUX                                                                                                                                                                                            ;
;   4.550 ;   0.060  ; RR ; RE   ; 1      ; Switchbox_clock_mux_X280_Y43_N0_I101       ; Switchbox_clock_mux        ; CLOCK_SEGMENT_MUX                                                                                                                                                                                            ;
;   4.577 ;   0.027  ; RR ; RE   ; 2      ; Vertical_seam_tap_mux_X280_Y64_N0_I166     ; Vertical_seam_tap_mux      ; CLOCK_SEGMENT_TAP_MUX                                                                                                                                                                                        ;
;   4.637 ;   0.060  ; RR ; RE   ; 1      ; Vertical_seam_tap_mux_X280_Y64_N0_I115     ; Vertical_seam_tap_mux      ; CLOCK_SEGMENT_TAP_MUX                                                                                                                                                                                        ;
;   4.717 ;   0.080  ; RR ; RE   ; 1      ; SPINE_TAP_RE_X253_Y64_N103_I89             ; SPINE_TAP_RE               ; SPINE_TAP_RE                                                                                                                                                                                                 ;
;   4.724 ;   0.007  ; RR ; RE   ; 41     ; SPINE_TAP_RE_X253_Y64_N103_I25             ; SPINE_TAP_RE               ; SPINE_TAP_RE                                                                                                                                                                                                 ;
;   4.891 ;   0.167  ; RR ; RE   ; 2      ; SCLKMUX_RE_X253_Y67_N188_I25               ; SCLKMUX_RE                 ; SCLKMUX_RE                                                                                                                                                                                                   ;
;   4.905 ;   0.014  ; RR ; RE   ; 16     ; SCLKMUX_RE_X253_Y67_N188_I40               ; SCLKMUX_RE                 ; SCLKMUX_RE                                                                                                                                                                                                   ;
;   4.928 ;   0.023  ; RR ; RE   ; 1      ; ROWCLK_TAPOFF_X261_Y67_N0_I3               ; Row Clock Tap-Off          ; ROWCLK_TAPOFF                                                                                                                                                                                                ;
;   4.951 ;   0.023  ; RR ; RE   ; 1      ; GLOBAL_LOCAL_SEL_X261_Y67_N0_I2            ; GLOBAL_LOCAL_SEL           ; GLOBAL_LOCAL_SEL                                                                                                                                                                                             ;
;   4.965 ;   0.014  ; RR ; RE   ; 1      ; RPII_X261_Y67_N0_I2                        ; Programmable Invert Input  ; RPII                                                                                                                                                                                                         ;
;   4.965 ;   0.000  ; RR ; RE   ; 1      ; RPI_X261_Y67_N0_I2                         ; Programmable Invert        ; RPI                                                                                                                                                                                                          ;
;   4.965 ;   0.000  ; RR ; RE   ; 25     ; LAB_RE_X261_Y67_N0_I83                     ; LAB_RE                     ; clka                                                                                                                                                                                                         ;
;   4.965 ;   0.000  ; RR ; RE   ; 1      ; LAB_RE_X261_Y67_N0_I150                    ; LAB_RE                     ; LAB_RE                                                                                                                                                                                                       ;
;   4.965 ;   0.000  ; RR ; RE   ; 15     ; LEIMCLKALE_X261_Y67_N0_I0                  ; LEIMCLKALE                 ; LEIMCLKALE                                                                                                                                                                                                   ;
;   4.965 ;   0.000  ; RR ; RE   ; 1      ; HYPERFLEX_CLK_M_MUX_X261_Y67_N0_I9         ; Hyperflex clocking network ; HIPI_M_MUX                                                                                                                                                                                                   ;
;   4.965 ;   0.000  ;    ; IC   ; 1      ; BLOCK_INPUT_MUX_PASSTHROUGH_X261_Y67_N0_I8 ; Hyper-Register             ; afu_top|pg_afu.port_gasket|pr_slot|afu_main|port_afu_instances|ofs_plat_afu|core|dma|csr_mgr_inst|add_0~31_BLOCK_INPUT_MUX_PASSTHROUGH_X261_Y67_N0_I8_dff|clk                                                ;
;   4.965 ;   0.000  ; RR ; CELL ; 1      ; BLOCK_INPUT_MUX_PASSTHROUGH_X261_Y67_N0_I8 ; Hyper-Register             ; afu_top|pg_afu.port_gasket|pr_slot|afu_main|port_afu_instances|ofs_plat_afu|core|dma|csr_mgr_inst|add_0~31_BLOCK_INPUT_MUX_PASSTHROUGH_X261_Y67_N0_I8_dff                                                    ;
;   5.660 ;   0.695  ;    ;      ;        ;                                            ;                            ; clock pessimism removed                                                                                                                                                                                      ;
;   5.646 ;   -0.014 ;    ;      ;        ;                                            ;                            ; advanced clock effects                                                                                                                                                                                       ;
; 5.616   ; -0.030   ;    ;      ;        ;                                            ;                            ; clock uncertainty                                                                                                                                                                                            ;
; 5.711   ; 0.095    ;    ; uTsu ; 1      ; BLOCK_INPUT_MUX_PASSTHROUGH_X261_Y67_N0_I8 ; Hyper-Register             ; afu_top|pg_afu.port_gasket|pr_slot|afu_main|port_afu_instances|ofs_plat_afu|core|dma|csr_mgr_inst|add_0~31_BLOCK_INPUT_MUX_PASSTHROUGH_X261_Y67_N0_I8_dff                                                    ;
+---------+----------+----+------+--------+--------------------------------------------+----------------------------+--------------------------------------------------------------------------------------------------------------------------------------------------------------------------------------------------------------+


Path #3: Setup slack is 1.982 
===============================================================================
+--------------------------------------------------------------------------------------------------------------------------------------------------------------------------------------------------------------------+
; Path Summary                                                                                                                                                                                                       ;
+---------------------------------+----------------------------------------------------------------------------------------------------------------------------------------------------------------------------------+
; Property                        ; Value                                                                                                                                                                            ;
+---------------------------------+----------------------------------------------------------------------------------------------------------------------------------------------------------------------------------+
; From Node                       ; afu_top|pg_afu.port_gasket|pr_slot|afu_main|port_afu_instances|ofs_plat_afu|core|dma|csr_mgr_inst|mmio64_reg.w.data[0]~DUPLICATE_BLOCK_INPUT_MUX_PASSTHROUGH_X259_Y69_N0_I36_dff ;
; To Node                         ; afu_top|pg_afu.port_gasket|pr_slot|afu_main|port_afu_instances|ofs_plat_afu|core|dma|csr_mgr_inst|add_0~11_BLOCK_INPUT_MUX_PASSTHROUGH_X261_Y67_N0_I53_dff                       ;
; Launch Clock                    ; local_mem_wrapper|mem_ss_top|mem_ss_sv|mem_ss|mem_ss|emif_0|emif_0_core_usr_clk                                                                                                  ;
; Latch Clock                     ; local_mem_wrapper|mem_ss_top|mem_ss_sv|mem_ss|mem_ss|emif_0|emif_0_core_usr_clk                                                                                                  ;
; SDC Exception                   ; No SDC Exception on Path                                                                                                                                                         ;
; Data Arrival Time               ; 3.729                                                                                                                                                                            ;
; Data Required Time              ; 5.711                                                                                                                                                                            ;
; Slack                           ; 1.982                                                                                                                                                                            ;
; Worst-Case Operating Conditions ; Fast vid2a 0C Model                                                                                                                                                              ;
+---------------------------------+----------------------------------------------------------------------------------------------------------------------------------------------------------------------------------+

+--------------------------------------------------------------------------------------+
; Statistics                                                                           ;
+------------------------+--------+-------+-------------+------------+--------+--------+
; Property               ; Value  ; Count ; Total Delay ; % of Total ; Min    ; Max    ;
+------------------------+--------+-------+-------------+------------+--------+--------+
; Setup Relationship     ; 3.000  ;       ;             ;            ;        ;        ;
; Clock Skew             ; -0.054 ;       ;             ;            ;        ;        ;
; Data Delay             ; 1.029  ;       ;             ;            ;        ;        ;
; Number of Logic Levels ;        ; 1     ;             ;            ;        ;        ;
; Physical Delays        ;        ;       ;             ;            ;        ;        ;
;  Arrival Path          ;        ;       ;             ;            ;        ;        ;
;   Clock                ;        ;       ;             ;            ;        ;        ;
;    IC                  ;        ; 3     ; 0.000       ; 0          ; 0.000  ; 0.000  ;
;    Cell                ;        ; 15    ; 2.278       ; 47         ; 0.000  ; 0.749  ;
;    PLL Compensation    ;        ; 2     ; -2.179      ; 0          ; -1.661 ; -0.518 ;
;    Routing Element     ;        ; 58    ; 2.601       ; 53         ; 0.000  ; 0.192  ;
;   Data                 ;        ;       ;             ;            ;        ;        ;
;    IC                  ;        ; 5     ; 0.000       ; 0          ; 0.000  ; 0.000  ;
;    Cell                ;        ; 13    ; 0.509       ; 49         ; 0.000  ; 0.228  ;
;    uTco                ;        ; 1     ; 0.169       ; 16         ; 0.169  ; 0.169  ;
;    Routing Element     ;        ; 22    ; 0.351       ; 34         ; 0.000  ; 0.041  ;
;  Required Path         ;        ;       ;             ;            ;        ;        ;
;   Clock                ;        ;       ;             ;            ;        ;        ;
;    IC                  ;        ; 3     ; 0.000       ; 0          ; 0.000  ; 0.000  ;
;    Cell                ;        ; 15    ; 2.011       ; 46         ; 0.000  ; 0.664  ;
;    PLL Compensation    ;        ; 2     ; -2.385      ; 0          ; -1.793 ; -0.592 ;
;    Routing Element     ;        ; 58    ; 2.339       ; 54         ; 0.000  ; 0.167  ;
+------------------------+--------+-------+-------------+------------+--------+--------+
Note: Negative delays are omitted from totals when calculating percentages

+------------------------------------------------------------------------------------------------------------------------------------------------------------------------------------------------------------------------------------------------------------------------------------------------------------------------------------+
; Data Arrival Path                                                                                                                                                                                                                                                                                                                  ;
+----------+----------+----+------+--------+---------------------------------------------+----------------------------+--------------------------------------------------------------------------------------------------------------------------------------------------------------------------------------------------------------+
; Total    ; Incr     ; RF ; Type ; Fanout ; Location                                    ; Element Type               ; Element                                                                                                                                                                                                      ;
+----------+----------+----+------+--------+---------------------------------------------+----------------------------+--------------------------------------------------------------------------------------------------------------------------------------------------------------------------------------------------------------+
; 0.000    ; 0.000    ;    ;      ;        ;                                             ;                            ; launch edge time                                                                                                                                                                                             ;
; 2.700    ; 2.700    ;    ;      ;        ;                                             ;                            ; clock path                                                                                                                                                                                                   ;
;   0.000  ;   0.000  ;    ;      ;        ;                                             ;                            ; source latency                                                                                                                                                                                               ;
;   0.000  ;   0.000  ;    ;      ; 1      ; PIN_HF23                                    ; I/O pad                    ; ddr4_mem_ref_clk[0].clk                                                                                                                                                                                      ;
;   0.000  ;   0.000  ;    ; IC   ; 1      ; IOIBUF_X280_Y0_N376                         ; I/O input buffer           ; ddr4_mem_ref_clk[0].clk~input|i                                                                                                                                                                              ;
;   0.129  ;   0.129  ; RR ; CELL ; 2      ; IOIBUF_X280_Y0_N376                         ; I/O input buffer           ; ddr4_mem_ref_clk[0].clk~input|o                                                                                                                                                                              ;
;   0.878  ;   0.749  ; RR ; CELL ; 1      ; REFCLKINPUT_X281_Y0_N301                    ; I/O reference clock tree   ; local_mem_wrapper|mem_ss_top|mem_ss_sv|mem_ss|mem_ss|emif_0|emif_0|arch|arch_inst|pll_inst|pll_inst~refclk|ref_clk_in                                                                                        ;
;   1.000  ;   0.122  ; RR ; CELL ; 3      ; REFCLKINPUT_X281_Y0_N301                    ; I/O reference clock tree   ; local_mem_wrapper|mem_ss_top|mem_ss_sv|mem_ss|mem_ss|emif_0|emif_0|arch|arch_inst|pll_inst|pll_inst~refclk|ref0_to_btm                                                                                       ;
;   1.337  ;   0.337  ; RR ; CELL ; 1      ; REFCLKINPUT_X281_Y0_N301                    ; I/O reference clock tree   ; local_mem_wrapper|mem_ss_top|mem_ss_sv|mem_ss|mem_ss|emif_0|emif_0|arch|arch_inst|pll_inst|pll_inst~refclk|clk_out                                                                                           ;
;   1.337  ;   0.000  ; RR ; CELL ; 1      ; IOPLL_X281_Y0_N303                          ; IOPLL                      ; local_mem_wrapper|mem_ss_top|mem_ss_sv|mem_ss|mem_ss|emif_0|emif_0|arch|arch_inst|pll_inst|pll_inst|pll_cascade_in                                                                                           ;
;   1.474  ;   0.137  ; RR ; CELL ; 2      ; IOPLL_X281_Y0_N303                          ; IOPLL                      ; local_mem_wrapper|mem_ss_top|mem_ss_sv|mem_ss|mem_ss|emif_0|emif_0|arch|arch_inst|pll_inst|pll_inst~fmio96fs_wr/x0/fmio96_core_inst/fmio48tile_top/x5/u4_3/x0/xiopll_custom/xclkin_sw/xpm_pll_so/clk[0]      ;
;   1.600  ;   0.126  ; RR ; CELL ; 2      ; IOPLL_X281_Y0_N303                          ; IOPLL                      ; local_mem_wrapper|mem_ss_top|mem_ss_sv|mem_ss|mem_ss|emif_0|emif_0|arch|arch_inst|pll_inst|pll_inst~fmio96fs_wr/x0/fmio96_core_inst/fmio48tile_top/x5/u4_3/x0/xiopll_custom/xiopll_core/xncnt_iopll/clk      ;
;   1.718  ;   0.118  ; RR ; CELL ; 3      ; IOPLL_X281_Y0_N303                          ; IOPLL                      ; local_mem_wrapper|mem_ss_top|mem_ss_sv|mem_ss|mem_ss|emif_0|emif_0|arch|arch_inst|pll_inst|pll_inst~pllnout                                                                                                  ;
;   1.815  ;   0.097  ; RF ; CELL ; 1      ; IOPLL_X281_Y0_N303                          ; IOPLL                      ; local_mem_wrapper|mem_ss_top|mem_ss_sv|mem_ss|mem_ss|emif_0|emif_0|arch|arch_inst|pll_inst|pll_inst~vco_refclk                                                                                               ;
;   1.822  ;   0.007  ; FR ; CELL ; 1      ; IOPLL_X281_Y0_N303                          ; IOPLL                      ; local_mem_wrapper|mem_ss_top|mem_ss_sv|mem_ss|mem_ss|emif_0|emif_0|arch|arch_inst|pll_inst|pll_inst~vctrl                                                                                                    ;
;   1.304  ;   -0.518 ; RR ; COMP ; 1      ; IOPLL_X281_Y0_N303                          ; IOPLL                      ; local_mem_wrapper|mem_ss_top|mem_ss_sv|mem_ss|mem_ss|emif_0|emif_0|arch|arch_inst|pll_inst|pll_inst~vcoph[0]                                                                                                 ;
;   1.304  ;   0.000  ; RR ; CELL ; 10     ; IOPLL_X281_Y0_N303                          ; IOPLL                      ; local_mem_wrapper|mem_ss_top|mem_ss_sv|mem_ss|mem_ss|emif_0|emif_0|arch|arch_inst|pll_inst|pll_inst|vcoph[0]                                                                                                 ;
;   1.304  ;   0.000  ; RR ; CELL ; 3      ; TILECTRL_X281_Y0_N298                       ; I/O tile control logic     ; local_mem_wrapper|mem_ss_top|mem_ss_sv|mem_ss|mem_ss|emif_0|emif_0|arch|arch_inst|io_tiles_wrap_inst|io_tiles_inst|tile_gen[1].tile_ctrl_inst|pll_vco_in[0]                                                  ;
;   -0.357 ;   -1.661 ; RR ; COMP ; 1      ; TILECTRL_X281_Y0_N298                       ; I/O tile control logic     ; local_mem_wrapper|mem_ss_top|mem_ss_sv|mem_ss|mem_ss|emif_0|emif_0|arch|arch_inst|io_tiles_wrap_inst|io_tiles_inst|tile_gen[1].tile_ctrl_inst|pa_core_clk_out[0]                                             ;
;   0.099  ;   0.456  ; RR ; CELL ; 16258  ; TILECTRL_X281_Y0_N298                       ; I/O tile control logic     ; local_mem_wrapper|mem_ss_top|mem_ss_sv|mem_ss|mem_ss|emif_0|emif_0|arch|arch_inst|io_tiles_wrap_inst|io_tiles_inst|tile_gen[1].tile_ctrl_inst~fmio96fs_wr/m32_0_29__iophasealignment_to_dcm__core_clk_out[1] ;
;   0.099  ;   0.000  ;    ; IC   ; 1      ; Boundary Port                               ; N/A                        ; afu_top|pg_afu.port_gasket|pr_slot|afu_main|ext_mem_if[0].clk|input                                                                                                                                          ;
;   0.099  ;   0.000  ; RR ; CELL ; 105325 ; Boundary Port                               ; N/A                        ; afu_top|pg_afu.port_gasket|pr_slot|afu_main|ext_mem_if[0].clk                                                                                                                                                ;
;   0.099  ;   0.000  ; RR ; RE   ; 1      ; TILECTRL_X281_Y0_N298                       ; I/O tile control logic     ; TILE_CTRL                                                                                                                                                                                                    ;
;   0.147  ;   0.048  ; RR ; RE   ; 1      ; IO96FSWRRE_X280_Y0_N0_I3537                 ; IO96FS_WR_RE               ; IO96FS_WR_RE                                                                                                                                                                                                 ;
;   0.210  ;   0.063  ; RR ; RE   ; 1      ; DCM_mux_X307_Y2_N0_I29                      ; DCM_mux                    ; CC_DCM_GMUX_RE                                                                                                                                                                                               ;
;   0.262  ;   0.052  ; RR ; RE   ; 1      ; IO_P2C_RE_X280_Y2_N150_I75                  ; IO_P2C_RE                  ; IO_P2C_RE                                                                                                                                                                                                    ;
;   0.276  ;   0.014  ; RR ; RE   ; 1      ; IO_P2C_RE_X280_Y2_N150_I26                  ; IO_P2C_RE                  ; IO_P2C_RE                                                                                                                                                                                                    ;
;   0.309  ;   0.033  ; RR ; RE   ; 1      ; Switchbox_clock_mux_X280_Y2_N0_I197         ; Switchbox_clock_mux        ; CLOCK_SEGMENT_MUX                                                                                                                                                                                            ;
;   0.375  ;   0.066  ; RR ; RE   ; 1      ; Switchbox_clock_mux_X280_Y2_N0_I105         ; Switchbox_clock_mux        ; CLOCK_SEGMENT_MUX                                                                                                                                                                                            ;
;   0.398  ;   0.023  ; RF ; RE   ; 1      ; Vertical_seam_tap_mux_X280_Y23_N0_I165      ; Vertical_seam_tap_mux      ; CLOCK_SEGMENT_TAP_MUX                                                                                                                                                                                        ;
;   0.438  ;   0.040  ; FR ; RE   ; 1      ; Vertical_seam_tap_mux_X280_Y23_N0_I53       ; Vertical_seam_tap_mux      ; CLOCK_SEGMENT_TAP_MUX                                                                                                                                                                                        ;
;   0.469  ;   0.031  ; RR ; RE   ; 1      ; Switchbox_clock_mux_X280_Y43_N0_I197        ; Switchbox_clock_mux        ; CLOCK_SEGMENT_MUX                                                                                                                                                                                            ;
;   0.535  ;   0.066  ; RR ; RE   ; 1      ; Switchbox_clock_mux_X280_Y43_N0_I105        ; Switchbox_clock_mux        ; CLOCK_SEGMENT_MUX                                                                                                                                                                                            ;
;   0.558  ;   0.023  ; RF ; RE   ; 1      ; Vertical_seam_tap_mux_X280_Y64_N0_I165      ; Vertical_seam_tap_mux      ; CLOCK_SEGMENT_TAP_MUX                                                                                                                                                                                        ;
;   0.598  ;   0.040  ; FR ; RE   ; 1      ; Vertical_seam_tap_mux_X280_Y64_N0_I53       ; Vertical_seam_tap_mux      ; CLOCK_SEGMENT_TAP_MUX                                                                                                                                                                                        ;
;   0.629  ;   0.031  ; RR ; RE   ; 1      ; Switchbox_clock_mux_X280_Y84_N0_I197        ; Switchbox_clock_mux        ; CLOCK_SEGMENT_MUX                                                                                                                                                                                            ;
;   0.691  ;   0.062  ; RR ; RE   ; 1      ; Switchbox_clock_mux_X280_Y84_N0_I105        ; Switchbox_clock_mux        ; CLOCK_SEGMENT_MUX                                                                                                                                                                                            ;
;   0.714  ;   0.023  ; RF ; RE   ; 1      ; Vertical_seam_tap_mux_X280_Y105_N0_I165     ; Vertical_seam_tap_mux      ; CLOCK_SEGMENT_TAP_MUX                                                                                                                                                                                        ;
;   0.754  ;   0.040  ; FR ; RE   ; 1      ; Vertical_seam_tap_mux_X280_Y105_N0_I53      ; Vertical_seam_tap_mux      ; CLOCK_SEGMENT_TAP_MUX                                                                                                                                                                                        ;
;   0.785  ;   0.031  ; RR ; RE   ; 1      ; Switchbox_clock_mux_X280_Y125_N0_I197       ; Switchbox_clock_mux        ; CLOCK_SEGMENT_MUX                                                                                                                                                                                            ;
;   0.847  ;   0.062  ; RR ; RE   ; 1      ; Switchbox_clock_mux_X280_Y125_N0_I105       ; Switchbox_clock_mux        ; CLOCK_SEGMENT_MUX                                                                                                                                                                                            ;
;   0.870  ;   0.023  ; RF ; RE   ; 1      ; Vertical_seam_tap_mux_X280_Y146_N0_I165     ; Vertical_seam_tap_mux      ; CLOCK_SEGMENT_TAP_MUX                                                                                                                                                                                        ;
;   0.910  ;   0.040  ; FR ; RE   ; 1      ; Vertical_seam_tap_mux_X280_Y146_N0_I53      ; Vertical_seam_tap_mux      ; CLOCK_SEGMENT_TAP_MUX                                                                                                                                                                                        ;
;   0.941  ;   0.031  ; RR ; RE   ; 1      ; Switchbox_clock_mux_X280_Y166_N0_I197       ; Switchbox_clock_mux        ; CLOCK_SEGMENT_MUX                                                                                                                                                                                            ;
;   1.084  ;   0.143  ; RR ; RE   ; 1      ; Switchbox_clock_mux_X280_Y166_N0_I106       ; Switchbox_clock_mux        ; CLOCK_SEGMENT_MUX                                                                                                                                                                                            ;
;   1.117  ;   0.033  ; RR ; RE   ; 1      ; Switchbox_clock_mux_X226_Y166_N0_I229       ; Switchbox_clock_mux        ; CLOCK_SEGMENT_MUX                                                                                                                                                                                            ;
;   1.148  ;   0.031  ; RR ; RE   ; 2      ; Switchbox_clock_mux_X226_Y166_N0_I153       ; Switchbox_clock_mux        ; CLOCK_SEGMENT_MUX                                                                                                                                                                                            ;
;   1.210  ;   0.062  ; RR ; RE   ; 1      ; Switchbox_clock_mux_X226_Y166_N0_I103       ; Switchbox_clock_mux        ; CLOCK_SEGMENT_MUX                                                                                                                                                                                            ;
;   1.233  ;   0.023  ; RF ; RE   ; 1      ; Vertical_seam_tap_mux_X226_Y146_N0_I134     ; Vertical_seam_tap_mux      ; CLOCK_SEGMENT_TAP_MUX                                                                                                                                                                                        ;
;   1.274  ;   0.041  ; FR ; RE   ; 1      ; Vertical_seam_tap_mux_X226_Y146_N0_I50      ; Vertical_seam_tap_mux      ; CLOCK_SEGMENT_TAP_MUX                                                                                                                                                                                        ;
;   1.306  ;   0.032  ; RR ; RE   ; 1      ; Switchbox_clock_mux_X226_Y125_N0_I166       ; Switchbox_clock_mux        ; CLOCK_SEGMENT_MUX                                                                                                                                                                                            ;
;   1.368  ;   0.062  ; RR ; RE   ; 1      ; Switchbox_clock_mux_X226_Y125_N0_I103       ; Switchbox_clock_mux        ; CLOCK_SEGMENT_MUX                                                                                                                                                                                            ;
;   1.391  ;   0.023  ; RF ; RE   ; 1      ; Vertical_seam_tap_mux_X226_Y105_N0_I134     ; Vertical_seam_tap_mux      ; CLOCK_SEGMENT_TAP_MUX                                                                                                                                                                                        ;
;   1.432  ;   0.041  ; FR ; RE   ; 1      ; Vertical_seam_tap_mux_X226_Y105_N0_I50      ; Vertical_seam_tap_mux      ; CLOCK_SEGMENT_TAP_MUX                                                                                                                                                                                        ;
;   1.464  ;   0.032  ; RR ; RE   ; 2      ; Switchbox_clock_mux_X226_Y84_N0_I166        ; Switchbox_clock_mux        ; CLOCK_SEGMENT_MUX                                                                                                                                                                                            ;
;   1.614  ;   0.150  ; RR ; RE   ; 1      ; Switchbox_clock_mux_X226_Y84_N0_I102        ; Switchbox_clock_mux        ; CLOCK_SEGMENT_MUX                                                                                                                                                                                            ;
;   1.646  ;   0.032  ; RR ; RE   ; 1      ; Switchbox_clock_mux_X280_Y84_N0_I230        ; Switchbox_clock_mux        ; CLOCK_SEGMENT_MUX                                                                                                                                                                                            ;
;   1.789  ;   0.143  ; RR ; RE   ; 1      ; Switchbox_clock_mux_X280_Y84_N0_I100        ; Switchbox_clock_mux        ; CLOCK_SEGMENT_MUX                                                                                                                                                                                            ;
;   1.821  ;   0.032  ; RR ; RE   ; 2      ; Switchbox_clock_mux_X334_Y84_N0_I230        ; Switchbox_clock_mux        ; CLOCK_SEGMENT_MUX                                                                                                                                                                                            ;
;   1.883  ;   0.062  ; RR ; RE   ; 1      ; Switchbox_clock_mux_X334_Y84_N0_I103        ; Switchbox_clock_mux        ; CLOCK_SEGMENT_MUX                                                                                                                                                                                            ;
;   1.906  ;   0.023  ; RF ; RE   ; 1      ; Vertical_seam_tap_mux_X334_Y64_N0_I134      ; Vertical_seam_tap_mux      ; CLOCK_SEGMENT_TAP_MUX                                                                                                                                                                                        ;
;   1.946  ;   0.040  ; FR ; RE   ; 1      ; Vertical_seam_tap_mux_X334_Y64_N0_I50       ; Vertical_seam_tap_mux      ; CLOCK_SEGMENT_TAP_MUX                                                                                                                                                                                        ;
;   1.978  ;   0.032  ; RR ; RE   ; 2      ; Switchbox_clock_mux_X334_Y43_N0_I166        ; Switchbox_clock_mux        ; CLOCK_SEGMENT_MUX                                                                                                                                                                                            ;
;   2.126  ;   0.148  ; RR ; RE   ; 1      ; Switchbox_clock_mux_X334_Y43_N0_I102        ; Switchbox_clock_mux        ; CLOCK_SEGMENT_MUX                                                                                                                                                                                            ;
;   2.159  ;   0.033  ; RR ; RE   ; 2      ; Switchbox_clock_mux_X280_Y43_N0_I262        ; Switchbox_clock_mux        ; CLOCK_SEGMENT_MUX                                                                                                                                                                                            ;
;   2.225  ;   0.066  ; RR ; RE   ; 1      ; Switchbox_clock_mux_X280_Y43_N0_I101        ; Switchbox_clock_mux        ; CLOCK_SEGMENT_MUX                                                                                                                                                                                            ;
;   2.256  ;   0.031  ; RR ; RE   ; 2      ; Vertical_seam_tap_mux_X280_Y64_N0_I166      ; Vertical_seam_tap_mux      ; CLOCK_SEGMENT_TAP_MUX                                                                                                                                                                                        ;
;   2.322  ;   0.066  ; RR ; RE   ; 1      ; Vertical_seam_tap_mux_X280_Y64_N0_I115      ; Vertical_seam_tap_mux      ; CLOCK_SEGMENT_TAP_MUX                                                                                                                                                                                        ;
;   2.413  ;   0.091  ; RR ; RE   ; 1      ; SPINE_TAP_RE_X253_Y64_N103_I89              ; SPINE_TAP_RE               ; SPINE_TAP_RE                                                                                                                                                                                                 ;
;   2.423  ;   0.010  ; RR ; RE   ; 41     ; SPINE_TAP_RE_X253_Y64_N103_I25              ; SPINE_TAP_RE               ; SPINE_TAP_RE                                                                                                                                                                                                 ;
;   2.615  ;   0.192  ; RR ; RE   ; 2      ; SCLKMUX_RE_X253_Y69_N188_I25                ; SCLKMUX_RE                 ; SCLKMUX_RE                                                                                                                                                                                                   ;
;   2.627  ;   0.012  ; RR ; RE   ; 17     ; SCLKMUX_RE_X253_Y69_N188_I40                ; SCLKMUX_RE                 ; SCLKMUX_RE                                                                                                                                                                                                   ;
;   2.653  ;   0.026  ; RR ; RE   ; 1      ; ROWCLK_TAPOFF_X259_Y69_N0_I3                ; Row Clock Tap-Off          ; ROWCLK_TAPOFF                                                                                                                                                                                                ;
;   2.683  ;   0.030  ; RR ; RE   ; 1      ; GLOBAL_LOCAL_SEL_X259_Y69_N0_I2             ; GLOBAL_LOCAL_SEL           ; GLOBAL_LOCAL_SEL                                                                                                                                                                                             ;
;   2.700  ;   0.017  ; RR ; RE   ; 1      ; RPII_X259_Y69_N0_I2                         ; Programmable Invert Input  ; RPII                                                                                                                                                                                                         ;
;   2.700  ;   0.000  ; RR ; RE   ; 1      ; RPI_X259_Y69_N0_I2                          ; Programmable Invert        ; RPI                                                                                                                                                                                                          ;
;   2.700  ;   0.000  ; RR ; RE   ; 21     ; LAB_RE_X259_Y69_N0_I83                      ; LAB_RE                     ; clka                                                                                                                                                                                                         ;
;   2.700  ;   0.000  ; RR ; RE   ; 1      ; LAB_RE_X259_Y69_N0_I150                     ; LAB_RE                     ; LAB_RE                                                                                                                                                                                                       ;
;   2.700  ;   0.000  ; RR ; RE   ; 11     ; LEIMCLKALE_X259_Y69_N0_I0                   ; LEIMCLKALE                 ; LEIMCLKALE                                                                                                                                                                                                   ;
;   2.700  ;   0.000  ; RR ; RE   ; 1      ; HYPERFLEX_CLK_M_MUX_X259_Y69_N0_I40         ; Hyperflex clocking network ; HIPI_M_MUX                                                                                                                                                                                                   ;
;   2.700  ;   0.000  ;    ; IC   ; 1      ; BLOCK_INPUT_MUX_PASSTHROUGH_X259_Y69_N0_I36 ; Hyper-Register             ; afu_top|pg_afu.port_gasket|pr_slot|afu_main|port_afu_instances|ofs_plat_afu|core|dma|csr_mgr_inst|mmio64_reg.w.data[0]~DUPLICATE_BLOCK_INPUT_MUX_PASSTHROUGH_X259_Y69_N0_I36_dff|clk                         ;
;   2.700  ;   0.000  ; RR ; CELL ; 1      ; BLOCK_INPUT_MUX_PASSTHROUGH_X259_Y69_N0_I36 ; Hyper-Register             ; afu_top|pg_afu.port_gasket|pr_slot|afu_main|port_afu_instances|ofs_plat_afu|core|dma|csr_mgr_inst|mmio64_reg.w.data[0]~DUPLICATE_BLOCK_INPUT_MUX_PASSTHROUGH_X259_Y69_N0_I36_dff                             ;
; 3.729    ; 1.029    ;    ;      ;        ;                                             ;                            ; data path                                                                                                                                                                                                    ;
;   2.869  ;   0.169  ; RR ; uTco ; 2      ; BLOCK_INPUT_MUX_PASSTHROUGH_X259_Y69_N0_I36 ; Hyper-Register             ; afu_top|pg_afu.port_gasket|pr_slot|afu_main|port_afu_instances|ofs_plat_afu|core|dma|csr_mgr_inst|mmio64_reg.w.data[0]~DUPLICATE_BLOCK_INPUT_MUX_PASSTHROUGH_X259_Y69_N0_I36_dff|q                           ;
;   2.869  ;   0.000  ; RR ; RE   ; 1      ; BLOCK_INPUT_MUX_PASSTHROUGH_X259_Y69_N0_I36 ; Hyper-Register             ; LEIM                                                                                                                                                                                                         ;
;   2.870  ;   0.001  ; RR ; RE   ; 1      ; BLOCK_INPUT_MUX_PASSTHROUGH_X259_Y69_N0_I36 ; Block Input Mux            ; LEIM                                                                                                                                                                                                         ;
;   2.870  ;   0.000  ; RR ; RE   ; 2      ; LAB_RE_X259_Y69_N0_I35                      ; LAB_RE                     ; leima[4]                                                                                                                                                                                                     ;
;   2.870  ;   0.000  ;    ; IC   ; 2      ; FF_X259_Y69_N25                             ; Bypassed ALM Register      ; afu_top|pg_afu.port_gasket|pr_slot|afu_main|port_afu_instances|ofs_plat_afu|core|dma|csr_mgr_inst|dma_csr_map.descriptor.length[0]~.comb|d                                                                   ;
;   2.948  ;   0.078  ; RR ; CELL ; 3      ; FF_X259_Y69_N25                             ; Bypassed ALM Register      ; afu_top|pg_afu.port_gasket|pr_slot|afu_main|port_afu_instances|ofs_plat_afu|core|dma|csr_mgr_inst|dma_csr_map.descriptor.length[0]~.comb|q                                                                   ;
;   2.948  ;   0.000  ; RR ; RE   ; 1      ; FF_X259_Y69_N25                             ; Bypassed ALM Register      ; FF                                                                                                                                                                                                           ;
;   2.953  ;   0.005  ; RR ; RE   ; 2      ; LAB_RE_X259_Y69_N0_I105                     ; LAB_RE                     ; LAB_RE                                                                                                                                                                                                       ;
;   2.988  ;   0.035  ; RR ; RE   ; 2      ; R0_X259_Y69_N0_I28                          ; R0 interconnect            ; H0                                                                                                                                                                                                           ;
;   3.023  ;   0.035  ; RR ; RE   ; 1      ; R0_X259_Y69_N0_I46                          ; R0 interconnect            ; H0                                                                                                                                                                                                           ;
;   3.055  ;   0.032  ; RR ; RE   ; 1      ; R1_X260_Y69_N0_I36                          ; R1 interconnect            ; H1                                                                                                                                                                                                           ;
;   3.093  ;   0.038  ; RF ; RE   ; 1      ; LOCAL_INTERCONNECT_X260_Y69_N0_I76          ; Block interconnect         ; LAB_LINE                                                                                                                                                                                                     ;
;   3.123  ;   0.030  ; FR ; RE   ; 1      ; BLOCK_INPUT_MUX_PASSTHROUGH_X260_Y69_N0_I7  ; Block Input Mux            ; LEIM                                                                                                                                                                                                         ;
;   3.123  ;   0.000  ; RR ; RE   ; 1      ; LAB_RE_X260_Y69_N0_I1                       ; LAB_RE                     ; leimd0[0]                                                                                                                                                                                                    ;
;   3.123  ;   0.000  ;    ; IC   ; 5      ; MLABCELL_X260_Y69_N0                        ; Combinational cell         ; afu_top|pg_afu.port_gasket|pr_slot|afu_main|port_afu_instances|ofs_plat_afu|core|dma|csr_mgr_inst|add_0~256|datad                                                                                            ;
;   3.351  ;   0.228  ; RR ; CELL ; 1      ; MLABCELL_X260_Y69_N57                       ; Combinational cell         ; afu_top|pg_afu.port_gasket|pr_slot|afu_main|port_afu_instances|ofs_plat_afu|core|dma|csr_mgr_inst|add_0~161|cout                                                                                             ;
;   3.351  ;   0.000  ; RR ; RE   ; 1      ; MLABCELL_X260_Y69_N57                       ; Combinational cell         ; MP_MLAB_COMB                                                                                                                                                                                                 ;
;   3.392  ;   0.041  ; RR ; RE   ; 1      ; LAB_RE_X260_Y69_N0_I154                     ; LAB_RE                     ; LAB_RE                                                                                                                                                                                                       ;
;   3.392  ;   0.000  ; RR ; RE   ; 1      ; LAB_RE_X260_Y68_N0_I153                     ; LAB_RE                     ; t_mlabncc                                                                                                                                                                                                    ;
;   3.392  ;   0.000  ;    ; IC   ; 5      ; MLABCELL_X260_Y68_N0                        ; Combinational cell         ; afu_top|pg_afu.port_gasket|pr_slot|afu_main|port_afu_instances|ofs_plat_afu|core|dma|csr_mgr_inst|add_0~156|cin                                                                                              ;
;   3.430  ;   0.038  ; RR ; CELL ; 1      ; MLABCELL_X260_Y68_N57                       ; Combinational cell         ; afu_top|pg_afu.port_gasket|pr_slot|afu_main|port_afu_instances|ofs_plat_afu|core|dma|csr_mgr_inst|add_0~31|cout                                                                                              ;
;   3.430  ;   0.000  ; RR ; RE   ; 1      ; MLABCELL_X260_Y68_N57                       ; Combinational cell         ; MP_MLAB_COMB                                                                                                                                                                                                 ;
;   3.471  ;   0.041  ; RR ; RE   ; 1      ; LAB_RE_X260_Y68_N0_I154                     ; LAB_RE                     ; LAB_RE                                                                                                                                                                                                       ;
;   3.471  ;   0.000  ; RR ; RE   ; 1      ; LAB_RE_X260_Y67_N0_I153                     ; LAB_RE                     ; t_mlabncc                                                                                                                                                                                                    ;
;   3.471  ;   0.000  ;    ; IC   ; 4      ; MLABCELL_X260_Y67_N0                        ; Combinational cell         ; afu_top|pg_afu.port_gasket|pr_slot|afu_main|port_afu_instances|ofs_plat_afu|core|dma|csr_mgr_inst|add_0~36|cin                                                                                               ;
;   3.501  ;   0.030  ; RR ; CELL ; 1      ; MLABCELL_X260_Y67_N3                        ; Combinational cell         ; afu_top|pg_afu.port_gasket|pr_slot|afu_main|port_afu_instances|ofs_plat_afu|core|dma|csr_mgr_inst|add_0~16|cout                                                                                              ;
;   3.501  ;   0.000  ; RR ; CELL ; 3      ; MLABCELL_X260_Y67_N6                        ; Combinational cell         ; afu_top|pg_afu.port_gasket|pr_slot|afu_main|port_afu_instances|ofs_plat_afu|core|dma|csr_mgr_inst|add_0~21|cin                                                                                               ;
;   3.518  ;   0.017  ; RF ; CELL ; 1      ; MLABCELL_X260_Y67_N9                        ; Combinational cell         ; afu_top|pg_afu.port_gasket|pr_slot|afu_main|port_afu_instances|ofs_plat_afu|core|dma|csr_mgr_inst|add_0~91|cout                                                                                              ;
;   3.518  ;   0.000  ; FF ; CELL ; 3      ; MLABCELL_X260_Y67_N12                       ; Combinational cell         ; afu_top|pg_afu.port_gasket|pr_slot|afu_main|port_afu_instances|ofs_plat_afu|core|dma|csr_mgr_inst|add_0~96|cin                                                                                               ;
;   3.534  ;   0.016  ; FR ; CELL ; 1      ; MLABCELL_X260_Y67_N15                       ; Combinational cell         ; afu_top|pg_afu.port_gasket|pr_slot|afu_main|port_afu_instances|ofs_plat_afu|core|dma|csr_mgr_inst|add_0~81|cout                                                                                              ;
;   3.534  ;   0.000  ; RR ; CELL ; 3      ; MLABCELL_X260_Y67_N18                       ; Combinational cell         ; afu_top|pg_afu.port_gasket|pr_slot|afu_main|port_afu_instances|ofs_plat_afu|core|dma|csr_mgr_inst|add_0~86|cin                                                                                               ;
;   3.551  ;   0.017  ; RF ; CELL ; 1      ; MLABCELL_X260_Y67_N21                       ; Combinational cell         ; afu_top|pg_afu.port_gasket|pr_slot|afu_main|port_afu_instances|ofs_plat_afu|core|dma|csr_mgr_inst|add_0~1|cout                                                                                               ;
;   3.551  ;   0.000  ; FF ; CELL ; 2      ; MLABCELL_X260_Y67_N24                       ; Combinational cell         ; afu_top|pg_afu.port_gasket|pr_slot|afu_main|port_afu_instances|ofs_plat_afu|core|dma|csr_mgr_inst|add_0~6|cin                                                                                                ;
;   3.636  ;   0.085  ; FF ; CELL ; 1      ; MLABCELL_X260_Y67_N27                       ; Combinational cell         ; afu_top|pg_afu.port_gasket|pr_slot|afu_main|port_afu_instances|ofs_plat_afu|core|dma|csr_mgr_inst|add_0~11|sumout                                                                                            ;
;   3.636  ;   0.000  ; FF ; RE   ; 1      ; MLABCELL_X260_Y67_N27                       ; Combinational cell         ; MP_MLAB_COMB                                                                                                                                                                                                 ;
;   3.641  ;   0.005  ; FF ; RE   ; 1      ; LAB_RE_X260_Y67_N0_I107                     ; LAB_RE                     ; LAB_RE                                                                                                                                                                                                       ;
;   3.674  ;   0.033  ; FF ; RE   ; 1      ; R0_X260_Y67_N0_I32                          ; R0 interconnect            ; H0                                                                                                                                                                                                           ;
;   3.705  ;   0.031  ; FF ; RE   ; 1      ; R1_X261_Y67_N0_I28                          ; R1 interconnect            ; H1                                                                                                                                                                                                           ;
;   3.729  ;   0.024  ; FR ; RE   ; 1      ; LOCAL_INTERCONNECT_X261_Y67_N0_I44          ; Block interconnect         ; LAB_LINE                                                                                                                                                                                                     ;
;   3.729  ;   0.000  ;    ; IC   ; 1      ; BLOCK_INPUT_MUX_PASSTHROUGH_X261_Y67_N0_I53 ; Hyper-Register             ; afu_top|pg_afu.port_gasket|pr_slot|afu_main|port_afu_instances|ofs_plat_afu|core|dma|csr_mgr_inst|add_0~11_BLOCK_INPUT_MUX_PASSTHROUGH_X261_Y67_N0_I53_dff|d                                                 ;
;   3.729  ;   0.000  ; RR ; CELL ; 1      ; BLOCK_INPUT_MUX_PASSTHROUGH_X261_Y67_N0_I53 ; Hyper-Register             ; afu_top|pg_afu.port_gasket|pr_slot|afu_main|port_afu_instances|ofs_plat_afu|core|dma|csr_mgr_inst|add_0~11_BLOCK_INPUT_MUX_PASSTHROUGH_X261_Y67_N0_I53_dff                                                   ;
+----------+----------+----+------+--------+---------------------------------------------+----------------------------+--------------------------------------------------------------------------------------------------------------------------------------------------------------------------------------------------------------+

+-----------------------------------------------------------------------------------------------------------------------------------------------------------------------------------------------------------------------------------------------------------------------------------------------------------------------------------+
; Data Required Path                                                                                                                                                                                                                                                                                                                ;
+---------+----------+----+------+--------+---------------------------------------------+----------------------------+--------------------------------------------------------------------------------------------------------------------------------------------------------------------------------------------------------------+
; Total   ; Incr     ; RF ; Type ; Fanout ; Location                                    ; Element Type               ; Element                                                                                                                                                                                                      ;
+---------+----------+----+------+--------+---------------------------------------------+----------------------------+--------------------------------------------------------------------------------------------------------------------------------------------------------------------------------------------------------------+
; 3.000   ; 3.000    ;    ;      ;        ;                                             ;                            ; latch edge time                                                                                                                                                                                              ;
; 5.646   ; 2.646    ;    ;      ;        ;                                             ;                            ; clock path                                                                                                                                                                                                   ;
;   3.000 ;   0.000  ;    ;      ;        ;                                             ;                            ; source latency                                                                                                                                                                                               ;
;   3.000 ;   0.000  ;    ;      ; 1      ; PIN_HF23                                    ; I/O pad                    ; ddr4_mem_ref_clk[0].clk                                                                                                                                                                                      ;
;   3.000 ;   0.000  ;    ; IC   ; 1      ; IOIBUF_X280_Y0_N376                         ; I/O input buffer           ; ddr4_mem_ref_clk[0].clk~input|i                                                                                                                                                                              ;
;   3.129 ;   0.129  ; RR ; CELL ; 2      ; IOIBUF_X280_Y0_N376                         ; I/O input buffer           ; ddr4_mem_ref_clk[0].clk~input|o                                                                                                                                                                              ;
;   3.793 ;   0.664  ; RR ; CELL ; 1      ; REFCLKINPUT_X281_Y0_N301                    ; I/O reference clock tree   ; local_mem_wrapper|mem_ss_top|mem_ss_sv|mem_ss|mem_ss|emif_0|emif_0|arch|arch_inst|pll_inst|pll_inst~refclk|ref_clk_in                                                                                        ;
;   3.896 ;   0.103  ; RR ; CELL ; 3      ; REFCLKINPUT_X281_Y0_N301                    ; I/O reference clock tree   ; local_mem_wrapper|mem_ss_top|mem_ss_sv|mem_ss|mem_ss|emif_0|emif_0|arch|arch_inst|pll_inst|pll_inst~refclk|ref0_to_btm                                                                                       ;
;   4.193 ;   0.297  ; RR ; CELL ; 1      ; REFCLKINPUT_X281_Y0_N301                    ; I/O reference clock tree   ; local_mem_wrapper|mem_ss_top|mem_ss_sv|mem_ss|mem_ss|emif_0|emif_0|arch|arch_inst|pll_inst|pll_inst~refclk|clk_out                                                                                           ;
;   4.193 ;   0.000  ; RR ; CELL ; 1      ; IOPLL_X281_Y0_N303                          ; IOPLL                      ; local_mem_wrapper|mem_ss_top|mem_ss_sv|mem_ss|mem_ss|emif_0|emif_0|arch|arch_inst|pll_inst|pll_inst|pll_cascade_in                                                                                           ;
;   4.313 ;   0.120  ; RR ; CELL ; 2      ; IOPLL_X281_Y0_N303                          ; IOPLL                      ; local_mem_wrapper|mem_ss_top|mem_ss_sv|mem_ss|mem_ss|emif_0|emif_0|arch|arch_inst|pll_inst|pll_inst~fmio96fs_wr/x0/fmio96_core_inst/fmio48tile_top/x5/u4_3/x0/xiopll_custom/xclkin_sw/xpm_pll_so/clk[0]      ;
;   4.424 ;   0.111  ; RR ; CELL ; 2      ; IOPLL_X281_Y0_N303                          ; IOPLL                      ; local_mem_wrapper|mem_ss_top|mem_ss_sv|mem_ss|mem_ss|emif_0|emif_0|arch|arch_inst|pll_inst|pll_inst~fmio96fs_wr/x0/fmio96_core_inst/fmio48tile_top/x5/u4_3/x0/xiopll_custom/xiopll_core/xncnt_iopll/clk      ;
;   4.527 ;   0.103  ; RR ; CELL ; 3      ; IOPLL_X281_Y0_N303                          ; IOPLL                      ; local_mem_wrapper|mem_ss_top|mem_ss_sv|mem_ss|mem_ss|emif_0|emif_0|arch|arch_inst|pll_inst|pll_inst~pllnout                                                                                                  ;
;   4.611 ;   0.084  ; RF ; CELL ; 1      ; IOPLL_X281_Y0_N303                          ; IOPLL                      ; local_mem_wrapper|mem_ss_top|mem_ss_sv|mem_ss|mem_ss|emif_0|emif_0|arch|arch_inst|pll_inst|pll_inst~vco_refclk                                                                                               ;
;   4.615 ;   0.004  ; FR ; CELL ; 1      ; IOPLL_X281_Y0_N303                          ; IOPLL                      ; local_mem_wrapper|mem_ss_top|mem_ss_sv|mem_ss|mem_ss|emif_0|emif_0|arch|arch_inst|pll_inst|pll_inst~vctrl                                                                                                    ;
;   4.023 ;   -0.592 ; RR ; COMP ; 1      ; IOPLL_X281_Y0_N303                          ; IOPLL                      ; local_mem_wrapper|mem_ss_top|mem_ss_sv|mem_ss|mem_ss|emif_0|emif_0|arch|arch_inst|pll_inst|pll_inst~vcoph[0]                                                                                                 ;
;   4.023 ;   0.000  ; RR ; CELL ; 10     ; IOPLL_X281_Y0_N303                          ; IOPLL                      ; local_mem_wrapper|mem_ss_top|mem_ss_sv|mem_ss|mem_ss|emif_0|emif_0|arch|arch_inst|pll_inst|pll_inst|vcoph[0]                                                                                                 ;
;   4.023 ;   0.000  ; RR ; CELL ; 3      ; TILECTRL_X281_Y0_N298                       ; I/O tile control logic     ; local_mem_wrapper|mem_ss_top|mem_ss_sv|mem_ss|mem_ss|emif_0|emif_0|arch|arch_inst|io_tiles_wrap_inst|io_tiles_inst|tile_gen[1].tile_ctrl_inst|pll_vco_in[0]                                                  ;
;   2.230 ;   -1.793 ; RR ; COMP ; 1      ; TILECTRL_X281_Y0_N298                       ; I/O tile control logic     ; local_mem_wrapper|mem_ss_top|mem_ss_sv|mem_ss|mem_ss|emif_0|emif_0|arch|arch_inst|io_tiles_wrap_inst|io_tiles_inst|tile_gen[1].tile_ctrl_inst|pa_core_clk_out[0]                                             ;
;   2.626 ;   0.396  ; RR ; CELL ; 16258  ; TILECTRL_X281_Y0_N298                       ; I/O tile control logic     ; local_mem_wrapper|mem_ss_top|mem_ss_sv|mem_ss|mem_ss|emif_0|emif_0|arch|arch_inst|io_tiles_wrap_inst|io_tiles_inst|tile_gen[1].tile_ctrl_inst~fmio96fs_wr/m32_0_29__iophasealignment_to_dcm__core_clk_out[1] ;
;   2.626 ;   0.000  ;    ; IC   ; 1      ; Boundary Port                               ; N/A                        ; afu_top|pg_afu.port_gasket|pr_slot|afu_main|ext_mem_if[0].clk|input                                                                                                                                          ;
;   2.626 ;   0.000  ; RR ; CELL ; 105325 ; Boundary Port                               ; N/A                        ; afu_top|pg_afu.port_gasket|pr_slot|afu_main|ext_mem_if[0].clk                                                                                                                                                ;
;   2.626 ;   0.000  ; RR ; RE   ; 1      ; TILECTRL_X281_Y0_N298                       ; I/O tile control logic     ; TILE_CTRL                                                                                                                                                                                                    ;
;   2.668 ;   0.042  ; RR ; RE   ; 1      ; IO96FSWRRE_X280_Y0_N0_I3537                 ; IO96FS_WR_RE               ; IO96FS_WR_RE                                                                                                                                                                                                 ;
;   2.727 ;   0.059  ; RR ; RE   ; 1      ; DCM_mux_X307_Y2_N0_I29                      ; DCM_mux                    ; CC_DCM_GMUX_RE                                                                                                                                                                                               ;
;   2.772 ;   0.045  ; RR ; RE   ; 1      ; IO_P2C_RE_X280_Y2_N150_I75                  ; IO_P2C_RE                  ; IO_P2C_RE                                                                                                                                                                                                    ;
;   2.785 ;   0.013  ; RR ; RE   ; 1      ; IO_P2C_RE_X280_Y2_N150_I26                  ; IO_P2C_RE                  ; IO_P2C_RE                                                                                                                                                                                                    ;
;   2.814 ;   0.029  ; RR ; RE   ; 1      ; Switchbox_clock_mux_X280_Y2_N0_I197         ; Switchbox_clock_mux        ; CLOCK_SEGMENT_MUX                                                                                                                                                                                            ;
;   2.875 ;   0.061  ; RR ; RE   ; 1      ; Switchbox_clock_mux_X280_Y2_N0_I105         ; Switchbox_clock_mux        ; CLOCK_SEGMENT_MUX                                                                                                                                                                                            ;
;   2.895 ;   0.020  ; RF ; RE   ; 1      ; Vertical_seam_tap_mux_X280_Y23_N0_I165      ; Vertical_seam_tap_mux      ; CLOCK_SEGMENT_TAP_MUX                                                                                                                                                                                        ;
;   2.932 ;   0.037  ; FR ; RE   ; 1      ; Vertical_seam_tap_mux_X280_Y23_N0_I53       ; Vertical_seam_tap_mux      ; CLOCK_SEGMENT_TAP_MUX                                                                                                                                                                                        ;
;   2.959 ;   0.027  ; RR ; RE   ; 1      ; Switchbox_clock_mux_X280_Y43_N0_I197        ; Switchbox_clock_mux        ; CLOCK_SEGMENT_MUX                                                                                                                                                                                            ;
;   3.020 ;   0.061  ; RR ; RE   ; 1      ; Switchbox_clock_mux_X280_Y43_N0_I105        ; Switchbox_clock_mux        ; CLOCK_SEGMENT_MUX                                                                                                                                                                                            ;
;   3.040 ;   0.020  ; RF ; RE   ; 1      ; Vertical_seam_tap_mux_X280_Y64_N0_I165      ; Vertical_seam_tap_mux      ; CLOCK_SEGMENT_TAP_MUX                                                                                                                                                                                        ;
;   3.077 ;   0.037  ; FR ; RE   ; 1      ; Vertical_seam_tap_mux_X280_Y64_N0_I53       ; Vertical_seam_tap_mux      ; CLOCK_SEGMENT_TAP_MUX                                                                                                                                                                                        ;
;   3.104 ;   0.027  ; RR ; RE   ; 1      ; Switchbox_clock_mux_X280_Y84_N0_I197        ; Switchbox_clock_mux        ; CLOCK_SEGMENT_MUX                                                                                                                                                                                            ;
;   3.161 ;   0.057  ; RR ; RE   ; 1      ; Switchbox_clock_mux_X280_Y84_N0_I105        ; Switchbox_clock_mux        ; CLOCK_SEGMENT_MUX                                                                                                                                                                                            ;
;   3.181 ;   0.020  ; RF ; RE   ; 1      ; Vertical_seam_tap_mux_X280_Y105_N0_I165     ; Vertical_seam_tap_mux      ; CLOCK_SEGMENT_TAP_MUX                                                                                                                                                                                        ;
;   3.218 ;   0.037  ; FR ; RE   ; 1      ; Vertical_seam_tap_mux_X280_Y105_N0_I53      ; Vertical_seam_tap_mux      ; CLOCK_SEGMENT_TAP_MUX                                                                                                                                                                                        ;
;   3.245 ;   0.027  ; RR ; RE   ; 1      ; Switchbox_clock_mux_X280_Y125_N0_I197       ; Switchbox_clock_mux        ; CLOCK_SEGMENT_MUX                                                                                                                                                                                            ;
;   3.301 ;   0.056  ; RR ; RE   ; 1      ; Switchbox_clock_mux_X280_Y125_N0_I105       ; Switchbox_clock_mux        ; CLOCK_SEGMENT_MUX                                                                                                                                                                                            ;
;   3.322 ;   0.021  ; RF ; RE   ; 1      ; Vertical_seam_tap_mux_X280_Y146_N0_I165     ; Vertical_seam_tap_mux      ; CLOCK_SEGMENT_TAP_MUX                                                                                                                                                                                        ;
;   3.359 ;   0.037  ; FR ; RE   ; 1      ; Vertical_seam_tap_mux_X280_Y146_N0_I53      ; Vertical_seam_tap_mux      ; CLOCK_SEGMENT_TAP_MUX                                                                                                                                                                                        ;
;   3.386 ;   0.027  ; RR ; RE   ; 1      ; Switchbox_clock_mux_X280_Y166_N0_I197       ; Switchbox_clock_mux        ; CLOCK_SEGMENT_MUX                                                                                                                                                                                            ;
;   3.517 ;   0.131  ; RR ; RE   ; 1      ; Switchbox_clock_mux_X280_Y166_N0_I106       ; Switchbox_clock_mux        ; CLOCK_SEGMENT_MUX                                                                                                                                                                                            ;
;   3.546 ;   0.029  ; RR ; RE   ; 1      ; Switchbox_clock_mux_X226_Y166_N0_I229       ; Switchbox_clock_mux        ; CLOCK_SEGMENT_MUX                                                                                                                                                                                            ;
;   3.574 ;   0.028  ; RR ; RE   ; 2      ; Switchbox_clock_mux_X226_Y166_N0_I153       ; Switchbox_clock_mux        ; CLOCK_SEGMENT_MUX                                                                                                                                                                                            ;
;   3.630 ;   0.056  ; RR ; RE   ; 1      ; Switchbox_clock_mux_X226_Y166_N0_I103       ; Switchbox_clock_mux        ; CLOCK_SEGMENT_MUX                                                                                                                                                                                            ;
;   3.650 ;   0.020  ; RF ; RE   ; 1      ; Vertical_seam_tap_mux_X226_Y146_N0_I134     ; Vertical_seam_tap_mux      ; CLOCK_SEGMENT_TAP_MUX                                                                                                                                                                                        ;
;   3.688 ;   0.038  ; FR ; RE   ; 1      ; Vertical_seam_tap_mux_X226_Y146_N0_I50      ; Vertical_seam_tap_mux      ; CLOCK_SEGMENT_TAP_MUX                                                                                                                                                                                        ;
;   3.717 ;   0.029  ; RR ; RE   ; 1      ; Switchbox_clock_mux_X226_Y125_N0_I166       ; Switchbox_clock_mux        ; CLOCK_SEGMENT_MUX                                                                                                                                                                                            ;
;   3.773 ;   0.056  ; RR ; RE   ; 1      ; Switchbox_clock_mux_X226_Y125_N0_I103       ; Switchbox_clock_mux        ; CLOCK_SEGMENT_MUX                                                                                                                                                                                            ;
;   3.794 ;   0.021  ; RF ; RE   ; 1      ; Vertical_seam_tap_mux_X226_Y105_N0_I134     ; Vertical_seam_tap_mux      ; CLOCK_SEGMENT_TAP_MUX                                                                                                                                                                                        ;
;   3.831 ;   0.037  ; FR ; RE   ; 1      ; Vertical_seam_tap_mux_X226_Y105_N0_I50      ; Vertical_seam_tap_mux      ; CLOCK_SEGMENT_TAP_MUX                                                                                                                                                                                        ;
;   3.860 ;   0.029  ; RR ; RE   ; 2      ; Switchbox_clock_mux_X226_Y84_N0_I166        ; Switchbox_clock_mux        ; CLOCK_SEGMENT_MUX                                                                                                                                                                                            ;
;   3.996 ;   0.136  ; RR ; RE   ; 1      ; Switchbox_clock_mux_X226_Y84_N0_I102        ; Switchbox_clock_mux        ; CLOCK_SEGMENT_MUX                                                                                                                                                                                            ;
;   4.025 ;   0.029  ; RR ; RE   ; 1      ; Switchbox_clock_mux_X280_Y84_N0_I230        ; Switchbox_clock_mux        ; CLOCK_SEGMENT_MUX                                                                                                                                                                                            ;
;   4.155 ;   0.130  ; RR ; RE   ; 1      ; Switchbox_clock_mux_X280_Y84_N0_I100        ; Switchbox_clock_mux        ; CLOCK_SEGMENT_MUX                                                                                                                                                                                            ;
;   4.184 ;   0.029  ; RR ; RE   ; 2      ; Switchbox_clock_mux_X334_Y84_N0_I230        ; Switchbox_clock_mux        ; CLOCK_SEGMENT_MUX                                                                                                                                                                                            ;
;   4.240 ;   0.056  ; RR ; RE   ; 1      ; Switchbox_clock_mux_X334_Y84_N0_I103        ; Switchbox_clock_mux        ; CLOCK_SEGMENT_MUX                                                                                                                                                                                            ;
;   4.260 ;   0.020  ; RF ; RE   ; 1      ; Vertical_seam_tap_mux_X334_Y64_N0_I134      ; Vertical_seam_tap_mux      ; CLOCK_SEGMENT_TAP_MUX                                                                                                                                                                                        ;
;   4.297 ;   0.037  ; FR ; RE   ; 1      ; Vertical_seam_tap_mux_X334_Y64_N0_I50       ; Vertical_seam_tap_mux      ; CLOCK_SEGMENT_TAP_MUX                                                                                                                                                                                        ;
;   4.326 ;   0.029  ; RR ; RE   ; 2      ; Switchbox_clock_mux_X334_Y43_N0_I166        ; Switchbox_clock_mux        ; CLOCK_SEGMENT_MUX                                                                                                                                                                                            ;
;   4.461 ;   0.135  ; RR ; RE   ; 1      ; Switchbox_clock_mux_X334_Y43_N0_I102        ; Switchbox_clock_mux        ; CLOCK_SEGMENT_MUX                                                                                                                                                                                            ;
;   4.490 ;   0.029  ; RR ; RE   ; 2      ; Switchbox_clock_mux_X280_Y43_N0_I262        ; Switchbox_clock_mux        ; CLOCK_SEGMENT_MUX                                                                                                                                                                                            ;
;   4.550 ;   0.060  ; RR ; RE   ; 1      ; Switchbox_clock_mux_X280_Y43_N0_I101        ; Switchbox_clock_mux        ; CLOCK_SEGMENT_MUX                                                                                                                                                                                            ;
;   4.577 ;   0.027  ; RR ; RE   ; 2      ; Vertical_seam_tap_mux_X280_Y64_N0_I166      ; Vertical_seam_tap_mux      ; CLOCK_SEGMENT_TAP_MUX                                                                                                                                                                                        ;
;   4.637 ;   0.060  ; RR ; RE   ; 1      ; Vertical_seam_tap_mux_X280_Y64_N0_I115      ; Vertical_seam_tap_mux      ; CLOCK_SEGMENT_TAP_MUX                                                                                                                                                                                        ;
;   4.717 ;   0.080  ; RR ; RE   ; 1      ; SPINE_TAP_RE_X253_Y64_N103_I89              ; SPINE_TAP_RE               ; SPINE_TAP_RE                                                                                                                                                                                                 ;
;   4.724 ;   0.007  ; RR ; RE   ; 41     ; SPINE_TAP_RE_X253_Y64_N103_I25              ; SPINE_TAP_RE               ; SPINE_TAP_RE                                                                                                                                                                                                 ;
;   4.891 ;   0.167  ; RR ; RE   ; 2      ; SCLKMUX_RE_X253_Y67_N188_I25                ; SCLKMUX_RE                 ; SCLKMUX_RE                                                                                                                                                                                                   ;
;   4.905 ;   0.014  ; RR ; RE   ; 16     ; SCLKMUX_RE_X253_Y67_N188_I40                ; SCLKMUX_RE                 ; SCLKMUX_RE                                                                                                                                                                                                   ;
;   4.928 ;   0.023  ; RR ; RE   ; 1      ; ROWCLK_TAPOFF_X261_Y67_N0_I3                ; Row Clock Tap-Off          ; ROWCLK_TAPOFF                                                                                                                                                                                                ;
;   4.951 ;   0.023  ; RR ; RE   ; 1      ; GLOBAL_LOCAL_SEL_X261_Y67_N0_I2             ; GLOBAL_LOCAL_SEL           ; GLOBAL_LOCAL_SEL                                                                                                                                                                                             ;
;   4.965 ;   0.014  ; RR ; RE   ; 1      ; RPII_X261_Y67_N0_I2                         ; Programmable Invert Input  ; RPII                                                                                                                                                                                                         ;
;   4.965 ;   0.000  ; RR ; RE   ; 1      ; RPI_X261_Y67_N0_I2                          ; Programmable Invert        ; RPI                                                                                                                                                                                                          ;
;   4.965 ;   0.000  ; RR ; RE   ; 25     ; LAB_RE_X261_Y67_N0_I83                      ; LAB_RE                     ; clka                                                                                                                                                                                                         ;
;   4.965 ;   0.000  ; RR ; RE   ; 1      ; LAB_RE_X261_Y67_N0_I150                     ; LAB_RE                     ; LAB_RE                                                                                                                                                                                                       ;
;   4.965 ;   0.000  ; RR ; RE   ; 15     ; LEIMCLKALE_X261_Y67_N0_I0                   ; LEIMCLKALE                 ; LEIMCLKALE                                                                                                                                                                                                   ;
;   4.965 ;   0.000  ; RR ; RE   ; 1      ; HYPERFLEX_CLK_M_MUX_X261_Y67_N0_I59         ; Hyperflex clocking network ; HIPI_M_MUX                                                                                                                                                                                                   ;
;   4.965 ;   0.000  ;    ; IC   ; 1      ; BLOCK_INPUT_MUX_PASSTHROUGH_X261_Y67_N0_I53 ; Hyper-Register             ; afu_top|pg_afu.port_gasket|pr_slot|afu_main|port_afu_instances|ofs_plat_afu|core|dma|csr_mgr_inst|add_0~11_BLOCK_INPUT_MUX_PASSTHROUGH_X261_Y67_N0_I53_dff|clk                                               ;
;   4.965 ;   0.000  ; RR ; CELL ; 1      ; BLOCK_INPUT_MUX_PASSTHROUGH_X261_Y67_N0_I53 ; Hyper-Register             ; afu_top|pg_afu.port_gasket|pr_slot|afu_main|port_afu_instances|ofs_plat_afu|core|dma|csr_mgr_inst|add_0~11_BLOCK_INPUT_MUX_PASSTHROUGH_X261_Y67_N0_I53_dff                                                   ;
;   5.660 ;   0.695  ;    ;      ;        ;                                             ;                            ; clock pessimism removed                                                                                                                                                                                      ;
;   5.646 ;   -0.014 ;    ;      ;        ;                                             ;                            ; advanced clock effects                                                                                                                                                                                       ;
; 5.616   ; -0.030   ;    ;      ;        ;                                             ;                            ; clock uncertainty                                                                                                                                                                                            ;
; 5.711   ; 0.095    ;    ; uTsu ; 1      ; BLOCK_INPUT_MUX_PASSTHROUGH_X261_Y67_N0_I53 ; Hyper-Register             ; afu_top|pg_afu.port_gasket|pr_slot|afu_main|port_afu_instances|ofs_plat_afu|core|dma|csr_mgr_inst|add_0~11_BLOCK_INPUT_MUX_PASSTHROUGH_X261_Y67_N0_I53_dff                                                   ;
+---------+----------+----+------+--------+---------------------------------------------+----------------------------+--------------------------------------------------------------------------------------------------------------------------------------------------------------------------------------------------------------+


Path #4: Setup slack is 1.983 
===============================================================================
+--------------------------------------------------------------------------------------------------------------------------------------------------------------------------------------------------------------------+
; Path Summary                                                                                                                                                                                                       ;
+---------------------------------+----------------------------------------------------------------------------------------------------------------------------------------------------------------------------------+
; Property                        ; Value                                                                                                                                                                            ;
+---------------------------------+----------------------------------------------------------------------------------------------------------------------------------------------------------------------------------+
; From Node                       ; afu_top|pg_afu.port_gasket|pr_slot|afu_main|port_afu_instances|ofs_plat_afu|core|dma|csr_mgr_inst|mmio64_reg.w.data[0]~DUPLICATE_BLOCK_INPUT_MUX_PASSTHROUGH_X259_Y69_N0_I36_dff ;
; To Node                         ; afu_top|pg_afu.port_gasket|pr_slot|afu_main|port_afu_instances|ofs_plat_afu|core|dma|csr_mgr_inst|add_0~106_BLOCK_INPUT_MUX_PASSTHROUGH_X261_Y68_N0_I71_dff                      ;
; Launch Clock                    ; local_mem_wrapper|mem_ss_top|mem_ss_sv|mem_ss|mem_ss|emif_0|emif_0_core_usr_clk                                                                                                  ;
; Latch Clock                     ; local_mem_wrapper|mem_ss_top|mem_ss_sv|mem_ss|mem_ss|emif_0|emif_0_core_usr_clk                                                                                                  ;
; SDC Exception                   ; No SDC Exception on Path                                                                                                                                                         ;
; Data Arrival Time               ; 3.729                                                                                                                                                                            ;
; Data Required Time              ; 5.712                                                                                                                                                                            ;
; Slack                           ; 1.983                                                                                                                                                                            ;
; Worst-Case Operating Conditions ; Fast vid2a 0C Model                                                                                                                                                              ;
+---------------------------------+----------------------------------------------------------------------------------------------------------------------------------------------------------------------------------+

+--------------------------------------------------------------------------------------+
; Statistics                                                                           ;
+------------------------+--------+-------+-------------+------------+--------+--------+
; Property               ; Value  ; Count ; Total Delay ; % of Total ; Min    ; Max    ;
+------------------------+--------+-------+-------------+------------+--------+--------+
; Setup Relationship     ; 3.000  ;       ;             ;            ;        ;        ;
; Clock Skew             ; -0.052 ;       ;             ;            ;        ;        ;
; Data Delay             ; 1.029  ;       ;             ;            ;        ;        ;
; Number of Logic Levels ;        ; 1     ;             ;            ;        ;        ;
; Physical Delays        ;        ;       ;             ;            ;        ;        ;
;  Arrival Path          ;        ;       ;             ;            ;        ;        ;
;   Clock                ;        ;       ;             ;            ;        ;        ;
;    IC                  ;        ; 3     ; 0.000       ; 0          ; 0.000  ; 0.000  ;
;    Cell                ;        ; 15    ; 2.278       ; 47         ; 0.000  ; 0.749  ;
;    PLL Compensation    ;        ; 2     ; -2.179      ; 0          ; -1.661 ; -0.518 ;
;    Routing Element     ;        ; 58    ; 2.601       ; 53         ; 0.000  ; 0.192  ;
;   Data                 ;        ;       ;             ;            ;        ;        ;
;    IC                  ;        ; 4     ; 0.000       ; 0          ; 0.000  ; 0.000  ;
;    Cell                ;        ; 8     ; 0.422       ; 41         ; 0.000  ; 0.228  ;
;    uTco                ;        ; 1     ; 0.169       ; 16         ; 0.169  ; 0.169  ;
;    Routing Element     ;        ; 21    ; 0.438       ; 43         ; 0.000  ; 0.063  ;
;  Required Path         ;        ;       ;             ;            ;        ;        ;
;   Clock                ;        ;       ;             ;            ;        ;        ;
;    IC                  ;        ; 3     ; 0.000       ; 0          ; 0.000  ; 0.000  ;
;    Cell                ;        ; 15    ; 2.011       ; 46         ; 0.000  ; 0.664  ;
;    PLL Compensation    ;        ; 2     ; -2.385      ; 0          ; -1.793 ; -0.592 ;
;    Routing Element     ;        ; 58    ; 2.341       ; 54         ; 0.000  ; 0.167  ;
+------------------------+--------+-------+-------------+------------+--------+--------+
Note: Negative delays are omitted from totals when calculating percentages

+------------------------------------------------------------------------------------------------------------------------------------------------------------------------------------------------------------------------------------------------------------------------------------------------------------------------------------+
; Data Arrival Path                                                                                                                                                                                                                                                                                                                  ;
+----------+----------+----+------+--------+---------------------------------------------+----------------------------+--------------------------------------------------------------------------------------------------------------------------------------------------------------------------------------------------------------+
; Total    ; Incr     ; RF ; Type ; Fanout ; Location                                    ; Element Type               ; Element                                                                                                                                                                                                      ;
+----------+----------+----+------+--------+---------------------------------------------+----------------------------+--------------------------------------------------------------------------------------------------------------------------------------------------------------------------------------------------------------+
; 0.000    ; 0.000    ;    ;      ;        ;                                             ;                            ; launch edge time                                                                                                                                                                                             ;
; 2.700    ; 2.700    ;    ;      ;        ;                                             ;                            ; clock path                                                                                                                                                                                                   ;
;   0.000  ;   0.000  ;    ;      ;        ;                                             ;                            ; source latency                                                                                                                                                                                               ;
;   0.000  ;   0.000  ;    ;      ; 1      ; PIN_HF23                                    ; I/O pad                    ; ddr4_mem_ref_clk[0].clk                                                                                                                                                                                      ;
;   0.000  ;   0.000  ;    ; IC   ; 1      ; IOIBUF_X280_Y0_N376                         ; I/O input buffer           ; ddr4_mem_ref_clk[0].clk~input|i                                                                                                                                                                              ;
;   0.129  ;   0.129  ; RR ; CELL ; 2      ; IOIBUF_X280_Y0_N376                         ; I/O input buffer           ; ddr4_mem_ref_clk[0].clk~input|o                                                                                                                                                                              ;
;   0.878  ;   0.749  ; RR ; CELL ; 1      ; REFCLKINPUT_X281_Y0_N301                    ; I/O reference clock tree   ; local_mem_wrapper|mem_ss_top|mem_ss_sv|mem_ss|mem_ss|emif_0|emif_0|arch|arch_inst|pll_inst|pll_inst~refclk|ref_clk_in                                                                                        ;
;   1.000  ;   0.122  ; RR ; CELL ; 3      ; REFCLKINPUT_X281_Y0_N301                    ; I/O reference clock tree   ; local_mem_wrapper|mem_ss_top|mem_ss_sv|mem_ss|mem_ss|emif_0|emif_0|arch|arch_inst|pll_inst|pll_inst~refclk|ref0_to_btm                                                                                       ;
;   1.337  ;   0.337  ; RR ; CELL ; 1      ; REFCLKINPUT_X281_Y0_N301                    ; I/O reference clock tree   ; local_mem_wrapper|mem_ss_top|mem_ss_sv|mem_ss|mem_ss|emif_0|emif_0|arch|arch_inst|pll_inst|pll_inst~refclk|clk_out                                                                                           ;
;   1.337  ;   0.000  ; RR ; CELL ; 1      ; IOPLL_X281_Y0_N303                          ; IOPLL                      ; local_mem_wrapper|mem_ss_top|mem_ss_sv|mem_ss|mem_ss|emif_0|emif_0|arch|arch_inst|pll_inst|pll_inst|pll_cascade_in                                                                                           ;
;   1.474  ;   0.137  ; RR ; CELL ; 2      ; IOPLL_X281_Y0_N303                          ; IOPLL                      ; local_mem_wrapper|mem_ss_top|mem_ss_sv|mem_ss|mem_ss|emif_0|emif_0|arch|arch_inst|pll_inst|pll_inst~fmio96fs_wr/x0/fmio96_core_inst/fmio48tile_top/x5/u4_3/x0/xiopll_custom/xclkin_sw/xpm_pll_so/clk[0]      ;
;   1.600  ;   0.126  ; RR ; CELL ; 2      ; IOPLL_X281_Y0_N303                          ; IOPLL                      ; local_mem_wrapper|mem_ss_top|mem_ss_sv|mem_ss|mem_ss|emif_0|emif_0|arch|arch_inst|pll_inst|pll_inst~fmio96fs_wr/x0/fmio96_core_inst/fmio48tile_top/x5/u4_3/x0/xiopll_custom/xiopll_core/xncnt_iopll/clk      ;
;   1.718  ;   0.118  ; RR ; CELL ; 3      ; IOPLL_X281_Y0_N303                          ; IOPLL                      ; local_mem_wrapper|mem_ss_top|mem_ss_sv|mem_ss|mem_ss|emif_0|emif_0|arch|arch_inst|pll_inst|pll_inst~pllnout                                                                                                  ;
;   1.815  ;   0.097  ; RF ; CELL ; 1      ; IOPLL_X281_Y0_N303                          ; IOPLL                      ; local_mem_wrapper|mem_ss_top|mem_ss_sv|mem_ss|mem_ss|emif_0|emif_0|arch|arch_inst|pll_inst|pll_inst~vco_refclk                                                                                               ;
;   1.822  ;   0.007  ; FR ; CELL ; 1      ; IOPLL_X281_Y0_N303                          ; IOPLL                      ; local_mem_wrapper|mem_ss_top|mem_ss_sv|mem_ss|mem_ss|emif_0|emif_0|arch|arch_inst|pll_inst|pll_inst~vctrl                                                                                                    ;
;   1.304  ;   -0.518 ; RR ; COMP ; 1      ; IOPLL_X281_Y0_N303                          ; IOPLL                      ; local_mem_wrapper|mem_ss_top|mem_ss_sv|mem_ss|mem_ss|emif_0|emif_0|arch|arch_inst|pll_inst|pll_inst~vcoph[0]                                                                                                 ;
;   1.304  ;   0.000  ; RR ; CELL ; 10     ; IOPLL_X281_Y0_N303                          ; IOPLL                      ; local_mem_wrapper|mem_ss_top|mem_ss_sv|mem_ss|mem_ss|emif_0|emif_0|arch|arch_inst|pll_inst|pll_inst|vcoph[0]                                                                                                 ;
;   1.304  ;   0.000  ; RR ; CELL ; 3      ; TILECTRL_X281_Y0_N298                       ; I/O tile control logic     ; local_mem_wrapper|mem_ss_top|mem_ss_sv|mem_ss|mem_ss|emif_0|emif_0|arch|arch_inst|io_tiles_wrap_inst|io_tiles_inst|tile_gen[1].tile_ctrl_inst|pll_vco_in[0]                                                  ;
;   -0.357 ;   -1.661 ; RR ; COMP ; 1      ; TILECTRL_X281_Y0_N298                       ; I/O tile control logic     ; local_mem_wrapper|mem_ss_top|mem_ss_sv|mem_ss|mem_ss|emif_0|emif_0|arch|arch_inst|io_tiles_wrap_inst|io_tiles_inst|tile_gen[1].tile_ctrl_inst|pa_core_clk_out[0]                                             ;
;   0.099  ;   0.456  ; RR ; CELL ; 16258  ; TILECTRL_X281_Y0_N298                       ; I/O tile control logic     ; local_mem_wrapper|mem_ss_top|mem_ss_sv|mem_ss|mem_ss|emif_0|emif_0|arch|arch_inst|io_tiles_wrap_inst|io_tiles_inst|tile_gen[1].tile_ctrl_inst~fmio96fs_wr/m32_0_29__iophasealignment_to_dcm__core_clk_out[1] ;
;   0.099  ;   0.000  ;    ; IC   ; 1      ; Boundary Port                               ; N/A                        ; afu_top|pg_afu.port_gasket|pr_slot|afu_main|ext_mem_if[0].clk|input                                                                                                                                          ;
;   0.099  ;   0.000  ; RR ; CELL ; 105325 ; Boundary Port                               ; N/A                        ; afu_top|pg_afu.port_gasket|pr_slot|afu_main|ext_mem_if[0].clk                                                                                                                                                ;
;   0.099  ;   0.000  ; RR ; RE   ; 1      ; TILECTRL_X281_Y0_N298                       ; I/O tile control logic     ; TILE_CTRL                                                                                                                                                                                                    ;
;   0.147  ;   0.048  ; RR ; RE   ; 1      ; IO96FSWRRE_X280_Y0_N0_I3537                 ; IO96FS_WR_RE               ; IO96FS_WR_RE                                                                                                                                                                                                 ;
;   0.210  ;   0.063  ; RR ; RE   ; 1      ; DCM_mux_X307_Y2_N0_I29                      ; DCM_mux                    ; CC_DCM_GMUX_RE                                                                                                                                                                                               ;
;   0.262  ;   0.052  ; RR ; RE   ; 1      ; IO_P2C_RE_X280_Y2_N150_I75                  ; IO_P2C_RE                  ; IO_P2C_RE                                                                                                                                                                                                    ;
;   0.276  ;   0.014  ; RR ; RE   ; 1      ; IO_P2C_RE_X280_Y2_N150_I26                  ; IO_P2C_RE                  ; IO_P2C_RE                                                                                                                                                                                                    ;
;   0.309  ;   0.033  ; RR ; RE   ; 1      ; Switchbox_clock_mux_X280_Y2_N0_I197         ; Switchbox_clock_mux        ; CLOCK_SEGMENT_MUX                                                                                                                                                                                            ;
;   0.375  ;   0.066  ; RR ; RE   ; 1      ; Switchbox_clock_mux_X280_Y2_N0_I105         ; Switchbox_clock_mux        ; CLOCK_SEGMENT_MUX                                                                                                                                                                                            ;
;   0.398  ;   0.023  ; RF ; RE   ; 1      ; Vertical_seam_tap_mux_X280_Y23_N0_I165      ; Vertical_seam_tap_mux      ; CLOCK_SEGMENT_TAP_MUX                                                                                                                                                                                        ;
;   0.438  ;   0.040  ; FR ; RE   ; 1      ; Vertical_seam_tap_mux_X280_Y23_N0_I53       ; Vertical_seam_tap_mux      ; CLOCK_SEGMENT_TAP_MUX                                                                                                                                                                                        ;
;   0.469  ;   0.031  ; RR ; RE   ; 1      ; Switchbox_clock_mux_X280_Y43_N0_I197        ; Switchbox_clock_mux        ; CLOCK_SEGMENT_MUX                                                                                                                                                                                            ;
;   0.535  ;   0.066  ; RR ; RE   ; 1      ; Switchbox_clock_mux_X280_Y43_N0_I105        ; Switchbox_clock_mux        ; CLOCK_SEGMENT_MUX                                                                                                                                                                                            ;
;   0.558  ;   0.023  ; RF ; RE   ; 1      ; Vertical_seam_tap_mux_X280_Y64_N0_I165      ; Vertical_seam_tap_mux      ; CLOCK_SEGMENT_TAP_MUX                                                                                                                                                                                        ;
;   0.598  ;   0.040  ; FR ; RE   ; 1      ; Vertical_seam_tap_mux_X280_Y64_N0_I53       ; Vertical_seam_tap_mux      ; CLOCK_SEGMENT_TAP_MUX                                                                                                                                                                                        ;
;   0.629  ;   0.031  ; RR ; RE   ; 1      ; Switchbox_clock_mux_X280_Y84_N0_I197        ; Switchbox_clock_mux        ; CLOCK_SEGMENT_MUX                                                                                                                                                                                            ;
;   0.691  ;   0.062  ; RR ; RE   ; 1      ; Switchbox_clock_mux_X280_Y84_N0_I105        ; Switchbox_clock_mux        ; CLOCK_SEGMENT_MUX                                                                                                                                                                                            ;
;   0.714  ;   0.023  ; RF ; RE   ; 1      ; Vertical_seam_tap_mux_X280_Y105_N0_I165     ; Vertical_seam_tap_mux      ; CLOCK_SEGMENT_TAP_MUX                                                                                                                                                                                        ;
;   0.754  ;   0.040  ; FR ; RE   ; 1      ; Vertical_seam_tap_mux_X280_Y105_N0_I53      ; Vertical_seam_tap_mux      ; CLOCK_SEGMENT_TAP_MUX                                                                                                                                                                                        ;
;   0.785  ;   0.031  ; RR ; RE   ; 1      ; Switchbox_clock_mux_X280_Y125_N0_I197       ; Switchbox_clock_mux        ; CLOCK_SEGMENT_MUX                                                                                                                                                                                            ;
;   0.847  ;   0.062  ; RR ; RE   ; 1      ; Switchbox_clock_mux_X280_Y125_N0_I105       ; Switchbox_clock_mux        ; CLOCK_SEGMENT_MUX                                                                                                                                                                                            ;
;   0.870  ;   0.023  ; RF ; RE   ; 1      ; Vertical_seam_tap_mux_X280_Y146_N0_I165     ; Vertical_seam_tap_mux      ; CLOCK_SEGMENT_TAP_MUX                                                                                                                                                                                        ;
;   0.910  ;   0.040  ; FR ; RE   ; 1      ; Vertical_seam_tap_mux_X280_Y146_N0_I53      ; Vertical_seam_tap_mux      ; CLOCK_SEGMENT_TAP_MUX                                                                                                                                                                                        ;
;   0.941  ;   0.031  ; RR ; RE   ; 1      ; Switchbox_clock_mux_X280_Y166_N0_I197       ; Switchbox_clock_mux        ; CLOCK_SEGMENT_MUX                                                                                                                                                                                            ;
;   1.084  ;   0.143  ; RR ; RE   ; 1      ; Switchbox_clock_mux_X280_Y166_N0_I106       ; Switchbox_clock_mux        ; CLOCK_SEGMENT_MUX                                                                                                                                                                                            ;
;   1.117  ;   0.033  ; RR ; RE   ; 1      ; Switchbox_clock_mux_X226_Y166_N0_I229       ; Switchbox_clock_mux        ; CLOCK_SEGMENT_MUX                                                                                                                                                                                            ;
;   1.148  ;   0.031  ; RR ; RE   ; 2      ; Switchbox_clock_mux_X226_Y166_N0_I153       ; Switchbox_clock_mux        ; CLOCK_SEGMENT_MUX                                                                                                                                                                                            ;
;   1.210  ;   0.062  ; RR ; RE   ; 1      ; Switchbox_clock_mux_X226_Y166_N0_I103       ; Switchbox_clock_mux        ; CLOCK_SEGMENT_MUX                                                                                                                                                                                            ;
;   1.233  ;   0.023  ; RF ; RE   ; 1      ; Vertical_seam_tap_mux_X226_Y146_N0_I134     ; Vertical_seam_tap_mux      ; CLOCK_SEGMENT_TAP_MUX                                                                                                                                                                                        ;
;   1.274  ;   0.041  ; FR ; RE   ; 1      ; Vertical_seam_tap_mux_X226_Y146_N0_I50      ; Vertical_seam_tap_mux      ; CLOCK_SEGMENT_TAP_MUX                                                                                                                                                                                        ;
;   1.306  ;   0.032  ; RR ; RE   ; 1      ; Switchbox_clock_mux_X226_Y125_N0_I166       ; Switchbox_clock_mux        ; CLOCK_SEGMENT_MUX                                                                                                                                                                                            ;
;   1.368  ;   0.062  ; RR ; RE   ; 1      ; Switchbox_clock_mux_X226_Y125_N0_I103       ; Switchbox_clock_mux        ; CLOCK_SEGMENT_MUX                                                                                                                                                                                            ;
;   1.391  ;   0.023  ; RF ; RE   ; 1      ; Vertical_seam_tap_mux_X226_Y105_N0_I134     ; Vertical_seam_tap_mux      ; CLOCK_SEGMENT_TAP_MUX                                                                                                                                                                                        ;
;   1.432  ;   0.041  ; FR ; RE   ; 1      ; Vertical_seam_tap_mux_X226_Y105_N0_I50      ; Vertical_seam_tap_mux      ; CLOCK_SEGMENT_TAP_MUX                                                                                                                                                                                        ;
;   1.464  ;   0.032  ; RR ; RE   ; 2      ; Switchbox_clock_mux_X226_Y84_N0_I166        ; Switchbox_clock_mux        ; CLOCK_SEGMENT_MUX                                                                                                                                                                                            ;
;   1.614  ;   0.150  ; RR ; RE   ; 1      ; Switchbox_clock_mux_X226_Y84_N0_I102        ; Switchbox_clock_mux        ; CLOCK_SEGMENT_MUX                                                                                                                                                                                            ;
;   1.646  ;   0.032  ; RR ; RE   ; 1      ; Switchbox_clock_mux_X280_Y84_N0_I230        ; Switchbox_clock_mux        ; CLOCK_SEGMENT_MUX                                                                                                                                                                                            ;
;   1.789  ;   0.143  ; RR ; RE   ; 1      ; Switchbox_clock_mux_X280_Y84_N0_I100        ; Switchbox_clock_mux        ; CLOCK_SEGMENT_MUX                                                                                                                                                                                            ;
;   1.821  ;   0.032  ; RR ; RE   ; 2      ; Switchbox_clock_mux_X334_Y84_N0_I230        ; Switchbox_clock_mux        ; CLOCK_SEGMENT_MUX                                                                                                                                                                                            ;
;   1.883  ;   0.062  ; RR ; RE   ; 1      ; Switchbox_clock_mux_X334_Y84_N0_I103        ; Switchbox_clock_mux        ; CLOCK_SEGMENT_MUX                                                                                                                                                                                            ;
;   1.906  ;   0.023  ; RF ; RE   ; 1      ; Vertical_seam_tap_mux_X334_Y64_N0_I134      ; Vertical_seam_tap_mux      ; CLOCK_SEGMENT_TAP_MUX                                                                                                                                                                                        ;
;   1.946  ;   0.040  ; FR ; RE   ; 1      ; Vertical_seam_tap_mux_X334_Y64_N0_I50       ; Vertical_seam_tap_mux      ; CLOCK_SEGMENT_TAP_MUX                                                                                                                                                                                        ;
;   1.978  ;   0.032  ; RR ; RE   ; 2      ; Switchbox_clock_mux_X334_Y43_N0_I166        ; Switchbox_clock_mux        ; CLOCK_SEGMENT_MUX                                                                                                                                                                                            ;
;   2.126  ;   0.148  ; RR ; RE   ; 1      ; Switchbox_clock_mux_X334_Y43_N0_I102        ; Switchbox_clock_mux        ; CLOCK_SEGMENT_MUX                                                                                                                                                                                            ;
;   2.159  ;   0.033  ; RR ; RE   ; 2      ; Switchbox_clock_mux_X280_Y43_N0_I262        ; Switchbox_clock_mux        ; CLOCK_SEGMENT_MUX                                                                                                                                                                                            ;
;   2.225  ;   0.066  ; RR ; RE   ; 1      ; Switchbox_clock_mux_X280_Y43_N0_I101        ; Switchbox_clock_mux        ; CLOCK_SEGMENT_MUX                                                                                                                                                                                            ;
;   2.256  ;   0.031  ; RR ; RE   ; 2      ; Vertical_seam_tap_mux_X280_Y64_N0_I166      ; Vertical_seam_tap_mux      ; CLOCK_SEGMENT_TAP_MUX                                                                                                                                                                                        ;
;   2.322  ;   0.066  ; RR ; RE   ; 1      ; Vertical_seam_tap_mux_X280_Y64_N0_I115      ; Vertical_seam_tap_mux      ; CLOCK_SEGMENT_TAP_MUX                                                                                                                                                                                        ;
;   2.413  ;   0.091  ; RR ; RE   ; 1      ; SPINE_TAP_RE_X253_Y64_N103_I89              ; SPINE_TAP_RE               ; SPINE_TAP_RE                                                                                                                                                                                                 ;
;   2.423  ;   0.010  ; RR ; RE   ; 41     ; SPINE_TAP_RE_X253_Y64_N103_I25              ; SPINE_TAP_RE               ; SPINE_TAP_RE                                                                                                                                                                                                 ;
;   2.615  ;   0.192  ; RR ; RE   ; 2      ; SCLKMUX_RE_X253_Y69_N188_I25                ; SCLKMUX_RE                 ; SCLKMUX_RE                                                                                                                                                                                                   ;
;   2.627  ;   0.012  ; RR ; RE   ; 17     ; SCLKMUX_RE_X253_Y69_N188_I40                ; SCLKMUX_RE                 ; SCLKMUX_RE                                                                                                                                                                                                   ;
;   2.653  ;   0.026  ; RR ; RE   ; 1      ; ROWCLK_TAPOFF_X259_Y69_N0_I3                ; Row Clock Tap-Off          ; ROWCLK_TAPOFF                                                                                                                                                                                                ;
;   2.683  ;   0.030  ; RR ; RE   ; 1      ; GLOBAL_LOCAL_SEL_X259_Y69_N0_I2             ; GLOBAL_LOCAL_SEL           ; GLOBAL_LOCAL_SEL                                                                                                                                                                                             ;
;   2.700  ;   0.017  ; RR ; RE   ; 1      ; RPII_X259_Y69_N0_I2                         ; Programmable Invert Input  ; RPII                                                                                                                                                                                                         ;
;   2.700  ;   0.000  ; RR ; RE   ; 1      ; RPI_X259_Y69_N0_I2                          ; Programmable Invert        ; RPI                                                                                                                                                                                                          ;
;   2.700  ;   0.000  ; RR ; RE   ; 21     ; LAB_RE_X259_Y69_N0_I83                      ; LAB_RE                     ; clka                                                                                                                                                                                                         ;
;   2.700  ;   0.000  ; RR ; RE   ; 1      ; LAB_RE_X259_Y69_N0_I150                     ; LAB_RE                     ; LAB_RE                                                                                                                                                                                                       ;
;   2.700  ;   0.000  ; RR ; RE   ; 11     ; LEIMCLKALE_X259_Y69_N0_I0                   ; LEIMCLKALE                 ; LEIMCLKALE                                                                                                                                                                                                   ;
;   2.700  ;   0.000  ; RR ; RE   ; 1      ; HYPERFLEX_CLK_M_MUX_X259_Y69_N0_I40         ; Hyperflex clocking network ; HIPI_M_MUX                                                                                                                                                                                                   ;
;   2.700  ;   0.000  ;    ; IC   ; 1      ; BLOCK_INPUT_MUX_PASSTHROUGH_X259_Y69_N0_I36 ; Hyper-Register             ; afu_top|pg_afu.port_gasket|pr_slot|afu_main|port_afu_instances|ofs_plat_afu|core|dma|csr_mgr_inst|mmio64_reg.w.data[0]~DUPLICATE_BLOCK_INPUT_MUX_PASSTHROUGH_X259_Y69_N0_I36_dff|clk                         ;
;   2.700  ;   0.000  ; RR ; CELL ; 1      ; BLOCK_INPUT_MUX_PASSTHROUGH_X259_Y69_N0_I36 ; Hyper-Register             ; afu_top|pg_afu.port_gasket|pr_slot|afu_main|port_afu_instances|ofs_plat_afu|core|dma|csr_mgr_inst|mmio64_reg.w.data[0]~DUPLICATE_BLOCK_INPUT_MUX_PASSTHROUGH_X259_Y69_N0_I36_dff                             ;
; 3.729    ; 1.029    ;    ;      ;        ;                                             ;                            ; data path                                                                                                                                                                                                    ;
;   2.869  ;   0.169  ; RR ; uTco ; 2      ; BLOCK_INPUT_MUX_PASSTHROUGH_X259_Y69_N0_I36 ; Hyper-Register             ; afu_top|pg_afu.port_gasket|pr_slot|afu_main|port_afu_instances|ofs_plat_afu|core|dma|csr_mgr_inst|mmio64_reg.w.data[0]~DUPLICATE_BLOCK_INPUT_MUX_PASSTHROUGH_X259_Y69_N0_I36_dff|q                           ;
;   2.869  ;   0.000  ; RR ; RE   ; 1      ; BLOCK_INPUT_MUX_PASSTHROUGH_X259_Y69_N0_I36 ; Hyper-Register             ; LEIM                                                                                                                                                                                                         ;
;   2.870  ;   0.001  ; RR ; RE   ; 1      ; BLOCK_INPUT_MUX_PASSTHROUGH_X259_Y69_N0_I36 ; Block Input Mux            ; LEIM                                                                                                                                                                                                         ;
;   2.870  ;   0.000  ; RR ; RE   ; 2      ; LAB_RE_X259_Y69_N0_I35                      ; LAB_RE                     ; leima[4]                                                                                                                                                                                                     ;
;   2.870  ;   0.000  ;    ; IC   ; 2      ; FF_X259_Y69_N25                             ; Bypassed ALM Register      ; afu_top|pg_afu.port_gasket|pr_slot|afu_main|port_afu_instances|ofs_plat_afu|core|dma|csr_mgr_inst|dma_csr_map.descriptor.length[0]~.comb|d                                                                   ;
;   2.948  ;   0.078  ; RR ; CELL ; 3      ; FF_X259_Y69_N25                             ; Bypassed ALM Register      ; afu_top|pg_afu.port_gasket|pr_slot|afu_main|port_afu_instances|ofs_plat_afu|core|dma|csr_mgr_inst|dma_csr_map.descriptor.length[0]~.comb|q                                                                   ;
;   2.948  ;   0.000  ; RR ; RE   ; 1      ; FF_X259_Y69_N25                             ; Bypassed ALM Register      ; FF                                                                                                                                                                                                           ;
;   2.953  ;   0.005  ; RR ; RE   ; 2      ; LAB_RE_X259_Y69_N0_I105                     ; LAB_RE                     ; LAB_RE                                                                                                                                                                                                       ;
;   2.988  ;   0.035  ; RR ; RE   ; 2      ; R0_X259_Y69_N0_I28                          ; R0 interconnect            ; H0                                                                                                                                                                                                           ;
;   3.023  ;   0.035  ; RR ; RE   ; 1      ; R0_X259_Y69_N0_I46                          ; R0 interconnect            ; H0                                                                                                                                                                                                           ;
;   3.055  ;   0.032  ; RR ; RE   ; 1      ; R1_X260_Y69_N0_I36                          ; R1 interconnect            ; H1                                                                                                                                                                                                           ;
;   3.093  ;   0.038  ; RF ; RE   ; 1      ; LOCAL_INTERCONNECT_X260_Y69_N0_I76          ; Block interconnect         ; LAB_LINE                                                                                                                                                                                                     ;
;   3.123  ;   0.030  ; FR ; RE   ; 1      ; BLOCK_INPUT_MUX_PASSTHROUGH_X260_Y69_N0_I7  ; Block Input Mux            ; LEIM                                                                                                                                                                                                         ;
;   3.123  ;   0.000  ; RR ; RE   ; 1      ; LAB_RE_X260_Y69_N0_I1                       ; LAB_RE                     ; leimd0[0]                                                                                                                                                                                                    ;
;   3.123  ;   0.000  ;    ; IC   ; 5      ; MLABCELL_X260_Y69_N0                        ; Combinational cell         ; afu_top|pg_afu.port_gasket|pr_slot|afu_main|port_afu_instances|ofs_plat_afu|core|dma|csr_mgr_inst|add_0~256|datad                                                                                            ;
;   3.351  ;   0.228  ; RR ; CELL ; 1      ; MLABCELL_X260_Y69_N57                       ; Combinational cell         ; afu_top|pg_afu.port_gasket|pr_slot|afu_main|port_afu_instances|ofs_plat_afu|core|dma|csr_mgr_inst|add_0~161|cout                                                                                             ;
;   3.351  ;   0.000  ; RR ; RE   ; 1      ; MLABCELL_X260_Y69_N57                       ; Combinational cell         ; MP_MLAB_COMB                                                                                                                                                                                                 ;
;   3.392  ;   0.041  ; RR ; RE   ; 1      ; LAB_RE_X260_Y69_N0_I154                     ; LAB_RE                     ; LAB_RE                                                                                                                                                                                                       ;
;   3.392  ;   0.000  ; RR ; RE   ; 1      ; LAB_RE_X260_Y68_N0_I153                     ; LAB_RE                     ; t_mlabncc                                                                                                                                                                                                    ;
;   3.392  ;   0.000  ;    ; IC   ; 5      ; MLABCELL_X260_Y68_N0                        ; Combinational cell         ; afu_top|pg_afu.port_gasket|pr_slot|afu_main|port_afu_instances|ofs_plat_afu|core|dma|csr_mgr_inst|add_0~156|cin                                                                                              ;
;   3.411  ;   0.019  ; RF ; CELL ; 1      ; MLABCELL_X260_Y68_N27                       ; Combinational cell         ; afu_top|pg_afu.port_gasket|pr_slot|afu_main|port_afu_instances|ofs_plat_afu|core|dma|csr_mgr_inst|add_0~71|cout                                                                                              ;
;   3.411  ;   0.000  ; FF ; CELL ; 3      ; MLABCELL_X260_Y68_N30                       ; Combinational cell         ; afu_top|pg_afu.port_gasket|pr_slot|afu_main|port_afu_instances|ofs_plat_afu|core|dma|csr_mgr_inst|add_0~76|cin                                                                                               ;
;   3.429  ;   0.018  ; FR ; CELL ; 1      ; MLABCELL_X260_Y68_N33                       ; Combinational cell         ; afu_top|pg_afu.port_gasket|pr_slot|afu_main|port_afu_instances|ofs_plat_afu|core|dma|csr_mgr_inst|add_0~66|cout                                                                                              ;
;   3.429  ;   0.000  ; RR ; CELL ; 3      ; MLABCELL_X260_Y68_N36                       ; Combinational cell         ; afu_top|pg_afu.port_gasket|pr_slot|afu_main|port_afu_instances|ofs_plat_afu|core|dma|csr_mgr_inst|add_0~26|cin                                                                                               ;
;   3.508  ;   0.079  ; RF ; CELL ; 1      ; MLABCELL_X260_Y68_N39                       ; Combinational cell         ; afu_top|pg_afu.port_gasket|pr_slot|afu_main|port_afu_instances|ofs_plat_afu|core|dma|csr_mgr_inst|add_0~106|sumout                                                                                           ;
;   3.508  ;   0.000  ; FF ; RE   ; 1      ; MLABCELL_X260_Y68_N39                       ; Combinational cell         ; MP_MLAB_COMB                                                                                                                                                                                                 ;
;   3.513  ;   0.005  ; FF ; RE   ; 1      ; LAB_RE_X260_Y68_N0_I115                     ; LAB_RE                     ; LAB_RE                                                                                                                                                                                                       ;
;   3.575  ;   0.062  ; FF ; RE   ; 1      ; C1_X260_Y68_N0_I26                          ; C1 interconnect            ; V1                                                                                                                                                                                                           ;
;   3.605  ;   0.030  ; FF ; RE   ; 1      ; R1_X261_Y69_N0_I26                          ; R1 interconnect            ; H1                                                                                                                                                                                                           ;
;   3.640  ;   0.035  ; FF ; RE   ; 1      ; R0_X261_Y69_N0_I49                          ; R0 interconnect            ; H0                                                                                                                                                                                                           ;
;   3.703  ;   0.063  ; FF ; RE   ; 1      ; C1_X261_Y68_N0_I37                          ; C1 interconnect            ; V1                                                                                                                                                                                                           ;
;   3.729  ;   0.026  ; FR ; RE   ; 1      ; LOCAL_INTERCONNECT_X261_Y68_N0_I74          ; Block interconnect         ; LAB_LINE                                                                                                                                                                                                     ;
;   3.729  ;   0.000  ;    ; IC   ; 1      ; BLOCK_INPUT_MUX_PASSTHROUGH_X261_Y68_N0_I71 ; Hyper-Register             ; afu_top|pg_afu.port_gasket|pr_slot|afu_main|port_afu_instances|ofs_plat_afu|core|dma|csr_mgr_inst|add_0~106_BLOCK_INPUT_MUX_PASSTHROUGH_X261_Y68_N0_I71_dff|d                                                ;
;   3.729  ;   0.000  ; RR ; CELL ; 1      ; BLOCK_INPUT_MUX_PASSTHROUGH_X261_Y68_N0_I71 ; Hyper-Register             ; afu_top|pg_afu.port_gasket|pr_slot|afu_main|port_afu_instances|ofs_plat_afu|core|dma|csr_mgr_inst|add_0~106_BLOCK_INPUT_MUX_PASSTHROUGH_X261_Y68_N0_I71_dff                                                  ;
+----------+----------+----+------+--------+---------------------------------------------+----------------------------+--------------------------------------------------------------------------------------------------------------------------------------------------------------------------------------------------------------+

+-----------------------------------------------------------------------------------------------------------------------------------------------------------------------------------------------------------------------------------------------------------------------------------------------------------------------------------+
; Data Required Path                                                                                                                                                                                                                                                                                                                ;
+---------+----------+----+------+--------+---------------------------------------------+----------------------------+--------------------------------------------------------------------------------------------------------------------------------------------------------------------------------------------------------------+
; Total   ; Incr     ; RF ; Type ; Fanout ; Location                                    ; Element Type               ; Element                                                                                                                                                                                                      ;
+---------+----------+----+------+--------+---------------------------------------------+----------------------------+--------------------------------------------------------------------------------------------------------------------------------------------------------------------------------------------------------------+
; 3.000   ; 3.000    ;    ;      ;        ;                                             ;                            ; latch edge time                                                                                                                                                                                              ;
; 5.648   ; 2.648    ;    ;      ;        ;                                             ;                            ; clock path                                                                                                                                                                                                   ;
;   3.000 ;   0.000  ;    ;      ;        ;                                             ;                            ; source latency                                                                                                                                                                                               ;
;   3.000 ;   0.000  ;    ;      ; 1      ; PIN_HF23                                    ; I/O pad                    ; ddr4_mem_ref_clk[0].clk                                                                                                                                                                                      ;
;   3.000 ;   0.000  ;    ; IC   ; 1      ; IOIBUF_X280_Y0_N376                         ; I/O input buffer           ; ddr4_mem_ref_clk[0].clk~input|i                                                                                                                                                                              ;
;   3.129 ;   0.129  ; RR ; CELL ; 2      ; IOIBUF_X280_Y0_N376                         ; I/O input buffer           ; ddr4_mem_ref_clk[0].clk~input|o                                                                                                                                                                              ;
;   3.793 ;   0.664  ; RR ; CELL ; 1      ; REFCLKINPUT_X281_Y0_N301                    ; I/O reference clock tree   ; local_mem_wrapper|mem_ss_top|mem_ss_sv|mem_ss|mem_ss|emif_0|emif_0|arch|arch_inst|pll_inst|pll_inst~refclk|ref_clk_in                                                                                        ;
;   3.896 ;   0.103  ; RR ; CELL ; 3      ; REFCLKINPUT_X281_Y0_N301                    ; I/O reference clock tree   ; local_mem_wrapper|mem_ss_top|mem_ss_sv|mem_ss|mem_ss|emif_0|emif_0|arch|arch_inst|pll_inst|pll_inst~refclk|ref0_to_btm                                                                                       ;
;   4.193 ;   0.297  ; RR ; CELL ; 1      ; REFCLKINPUT_X281_Y0_N301                    ; I/O reference clock tree   ; local_mem_wrapper|mem_ss_top|mem_ss_sv|mem_ss|mem_ss|emif_0|emif_0|arch|arch_inst|pll_inst|pll_inst~refclk|clk_out                                                                                           ;
;   4.193 ;   0.000  ; RR ; CELL ; 1      ; IOPLL_X281_Y0_N303                          ; IOPLL                      ; local_mem_wrapper|mem_ss_top|mem_ss_sv|mem_ss|mem_ss|emif_0|emif_0|arch|arch_inst|pll_inst|pll_inst|pll_cascade_in                                                                                           ;
;   4.313 ;   0.120  ; RR ; CELL ; 2      ; IOPLL_X281_Y0_N303                          ; IOPLL                      ; local_mem_wrapper|mem_ss_top|mem_ss_sv|mem_ss|mem_ss|emif_0|emif_0|arch|arch_inst|pll_inst|pll_inst~fmio96fs_wr/x0/fmio96_core_inst/fmio48tile_top/x5/u4_3/x0/xiopll_custom/xclkin_sw/xpm_pll_so/clk[0]      ;
;   4.424 ;   0.111  ; RR ; CELL ; 2      ; IOPLL_X281_Y0_N303                          ; IOPLL                      ; local_mem_wrapper|mem_ss_top|mem_ss_sv|mem_ss|mem_ss|emif_0|emif_0|arch|arch_inst|pll_inst|pll_inst~fmio96fs_wr/x0/fmio96_core_inst/fmio48tile_top/x5/u4_3/x0/xiopll_custom/xiopll_core/xncnt_iopll/clk      ;
;   4.527 ;   0.103  ; RR ; CELL ; 3      ; IOPLL_X281_Y0_N303                          ; IOPLL                      ; local_mem_wrapper|mem_ss_top|mem_ss_sv|mem_ss|mem_ss|emif_0|emif_0|arch|arch_inst|pll_inst|pll_inst~pllnout                                                                                                  ;
;   4.611 ;   0.084  ; RF ; CELL ; 1      ; IOPLL_X281_Y0_N303                          ; IOPLL                      ; local_mem_wrapper|mem_ss_top|mem_ss_sv|mem_ss|mem_ss|emif_0|emif_0|arch|arch_inst|pll_inst|pll_inst~vco_refclk                                                                                               ;
;   4.615 ;   0.004  ; FR ; CELL ; 1      ; IOPLL_X281_Y0_N303                          ; IOPLL                      ; local_mem_wrapper|mem_ss_top|mem_ss_sv|mem_ss|mem_ss|emif_0|emif_0|arch|arch_inst|pll_inst|pll_inst~vctrl                                                                                                    ;
;   4.023 ;   -0.592 ; RR ; COMP ; 1      ; IOPLL_X281_Y0_N303                          ; IOPLL                      ; local_mem_wrapper|mem_ss_top|mem_ss_sv|mem_ss|mem_ss|emif_0|emif_0|arch|arch_inst|pll_inst|pll_inst~vcoph[0]                                                                                                 ;
;   4.023 ;   0.000  ; RR ; CELL ; 10     ; IOPLL_X281_Y0_N303                          ; IOPLL                      ; local_mem_wrapper|mem_ss_top|mem_ss_sv|mem_ss|mem_ss|emif_0|emif_0|arch|arch_inst|pll_inst|pll_inst|vcoph[0]                                                                                                 ;
;   4.023 ;   0.000  ; RR ; CELL ; 3      ; TILECTRL_X281_Y0_N298                       ; I/O tile control logic     ; local_mem_wrapper|mem_ss_top|mem_ss_sv|mem_ss|mem_ss|emif_0|emif_0|arch|arch_inst|io_tiles_wrap_inst|io_tiles_inst|tile_gen[1].tile_ctrl_inst|pll_vco_in[0]                                                  ;
;   2.230 ;   -1.793 ; RR ; COMP ; 1      ; TILECTRL_X281_Y0_N298                       ; I/O tile control logic     ; local_mem_wrapper|mem_ss_top|mem_ss_sv|mem_ss|mem_ss|emif_0|emif_0|arch|arch_inst|io_tiles_wrap_inst|io_tiles_inst|tile_gen[1].tile_ctrl_inst|pa_core_clk_out[0]                                             ;
;   2.626 ;   0.396  ; RR ; CELL ; 16258  ; TILECTRL_X281_Y0_N298                       ; I/O tile control logic     ; local_mem_wrapper|mem_ss_top|mem_ss_sv|mem_ss|mem_ss|emif_0|emif_0|arch|arch_inst|io_tiles_wrap_inst|io_tiles_inst|tile_gen[1].tile_ctrl_inst~fmio96fs_wr/m32_0_29__iophasealignment_to_dcm__core_clk_out[1] ;
;   2.626 ;   0.000  ;    ; IC   ; 1      ; Boundary Port                               ; N/A                        ; afu_top|pg_afu.port_gasket|pr_slot|afu_main|ext_mem_if[0].clk|input                                                                                                                                          ;
;   2.626 ;   0.000  ; RR ; CELL ; 105325 ; Boundary Port                               ; N/A                        ; afu_top|pg_afu.port_gasket|pr_slot|afu_main|ext_mem_if[0].clk                                                                                                                                                ;
;   2.626 ;   0.000  ; RR ; RE   ; 1      ; TILECTRL_X281_Y0_N298                       ; I/O tile control logic     ; TILE_CTRL                                                                                                                                                                                                    ;
;   2.668 ;   0.042  ; RR ; RE   ; 1      ; IO96FSWRRE_X280_Y0_N0_I3537                 ; IO96FS_WR_RE               ; IO96FS_WR_RE                                                                                                                                                                                                 ;
;   2.727 ;   0.059  ; RR ; RE   ; 1      ; DCM_mux_X307_Y2_N0_I29                      ; DCM_mux                    ; CC_DCM_GMUX_RE                                                                                                                                                                                               ;
;   2.772 ;   0.045  ; RR ; RE   ; 1      ; IO_P2C_RE_X280_Y2_N150_I75                  ; IO_P2C_RE                  ; IO_P2C_RE                                                                                                                                                                                                    ;
;   2.785 ;   0.013  ; RR ; RE   ; 1      ; IO_P2C_RE_X280_Y2_N150_I26                  ; IO_P2C_RE                  ; IO_P2C_RE                                                                                                                                                                                                    ;
;   2.814 ;   0.029  ; RR ; RE   ; 1      ; Switchbox_clock_mux_X280_Y2_N0_I197         ; Switchbox_clock_mux        ; CLOCK_SEGMENT_MUX                                                                                                                                                                                            ;
;   2.875 ;   0.061  ; RR ; RE   ; 1      ; Switchbox_clock_mux_X280_Y2_N0_I105         ; Switchbox_clock_mux        ; CLOCK_SEGMENT_MUX                                                                                                                                                                                            ;
;   2.895 ;   0.020  ; RF ; RE   ; 1      ; Vertical_seam_tap_mux_X280_Y23_N0_I165      ; Vertical_seam_tap_mux      ; CLOCK_SEGMENT_TAP_MUX                                                                                                                                                                                        ;
;   2.932 ;   0.037  ; FR ; RE   ; 1      ; Vertical_seam_tap_mux_X280_Y23_N0_I53       ; Vertical_seam_tap_mux      ; CLOCK_SEGMENT_TAP_MUX                                                                                                                                                                                        ;
;   2.959 ;   0.027  ; RR ; RE   ; 1      ; Switchbox_clock_mux_X280_Y43_N0_I197        ; Switchbox_clock_mux        ; CLOCK_SEGMENT_MUX                                                                                                                                                                                            ;
;   3.020 ;   0.061  ; RR ; RE   ; 1      ; Switchbox_clock_mux_X280_Y43_N0_I105        ; Switchbox_clock_mux        ; CLOCK_SEGMENT_MUX                                                                                                                                                                                            ;
;   3.040 ;   0.020  ; RF ; RE   ; 1      ; Vertical_seam_tap_mux_X280_Y64_N0_I165      ; Vertical_seam_tap_mux      ; CLOCK_SEGMENT_TAP_MUX                                                                                                                                                                                        ;
;   3.077 ;   0.037  ; FR ; RE   ; 1      ; Vertical_seam_tap_mux_X280_Y64_N0_I53       ; Vertical_seam_tap_mux      ; CLOCK_SEGMENT_TAP_MUX                                                                                                                                                                                        ;
;   3.104 ;   0.027  ; RR ; RE   ; 1      ; Switchbox_clock_mux_X280_Y84_N0_I197        ; Switchbox_clock_mux        ; CLOCK_SEGMENT_MUX                                                                                                                                                                                            ;
;   3.161 ;   0.057  ; RR ; RE   ; 1      ; Switchbox_clock_mux_X280_Y84_N0_I105        ; Switchbox_clock_mux        ; CLOCK_SEGMENT_MUX                                                                                                                                                                                            ;
;   3.181 ;   0.020  ; RF ; RE   ; 1      ; Vertical_seam_tap_mux_X280_Y105_N0_I165     ; Vertical_seam_tap_mux      ; CLOCK_SEGMENT_TAP_MUX                                                                                                                                                                                        ;
;   3.218 ;   0.037  ; FR ; RE   ; 1      ; Vertical_seam_tap_mux_X280_Y105_N0_I53      ; Vertical_seam_tap_mux      ; CLOCK_SEGMENT_TAP_MUX                                                                                                                                                                                        ;
;   3.245 ;   0.027  ; RR ; RE   ; 1      ; Switchbox_clock_mux_X280_Y125_N0_I197       ; Switchbox_clock_mux        ; CLOCK_SEGMENT_MUX                                                                                                                                                                                            ;
;   3.301 ;   0.056  ; RR ; RE   ; 1      ; Switchbox_clock_mux_X280_Y125_N0_I105       ; Switchbox_clock_mux        ; CLOCK_SEGMENT_MUX                                                                                                                                                                                            ;
;   3.322 ;   0.021  ; RF ; RE   ; 1      ; Vertical_seam_tap_mux_X280_Y146_N0_I165     ; Vertical_seam_tap_mux      ; CLOCK_SEGMENT_TAP_MUX                                                                                                                                                                                        ;
;   3.359 ;   0.037  ; FR ; RE   ; 1      ; Vertical_seam_tap_mux_X280_Y146_N0_I53      ; Vertical_seam_tap_mux      ; CLOCK_SEGMENT_TAP_MUX                                                                                                                                                                                        ;
;   3.386 ;   0.027  ; RR ; RE   ; 1      ; Switchbox_clock_mux_X280_Y166_N0_I197       ; Switchbox_clock_mux        ; CLOCK_SEGMENT_MUX                                                                                                                                                                                            ;
;   3.517 ;   0.131  ; RR ; RE   ; 1      ; Switchbox_clock_mux_X280_Y166_N0_I106       ; Switchbox_clock_mux        ; CLOCK_SEGMENT_MUX                                                                                                                                                                                            ;
;   3.546 ;   0.029  ; RR ; RE   ; 1      ; Switchbox_clock_mux_X226_Y166_N0_I229       ; Switchbox_clock_mux        ; CLOCK_SEGMENT_MUX                                                                                                                                                                                            ;
;   3.574 ;   0.028  ; RR ; RE   ; 2      ; Switchbox_clock_mux_X226_Y166_N0_I153       ; Switchbox_clock_mux        ; CLOCK_SEGMENT_MUX                                                                                                                                                                                            ;
;   3.630 ;   0.056  ; RR ; RE   ; 1      ; Switchbox_clock_mux_X226_Y166_N0_I103       ; Switchbox_clock_mux        ; CLOCK_SEGMENT_MUX                                                                                                                                                                                            ;
;   3.650 ;   0.020  ; RF ; RE   ; 1      ; Vertical_seam_tap_mux_X226_Y146_N0_I134     ; Vertical_seam_tap_mux      ; CLOCK_SEGMENT_TAP_MUX                                                                                                                                                                                        ;
;   3.688 ;   0.038  ; FR ; RE   ; 1      ; Vertical_seam_tap_mux_X226_Y146_N0_I50      ; Vertical_seam_tap_mux      ; CLOCK_SEGMENT_TAP_MUX                                                                                                                                                                                        ;
;   3.717 ;   0.029  ; RR ; RE   ; 1      ; Switchbox_clock_mux_X226_Y125_N0_I166       ; Switchbox_clock_mux        ; CLOCK_SEGMENT_MUX                                                                                                                                                                                            ;
;   3.773 ;   0.056  ; RR ; RE   ; 1      ; Switchbox_clock_mux_X226_Y125_N0_I103       ; Switchbox_clock_mux        ; CLOCK_SEGMENT_MUX                                                                                                                                                                                            ;
;   3.794 ;   0.021  ; RF ; RE   ; 1      ; Vertical_seam_tap_mux_X226_Y105_N0_I134     ; Vertical_seam_tap_mux      ; CLOCK_SEGMENT_TAP_MUX                                                                                                                                                                                        ;
;   3.831 ;   0.037  ; FR ; RE   ; 1      ; Vertical_seam_tap_mux_X226_Y105_N0_I50      ; Vertical_seam_tap_mux      ; CLOCK_SEGMENT_TAP_MUX                                                                                                                                                                                        ;
;   3.860 ;   0.029  ; RR ; RE   ; 2      ; Switchbox_clock_mux_X226_Y84_N0_I166        ; Switchbox_clock_mux        ; CLOCK_SEGMENT_MUX                                                                                                                                                                                            ;
;   3.996 ;   0.136  ; RR ; RE   ; 1      ; Switchbox_clock_mux_X226_Y84_N0_I102        ; Switchbox_clock_mux        ; CLOCK_SEGMENT_MUX                                                                                                                                                                                            ;
;   4.025 ;   0.029  ; RR ; RE   ; 1      ; Switchbox_clock_mux_X280_Y84_N0_I230        ; Switchbox_clock_mux        ; CLOCK_SEGMENT_MUX                                                                                                                                                                                            ;
;   4.155 ;   0.130  ; RR ; RE   ; 1      ; Switchbox_clock_mux_X280_Y84_N0_I100        ; Switchbox_clock_mux        ; CLOCK_SEGMENT_MUX                                                                                                                                                                                            ;
;   4.184 ;   0.029  ; RR ; RE   ; 2      ; Switchbox_clock_mux_X334_Y84_N0_I230        ; Switchbox_clock_mux        ; CLOCK_SEGMENT_MUX                                                                                                                                                                                            ;
;   4.240 ;   0.056  ; RR ; RE   ; 1      ; Switchbox_clock_mux_X334_Y84_N0_I103        ; Switchbox_clock_mux        ; CLOCK_SEGMENT_MUX                                                                                                                                                                                            ;
;   4.260 ;   0.020  ; RF ; RE   ; 1      ; Vertical_seam_tap_mux_X334_Y64_N0_I134      ; Vertical_seam_tap_mux      ; CLOCK_SEGMENT_TAP_MUX                                                                                                                                                                                        ;
;   4.297 ;   0.037  ; FR ; RE   ; 1      ; Vertical_seam_tap_mux_X334_Y64_N0_I50       ; Vertical_seam_tap_mux      ; CLOCK_SEGMENT_TAP_MUX                                                                                                                                                                                        ;
;   4.326 ;   0.029  ; RR ; RE   ; 2      ; Switchbox_clock_mux_X334_Y43_N0_I166        ; Switchbox_clock_mux        ; CLOCK_SEGMENT_MUX                                                                                                                                                                                            ;
;   4.461 ;   0.135  ; RR ; RE   ; 1      ; Switchbox_clock_mux_X334_Y43_N0_I102        ; Switchbox_clock_mux        ; CLOCK_SEGMENT_MUX                                                                                                                                                                                            ;
;   4.490 ;   0.029  ; RR ; RE   ; 2      ; Switchbox_clock_mux_X280_Y43_N0_I262        ; Switchbox_clock_mux        ; CLOCK_SEGMENT_MUX                                                                                                                                                                                            ;
;   4.550 ;   0.060  ; RR ; RE   ; 1      ; Switchbox_clock_mux_X280_Y43_N0_I101        ; Switchbox_clock_mux        ; CLOCK_SEGMENT_MUX                                                                                                                                                                                            ;
;   4.577 ;   0.027  ; RR ; RE   ; 2      ; Vertical_seam_tap_mux_X280_Y64_N0_I166      ; Vertical_seam_tap_mux      ; CLOCK_SEGMENT_TAP_MUX                                                                                                                                                                                        ;
;   4.637 ;   0.060  ; RR ; RE   ; 1      ; Vertical_seam_tap_mux_X280_Y64_N0_I115      ; Vertical_seam_tap_mux      ; CLOCK_SEGMENT_TAP_MUX                                                                                                                                                                                        ;
;   4.717 ;   0.080  ; RR ; RE   ; 1      ; SPINE_TAP_RE_X253_Y64_N103_I89              ; SPINE_TAP_RE               ; SPINE_TAP_RE                                                                                                                                                                                                 ;
;   4.726 ;   0.009  ; RR ; RE   ; 41     ; SPINE_TAP_RE_X253_Y64_N103_I25              ; SPINE_TAP_RE               ; SPINE_TAP_RE                                                                                                                                                                                                 ;
;   4.893 ;   0.167  ; RR ; RE   ; 2      ; SCLKMUX_RE_X253_Y68_N188_I25                ; SCLKMUX_RE                 ; SCLKMUX_RE                                                                                                                                                                                                   ;
;   4.907 ;   0.014  ; RR ; RE   ; 21     ; SCLKMUX_RE_X253_Y68_N188_I40                ; SCLKMUX_RE                 ; SCLKMUX_RE                                                                                                                                                                                                   ;
;   4.931 ;   0.024  ; RR ; RE   ; 1      ; ROWCLK_TAPOFF_X261_Y68_N0_I3                ; Row Clock Tap-Off          ; ROWCLK_TAPOFF                                                                                                                                                                                                ;
;   4.953 ;   0.022  ; RR ; RE   ; 1      ; GLOBAL_LOCAL_SEL_X261_Y68_N0_I2             ; GLOBAL_LOCAL_SEL           ; GLOBAL_LOCAL_SEL                                                                                                                                                                                             ;
;   4.967 ;   0.014  ; RR ; RE   ; 1      ; RPII_X261_Y68_N0_I2                         ; Programmable Invert Input  ; RPII                                                                                                                                                                                                         ;
;   4.967 ;   0.000  ; RR ; RE   ; 1      ; RPI_X261_Y68_N0_I2                          ; Programmable Invert        ; RPI                                                                                                                                                                                                          ;
;   4.967 ;   0.000  ; RR ; RE   ; 15     ; LAB_RE_X261_Y68_N0_I83                      ; LAB_RE                     ; clka                                                                                                                                                                                                         ;
;   4.967 ;   0.000  ; RR ; RE   ; 1      ; LAB_RE_X261_Y68_N0_I150                     ; LAB_RE                     ; LAB_RE                                                                                                                                                                                                       ;
;   4.967 ;   0.000  ; RR ; RE   ; 43     ; LEIMCLKALE_X261_Y68_N0_I0                   ; LEIMCLKALE                 ; LEIMCLKALE                                                                                                                                                                                                   ;
;   4.967 ;   0.000  ; RR ; RE   ; 1      ; HYPERFLEX_CLK_M_MUX_X261_Y68_N0_I78         ; Hyperflex clocking network ; HIPI_M_MUX                                                                                                                                                                                                   ;
;   4.967 ;   0.000  ;    ; IC   ; 1      ; BLOCK_INPUT_MUX_PASSTHROUGH_X261_Y68_N0_I71 ; Hyper-Register             ; afu_top|pg_afu.port_gasket|pr_slot|afu_main|port_afu_instances|ofs_plat_afu|core|dma|csr_mgr_inst|add_0~106_BLOCK_INPUT_MUX_PASSTHROUGH_X261_Y68_N0_I71_dff|clk                                              ;
;   4.967 ;   0.000  ; RR ; CELL ; 1      ; BLOCK_INPUT_MUX_PASSTHROUGH_X261_Y68_N0_I71 ; Hyper-Register             ; afu_top|pg_afu.port_gasket|pr_slot|afu_main|port_afu_instances|ofs_plat_afu|core|dma|csr_mgr_inst|add_0~106_BLOCK_INPUT_MUX_PASSTHROUGH_X261_Y68_N0_I71_dff                                                  ;
;   5.662 ;   0.695  ;    ;      ;        ;                                             ;                            ; clock pessimism removed                                                                                                                                                                                      ;
;   5.648 ;   -0.014 ;    ;      ;        ;                                             ;                            ; advanced clock effects                                                                                                                                                                                       ;
; 5.618   ; -0.030   ;    ;      ;        ;                                             ;                            ; clock uncertainty                                                                                                                                                                                            ;
; 5.712   ; 0.094    ;    ; uTsu ; 1      ; BLOCK_INPUT_MUX_PASSTHROUGH_X261_Y68_N0_I71 ; Hyper-Register             ; afu_top|pg_afu.port_gasket|pr_slot|afu_main|port_afu_instances|ofs_plat_afu|core|dma|csr_mgr_inst|add_0~106_BLOCK_INPUT_MUX_PASSTHROUGH_X261_Y68_N0_I71_dff                                                  ;
+---------+----------+----+------+--------+---------------------------------------------+----------------------------+--------------------------------------------------------------------------------------------------------------------------------------------------------------------------------------------------------------+


