----------------
; Command Info ;
----------------
Report Timing: Found 4 setup paths (0 violated).  Worst case slack is 1.777 

Tcl Command:
    report_timing -setup -show_routing -file /home/uwb_student00/ahls/new_BSP/work_ahls_persona_work21_csr02/csr-paths06/csr-path-reports/4_length0_d_setup.rpt -through [remove_from_collection [get_pins {}] [remove_from_collection [get_pins {}] [get_pins -compatibility_mode -no_duplicates {afu_top|pg_afu.port_gasket|pr_slot|afu_main|port_afu_instances|ofs_plat_afu|core|dma|csr_mgr_inst|*|d}]]] -nworst 1 -npaths 4 -detail full_path

Options:
    -through [remove_from_collection [get_pins {}] [remove_from_collection [get_pins {}] [get_pins -compatibility_mode -no_duplicates {afu_top|pg_afu.port_gasket|pr_slot|afu_main|port_afu_instances|ofs_plat_afu|core|dma|csr_mgr_inst|*|d}]]] 
    -setup 
    -nworst 1 
    -npaths 4 
    -show_routing 
    -detail full_path 
    -file {/home/uwb_student00/ahls/new_BSP/work_ahls_persona_work21_csr02/csr-paths06/csr-path-reports/4_length0_d_setup.rpt} 

Snapshot:
    final

Delay Model:
    Fast vid2a 100C Model

+---------------------------------------------------------------------------------------------------------------------------------------------------------------------------------------------------------------------------------------------------------------------------------------------------------------------------------------------------------------------------------------------------------------------------------------------------------------------------------------------------------------------------------------------------------------------+
; Summary of Paths                                                                                                                                                                                                                                                                                                                                                                                                                                                                                                                                                    ;
+-------+----------------------------------------------------------------------------------------------------------------------------------------------------------------------------------+-------------------------------------------------------------------------------------------------------------------------------------------------------------+---------------------------------------------------------------------------------+---------------------------------------------------------------------------------+--------------+------------+------------+
; Slack ; From Node                                                                                                                                                                        ; To Node                                                                                                                                                     ; Launch Clock                                                                    ; Latch Clock                                                                     ; Relationship ; Clock Skew ; Data Delay ;
+-------+----------------------------------------------------------------------------------------------------------------------------------------------------------------------------------+-------------------------------------------------------------------------------------------------------------------------------------------------------------+---------------------------------------------------------------------------------+---------------------------------------------------------------------------------+--------------+------------+------------+
; 1.777 ; afu_top|pg_afu.port_gasket|pr_slot|afu_main|port_afu_instances|ofs_plat_afu|core|dma|csr_mgr_inst|mmio64_reg.w.data[0]~DUPLICATE_BLOCK_INPUT_MUX_PASSTHROUGH_X259_Y69_N0_I36_dff ; afu_top|pg_afu.port_gasket|pr_slot|afu_main|port_afu_instances|ofs_plat_afu|core|dma|csr_mgr_inst|add_2~71_BLOCK_INPUT_MUX_PASSTHROUGH_X255_Y67_N0_I40_dff  ; local_mem_wrapper|mem_ss_top|mem_ss_sv|mem_ss|mem_ss|emif_0|emif_0_core_usr_clk ; local_mem_wrapper|mem_ss_top|mem_ss_sv|mem_ss|mem_ss|emif_0|emif_0_core_usr_clk ; 3.000        ; -0.074     ; 1.220      ;
; 1.895 ; afu_top|pg_afu.port_gasket|pr_slot|afu_main|port_afu_instances|ofs_plat_afu|core|dma|csr_mgr_inst|mmio64_reg.w.data[0]~DUPLICATE_BLOCK_INPUT_MUX_PASSTHROUGH_X259_Y69_N0_I36_dff ; afu_top|pg_afu.port_gasket|pr_slot|afu_main|port_afu_instances|ofs_plat_afu|core|dma|csr_mgr_inst|add_0~31_BLOCK_INPUT_MUX_PASSTHROUGH_X261_Y67_N0_I8_dff   ; local_mem_wrapper|mem_ss_top|mem_ss_sv|mem_ss|mem_ss|emif_0|emif_0_core_usr_clk ; local_mem_wrapper|mem_ss_top|mem_ss_sv|mem_ss|mem_ss|emif_0|emif_0_core_usr_clk ; 3.000        ; -0.060     ; 1.115      ;
; 1.914 ; afu_top|pg_afu.port_gasket|pr_slot|afu_main|port_afu_instances|ofs_plat_afu|core|dma|csr_mgr_inst|mmio64_reg.w.data[0]~DUPLICATE_BLOCK_INPUT_MUX_PASSTHROUGH_X259_Y69_N0_I36_dff ; afu_top|pg_afu.port_gasket|pr_slot|afu_main|port_afu_instances|ofs_plat_afu|core|dma|csr_mgr_inst|add_0~106_BLOCK_INPUT_MUX_PASSTHROUGH_X261_Y68_N0_I71_dff ; local_mem_wrapper|mem_ss_top|mem_ss_sv|mem_ss|mem_ss|emif_0|emif_0_core_usr_clk ; local_mem_wrapper|mem_ss_top|mem_ss_sv|mem_ss|mem_ss|emif_0|emif_0_core_usr_clk ; 3.000        ; -0.057     ; 1.097      ;
; 1.915 ; afu_top|pg_afu.port_gasket|pr_slot|afu_main|port_afu_instances|ofs_plat_afu|core|dma|csr_mgr_inst|mmio64_reg.w.data[0]~DUPLICATE_BLOCK_INPUT_MUX_PASSTHROUGH_X259_Y69_N0_I36_dff ; afu_top|pg_afu.port_gasket|pr_slot|afu_main|port_afu_instances|ofs_plat_afu|core|dma|csr_mgr_inst|add_2~61_BLOCK_INPUT_MUX_PASSTHROUGH_X255_Y67_N0_I48_dff  ; local_mem_wrapper|mem_ss_top|mem_ss_sv|mem_ss|mem_ss|emif_0|emif_0_core_usr_clk ; local_mem_wrapper|mem_ss_top|mem_ss_sv|mem_ss|mem_ss|emif_0|emif_0_core_usr_clk ; 3.000        ; -0.074     ; 1.078      ;
+-------+----------------------------------------------------------------------------------------------------------------------------------------------------------------------------------+-------------------------------------------------------------------------------------------------------------------------------------------------------------+---------------------------------------------------------------------------------+---------------------------------------------------------------------------------+--------------+------------+------------+

Path #1: Setup slack is 1.777 
===============================================================================
+--------------------------------------------------------------------------------------------------------------------------------------------------------------------------------------------------------------------+
; Path Summary                                                                                                                                                                                                       ;
+---------------------------------+----------------------------------------------------------------------------------------------------------------------------------------------------------------------------------+
; Property                        ; Value                                                                                                                                                                            ;
+---------------------------------+----------------------------------------------------------------------------------------------------------------------------------------------------------------------------------+
; From Node                       ; afu_top|pg_afu.port_gasket|pr_slot|afu_main|port_afu_instances|ofs_plat_afu|core|dma|csr_mgr_inst|mmio64_reg.w.data[0]~DUPLICATE_BLOCK_INPUT_MUX_PASSTHROUGH_X259_Y69_N0_I36_dff ;
; To Node                         ; afu_top|pg_afu.port_gasket|pr_slot|afu_main|port_afu_instances|ofs_plat_afu|core|dma|csr_mgr_inst|add_2~71_BLOCK_INPUT_MUX_PASSTHROUGH_X255_Y67_N0_I40_dff                       ;
; Launch Clock                    ; local_mem_wrapper|mem_ss_top|mem_ss_sv|mem_ss|mem_ss|emif_0|emif_0_core_usr_clk                                                                                                  ;
; Latch Clock                     ; local_mem_wrapper|mem_ss_top|mem_ss_sv|mem_ss|mem_ss|emif_0|emif_0_core_usr_clk                                                                                                  ;
; SDC Exception                   ; No SDC Exception on Path                                                                                                                                                         ;
; Data Arrival Time               ; 4.336                                                                                                                                                                            ;
; Data Required Time              ; 6.113                                                                                                                                                                            ;
; Slack                           ; 1.777                                                                                                                                                                            ;
; Worst-Case Operating Conditions ; Fast vid2a 100C Model                                                                                                                                                            ;
+---------------------------------+----------------------------------------------------------------------------------------------------------------------------------------------------------------------------------+

+--------------------------------------------------------------------------------------+
; Statistics                                                                           ;
+------------------------+--------+-------+-------------+------------+--------+--------+
; Property               ; Value  ; Count ; Total Delay ; % of Total ; Min    ; Max    ;
+------------------------+--------+-------+-------------+------------+--------+--------+
; Setup Relationship     ; 3.000  ;       ;             ;            ;        ;        ;
; Clock Skew             ; -0.074 ;       ;             ;            ;        ;        ;
; Data Delay             ; 1.220  ;       ;             ;            ;        ;        ;
; Number of Logic Levels ;        ; 1     ;             ;            ;        ;        ;
; Physical Delays        ;        ;       ;             ;            ;        ;        ;
;  Arrival Path          ;        ;       ;             ;            ;        ;        ;
;   Clock                ;        ;       ;             ;            ;        ;        ;
;    IC                  ;        ; 3     ; 0.000       ; 0          ; 0.000  ; 0.000  ;
;    Cell                ;        ; 15    ; 2.630       ; 46         ; 0.000  ; 0.903  ;
;    PLL Compensation    ;        ; 2     ; -2.569      ; 0          ; -1.988 ; -0.581 ;
;    Routing Element     ;        ; 58    ; 3.055       ; 54         ; 0.000  ; 0.206  ;
;   Data                 ;        ;       ;             ;            ;        ;        ;
;    IC                  ;        ; 5     ; 0.000       ; 0          ; 0.000  ; 0.000  ;
;    Cell                ;        ; 11    ; 0.489       ; 40         ; 0.000  ; 0.222  ;
;    uTco                ;        ; 1     ; 0.182       ; 15         ; 0.182  ; 0.182  ;
;    Routing Element     ;        ; 25    ; 0.549       ; 45         ; 0.000  ; 0.066  ;
;  Required Path         ;        ;       ;             ;            ;        ;        ;
;   Clock                ;        ;       ;             ;            ;        ;        ;
;    IC                  ;        ; 3     ; 0.000       ; 0          ; 0.000  ; 0.000  ;
;    Cell                ;        ; 15    ; 2.315       ; 46         ; 0.000  ; 0.800  ;
;    PLL Compensation    ;        ; 2     ; -2.805      ; 0          ; -2.138 ; -0.667 ;
;    Routing Element     ;        ; 58    ; 2.749       ; 54         ; 0.000  ; 0.179  ;
+------------------------+--------+-------+-------------+------------+--------+--------+
Note: Negative delays are omitted from totals when calculating percentages

+------------------------------------------------------------------------------------------------------------------------------------------------------------------------------------------------------------------------------------------------------------------------------------------------------------------------------------+
; Data Arrival Path                                                                                                                                                                                                                                                                                                                  ;
+----------+----------+----+------+--------+---------------------------------------------+----------------------------+--------------------------------------------------------------------------------------------------------------------------------------------------------------------------------------------------------------+
; Total    ; Incr     ; RF ; Type ; Fanout ; Location                                    ; Element Type               ; Element                                                                                                                                                                                                      ;
+----------+----------+----+------+--------+---------------------------------------------+----------------------------+--------------------------------------------------------------------------------------------------------------------------------------------------------------------------------------------------------------+
; 0.000    ; 0.000    ;    ;      ;        ;                                             ;                            ; launch edge time                                                                                                                                                                                             ;
; 3.116    ; 3.116    ;    ;      ;        ;                                             ;                            ; clock path                                                                                                                                                                                                   ;
;   0.000  ;   0.000  ;    ;      ;        ;                                             ;                            ; source latency                                                                                                                                                                                               ;
;   0.000  ;   0.000  ;    ;      ; 1      ; PIN_HF23                                    ; I/O pad                    ; ddr4_mem_ref_clk[0].clk                                                                                                                                                                                      ;
;   0.000  ;   0.000  ;    ; IC   ; 1      ; IOIBUF_X280_Y0_N376                         ; I/O input buffer           ; ddr4_mem_ref_clk[0].clk~input|i                                                                                                                                                                              ;
;   0.129  ;   0.129  ; RR ; CELL ; 2      ; IOIBUF_X280_Y0_N376                         ; I/O input buffer           ; ddr4_mem_ref_clk[0].clk~input|o                                                                                                                                                                              ;
;   1.032  ;   0.903  ; RR ; CELL ; 1      ; REFCLKINPUT_X281_Y0_N301                    ; I/O reference clock tree   ; local_mem_wrapper|mem_ss_top|mem_ss_sv|mem_ss|mem_ss|emif_0|emif_0|arch|arch_inst|pll_inst|pll_inst~refclk|ref_clk_in                                                                                        ;
;   1.174  ;   0.142  ; RR ; CELL ; 3      ; REFCLKINPUT_X281_Y0_N301                    ; I/O reference clock tree   ; local_mem_wrapper|mem_ss_top|mem_ss_sv|mem_ss|mem_ss|emif_0|emif_0|arch|arch_inst|pll_inst|pll_inst~refclk|ref0_to_btm                                                                                       ;
;   1.575  ;   0.401  ; RR ; CELL ; 1      ; REFCLKINPUT_X281_Y0_N301                    ; I/O reference clock tree   ; local_mem_wrapper|mem_ss_top|mem_ss_sv|mem_ss|mem_ss|emif_0|emif_0|arch|arch_inst|pll_inst|pll_inst~refclk|clk_out                                                                                           ;
;   1.575  ;   0.000  ; RR ; CELL ; 1      ; IOPLL_X281_Y0_N303                          ; IOPLL                      ; local_mem_wrapper|mem_ss_top|mem_ss_sv|mem_ss|mem_ss|emif_0|emif_0|arch|arch_inst|pll_inst|pll_inst|pll_cascade_in                                                                                           ;
;   1.736  ;   0.161  ; RR ; CELL ; 2      ; IOPLL_X281_Y0_N303                          ; IOPLL                      ; local_mem_wrapper|mem_ss_top|mem_ss_sv|mem_ss|mem_ss|emif_0|emif_0|arch|arch_inst|pll_inst|pll_inst~fmio96fs_wr/x0/fmio96_core_inst/fmio48tile_top/x5/u4_3/x0/xiopll_custom/xclkin_sw/xpm_pll_so/clk[0]      ;
;   1.871  ;   0.135  ; RR ; CELL ; 2      ; IOPLL_X281_Y0_N303                          ; IOPLL                      ; local_mem_wrapper|mem_ss_top|mem_ss_sv|mem_ss|mem_ss|emif_0|emif_0|arch|arch_inst|pll_inst|pll_inst~fmio96fs_wr/x0/fmio96_core_inst/fmio48tile_top/x5/u4_3/x0/xiopll_custom/xiopll_core/xncnt_iopll/clk      ;
;   1.999  ;   0.128  ; RR ; CELL ; 3      ; IOPLL_X281_Y0_N303                          ; IOPLL                      ; local_mem_wrapper|mem_ss_top|mem_ss_sv|mem_ss|mem_ss|emif_0|emif_0|arch|arch_inst|pll_inst|pll_inst~pllnout                                                                                                  ;
;   2.106  ;   0.107  ; RF ; CELL ; 1      ; IOPLL_X281_Y0_N303                          ; IOPLL                      ; local_mem_wrapper|mem_ss_top|mem_ss_sv|mem_ss|mem_ss|emif_0|emif_0|arch|arch_inst|pll_inst|pll_inst~vco_refclk                                                                                               ;
;   2.117  ;   0.011  ; FR ; CELL ; 1      ; IOPLL_X281_Y0_N303                          ; IOPLL                      ; local_mem_wrapper|mem_ss_top|mem_ss_sv|mem_ss|mem_ss|emif_0|emif_0|arch|arch_inst|pll_inst|pll_inst~vctrl                                                                                                    ;
;   1.536  ;   -0.581 ; RR ; COMP ; 1      ; IOPLL_X281_Y0_N303                          ; IOPLL                      ; local_mem_wrapper|mem_ss_top|mem_ss_sv|mem_ss|mem_ss|emif_0|emif_0|arch|arch_inst|pll_inst|pll_inst~vcoph[0]                                                                                                 ;
;   1.536  ;   0.000  ; RR ; CELL ; 10     ; IOPLL_X281_Y0_N303                          ; IOPLL                      ; local_mem_wrapper|mem_ss_top|mem_ss_sv|mem_ss|mem_ss|emif_0|emif_0|arch|arch_inst|pll_inst|pll_inst|vcoph[0]                                                                                                 ;
;   1.536  ;   0.000  ; RR ; CELL ; 3      ; TILECTRL_X281_Y0_N298                       ; I/O tile control logic     ; local_mem_wrapper|mem_ss_top|mem_ss_sv|mem_ss|mem_ss|emif_0|emif_0|arch|arch_inst|io_tiles_wrap_inst|io_tiles_inst|tile_gen[1].tile_ctrl_inst|pll_vco_in[0]                                                  ;
;   -0.452 ;   -1.988 ; RR ; COMP ; 1      ; TILECTRL_X281_Y0_N298                       ; I/O tile control logic     ; local_mem_wrapper|mem_ss_top|mem_ss_sv|mem_ss|mem_ss|emif_0|emif_0|arch|arch_inst|io_tiles_wrap_inst|io_tiles_inst|tile_gen[1].tile_ctrl_inst|pa_core_clk_out[0]                                             ;
;   0.061  ;   0.513  ; RR ; CELL ; 16258  ; TILECTRL_X281_Y0_N298                       ; I/O tile control logic     ; local_mem_wrapper|mem_ss_top|mem_ss_sv|mem_ss|mem_ss|emif_0|emif_0|arch|arch_inst|io_tiles_wrap_inst|io_tiles_inst|tile_gen[1].tile_ctrl_inst~fmio96fs_wr/m32_0_29__iophasealignment_to_dcm__core_clk_out[1] ;
;   0.061  ;   0.000  ;    ; IC   ; 1      ; Boundary Port                               ; N/A                        ; afu_top|pg_afu.port_gasket|pr_slot|afu_main|ext_mem_if[0].clk|input                                                                                                                                          ;
;   0.061  ;   0.000  ; RR ; CELL ; 105325 ; Boundary Port                               ; N/A                        ; afu_top|pg_afu.port_gasket|pr_slot|afu_main|ext_mem_if[0].clk                                                                                                                                                ;
;   0.061  ;   0.000  ; RR ; RE   ; 1      ; TILECTRL_X281_Y0_N298                       ; I/O tile control logic     ; TILE_CTRL                                                                                                                                                                                                    ;
;   0.113  ;   0.052  ; RR ; RE   ; 1      ; IO96FSWRRE_X280_Y0_N0_I3537                 ; IO96FS_WR_RE               ; IO96FS_WR_RE                                                                                                                                                                                                 ;
;   0.192  ;   0.079  ; RR ; RE   ; 1      ; DCM_mux_X307_Y2_N0_I29                      ; DCM_mux                    ; CC_DCM_GMUX_RE                                                                                                                                                                                               ;
;   0.248  ;   0.056  ; RR ; RE   ; 1      ; IO_P2C_RE_X280_Y2_N150_I75                  ; IO_P2C_RE                  ; IO_P2C_RE                                                                                                                                                                                                    ;
;   0.267  ;   0.019  ; RR ; RE   ; 1      ; IO_P2C_RE_X280_Y2_N150_I26                  ; IO_P2C_RE                  ; IO_P2C_RE                                                                                                                                                                                                    ;
;   0.302  ;   0.035  ; RR ; RE   ; 1      ; Switchbox_clock_mux_X280_Y2_N0_I197         ; Switchbox_clock_mux        ; CLOCK_SEGMENT_MUX                                                                                                                                                                                            ;
;   0.383  ;   0.081  ; RR ; RE   ; 1      ; Switchbox_clock_mux_X280_Y2_N0_I105         ; Switchbox_clock_mux        ; CLOCK_SEGMENT_MUX                                                                                                                                                                                            ;
;   0.410  ;   0.027  ; RF ; RE   ; 1      ; Vertical_seam_tap_mux_X280_Y23_N0_I165      ; Vertical_seam_tap_mux      ; CLOCK_SEGMENT_TAP_MUX                                                                                                                                                                                        ;
;   0.461  ;   0.051  ; FR ; RE   ; 1      ; Vertical_seam_tap_mux_X280_Y23_N0_I53       ; Vertical_seam_tap_mux      ; CLOCK_SEGMENT_TAP_MUX                                                                                                                                                                                        ;
;   0.494  ;   0.033  ; RR ; RE   ; 1      ; Switchbox_clock_mux_X280_Y43_N0_I197        ; Switchbox_clock_mux        ; CLOCK_SEGMENT_MUX                                                                                                                                                                                            ;
;   0.575  ;   0.081  ; RR ; RE   ; 1      ; Switchbox_clock_mux_X280_Y43_N0_I105        ; Switchbox_clock_mux        ; CLOCK_SEGMENT_MUX                                                                                                                                                                                            ;
;   0.601  ;   0.026  ; RF ; RE   ; 1      ; Vertical_seam_tap_mux_X280_Y64_N0_I165      ; Vertical_seam_tap_mux      ; CLOCK_SEGMENT_TAP_MUX                                                                                                                                                                                        ;
;   0.653  ;   0.052  ; FR ; RE   ; 1      ; Vertical_seam_tap_mux_X280_Y64_N0_I53       ; Vertical_seam_tap_mux      ; CLOCK_SEGMENT_TAP_MUX                                                                                                                                                                                        ;
;   0.686  ;   0.033  ; RR ; RE   ; 1      ; Switchbox_clock_mux_X280_Y84_N0_I197        ; Switchbox_clock_mux        ; CLOCK_SEGMENT_MUX                                                                                                                                                                                            ;
;   0.761  ;   0.075  ; RR ; RE   ; 1      ; Switchbox_clock_mux_X280_Y84_N0_I105        ; Switchbox_clock_mux        ; CLOCK_SEGMENT_MUX                                                                                                                                                                                            ;
;   0.788  ;   0.027  ; RF ; RE   ; 1      ; Vertical_seam_tap_mux_X280_Y105_N0_I165     ; Vertical_seam_tap_mux      ; CLOCK_SEGMENT_TAP_MUX                                                                                                                                                                                        ;
;   0.839  ;   0.051  ; FR ; RE   ; 1      ; Vertical_seam_tap_mux_X280_Y105_N0_I53      ; Vertical_seam_tap_mux      ; CLOCK_SEGMENT_TAP_MUX                                                                                                                                                                                        ;
;   0.872  ;   0.033  ; RR ; RE   ; 1      ; Switchbox_clock_mux_X280_Y125_N0_I197       ; Switchbox_clock_mux        ; CLOCK_SEGMENT_MUX                                                                                                                                                                                            ;
;   0.948  ;   0.076  ; RR ; RE   ; 1      ; Switchbox_clock_mux_X280_Y125_N0_I105       ; Switchbox_clock_mux        ; CLOCK_SEGMENT_MUX                                                                                                                                                                                            ;
;   0.974  ;   0.026  ; RF ; RE   ; 1      ; Vertical_seam_tap_mux_X280_Y146_N0_I165     ; Vertical_seam_tap_mux      ; CLOCK_SEGMENT_TAP_MUX                                                                                                                                                                                        ;
;   1.025  ;   0.051  ; FR ; RE   ; 1      ; Vertical_seam_tap_mux_X280_Y146_N0_I53      ; Vertical_seam_tap_mux      ; CLOCK_SEGMENT_TAP_MUX                                                                                                                                                                                        ;
;   1.059  ;   0.034  ; RR ; RE   ; 1      ; Switchbox_clock_mux_X280_Y166_N0_I197       ; Switchbox_clock_mux        ; CLOCK_SEGMENT_MUX                                                                                                                                                                                            ;
;   1.234  ;   0.175  ; RR ; RE   ; 1      ; Switchbox_clock_mux_X280_Y166_N0_I106       ; Switchbox_clock_mux        ; CLOCK_SEGMENT_MUX                                                                                                                                                                                            ;
;   1.270  ;   0.036  ; RR ; RE   ; 1      ; Switchbox_clock_mux_X226_Y166_N0_I229       ; Switchbox_clock_mux        ; CLOCK_SEGMENT_MUX                                                                                                                                                                                            ;
;   1.302  ;   0.032  ; RR ; RE   ; 2      ; Switchbox_clock_mux_X226_Y166_N0_I153       ; Switchbox_clock_mux        ; CLOCK_SEGMENT_MUX                                                                                                                                                                                            ;
;   1.377  ;   0.075  ; RR ; RE   ; 1      ; Switchbox_clock_mux_X226_Y166_N0_I103       ; Switchbox_clock_mux        ; CLOCK_SEGMENT_MUX                                                                                                                                                                                            ;
;   1.404  ;   0.027  ; RF ; RE   ; 1      ; Vertical_seam_tap_mux_X226_Y146_N0_I134     ; Vertical_seam_tap_mux      ; CLOCK_SEGMENT_TAP_MUX                                                                                                                                                                                        ;
;   1.455  ;   0.051  ; FR ; RE   ; 1      ; Vertical_seam_tap_mux_X226_Y146_N0_I50      ; Vertical_seam_tap_mux      ; CLOCK_SEGMENT_TAP_MUX                                                                                                                                                                                        ;
;   1.491  ;   0.036  ; RR ; RE   ; 1      ; Switchbox_clock_mux_X226_Y125_N0_I166       ; Switchbox_clock_mux        ; CLOCK_SEGMENT_MUX                                                                                                                                                                                            ;
;   1.566  ;   0.075  ; RR ; RE   ; 1      ; Switchbox_clock_mux_X226_Y125_N0_I103       ; Switchbox_clock_mux        ; CLOCK_SEGMENT_MUX                                                                                                                                                                                            ;
;   1.592  ;   0.026  ; RF ; RE   ; 1      ; Vertical_seam_tap_mux_X226_Y105_N0_I134     ; Vertical_seam_tap_mux      ; CLOCK_SEGMENT_TAP_MUX                                                                                                                                                                                        ;
;   1.644  ;   0.052  ; FR ; RE   ; 1      ; Vertical_seam_tap_mux_X226_Y105_N0_I50      ; Vertical_seam_tap_mux      ; CLOCK_SEGMENT_TAP_MUX                                                                                                                                                                                        ;
;   1.679  ;   0.035  ; RR ; RE   ; 2      ; Switchbox_clock_mux_X226_Y84_N0_I166        ; Switchbox_clock_mux        ; CLOCK_SEGMENT_MUX                                                                                                                                                                                            ;
;   1.862  ;   0.183  ; RR ; RE   ; 1      ; Switchbox_clock_mux_X226_Y84_N0_I102        ; Switchbox_clock_mux        ; CLOCK_SEGMENT_MUX                                                                                                                                                                                            ;
;   1.897  ;   0.035  ; RR ; RE   ; 1      ; Switchbox_clock_mux_X280_Y84_N0_I230        ; Switchbox_clock_mux        ; CLOCK_SEGMENT_MUX                                                                                                                                                                                            ;
;   2.072  ;   0.175  ; RR ; RE   ; 1      ; Switchbox_clock_mux_X280_Y84_N0_I100        ; Switchbox_clock_mux        ; CLOCK_SEGMENT_MUX                                                                                                                                                                                            ;
;   2.107  ;   0.035  ; RR ; RE   ; 2      ; Switchbox_clock_mux_X334_Y84_N0_I230        ; Switchbox_clock_mux        ; CLOCK_SEGMENT_MUX                                                                                                                                                                                            ;
;   2.182  ;   0.075  ; RR ; RE   ; 1      ; Switchbox_clock_mux_X334_Y84_N0_I103        ; Switchbox_clock_mux        ; CLOCK_SEGMENT_MUX                                                                                                                                                                                            ;
;   2.208  ;   0.026  ; RF ; RE   ; 1      ; Vertical_seam_tap_mux_X334_Y64_N0_I134      ; Vertical_seam_tap_mux      ; CLOCK_SEGMENT_TAP_MUX                                                                                                                                                                                        ;
;   2.259  ;   0.051  ; FR ; RE   ; 1      ; Vertical_seam_tap_mux_X334_Y64_N0_I50       ; Vertical_seam_tap_mux      ; CLOCK_SEGMENT_TAP_MUX                                                                                                                                                                                        ;
;   2.294  ;   0.035  ; RR ; RE   ; 2      ; Switchbox_clock_mux_X334_Y43_N0_I166        ; Switchbox_clock_mux        ; CLOCK_SEGMENT_MUX                                                                                                                                                                                            ;
;   2.476  ;   0.182  ; RR ; RE   ; 1      ; Switchbox_clock_mux_X334_Y43_N0_I102        ; Switchbox_clock_mux        ; CLOCK_SEGMENT_MUX                                                                                                                                                                                            ;
;   2.512  ;   0.036  ; RR ; RE   ; 2      ; Switchbox_clock_mux_X280_Y43_N0_I262        ; Switchbox_clock_mux        ; CLOCK_SEGMENT_MUX                                                                                                                                                                                            ;
;   2.592  ;   0.080  ; RR ; RE   ; 1      ; Switchbox_clock_mux_X280_Y43_N0_I101        ; Switchbox_clock_mux        ; CLOCK_SEGMENT_MUX                                                                                                                                                                                            ;
;   2.626  ;   0.034  ; RR ; RE   ; 2      ; Vertical_seam_tap_mux_X280_Y64_N0_I166      ; Vertical_seam_tap_mux      ; CLOCK_SEGMENT_TAP_MUX                                                                                                                                                                                        ;
;   2.706  ;   0.080  ; RR ; RE   ; 1      ; Vertical_seam_tap_mux_X280_Y64_N0_I115      ; Vertical_seam_tap_mux      ; CLOCK_SEGMENT_TAP_MUX                                                                                                                                                                                        ;
;   2.802  ;   0.096  ; RR ; RE   ; 1      ; SPINE_TAP_RE_X253_Y64_N103_I89              ; SPINE_TAP_RE               ; SPINE_TAP_RE                                                                                                                                                                                                 ;
;   2.816  ;   0.014  ; RR ; RE   ; 41     ; SPINE_TAP_RE_X253_Y64_N103_I25              ; SPINE_TAP_RE               ; SPINE_TAP_RE                                                                                                                                                                                                 ;
;   3.022  ;   0.206  ; RR ; RE   ; 2      ; SCLKMUX_RE_X253_Y69_N188_I25                ; SCLKMUX_RE                 ; SCLKMUX_RE                                                                                                                                                                                                   ;
;   3.039  ;   0.017  ; RR ; RE   ; 17     ; SCLKMUX_RE_X253_Y69_N188_I40                ; SCLKMUX_RE                 ; SCLKMUX_RE                                                                                                                                                                                                   ;
;   3.067  ;   0.028  ; RR ; RE   ; 1      ; ROWCLK_TAPOFF_X259_Y69_N0_I3                ; Row Clock Tap-Off          ; ROWCLK_TAPOFF                                                                                                                                                                                                ;
;   3.098  ;   0.031  ; RR ; RE   ; 1      ; GLOBAL_LOCAL_SEL_X259_Y69_N0_I2             ; GLOBAL_LOCAL_SEL           ; GLOBAL_LOCAL_SEL                                                                                                                                                                                             ;
;   3.116  ;   0.018  ; RR ; RE   ; 1      ; RPII_X259_Y69_N0_I2                         ; Programmable Invert Input  ; RPII                                                                                                                                                                                                         ;
;   3.116  ;   0.000  ; RR ; RE   ; 1      ; RPI_X259_Y69_N0_I2                          ; Programmable Invert        ; RPI                                                                                                                                                                                                          ;
;   3.116  ;   0.000  ; RR ; RE   ; 21     ; LAB_RE_X259_Y69_N0_I83                      ; LAB_RE                     ; clka                                                                                                                                                                                                         ;
;   3.116  ;   0.000  ; RR ; RE   ; 1      ; LAB_RE_X259_Y69_N0_I150                     ; LAB_RE                     ; LAB_RE                                                                                                                                                                                                       ;
;   3.116  ;   0.000  ; RR ; RE   ; 11     ; LEIMCLKALE_X259_Y69_N0_I0                   ; LEIMCLKALE                 ; LEIMCLKALE                                                                                                                                                                                                   ;
;   3.116  ;   0.000  ; RR ; RE   ; 1      ; HYPERFLEX_CLK_M_MUX_X259_Y69_N0_I40         ; Hyperflex clocking network ; HIPI_M_MUX                                                                                                                                                                                                   ;
;   3.116  ;   0.000  ;    ; IC   ; 1      ; BLOCK_INPUT_MUX_PASSTHROUGH_X259_Y69_N0_I36 ; Hyper-Register             ; afu_top|pg_afu.port_gasket|pr_slot|afu_main|port_afu_instances|ofs_plat_afu|core|dma|csr_mgr_inst|mmio64_reg.w.data[0]~DUPLICATE_BLOCK_INPUT_MUX_PASSTHROUGH_X259_Y69_N0_I36_dff|clk                         ;
;   3.116  ;   0.000  ; RR ; CELL ; 1      ; BLOCK_INPUT_MUX_PASSTHROUGH_X259_Y69_N0_I36 ; Hyper-Register             ; afu_top|pg_afu.port_gasket|pr_slot|afu_main|port_afu_instances|ofs_plat_afu|core|dma|csr_mgr_inst|mmio64_reg.w.data[0]~DUPLICATE_BLOCK_INPUT_MUX_PASSTHROUGH_X259_Y69_N0_I36_dff                             ;
; 4.336    ; 1.220    ;    ;      ;        ;                                             ;                            ; data path                                                                                                                                                                                                    ;
;   3.298  ;   0.182  ; FF ; uTco ; 2      ; BLOCK_INPUT_MUX_PASSTHROUGH_X259_Y69_N0_I36 ; Hyper-Register             ; afu_top|pg_afu.port_gasket|pr_slot|afu_main|port_afu_instances|ofs_plat_afu|core|dma|csr_mgr_inst|mmio64_reg.w.data[0]~DUPLICATE_BLOCK_INPUT_MUX_PASSTHROUGH_X259_Y69_N0_I36_dff|q                           ;
;   3.298  ;   0.000  ; FF ; RE   ; 1      ; BLOCK_INPUT_MUX_PASSTHROUGH_X259_Y69_N0_I36 ; Hyper-Register             ; LEIM                                                                                                                                                                                                         ;
;   3.299  ;   0.001  ; FF ; RE   ; 1      ; BLOCK_INPUT_MUX_PASSTHROUGH_X259_Y69_N0_I36 ; Block Input Mux            ; LEIM                                                                                                                                                                                                         ;
;   3.299  ;   0.000  ; FF ; RE   ; 2      ; LAB_RE_X259_Y69_N0_I35                      ; LAB_RE                     ; leima[4]                                                                                                                                                                                                     ;
;   3.299  ;   0.000  ;    ; IC   ; 2      ; FF_X259_Y69_N25                             ; Bypassed ALM Register      ; afu_top|pg_afu.port_gasket|pr_slot|afu_main|port_afu_instances|ofs_plat_afu|core|dma|csr_mgr_inst|dma_csr_map.descriptor.length[0]~.comb|d                                                                   ;
;   3.376  ;   0.077  ; FF ; CELL ; 3      ; FF_X259_Y69_N25                             ; Bypassed ALM Register      ; afu_top|pg_afu.port_gasket|pr_slot|afu_main|port_afu_instances|ofs_plat_afu|core|dma|csr_mgr_inst|dma_csr_map.descriptor.length[0]~.comb|q                                                                   ;
;   3.376  ;   0.000  ; FF ; RE   ; 1      ; FF_X259_Y69_N25                             ; Bypassed ALM Register      ; FF                                                                                                                                                                                                           ;
;   3.382  ;   0.006  ; FF ; RE   ; 2      ; LAB_RE_X259_Y69_N0_I105                     ; LAB_RE                     ; LAB_RE                                                                                                                                                                                                       ;
;   3.410  ;   0.028  ; FF ; RE   ; 1      ; R1_X259_Y69_N0_I17                          ; R1 interconnect            ; H1                                                                                                                                                                                                           ;
;   3.456  ;   0.046  ; FF ; RE   ; 1      ; R1_X258_Y69_N0_I17                          ; R1 interconnect            ; H1                                                                                                                                                                                                           ;
;   3.491  ;   0.035  ; FF ; RE   ; 1      ; R1_X257_Y69_N0_I17                          ; R1 interconnect            ; H1                                                                                                                                                                                                           ;
;   3.525  ;   0.034  ; FR ; RE   ; 1      ; LOCAL_INTERCONNECT_X256_Y69_N0_I38          ; Block interconnect         ; LAB_LINE                                                                                                                                                                                                     ;
;   3.554  ;   0.029  ; RF ; RE   ; 1      ; BLOCK_INPUT_MUX_PASSTHROUGH_X256_Y69_N0_I7  ; Block Input Mux            ; LEIM                                                                                                                                                                                                         ;
;   3.554  ;   0.000  ; FF ; RE   ; 1      ; LAB_RE_X256_Y69_N0_I1                       ; LAB_RE                     ; leimd0[0]                                                                                                                                                                                                    ;
;   3.554  ;   0.000  ;    ; IC   ; 5      ; LABCELL_X256_Y69_N0                         ; Combinational cell         ; afu_top|pg_afu.port_gasket|pr_slot|afu_main|port_afu_instances|ofs_plat_afu|core|dma|csr_mgr_inst|add_2~256|datad                                                                                            ;
;   3.776  ;   0.222  ; FR ; CELL ; 1      ; LABCELL_X256_Y69_N57                        ; Combinational cell         ; afu_top|pg_afu.port_gasket|pr_slot|afu_main|port_afu_instances|ofs_plat_afu|core|dma|csr_mgr_inst|add_2~161|cout                                                                                             ;
;   3.776  ;   0.000  ; RR ; RE   ; 1      ; LABCELL_X256_Y69_N57                        ; Combinational cell         ; MP_LAB_COMB                                                                                                                                                                                                  ;
;   3.824  ;   0.048  ; RR ; RE   ; 1      ; LAB_RE_X256_Y69_N0_I88                      ; LAB_RE                     ; LAB_RE                                                                                                                                                                                                       ;
;   3.824  ;   0.000  ; RR ; RE   ; 1      ; LAB_RE_X256_Y68_N0_I87                      ; LAB_RE                     ; t_labncc                                                                                                                                                                                                     ;
;   3.824  ;   0.000  ;    ; IC   ; 5      ; LABCELL_X256_Y68_N0                         ; Combinational cell         ; afu_top|pg_afu.port_gasket|pr_slot|afu_main|port_afu_instances|ofs_plat_afu|core|dma|csr_mgr_inst|add_2~156|cin                                                                                              ;
;   3.865  ;   0.041  ; RR ; CELL ; 1      ; LABCELL_X256_Y68_N57                        ; Combinational cell         ; afu_top|pg_afu.port_gasket|pr_slot|afu_main|port_afu_instances|ofs_plat_afu|core|dma|csr_mgr_inst|add_2~1|cout                                                                                               ;
;   3.865  ;   0.000  ; RR ; RE   ; 1      ; LABCELL_X256_Y68_N57                        ; Combinational cell         ; MP_LAB_COMB                                                                                                                                                                                                  ;
;   3.913  ;   0.048  ; RR ; RE   ; 1      ; LAB_RE_X256_Y68_N0_I88                      ; LAB_RE                     ; LAB_RE                                                                                                                                                                                                       ;
;   3.913  ;   0.000  ; RR ; RE   ; 1      ; LAB_RE_X256_Y67_N0_I87                      ; LAB_RE                     ; t_labncc                                                                                                                                                                                                     ;
;   3.913  ;   0.000  ;    ; IC   ; 4      ; LABCELL_X256_Y67_N0                         ; Combinational cell         ; afu_top|pg_afu.port_gasket|pr_slot|afu_main|port_afu_instances|ofs_plat_afu|core|dma|csr_mgr_inst|add_2~91|cin                                                                                               ;
;   3.945  ;   0.032  ; RR ; CELL ; 1      ; LABCELL_X256_Y67_N3                         ; Combinational cell         ; afu_top|pg_afu.port_gasket|pr_slot|afu_main|port_afu_instances|ofs_plat_afu|core|dma|csr_mgr_inst|add_2~41|cout                                                                                              ;
;   3.945  ;   0.000  ; RR ; CELL ; 3      ; LABCELL_X256_Y67_N6                         ; Combinational cell         ; afu_top|pg_afu.port_gasket|pr_slot|afu_main|port_afu_instances|ofs_plat_afu|core|dma|csr_mgr_inst|add_2~96|cin                                                                                               ;
;   3.963  ;   0.018  ; RF ; CELL ; 1      ; LABCELL_X256_Y67_N9                         ; Combinational cell         ; afu_top|pg_afu.port_gasket|pr_slot|afu_main|port_afu_instances|ofs_plat_afu|core|dma|csr_mgr_inst|add_2~46|cout                                                                                              ;
;   3.963  ;   0.000  ; FF ; CELL ; 3      ; LABCELL_X256_Y67_N12                        ; Combinational cell         ; afu_top|pg_afu.port_gasket|pr_slot|afu_main|port_afu_instances|ofs_plat_afu|core|dma|csr_mgr_inst|add_2~106|cin                                                                                              ;
;   3.979  ;   0.016  ; FR ; CELL ; 1      ; LABCELL_X256_Y67_N15                        ; Combinational cell         ; afu_top|pg_afu.port_gasket|pr_slot|afu_main|port_afu_instances|ofs_plat_afu|core|dma|csr_mgr_inst|add_2~31|cout                                                                                              ;
;   3.979  ;   0.000  ; RR ; CELL ; 3      ; LABCELL_X256_Y67_N18                        ; Combinational cell         ; afu_top|pg_afu.port_gasket|pr_slot|afu_main|port_afu_instances|ofs_plat_afu|core|dma|csr_mgr_inst|add_2~86|cin                                                                                               ;
;   4.062  ;   0.083  ; RF ; CELL ; 1      ; LABCELL_X256_Y67_N21                        ; Combinational cell         ; afu_top|pg_afu.port_gasket|pr_slot|afu_main|port_afu_instances|ofs_plat_afu|core|dma|csr_mgr_inst|add_2~71|sumout                                                                                            ;
;   4.062  ;   0.000  ; FF ; RE   ; 1      ; LABCELL_X256_Y67_N21                        ; Combinational cell         ; MP_LAB_COMB                                                                                                                                                                                                  ;
;   4.069  ;   0.007  ; FF ; RE   ; 1      ; LAB_RE_X256_Y67_N0_I104                     ; LAB_RE                     ; LAB_RE                                                                                                                                                                                                       ;
;   4.108  ;   0.039  ; FF ; RE   ; 1      ; R2_X255_Y67_N0_I7                           ; R2 interconnect            ; H2                                                                                                                                                                                                           ;
;   4.174  ;   0.066  ; FF ; RE   ; 1      ; C1_X254_Y66_N0_I15                          ; C1 interconnect            ; V1                                                                                                                                                                                                           ;
;   4.211  ;   0.037  ; FF ; RE   ; 1      ; R0_X254_Y66_N0_I25                          ; R0 interconnect            ; H0                                                                                                                                                                                                           ;
;   4.246  ;   0.035  ; FF ; RE   ; 1      ; R1_X255_Y66_N0_I24                          ; R1 interconnect            ; H1                                                                                                                                                                                                           ;
;   4.310  ;   0.064  ; FF ; RE   ; 1      ; C1_X255_Y66_N0_I24                          ; C1 interconnect            ; V1                                                                                                                                                                                                           ;
;   4.336  ;   0.026  ; FR ; RE   ; 1      ; LOCAL_INTERCONNECT_X255_Y67_N0_I53          ; Block interconnect         ; LAB_LINE                                                                                                                                                                                                     ;
;   4.336  ;   0.000  ;    ; IC   ; 1      ; BLOCK_INPUT_MUX_PASSTHROUGH_X255_Y67_N0_I40 ; Hyper-Register             ; afu_top|pg_afu.port_gasket|pr_slot|afu_main|port_afu_instances|ofs_plat_afu|core|dma|csr_mgr_inst|add_2~71_BLOCK_INPUT_MUX_PASSTHROUGH_X255_Y67_N0_I40_dff|d                                                 ;
;   4.336  ;   0.000  ; RR ; CELL ; 1      ; BLOCK_INPUT_MUX_PASSTHROUGH_X255_Y67_N0_I40 ; Hyper-Register             ; afu_top|pg_afu.port_gasket|pr_slot|afu_main|port_afu_instances|ofs_plat_afu|core|dma|csr_mgr_inst|add_2~71_BLOCK_INPUT_MUX_PASSTHROUGH_X255_Y67_N0_I40_dff                                                   ;
+----------+----------+----+------+--------+---------------------------------------------+----------------------------+--------------------------------------------------------------------------------------------------------------------------------------------------------------------------------------------------------------+

+-----------------------------------------------------------------------------------------------------------------------------------------------------------------------------------------------------------------------------------------------------------------------------------------------------------------------------------+
; Data Required Path                                                                                                                                                                                                                                                                                                                ;
+---------+----------+----+------+--------+---------------------------------------------+----------------------------+--------------------------------------------------------------------------------------------------------------------------------------------------------------------------------------------------------------+
; Total   ; Incr     ; RF ; Type ; Fanout ; Location                                    ; Element Type               ; Element                                                                                                                                                                                                      ;
+---------+----------+----+------+--------+---------------------------------------------+----------------------------+--------------------------------------------------------------------------------------------------------------------------------------------------------------------------------------------------------------+
; 3.000   ; 3.000    ;    ;      ;        ;                                             ;                            ; latch edge time                                                                                                                                                                                              ;
; 6.042   ; 3.042    ;    ;      ;        ;                                             ;                            ; clock path                                                                                                                                                                                                   ;
;   3.000 ;   0.000  ;    ;      ;        ;                                             ;                            ; source latency                                                                                                                                                                                               ;
;   3.000 ;   0.000  ;    ;      ; 1      ; PIN_HF23                                    ; I/O pad                    ; ddr4_mem_ref_clk[0].clk                                                                                                                                                                                      ;
;   3.000 ;   0.000  ;    ; IC   ; 1      ; IOIBUF_X280_Y0_N376                         ; I/O input buffer           ; ddr4_mem_ref_clk[0].clk~input|i                                                                                                                                                                              ;
;   3.129 ;   0.129  ; RR ; CELL ; 2      ; IOIBUF_X280_Y0_N376                         ; I/O input buffer           ; ddr4_mem_ref_clk[0].clk~input|o                                                                                                                                                                              ;
;   3.929 ;   0.800  ; RR ; CELL ; 1      ; REFCLKINPUT_X281_Y0_N301                    ; I/O reference clock tree   ; local_mem_wrapper|mem_ss_top|mem_ss_sv|mem_ss|mem_ss|emif_0|emif_0|arch|arch_inst|pll_inst|pll_inst~refclk|ref_clk_in                                                                                        ;
;   4.048 ;   0.119  ; RR ; CELL ; 3      ; REFCLKINPUT_X281_Y0_N301                    ; I/O reference clock tree   ; local_mem_wrapper|mem_ss_top|mem_ss_sv|mem_ss|mem_ss|emif_0|emif_0|arch|arch_inst|pll_inst|pll_inst~refclk|ref0_to_btm                                                                                       ;
;   4.402 ;   0.354  ; RR ; CELL ; 1      ; REFCLKINPUT_X281_Y0_N301                    ; I/O reference clock tree   ; local_mem_wrapper|mem_ss_top|mem_ss_sv|mem_ss|mem_ss|emif_0|emif_0|arch|arch_inst|pll_inst|pll_inst~refclk|clk_out                                                                                           ;
;   4.402 ;   0.000  ; RR ; CELL ; 1      ; IOPLL_X281_Y0_N303                          ; IOPLL                      ; local_mem_wrapper|mem_ss_top|mem_ss_sv|mem_ss|mem_ss|emif_0|emif_0|arch|arch_inst|pll_inst|pll_inst|pll_cascade_in                                                                                           ;
;   4.543 ;   0.141  ; RR ; CELL ; 2      ; IOPLL_X281_Y0_N303                          ; IOPLL                      ; local_mem_wrapper|mem_ss_top|mem_ss_sv|mem_ss|mem_ss|emif_0|emif_0|arch|arch_inst|pll_inst|pll_inst~fmio96fs_wr/x0/fmio96_core_inst/fmio48tile_top/x5/u4_3/x0/xiopll_custom/xclkin_sw/xpm_pll_so/clk[0]      ;
;   4.661 ;   0.118  ; RR ; CELL ; 2      ; IOPLL_X281_Y0_N303                          ; IOPLL                      ; local_mem_wrapper|mem_ss_top|mem_ss_sv|mem_ss|mem_ss|emif_0|emif_0|arch|arch_inst|pll_inst|pll_inst~fmio96fs_wr/x0/fmio96_core_inst/fmio48tile_top/x5/u4_3/x0/xiopll_custom/xiopll_core/xncnt_iopll/clk      ;
;   4.772 ;   0.111  ; RR ; CELL ; 3      ; IOPLL_X281_Y0_N303                          ; IOPLL                      ; local_mem_wrapper|mem_ss_top|mem_ss_sv|mem_ss|mem_ss|emif_0|emif_0|arch|arch_inst|pll_inst|pll_inst~pllnout                                                                                                  ;
;   4.865 ;   0.093  ; RF ; CELL ; 1      ; IOPLL_X281_Y0_N303                          ; IOPLL                      ; local_mem_wrapper|mem_ss_top|mem_ss_sv|mem_ss|mem_ss|emif_0|emif_0|arch|arch_inst|pll_inst|pll_inst~vco_refclk                                                                                               ;
;   4.872 ;   0.007  ; FR ; CELL ; 1      ; IOPLL_X281_Y0_N303                          ; IOPLL                      ; local_mem_wrapper|mem_ss_top|mem_ss_sv|mem_ss|mem_ss|emif_0|emif_0|arch|arch_inst|pll_inst|pll_inst~vctrl                                                                                                    ;
;   4.205 ;   -0.667 ; RR ; COMP ; 1      ; IOPLL_X281_Y0_N303                          ; IOPLL                      ; local_mem_wrapper|mem_ss_top|mem_ss_sv|mem_ss|mem_ss|emif_0|emif_0|arch|arch_inst|pll_inst|pll_inst~vcoph[0]                                                                                                 ;
;   4.205 ;   0.000  ; RR ; CELL ; 10     ; IOPLL_X281_Y0_N303                          ; IOPLL                      ; local_mem_wrapper|mem_ss_top|mem_ss_sv|mem_ss|mem_ss|emif_0|emif_0|arch|arch_inst|pll_inst|pll_inst|vcoph[0]                                                                                                 ;
;   4.205 ;   0.000  ; RR ; CELL ; 3      ; TILECTRL_X281_Y0_N298                       ; I/O tile control logic     ; local_mem_wrapper|mem_ss_top|mem_ss_sv|mem_ss|mem_ss|emif_0|emif_0|arch|arch_inst|io_tiles_wrap_inst|io_tiles_inst|tile_gen[1].tile_ctrl_inst|pll_vco_in[0]                                                  ;
;   2.067 ;   -2.138 ; RR ; COMP ; 1      ; TILECTRL_X281_Y0_N298                       ; I/O tile control logic     ; local_mem_wrapper|mem_ss_top|mem_ss_sv|mem_ss|mem_ss|emif_0|emif_0|arch|arch_inst|io_tiles_wrap_inst|io_tiles_inst|tile_gen[1].tile_ctrl_inst|pa_core_clk_out[0]                                             ;
;   2.510 ;   0.443  ; RR ; CELL ; 16258  ; TILECTRL_X281_Y0_N298                       ; I/O tile control logic     ; local_mem_wrapper|mem_ss_top|mem_ss_sv|mem_ss|mem_ss|emif_0|emif_0|arch|arch_inst|io_tiles_wrap_inst|io_tiles_inst|tile_gen[1].tile_ctrl_inst~fmio96fs_wr/m32_0_29__iophasealignment_to_dcm__core_clk_out[1] ;
;   2.510 ;   0.000  ;    ; IC   ; 1      ; Boundary Port                               ; N/A                        ; afu_top|pg_afu.port_gasket|pr_slot|afu_main|ext_mem_if[0].clk|input                                                                                                                                          ;
;   2.510 ;   0.000  ; RR ; CELL ; 105325 ; Boundary Port                               ; N/A                        ; afu_top|pg_afu.port_gasket|pr_slot|afu_main|ext_mem_if[0].clk                                                                                                                                                ;
;   2.510 ;   0.000  ; RR ; RE   ; 1      ; TILECTRL_X281_Y0_N298                       ; I/O tile control logic     ; TILE_CTRL                                                                                                                                                                                                    ;
;   2.556 ;   0.046  ; RR ; RE   ; 1      ; IO96FSWRRE_X280_Y0_N0_I3537                 ; IO96FS_WR_RE               ; IO96FS_WR_RE                                                                                                                                                                                                 ;
;   2.629 ;   0.073  ; RR ; RE   ; 1      ; DCM_mux_X307_Y2_N0_I29                      ; DCM_mux                    ; CC_DCM_GMUX_RE                                                                                                                                                                                               ;
;   2.678 ;   0.049  ; RR ; RE   ; 1      ; IO_P2C_RE_X280_Y2_N150_I75                  ; IO_P2C_RE                  ; IO_P2C_RE                                                                                                                                                                                                    ;
;   2.696 ;   0.018  ; RR ; RE   ; 1      ; IO_P2C_RE_X280_Y2_N150_I26                  ; IO_P2C_RE                  ; IO_P2C_RE                                                                                                                                                                                                    ;
;   2.728 ;   0.032  ; RR ; RE   ; 1      ; Switchbox_clock_mux_X280_Y2_N0_I197         ; Switchbox_clock_mux        ; CLOCK_SEGMENT_MUX                                                                                                                                                                                            ;
;   2.802 ;   0.074  ; RR ; RE   ; 1      ; Switchbox_clock_mux_X280_Y2_N0_I105         ; Switchbox_clock_mux        ; CLOCK_SEGMENT_MUX                                                                                                                                                                                            ;
;   2.826 ;   0.024  ; RF ; RE   ; 1      ; Vertical_seam_tap_mux_X280_Y23_N0_I165      ; Vertical_seam_tap_mux      ; CLOCK_SEGMENT_TAP_MUX                                                                                                                                                                                        ;
;   2.873 ;   0.047  ; FR ; RE   ; 1      ; Vertical_seam_tap_mux_X280_Y23_N0_I53       ; Vertical_seam_tap_mux      ; CLOCK_SEGMENT_TAP_MUX                                                                                                                                                                                        ;
;   2.902 ;   0.029  ; RR ; RE   ; 1      ; Switchbox_clock_mux_X280_Y43_N0_I197        ; Switchbox_clock_mux        ; CLOCK_SEGMENT_MUX                                                                                                                                                                                            ;
;   2.977 ;   0.075  ; RR ; RE   ; 1      ; Switchbox_clock_mux_X280_Y43_N0_I105        ; Switchbox_clock_mux        ; CLOCK_SEGMENT_MUX                                                                                                                                                                                            ;
;   3.000 ;   0.023  ; RF ; RE   ; 1      ; Vertical_seam_tap_mux_X280_Y64_N0_I165      ; Vertical_seam_tap_mux      ; CLOCK_SEGMENT_TAP_MUX                                                                                                                                                                                        ;
;   3.047 ;   0.047  ; FR ; RE   ; 1      ; Vertical_seam_tap_mux_X280_Y64_N0_I53       ; Vertical_seam_tap_mux      ; CLOCK_SEGMENT_TAP_MUX                                                                                                                                                                                        ;
;   3.077 ;   0.030  ; RR ; RE   ; 1      ; Switchbox_clock_mux_X280_Y84_N0_I197        ; Switchbox_clock_mux        ; CLOCK_SEGMENT_MUX                                                                                                                                                                                            ;
;   3.146 ;   0.069  ; RR ; RE   ; 1      ; Switchbox_clock_mux_X280_Y84_N0_I105        ; Switchbox_clock_mux        ; CLOCK_SEGMENT_MUX                                                                                                                                                                                            ;
;   3.170 ;   0.024  ; RF ; RE   ; 1      ; Vertical_seam_tap_mux_X280_Y105_N0_I165     ; Vertical_seam_tap_mux      ; CLOCK_SEGMENT_TAP_MUX                                                                                                                                                                                        ;
;   3.217 ;   0.047  ; FR ; RE   ; 1      ; Vertical_seam_tap_mux_X280_Y105_N0_I53      ; Vertical_seam_tap_mux      ; CLOCK_SEGMENT_TAP_MUX                                                                                                                                                                                        ;
;   3.246 ;   0.029  ; RR ; RE   ; 1      ; Switchbox_clock_mux_X280_Y125_N0_I197       ; Switchbox_clock_mux        ; CLOCK_SEGMENT_MUX                                                                                                                                                                                            ;
;   3.316 ;   0.070  ; RR ; RE   ; 1      ; Switchbox_clock_mux_X280_Y125_N0_I105       ; Switchbox_clock_mux        ; CLOCK_SEGMENT_MUX                                                                                                                                                                                            ;
;   3.340 ;   0.024  ; RF ; RE   ; 1      ; Vertical_seam_tap_mux_X280_Y146_N0_I165     ; Vertical_seam_tap_mux      ; CLOCK_SEGMENT_TAP_MUX                                                                                                                                                                                        ;
;   3.387 ;   0.047  ; FR ; RE   ; 1      ; Vertical_seam_tap_mux_X280_Y146_N0_I53      ; Vertical_seam_tap_mux      ; CLOCK_SEGMENT_TAP_MUX                                                                                                                                                                                        ;
;   3.416 ;   0.029  ; RR ; RE   ; 1      ; Switchbox_clock_mux_X280_Y166_N0_I197       ; Switchbox_clock_mux        ; CLOCK_SEGMENT_MUX                                                                                                                                                                                            ;
;   3.578 ;   0.162  ; RR ; RE   ; 1      ; Switchbox_clock_mux_X280_Y166_N0_I106       ; Switchbox_clock_mux        ; CLOCK_SEGMENT_MUX                                                                                                                                                                                            ;
;   3.609 ;   0.031  ; RR ; RE   ; 1      ; Switchbox_clock_mux_X226_Y166_N0_I229       ; Switchbox_clock_mux        ; CLOCK_SEGMENT_MUX                                                                                                                                                                                            ;
;   3.638 ;   0.029  ; RR ; RE   ; 2      ; Switchbox_clock_mux_X226_Y166_N0_I153       ; Switchbox_clock_mux        ; CLOCK_SEGMENT_MUX                                                                                                                                                                                            ;
;   3.707 ;   0.069  ; RR ; RE   ; 1      ; Switchbox_clock_mux_X226_Y166_N0_I103       ; Switchbox_clock_mux        ; CLOCK_SEGMENT_MUX                                                                                                                                                                                            ;
;   3.730 ;   0.023  ; RF ; RE   ; 1      ; Vertical_seam_tap_mux_X226_Y146_N0_I134     ; Vertical_seam_tap_mux      ; CLOCK_SEGMENT_TAP_MUX                                                                                                                                                                                        ;
;   3.778 ;   0.048  ; FR ; RE   ; 1      ; Vertical_seam_tap_mux_X226_Y146_N0_I50      ; Vertical_seam_tap_mux      ; CLOCK_SEGMENT_TAP_MUX                                                                                                                                                                                        ;
;   3.810 ;   0.032  ; RR ; RE   ; 1      ; Switchbox_clock_mux_X226_Y125_N0_I166       ; Switchbox_clock_mux        ; CLOCK_SEGMENT_MUX                                                                                                                                                                                            ;
;   3.879 ;   0.069  ; RR ; RE   ; 1      ; Switchbox_clock_mux_X226_Y125_N0_I103       ; Switchbox_clock_mux        ; CLOCK_SEGMENT_MUX                                                                                                                                                                                            ;
;   3.902 ;   0.023  ; RF ; RE   ; 1      ; Vertical_seam_tap_mux_X226_Y105_N0_I134     ; Vertical_seam_tap_mux      ; CLOCK_SEGMENT_TAP_MUX                                                                                                                                                                                        ;
;   3.950 ;   0.048  ; FR ; RE   ; 1      ; Vertical_seam_tap_mux_X226_Y105_N0_I50      ; Vertical_seam_tap_mux      ; CLOCK_SEGMENT_TAP_MUX                                                                                                                                                                                        ;
;   3.981 ;   0.031  ; RR ; RE   ; 2      ; Switchbox_clock_mux_X226_Y84_N0_I166        ; Switchbox_clock_mux        ; CLOCK_SEGMENT_MUX                                                                                                                                                                                            ;
;   4.149 ;   0.168  ; RR ; RE   ; 1      ; Switchbox_clock_mux_X226_Y84_N0_I102        ; Switchbox_clock_mux        ; CLOCK_SEGMENT_MUX                                                                                                                                                                                            ;
;   4.180 ;   0.031  ; RR ; RE   ; 1      ; Switchbox_clock_mux_X280_Y84_N0_I230        ; Switchbox_clock_mux        ; CLOCK_SEGMENT_MUX                                                                                                                                                                                            ;
;   4.341 ;   0.161  ; RR ; RE   ; 1      ; Switchbox_clock_mux_X280_Y84_N0_I100        ; Switchbox_clock_mux        ; CLOCK_SEGMENT_MUX                                                                                                                                                                                            ;
;   4.372 ;   0.031  ; RR ; RE   ; 2      ; Switchbox_clock_mux_X334_Y84_N0_I230        ; Switchbox_clock_mux        ; CLOCK_SEGMENT_MUX                                                                                                                                                                                            ;
;   4.441 ;   0.069  ; RR ; RE   ; 1      ; Switchbox_clock_mux_X334_Y84_N0_I103        ; Switchbox_clock_mux        ; CLOCK_SEGMENT_MUX                                                                                                                                                                                            ;
;   4.464 ;   0.023  ; RF ; RE   ; 1      ; Vertical_seam_tap_mux_X334_Y64_N0_I134      ; Vertical_seam_tap_mux      ; CLOCK_SEGMENT_TAP_MUX                                                                                                                                                                                        ;
;   4.511 ;   0.047  ; FR ; RE   ; 1      ; Vertical_seam_tap_mux_X334_Y64_N0_I50       ; Vertical_seam_tap_mux      ; CLOCK_SEGMENT_TAP_MUX                                                                                                                                                                                        ;
;   4.542 ;   0.031  ; RR ; RE   ; 2      ; Switchbox_clock_mux_X334_Y43_N0_I166        ; Switchbox_clock_mux        ; CLOCK_SEGMENT_MUX                                                                                                                                                                                            ;
;   4.709 ;   0.167  ; RR ; RE   ; 1      ; Switchbox_clock_mux_X334_Y43_N0_I102        ; Switchbox_clock_mux        ; CLOCK_SEGMENT_MUX                                                                                                                                                                                            ;
;   4.741 ;   0.032  ; RR ; RE   ; 2      ; Switchbox_clock_mux_X280_Y43_N0_I262        ; Switchbox_clock_mux        ; CLOCK_SEGMENT_MUX                                                                                                                                                                                            ;
;   4.815 ;   0.074  ; RR ; RE   ; 1      ; Switchbox_clock_mux_X280_Y43_N0_I101        ; Switchbox_clock_mux        ; CLOCK_SEGMENT_MUX                                                                                                                                                                                            ;
;   4.845 ;   0.030  ; RR ; RE   ; 2      ; Vertical_seam_tap_mux_X280_Y64_N0_I166      ; Vertical_seam_tap_mux      ; CLOCK_SEGMENT_TAP_MUX                                                                                                                                                                                        ;
;   4.919 ;   0.074  ; RR ; RE   ; 1      ; Vertical_seam_tap_mux_X280_Y64_N0_I115      ; Vertical_seam_tap_mux      ; CLOCK_SEGMENT_TAP_MUX                                                                                                                                                                                        ;
;   5.002 ;   0.083  ; RR ; RE   ; 1      ; SPINE_TAP_RE_X253_Y64_N103_I89              ; SPINE_TAP_RE               ; SPINE_TAP_RE                                                                                                                                                                                                 ;
;   5.011 ;   0.009  ; RR ; RE   ; 41     ; SPINE_TAP_RE_X253_Y64_N103_I25              ; SPINE_TAP_RE               ; SPINE_TAP_RE                                                                                                                                                                                                 ;
;   5.190 ;   0.179  ; RR ; RE   ; 2      ; SCLKMUX_RE_X253_Y67_N188_I25                ; SCLKMUX_RE                 ; SCLKMUX_RE                                                                                                                                                                                                   ;
;   5.198 ;   0.008  ; RR ; RE   ; 16     ; SCLKMUX_RE_X253_Y67_N188_I40                ; SCLKMUX_RE                 ; SCLKMUX_RE                                                                                                                                                                                                   ;
;   5.220 ;   0.022  ; RR ; RE   ; 1      ; ROWCLK_TAPOFF_X255_Y67_N0_I3                ; Row Clock Tap-Off          ; ROWCLK_TAPOFF                                                                                                                                                                                                ;
;   5.244 ;   0.024  ; RR ; RE   ; 1      ; GLOBAL_LOCAL_SEL_X255_Y67_N0_I2             ; GLOBAL_LOCAL_SEL           ; GLOBAL_LOCAL_SEL                                                                                                                                                                                             ;
;   5.259 ;   0.015  ; RR ; RE   ; 1      ; RPII_X255_Y67_N0_I2                         ; Programmable Invert Input  ; RPII                                                                                                                                                                                                         ;
;   5.259 ;   0.000  ; RR ; RE   ; 1      ; RPI_X255_Y67_N0_I2                          ; Programmable Invert        ; RPI                                                                                                                                                                                                          ;
;   5.259 ;   0.000  ; RR ; RE   ; 25     ; LAB_RE_X255_Y67_N0_I83                      ; LAB_RE                     ; clka                                                                                                                                                                                                         ;
;   5.259 ;   0.000  ; RR ; RE   ; 1      ; LAB_RE_X255_Y67_N0_I150                     ; LAB_RE                     ; LAB_RE                                                                                                                                                                                                       ;
;   5.259 ;   0.000  ; RR ; RE   ; 15     ; LEIMCLKALE_X255_Y67_N0_I0                   ; LEIMCLKALE                 ; LEIMCLKALE                                                                                                                                                                                                   ;
;   5.259 ;   0.000  ; RR ; RE   ; 1      ; HYPERFLEX_CLK_M_MUX_X255_Y67_N0_I45         ; Hyperflex clocking network ; HIPI_M_MUX                                                                                                                                                                                                   ;
;   5.259 ;   0.000  ;    ; IC   ; 1      ; BLOCK_INPUT_MUX_PASSTHROUGH_X255_Y67_N0_I40 ; Hyper-Register             ; afu_top|pg_afu.port_gasket|pr_slot|afu_main|port_afu_instances|ofs_plat_afu|core|dma|csr_mgr_inst|add_2~71_BLOCK_INPUT_MUX_PASSTHROUGH_X255_Y67_N0_I40_dff|clk                                               ;
;   5.259 ;   0.000  ; RR ; CELL ; 1      ; BLOCK_INPUT_MUX_PASSTHROUGH_X255_Y67_N0_I40 ; Hyper-Register             ; afu_top|pg_afu.port_gasket|pr_slot|afu_main|port_afu_instances|ofs_plat_afu|core|dma|csr_mgr_inst|add_2~71_BLOCK_INPUT_MUX_PASSTHROUGH_X255_Y67_N0_I40_dff                                                   ;
;   6.058 ;   0.799  ;    ;      ;        ;                                             ;                            ; clock pessimism removed                                                                                                                                                                                      ;
;   6.042 ;   -0.016 ;    ;      ;        ;                                             ;                            ; advanced clock effects                                                                                                                                                                                       ;
; 6.012   ; -0.030   ;    ;      ;        ;                                             ;                            ; clock uncertainty                                                                                                                                                                                            ;
; 6.113   ; 0.101    ;    ; uTsu ; 1      ; BLOCK_INPUT_MUX_PASSTHROUGH_X255_Y67_N0_I40 ; Hyper-Register             ; afu_top|pg_afu.port_gasket|pr_slot|afu_main|port_afu_instances|ofs_plat_afu|core|dma|csr_mgr_inst|add_2~71_BLOCK_INPUT_MUX_PASSTHROUGH_X255_Y67_N0_I40_dff                                                   ;
+---------+----------+----+------+--------+---------------------------------------------+----------------------------+--------------------------------------------------------------------------------------------------------------------------------------------------------------------------------------------------------------+


Path #2: Setup slack is 1.895 
===============================================================================
+--------------------------------------------------------------------------------------------------------------------------------------------------------------------------------------------------------------------+
; Path Summary                                                                                                                                                                                                       ;
+---------------------------------+----------------------------------------------------------------------------------------------------------------------------------------------------------------------------------+
; Property                        ; Value                                                                                                                                                                            ;
+---------------------------------+----------------------------------------------------------------------------------------------------------------------------------------------------------------------------------+
; From Node                       ; afu_top|pg_afu.port_gasket|pr_slot|afu_main|port_afu_instances|ofs_plat_afu|core|dma|csr_mgr_inst|mmio64_reg.w.data[0]~DUPLICATE_BLOCK_INPUT_MUX_PASSTHROUGH_X259_Y69_N0_I36_dff ;
; To Node                         ; afu_top|pg_afu.port_gasket|pr_slot|afu_main|port_afu_instances|ofs_plat_afu|core|dma|csr_mgr_inst|add_0~31_BLOCK_INPUT_MUX_PASSTHROUGH_X261_Y67_N0_I8_dff                        ;
; Launch Clock                    ; local_mem_wrapper|mem_ss_top|mem_ss_sv|mem_ss|mem_ss|emif_0|emif_0_core_usr_clk                                                                                                  ;
; Latch Clock                     ; local_mem_wrapper|mem_ss_top|mem_ss_sv|mem_ss|mem_ss|emif_0|emif_0_core_usr_clk                                                                                                  ;
; SDC Exception                   ; No SDC Exception on Path                                                                                                                                                         ;
; Data Arrival Time               ; 4.231                                                                                                                                                                            ;
; Data Required Time              ; 6.126                                                                                                                                                                            ;
; Slack                           ; 1.895                                                                                                                                                                            ;
; Worst-Case Operating Conditions ; Fast vid2a 100C Model                                                                                                                                                            ;
+---------------------------------+----------------------------------------------------------------------------------------------------------------------------------------------------------------------------------+

+--------------------------------------------------------------------------------------+
; Statistics                                                                           ;
+------------------------+--------+-------+-------------+------------+--------+--------+
; Property               ; Value  ; Count ; Total Delay ; % of Total ; Min    ; Max    ;
+------------------------+--------+-------+-------------+------------+--------+--------+
; Setup Relationship     ; 3.000  ;       ;             ;            ;        ;        ;
; Clock Skew             ; -0.060 ;       ;             ;            ;        ;        ;
; Data Delay             ; 1.115  ;       ;             ;            ;        ;        ;
; Number of Logic Levels ;        ; 1     ;             ;            ;        ;        ;
; Physical Delays        ;        ;       ;             ;            ;        ;        ;
;  Arrival Path          ;        ;       ;             ;            ;        ;        ;
;   Clock                ;        ;       ;             ;            ;        ;        ;
;    IC                  ;        ; 3     ; 0.000       ; 0          ; 0.000  ; 0.000  ;
;    Cell                ;        ; 15    ; 2.630       ; 46         ; 0.000  ; 0.903  ;
;    PLL Compensation    ;        ; 2     ; -2.569      ; 0          ; -1.988 ; -0.581 ;
;    Routing Element     ;        ; 58    ; 3.055       ; 54         ; 0.000  ; 0.206  ;
;   Data                 ;        ;       ;             ;            ;        ;        ;
;    IC                  ;        ; 4     ; 0.000       ; 0          ; 0.000  ; 0.000  ;
;    Cell                ;        ; 14    ; 0.497       ; 45         ; 0.000  ; 0.238  ;
;    uTco                ;        ; 1     ; 0.182       ; 16         ; 0.182  ; 0.182  ;
;    Routing Element     ;        ; 21    ; 0.436       ; 39         ; 0.000  ; 0.064  ;
;  Required Path         ;        ;       ;             ;            ;        ;        ;
;   Clock                ;        ;       ;             ;            ;        ;        ;
;    IC                  ;        ; 3     ; 0.000       ; 0          ; 0.000  ; 0.000  ;
;    Cell                ;        ; 15    ; 2.315       ; 46         ; 0.000  ; 0.800  ;
;    PLL Compensation    ;        ; 2     ; -2.805      ; 0          ; -2.138 ; -0.667 ;
;    Routing Element     ;        ; 58    ; 2.763       ; 54         ; 0.000  ; 0.179  ;
+------------------------+--------+-------+-------------+------------+--------+--------+
Note: Negative delays are omitted from totals when calculating percentages

+------------------------------------------------------------------------------------------------------------------------------------------------------------------------------------------------------------------------------------------------------------------------------------------------------------------------------------+
; Data Arrival Path                                                                                                                                                                                                                                                                                                                  ;
+----------+----------+----+------+--------+---------------------------------------------+----------------------------+--------------------------------------------------------------------------------------------------------------------------------------------------------------------------------------------------------------+
; Total    ; Incr     ; RF ; Type ; Fanout ; Location                                    ; Element Type               ; Element                                                                                                                                                                                                      ;
+----------+----------+----+------+--------+---------------------------------------------+----------------------------+--------------------------------------------------------------------------------------------------------------------------------------------------------------------------------------------------------------+
; 0.000    ; 0.000    ;    ;      ;        ;                                             ;                            ; launch edge time                                                                                                                                                                                             ;
; 3.116    ; 3.116    ;    ;      ;        ;                                             ;                            ; clock path                                                                                                                                                                                                   ;
;   0.000  ;   0.000  ;    ;      ;        ;                                             ;                            ; source latency                                                                                                                                                                                               ;
;   0.000  ;   0.000  ;    ;      ; 1      ; PIN_HF23                                    ; I/O pad                    ; ddr4_mem_ref_clk[0].clk                                                                                                                                                                                      ;
;   0.000  ;   0.000  ;    ; IC   ; 1      ; IOIBUF_X280_Y0_N376                         ; I/O input buffer           ; ddr4_mem_ref_clk[0].clk~input|i                                                                                                                                                                              ;
;   0.129  ;   0.129  ; RR ; CELL ; 2      ; IOIBUF_X280_Y0_N376                         ; I/O input buffer           ; ddr4_mem_ref_clk[0].clk~input|o                                                                                                                                                                              ;
;   1.032  ;   0.903  ; RR ; CELL ; 1      ; REFCLKINPUT_X281_Y0_N301                    ; I/O reference clock tree   ; local_mem_wrapper|mem_ss_top|mem_ss_sv|mem_ss|mem_ss|emif_0|emif_0|arch|arch_inst|pll_inst|pll_inst~refclk|ref_clk_in                                                                                        ;
;   1.174  ;   0.142  ; RR ; CELL ; 3      ; REFCLKINPUT_X281_Y0_N301                    ; I/O reference clock tree   ; local_mem_wrapper|mem_ss_top|mem_ss_sv|mem_ss|mem_ss|emif_0|emif_0|arch|arch_inst|pll_inst|pll_inst~refclk|ref0_to_btm                                                                                       ;
;   1.575  ;   0.401  ; RR ; CELL ; 1      ; REFCLKINPUT_X281_Y0_N301                    ; I/O reference clock tree   ; local_mem_wrapper|mem_ss_top|mem_ss_sv|mem_ss|mem_ss|emif_0|emif_0|arch|arch_inst|pll_inst|pll_inst~refclk|clk_out                                                                                           ;
;   1.575  ;   0.000  ; RR ; CELL ; 1      ; IOPLL_X281_Y0_N303                          ; IOPLL                      ; local_mem_wrapper|mem_ss_top|mem_ss_sv|mem_ss|mem_ss|emif_0|emif_0|arch|arch_inst|pll_inst|pll_inst|pll_cascade_in                                                                                           ;
;   1.736  ;   0.161  ; RR ; CELL ; 2      ; IOPLL_X281_Y0_N303                          ; IOPLL                      ; local_mem_wrapper|mem_ss_top|mem_ss_sv|mem_ss|mem_ss|emif_0|emif_0|arch|arch_inst|pll_inst|pll_inst~fmio96fs_wr/x0/fmio96_core_inst/fmio48tile_top/x5/u4_3/x0/xiopll_custom/xclkin_sw/xpm_pll_so/clk[0]      ;
;   1.871  ;   0.135  ; RR ; CELL ; 2      ; IOPLL_X281_Y0_N303                          ; IOPLL                      ; local_mem_wrapper|mem_ss_top|mem_ss_sv|mem_ss|mem_ss|emif_0|emif_0|arch|arch_inst|pll_inst|pll_inst~fmio96fs_wr/x0/fmio96_core_inst/fmio48tile_top/x5/u4_3/x0/xiopll_custom/xiopll_core/xncnt_iopll/clk      ;
;   1.999  ;   0.128  ; RR ; CELL ; 3      ; IOPLL_X281_Y0_N303                          ; IOPLL                      ; local_mem_wrapper|mem_ss_top|mem_ss_sv|mem_ss|mem_ss|emif_0|emif_0|arch|arch_inst|pll_inst|pll_inst~pllnout                                                                                                  ;
;   2.106  ;   0.107  ; RF ; CELL ; 1      ; IOPLL_X281_Y0_N303                          ; IOPLL                      ; local_mem_wrapper|mem_ss_top|mem_ss_sv|mem_ss|mem_ss|emif_0|emif_0|arch|arch_inst|pll_inst|pll_inst~vco_refclk                                                                                               ;
;   2.117  ;   0.011  ; FR ; CELL ; 1      ; IOPLL_X281_Y0_N303                          ; IOPLL                      ; local_mem_wrapper|mem_ss_top|mem_ss_sv|mem_ss|mem_ss|emif_0|emif_0|arch|arch_inst|pll_inst|pll_inst~vctrl                                                                                                    ;
;   1.536  ;   -0.581 ; RR ; COMP ; 1      ; IOPLL_X281_Y0_N303                          ; IOPLL                      ; local_mem_wrapper|mem_ss_top|mem_ss_sv|mem_ss|mem_ss|emif_0|emif_0|arch|arch_inst|pll_inst|pll_inst~vcoph[0]                                                                                                 ;
;   1.536  ;   0.000  ; RR ; CELL ; 10     ; IOPLL_X281_Y0_N303                          ; IOPLL                      ; local_mem_wrapper|mem_ss_top|mem_ss_sv|mem_ss|mem_ss|emif_0|emif_0|arch|arch_inst|pll_inst|pll_inst|vcoph[0]                                                                                                 ;
;   1.536  ;   0.000  ; RR ; CELL ; 3      ; TILECTRL_X281_Y0_N298                       ; I/O tile control logic     ; local_mem_wrapper|mem_ss_top|mem_ss_sv|mem_ss|mem_ss|emif_0|emif_0|arch|arch_inst|io_tiles_wrap_inst|io_tiles_inst|tile_gen[1].tile_ctrl_inst|pll_vco_in[0]                                                  ;
;   -0.452 ;   -1.988 ; RR ; COMP ; 1      ; TILECTRL_X281_Y0_N298                       ; I/O tile control logic     ; local_mem_wrapper|mem_ss_top|mem_ss_sv|mem_ss|mem_ss|emif_0|emif_0|arch|arch_inst|io_tiles_wrap_inst|io_tiles_inst|tile_gen[1].tile_ctrl_inst|pa_core_clk_out[0]                                             ;
;   0.061  ;   0.513  ; RR ; CELL ; 16258  ; TILECTRL_X281_Y0_N298                       ; I/O tile control logic     ; local_mem_wrapper|mem_ss_top|mem_ss_sv|mem_ss|mem_ss|emif_0|emif_0|arch|arch_inst|io_tiles_wrap_inst|io_tiles_inst|tile_gen[1].tile_ctrl_inst~fmio96fs_wr/m32_0_29__iophasealignment_to_dcm__core_clk_out[1] ;
;   0.061  ;   0.000  ;    ; IC   ; 1      ; Boundary Port                               ; N/A                        ; afu_top|pg_afu.port_gasket|pr_slot|afu_main|ext_mem_if[0].clk|input                                                                                                                                          ;
;   0.061  ;   0.000  ; RR ; CELL ; 105325 ; Boundary Port                               ; N/A                        ; afu_top|pg_afu.port_gasket|pr_slot|afu_main|ext_mem_if[0].clk                                                                                                                                                ;
;   0.061  ;   0.000  ; RR ; RE   ; 1      ; TILECTRL_X281_Y0_N298                       ; I/O tile control logic     ; TILE_CTRL                                                                                                                                                                                                    ;
;   0.113  ;   0.052  ; RR ; RE   ; 1      ; IO96FSWRRE_X280_Y0_N0_I3537                 ; IO96FS_WR_RE               ; IO96FS_WR_RE                                                                                                                                                                                                 ;
;   0.192  ;   0.079  ; RR ; RE   ; 1      ; DCM_mux_X307_Y2_N0_I29                      ; DCM_mux                    ; CC_DCM_GMUX_RE                                                                                                                                                                                               ;
;   0.248  ;   0.056  ; RR ; RE   ; 1      ; IO_P2C_RE_X280_Y2_N150_I75                  ; IO_P2C_RE                  ; IO_P2C_RE                                                                                                                                                                                                    ;
;   0.267  ;   0.019  ; RR ; RE   ; 1      ; IO_P2C_RE_X280_Y2_N150_I26                  ; IO_P2C_RE                  ; IO_P2C_RE                                                                                                                                                                                                    ;
;   0.302  ;   0.035  ; RR ; RE   ; 1      ; Switchbox_clock_mux_X280_Y2_N0_I197         ; Switchbox_clock_mux        ; CLOCK_SEGMENT_MUX                                                                                                                                                                                            ;
;   0.383  ;   0.081  ; RR ; RE   ; 1      ; Switchbox_clock_mux_X280_Y2_N0_I105         ; Switchbox_clock_mux        ; CLOCK_SEGMENT_MUX                                                                                                                                                                                            ;
;   0.410  ;   0.027  ; RF ; RE   ; 1      ; Vertical_seam_tap_mux_X280_Y23_N0_I165      ; Vertical_seam_tap_mux      ; CLOCK_SEGMENT_TAP_MUX                                                                                                                                                                                        ;
;   0.461  ;   0.051  ; FR ; RE   ; 1      ; Vertical_seam_tap_mux_X280_Y23_N0_I53       ; Vertical_seam_tap_mux      ; CLOCK_SEGMENT_TAP_MUX                                                                                                                                                                                        ;
;   0.494  ;   0.033  ; RR ; RE   ; 1      ; Switchbox_clock_mux_X280_Y43_N0_I197        ; Switchbox_clock_mux        ; CLOCK_SEGMENT_MUX                                                                                                                                                                                            ;
;   0.575  ;   0.081  ; RR ; RE   ; 1      ; Switchbox_clock_mux_X280_Y43_N0_I105        ; Switchbox_clock_mux        ; CLOCK_SEGMENT_MUX                                                                                                                                                                                            ;
;   0.601  ;   0.026  ; RF ; RE   ; 1      ; Vertical_seam_tap_mux_X280_Y64_N0_I165      ; Vertical_seam_tap_mux      ; CLOCK_SEGMENT_TAP_MUX                                                                                                                                                                                        ;
;   0.653  ;   0.052  ; FR ; RE   ; 1      ; Vertical_seam_tap_mux_X280_Y64_N0_I53       ; Vertical_seam_tap_mux      ; CLOCK_SEGMENT_TAP_MUX                                                                                                                                                                                        ;
;   0.686  ;   0.033  ; RR ; RE   ; 1      ; Switchbox_clock_mux_X280_Y84_N0_I197        ; Switchbox_clock_mux        ; CLOCK_SEGMENT_MUX                                                                                                                                                                                            ;
;   0.761  ;   0.075  ; RR ; RE   ; 1      ; Switchbox_clock_mux_X280_Y84_N0_I105        ; Switchbox_clock_mux        ; CLOCK_SEGMENT_MUX                                                                                                                                                                                            ;
;   0.788  ;   0.027  ; RF ; RE   ; 1      ; Vertical_seam_tap_mux_X280_Y105_N0_I165     ; Vertical_seam_tap_mux      ; CLOCK_SEGMENT_TAP_MUX                                                                                                                                                                                        ;
;   0.839  ;   0.051  ; FR ; RE   ; 1      ; Vertical_seam_tap_mux_X280_Y105_N0_I53      ; Vertical_seam_tap_mux      ; CLOCK_SEGMENT_TAP_MUX                                                                                                                                                                                        ;
;   0.872  ;   0.033  ; RR ; RE   ; 1      ; Switchbox_clock_mux_X280_Y125_N0_I197       ; Switchbox_clock_mux        ; CLOCK_SEGMENT_MUX                                                                                                                                                                                            ;
;   0.948  ;   0.076  ; RR ; RE   ; 1      ; Switchbox_clock_mux_X280_Y125_N0_I105       ; Switchbox_clock_mux        ; CLOCK_SEGMENT_MUX                                                                                                                                                                                            ;
;   0.974  ;   0.026  ; RF ; RE   ; 1      ; Vertical_seam_tap_mux_X280_Y146_N0_I165     ; Vertical_seam_tap_mux      ; CLOCK_SEGMENT_TAP_MUX                                                                                                                                                                                        ;
;   1.025  ;   0.051  ; FR ; RE   ; 1      ; Vertical_seam_tap_mux_X280_Y146_N0_I53      ; Vertical_seam_tap_mux      ; CLOCK_SEGMENT_TAP_MUX                                                                                                                                                                                        ;
;   1.059  ;   0.034  ; RR ; RE   ; 1      ; Switchbox_clock_mux_X280_Y166_N0_I197       ; Switchbox_clock_mux        ; CLOCK_SEGMENT_MUX                                                                                                                                                                                            ;
;   1.234  ;   0.175  ; RR ; RE   ; 1      ; Switchbox_clock_mux_X280_Y166_N0_I106       ; Switchbox_clock_mux        ; CLOCK_SEGMENT_MUX                                                                                                                                                                                            ;
;   1.270  ;   0.036  ; RR ; RE   ; 1      ; Switchbox_clock_mux_X226_Y166_N0_I229       ; Switchbox_clock_mux        ; CLOCK_SEGMENT_MUX                                                                                                                                                                                            ;
;   1.302  ;   0.032  ; RR ; RE   ; 2      ; Switchbox_clock_mux_X226_Y166_N0_I153       ; Switchbox_clock_mux        ; CLOCK_SEGMENT_MUX                                                                                                                                                                                            ;
;   1.377  ;   0.075  ; RR ; RE   ; 1      ; Switchbox_clock_mux_X226_Y166_N0_I103       ; Switchbox_clock_mux        ; CLOCK_SEGMENT_MUX                                                                                                                                                                                            ;
;   1.404  ;   0.027  ; RF ; RE   ; 1      ; Vertical_seam_tap_mux_X226_Y146_N0_I134     ; Vertical_seam_tap_mux      ; CLOCK_SEGMENT_TAP_MUX                                                                                                                                                                                        ;
;   1.455  ;   0.051  ; FR ; RE   ; 1      ; Vertical_seam_tap_mux_X226_Y146_N0_I50      ; Vertical_seam_tap_mux      ; CLOCK_SEGMENT_TAP_MUX                                                                                                                                                                                        ;
;   1.491  ;   0.036  ; RR ; RE   ; 1      ; Switchbox_clock_mux_X226_Y125_N0_I166       ; Switchbox_clock_mux        ; CLOCK_SEGMENT_MUX                                                                                                                                                                                            ;
;   1.566  ;   0.075  ; RR ; RE   ; 1      ; Switchbox_clock_mux_X226_Y125_N0_I103       ; Switchbox_clock_mux        ; CLOCK_SEGMENT_MUX                                                                                                                                                                                            ;
;   1.592  ;   0.026  ; RF ; RE   ; 1      ; Vertical_seam_tap_mux_X226_Y105_N0_I134     ; Vertical_seam_tap_mux      ; CLOCK_SEGMENT_TAP_MUX                                                                                                                                                                                        ;
;   1.644  ;   0.052  ; FR ; RE   ; 1      ; Vertical_seam_tap_mux_X226_Y105_N0_I50      ; Vertical_seam_tap_mux      ; CLOCK_SEGMENT_TAP_MUX                                                                                                                                                                                        ;
;   1.679  ;   0.035  ; RR ; RE   ; 2      ; Switchbox_clock_mux_X226_Y84_N0_I166        ; Switchbox_clock_mux        ; CLOCK_SEGMENT_MUX                                                                                                                                                                                            ;
;   1.862  ;   0.183  ; RR ; RE   ; 1      ; Switchbox_clock_mux_X226_Y84_N0_I102        ; Switchbox_clock_mux        ; CLOCK_SEGMENT_MUX                                                                                                                                                                                            ;
;   1.897  ;   0.035  ; RR ; RE   ; 1      ; Switchbox_clock_mux_X280_Y84_N0_I230        ; Switchbox_clock_mux        ; CLOCK_SEGMENT_MUX                                                                                                                                                                                            ;
;   2.072  ;   0.175  ; RR ; RE   ; 1      ; Switchbox_clock_mux_X280_Y84_N0_I100        ; Switchbox_clock_mux        ; CLOCK_SEGMENT_MUX                                                                                                                                                                                            ;
;   2.107  ;   0.035  ; RR ; RE   ; 2      ; Switchbox_clock_mux_X334_Y84_N0_I230        ; Switchbox_clock_mux        ; CLOCK_SEGMENT_MUX                                                                                                                                                                                            ;
;   2.182  ;   0.075  ; RR ; RE   ; 1      ; Switchbox_clock_mux_X334_Y84_N0_I103        ; Switchbox_clock_mux        ; CLOCK_SEGMENT_MUX                                                                                                                                                                                            ;
;   2.208  ;   0.026  ; RF ; RE   ; 1      ; Vertical_seam_tap_mux_X334_Y64_N0_I134      ; Vertical_seam_tap_mux      ; CLOCK_SEGMENT_TAP_MUX                                                                                                                                                                                        ;
;   2.259  ;   0.051  ; FR ; RE   ; 1      ; Vertical_seam_tap_mux_X334_Y64_N0_I50       ; Vertical_seam_tap_mux      ; CLOCK_SEGMENT_TAP_MUX                                                                                                                                                                                        ;
;   2.294  ;   0.035  ; RR ; RE   ; 2      ; Switchbox_clock_mux_X334_Y43_N0_I166        ; Switchbox_clock_mux        ; CLOCK_SEGMENT_MUX                                                                                                                                                                                            ;
;   2.476  ;   0.182  ; RR ; RE   ; 1      ; Switchbox_clock_mux_X334_Y43_N0_I102        ; Switchbox_clock_mux        ; CLOCK_SEGMENT_MUX                                                                                                                                                                                            ;
;   2.512  ;   0.036  ; RR ; RE   ; 2      ; Switchbox_clock_mux_X280_Y43_N0_I262        ; Switchbox_clock_mux        ; CLOCK_SEGMENT_MUX                                                                                                                                                                                            ;
;   2.592  ;   0.080  ; RR ; RE   ; 1      ; Switchbox_clock_mux_X280_Y43_N0_I101        ; Switchbox_clock_mux        ; CLOCK_SEGMENT_MUX                                                                                                                                                                                            ;
;   2.626  ;   0.034  ; RR ; RE   ; 2      ; Vertical_seam_tap_mux_X280_Y64_N0_I166      ; Vertical_seam_tap_mux      ; CLOCK_SEGMENT_TAP_MUX                                                                                                                                                                                        ;
;   2.706  ;   0.080  ; RR ; RE   ; 1      ; Vertical_seam_tap_mux_X280_Y64_N0_I115      ; Vertical_seam_tap_mux      ; CLOCK_SEGMENT_TAP_MUX                                                                                                                                                                                        ;
;   2.802  ;   0.096  ; RR ; RE   ; 1      ; SPINE_TAP_RE_X253_Y64_N103_I89              ; SPINE_TAP_RE               ; SPINE_TAP_RE                                                                                                                                                                                                 ;
;   2.816  ;   0.014  ; RR ; RE   ; 41     ; SPINE_TAP_RE_X253_Y64_N103_I25              ; SPINE_TAP_RE               ; SPINE_TAP_RE                                                                                                                                                                                                 ;
;   3.022  ;   0.206  ; RR ; RE   ; 2      ; SCLKMUX_RE_X253_Y69_N188_I25                ; SCLKMUX_RE                 ; SCLKMUX_RE                                                                                                                                                                                                   ;
;   3.039  ;   0.017  ; RR ; RE   ; 17     ; SCLKMUX_RE_X253_Y69_N188_I40                ; SCLKMUX_RE                 ; SCLKMUX_RE                                                                                                                                                                                                   ;
;   3.067  ;   0.028  ; RR ; RE   ; 1      ; ROWCLK_TAPOFF_X259_Y69_N0_I3                ; Row Clock Tap-Off          ; ROWCLK_TAPOFF                                                                                                                                                                                                ;
;   3.098  ;   0.031  ; RR ; RE   ; 1      ; GLOBAL_LOCAL_SEL_X259_Y69_N0_I2             ; GLOBAL_LOCAL_SEL           ; GLOBAL_LOCAL_SEL                                                                                                                                                                                             ;
;   3.116  ;   0.018  ; RR ; RE   ; 1      ; RPII_X259_Y69_N0_I2                         ; Programmable Invert Input  ; RPII                                                                                                                                                                                                         ;
;   3.116  ;   0.000  ; RR ; RE   ; 1      ; RPI_X259_Y69_N0_I2                          ; Programmable Invert        ; RPI                                                                                                                                                                                                          ;
;   3.116  ;   0.000  ; RR ; RE   ; 21     ; LAB_RE_X259_Y69_N0_I83                      ; LAB_RE                     ; clka                                                                                                                                                                                                         ;
;   3.116  ;   0.000  ; RR ; RE   ; 1      ; LAB_RE_X259_Y69_N0_I150                     ; LAB_RE                     ; LAB_RE                                                                                                                                                                                                       ;
;   3.116  ;   0.000  ; RR ; RE   ; 11     ; LEIMCLKALE_X259_Y69_N0_I0                   ; LEIMCLKALE                 ; LEIMCLKALE                                                                                                                                                                                                   ;
;   3.116  ;   0.000  ; RR ; RE   ; 1      ; HYPERFLEX_CLK_M_MUX_X259_Y69_N0_I40         ; Hyperflex clocking network ; HIPI_M_MUX                                                                                                                                                                                                   ;
;   3.116  ;   0.000  ;    ; IC   ; 1      ; BLOCK_INPUT_MUX_PASSTHROUGH_X259_Y69_N0_I36 ; Hyper-Register             ; afu_top|pg_afu.port_gasket|pr_slot|afu_main|port_afu_instances|ofs_plat_afu|core|dma|csr_mgr_inst|mmio64_reg.w.data[0]~DUPLICATE_BLOCK_INPUT_MUX_PASSTHROUGH_X259_Y69_N0_I36_dff|clk                         ;
;   3.116  ;   0.000  ; RR ; CELL ; 1      ; BLOCK_INPUT_MUX_PASSTHROUGH_X259_Y69_N0_I36 ; Hyper-Register             ; afu_top|pg_afu.port_gasket|pr_slot|afu_main|port_afu_instances|ofs_plat_afu|core|dma|csr_mgr_inst|mmio64_reg.w.data[0]~DUPLICATE_BLOCK_INPUT_MUX_PASSTHROUGH_X259_Y69_N0_I36_dff                             ;
; 4.231    ; 1.115    ;    ;      ;        ;                                             ;                            ; data path                                                                                                                                                                                                    ;
;   3.298  ;   0.182  ; FF ; uTco ; 2      ; BLOCK_INPUT_MUX_PASSTHROUGH_X259_Y69_N0_I36 ; Hyper-Register             ; afu_top|pg_afu.port_gasket|pr_slot|afu_main|port_afu_instances|ofs_plat_afu|core|dma|csr_mgr_inst|mmio64_reg.w.data[0]~DUPLICATE_BLOCK_INPUT_MUX_PASSTHROUGH_X259_Y69_N0_I36_dff|q                           ;
;   3.298  ;   0.000  ; FF ; RE   ; 1      ; BLOCK_INPUT_MUX_PASSTHROUGH_X259_Y69_N0_I36 ; Hyper-Register             ; LEIM                                                                                                                                                                                                         ;
;   3.299  ;   0.001  ; FF ; RE   ; 1      ; BLOCK_INPUT_MUX_PASSTHROUGH_X259_Y69_N0_I36 ; Block Input Mux            ; LEIM                                                                                                                                                                                                         ;
;   3.299  ;   0.000  ; FF ; RE   ; 2      ; LAB_RE_X259_Y69_N0_I35                      ; LAB_RE                     ; leima[4]                                                                                                                                                                                                     ;
;   3.299  ;   0.000  ;    ; IC   ; 2      ; FF_X259_Y69_N25                             ; Bypassed ALM Register      ; afu_top|pg_afu.port_gasket|pr_slot|afu_main|port_afu_instances|ofs_plat_afu|core|dma|csr_mgr_inst|dma_csr_map.descriptor.length[0]~.comb|d                                                                   ;
;   3.376  ;   0.077  ; FF ; CELL ; 3      ; FF_X259_Y69_N25                             ; Bypassed ALM Register      ; afu_top|pg_afu.port_gasket|pr_slot|afu_main|port_afu_instances|ofs_plat_afu|core|dma|csr_mgr_inst|dma_csr_map.descriptor.length[0]~.comb|q                                                                   ;
;   3.376  ;   0.000  ; FF ; RE   ; 1      ; FF_X259_Y69_N25                             ; Bypassed ALM Register      ; FF                                                                                                                                                                                                           ;
;   3.381  ;   0.005  ; FF ; RE   ; 2      ; LAB_RE_X259_Y69_N0_I105                     ; LAB_RE                     ; LAB_RE                                                                                                                                                                                                       ;
;   3.421  ;   0.040  ; FF ; RE   ; 2      ; R0_X259_Y69_N0_I28                          ; R0 interconnect            ; H0                                                                                                                                                                                                           ;
;   3.460  ;   0.039  ; FF ; RE   ; 1      ; R0_X259_Y69_N0_I46                          ; R0 interconnect            ; H0                                                                                                                                                                                                           ;
;   3.497  ;   0.037  ; FF ; RE   ; 1      ; R1_X260_Y69_N0_I36                          ; R1 interconnect            ; H1                                                                                                                                                                                                           ;
;   3.538  ;   0.041  ; FR ; RE   ; 1      ; LOCAL_INTERCONNECT_X260_Y69_N0_I76          ; Block interconnect         ; LAB_LINE                                                                                                                                                                                                     ;
;   3.568  ;   0.030  ; RF ; RE   ; 1      ; BLOCK_INPUT_MUX_PASSTHROUGH_X260_Y69_N0_I7  ; Block Input Mux            ; LEIM                                                                                                                                                                                                         ;
;   3.568  ;   0.000  ; FF ; RE   ; 1      ; LAB_RE_X260_Y69_N0_I1                       ; LAB_RE                     ; leimd0[0]                                                                                                                                                                                                    ;
;   3.568  ;   0.000  ;    ; IC   ; 5      ; MLABCELL_X260_Y69_N0                        ; Combinational cell         ; afu_top|pg_afu.port_gasket|pr_slot|afu_main|port_afu_instances|ofs_plat_afu|core|dma|csr_mgr_inst|add_0~256|datad                                                                                            ;
;   3.806  ;   0.238  ; FR ; CELL ; 1      ; MLABCELL_X260_Y69_N57                       ; Combinational cell         ; afu_top|pg_afu.port_gasket|pr_slot|afu_main|port_afu_instances|ofs_plat_afu|core|dma|csr_mgr_inst|add_0~161|cout                                                                                             ;
;   3.806  ;   0.000  ; RR ; RE   ; 1      ; MLABCELL_X260_Y69_N57                       ; Combinational cell         ; MP_MLAB_COMB                                                                                                                                                                                                 ;
;   3.853  ;   0.047  ; RR ; RE   ; 1      ; LAB_RE_X260_Y69_N0_I154                     ; LAB_RE                     ; LAB_RE                                                                                                                                                                                                       ;
;   3.853  ;   0.000  ; RR ; RE   ; 1      ; LAB_RE_X260_Y68_N0_I153                     ; LAB_RE                     ; t_mlabncc                                                                                                                                                                                                    ;
;   3.853  ;   0.000  ;    ; IC   ; 5      ; MLABCELL_X260_Y68_N0                        ; Combinational cell         ; afu_top|pg_afu.port_gasket|pr_slot|afu_main|port_afu_instances|ofs_plat_afu|core|dma|csr_mgr_inst|add_0~156|cin                                                                                              ;
;   3.874  ;   0.021  ; RF ; CELL ; 1      ; MLABCELL_X260_Y68_N27                       ; Combinational cell         ; afu_top|pg_afu.port_gasket|pr_slot|afu_main|port_afu_instances|ofs_plat_afu|core|dma|csr_mgr_inst|add_0~71|cout                                                                                              ;
;   3.874  ;   0.000  ; FF ; CELL ; 3      ; MLABCELL_X260_Y68_N30                       ; Combinational cell         ; afu_top|pg_afu.port_gasket|pr_slot|afu_main|port_afu_instances|ofs_plat_afu|core|dma|csr_mgr_inst|add_0~76|cin                                                                                               ;
;   3.894  ;   0.020  ; FR ; CELL ; 1      ; MLABCELL_X260_Y68_N33                       ; Combinational cell         ; afu_top|pg_afu.port_gasket|pr_slot|afu_main|port_afu_instances|ofs_plat_afu|core|dma|csr_mgr_inst|add_0~66|cout                                                                                              ;
;   3.894  ;   0.000  ; RR ; CELL ; 3      ; MLABCELL_X260_Y68_N36                       ; Combinational cell         ; afu_top|pg_afu.port_gasket|pr_slot|afu_main|port_afu_instances|ofs_plat_afu|core|dma|csr_mgr_inst|add_0~26|cin                                                                                               ;
;   3.912  ;   0.018  ; RF ; CELL ; 1      ; MLABCELL_X260_Y68_N39                       ; Combinational cell         ; afu_top|pg_afu.port_gasket|pr_slot|afu_main|port_afu_instances|ofs_plat_afu|core|dma|csr_mgr_inst|add_0~106|cout                                                                                             ;
;   3.912  ;   0.000  ; FF ; CELL ; 3      ; MLABCELL_X260_Y68_N42                       ; Combinational cell         ; afu_top|pg_afu.port_gasket|pr_slot|afu_main|port_afu_instances|ofs_plat_afu|core|dma|csr_mgr_inst|add_0~111|cin                                                                                              ;
;   3.928  ;   0.016  ; FR ; CELL ; 1      ; MLABCELL_X260_Y68_N45                       ; Combinational cell         ; afu_top|pg_afu.port_gasket|pr_slot|afu_main|port_afu_instances|ofs_plat_afu|core|dma|csr_mgr_inst|add_0~51|cout                                                                                              ;
;   3.928  ;   0.000  ; RR ; CELL ; 3      ; MLABCELL_X260_Y68_N48                       ; Combinational cell         ; afu_top|pg_afu.port_gasket|pr_slot|afu_main|port_afu_instances|ofs_plat_afu|core|dma|csr_mgr_inst|add_0~56|cin                                                                                               ;
;   3.946  ;   0.018  ; RF ; CELL ; 1      ; MLABCELL_X260_Y68_N51                       ; Combinational cell         ; afu_top|pg_afu.port_gasket|pr_slot|afu_main|port_afu_instances|ofs_plat_afu|core|dma|csr_mgr_inst|add_0~41|cout                                                                                              ;
;   3.946  ;   0.000  ; FF ; CELL ; 2      ; MLABCELL_X260_Y68_N54                       ; Combinational cell         ; afu_top|pg_afu.port_gasket|pr_slot|afu_main|port_afu_instances|ofs_plat_afu|core|dma|csr_mgr_inst|add_0~46|cin                                                                                               ;
;   4.035  ;   0.089  ; FF ; CELL ; 1      ; MLABCELL_X260_Y68_N57                       ; Combinational cell         ; afu_top|pg_afu.port_gasket|pr_slot|afu_main|port_afu_instances|ofs_plat_afu|core|dma|csr_mgr_inst|add_0~31|sumout                                                                                            ;
;   4.035  ;   0.000  ; FF ; RE   ; 1      ; MLABCELL_X260_Y68_N57                       ; Combinational cell         ; MP_MLAB_COMB                                                                                                                                                                                                 ;
;   4.041  ;   0.006  ; FF ; RE   ; 1      ; LAB_RE_X260_Y68_N0_I127                     ; LAB_RE                     ; LAB_RE                                                                                                                                                                                                       ;
;   4.070  ;   0.029  ; FF ; RE   ; 1      ; R1_X261_Y68_N0_I38                          ; R1 interconnect            ; H1                                                                                                                                                                                                           ;
;   4.134  ;   0.064  ; FF ; RE   ; 1      ; C1_X261_Y67_N0_I39                          ; C1 interconnect            ; V1                                                                                                                                                                                                           ;
;   4.169  ;   0.035  ; FF ; RE   ; 1      ; R0_X261_Y67_N0_I69                          ; R0 interconnect            ; H0                                                                                                                                                                                                           ;
;   4.205  ;   0.036  ; FF ; RE   ; 1      ; R0_X261_Y67_N0_I50                          ; R0 interconnect            ; H0                                                                                                                                                                                                           ;
;   4.231  ;   0.026  ; FR ; RE   ; 1      ; LOCAL_INTERCONNECT_X261_Y67_N0_I15          ; Block interconnect         ; LAB_LINE                                                                                                                                                                                                     ;
;   4.231  ;   0.000  ;    ; IC   ; 1      ; BLOCK_INPUT_MUX_PASSTHROUGH_X261_Y67_N0_I8  ; Hyper-Register             ; afu_top|pg_afu.port_gasket|pr_slot|afu_main|port_afu_instances|ofs_plat_afu|core|dma|csr_mgr_inst|add_0~31_BLOCK_INPUT_MUX_PASSTHROUGH_X261_Y67_N0_I8_dff|d                                                  ;
;   4.231  ;   0.000  ; RR ; CELL ; 1      ; BLOCK_INPUT_MUX_PASSTHROUGH_X261_Y67_N0_I8  ; Hyper-Register             ; afu_top|pg_afu.port_gasket|pr_slot|afu_main|port_afu_instances|ofs_plat_afu|core|dma|csr_mgr_inst|add_0~31_BLOCK_INPUT_MUX_PASSTHROUGH_X261_Y67_N0_I8_dff                                                    ;
+----------+----------+----+------+--------+---------------------------------------------+----------------------------+--------------------------------------------------------------------------------------------------------------------------------------------------------------------------------------------------------------+

+----------------------------------------------------------------------------------------------------------------------------------------------------------------------------------------------------------------------------------------------------------------------------------------------------------------------------------+
; Data Required Path                                                                                                                                                                                                                                                                                                               ;
+---------+----------+----+------+--------+--------------------------------------------+----------------------------+--------------------------------------------------------------------------------------------------------------------------------------------------------------------------------------------------------------+
; Total   ; Incr     ; RF ; Type ; Fanout ; Location                                   ; Element Type               ; Element                                                                                                                                                                                                      ;
+---------+----------+----+------+--------+--------------------------------------------+----------------------------+--------------------------------------------------------------------------------------------------------------------------------------------------------------------------------------------------------------+
; 3.000   ; 3.000    ;    ;      ;        ;                                            ;                            ; latch edge time                                                                                                                                                                                              ;
; 6.056   ; 3.056    ;    ;      ;        ;                                            ;                            ; clock path                                                                                                                                                                                                   ;
;   3.000 ;   0.000  ;    ;      ;        ;                                            ;                            ; source latency                                                                                                                                                                                               ;
;   3.000 ;   0.000  ;    ;      ; 1      ; PIN_HF23                                   ; I/O pad                    ; ddr4_mem_ref_clk[0].clk                                                                                                                                                                                      ;
;   3.000 ;   0.000  ;    ; IC   ; 1      ; IOIBUF_X280_Y0_N376                        ; I/O input buffer           ; ddr4_mem_ref_clk[0].clk~input|i                                                                                                                                                                              ;
;   3.129 ;   0.129  ; RR ; CELL ; 2      ; IOIBUF_X280_Y0_N376                        ; I/O input buffer           ; ddr4_mem_ref_clk[0].clk~input|o                                                                                                                                                                              ;
;   3.929 ;   0.800  ; RR ; CELL ; 1      ; REFCLKINPUT_X281_Y0_N301                   ; I/O reference clock tree   ; local_mem_wrapper|mem_ss_top|mem_ss_sv|mem_ss|mem_ss|emif_0|emif_0|arch|arch_inst|pll_inst|pll_inst~refclk|ref_clk_in                                                                                        ;
;   4.048 ;   0.119  ; RR ; CELL ; 3      ; REFCLKINPUT_X281_Y0_N301                   ; I/O reference clock tree   ; local_mem_wrapper|mem_ss_top|mem_ss_sv|mem_ss|mem_ss|emif_0|emif_0|arch|arch_inst|pll_inst|pll_inst~refclk|ref0_to_btm                                                                                       ;
;   4.402 ;   0.354  ; RR ; CELL ; 1      ; REFCLKINPUT_X281_Y0_N301                   ; I/O reference clock tree   ; local_mem_wrapper|mem_ss_top|mem_ss_sv|mem_ss|mem_ss|emif_0|emif_0|arch|arch_inst|pll_inst|pll_inst~refclk|clk_out                                                                                           ;
;   4.402 ;   0.000  ; RR ; CELL ; 1      ; IOPLL_X281_Y0_N303                         ; IOPLL                      ; local_mem_wrapper|mem_ss_top|mem_ss_sv|mem_ss|mem_ss|emif_0|emif_0|arch|arch_inst|pll_inst|pll_inst|pll_cascade_in                                                                                           ;
;   4.543 ;   0.141  ; RR ; CELL ; 2      ; IOPLL_X281_Y0_N303                         ; IOPLL                      ; local_mem_wrapper|mem_ss_top|mem_ss_sv|mem_ss|mem_ss|emif_0|emif_0|arch|arch_inst|pll_inst|pll_inst~fmio96fs_wr/x0/fmio96_core_inst/fmio48tile_top/x5/u4_3/x0/xiopll_custom/xclkin_sw/xpm_pll_so/clk[0]      ;
;   4.661 ;   0.118  ; RR ; CELL ; 2      ; IOPLL_X281_Y0_N303                         ; IOPLL                      ; local_mem_wrapper|mem_ss_top|mem_ss_sv|mem_ss|mem_ss|emif_0|emif_0|arch|arch_inst|pll_inst|pll_inst~fmio96fs_wr/x0/fmio96_core_inst/fmio48tile_top/x5/u4_3/x0/xiopll_custom/xiopll_core/xncnt_iopll/clk      ;
;   4.772 ;   0.111  ; RR ; CELL ; 3      ; IOPLL_X281_Y0_N303                         ; IOPLL                      ; local_mem_wrapper|mem_ss_top|mem_ss_sv|mem_ss|mem_ss|emif_0|emif_0|arch|arch_inst|pll_inst|pll_inst~pllnout                                                                                                  ;
;   4.865 ;   0.093  ; RF ; CELL ; 1      ; IOPLL_X281_Y0_N303                         ; IOPLL                      ; local_mem_wrapper|mem_ss_top|mem_ss_sv|mem_ss|mem_ss|emif_0|emif_0|arch|arch_inst|pll_inst|pll_inst~vco_refclk                                                                                               ;
;   4.872 ;   0.007  ; FR ; CELL ; 1      ; IOPLL_X281_Y0_N303                         ; IOPLL                      ; local_mem_wrapper|mem_ss_top|mem_ss_sv|mem_ss|mem_ss|emif_0|emif_0|arch|arch_inst|pll_inst|pll_inst~vctrl                                                                                                    ;
;   4.205 ;   -0.667 ; RR ; COMP ; 1      ; IOPLL_X281_Y0_N303                         ; IOPLL                      ; local_mem_wrapper|mem_ss_top|mem_ss_sv|mem_ss|mem_ss|emif_0|emif_0|arch|arch_inst|pll_inst|pll_inst~vcoph[0]                                                                                                 ;
;   4.205 ;   0.000  ; RR ; CELL ; 10     ; IOPLL_X281_Y0_N303                         ; IOPLL                      ; local_mem_wrapper|mem_ss_top|mem_ss_sv|mem_ss|mem_ss|emif_0|emif_0|arch|arch_inst|pll_inst|pll_inst|vcoph[0]                                                                                                 ;
;   4.205 ;   0.000  ; RR ; CELL ; 3      ; TILECTRL_X281_Y0_N298                      ; I/O tile control logic     ; local_mem_wrapper|mem_ss_top|mem_ss_sv|mem_ss|mem_ss|emif_0|emif_0|arch|arch_inst|io_tiles_wrap_inst|io_tiles_inst|tile_gen[1].tile_ctrl_inst|pll_vco_in[0]                                                  ;
;   2.067 ;   -2.138 ; RR ; COMP ; 1      ; TILECTRL_X281_Y0_N298                      ; I/O tile control logic     ; local_mem_wrapper|mem_ss_top|mem_ss_sv|mem_ss|mem_ss|emif_0|emif_0|arch|arch_inst|io_tiles_wrap_inst|io_tiles_inst|tile_gen[1].tile_ctrl_inst|pa_core_clk_out[0]                                             ;
;   2.510 ;   0.443  ; RR ; CELL ; 16258  ; TILECTRL_X281_Y0_N298                      ; I/O tile control logic     ; local_mem_wrapper|mem_ss_top|mem_ss_sv|mem_ss|mem_ss|emif_0|emif_0|arch|arch_inst|io_tiles_wrap_inst|io_tiles_inst|tile_gen[1].tile_ctrl_inst~fmio96fs_wr/m32_0_29__iophasealignment_to_dcm__core_clk_out[1] ;
;   2.510 ;   0.000  ;    ; IC   ; 1      ; Boundary Port                              ; N/A                        ; afu_top|pg_afu.port_gasket|pr_slot|afu_main|ext_mem_if[0].clk|input                                                                                                                                          ;
;   2.510 ;   0.000  ; RR ; CELL ; 105325 ; Boundary Port                              ; N/A                        ; afu_top|pg_afu.port_gasket|pr_slot|afu_main|ext_mem_if[0].clk                                                                                                                                                ;
;   2.510 ;   0.000  ; RR ; RE   ; 1      ; TILECTRL_X281_Y0_N298                      ; I/O tile control logic     ; TILE_CTRL                                                                                                                                                                                                    ;
;   2.556 ;   0.046  ; RR ; RE   ; 1      ; IO96FSWRRE_X280_Y0_N0_I3537                ; IO96FS_WR_RE               ; IO96FS_WR_RE                                                                                                                                                                                                 ;
;   2.629 ;   0.073  ; RR ; RE   ; 1      ; DCM_mux_X307_Y2_N0_I29                     ; DCM_mux                    ; CC_DCM_GMUX_RE                                                                                                                                                                                               ;
;   2.678 ;   0.049  ; RR ; RE   ; 1      ; IO_P2C_RE_X280_Y2_N150_I75                 ; IO_P2C_RE                  ; IO_P2C_RE                                                                                                                                                                                                    ;
;   2.696 ;   0.018  ; RR ; RE   ; 1      ; IO_P2C_RE_X280_Y2_N150_I26                 ; IO_P2C_RE                  ; IO_P2C_RE                                                                                                                                                                                                    ;
;   2.728 ;   0.032  ; RR ; RE   ; 1      ; Switchbox_clock_mux_X280_Y2_N0_I197        ; Switchbox_clock_mux        ; CLOCK_SEGMENT_MUX                                                                                                                                                                                            ;
;   2.802 ;   0.074  ; RR ; RE   ; 1      ; Switchbox_clock_mux_X280_Y2_N0_I105        ; Switchbox_clock_mux        ; CLOCK_SEGMENT_MUX                                                                                                                                                                                            ;
;   2.826 ;   0.024  ; RF ; RE   ; 1      ; Vertical_seam_tap_mux_X280_Y23_N0_I165     ; Vertical_seam_tap_mux      ; CLOCK_SEGMENT_TAP_MUX                                                                                                                                                                                        ;
;   2.873 ;   0.047  ; FR ; RE   ; 1      ; Vertical_seam_tap_mux_X280_Y23_N0_I53      ; Vertical_seam_tap_mux      ; CLOCK_SEGMENT_TAP_MUX                                                                                                                                                                                        ;
;   2.902 ;   0.029  ; RR ; RE   ; 1      ; Switchbox_clock_mux_X280_Y43_N0_I197       ; Switchbox_clock_mux        ; CLOCK_SEGMENT_MUX                                                                                                                                                                                            ;
;   2.977 ;   0.075  ; RR ; RE   ; 1      ; Switchbox_clock_mux_X280_Y43_N0_I105       ; Switchbox_clock_mux        ; CLOCK_SEGMENT_MUX                                                                                                                                                                                            ;
;   3.000 ;   0.023  ; RF ; RE   ; 1      ; Vertical_seam_tap_mux_X280_Y64_N0_I165     ; Vertical_seam_tap_mux      ; CLOCK_SEGMENT_TAP_MUX                                                                                                                                                                                        ;
;   3.047 ;   0.047  ; FR ; RE   ; 1      ; Vertical_seam_tap_mux_X280_Y64_N0_I53      ; Vertical_seam_tap_mux      ; CLOCK_SEGMENT_TAP_MUX                                                                                                                                                                                        ;
;   3.077 ;   0.030  ; RR ; RE   ; 1      ; Switchbox_clock_mux_X280_Y84_N0_I197       ; Switchbox_clock_mux        ; CLOCK_SEGMENT_MUX                                                                                                                                                                                            ;
;   3.146 ;   0.069  ; RR ; RE   ; 1      ; Switchbox_clock_mux_X280_Y84_N0_I105       ; Switchbox_clock_mux        ; CLOCK_SEGMENT_MUX                                                                                                                                                                                            ;
;   3.170 ;   0.024  ; RF ; RE   ; 1      ; Vertical_seam_tap_mux_X280_Y105_N0_I165    ; Vertical_seam_tap_mux      ; CLOCK_SEGMENT_TAP_MUX                                                                                                                                                                                        ;
;   3.217 ;   0.047  ; FR ; RE   ; 1      ; Vertical_seam_tap_mux_X280_Y105_N0_I53     ; Vertical_seam_tap_mux      ; CLOCK_SEGMENT_TAP_MUX                                                                                                                                                                                        ;
;   3.246 ;   0.029  ; RR ; RE   ; 1      ; Switchbox_clock_mux_X280_Y125_N0_I197      ; Switchbox_clock_mux        ; CLOCK_SEGMENT_MUX                                                                                                                                                                                            ;
;   3.316 ;   0.070  ; RR ; RE   ; 1      ; Switchbox_clock_mux_X280_Y125_N0_I105      ; Switchbox_clock_mux        ; CLOCK_SEGMENT_MUX                                                                                                                                                                                            ;
;   3.340 ;   0.024  ; RF ; RE   ; 1      ; Vertical_seam_tap_mux_X280_Y146_N0_I165    ; Vertical_seam_tap_mux      ; CLOCK_SEGMENT_TAP_MUX                                                                                                                                                                                        ;
;   3.387 ;   0.047  ; FR ; RE   ; 1      ; Vertical_seam_tap_mux_X280_Y146_N0_I53     ; Vertical_seam_tap_mux      ; CLOCK_SEGMENT_TAP_MUX                                                                                                                                                                                        ;
;   3.416 ;   0.029  ; RR ; RE   ; 1      ; Switchbox_clock_mux_X280_Y166_N0_I197      ; Switchbox_clock_mux        ; CLOCK_SEGMENT_MUX                                                                                                                                                                                            ;
;   3.578 ;   0.162  ; RR ; RE   ; 1      ; Switchbox_clock_mux_X280_Y166_N0_I106      ; Switchbox_clock_mux        ; CLOCK_SEGMENT_MUX                                                                                                                                                                                            ;
;   3.609 ;   0.031  ; RR ; RE   ; 1      ; Switchbox_clock_mux_X226_Y166_N0_I229      ; Switchbox_clock_mux        ; CLOCK_SEGMENT_MUX                                                                                                                                                                                            ;
;   3.638 ;   0.029  ; RR ; RE   ; 2      ; Switchbox_clock_mux_X226_Y166_N0_I153      ; Switchbox_clock_mux        ; CLOCK_SEGMENT_MUX                                                                                                                                                                                            ;
;   3.707 ;   0.069  ; RR ; RE   ; 1      ; Switchbox_clock_mux_X226_Y166_N0_I103      ; Switchbox_clock_mux        ; CLOCK_SEGMENT_MUX                                                                                                                                                                                            ;
;   3.730 ;   0.023  ; RF ; RE   ; 1      ; Vertical_seam_tap_mux_X226_Y146_N0_I134    ; Vertical_seam_tap_mux      ; CLOCK_SEGMENT_TAP_MUX                                                                                                                                                                                        ;
;   3.778 ;   0.048  ; FR ; RE   ; 1      ; Vertical_seam_tap_mux_X226_Y146_N0_I50     ; Vertical_seam_tap_mux      ; CLOCK_SEGMENT_TAP_MUX                                                                                                                                                                                        ;
;   3.810 ;   0.032  ; RR ; RE   ; 1      ; Switchbox_clock_mux_X226_Y125_N0_I166      ; Switchbox_clock_mux        ; CLOCK_SEGMENT_MUX                                                                                                                                                                                            ;
;   3.879 ;   0.069  ; RR ; RE   ; 1      ; Switchbox_clock_mux_X226_Y125_N0_I103      ; Switchbox_clock_mux        ; CLOCK_SEGMENT_MUX                                                                                                                                                                                            ;
;   3.902 ;   0.023  ; RF ; RE   ; 1      ; Vertical_seam_tap_mux_X226_Y105_N0_I134    ; Vertical_seam_tap_mux      ; CLOCK_SEGMENT_TAP_MUX                                                                                                                                                                                        ;
;   3.950 ;   0.048  ; FR ; RE   ; 1      ; Vertical_seam_tap_mux_X226_Y105_N0_I50     ; Vertical_seam_tap_mux      ; CLOCK_SEGMENT_TAP_MUX                                                                                                                                                                                        ;
;   3.981 ;   0.031  ; RR ; RE   ; 2      ; Switchbox_clock_mux_X226_Y84_N0_I166       ; Switchbox_clock_mux        ; CLOCK_SEGMENT_MUX                                                                                                                                                                                            ;
;   4.149 ;   0.168  ; RR ; RE   ; 1      ; Switchbox_clock_mux_X226_Y84_N0_I102       ; Switchbox_clock_mux        ; CLOCK_SEGMENT_MUX                                                                                                                                                                                            ;
;   4.180 ;   0.031  ; RR ; RE   ; 1      ; Switchbox_clock_mux_X280_Y84_N0_I230       ; Switchbox_clock_mux        ; CLOCK_SEGMENT_MUX                                                                                                                                                                                            ;
;   4.341 ;   0.161  ; RR ; RE   ; 1      ; Switchbox_clock_mux_X280_Y84_N0_I100       ; Switchbox_clock_mux        ; CLOCK_SEGMENT_MUX                                                                                                                                                                                            ;
;   4.372 ;   0.031  ; RR ; RE   ; 2      ; Switchbox_clock_mux_X334_Y84_N0_I230       ; Switchbox_clock_mux        ; CLOCK_SEGMENT_MUX                                                                                                                                                                                            ;
;   4.441 ;   0.069  ; RR ; RE   ; 1      ; Switchbox_clock_mux_X334_Y84_N0_I103       ; Switchbox_clock_mux        ; CLOCK_SEGMENT_MUX                                                                                                                                                                                            ;
;   4.464 ;   0.023  ; RF ; RE   ; 1      ; Vertical_seam_tap_mux_X334_Y64_N0_I134     ; Vertical_seam_tap_mux      ; CLOCK_SEGMENT_TAP_MUX                                                                                                                                                                                        ;
;   4.511 ;   0.047  ; FR ; RE   ; 1      ; Vertical_seam_tap_mux_X334_Y64_N0_I50      ; Vertical_seam_tap_mux      ; CLOCK_SEGMENT_TAP_MUX                                                                                                                                                                                        ;
;   4.542 ;   0.031  ; RR ; RE   ; 2      ; Switchbox_clock_mux_X334_Y43_N0_I166       ; Switchbox_clock_mux        ; CLOCK_SEGMENT_MUX                                                                                                                                                                                            ;
;   4.709 ;   0.167  ; RR ; RE   ; 1      ; Switchbox_clock_mux_X334_Y43_N0_I102       ; Switchbox_clock_mux        ; CLOCK_SEGMENT_MUX                                                                                                                                                                                            ;
;   4.741 ;   0.032  ; RR ; RE   ; 2      ; Switchbox_clock_mux_X280_Y43_N0_I262       ; Switchbox_clock_mux        ; CLOCK_SEGMENT_MUX                                                                                                                                                                                            ;
;   4.815 ;   0.074  ; RR ; RE   ; 1      ; Switchbox_clock_mux_X280_Y43_N0_I101       ; Switchbox_clock_mux        ; CLOCK_SEGMENT_MUX                                                                                                                                                                                            ;
;   4.845 ;   0.030  ; RR ; RE   ; 2      ; Vertical_seam_tap_mux_X280_Y64_N0_I166     ; Vertical_seam_tap_mux      ; CLOCK_SEGMENT_TAP_MUX                                                                                                                                                                                        ;
;   4.919 ;   0.074  ; RR ; RE   ; 1      ; Vertical_seam_tap_mux_X280_Y64_N0_I115     ; Vertical_seam_tap_mux      ; CLOCK_SEGMENT_TAP_MUX                                                                                                                                                                                        ;
;   5.002 ;   0.083  ; RR ; RE   ; 1      ; SPINE_TAP_RE_X253_Y64_N103_I89             ; SPINE_TAP_RE               ; SPINE_TAP_RE                                                                                                                                                                                                 ;
;   5.011 ;   0.009  ; RR ; RE   ; 41     ; SPINE_TAP_RE_X253_Y64_N103_I25             ; SPINE_TAP_RE               ; SPINE_TAP_RE                                                                                                                                                                                                 ;
;   5.190 ;   0.179  ; RR ; RE   ; 2      ; SCLKMUX_RE_X253_Y67_N188_I25               ; SCLKMUX_RE                 ; SCLKMUX_RE                                                                                                                                                                                                   ;
;   5.210 ;   0.020  ; RR ; RE   ; 16     ; SCLKMUX_RE_X253_Y67_N188_I40               ; SCLKMUX_RE                 ; SCLKMUX_RE                                                                                                                                                                                                   ;
;   5.234 ;   0.024  ; RR ; RE   ; 1      ; ROWCLK_TAPOFF_X261_Y67_N0_I3               ; Row Clock Tap-Off          ; ROWCLK_TAPOFF                                                                                                                                                                                                ;
;   5.258 ;   0.024  ; RR ; RE   ; 1      ; GLOBAL_LOCAL_SEL_X261_Y67_N0_I2            ; GLOBAL_LOCAL_SEL           ; GLOBAL_LOCAL_SEL                                                                                                                                                                                             ;
;   5.273 ;   0.015  ; RR ; RE   ; 1      ; RPII_X261_Y67_N0_I2                        ; Programmable Invert Input  ; RPII                                                                                                                                                                                                         ;
;   5.273 ;   0.000  ; RR ; RE   ; 1      ; RPI_X261_Y67_N0_I2                         ; Programmable Invert        ; RPI                                                                                                                                                                                                          ;
;   5.273 ;   0.000  ; RR ; RE   ; 25     ; LAB_RE_X261_Y67_N0_I83                     ; LAB_RE                     ; clka                                                                                                                                                                                                         ;
;   5.273 ;   0.000  ; RR ; RE   ; 1      ; LAB_RE_X261_Y67_N0_I150                    ; LAB_RE                     ; LAB_RE                                                                                                                                                                                                       ;
;   5.273 ;   0.000  ; RR ; RE   ; 15     ; LEIMCLKALE_X261_Y67_N0_I0                  ; LEIMCLKALE                 ; LEIMCLKALE                                                                                                                                                                                                   ;
;   5.273 ;   0.000  ; RR ; RE   ; 1      ; HYPERFLEX_CLK_M_MUX_X261_Y67_N0_I9         ; Hyperflex clocking network ; HIPI_M_MUX                                                                                                                                                                                                   ;
;   5.273 ;   0.000  ;    ; IC   ; 1      ; BLOCK_INPUT_MUX_PASSTHROUGH_X261_Y67_N0_I8 ; Hyper-Register             ; afu_top|pg_afu.port_gasket|pr_slot|afu_main|port_afu_instances|ofs_plat_afu|core|dma|csr_mgr_inst|add_0~31_BLOCK_INPUT_MUX_PASSTHROUGH_X261_Y67_N0_I8_dff|clk                                                ;
;   5.273 ;   0.000  ; RR ; CELL ; 1      ; BLOCK_INPUT_MUX_PASSTHROUGH_X261_Y67_N0_I8 ; Hyper-Register             ; afu_top|pg_afu.port_gasket|pr_slot|afu_main|port_afu_instances|ofs_plat_afu|core|dma|csr_mgr_inst|add_0~31_BLOCK_INPUT_MUX_PASSTHROUGH_X261_Y67_N0_I8_dff                                                    ;
;   6.072 ;   0.799  ;    ;      ;        ;                                            ;                            ; clock pessimism removed                                                                                                                                                                                      ;
;   6.056 ;   -0.016 ;    ;      ;        ;                                            ;                            ; advanced clock effects                                                                                                                                                                                       ;
; 6.026   ; -0.030   ;    ;      ;        ;                                            ;                            ; clock uncertainty                                                                                                                                                                                            ;
; 6.126   ; 0.100    ;    ; uTsu ; 1      ; BLOCK_INPUT_MUX_PASSTHROUGH_X261_Y67_N0_I8 ; Hyper-Register             ; afu_top|pg_afu.port_gasket|pr_slot|afu_main|port_afu_instances|ofs_plat_afu|core|dma|csr_mgr_inst|add_0~31_BLOCK_INPUT_MUX_PASSTHROUGH_X261_Y67_N0_I8_dff                                                    ;
+---------+----------+----+------+--------+--------------------------------------------+----------------------------+--------------------------------------------------------------------------------------------------------------------------------------------------------------------------------------------------------------+


Path #3: Setup slack is 1.914 
===============================================================================
+--------------------------------------------------------------------------------------------------------------------------------------------------------------------------------------------------------------------+
; Path Summary                                                                                                                                                                                                       ;
+---------------------------------+----------------------------------------------------------------------------------------------------------------------------------------------------------------------------------+
; Property                        ; Value                                                                                                                                                                            ;
+---------------------------------+----------------------------------------------------------------------------------------------------------------------------------------------------------------------------------+
; From Node                       ; afu_top|pg_afu.port_gasket|pr_slot|afu_main|port_afu_instances|ofs_plat_afu|core|dma|csr_mgr_inst|mmio64_reg.w.data[0]~DUPLICATE_BLOCK_INPUT_MUX_PASSTHROUGH_X259_Y69_N0_I36_dff ;
; To Node                         ; afu_top|pg_afu.port_gasket|pr_slot|afu_main|port_afu_instances|ofs_plat_afu|core|dma|csr_mgr_inst|add_0~106_BLOCK_INPUT_MUX_PASSTHROUGH_X261_Y68_N0_I71_dff                      ;
; Launch Clock                    ; local_mem_wrapper|mem_ss_top|mem_ss_sv|mem_ss|mem_ss|emif_0|emif_0_core_usr_clk                                                                                                  ;
; Latch Clock                     ; local_mem_wrapper|mem_ss_top|mem_ss_sv|mem_ss|mem_ss|emif_0|emif_0_core_usr_clk                                                                                                  ;
; SDC Exception                   ; No SDC Exception on Path                                                                                                                                                         ;
; Data Arrival Time               ; 4.213                                                                                                                                                                            ;
; Data Required Time              ; 6.127                                                                                                                                                                            ;
; Slack                           ; 1.914                                                                                                                                                                            ;
; Worst-Case Operating Conditions ; Fast vid2a 100C Model                                                                                                                                                            ;
+---------------------------------+----------------------------------------------------------------------------------------------------------------------------------------------------------------------------------+

+--------------------------------------------------------------------------------------+
; Statistics                                                                           ;
+------------------------+--------+-------+-------------+------------+--------+--------+
; Property               ; Value  ; Count ; Total Delay ; % of Total ; Min    ; Max    ;
+------------------------+--------+-------+-------------+------------+--------+--------+
; Setup Relationship     ; 3.000  ;       ;             ;            ;        ;        ;
; Clock Skew             ; -0.057 ;       ;             ;            ;        ;        ;
; Data Delay             ; 1.097  ;       ;             ;            ;        ;        ;
; Number of Logic Levels ;        ; 1     ;             ;            ;        ;        ;
; Physical Delays        ;        ;       ;             ;            ;        ;        ;
;  Arrival Path          ;        ;       ;             ;            ;        ;        ;
;   Clock                ;        ;       ;             ;            ;        ;        ;
;    IC                  ;        ; 3     ; 0.000       ; 0          ; 0.000  ; 0.000  ;
;    Cell                ;        ; 15    ; 2.630       ; 46         ; 0.000  ; 0.903  ;
;    PLL Compensation    ;        ; 2     ; -2.569      ; 0          ; -1.988 ; -0.581 ;
;    Routing Element     ;        ; 58    ; 3.055       ; 54         ; 0.000  ; 0.206  ;
;   Data                 ;        ;       ;             ;            ;        ;        ;
;    IC                  ;        ; 4     ; 0.000       ; 0          ; 0.000  ; 0.000  ;
;    Cell                ;        ; 8     ; 0.439       ; 40         ; 0.000  ; 0.238  ;
;    uTco                ;        ; 1     ; 0.182       ; 17         ; 0.182  ; 0.182  ;
;    Routing Element     ;        ; 21    ; 0.476       ; 43         ; 0.000  ; 0.068  ;
;  Required Path         ;        ;       ;             ;            ;        ;        ;
;   Clock                ;        ;       ;             ;            ;        ;        ;
;    IC                  ;        ; 3     ; 0.000       ; 0          ; 0.000  ; 0.000  ;
;    Cell                ;        ; 15    ; 2.315       ; 46         ; 0.000  ; 0.800  ;
;    PLL Compensation    ;        ; 2     ; -2.805      ; 0          ; -2.138 ; -0.667 ;
;    Routing Element     ;        ; 58    ; 2.766       ; 54         ; 0.000  ; 0.179  ;
+------------------------+--------+-------+-------------+------------+--------+--------+
Note: Negative delays are omitted from totals when calculating percentages

+------------------------------------------------------------------------------------------------------------------------------------------------------------------------------------------------------------------------------------------------------------------------------------------------------------------------------------+
; Data Arrival Path                                                                                                                                                                                                                                                                                                                  ;
+----------+----------+----+------+--------+---------------------------------------------+----------------------------+--------------------------------------------------------------------------------------------------------------------------------------------------------------------------------------------------------------+
; Total    ; Incr     ; RF ; Type ; Fanout ; Location                                    ; Element Type               ; Element                                                                                                                                                                                                      ;
+----------+----------+----+------+--------+---------------------------------------------+----------------------------+--------------------------------------------------------------------------------------------------------------------------------------------------------------------------------------------------------------+
; 0.000    ; 0.000    ;    ;      ;        ;                                             ;                            ; launch edge time                                                                                                                                                                                             ;
; 3.116    ; 3.116    ;    ;      ;        ;                                             ;                            ; clock path                                                                                                                                                                                                   ;
;   0.000  ;   0.000  ;    ;      ;        ;                                             ;                            ; source latency                                                                                                                                                                                               ;
;   0.000  ;   0.000  ;    ;      ; 1      ; PIN_HF23                                    ; I/O pad                    ; ddr4_mem_ref_clk[0].clk                                                                                                                                                                                      ;
;   0.000  ;   0.000  ;    ; IC   ; 1      ; IOIBUF_X280_Y0_N376                         ; I/O input buffer           ; ddr4_mem_ref_clk[0].clk~input|i                                                                                                                                                                              ;
;   0.129  ;   0.129  ; RR ; CELL ; 2      ; IOIBUF_X280_Y0_N376                         ; I/O input buffer           ; ddr4_mem_ref_clk[0].clk~input|o                                                                                                                                                                              ;
;   1.032  ;   0.903  ; RR ; CELL ; 1      ; REFCLKINPUT_X281_Y0_N301                    ; I/O reference clock tree   ; local_mem_wrapper|mem_ss_top|mem_ss_sv|mem_ss|mem_ss|emif_0|emif_0|arch|arch_inst|pll_inst|pll_inst~refclk|ref_clk_in                                                                                        ;
;   1.174  ;   0.142  ; RR ; CELL ; 3      ; REFCLKINPUT_X281_Y0_N301                    ; I/O reference clock tree   ; local_mem_wrapper|mem_ss_top|mem_ss_sv|mem_ss|mem_ss|emif_0|emif_0|arch|arch_inst|pll_inst|pll_inst~refclk|ref0_to_btm                                                                                       ;
;   1.575  ;   0.401  ; RR ; CELL ; 1      ; REFCLKINPUT_X281_Y0_N301                    ; I/O reference clock tree   ; local_mem_wrapper|mem_ss_top|mem_ss_sv|mem_ss|mem_ss|emif_0|emif_0|arch|arch_inst|pll_inst|pll_inst~refclk|clk_out                                                                                           ;
;   1.575  ;   0.000  ; RR ; CELL ; 1      ; IOPLL_X281_Y0_N303                          ; IOPLL                      ; local_mem_wrapper|mem_ss_top|mem_ss_sv|mem_ss|mem_ss|emif_0|emif_0|arch|arch_inst|pll_inst|pll_inst|pll_cascade_in                                                                                           ;
;   1.736  ;   0.161  ; RR ; CELL ; 2      ; IOPLL_X281_Y0_N303                          ; IOPLL                      ; local_mem_wrapper|mem_ss_top|mem_ss_sv|mem_ss|mem_ss|emif_0|emif_0|arch|arch_inst|pll_inst|pll_inst~fmio96fs_wr/x0/fmio96_core_inst/fmio48tile_top/x5/u4_3/x0/xiopll_custom/xclkin_sw/xpm_pll_so/clk[0]      ;
;   1.871  ;   0.135  ; RR ; CELL ; 2      ; IOPLL_X281_Y0_N303                          ; IOPLL                      ; local_mem_wrapper|mem_ss_top|mem_ss_sv|mem_ss|mem_ss|emif_0|emif_0|arch|arch_inst|pll_inst|pll_inst~fmio96fs_wr/x0/fmio96_core_inst/fmio48tile_top/x5/u4_3/x0/xiopll_custom/xiopll_core/xncnt_iopll/clk      ;
;   1.999  ;   0.128  ; RR ; CELL ; 3      ; IOPLL_X281_Y0_N303                          ; IOPLL                      ; local_mem_wrapper|mem_ss_top|mem_ss_sv|mem_ss|mem_ss|emif_0|emif_0|arch|arch_inst|pll_inst|pll_inst~pllnout                                                                                                  ;
;   2.106  ;   0.107  ; RF ; CELL ; 1      ; IOPLL_X281_Y0_N303                          ; IOPLL                      ; local_mem_wrapper|mem_ss_top|mem_ss_sv|mem_ss|mem_ss|emif_0|emif_0|arch|arch_inst|pll_inst|pll_inst~vco_refclk                                                                                               ;
;   2.117  ;   0.011  ; FR ; CELL ; 1      ; IOPLL_X281_Y0_N303                          ; IOPLL                      ; local_mem_wrapper|mem_ss_top|mem_ss_sv|mem_ss|mem_ss|emif_0|emif_0|arch|arch_inst|pll_inst|pll_inst~vctrl                                                                                                    ;
;   1.536  ;   -0.581 ; RR ; COMP ; 1      ; IOPLL_X281_Y0_N303                          ; IOPLL                      ; local_mem_wrapper|mem_ss_top|mem_ss_sv|mem_ss|mem_ss|emif_0|emif_0|arch|arch_inst|pll_inst|pll_inst~vcoph[0]                                                                                                 ;
;   1.536  ;   0.000  ; RR ; CELL ; 10     ; IOPLL_X281_Y0_N303                          ; IOPLL                      ; local_mem_wrapper|mem_ss_top|mem_ss_sv|mem_ss|mem_ss|emif_0|emif_0|arch|arch_inst|pll_inst|pll_inst|vcoph[0]                                                                                                 ;
;   1.536  ;   0.000  ; RR ; CELL ; 3      ; TILECTRL_X281_Y0_N298                       ; I/O tile control logic     ; local_mem_wrapper|mem_ss_top|mem_ss_sv|mem_ss|mem_ss|emif_0|emif_0|arch|arch_inst|io_tiles_wrap_inst|io_tiles_inst|tile_gen[1].tile_ctrl_inst|pll_vco_in[0]                                                  ;
;   -0.452 ;   -1.988 ; RR ; COMP ; 1      ; TILECTRL_X281_Y0_N298                       ; I/O tile control logic     ; local_mem_wrapper|mem_ss_top|mem_ss_sv|mem_ss|mem_ss|emif_0|emif_0|arch|arch_inst|io_tiles_wrap_inst|io_tiles_inst|tile_gen[1].tile_ctrl_inst|pa_core_clk_out[0]                                             ;
;   0.061  ;   0.513  ; RR ; CELL ; 16258  ; TILECTRL_X281_Y0_N298                       ; I/O tile control logic     ; local_mem_wrapper|mem_ss_top|mem_ss_sv|mem_ss|mem_ss|emif_0|emif_0|arch|arch_inst|io_tiles_wrap_inst|io_tiles_inst|tile_gen[1].tile_ctrl_inst~fmio96fs_wr/m32_0_29__iophasealignment_to_dcm__core_clk_out[1] ;
;   0.061  ;   0.000  ;    ; IC   ; 1      ; Boundary Port                               ; N/A                        ; afu_top|pg_afu.port_gasket|pr_slot|afu_main|ext_mem_if[0].clk|input                                                                                                                                          ;
;   0.061  ;   0.000  ; RR ; CELL ; 105325 ; Boundary Port                               ; N/A                        ; afu_top|pg_afu.port_gasket|pr_slot|afu_main|ext_mem_if[0].clk                                                                                                                                                ;
;   0.061  ;   0.000  ; RR ; RE   ; 1      ; TILECTRL_X281_Y0_N298                       ; I/O tile control logic     ; TILE_CTRL                                                                                                                                                                                                    ;
;   0.113  ;   0.052  ; RR ; RE   ; 1      ; IO96FSWRRE_X280_Y0_N0_I3537                 ; IO96FS_WR_RE               ; IO96FS_WR_RE                                                                                                                                                                                                 ;
;   0.192  ;   0.079  ; RR ; RE   ; 1      ; DCM_mux_X307_Y2_N0_I29                      ; DCM_mux                    ; CC_DCM_GMUX_RE                                                                                                                                                                                               ;
;   0.248  ;   0.056  ; RR ; RE   ; 1      ; IO_P2C_RE_X280_Y2_N150_I75                  ; IO_P2C_RE                  ; IO_P2C_RE                                                                                                                                                                                                    ;
;   0.267  ;   0.019  ; RR ; RE   ; 1      ; IO_P2C_RE_X280_Y2_N150_I26                  ; IO_P2C_RE                  ; IO_P2C_RE                                                                                                                                                                                                    ;
;   0.302  ;   0.035  ; RR ; RE   ; 1      ; Switchbox_clock_mux_X280_Y2_N0_I197         ; Switchbox_clock_mux        ; CLOCK_SEGMENT_MUX                                                                                                                                                                                            ;
;   0.383  ;   0.081  ; RR ; RE   ; 1      ; Switchbox_clock_mux_X280_Y2_N0_I105         ; Switchbox_clock_mux        ; CLOCK_SEGMENT_MUX                                                                                                                                                                                            ;
;   0.410  ;   0.027  ; RF ; RE   ; 1      ; Vertical_seam_tap_mux_X280_Y23_N0_I165      ; Vertical_seam_tap_mux      ; CLOCK_SEGMENT_TAP_MUX                                                                                                                                                                                        ;
;   0.461  ;   0.051  ; FR ; RE   ; 1      ; Vertical_seam_tap_mux_X280_Y23_N0_I53       ; Vertical_seam_tap_mux      ; CLOCK_SEGMENT_TAP_MUX                                                                                                                                                                                        ;
;   0.494  ;   0.033  ; RR ; RE   ; 1      ; Switchbox_clock_mux_X280_Y43_N0_I197        ; Switchbox_clock_mux        ; CLOCK_SEGMENT_MUX                                                                                                                                                                                            ;
;   0.575  ;   0.081  ; RR ; RE   ; 1      ; Switchbox_clock_mux_X280_Y43_N0_I105        ; Switchbox_clock_mux        ; CLOCK_SEGMENT_MUX                                                                                                                                                                                            ;
;   0.601  ;   0.026  ; RF ; RE   ; 1      ; Vertical_seam_tap_mux_X280_Y64_N0_I165      ; Vertical_seam_tap_mux      ; CLOCK_SEGMENT_TAP_MUX                                                                                                                                                                                        ;
;   0.653  ;   0.052  ; FR ; RE   ; 1      ; Vertical_seam_tap_mux_X280_Y64_N0_I53       ; Vertical_seam_tap_mux      ; CLOCK_SEGMENT_TAP_MUX                                                                                                                                                                                        ;
;   0.686  ;   0.033  ; RR ; RE   ; 1      ; Switchbox_clock_mux_X280_Y84_N0_I197        ; Switchbox_clock_mux        ; CLOCK_SEGMENT_MUX                                                                                                                                                                                            ;
;   0.761  ;   0.075  ; RR ; RE   ; 1      ; Switchbox_clock_mux_X280_Y84_N0_I105        ; Switchbox_clock_mux        ; CLOCK_SEGMENT_MUX                                                                                                                                                                                            ;
;   0.788  ;   0.027  ; RF ; RE   ; 1      ; Vertical_seam_tap_mux_X280_Y105_N0_I165     ; Vertical_seam_tap_mux      ; CLOCK_SEGMENT_TAP_MUX                                                                                                                                                                                        ;
;   0.839  ;   0.051  ; FR ; RE   ; 1      ; Vertical_seam_tap_mux_X280_Y105_N0_I53      ; Vertical_seam_tap_mux      ; CLOCK_SEGMENT_TAP_MUX                                                                                                                                                                                        ;
;   0.872  ;   0.033  ; RR ; RE   ; 1      ; Switchbox_clock_mux_X280_Y125_N0_I197       ; Switchbox_clock_mux        ; CLOCK_SEGMENT_MUX                                                                                                                                                                                            ;
;   0.948  ;   0.076  ; RR ; RE   ; 1      ; Switchbox_clock_mux_X280_Y125_N0_I105       ; Switchbox_clock_mux        ; CLOCK_SEGMENT_MUX                                                                                                                                                                                            ;
;   0.974  ;   0.026  ; RF ; RE   ; 1      ; Vertical_seam_tap_mux_X280_Y146_N0_I165     ; Vertical_seam_tap_mux      ; CLOCK_SEGMENT_TAP_MUX                                                                                                                                                                                        ;
;   1.025  ;   0.051  ; FR ; RE   ; 1      ; Vertical_seam_tap_mux_X280_Y146_N0_I53      ; Vertical_seam_tap_mux      ; CLOCK_SEGMENT_TAP_MUX                                                                                                                                                                                        ;
;   1.059  ;   0.034  ; RR ; RE   ; 1      ; Switchbox_clock_mux_X280_Y166_N0_I197       ; Switchbox_clock_mux        ; CLOCK_SEGMENT_MUX                                                                                                                                                                                            ;
;   1.234  ;   0.175  ; RR ; RE   ; 1      ; Switchbox_clock_mux_X280_Y166_N0_I106       ; Switchbox_clock_mux        ; CLOCK_SEGMENT_MUX                                                                                                                                                                                            ;
;   1.270  ;   0.036  ; RR ; RE   ; 1      ; Switchbox_clock_mux_X226_Y166_N0_I229       ; Switchbox_clock_mux        ; CLOCK_SEGMENT_MUX                                                                                                                                                                                            ;
;   1.302  ;   0.032  ; RR ; RE   ; 2      ; Switchbox_clock_mux_X226_Y166_N0_I153       ; Switchbox_clock_mux        ; CLOCK_SEGMENT_MUX                                                                                                                                                                                            ;
;   1.377  ;   0.075  ; RR ; RE   ; 1      ; Switchbox_clock_mux_X226_Y166_N0_I103       ; Switchbox_clock_mux        ; CLOCK_SEGMENT_MUX                                                                                                                                                                                            ;
;   1.404  ;   0.027  ; RF ; RE   ; 1      ; Vertical_seam_tap_mux_X226_Y146_N0_I134     ; Vertical_seam_tap_mux      ; CLOCK_SEGMENT_TAP_MUX                                                                                                                                                                                        ;
;   1.455  ;   0.051  ; FR ; RE   ; 1      ; Vertical_seam_tap_mux_X226_Y146_N0_I50      ; Vertical_seam_tap_mux      ; CLOCK_SEGMENT_TAP_MUX                                                                                                                                                                                        ;
;   1.491  ;   0.036  ; RR ; RE   ; 1      ; Switchbox_clock_mux_X226_Y125_N0_I166       ; Switchbox_clock_mux        ; CLOCK_SEGMENT_MUX                                                                                                                                                                                            ;
;   1.566  ;   0.075  ; RR ; RE   ; 1      ; Switchbox_clock_mux_X226_Y125_N0_I103       ; Switchbox_clock_mux        ; CLOCK_SEGMENT_MUX                                                                                                                                                                                            ;
;   1.592  ;   0.026  ; RF ; RE   ; 1      ; Vertical_seam_tap_mux_X226_Y105_N0_I134     ; Vertical_seam_tap_mux      ; CLOCK_SEGMENT_TAP_MUX                                                                                                                                                                                        ;
;   1.644  ;   0.052  ; FR ; RE   ; 1      ; Vertical_seam_tap_mux_X226_Y105_N0_I50      ; Vertical_seam_tap_mux      ; CLOCK_SEGMENT_TAP_MUX                                                                                                                                                                                        ;
;   1.679  ;   0.035  ; RR ; RE   ; 2      ; Switchbox_clock_mux_X226_Y84_N0_I166        ; Switchbox_clock_mux        ; CLOCK_SEGMENT_MUX                                                                                                                                                                                            ;
;   1.862  ;   0.183  ; RR ; RE   ; 1      ; Switchbox_clock_mux_X226_Y84_N0_I102        ; Switchbox_clock_mux        ; CLOCK_SEGMENT_MUX                                                                                                                                                                                            ;
;   1.897  ;   0.035  ; RR ; RE   ; 1      ; Switchbox_clock_mux_X280_Y84_N0_I230        ; Switchbox_clock_mux        ; CLOCK_SEGMENT_MUX                                                                                                                                                                                            ;
;   2.072  ;   0.175  ; RR ; RE   ; 1      ; Switchbox_clock_mux_X280_Y84_N0_I100        ; Switchbox_clock_mux        ; CLOCK_SEGMENT_MUX                                                                                                                                                                                            ;
;   2.107  ;   0.035  ; RR ; RE   ; 2      ; Switchbox_clock_mux_X334_Y84_N0_I230        ; Switchbox_clock_mux        ; CLOCK_SEGMENT_MUX                                                                                                                                                                                            ;
;   2.182  ;   0.075  ; RR ; RE   ; 1      ; Switchbox_clock_mux_X334_Y84_N0_I103        ; Switchbox_clock_mux        ; CLOCK_SEGMENT_MUX                                                                                                                                                                                            ;
;   2.208  ;   0.026  ; RF ; RE   ; 1      ; Vertical_seam_tap_mux_X334_Y64_N0_I134      ; Vertical_seam_tap_mux      ; CLOCK_SEGMENT_TAP_MUX                                                                                                                                                                                        ;
;   2.259  ;   0.051  ; FR ; RE   ; 1      ; Vertical_seam_tap_mux_X334_Y64_N0_I50       ; Vertical_seam_tap_mux      ; CLOCK_SEGMENT_TAP_MUX                                                                                                                                                                                        ;
;   2.294  ;   0.035  ; RR ; RE   ; 2      ; Switchbox_clock_mux_X334_Y43_N0_I166        ; Switchbox_clock_mux        ; CLOCK_SEGMENT_MUX                                                                                                                                                                                            ;
;   2.476  ;   0.182  ; RR ; RE   ; 1      ; Switchbox_clock_mux_X334_Y43_N0_I102        ; Switchbox_clock_mux        ; CLOCK_SEGMENT_MUX                                                                                                                                                                                            ;
;   2.512  ;   0.036  ; RR ; RE   ; 2      ; Switchbox_clock_mux_X280_Y43_N0_I262        ; Switchbox_clock_mux        ; CLOCK_SEGMENT_MUX                                                                                                                                                                                            ;
;   2.592  ;   0.080  ; RR ; RE   ; 1      ; Switchbox_clock_mux_X280_Y43_N0_I101        ; Switchbox_clock_mux        ; CLOCK_SEGMENT_MUX                                                                                                                                                                                            ;
;   2.626  ;   0.034  ; RR ; RE   ; 2      ; Vertical_seam_tap_mux_X280_Y64_N0_I166      ; Vertical_seam_tap_mux      ; CLOCK_SEGMENT_TAP_MUX                                                                                                                                                                                        ;
;   2.706  ;   0.080  ; RR ; RE   ; 1      ; Vertical_seam_tap_mux_X280_Y64_N0_I115      ; Vertical_seam_tap_mux      ; CLOCK_SEGMENT_TAP_MUX                                                                                                                                                                                        ;
;   2.802  ;   0.096  ; RR ; RE   ; 1      ; SPINE_TAP_RE_X253_Y64_N103_I89              ; SPINE_TAP_RE               ; SPINE_TAP_RE                                                                                                                                                                                                 ;
;   2.816  ;   0.014  ; RR ; RE   ; 41     ; SPINE_TAP_RE_X253_Y64_N103_I25              ; SPINE_TAP_RE               ; SPINE_TAP_RE                                                                                                                                                                                                 ;
;   3.022  ;   0.206  ; RR ; RE   ; 2      ; SCLKMUX_RE_X253_Y69_N188_I25                ; SCLKMUX_RE                 ; SCLKMUX_RE                                                                                                                                                                                                   ;
;   3.039  ;   0.017  ; RR ; RE   ; 17     ; SCLKMUX_RE_X253_Y69_N188_I40                ; SCLKMUX_RE                 ; SCLKMUX_RE                                                                                                                                                                                                   ;
;   3.067  ;   0.028  ; RR ; RE   ; 1      ; ROWCLK_TAPOFF_X259_Y69_N0_I3                ; Row Clock Tap-Off          ; ROWCLK_TAPOFF                                                                                                                                                                                                ;
;   3.098  ;   0.031  ; RR ; RE   ; 1      ; GLOBAL_LOCAL_SEL_X259_Y69_N0_I2             ; GLOBAL_LOCAL_SEL           ; GLOBAL_LOCAL_SEL                                                                                                                                                                                             ;
;   3.116  ;   0.018  ; RR ; RE   ; 1      ; RPII_X259_Y69_N0_I2                         ; Programmable Invert Input  ; RPII                                                                                                                                                                                                         ;
;   3.116  ;   0.000  ; RR ; RE   ; 1      ; RPI_X259_Y69_N0_I2                          ; Programmable Invert        ; RPI                                                                                                                                                                                                          ;
;   3.116  ;   0.000  ; RR ; RE   ; 21     ; LAB_RE_X259_Y69_N0_I83                      ; LAB_RE                     ; clka                                                                                                                                                                                                         ;
;   3.116  ;   0.000  ; RR ; RE   ; 1      ; LAB_RE_X259_Y69_N0_I150                     ; LAB_RE                     ; LAB_RE                                                                                                                                                                                                       ;
;   3.116  ;   0.000  ; RR ; RE   ; 11     ; LEIMCLKALE_X259_Y69_N0_I0                   ; LEIMCLKALE                 ; LEIMCLKALE                                                                                                                                                                                                   ;
;   3.116  ;   0.000  ; RR ; RE   ; 1      ; HYPERFLEX_CLK_M_MUX_X259_Y69_N0_I40         ; Hyperflex clocking network ; HIPI_M_MUX                                                                                                                                                                                                   ;
;   3.116  ;   0.000  ;    ; IC   ; 1      ; BLOCK_INPUT_MUX_PASSTHROUGH_X259_Y69_N0_I36 ; Hyper-Register             ; afu_top|pg_afu.port_gasket|pr_slot|afu_main|port_afu_instances|ofs_plat_afu|core|dma|csr_mgr_inst|mmio64_reg.w.data[0]~DUPLICATE_BLOCK_INPUT_MUX_PASSTHROUGH_X259_Y69_N0_I36_dff|clk                         ;
;   3.116  ;   0.000  ; RR ; CELL ; 1      ; BLOCK_INPUT_MUX_PASSTHROUGH_X259_Y69_N0_I36 ; Hyper-Register             ; afu_top|pg_afu.port_gasket|pr_slot|afu_main|port_afu_instances|ofs_plat_afu|core|dma|csr_mgr_inst|mmio64_reg.w.data[0]~DUPLICATE_BLOCK_INPUT_MUX_PASSTHROUGH_X259_Y69_N0_I36_dff                             ;
; 4.213    ; 1.097    ;    ;      ;        ;                                             ;                            ; data path                                                                                                                                                                                                    ;
;   3.298  ;   0.182  ; FF ; uTco ; 2      ; BLOCK_INPUT_MUX_PASSTHROUGH_X259_Y69_N0_I36 ; Hyper-Register             ; afu_top|pg_afu.port_gasket|pr_slot|afu_main|port_afu_instances|ofs_plat_afu|core|dma|csr_mgr_inst|mmio64_reg.w.data[0]~DUPLICATE_BLOCK_INPUT_MUX_PASSTHROUGH_X259_Y69_N0_I36_dff|q                           ;
;   3.298  ;   0.000  ; FF ; RE   ; 1      ; BLOCK_INPUT_MUX_PASSTHROUGH_X259_Y69_N0_I36 ; Hyper-Register             ; LEIM                                                                                                                                                                                                         ;
;   3.299  ;   0.001  ; FF ; RE   ; 1      ; BLOCK_INPUT_MUX_PASSTHROUGH_X259_Y69_N0_I36 ; Block Input Mux            ; LEIM                                                                                                                                                                                                         ;
;   3.299  ;   0.000  ; FF ; RE   ; 2      ; LAB_RE_X259_Y69_N0_I35                      ; LAB_RE                     ; leima[4]                                                                                                                                                                                                     ;
;   3.299  ;   0.000  ;    ; IC   ; 2      ; FF_X259_Y69_N25                             ; Bypassed ALM Register      ; afu_top|pg_afu.port_gasket|pr_slot|afu_main|port_afu_instances|ofs_plat_afu|core|dma|csr_mgr_inst|dma_csr_map.descriptor.length[0]~.comb|d                                                                   ;
;   3.376  ;   0.077  ; FF ; CELL ; 3      ; FF_X259_Y69_N25                             ; Bypassed ALM Register      ; afu_top|pg_afu.port_gasket|pr_slot|afu_main|port_afu_instances|ofs_plat_afu|core|dma|csr_mgr_inst|dma_csr_map.descriptor.length[0]~.comb|q                                                                   ;
;   3.376  ;   0.000  ; FF ; RE   ; 1      ; FF_X259_Y69_N25                             ; Bypassed ALM Register      ; FF                                                                                                                                                                                                           ;
;   3.381  ;   0.005  ; FF ; RE   ; 2      ; LAB_RE_X259_Y69_N0_I105                     ; LAB_RE                     ; LAB_RE                                                                                                                                                                                                       ;
;   3.421  ;   0.040  ; FF ; RE   ; 2      ; R0_X259_Y69_N0_I28                          ; R0 interconnect            ; H0                                                                                                                                                                                                           ;
;   3.460  ;   0.039  ; FF ; RE   ; 1      ; R0_X259_Y69_N0_I46                          ; R0 interconnect            ; H0                                                                                                                                                                                                           ;
;   3.497  ;   0.037  ; FF ; RE   ; 1      ; R1_X260_Y69_N0_I36                          ; R1 interconnect            ; H1                                                                                                                                                                                                           ;
;   3.538  ;   0.041  ; FR ; RE   ; 1      ; LOCAL_INTERCONNECT_X260_Y69_N0_I76          ; Block interconnect         ; LAB_LINE                                                                                                                                                                                                     ;
;   3.568  ;   0.030  ; RF ; RE   ; 1      ; BLOCK_INPUT_MUX_PASSTHROUGH_X260_Y69_N0_I7  ; Block Input Mux            ; LEIM                                                                                                                                                                                                         ;
;   3.568  ;   0.000  ; FF ; RE   ; 1      ; LAB_RE_X260_Y69_N0_I1                       ; LAB_RE                     ; leimd0[0]                                                                                                                                                                                                    ;
;   3.568  ;   0.000  ;    ; IC   ; 5      ; MLABCELL_X260_Y69_N0                        ; Combinational cell         ; afu_top|pg_afu.port_gasket|pr_slot|afu_main|port_afu_instances|ofs_plat_afu|core|dma|csr_mgr_inst|add_0~256|datad                                                                                            ;
;   3.806  ;   0.238  ; FR ; CELL ; 1      ; MLABCELL_X260_Y69_N57                       ; Combinational cell         ; afu_top|pg_afu.port_gasket|pr_slot|afu_main|port_afu_instances|ofs_plat_afu|core|dma|csr_mgr_inst|add_0~161|cout                                                                                             ;
;   3.806  ;   0.000  ; RR ; RE   ; 1      ; MLABCELL_X260_Y69_N57                       ; Combinational cell         ; MP_MLAB_COMB                                                                                                                                                                                                 ;
;   3.853  ;   0.047  ; RR ; RE   ; 1      ; LAB_RE_X260_Y69_N0_I154                     ; LAB_RE                     ; LAB_RE                                                                                                                                                                                                       ;
;   3.853  ;   0.000  ; RR ; RE   ; 1      ; LAB_RE_X260_Y68_N0_I153                     ; LAB_RE                     ; t_mlabncc                                                                                                                                                                                                    ;
;   3.853  ;   0.000  ;    ; IC   ; 5      ; MLABCELL_X260_Y68_N0                        ; Combinational cell         ; afu_top|pg_afu.port_gasket|pr_slot|afu_main|port_afu_instances|ofs_plat_afu|core|dma|csr_mgr_inst|add_0~156|cin                                                                                              ;
;   3.874  ;   0.021  ; RF ; CELL ; 1      ; MLABCELL_X260_Y68_N27                       ; Combinational cell         ; afu_top|pg_afu.port_gasket|pr_slot|afu_main|port_afu_instances|ofs_plat_afu|core|dma|csr_mgr_inst|add_0~71|cout                                                                                              ;
;   3.874  ;   0.000  ; FF ; CELL ; 3      ; MLABCELL_X260_Y68_N30                       ; Combinational cell         ; afu_top|pg_afu.port_gasket|pr_slot|afu_main|port_afu_instances|ofs_plat_afu|core|dma|csr_mgr_inst|add_0~76|cin                                                                                               ;
;   3.894  ;   0.020  ; FR ; CELL ; 1      ; MLABCELL_X260_Y68_N33                       ; Combinational cell         ; afu_top|pg_afu.port_gasket|pr_slot|afu_main|port_afu_instances|ofs_plat_afu|core|dma|csr_mgr_inst|add_0~66|cout                                                                                              ;
;   3.894  ;   0.000  ; RR ; CELL ; 3      ; MLABCELL_X260_Y68_N36                       ; Combinational cell         ; afu_top|pg_afu.port_gasket|pr_slot|afu_main|port_afu_instances|ofs_plat_afu|core|dma|csr_mgr_inst|add_0~26|cin                                                                                               ;
;   3.977  ;   0.083  ; RF ; CELL ; 1      ; MLABCELL_X260_Y68_N39                       ; Combinational cell         ; afu_top|pg_afu.port_gasket|pr_slot|afu_main|port_afu_instances|ofs_plat_afu|core|dma|csr_mgr_inst|add_0~106|sumout                                                                                           ;
;   3.977  ;   0.000  ; FF ; RE   ; 1      ; MLABCELL_X260_Y68_N39                       ; Combinational cell         ; MP_MLAB_COMB                                                                                                                                                                                                 ;
;   3.983  ;   0.006  ; FF ; RE   ; 1      ; LAB_RE_X260_Y68_N0_I115                     ; LAB_RE                     ; LAB_RE                                                                                                                                                                                                       ;
;   4.051  ;   0.068  ; FF ; RE   ; 1      ; C1_X260_Y68_N0_I26                          ; C1 interconnect            ; V1                                                                                                                                                                                                           ;
;   4.082  ;   0.031  ; FF ; RE   ; 1      ; R1_X261_Y69_N0_I26                          ; R1 interconnect            ; H1                                                                                                                                                                                                           ;
;   4.119  ;   0.037  ; FF ; RE   ; 1      ; R0_X261_Y69_N0_I49                          ; R0 interconnect            ; H0                                                                                                                                                                                                           ;
;   4.186  ;   0.067  ; FF ; RE   ; 1      ; C1_X261_Y68_N0_I37                          ; C1 interconnect            ; V1                                                                                                                                                                                                           ;
;   4.213  ;   0.027  ; FR ; RE   ; 1      ; LOCAL_INTERCONNECT_X261_Y68_N0_I74          ; Block interconnect         ; LAB_LINE                                                                                                                                                                                                     ;
;   4.213  ;   0.000  ;    ; IC   ; 1      ; BLOCK_INPUT_MUX_PASSTHROUGH_X261_Y68_N0_I71 ; Hyper-Register             ; afu_top|pg_afu.port_gasket|pr_slot|afu_main|port_afu_instances|ofs_plat_afu|core|dma|csr_mgr_inst|add_0~106_BLOCK_INPUT_MUX_PASSTHROUGH_X261_Y68_N0_I71_dff|d                                                ;
;   4.213  ;   0.000  ; RR ; CELL ; 1      ; BLOCK_INPUT_MUX_PASSTHROUGH_X261_Y68_N0_I71 ; Hyper-Register             ; afu_top|pg_afu.port_gasket|pr_slot|afu_main|port_afu_instances|ofs_plat_afu|core|dma|csr_mgr_inst|add_0~106_BLOCK_INPUT_MUX_PASSTHROUGH_X261_Y68_N0_I71_dff                                                  ;
+----------+----------+----+------+--------+---------------------------------------------+----------------------------+--------------------------------------------------------------------------------------------------------------------------------------------------------------------------------------------------------------+

+-----------------------------------------------------------------------------------------------------------------------------------------------------------------------------------------------------------------------------------------------------------------------------------------------------------------------------------+
; Data Required Path                                                                                                                                                                                                                                                                                                                ;
+---------+----------+----+------+--------+---------------------------------------------+----------------------------+--------------------------------------------------------------------------------------------------------------------------------------------------------------------------------------------------------------+
; Total   ; Incr     ; RF ; Type ; Fanout ; Location                                    ; Element Type               ; Element                                                                                                                                                                                                      ;
+---------+----------+----+------+--------+---------------------------------------------+----------------------------+--------------------------------------------------------------------------------------------------------------------------------------------------------------------------------------------------------------+
; 3.000   ; 3.000    ;    ;      ;        ;                                             ;                            ; latch edge time                                                                                                                                                                                              ;
; 6.059   ; 3.059    ;    ;      ;        ;                                             ;                            ; clock path                                                                                                                                                                                                   ;
;   3.000 ;   0.000  ;    ;      ;        ;                                             ;                            ; source latency                                                                                                                                                                                               ;
;   3.000 ;   0.000  ;    ;      ; 1      ; PIN_HF23                                    ; I/O pad                    ; ddr4_mem_ref_clk[0].clk                                                                                                                                                                                      ;
;   3.000 ;   0.000  ;    ; IC   ; 1      ; IOIBUF_X280_Y0_N376                         ; I/O input buffer           ; ddr4_mem_ref_clk[0].clk~input|i                                                                                                                                                                              ;
;   3.129 ;   0.129  ; RR ; CELL ; 2      ; IOIBUF_X280_Y0_N376                         ; I/O input buffer           ; ddr4_mem_ref_clk[0].clk~input|o                                                                                                                                                                              ;
;   3.929 ;   0.800  ; RR ; CELL ; 1      ; REFCLKINPUT_X281_Y0_N301                    ; I/O reference clock tree   ; local_mem_wrapper|mem_ss_top|mem_ss_sv|mem_ss|mem_ss|emif_0|emif_0|arch|arch_inst|pll_inst|pll_inst~refclk|ref_clk_in                                                                                        ;
;   4.048 ;   0.119  ; RR ; CELL ; 3      ; REFCLKINPUT_X281_Y0_N301                    ; I/O reference clock tree   ; local_mem_wrapper|mem_ss_top|mem_ss_sv|mem_ss|mem_ss|emif_0|emif_0|arch|arch_inst|pll_inst|pll_inst~refclk|ref0_to_btm                                                                                       ;
;   4.402 ;   0.354  ; RR ; CELL ; 1      ; REFCLKINPUT_X281_Y0_N301                    ; I/O reference clock tree   ; local_mem_wrapper|mem_ss_top|mem_ss_sv|mem_ss|mem_ss|emif_0|emif_0|arch|arch_inst|pll_inst|pll_inst~refclk|clk_out                                                                                           ;
;   4.402 ;   0.000  ; RR ; CELL ; 1      ; IOPLL_X281_Y0_N303                          ; IOPLL                      ; local_mem_wrapper|mem_ss_top|mem_ss_sv|mem_ss|mem_ss|emif_0|emif_0|arch|arch_inst|pll_inst|pll_inst|pll_cascade_in                                                                                           ;
;   4.543 ;   0.141  ; RR ; CELL ; 2      ; IOPLL_X281_Y0_N303                          ; IOPLL                      ; local_mem_wrapper|mem_ss_top|mem_ss_sv|mem_ss|mem_ss|emif_0|emif_0|arch|arch_inst|pll_inst|pll_inst~fmio96fs_wr/x0/fmio96_core_inst/fmio48tile_top/x5/u4_3/x0/xiopll_custom/xclkin_sw/xpm_pll_so/clk[0]      ;
;   4.661 ;   0.118  ; RR ; CELL ; 2      ; IOPLL_X281_Y0_N303                          ; IOPLL                      ; local_mem_wrapper|mem_ss_top|mem_ss_sv|mem_ss|mem_ss|emif_0|emif_0|arch|arch_inst|pll_inst|pll_inst~fmio96fs_wr/x0/fmio96_core_inst/fmio48tile_top/x5/u4_3/x0/xiopll_custom/xiopll_core/xncnt_iopll/clk      ;
;   4.772 ;   0.111  ; RR ; CELL ; 3      ; IOPLL_X281_Y0_N303                          ; IOPLL                      ; local_mem_wrapper|mem_ss_top|mem_ss_sv|mem_ss|mem_ss|emif_0|emif_0|arch|arch_inst|pll_inst|pll_inst~pllnout                                                                                                  ;
;   4.865 ;   0.093  ; RF ; CELL ; 1      ; IOPLL_X281_Y0_N303                          ; IOPLL                      ; local_mem_wrapper|mem_ss_top|mem_ss_sv|mem_ss|mem_ss|emif_0|emif_0|arch|arch_inst|pll_inst|pll_inst~vco_refclk                                                                                               ;
;   4.872 ;   0.007  ; FR ; CELL ; 1      ; IOPLL_X281_Y0_N303                          ; IOPLL                      ; local_mem_wrapper|mem_ss_top|mem_ss_sv|mem_ss|mem_ss|emif_0|emif_0|arch|arch_inst|pll_inst|pll_inst~vctrl                                                                                                    ;
;   4.205 ;   -0.667 ; RR ; COMP ; 1      ; IOPLL_X281_Y0_N303                          ; IOPLL                      ; local_mem_wrapper|mem_ss_top|mem_ss_sv|mem_ss|mem_ss|emif_0|emif_0|arch|arch_inst|pll_inst|pll_inst~vcoph[0]                                                                                                 ;
;   4.205 ;   0.000  ; RR ; CELL ; 10     ; IOPLL_X281_Y0_N303                          ; IOPLL                      ; local_mem_wrapper|mem_ss_top|mem_ss_sv|mem_ss|mem_ss|emif_0|emif_0|arch|arch_inst|pll_inst|pll_inst|vcoph[0]                                                                                                 ;
;   4.205 ;   0.000  ; RR ; CELL ; 3      ; TILECTRL_X281_Y0_N298                       ; I/O tile control logic     ; local_mem_wrapper|mem_ss_top|mem_ss_sv|mem_ss|mem_ss|emif_0|emif_0|arch|arch_inst|io_tiles_wrap_inst|io_tiles_inst|tile_gen[1].tile_ctrl_inst|pll_vco_in[0]                                                  ;
;   2.067 ;   -2.138 ; RR ; COMP ; 1      ; TILECTRL_X281_Y0_N298                       ; I/O tile control logic     ; local_mem_wrapper|mem_ss_top|mem_ss_sv|mem_ss|mem_ss|emif_0|emif_0|arch|arch_inst|io_tiles_wrap_inst|io_tiles_inst|tile_gen[1].tile_ctrl_inst|pa_core_clk_out[0]                                             ;
;   2.510 ;   0.443  ; RR ; CELL ; 16258  ; TILECTRL_X281_Y0_N298                       ; I/O tile control logic     ; local_mem_wrapper|mem_ss_top|mem_ss_sv|mem_ss|mem_ss|emif_0|emif_0|arch|arch_inst|io_tiles_wrap_inst|io_tiles_inst|tile_gen[1].tile_ctrl_inst~fmio96fs_wr/m32_0_29__iophasealignment_to_dcm__core_clk_out[1] ;
;   2.510 ;   0.000  ;    ; IC   ; 1      ; Boundary Port                               ; N/A                        ; afu_top|pg_afu.port_gasket|pr_slot|afu_main|ext_mem_if[0].clk|input                                                                                                                                          ;
;   2.510 ;   0.000  ; RR ; CELL ; 105325 ; Boundary Port                               ; N/A                        ; afu_top|pg_afu.port_gasket|pr_slot|afu_main|ext_mem_if[0].clk                                                                                                                                                ;
;   2.510 ;   0.000  ; RR ; RE   ; 1      ; TILECTRL_X281_Y0_N298                       ; I/O tile control logic     ; TILE_CTRL                                                                                                                                                                                                    ;
;   2.556 ;   0.046  ; RR ; RE   ; 1      ; IO96FSWRRE_X280_Y0_N0_I3537                 ; IO96FS_WR_RE               ; IO96FS_WR_RE                                                                                                                                                                                                 ;
;   2.629 ;   0.073  ; RR ; RE   ; 1      ; DCM_mux_X307_Y2_N0_I29                      ; DCM_mux                    ; CC_DCM_GMUX_RE                                                                                                                                                                                               ;
;   2.678 ;   0.049  ; RR ; RE   ; 1      ; IO_P2C_RE_X280_Y2_N150_I75                  ; IO_P2C_RE                  ; IO_P2C_RE                                                                                                                                                                                                    ;
;   2.696 ;   0.018  ; RR ; RE   ; 1      ; IO_P2C_RE_X280_Y2_N150_I26                  ; IO_P2C_RE                  ; IO_P2C_RE                                                                                                                                                                                                    ;
;   2.728 ;   0.032  ; RR ; RE   ; 1      ; Switchbox_clock_mux_X280_Y2_N0_I197         ; Switchbox_clock_mux        ; CLOCK_SEGMENT_MUX                                                                                                                                                                                            ;
;   2.802 ;   0.074  ; RR ; RE   ; 1      ; Switchbox_clock_mux_X280_Y2_N0_I105         ; Switchbox_clock_mux        ; CLOCK_SEGMENT_MUX                                                                                                                                                                                            ;
;   2.826 ;   0.024  ; RF ; RE   ; 1      ; Vertical_seam_tap_mux_X280_Y23_N0_I165      ; Vertical_seam_tap_mux      ; CLOCK_SEGMENT_TAP_MUX                                                                                                                                                                                        ;
;   2.873 ;   0.047  ; FR ; RE   ; 1      ; Vertical_seam_tap_mux_X280_Y23_N0_I53       ; Vertical_seam_tap_mux      ; CLOCK_SEGMENT_TAP_MUX                                                                                                                                                                                        ;
;   2.902 ;   0.029  ; RR ; RE   ; 1      ; Switchbox_clock_mux_X280_Y43_N0_I197        ; Switchbox_clock_mux        ; CLOCK_SEGMENT_MUX                                                                                                                                                                                            ;
;   2.977 ;   0.075  ; RR ; RE   ; 1      ; Switchbox_clock_mux_X280_Y43_N0_I105        ; Switchbox_clock_mux        ; CLOCK_SEGMENT_MUX                                                                                                                                                                                            ;
;   3.000 ;   0.023  ; RF ; RE   ; 1      ; Vertical_seam_tap_mux_X280_Y64_N0_I165      ; Vertical_seam_tap_mux      ; CLOCK_SEGMENT_TAP_MUX                                                                                                                                                                                        ;
;   3.047 ;   0.047  ; FR ; RE   ; 1      ; Vertical_seam_tap_mux_X280_Y64_N0_I53       ; Vertical_seam_tap_mux      ; CLOCK_SEGMENT_TAP_MUX                                                                                                                                                                                        ;
;   3.077 ;   0.030  ; RR ; RE   ; 1      ; Switchbox_clock_mux_X280_Y84_N0_I197        ; Switchbox_clock_mux        ; CLOCK_SEGMENT_MUX                                                                                                                                                                                            ;
;   3.146 ;   0.069  ; RR ; RE   ; 1      ; Switchbox_clock_mux_X280_Y84_N0_I105        ; Switchbox_clock_mux        ; CLOCK_SEGMENT_MUX                                                                                                                                                                                            ;
;   3.170 ;   0.024  ; RF ; RE   ; 1      ; Vertical_seam_tap_mux_X280_Y105_N0_I165     ; Vertical_seam_tap_mux      ; CLOCK_SEGMENT_TAP_MUX                                                                                                                                                                                        ;
;   3.217 ;   0.047  ; FR ; RE   ; 1      ; Vertical_seam_tap_mux_X280_Y105_N0_I53      ; Vertical_seam_tap_mux      ; CLOCK_SEGMENT_TAP_MUX                                                                                                                                                                                        ;
;   3.246 ;   0.029  ; RR ; RE   ; 1      ; Switchbox_clock_mux_X280_Y125_N0_I197       ; Switchbox_clock_mux        ; CLOCK_SEGMENT_MUX                                                                                                                                                                                            ;
;   3.316 ;   0.070  ; RR ; RE   ; 1      ; Switchbox_clock_mux_X280_Y125_N0_I105       ; Switchbox_clock_mux        ; CLOCK_SEGMENT_MUX                                                                                                                                                                                            ;
;   3.340 ;   0.024  ; RF ; RE   ; 1      ; Vertical_seam_tap_mux_X280_Y146_N0_I165     ; Vertical_seam_tap_mux      ; CLOCK_SEGMENT_TAP_MUX                                                                                                                                                                                        ;
;   3.387 ;   0.047  ; FR ; RE   ; 1      ; Vertical_seam_tap_mux_X280_Y146_N0_I53      ; Vertical_seam_tap_mux      ; CLOCK_SEGMENT_TAP_MUX                                                                                                                                                                                        ;
;   3.416 ;   0.029  ; RR ; RE   ; 1      ; Switchbox_clock_mux_X280_Y166_N0_I197       ; Switchbox_clock_mux        ; CLOCK_SEGMENT_MUX                                                                                                                                                                                            ;
;   3.578 ;   0.162  ; RR ; RE   ; 1      ; Switchbox_clock_mux_X280_Y166_N0_I106       ; Switchbox_clock_mux        ; CLOCK_SEGMENT_MUX                                                                                                                                                                                            ;
;   3.609 ;   0.031  ; RR ; RE   ; 1      ; Switchbox_clock_mux_X226_Y166_N0_I229       ; Switchbox_clock_mux        ; CLOCK_SEGMENT_MUX                                                                                                                                                                                            ;
;   3.638 ;   0.029  ; RR ; RE   ; 2      ; Switchbox_clock_mux_X226_Y166_N0_I153       ; Switchbox_clock_mux        ; CLOCK_SEGMENT_MUX                                                                                                                                                                                            ;
;   3.707 ;   0.069  ; RR ; RE   ; 1      ; Switchbox_clock_mux_X226_Y166_N0_I103       ; Switchbox_clock_mux        ; CLOCK_SEGMENT_MUX                                                                                                                                                                                            ;
;   3.730 ;   0.023  ; RF ; RE   ; 1      ; Vertical_seam_tap_mux_X226_Y146_N0_I134     ; Vertical_seam_tap_mux      ; CLOCK_SEGMENT_TAP_MUX                                                                                                                                                                                        ;
;   3.778 ;   0.048  ; FR ; RE   ; 1      ; Vertical_seam_tap_mux_X226_Y146_N0_I50      ; Vertical_seam_tap_mux      ; CLOCK_SEGMENT_TAP_MUX                                                                                                                                                                                        ;
;   3.810 ;   0.032  ; RR ; RE   ; 1      ; Switchbox_clock_mux_X226_Y125_N0_I166       ; Switchbox_clock_mux        ; CLOCK_SEGMENT_MUX                                                                                                                                                                                            ;
;   3.879 ;   0.069  ; RR ; RE   ; 1      ; Switchbox_clock_mux_X226_Y125_N0_I103       ; Switchbox_clock_mux        ; CLOCK_SEGMENT_MUX                                                                                                                                                                                            ;
;   3.902 ;   0.023  ; RF ; RE   ; 1      ; Vertical_seam_tap_mux_X226_Y105_N0_I134     ; Vertical_seam_tap_mux      ; CLOCK_SEGMENT_TAP_MUX                                                                                                                                                                                        ;
;   3.950 ;   0.048  ; FR ; RE   ; 1      ; Vertical_seam_tap_mux_X226_Y105_N0_I50      ; Vertical_seam_tap_mux      ; CLOCK_SEGMENT_TAP_MUX                                                                                                                                                                                        ;
;   3.981 ;   0.031  ; RR ; RE   ; 2      ; Switchbox_clock_mux_X226_Y84_N0_I166        ; Switchbox_clock_mux        ; CLOCK_SEGMENT_MUX                                                                                                                                                                                            ;
;   4.149 ;   0.168  ; RR ; RE   ; 1      ; Switchbox_clock_mux_X226_Y84_N0_I102        ; Switchbox_clock_mux        ; CLOCK_SEGMENT_MUX                                                                                                                                                                                            ;
;   4.180 ;   0.031  ; RR ; RE   ; 1      ; Switchbox_clock_mux_X280_Y84_N0_I230        ; Switchbox_clock_mux        ; CLOCK_SEGMENT_MUX                                                                                                                                                                                            ;
;   4.341 ;   0.161  ; RR ; RE   ; 1      ; Switchbox_clock_mux_X280_Y84_N0_I100        ; Switchbox_clock_mux        ; CLOCK_SEGMENT_MUX                                                                                                                                                                                            ;
;   4.372 ;   0.031  ; RR ; RE   ; 2      ; Switchbox_clock_mux_X334_Y84_N0_I230        ; Switchbox_clock_mux        ; CLOCK_SEGMENT_MUX                                                                                                                                                                                            ;
;   4.441 ;   0.069  ; RR ; RE   ; 1      ; Switchbox_clock_mux_X334_Y84_N0_I103        ; Switchbox_clock_mux        ; CLOCK_SEGMENT_MUX                                                                                                                                                                                            ;
;   4.464 ;   0.023  ; RF ; RE   ; 1      ; Vertical_seam_tap_mux_X334_Y64_N0_I134      ; Vertical_seam_tap_mux      ; CLOCK_SEGMENT_TAP_MUX                                                                                                                                                                                        ;
;   4.511 ;   0.047  ; FR ; RE   ; 1      ; Vertical_seam_tap_mux_X334_Y64_N0_I50       ; Vertical_seam_tap_mux      ; CLOCK_SEGMENT_TAP_MUX                                                                                                                                                                                        ;
;   4.542 ;   0.031  ; RR ; RE   ; 2      ; Switchbox_clock_mux_X334_Y43_N0_I166        ; Switchbox_clock_mux        ; CLOCK_SEGMENT_MUX                                                                                                                                                                                            ;
;   4.709 ;   0.167  ; RR ; RE   ; 1      ; Switchbox_clock_mux_X334_Y43_N0_I102        ; Switchbox_clock_mux        ; CLOCK_SEGMENT_MUX                                                                                                                                                                                            ;
;   4.741 ;   0.032  ; RR ; RE   ; 2      ; Switchbox_clock_mux_X280_Y43_N0_I262        ; Switchbox_clock_mux        ; CLOCK_SEGMENT_MUX                                                                                                                                                                                            ;
;   4.815 ;   0.074  ; RR ; RE   ; 1      ; Switchbox_clock_mux_X280_Y43_N0_I101        ; Switchbox_clock_mux        ; CLOCK_SEGMENT_MUX                                                                                                                                                                                            ;
;   4.845 ;   0.030  ; RR ; RE   ; 2      ; Vertical_seam_tap_mux_X280_Y64_N0_I166      ; Vertical_seam_tap_mux      ; CLOCK_SEGMENT_TAP_MUX                                                                                                                                                                                        ;
;   4.919 ;   0.074  ; RR ; RE   ; 1      ; Vertical_seam_tap_mux_X280_Y64_N0_I115      ; Vertical_seam_tap_mux      ; CLOCK_SEGMENT_TAP_MUX                                                                                                                                                                                        ;
;   5.002 ;   0.083  ; RR ; RE   ; 1      ; SPINE_TAP_RE_X253_Y64_N103_I89              ; SPINE_TAP_RE               ; SPINE_TAP_RE                                                                                                                                                                                                 ;
;   5.014 ;   0.012  ; RR ; RE   ; 41     ; SPINE_TAP_RE_X253_Y64_N103_I25              ; SPINE_TAP_RE               ; SPINE_TAP_RE                                                                                                                                                                                                 ;
;   5.193 ;   0.179  ; RR ; RE   ; 2      ; SCLKMUX_RE_X253_Y68_N188_I25                ; SCLKMUX_RE                 ; SCLKMUX_RE                                                                                                                                                                                                   ;
;   5.213 ;   0.020  ; RR ; RE   ; 21     ; SCLKMUX_RE_X253_Y68_N188_I40                ; SCLKMUX_RE                 ; SCLKMUX_RE                                                                                                                                                                                                   ;
;   5.237 ;   0.024  ; RR ; RE   ; 1      ; ROWCLK_TAPOFF_X261_Y68_N0_I3                ; Row Clock Tap-Off          ; ROWCLK_TAPOFF                                                                                                                                                                                                ;
;   5.261 ;   0.024  ; RR ; RE   ; 1      ; GLOBAL_LOCAL_SEL_X261_Y68_N0_I2             ; GLOBAL_LOCAL_SEL           ; GLOBAL_LOCAL_SEL                                                                                                                                                                                             ;
;   5.276 ;   0.015  ; RR ; RE   ; 1      ; RPII_X261_Y68_N0_I2                         ; Programmable Invert Input  ; RPII                                                                                                                                                                                                         ;
;   5.276 ;   0.000  ; RR ; RE   ; 1      ; RPI_X261_Y68_N0_I2                          ; Programmable Invert        ; RPI                                                                                                                                                                                                          ;
;   5.276 ;   0.000  ; RR ; RE   ; 15     ; LAB_RE_X261_Y68_N0_I83                      ; LAB_RE                     ; clka                                                                                                                                                                                                         ;
;   5.276 ;   0.000  ; RR ; RE   ; 1      ; LAB_RE_X261_Y68_N0_I150                     ; LAB_RE                     ; LAB_RE                                                                                                                                                                                                       ;
;   5.276 ;   0.000  ; RR ; RE   ; 43     ; LEIMCLKALE_X261_Y68_N0_I0                   ; LEIMCLKALE                 ; LEIMCLKALE                                                                                                                                                                                                   ;
;   5.276 ;   0.000  ; RR ; RE   ; 1      ; HYPERFLEX_CLK_M_MUX_X261_Y68_N0_I78         ; Hyperflex clocking network ; HIPI_M_MUX                                                                                                                                                                                                   ;
;   5.276 ;   0.000  ;    ; IC   ; 1      ; BLOCK_INPUT_MUX_PASSTHROUGH_X261_Y68_N0_I71 ; Hyper-Register             ; afu_top|pg_afu.port_gasket|pr_slot|afu_main|port_afu_instances|ofs_plat_afu|core|dma|csr_mgr_inst|add_0~106_BLOCK_INPUT_MUX_PASSTHROUGH_X261_Y68_N0_I71_dff|clk                                              ;
;   5.276 ;   0.000  ; RR ; CELL ; 1      ; BLOCK_INPUT_MUX_PASSTHROUGH_X261_Y68_N0_I71 ; Hyper-Register             ; afu_top|pg_afu.port_gasket|pr_slot|afu_main|port_afu_instances|ofs_plat_afu|core|dma|csr_mgr_inst|add_0~106_BLOCK_INPUT_MUX_PASSTHROUGH_X261_Y68_N0_I71_dff                                                  ;
;   6.075 ;   0.799  ;    ;      ;        ;                                             ;                            ; clock pessimism removed                                                                                                                                                                                      ;
;   6.059 ;   -0.016 ;    ;      ;        ;                                             ;                            ; advanced clock effects                                                                                                                                                                                       ;
; 6.029   ; -0.030   ;    ;      ;        ;                                             ;                            ; clock uncertainty                                                                                                                                                                                            ;
; 6.127   ; 0.098    ;    ; uTsu ; 1      ; BLOCK_INPUT_MUX_PASSTHROUGH_X261_Y68_N0_I71 ; Hyper-Register             ; afu_top|pg_afu.port_gasket|pr_slot|afu_main|port_afu_instances|ofs_plat_afu|core|dma|csr_mgr_inst|add_0~106_BLOCK_INPUT_MUX_PASSTHROUGH_X261_Y68_N0_I71_dff                                                  ;
+---------+----------+----+------+--------+---------------------------------------------+----------------------------+--------------------------------------------------------------------------------------------------------------------------------------------------------------------------------------------------------------+


Path #4: Setup slack is 1.915 
===============================================================================
+--------------------------------------------------------------------------------------------------------------------------------------------------------------------------------------------------------------------+
; Path Summary                                                                                                                                                                                                       ;
+---------------------------------+----------------------------------------------------------------------------------------------------------------------------------------------------------------------------------+
; Property                        ; Value                                                                                                                                                                            ;
+---------------------------------+----------------------------------------------------------------------------------------------------------------------------------------------------------------------------------+
; From Node                       ; afu_top|pg_afu.port_gasket|pr_slot|afu_main|port_afu_instances|ofs_plat_afu|core|dma|csr_mgr_inst|mmio64_reg.w.data[0]~DUPLICATE_BLOCK_INPUT_MUX_PASSTHROUGH_X259_Y69_N0_I36_dff ;
; To Node                         ; afu_top|pg_afu.port_gasket|pr_slot|afu_main|port_afu_instances|ofs_plat_afu|core|dma|csr_mgr_inst|add_2~61_BLOCK_INPUT_MUX_PASSTHROUGH_X255_Y67_N0_I48_dff                       ;
; Launch Clock                    ; local_mem_wrapper|mem_ss_top|mem_ss_sv|mem_ss|mem_ss|emif_0|emif_0_core_usr_clk                                                                                                  ;
; Latch Clock                     ; local_mem_wrapper|mem_ss_top|mem_ss_sv|mem_ss|mem_ss|emif_0|emif_0_core_usr_clk                                                                                                  ;
; SDC Exception                   ; No SDC Exception on Path                                                                                                                                                         ;
; Data Arrival Time               ; 4.194                                                                                                                                                                            ;
; Data Required Time              ; 6.109                                                                                                                                                                            ;
; Slack                           ; 1.915                                                                                                                                                                            ;
; Worst-Case Operating Conditions ; Fast vid2a 100C Model                                                                                                                                                            ;
+---------------------------------+----------------------------------------------------------------------------------------------------------------------------------------------------------------------------------+

+--------------------------------------------------------------------------------------+
; Statistics                                                                           ;
+------------------------+--------+-------+-------------+------------+--------+--------+
; Property               ; Value  ; Count ; Total Delay ; % of Total ; Min    ; Max    ;
+------------------------+--------+-------+-------------+------------+--------+--------+
; Setup Relationship     ; 3.000  ;       ;             ;            ;        ;        ;
; Clock Skew             ; -0.074 ;       ;             ;            ;        ;        ;
; Data Delay             ; 1.078  ;       ;             ;            ;        ;        ;
; Number of Logic Levels ;        ; 1     ;             ;            ;        ;        ;
; Physical Delays        ;        ;       ;             ;            ;        ;        ;
;  Arrival Path          ;        ;       ;             ;            ;        ;        ;
;   Clock                ;        ;       ;             ;            ;        ;        ;
;    IC                  ;        ; 3     ; 0.000       ; 0          ; 0.000  ; 0.000  ;
;    Cell                ;        ; 15    ; 2.630       ; 46         ; 0.000  ; 0.903  ;
;    PLL Compensation    ;        ; 2     ; -2.569      ; 0          ; -1.988 ; -0.581 ;
;    Routing Element     ;        ; 58    ; 3.055       ; 54         ; 0.000  ; 0.206  ;
;   Data                 ;        ;       ;             ;            ;        ;        ;
;    IC                  ;        ; 5     ; 0.000       ; 0          ; 0.000  ; 0.000  ;
;    Cell                ;        ; 13    ; 0.512       ; 47         ; 0.000  ; 0.222  ;
;    uTco                ;        ; 1     ; 0.182       ; 17         ; 0.182  ; 0.182  ;
;    Routing Element     ;        ; 22    ; 0.384       ; 36         ; 0.000  ; 0.048  ;
;  Required Path         ;        ;       ;             ;            ;        ;        ;
;   Clock                ;        ;       ;             ;            ;        ;        ;
;    IC                  ;        ; 3     ; 0.000       ; 0          ; 0.000  ; 0.000  ;
;    Cell                ;        ; 15    ; 2.315       ; 46         ; 0.000  ; 0.800  ;
;    PLL Compensation    ;        ; 2     ; -2.805      ; 0          ; -2.138 ; -0.667 ;
;    Routing Element     ;        ; 58    ; 2.749       ; 54         ; 0.000  ; 0.179  ;
+------------------------+--------+-------+-------------+------------+--------+--------+
Note: Negative delays are omitted from totals when calculating percentages

+------------------------------------------------------------------------------------------------------------------------------------------------------------------------------------------------------------------------------------------------------------------------------------------------------------------------------------+
; Data Arrival Path                                                                                                                                                                                                                                                                                                                  ;
+----------+----------+----+------+--------+---------------------------------------------+----------------------------+--------------------------------------------------------------------------------------------------------------------------------------------------------------------------------------------------------------+
; Total    ; Incr     ; RF ; Type ; Fanout ; Location                                    ; Element Type               ; Element                                                                                                                                                                                                      ;
+----------+----------+----+------+--------+---------------------------------------------+----------------------------+--------------------------------------------------------------------------------------------------------------------------------------------------------------------------------------------------------------+
; 0.000    ; 0.000    ;    ;      ;        ;                                             ;                            ; launch edge time                                                                                                                                                                                             ;
; 3.116    ; 3.116    ;    ;      ;        ;                                             ;                            ; clock path                                                                                                                                                                                                   ;
;   0.000  ;   0.000  ;    ;      ;        ;                                             ;                            ; source latency                                                                                                                                                                                               ;
;   0.000  ;   0.000  ;    ;      ; 1      ; PIN_HF23                                    ; I/O pad                    ; ddr4_mem_ref_clk[0].clk                                                                                                                                                                                      ;
;   0.000  ;   0.000  ;    ; IC   ; 1      ; IOIBUF_X280_Y0_N376                         ; I/O input buffer           ; ddr4_mem_ref_clk[0].clk~input|i                                                                                                                                                                              ;
;   0.129  ;   0.129  ; RR ; CELL ; 2      ; IOIBUF_X280_Y0_N376                         ; I/O input buffer           ; ddr4_mem_ref_clk[0].clk~input|o                                                                                                                                                                              ;
;   1.032  ;   0.903  ; RR ; CELL ; 1      ; REFCLKINPUT_X281_Y0_N301                    ; I/O reference clock tree   ; local_mem_wrapper|mem_ss_top|mem_ss_sv|mem_ss|mem_ss|emif_0|emif_0|arch|arch_inst|pll_inst|pll_inst~refclk|ref_clk_in                                                                                        ;
;   1.174  ;   0.142  ; RR ; CELL ; 3      ; REFCLKINPUT_X281_Y0_N301                    ; I/O reference clock tree   ; local_mem_wrapper|mem_ss_top|mem_ss_sv|mem_ss|mem_ss|emif_0|emif_0|arch|arch_inst|pll_inst|pll_inst~refclk|ref0_to_btm                                                                                       ;
;   1.575  ;   0.401  ; RR ; CELL ; 1      ; REFCLKINPUT_X281_Y0_N301                    ; I/O reference clock tree   ; local_mem_wrapper|mem_ss_top|mem_ss_sv|mem_ss|mem_ss|emif_0|emif_0|arch|arch_inst|pll_inst|pll_inst~refclk|clk_out                                                                                           ;
;   1.575  ;   0.000  ; RR ; CELL ; 1      ; IOPLL_X281_Y0_N303                          ; IOPLL                      ; local_mem_wrapper|mem_ss_top|mem_ss_sv|mem_ss|mem_ss|emif_0|emif_0|arch|arch_inst|pll_inst|pll_inst|pll_cascade_in                                                                                           ;
;   1.736  ;   0.161  ; RR ; CELL ; 2      ; IOPLL_X281_Y0_N303                          ; IOPLL                      ; local_mem_wrapper|mem_ss_top|mem_ss_sv|mem_ss|mem_ss|emif_0|emif_0|arch|arch_inst|pll_inst|pll_inst~fmio96fs_wr/x0/fmio96_core_inst/fmio48tile_top/x5/u4_3/x0/xiopll_custom/xclkin_sw/xpm_pll_so/clk[0]      ;
;   1.871  ;   0.135  ; RR ; CELL ; 2      ; IOPLL_X281_Y0_N303                          ; IOPLL                      ; local_mem_wrapper|mem_ss_top|mem_ss_sv|mem_ss|mem_ss|emif_0|emif_0|arch|arch_inst|pll_inst|pll_inst~fmio96fs_wr/x0/fmio96_core_inst/fmio48tile_top/x5/u4_3/x0/xiopll_custom/xiopll_core/xncnt_iopll/clk      ;
;   1.999  ;   0.128  ; RR ; CELL ; 3      ; IOPLL_X281_Y0_N303                          ; IOPLL                      ; local_mem_wrapper|mem_ss_top|mem_ss_sv|mem_ss|mem_ss|emif_0|emif_0|arch|arch_inst|pll_inst|pll_inst~pllnout                                                                                                  ;
;   2.106  ;   0.107  ; RF ; CELL ; 1      ; IOPLL_X281_Y0_N303                          ; IOPLL                      ; local_mem_wrapper|mem_ss_top|mem_ss_sv|mem_ss|mem_ss|emif_0|emif_0|arch|arch_inst|pll_inst|pll_inst~vco_refclk                                                                                               ;
;   2.117  ;   0.011  ; FR ; CELL ; 1      ; IOPLL_X281_Y0_N303                          ; IOPLL                      ; local_mem_wrapper|mem_ss_top|mem_ss_sv|mem_ss|mem_ss|emif_0|emif_0|arch|arch_inst|pll_inst|pll_inst~vctrl                                                                                                    ;
;   1.536  ;   -0.581 ; RR ; COMP ; 1      ; IOPLL_X281_Y0_N303                          ; IOPLL                      ; local_mem_wrapper|mem_ss_top|mem_ss_sv|mem_ss|mem_ss|emif_0|emif_0|arch|arch_inst|pll_inst|pll_inst~vcoph[0]                                                                                                 ;
;   1.536  ;   0.000  ; RR ; CELL ; 10     ; IOPLL_X281_Y0_N303                          ; IOPLL                      ; local_mem_wrapper|mem_ss_top|mem_ss_sv|mem_ss|mem_ss|emif_0|emif_0|arch|arch_inst|pll_inst|pll_inst|vcoph[0]                                                                                                 ;
;   1.536  ;   0.000  ; RR ; CELL ; 3      ; TILECTRL_X281_Y0_N298                       ; I/O tile control logic     ; local_mem_wrapper|mem_ss_top|mem_ss_sv|mem_ss|mem_ss|emif_0|emif_0|arch|arch_inst|io_tiles_wrap_inst|io_tiles_inst|tile_gen[1].tile_ctrl_inst|pll_vco_in[0]                                                  ;
;   -0.452 ;   -1.988 ; RR ; COMP ; 1      ; TILECTRL_X281_Y0_N298                       ; I/O tile control logic     ; local_mem_wrapper|mem_ss_top|mem_ss_sv|mem_ss|mem_ss|emif_0|emif_0|arch|arch_inst|io_tiles_wrap_inst|io_tiles_inst|tile_gen[1].tile_ctrl_inst|pa_core_clk_out[0]                                             ;
;   0.061  ;   0.513  ; RR ; CELL ; 16258  ; TILECTRL_X281_Y0_N298                       ; I/O tile control logic     ; local_mem_wrapper|mem_ss_top|mem_ss_sv|mem_ss|mem_ss|emif_0|emif_0|arch|arch_inst|io_tiles_wrap_inst|io_tiles_inst|tile_gen[1].tile_ctrl_inst~fmio96fs_wr/m32_0_29__iophasealignment_to_dcm__core_clk_out[1] ;
;   0.061  ;   0.000  ;    ; IC   ; 1      ; Boundary Port                               ; N/A                        ; afu_top|pg_afu.port_gasket|pr_slot|afu_main|ext_mem_if[0].clk|input                                                                                                                                          ;
;   0.061  ;   0.000  ; RR ; CELL ; 105325 ; Boundary Port                               ; N/A                        ; afu_top|pg_afu.port_gasket|pr_slot|afu_main|ext_mem_if[0].clk                                                                                                                                                ;
;   0.061  ;   0.000  ; RR ; RE   ; 1      ; TILECTRL_X281_Y0_N298                       ; I/O tile control logic     ; TILE_CTRL                                                                                                                                                                                                    ;
;   0.113  ;   0.052  ; RR ; RE   ; 1      ; IO96FSWRRE_X280_Y0_N0_I3537                 ; IO96FS_WR_RE               ; IO96FS_WR_RE                                                                                                                                                                                                 ;
;   0.192  ;   0.079  ; RR ; RE   ; 1      ; DCM_mux_X307_Y2_N0_I29                      ; DCM_mux                    ; CC_DCM_GMUX_RE                                                                                                                                                                                               ;
;   0.248  ;   0.056  ; RR ; RE   ; 1      ; IO_P2C_RE_X280_Y2_N150_I75                  ; IO_P2C_RE                  ; IO_P2C_RE                                                                                                                                                                                                    ;
;   0.267  ;   0.019  ; RR ; RE   ; 1      ; IO_P2C_RE_X280_Y2_N150_I26                  ; IO_P2C_RE                  ; IO_P2C_RE                                                                                                                                                                                                    ;
;   0.302  ;   0.035  ; RR ; RE   ; 1      ; Switchbox_clock_mux_X280_Y2_N0_I197         ; Switchbox_clock_mux        ; CLOCK_SEGMENT_MUX                                                                                                                                                                                            ;
;   0.383  ;   0.081  ; RR ; RE   ; 1      ; Switchbox_clock_mux_X280_Y2_N0_I105         ; Switchbox_clock_mux        ; CLOCK_SEGMENT_MUX                                                                                                                                                                                            ;
;   0.410  ;   0.027  ; RF ; RE   ; 1      ; Vertical_seam_tap_mux_X280_Y23_N0_I165      ; Vertical_seam_tap_mux      ; CLOCK_SEGMENT_TAP_MUX                                                                                                                                                                                        ;
;   0.461  ;   0.051  ; FR ; RE   ; 1      ; Vertical_seam_tap_mux_X280_Y23_N0_I53       ; Vertical_seam_tap_mux      ; CLOCK_SEGMENT_TAP_MUX                                                                                                                                                                                        ;
;   0.494  ;   0.033  ; RR ; RE   ; 1      ; Switchbox_clock_mux_X280_Y43_N0_I197        ; Switchbox_clock_mux        ; CLOCK_SEGMENT_MUX                                                                                                                                                                                            ;
;   0.575  ;   0.081  ; RR ; RE   ; 1      ; Switchbox_clock_mux_X280_Y43_N0_I105        ; Switchbox_clock_mux        ; CLOCK_SEGMENT_MUX                                                                                                                                                                                            ;
;   0.601  ;   0.026  ; RF ; RE   ; 1      ; Vertical_seam_tap_mux_X280_Y64_N0_I165      ; Vertical_seam_tap_mux      ; CLOCK_SEGMENT_TAP_MUX                                                                                                                                                                                        ;
;   0.653  ;   0.052  ; FR ; RE   ; 1      ; Vertical_seam_tap_mux_X280_Y64_N0_I53       ; Vertical_seam_tap_mux      ; CLOCK_SEGMENT_TAP_MUX                                                                                                                                                                                        ;
;   0.686  ;   0.033  ; RR ; RE   ; 1      ; Switchbox_clock_mux_X280_Y84_N0_I197        ; Switchbox_clock_mux        ; CLOCK_SEGMENT_MUX                                                                                                                                                                                            ;
;   0.761  ;   0.075  ; RR ; RE   ; 1      ; Switchbox_clock_mux_X280_Y84_N0_I105        ; Switchbox_clock_mux        ; CLOCK_SEGMENT_MUX                                                                                                                                                                                            ;
;   0.788  ;   0.027  ; RF ; RE   ; 1      ; Vertical_seam_tap_mux_X280_Y105_N0_I165     ; Vertical_seam_tap_mux      ; CLOCK_SEGMENT_TAP_MUX                                                                                                                                                                                        ;
;   0.839  ;   0.051  ; FR ; RE   ; 1      ; Vertical_seam_tap_mux_X280_Y105_N0_I53      ; Vertical_seam_tap_mux      ; CLOCK_SEGMENT_TAP_MUX                                                                                                                                                                                        ;
;   0.872  ;   0.033  ; RR ; RE   ; 1      ; Switchbox_clock_mux_X280_Y125_N0_I197       ; Switchbox_clock_mux        ; CLOCK_SEGMENT_MUX                                                                                                                                                                                            ;
;   0.948  ;   0.076  ; RR ; RE   ; 1      ; Switchbox_clock_mux_X280_Y125_N0_I105       ; Switchbox_clock_mux        ; CLOCK_SEGMENT_MUX                                                                                                                                                                                            ;
;   0.974  ;   0.026  ; RF ; RE   ; 1      ; Vertical_seam_tap_mux_X280_Y146_N0_I165     ; Vertical_seam_tap_mux      ; CLOCK_SEGMENT_TAP_MUX                                                                                                                                                                                        ;
;   1.025  ;   0.051  ; FR ; RE   ; 1      ; Vertical_seam_tap_mux_X280_Y146_N0_I53      ; Vertical_seam_tap_mux      ; CLOCK_SEGMENT_TAP_MUX                                                                                                                                                                                        ;
;   1.059  ;   0.034  ; RR ; RE   ; 1      ; Switchbox_clock_mux_X280_Y166_N0_I197       ; Switchbox_clock_mux        ; CLOCK_SEGMENT_MUX                                                                                                                                                                                            ;
;   1.234  ;   0.175  ; RR ; RE   ; 1      ; Switchbox_clock_mux_X280_Y166_N0_I106       ; Switchbox_clock_mux        ; CLOCK_SEGMENT_MUX                                                                                                                                                                                            ;
;   1.270  ;   0.036  ; RR ; RE   ; 1      ; Switchbox_clock_mux_X226_Y166_N0_I229       ; Switchbox_clock_mux        ; CLOCK_SEGMENT_MUX                                                                                                                                                                                            ;
;   1.302  ;   0.032  ; RR ; RE   ; 2      ; Switchbox_clock_mux_X226_Y166_N0_I153       ; Switchbox_clock_mux        ; CLOCK_SEGMENT_MUX                                                                                                                                                                                            ;
;   1.377  ;   0.075  ; RR ; RE   ; 1      ; Switchbox_clock_mux_X226_Y166_N0_I103       ; Switchbox_clock_mux        ; CLOCK_SEGMENT_MUX                                                                                                                                                                                            ;
;   1.404  ;   0.027  ; RF ; RE   ; 1      ; Vertical_seam_tap_mux_X226_Y146_N0_I134     ; Vertical_seam_tap_mux      ; CLOCK_SEGMENT_TAP_MUX                                                                                                                                                                                        ;
;   1.455  ;   0.051  ; FR ; RE   ; 1      ; Vertical_seam_tap_mux_X226_Y146_N0_I50      ; Vertical_seam_tap_mux      ; CLOCK_SEGMENT_TAP_MUX                                                                                                                                                                                        ;
;   1.491  ;   0.036  ; RR ; RE   ; 1      ; Switchbox_clock_mux_X226_Y125_N0_I166       ; Switchbox_clock_mux        ; CLOCK_SEGMENT_MUX                                                                                                                                                                                            ;
;   1.566  ;   0.075  ; RR ; RE   ; 1      ; Switchbox_clock_mux_X226_Y125_N0_I103       ; Switchbox_clock_mux        ; CLOCK_SEGMENT_MUX                                                                                                                                                                                            ;
;   1.592  ;   0.026  ; RF ; RE   ; 1      ; Vertical_seam_tap_mux_X226_Y105_N0_I134     ; Vertical_seam_tap_mux      ; CLOCK_SEGMENT_TAP_MUX                                                                                                                                                                                        ;
;   1.644  ;   0.052  ; FR ; RE   ; 1      ; Vertical_seam_tap_mux_X226_Y105_N0_I50      ; Vertical_seam_tap_mux      ; CLOCK_SEGMENT_TAP_MUX                                                                                                                                                                                        ;
;   1.679  ;   0.035  ; RR ; RE   ; 2      ; Switchbox_clock_mux_X226_Y84_N0_I166        ; Switchbox_clock_mux        ; CLOCK_SEGMENT_MUX                                                                                                                                                                                            ;
;   1.862  ;   0.183  ; RR ; RE   ; 1      ; Switchbox_clock_mux_X226_Y84_N0_I102        ; Switchbox_clock_mux        ; CLOCK_SEGMENT_MUX                                                                                                                                                                                            ;
;   1.897  ;   0.035  ; RR ; RE   ; 1      ; Switchbox_clock_mux_X280_Y84_N0_I230        ; Switchbox_clock_mux        ; CLOCK_SEGMENT_MUX                                                                                                                                                                                            ;
;   2.072  ;   0.175  ; RR ; RE   ; 1      ; Switchbox_clock_mux_X280_Y84_N0_I100        ; Switchbox_clock_mux        ; CLOCK_SEGMENT_MUX                                                                                                                                                                                            ;
;   2.107  ;   0.035  ; RR ; RE   ; 2      ; Switchbox_clock_mux_X334_Y84_N0_I230        ; Switchbox_clock_mux        ; CLOCK_SEGMENT_MUX                                                                                                                                                                                            ;
;   2.182  ;   0.075  ; RR ; RE   ; 1      ; Switchbox_clock_mux_X334_Y84_N0_I103        ; Switchbox_clock_mux        ; CLOCK_SEGMENT_MUX                                                                                                                                                                                            ;
;   2.208  ;   0.026  ; RF ; RE   ; 1      ; Vertical_seam_tap_mux_X334_Y64_N0_I134      ; Vertical_seam_tap_mux      ; CLOCK_SEGMENT_TAP_MUX                                                                                                                                                                                        ;
;   2.259  ;   0.051  ; FR ; RE   ; 1      ; Vertical_seam_tap_mux_X334_Y64_N0_I50       ; Vertical_seam_tap_mux      ; CLOCK_SEGMENT_TAP_MUX                                                                                                                                                                                        ;
;   2.294  ;   0.035  ; RR ; RE   ; 2      ; Switchbox_clock_mux_X334_Y43_N0_I166        ; Switchbox_clock_mux        ; CLOCK_SEGMENT_MUX                                                                                                                                                                                            ;
;   2.476  ;   0.182  ; RR ; RE   ; 1      ; Switchbox_clock_mux_X334_Y43_N0_I102        ; Switchbox_clock_mux        ; CLOCK_SEGMENT_MUX                                                                                                                                                                                            ;
;   2.512  ;   0.036  ; RR ; RE   ; 2      ; Switchbox_clock_mux_X280_Y43_N0_I262        ; Switchbox_clock_mux        ; CLOCK_SEGMENT_MUX                                                                                                                                                                                            ;
;   2.592  ;   0.080  ; RR ; RE   ; 1      ; Switchbox_clock_mux_X280_Y43_N0_I101        ; Switchbox_clock_mux        ; CLOCK_SEGMENT_MUX                                                                                                                                                                                            ;
;   2.626  ;   0.034  ; RR ; RE   ; 2      ; Vertical_seam_tap_mux_X280_Y64_N0_I166      ; Vertical_seam_tap_mux      ; CLOCK_SEGMENT_TAP_MUX                                                                                                                                                                                        ;
;   2.706  ;   0.080  ; RR ; RE   ; 1      ; Vertical_seam_tap_mux_X280_Y64_N0_I115      ; Vertical_seam_tap_mux      ; CLOCK_SEGMENT_TAP_MUX                                                                                                                                                                                        ;
;   2.802  ;   0.096  ; RR ; RE   ; 1      ; SPINE_TAP_RE_X253_Y64_N103_I89              ; SPINE_TAP_RE               ; SPINE_TAP_RE                                                                                                                                                                                                 ;
;   2.816  ;   0.014  ; RR ; RE   ; 41     ; SPINE_TAP_RE_X253_Y64_N103_I25              ; SPINE_TAP_RE               ; SPINE_TAP_RE                                                                                                                                                                                                 ;
;   3.022  ;   0.206  ; RR ; RE   ; 2      ; SCLKMUX_RE_X253_Y69_N188_I25                ; SCLKMUX_RE                 ; SCLKMUX_RE                                                                                                                                                                                                   ;
;   3.039  ;   0.017  ; RR ; RE   ; 17     ; SCLKMUX_RE_X253_Y69_N188_I40                ; SCLKMUX_RE                 ; SCLKMUX_RE                                                                                                                                                                                                   ;
;   3.067  ;   0.028  ; RR ; RE   ; 1      ; ROWCLK_TAPOFF_X259_Y69_N0_I3                ; Row Clock Tap-Off          ; ROWCLK_TAPOFF                                                                                                                                                                                                ;
;   3.098  ;   0.031  ; RR ; RE   ; 1      ; GLOBAL_LOCAL_SEL_X259_Y69_N0_I2             ; GLOBAL_LOCAL_SEL           ; GLOBAL_LOCAL_SEL                                                                                                                                                                                             ;
;   3.116  ;   0.018  ; RR ; RE   ; 1      ; RPII_X259_Y69_N0_I2                         ; Programmable Invert Input  ; RPII                                                                                                                                                                                                         ;
;   3.116  ;   0.000  ; RR ; RE   ; 1      ; RPI_X259_Y69_N0_I2                          ; Programmable Invert        ; RPI                                                                                                                                                                                                          ;
;   3.116  ;   0.000  ; RR ; RE   ; 21     ; LAB_RE_X259_Y69_N0_I83                      ; LAB_RE                     ; clka                                                                                                                                                                                                         ;
;   3.116  ;   0.000  ; RR ; RE   ; 1      ; LAB_RE_X259_Y69_N0_I150                     ; LAB_RE                     ; LAB_RE                                                                                                                                                                                                       ;
;   3.116  ;   0.000  ; RR ; RE   ; 11     ; LEIMCLKALE_X259_Y69_N0_I0                   ; LEIMCLKALE                 ; LEIMCLKALE                                                                                                                                                                                                   ;
;   3.116  ;   0.000  ; RR ; RE   ; 1      ; HYPERFLEX_CLK_M_MUX_X259_Y69_N0_I40         ; Hyperflex clocking network ; HIPI_M_MUX                                                                                                                                                                                                   ;
;   3.116  ;   0.000  ;    ; IC   ; 1      ; BLOCK_INPUT_MUX_PASSTHROUGH_X259_Y69_N0_I36 ; Hyper-Register             ; afu_top|pg_afu.port_gasket|pr_slot|afu_main|port_afu_instances|ofs_plat_afu|core|dma|csr_mgr_inst|mmio64_reg.w.data[0]~DUPLICATE_BLOCK_INPUT_MUX_PASSTHROUGH_X259_Y69_N0_I36_dff|clk                         ;
;   3.116  ;   0.000  ; RR ; CELL ; 1      ; BLOCK_INPUT_MUX_PASSTHROUGH_X259_Y69_N0_I36 ; Hyper-Register             ; afu_top|pg_afu.port_gasket|pr_slot|afu_main|port_afu_instances|ofs_plat_afu|core|dma|csr_mgr_inst|mmio64_reg.w.data[0]~DUPLICATE_BLOCK_INPUT_MUX_PASSTHROUGH_X259_Y69_N0_I36_dff                             ;
; 4.194    ; 1.078    ;    ;      ;        ;                                             ;                            ; data path                                                                                                                                                                                                    ;
;   3.298  ;   0.182  ; FF ; uTco ; 2      ; BLOCK_INPUT_MUX_PASSTHROUGH_X259_Y69_N0_I36 ; Hyper-Register             ; afu_top|pg_afu.port_gasket|pr_slot|afu_main|port_afu_instances|ofs_plat_afu|core|dma|csr_mgr_inst|mmio64_reg.w.data[0]~DUPLICATE_BLOCK_INPUT_MUX_PASSTHROUGH_X259_Y69_N0_I36_dff|q                           ;
;   3.298  ;   0.000  ; FF ; RE   ; 1      ; BLOCK_INPUT_MUX_PASSTHROUGH_X259_Y69_N0_I36 ; Hyper-Register             ; LEIM                                                                                                                                                                                                         ;
;   3.299  ;   0.001  ; FF ; RE   ; 1      ; BLOCK_INPUT_MUX_PASSTHROUGH_X259_Y69_N0_I36 ; Block Input Mux            ; LEIM                                                                                                                                                                                                         ;
;   3.299  ;   0.000  ; FF ; RE   ; 2      ; LAB_RE_X259_Y69_N0_I35                      ; LAB_RE                     ; leima[4]                                                                                                                                                                                                     ;
;   3.299  ;   0.000  ;    ; IC   ; 2      ; FF_X259_Y69_N25                             ; Bypassed ALM Register      ; afu_top|pg_afu.port_gasket|pr_slot|afu_main|port_afu_instances|ofs_plat_afu|core|dma|csr_mgr_inst|dma_csr_map.descriptor.length[0]~.comb|d                                                                   ;
;   3.376  ;   0.077  ; FF ; CELL ; 3      ; FF_X259_Y69_N25                             ; Bypassed ALM Register      ; afu_top|pg_afu.port_gasket|pr_slot|afu_main|port_afu_instances|ofs_plat_afu|core|dma|csr_mgr_inst|dma_csr_map.descriptor.length[0]~.comb|q                                                                   ;
;   3.376  ;   0.000  ; FF ; RE   ; 1      ; FF_X259_Y69_N25                             ; Bypassed ALM Register      ; FF                                                                                                                                                                                                           ;
;   3.382  ;   0.006  ; FF ; RE   ; 2      ; LAB_RE_X259_Y69_N0_I105                     ; LAB_RE                     ; LAB_RE                                                                                                                                                                                                       ;
;   3.410  ;   0.028  ; FF ; RE   ; 1      ; R1_X259_Y69_N0_I17                          ; R1 interconnect            ; H1                                                                                                                                                                                                           ;
;   3.456  ;   0.046  ; FF ; RE   ; 1      ; R1_X258_Y69_N0_I17                          ; R1 interconnect            ; H1                                                                                                                                                                                                           ;
;   3.491  ;   0.035  ; FF ; RE   ; 1      ; R1_X257_Y69_N0_I17                          ; R1 interconnect            ; H1                                                                                                                                                                                                           ;
;   3.525  ;   0.034  ; FR ; RE   ; 1      ; LOCAL_INTERCONNECT_X256_Y69_N0_I38          ; Block interconnect         ; LAB_LINE                                                                                                                                                                                                     ;
;   3.554  ;   0.029  ; RF ; RE   ; 1      ; BLOCK_INPUT_MUX_PASSTHROUGH_X256_Y69_N0_I7  ; Block Input Mux            ; LEIM                                                                                                                                                                                                         ;
;   3.554  ;   0.000  ; FF ; RE   ; 1      ; LAB_RE_X256_Y69_N0_I1                       ; LAB_RE                     ; leimd0[0]                                                                                                                                                                                                    ;
;   3.554  ;   0.000  ;    ; IC   ; 5      ; LABCELL_X256_Y69_N0                         ; Combinational cell         ; afu_top|pg_afu.port_gasket|pr_slot|afu_main|port_afu_instances|ofs_plat_afu|core|dma|csr_mgr_inst|add_2~256|datad                                                                                            ;
;   3.776  ;   0.222  ; FR ; CELL ; 1      ; LABCELL_X256_Y69_N57                        ; Combinational cell         ; afu_top|pg_afu.port_gasket|pr_slot|afu_main|port_afu_instances|ofs_plat_afu|core|dma|csr_mgr_inst|add_2~161|cout                                                                                             ;
;   3.776  ;   0.000  ; RR ; RE   ; 1      ; LABCELL_X256_Y69_N57                        ; Combinational cell         ; MP_LAB_COMB                                                                                                                                                                                                  ;
;   3.824  ;   0.048  ; RR ; RE   ; 1      ; LAB_RE_X256_Y69_N0_I88                      ; LAB_RE                     ; LAB_RE                                                                                                                                                                                                       ;
;   3.824  ;   0.000  ; RR ; RE   ; 1      ; LAB_RE_X256_Y68_N0_I87                      ; LAB_RE                     ; t_labncc                                                                                                                                                                                                     ;
;   3.824  ;   0.000  ;    ; IC   ; 5      ; LABCELL_X256_Y68_N0                         ; Combinational cell         ; afu_top|pg_afu.port_gasket|pr_slot|afu_main|port_afu_instances|ofs_plat_afu|core|dma|csr_mgr_inst|add_2~156|cin                                                                                              ;
;   3.865  ;   0.041  ; RR ; CELL ; 1      ; LABCELL_X256_Y68_N57                        ; Combinational cell         ; afu_top|pg_afu.port_gasket|pr_slot|afu_main|port_afu_instances|ofs_plat_afu|core|dma|csr_mgr_inst|add_2~1|cout                                                                                               ;
;   3.865  ;   0.000  ; RR ; RE   ; 1      ; LABCELL_X256_Y68_N57                        ; Combinational cell         ; MP_LAB_COMB                                                                                                                                                                                                  ;
;   3.913  ;   0.048  ; RR ; RE   ; 1      ; LAB_RE_X256_Y68_N0_I88                      ; LAB_RE                     ; LAB_RE                                                                                                                                                                                                       ;
;   3.913  ;   0.000  ; RR ; RE   ; 1      ; LAB_RE_X256_Y67_N0_I87                      ; LAB_RE                     ; t_labncc                                                                                                                                                                                                     ;
;   3.913  ;   0.000  ;    ; IC   ; 4      ; LABCELL_X256_Y67_N0                         ; Combinational cell         ; afu_top|pg_afu.port_gasket|pr_slot|afu_main|port_afu_instances|ofs_plat_afu|core|dma|csr_mgr_inst|add_2~91|cin                                                                                               ;
;   3.945  ;   0.032  ; RR ; CELL ; 1      ; LABCELL_X256_Y67_N3                         ; Combinational cell         ; afu_top|pg_afu.port_gasket|pr_slot|afu_main|port_afu_instances|ofs_plat_afu|core|dma|csr_mgr_inst|add_2~41|cout                                                                                              ;
;   3.945  ;   0.000  ; RR ; CELL ; 3      ; LABCELL_X256_Y67_N6                         ; Combinational cell         ; afu_top|pg_afu.port_gasket|pr_slot|afu_main|port_afu_instances|ofs_plat_afu|core|dma|csr_mgr_inst|add_2~96|cin                                                                                               ;
;   3.963  ;   0.018  ; RF ; CELL ; 1      ; LABCELL_X256_Y67_N9                         ; Combinational cell         ; afu_top|pg_afu.port_gasket|pr_slot|afu_main|port_afu_instances|ofs_plat_afu|core|dma|csr_mgr_inst|add_2~46|cout                                                                                              ;
;   3.963  ;   0.000  ; FF ; CELL ; 3      ; LABCELL_X256_Y67_N12                        ; Combinational cell         ; afu_top|pg_afu.port_gasket|pr_slot|afu_main|port_afu_instances|ofs_plat_afu|core|dma|csr_mgr_inst|add_2~106|cin                                                                                              ;
;   3.979  ;   0.016  ; FR ; CELL ; 1      ; LABCELL_X256_Y67_N15                        ; Combinational cell         ; afu_top|pg_afu.port_gasket|pr_slot|afu_main|port_afu_instances|ofs_plat_afu|core|dma|csr_mgr_inst|add_2~31|cout                                                                                              ;
;   3.979  ;   0.000  ; RR ; CELL ; 3      ; LABCELL_X256_Y67_N18                        ; Combinational cell         ; afu_top|pg_afu.port_gasket|pr_slot|afu_main|port_afu_instances|ofs_plat_afu|core|dma|csr_mgr_inst|add_2~86|cin                                                                                               ;
;   3.997  ;   0.018  ; RF ; CELL ; 1      ; LABCELL_X256_Y67_N21                        ; Combinational cell         ; afu_top|pg_afu.port_gasket|pr_slot|afu_main|port_afu_instances|ofs_plat_afu|core|dma|csr_mgr_inst|add_2~71|cout                                                                                              ;
;   3.997  ;   0.000  ; FF ; CELL ; 2      ; LABCELL_X256_Y67_N24                        ; Combinational cell         ; afu_top|pg_afu.port_gasket|pr_slot|afu_main|port_afu_instances|ofs_plat_afu|core|dma|csr_mgr_inst|add_2~51|cin                                                                                               ;
;   4.085  ;   0.088  ; FF ; CELL ; 1      ; LABCELL_X256_Y67_N27                        ; Combinational cell         ; afu_top|pg_afu.port_gasket|pr_slot|afu_main|port_afu_instances|ofs_plat_afu|core|dma|csr_mgr_inst|add_2~61|sumout                                                                                            ;
;   4.085  ;   0.000  ; FF ; RE   ; 1      ; LABCELL_X256_Y67_N27                        ; Combinational cell         ; MP_LAB_COMB                                                                                                                                                                                                  ;
;   4.090  ;   0.005  ; FF ; RE   ; 1      ; LAB_RE_X256_Y67_N0_I107                     ; LAB_RE                     ; LAB_RE                                                                                                                                                                                                       ;
;   4.122  ;   0.032  ; FF ; RE   ; 1      ; R0_X256_Y67_N0_I33                          ; R0 interconnect            ; H0                                                                                                                                                                                                           ;
;   4.154  ;   0.032  ; FF ; RE   ; 1      ; R1_X256_Y67_N0_I39                          ; R1 interconnect            ; H1                                                                                                                                                                                                           ;
;   4.194  ;   0.040  ; FR ; RE   ; 1      ; LOCAL_INTERCONNECT_X255_Y67_N0_I79          ; Block interconnect         ; LAB_LINE                                                                                                                                                                                                     ;
;   4.194  ;   0.000  ;    ; IC   ; 1      ; BLOCK_INPUT_MUX_PASSTHROUGH_X255_Y67_N0_I48 ; Hyper-Register             ; afu_top|pg_afu.port_gasket|pr_slot|afu_main|port_afu_instances|ofs_plat_afu|core|dma|csr_mgr_inst|add_2~61_BLOCK_INPUT_MUX_PASSTHROUGH_X255_Y67_N0_I48_dff|d                                                 ;
;   4.194  ;   0.000  ; RR ; CELL ; 1      ; BLOCK_INPUT_MUX_PASSTHROUGH_X255_Y67_N0_I48 ; Hyper-Register             ; afu_top|pg_afu.port_gasket|pr_slot|afu_main|port_afu_instances|ofs_plat_afu|core|dma|csr_mgr_inst|add_2~61_BLOCK_INPUT_MUX_PASSTHROUGH_X255_Y67_N0_I48_dff                                                   ;
+----------+----------+----+------+--------+---------------------------------------------+----------------------------+--------------------------------------------------------------------------------------------------------------------------------------------------------------------------------------------------------------+

+-----------------------------------------------------------------------------------------------------------------------------------------------------------------------------------------------------------------------------------------------------------------------------------------------------------------------------------+
; Data Required Path                                                                                                                                                                                                                                                                                                                ;
+---------+----------+----+------+--------+---------------------------------------------+----------------------------+--------------------------------------------------------------------------------------------------------------------------------------------------------------------------------------------------------------+
; Total   ; Incr     ; RF ; Type ; Fanout ; Location                                    ; Element Type               ; Element                                                                                                                                                                                                      ;
+---------+----------+----+------+--------+---------------------------------------------+----------------------------+--------------------------------------------------------------------------------------------------------------------------------------------------------------------------------------------------------------+
; 3.000   ; 3.000    ;    ;      ;        ;                                             ;                            ; latch edge time                                                                                                                                                                                              ;
; 6.042   ; 3.042    ;    ;      ;        ;                                             ;                            ; clock path                                                                                                                                                                                                   ;
;   3.000 ;   0.000  ;    ;      ;        ;                                             ;                            ; source latency                                                                                                                                                                                               ;
;   3.000 ;   0.000  ;    ;      ; 1      ; PIN_HF23                                    ; I/O pad                    ; ddr4_mem_ref_clk[0].clk                                                                                                                                                                                      ;
;   3.000 ;   0.000  ;    ; IC   ; 1      ; IOIBUF_X280_Y0_N376                         ; I/O input buffer           ; ddr4_mem_ref_clk[0].clk~input|i                                                                                                                                                                              ;
;   3.129 ;   0.129  ; RR ; CELL ; 2      ; IOIBUF_X280_Y0_N376                         ; I/O input buffer           ; ddr4_mem_ref_clk[0].clk~input|o                                                                                                                                                                              ;
;   3.929 ;   0.800  ; RR ; CELL ; 1      ; REFCLKINPUT_X281_Y0_N301                    ; I/O reference clock tree   ; local_mem_wrapper|mem_ss_top|mem_ss_sv|mem_ss|mem_ss|emif_0|emif_0|arch|arch_inst|pll_inst|pll_inst~refclk|ref_clk_in                                                                                        ;
;   4.048 ;   0.119  ; RR ; CELL ; 3      ; REFCLKINPUT_X281_Y0_N301                    ; I/O reference clock tree   ; local_mem_wrapper|mem_ss_top|mem_ss_sv|mem_ss|mem_ss|emif_0|emif_0|arch|arch_inst|pll_inst|pll_inst~refclk|ref0_to_btm                                                                                       ;
;   4.402 ;   0.354  ; RR ; CELL ; 1      ; REFCLKINPUT_X281_Y0_N301                    ; I/O reference clock tree   ; local_mem_wrapper|mem_ss_top|mem_ss_sv|mem_ss|mem_ss|emif_0|emif_0|arch|arch_inst|pll_inst|pll_inst~refclk|clk_out                                                                                           ;
;   4.402 ;   0.000  ; RR ; CELL ; 1      ; IOPLL_X281_Y0_N303                          ; IOPLL                      ; local_mem_wrapper|mem_ss_top|mem_ss_sv|mem_ss|mem_ss|emif_0|emif_0|arch|arch_inst|pll_inst|pll_inst|pll_cascade_in                                                                                           ;
;   4.543 ;   0.141  ; RR ; CELL ; 2      ; IOPLL_X281_Y0_N303                          ; IOPLL                      ; local_mem_wrapper|mem_ss_top|mem_ss_sv|mem_ss|mem_ss|emif_0|emif_0|arch|arch_inst|pll_inst|pll_inst~fmio96fs_wr/x0/fmio96_core_inst/fmio48tile_top/x5/u4_3/x0/xiopll_custom/xclkin_sw/xpm_pll_so/clk[0]      ;
;   4.661 ;   0.118  ; RR ; CELL ; 2      ; IOPLL_X281_Y0_N303                          ; IOPLL                      ; local_mem_wrapper|mem_ss_top|mem_ss_sv|mem_ss|mem_ss|emif_0|emif_0|arch|arch_inst|pll_inst|pll_inst~fmio96fs_wr/x0/fmio96_core_inst/fmio48tile_top/x5/u4_3/x0/xiopll_custom/xiopll_core/xncnt_iopll/clk      ;
;   4.772 ;   0.111  ; RR ; CELL ; 3      ; IOPLL_X281_Y0_N303                          ; IOPLL                      ; local_mem_wrapper|mem_ss_top|mem_ss_sv|mem_ss|mem_ss|emif_0|emif_0|arch|arch_inst|pll_inst|pll_inst~pllnout                                                                                                  ;
;   4.865 ;   0.093  ; RF ; CELL ; 1      ; IOPLL_X281_Y0_N303                          ; IOPLL                      ; local_mem_wrapper|mem_ss_top|mem_ss_sv|mem_ss|mem_ss|emif_0|emif_0|arch|arch_inst|pll_inst|pll_inst~vco_refclk                                                                                               ;
;   4.872 ;   0.007  ; FR ; CELL ; 1      ; IOPLL_X281_Y0_N303                          ; IOPLL                      ; local_mem_wrapper|mem_ss_top|mem_ss_sv|mem_ss|mem_ss|emif_0|emif_0|arch|arch_inst|pll_inst|pll_inst~vctrl                                                                                                    ;
;   4.205 ;   -0.667 ; RR ; COMP ; 1      ; IOPLL_X281_Y0_N303                          ; IOPLL                      ; local_mem_wrapper|mem_ss_top|mem_ss_sv|mem_ss|mem_ss|emif_0|emif_0|arch|arch_inst|pll_inst|pll_inst~vcoph[0]                                                                                                 ;
;   4.205 ;   0.000  ; RR ; CELL ; 10     ; IOPLL_X281_Y0_N303                          ; IOPLL                      ; local_mem_wrapper|mem_ss_top|mem_ss_sv|mem_ss|mem_ss|emif_0|emif_0|arch|arch_inst|pll_inst|pll_inst|vcoph[0]                                                                                                 ;
;   4.205 ;   0.000  ; RR ; CELL ; 3      ; TILECTRL_X281_Y0_N298                       ; I/O tile control logic     ; local_mem_wrapper|mem_ss_top|mem_ss_sv|mem_ss|mem_ss|emif_0|emif_0|arch|arch_inst|io_tiles_wrap_inst|io_tiles_inst|tile_gen[1].tile_ctrl_inst|pll_vco_in[0]                                                  ;
;   2.067 ;   -2.138 ; RR ; COMP ; 1      ; TILECTRL_X281_Y0_N298                       ; I/O tile control logic     ; local_mem_wrapper|mem_ss_top|mem_ss_sv|mem_ss|mem_ss|emif_0|emif_0|arch|arch_inst|io_tiles_wrap_inst|io_tiles_inst|tile_gen[1].tile_ctrl_inst|pa_core_clk_out[0]                                             ;
;   2.510 ;   0.443  ; RR ; CELL ; 16258  ; TILECTRL_X281_Y0_N298                       ; I/O tile control logic     ; local_mem_wrapper|mem_ss_top|mem_ss_sv|mem_ss|mem_ss|emif_0|emif_0|arch|arch_inst|io_tiles_wrap_inst|io_tiles_inst|tile_gen[1].tile_ctrl_inst~fmio96fs_wr/m32_0_29__iophasealignment_to_dcm__core_clk_out[1] ;
;   2.510 ;   0.000  ;    ; IC   ; 1      ; Boundary Port                               ; N/A                        ; afu_top|pg_afu.port_gasket|pr_slot|afu_main|ext_mem_if[0].clk|input                                                                                                                                          ;
;   2.510 ;   0.000  ; RR ; CELL ; 105325 ; Boundary Port                               ; N/A                        ; afu_top|pg_afu.port_gasket|pr_slot|afu_main|ext_mem_if[0].clk                                                                                                                                                ;
;   2.510 ;   0.000  ; RR ; RE   ; 1      ; TILECTRL_X281_Y0_N298                       ; I/O tile control logic     ; TILE_CTRL                                                                                                                                                                                                    ;
;   2.556 ;   0.046  ; RR ; RE   ; 1      ; IO96FSWRRE_X280_Y0_N0_I3537                 ; IO96FS_WR_RE               ; IO96FS_WR_RE                                                                                                                                                                                                 ;
;   2.629 ;   0.073  ; RR ; RE   ; 1      ; DCM_mux_X307_Y2_N0_I29                      ; DCM_mux                    ; CC_DCM_GMUX_RE                                                                                                                                                                                               ;
;   2.678 ;   0.049  ; RR ; RE   ; 1      ; IO_P2C_RE_X280_Y2_N150_I75                  ; IO_P2C_RE                  ; IO_P2C_RE                                                                                                                                                                                                    ;
;   2.696 ;   0.018  ; RR ; RE   ; 1      ; IO_P2C_RE_X280_Y2_N150_I26                  ; IO_P2C_RE                  ; IO_P2C_RE                                                                                                                                                                                                    ;
;   2.728 ;   0.032  ; RR ; RE   ; 1      ; Switchbox_clock_mux_X280_Y2_N0_I197         ; Switchbox_clock_mux        ; CLOCK_SEGMENT_MUX                                                                                                                                                                                            ;
;   2.802 ;   0.074  ; RR ; RE   ; 1      ; Switchbox_clock_mux_X280_Y2_N0_I105         ; Switchbox_clock_mux        ; CLOCK_SEGMENT_MUX                                                                                                                                                                                            ;
;   2.826 ;   0.024  ; RF ; RE   ; 1      ; Vertical_seam_tap_mux_X280_Y23_N0_I165      ; Vertical_seam_tap_mux      ; CLOCK_SEGMENT_TAP_MUX                                                                                                                                                                                        ;
;   2.873 ;   0.047  ; FR ; RE   ; 1      ; Vertical_seam_tap_mux_X280_Y23_N0_I53       ; Vertical_seam_tap_mux      ; CLOCK_SEGMENT_TAP_MUX                                                                                                                                                                                        ;
;   2.902 ;   0.029  ; RR ; RE   ; 1      ; Switchbox_clock_mux_X280_Y43_N0_I197        ; Switchbox_clock_mux        ; CLOCK_SEGMENT_MUX                                                                                                                                                                                            ;
;   2.977 ;   0.075  ; RR ; RE   ; 1      ; Switchbox_clock_mux_X280_Y43_N0_I105        ; Switchbox_clock_mux        ; CLOCK_SEGMENT_MUX                                                                                                                                                                                            ;
;   3.000 ;   0.023  ; RF ; RE   ; 1      ; Vertical_seam_tap_mux_X280_Y64_N0_I165      ; Vertical_seam_tap_mux      ; CLOCK_SEGMENT_TAP_MUX                                                                                                                                                                                        ;
;   3.047 ;   0.047  ; FR ; RE   ; 1      ; Vertical_seam_tap_mux_X280_Y64_N0_I53       ; Vertical_seam_tap_mux      ; CLOCK_SEGMENT_TAP_MUX                                                                                                                                                                                        ;
;   3.077 ;   0.030  ; RR ; RE   ; 1      ; Switchbox_clock_mux_X280_Y84_N0_I197        ; Switchbox_clock_mux        ; CLOCK_SEGMENT_MUX                                                                                                                                                                                            ;
;   3.146 ;   0.069  ; RR ; RE   ; 1      ; Switchbox_clock_mux_X280_Y84_N0_I105        ; Switchbox_clock_mux        ; CLOCK_SEGMENT_MUX                                                                                                                                                                                            ;
;   3.170 ;   0.024  ; RF ; RE   ; 1      ; Vertical_seam_tap_mux_X280_Y105_N0_I165     ; Vertical_seam_tap_mux      ; CLOCK_SEGMENT_TAP_MUX                                                                                                                                                                                        ;
;   3.217 ;   0.047  ; FR ; RE   ; 1      ; Vertical_seam_tap_mux_X280_Y105_N0_I53      ; Vertical_seam_tap_mux      ; CLOCK_SEGMENT_TAP_MUX                                                                                                                                                                                        ;
;   3.246 ;   0.029  ; RR ; RE   ; 1      ; Switchbox_clock_mux_X280_Y125_N0_I197       ; Switchbox_clock_mux        ; CLOCK_SEGMENT_MUX                                                                                                                                                                                            ;
;   3.316 ;   0.070  ; RR ; RE   ; 1      ; Switchbox_clock_mux_X280_Y125_N0_I105       ; Switchbox_clock_mux        ; CLOCK_SEGMENT_MUX                                                                                                                                                                                            ;
;   3.340 ;   0.024  ; RF ; RE   ; 1      ; Vertical_seam_tap_mux_X280_Y146_N0_I165     ; Vertical_seam_tap_mux      ; CLOCK_SEGMENT_TAP_MUX                                                                                                                                                                                        ;
;   3.387 ;   0.047  ; FR ; RE   ; 1      ; Vertical_seam_tap_mux_X280_Y146_N0_I53      ; Vertical_seam_tap_mux      ; CLOCK_SEGMENT_TAP_MUX                                                                                                                                                                                        ;
;   3.416 ;   0.029  ; RR ; RE   ; 1      ; Switchbox_clock_mux_X280_Y166_N0_I197       ; Switchbox_clock_mux        ; CLOCK_SEGMENT_MUX                                                                                                                                                                                            ;
;   3.578 ;   0.162  ; RR ; RE   ; 1      ; Switchbox_clock_mux_X280_Y166_N0_I106       ; Switchbox_clock_mux        ; CLOCK_SEGMENT_MUX                                                                                                                                                                                            ;
;   3.609 ;   0.031  ; RR ; RE   ; 1      ; Switchbox_clock_mux_X226_Y166_N0_I229       ; Switchbox_clock_mux        ; CLOCK_SEGMENT_MUX                                                                                                                                                                                            ;
;   3.638 ;   0.029  ; RR ; RE   ; 2      ; Switchbox_clock_mux_X226_Y166_N0_I153       ; Switchbox_clock_mux        ; CLOCK_SEGMENT_MUX                                                                                                                                                                                            ;
;   3.707 ;   0.069  ; RR ; RE   ; 1      ; Switchbox_clock_mux_X226_Y166_N0_I103       ; Switchbox_clock_mux        ; CLOCK_SEGMENT_MUX                                                                                                                                                                                            ;
;   3.730 ;   0.023  ; RF ; RE   ; 1      ; Vertical_seam_tap_mux_X226_Y146_N0_I134     ; Vertical_seam_tap_mux      ; CLOCK_SEGMENT_TAP_MUX                                                                                                                                                                                        ;
;   3.778 ;   0.048  ; FR ; RE   ; 1      ; Vertical_seam_tap_mux_X226_Y146_N0_I50      ; Vertical_seam_tap_mux      ; CLOCK_SEGMENT_TAP_MUX                                                                                                                                                                                        ;
;   3.810 ;   0.032  ; RR ; RE   ; 1      ; Switchbox_clock_mux_X226_Y125_N0_I166       ; Switchbox_clock_mux        ; CLOCK_SEGMENT_MUX                                                                                                                                                                                            ;
;   3.879 ;   0.069  ; RR ; RE   ; 1      ; Switchbox_clock_mux_X226_Y125_N0_I103       ; Switchbox_clock_mux        ; CLOCK_SEGMENT_MUX                                                                                                                                                                                            ;
;   3.902 ;   0.023  ; RF ; RE   ; 1      ; Vertical_seam_tap_mux_X226_Y105_N0_I134     ; Vertical_seam_tap_mux      ; CLOCK_SEGMENT_TAP_MUX                                                                                                                                                                                        ;
;   3.950 ;   0.048  ; FR ; RE   ; 1      ; Vertical_seam_tap_mux_X226_Y105_N0_I50      ; Vertical_seam_tap_mux      ; CLOCK_SEGMENT_TAP_MUX                                                                                                                                                                                        ;
;   3.981 ;   0.031  ; RR ; RE   ; 2      ; Switchbox_clock_mux_X226_Y84_N0_I166        ; Switchbox_clock_mux        ; CLOCK_SEGMENT_MUX                                                                                                                                                                                            ;
;   4.149 ;   0.168  ; RR ; RE   ; 1      ; Switchbox_clock_mux_X226_Y84_N0_I102        ; Switchbox_clock_mux        ; CLOCK_SEGMENT_MUX                                                                                                                                                                                            ;
;   4.180 ;   0.031  ; RR ; RE   ; 1      ; Switchbox_clock_mux_X280_Y84_N0_I230        ; Switchbox_clock_mux        ; CLOCK_SEGMENT_MUX                                                                                                                                                                                            ;
;   4.341 ;   0.161  ; RR ; RE   ; 1      ; Switchbox_clock_mux_X280_Y84_N0_I100        ; Switchbox_clock_mux        ; CLOCK_SEGMENT_MUX                                                                                                                                                                                            ;
;   4.372 ;   0.031  ; RR ; RE   ; 2      ; Switchbox_clock_mux_X334_Y84_N0_I230        ; Switchbox_clock_mux        ; CLOCK_SEGMENT_MUX                                                                                                                                                                                            ;
;   4.441 ;   0.069  ; RR ; RE   ; 1      ; Switchbox_clock_mux_X334_Y84_N0_I103        ; Switchbox_clock_mux        ; CLOCK_SEGMENT_MUX                                                                                                                                                                                            ;
;   4.464 ;   0.023  ; RF ; RE   ; 1      ; Vertical_seam_tap_mux_X334_Y64_N0_I134      ; Vertical_seam_tap_mux      ; CLOCK_SEGMENT_TAP_MUX                                                                                                                                                                                        ;
;   4.511 ;   0.047  ; FR ; RE   ; 1      ; Vertical_seam_tap_mux_X334_Y64_N0_I50       ; Vertical_seam_tap_mux      ; CLOCK_SEGMENT_TAP_MUX                                                                                                                                                                                        ;
;   4.542 ;   0.031  ; RR ; RE   ; 2      ; Switchbox_clock_mux_X334_Y43_N0_I166        ; Switchbox_clock_mux        ; CLOCK_SEGMENT_MUX                                                                                                                                                                                            ;
;   4.709 ;   0.167  ; RR ; RE   ; 1      ; Switchbox_clock_mux_X334_Y43_N0_I102        ; Switchbox_clock_mux        ; CLOCK_SEGMENT_MUX                                                                                                                                                                                            ;
;   4.741 ;   0.032  ; RR ; RE   ; 2      ; Switchbox_clock_mux_X280_Y43_N0_I262        ; Switchbox_clock_mux        ; CLOCK_SEGMENT_MUX                                                                                                                                                                                            ;
;   4.815 ;   0.074  ; RR ; RE   ; 1      ; Switchbox_clock_mux_X280_Y43_N0_I101        ; Switchbox_clock_mux        ; CLOCK_SEGMENT_MUX                                                                                                                                                                                            ;
;   4.845 ;   0.030  ; RR ; RE   ; 2      ; Vertical_seam_tap_mux_X280_Y64_N0_I166      ; Vertical_seam_tap_mux      ; CLOCK_SEGMENT_TAP_MUX                                                                                                                                                                                        ;
;   4.919 ;   0.074  ; RR ; RE   ; 1      ; Vertical_seam_tap_mux_X280_Y64_N0_I115      ; Vertical_seam_tap_mux      ; CLOCK_SEGMENT_TAP_MUX                                                                                                                                                                                        ;
;   5.002 ;   0.083  ; RR ; RE   ; 1      ; SPINE_TAP_RE_X253_Y64_N103_I89              ; SPINE_TAP_RE               ; SPINE_TAP_RE                                                                                                                                                                                                 ;
;   5.011 ;   0.009  ; RR ; RE   ; 41     ; SPINE_TAP_RE_X253_Y64_N103_I25              ; SPINE_TAP_RE               ; SPINE_TAP_RE                                                                                                                                                                                                 ;
;   5.190 ;   0.179  ; RR ; RE   ; 2      ; SCLKMUX_RE_X253_Y67_N188_I25                ; SCLKMUX_RE                 ; SCLKMUX_RE                                                                                                                                                                                                   ;
;   5.198 ;   0.008  ; RR ; RE   ; 16     ; SCLKMUX_RE_X253_Y67_N188_I40                ; SCLKMUX_RE                 ; SCLKMUX_RE                                                                                                                                                                                                   ;
;   5.220 ;   0.022  ; RR ; RE   ; 1      ; ROWCLK_TAPOFF_X255_Y67_N0_I3                ; Row Clock Tap-Off          ; ROWCLK_TAPOFF                                                                                                                                                                                                ;
;   5.244 ;   0.024  ; RR ; RE   ; 1      ; GLOBAL_LOCAL_SEL_X255_Y67_N0_I2             ; GLOBAL_LOCAL_SEL           ; GLOBAL_LOCAL_SEL                                                                                                                                                                                             ;
;   5.259 ;   0.015  ; RR ; RE   ; 1      ; RPII_X255_Y67_N0_I2                         ; Programmable Invert Input  ; RPII                                                                                                                                                                                                         ;
;   5.259 ;   0.000  ; RR ; RE   ; 1      ; RPI_X255_Y67_N0_I2                          ; Programmable Invert        ; RPI                                                                                                                                                                                                          ;
;   5.259 ;   0.000  ; RR ; RE   ; 25     ; LAB_RE_X255_Y67_N0_I83                      ; LAB_RE                     ; clka                                                                                                                                                                                                         ;
;   5.259 ;   0.000  ; RR ; RE   ; 1      ; LAB_RE_X255_Y67_N0_I150                     ; LAB_RE                     ; LAB_RE                                                                                                                                                                                                       ;
;   5.259 ;   0.000  ; RR ; RE   ; 15     ; LEIMCLKALE_X255_Y67_N0_I0                   ; LEIMCLKALE                 ; LEIMCLKALE                                                                                                                                                                                                   ;
;   5.259 ;   0.000  ; RR ; RE   ; 1      ; HYPERFLEX_CLK_M_MUX_X255_Y67_N0_I54         ; Hyperflex clocking network ; HIPI_M_MUX                                                                                                                                                                                                   ;
;   5.259 ;   0.000  ;    ; IC   ; 1      ; BLOCK_INPUT_MUX_PASSTHROUGH_X255_Y67_N0_I48 ; Hyper-Register             ; afu_top|pg_afu.port_gasket|pr_slot|afu_main|port_afu_instances|ofs_plat_afu|core|dma|csr_mgr_inst|add_2~61_BLOCK_INPUT_MUX_PASSTHROUGH_X255_Y67_N0_I48_dff|clk                                               ;
;   5.259 ;   0.000  ; RR ; CELL ; 1      ; BLOCK_INPUT_MUX_PASSTHROUGH_X255_Y67_N0_I48 ; Hyper-Register             ; afu_top|pg_afu.port_gasket|pr_slot|afu_main|port_afu_instances|ofs_plat_afu|core|dma|csr_mgr_inst|add_2~61_BLOCK_INPUT_MUX_PASSTHROUGH_X255_Y67_N0_I48_dff                                                   ;
;   6.058 ;   0.799  ;    ;      ;        ;                                             ;                            ; clock pessimism removed                                                                                                                                                                                      ;
;   6.042 ;   -0.016 ;    ;      ;        ;                                             ;                            ; advanced clock effects                                                                                                                                                                                       ;
; 6.012   ; -0.030   ;    ;      ;        ;                                             ;                            ; clock uncertainty                                                                                                                                                                                            ;
; 6.109   ; 0.097    ;    ; uTsu ; 1      ; BLOCK_INPUT_MUX_PASSTHROUGH_X255_Y67_N0_I48 ; Hyper-Register             ; afu_top|pg_afu.port_gasket|pr_slot|afu_main|port_afu_instances|ofs_plat_afu|core|dma|csr_mgr_inst|add_2~61_BLOCK_INPUT_MUX_PASSTHROUGH_X255_Y67_N0_I48_dff                                                   ;
+---------+----------+----+------+--------+---------------------------------------------+----------------------------+--------------------------------------------------------------------------------------------------------------------------------------------------------------------------------------------------------------+


