Fitter Route Stage Report for ofs_top
Fri Sep 18 23:12:17 2026
Quartus Prime Version 26.1.1 Build 130 08/06/2026 SC Pro Edition


---------------------
; Table of Contents ;
---------------------
  1. Legal Notice
  2. Nets with Highest Wire Count
  3. Delay Chain Summary
  4. Routing Usage Summary
  5. Route Messages
  6. Estimated Delay Added for Hold Timing Summary
  7. Estimated Delay Added for Hold Timing Details
  8. Global Router Wire Utilization Map
  9. Peak Wire Demand Summary
 10. Peak Wire Demand Details
 11. Peak Total Grid Crossings
 12. Global Router Congestion Hotspot Summary



----------------
; Legal Notice ;
----------------
Copyright (C) 2026  Altera Corporation. All rights reserved.
Your use of Altera Corporation's design tools, logic functions 
and other software and tools, and any partner logic 
functions, and any output files from any of the foregoing 
(including device programming or simulation files), and any 
associated documentation or information are expressly subject 
to the terms and conditions of the Altera Program License 
Subscription Agreement, the Altera Quartus Prime License Agreement,
the Altera IP License Agreement, or other applicable license
agreement, including, without limitation, that your use is for
the sole purpose of programming logic devices manufactured by
Altera and sold by Altera or its authorized distributors.  Please
refer to the Altera Software License Subscription Agreements 
on the Quartus Prime software download page.



+------------------------------------------------------------------------------------------------------------------------------------------------------------------------------------------------------------------------------------------------------------------------------------------------------------------------------------------------+
; Nets with Highest Wire Count                                                                                                                                                                                                                                                                                                                   ;
+----------------------------------------------------------------------------------------------------------------------------------------------------------------------------------------------------------------------------------------------------------------------------------------------------------------+----------------------+--------+
; Net                                                                                                                                                                                                                                                                                                            ; Number of Wires Used ; Fanout ;
+----------------------------------------------------------------------------------------------------------------------------------------------------------------------------------------------------------------------------------------------------------------------------------------------------------------+----------------------+--------+
; local_mem_wrapper|mem_ss_top|mem_ss_sv|mem_ss|mem_ss|msa_0|msa_0|msa_adapter|LessThan_6~0                                                                                                                                                                                                                      ; 847                  ; 1695   ;
; local_mem_wrapper|mem_ss_top|mem_ss_sv|mem_ss|mem_ss|msa_1|msa_1|msa_adapter|LessThan_6~0RTINV                                                                                                                                                                                                                 ; 830                  ; 1720   ;
; pcie_wrapper|pcie_ss.top|host_pcie.pcie_ss|pcie_ss|EP_PFTILE_WRAPPER.gen_pciess.u_pciess_p0|u_pciess|gen_sub.u_hipif|u_pciess_rx_if|u_pciess_rx_alignment|PU_SB_COM.rx_seg_pack_inst|GEN_BLK_512_256_128.GEN_BLK_HIPD_512_256_128_STAGE1.i_pciess_rx_2_seg_stage1|s_out[1].hdr[11]~0                           ; 726                  ; 974    ;
; pcie_wrapper|pcie_ss.top|host_pcie.pcie_ss|pcie_ss|EP_PFTILE_WRAPPER.gen_pciess.u_pciess_p0|u_pciess|gen_sub.u_hipif|u_pciess_rx_if|u_pciess_rx_alignment|PU_SB_COM.rx_seg_pack_inst|GEN_BLK_512_256_128.GEN_BLK_HIPD_512_256_128_STAGE1.i_pciess_rx_2_seg_stage1|s_int[1].eop~0                               ; 673                  ; 883    ;
; pcie_wrapper|pcie_ss.top|host_pcie.pcie_ss|pcie_ss|EP_PFTILE_WRAPPER.gen_pciess.u_pciess_p0|u_pciess|gen_sub.u_hipif|u_pciess_rx_if|u_pciess_rx_alignment|PU_SB_COM.rx_seg_pack_inst|GEN_BLK_512_256_128.GEN_BLK_HIPD_512_256_128_STAGE1.i_pciess_rx_2_seg_stage1|i1116~0                                      ; 664                  ; 876    ;
; pcie_wrapper|pcie_ss.top|host_pcie.pcie_ss|pcie_ss|EP_PFTILE_WRAPPER.gen_pciess.u_pciess_p0|u_pciess|gen_sub.u_hipif|u_pciess_rx_if|u_pciess_rx_alignment|PU_SB_COM.rx_seg_pack_inst|GEN_BLK_512_256_128.GEN_BLK_HIPD_512_256_128_STAGE1.i_pciess_rx_2_seg_stage1|GEN_BLK_OUT_PIPE_EN.i_out_seg_pipeline|full0 ; 650                  ; 884    ;
; pcie_wrapper|pcie_ss.top|host_pcie.pcie_ss|pcie_ss|EP_PFTILE_WRAPPER.gen_pciess.u_pciess_p0|u_pciess|gen_sub.u_hipif|u_pciess_rx_if|u_pciess_rx_alignment|PU_SB_COM.rx_seg_pack_inst|GEN_BLK_512_256_128.GEN_BLK_HIPD_512_256_128_STAGE1.i_pciess_rx_2_seg_stage1|s_int[1].valid~0                             ; 646                  ; 881    ;
; local_mem_wrapper|mem_ss_top|mem_ss_sv|mem_ss|mem_ss|msa_0|msa_0|msa_adapter|gen_wrdata_scfifo.wrdata_fifo|scfifo_component|auto_generated|dpfifo|FIFOram|altera_syncram_impl1|rdaddr_reg[4]                                                                                                                   ; 619                  ; 578    ;
; pcie_wrapper|pcie_ss.top|PCIE_LINK_CONN[0].rx_sb.pipe_rx|rx_seg_align|a.impl|to_sink|r.axis_pl_stage[0].axis_reg_inst|use_reg                                                                                                                                                                                  ; 587                  ; 757    ;
; pcie_wrapper|pcie_ss.top|host_pcie.pcie_ss|pcie_ss|EP_PFTILE_WRAPPER.gen_pciess.u_pciess_p0|u_pciess|gen_sub.u_hipif|u_pciess_rx_if|u_pciess_rx_alignment|PU_SB_COM.rx_seg_pack_inst|GEN_BLK_512_256_128.GEN_BLK_HIPD_512_256_128_STAGE1.i_pciess_rx_2_seg_stage1|s_int[0].valid~0                             ; 582                  ; 884    ;
+----------------------------------------------------------------------------------------------------------------------------------------------------------------------------------------------------------------------------------------------------------------------------------------------------------------+----------------------+--------+


+--------------------------------------------------------------------------------------------------------------------------------------------------------------------------------+
; Delay Chain Summary                                                                                                                                                            ;
+-------------------------------+----------+---------------------+--------------------+----------------+-----------------------------------+-------------------------------------+
; Name                          ; Pin Type ; Input Delay Chain 0 ; Output Delay Chain ; OE Delay Chain ; IO_12_LANE Input Data Delay Chain ; IO_12_LANE Input Strobe Delay Chain ;
+-------------------------------+----------+---------------------+--------------------+----------------+-----------------------------------+-------------------------------------+
; ddr4_mem[1].a[0]              ; Output   ; --                  ; 0                  ; 0              ; --                                ; --                                  ;
; ddr4_mem[1].a[1]              ; Output   ; --                  ; 0                  ; 0              ; --                                ; --                                  ;
; ddr4_mem[1].a[2]              ; Output   ; --                  ; 0                  ; 0              ; --                                ; --                                  ;
; ddr4_mem[1].a[3]              ; Output   ; --                  ; 0                  ; 0              ; --                                ; --                                  ;
; ddr4_mem[1].a[4]              ; Output   ; --                  ; 0                  ; 0              ; --                                ; --                                  ;
; ddr4_mem[1].a[5]              ; Output   ; --                  ; 0                  ; 0              ; --                                ; --                                  ;
; ddr4_mem[1].a[6]              ; Output   ; --                  ; 0                  ; 0              ; --                                ; --                                  ;
; ddr4_mem[1].a[7]              ; Output   ; --                  ; 0                  ; 0              ; --                                ; --                                  ;
; ddr4_mem[1].a[8]              ; Output   ; --                  ; 0                  ; 0              ; --                                ; --                                  ;
; ddr4_mem[1].a[9]              ; Output   ; --                  ; 0                  ; 0              ; --                                ; --                                  ;
; ddr4_mem[1].a[10]             ; Output   ; --                  ; 0                  ; 0              ; --                                ; --                                  ;
; ddr4_mem[1].a[11]             ; Output   ; --                  ; 0                  ; 0              ; --                                ; --                                  ;
; ddr4_mem[1].a[12]             ; Output   ; --                  ; 0                  ; 0              ; --                                ; --                                  ;
; ddr4_mem[1].a[13]             ; Output   ; --                  ; 0                  ; 0              ; --                                ; --                                  ;
; ddr4_mem[1].a[14]             ; Output   ; --                  ; 0                  ; 0              ; --                                ; --                                  ;
; ddr4_mem[1].a[15]             ; Output   ; --                  ; 0                  ; 0              ; --                                ; --                                  ;
; ddr4_mem[1].a[16]             ; Output   ; --                  ; 0                  ; 0              ; --                                ; --                                  ;
; ddr4_mem[1].act_n             ; Output   ; --                  ; 0                  ; 0              ; --                                ; --                                  ;
; ddr4_mem[1].ba[0]             ; Output   ; --                  ; 0                  ; 0              ; --                                ; --                                  ;
; ddr4_mem[1].ba[1]             ; Output   ; --                  ; 0                  ; 0              ; --                                ; --                                  ;
; ddr4_mem[1].bg[0]             ; Output   ; --                  ; 0                  ; 0              ; --                                ; --                                  ;
; ddr4_mem[1].bg[1]             ; Output   ; --                  ; 0                  ; 0              ; --                                ; --                                  ;
; ddr4_mem[1].ck                ; Output   ; --                  ; 0                  ; 0              ; --                                ; --                                  ;
; ddr4_mem[1].ck_n              ; Output   ; --                  ; 0                  ; 0              ; --                                ; --                                  ;
; ddr4_mem[1].cke               ; Output   ; --                  ; 0                  ; 0              ; --                                ; --                                  ;
; ddr4_mem[1].cs_n              ; Output   ; --                  ; 0                  ; 0              ; --                                ; --                                  ;
; ddr4_mem[1].odt               ; Output   ; --                  ; 0                  ; 0              ; --                                ; --                                  ;
; ddr4_mem[1].par               ; Output   ; --                  ; 0                  ; 0              ; --                                ; --                                  ;
; ddr4_mem[1].reset_n           ; Output   ; --                  ; 0                  ; 0              ; --                                ; --                                  ;
; ddr4_mem[0].a[0]              ; Output   ; --                  ; 0                  ; 0              ; --                                ; --                                  ;
; ddr4_mem[0].a[1]              ; Output   ; --                  ; 0                  ; 0              ; --                                ; --                                  ;
; ddr4_mem[0].a[2]              ; Output   ; --                  ; 0                  ; 0              ; --                                ; --                                  ;
; ddr4_mem[0].a[3]              ; Output   ; --                  ; 0                  ; 0              ; --                                ; --                                  ;
; ddr4_mem[0].a[4]              ; Output   ; --                  ; 0                  ; 0              ; --                                ; --                                  ;
; ddr4_mem[0].a[5]              ; Output   ; --                  ; 0                  ; 0              ; --                                ; --                                  ;
; ddr4_mem[0].a[6]              ; Output   ; --                  ; 0                  ; 0              ; --                                ; --                                  ;
; ddr4_mem[0].a[7]              ; Output   ; --                  ; 0                  ; 0              ; --                                ; --                                  ;
; ddr4_mem[0].a[8]              ; Output   ; --                  ; 0                  ; 0              ; --                                ; --                                  ;
; ddr4_mem[0].a[9]              ; Output   ; --                  ; 0                  ; 0              ; --                                ; --                                  ;
; ddr4_mem[0].a[10]             ; Output   ; --                  ; 0                  ; 0              ; --                                ; --                                  ;
; ddr4_mem[0].a[11]             ; Output   ; --                  ; 0                  ; 0              ; --                                ; --                                  ;
; ddr4_mem[0].a[12]             ; Output   ; --                  ; 0                  ; 0              ; --                                ; --                                  ;
; ddr4_mem[0].a[13]             ; Output   ; --                  ; 0                  ; 0              ; --                                ; --                                  ;
; ddr4_mem[0].a[14]             ; Output   ; --                  ; 0                  ; 0              ; --                                ; --                                  ;
; ddr4_mem[0].a[15]             ; Output   ; --                  ; 0                  ; 0              ; --                                ; --                                  ;
; ddr4_mem[0].a[16]             ; Output   ; --                  ; 0                  ; 0              ; --                                ; --                                  ;
; ddr4_mem[0].act_n             ; Output   ; --                  ; 0                  ; 0              ; --                                ; --                                  ;
; ddr4_mem[0].ba[0]             ; Output   ; --                  ; 0                  ; 0              ; --                                ; --                                  ;
; ddr4_mem[0].ba[1]             ; Output   ; --                  ; 0                  ; 0              ; --                                ; --                                  ;
; ddr4_mem[0].bg[0]             ; Output   ; --                  ; 0                  ; 0              ; --                                ; --                                  ;
; ddr4_mem[0].bg[1]             ; Output   ; --                  ; 0                  ; 0              ; --                                ; --                                  ;
; ddr4_mem[0].ck                ; Output   ; --                  ; 0                  ; 0              ; --                                ; --                                  ;
; ddr4_mem[0].ck_n              ; Output   ; --                  ; 0                  ; 0              ; --                                ; --                                  ;
; ddr4_mem[0].cke               ; Output   ; --                  ; 0                  ; 0              ; --                                ; --                                  ;
; ddr4_mem[0].cs_n              ; Output   ; --                  ; 0                  ; 0              ; --                                ; --                                  ;
; ddr4_mem[0].odt               ; Output   ; --                  ; 0                  ; 0              ; --                                ; --                                  ;
; ddr4_mem[0].par               ; Output   ; --                  ; 0                  ; 0              ; --                                ; --                                  ;
; ddr4_mem[0].reset_n           ; Output   ; --                  ; 0                  ; 0              ; --                                ; --                                  ;
; PCIE_TX_P[0]                  ; Output   ; --                  ; 0                  ; --             ; --                                ; --                                  ;
; PCIE_TX_P[1]                  ; Output   ; --                  ; 0                  ; --             ; --                                ; --                                  ;
; PCIE_TX_P[2]                  ; Output   ; --                  ; 0                  ; --             ; --                                ; --                                  ;
; PCIE_TX_P[3]                  ; Output   ; --                  ; 0                  ; --             ; --                                ; --                                  ;
; PCIE_TX_P[4]                  ; Output   ; --                  ; 0                  ; --             ; --                                ; --                                  ;
; PCIE_TX_P[5]                  ; Output   ; --                  ; 0                  ; --             ; --                                ; --                                  ;
; PCIE_TX_P[6]                  ; Output   ; --                  ; 0                  ; --             ; --                                ; --                                  ;
; PCIE_TX_P[7]                  ; Output   ; --                  ; 0                  ; --             ; --                                ; --                                  ;
; PCIE_TX_P[8]                  ; Output   ; --                  ; 0                  ; --             ; --                                ; --                                  ;
; PCIE_TX_P[9]                  ; Output   ; --                  ; 0                  ; --             ; --                                ; --                                  ;
; PCIE_TX_P[10]                 ; Output   ; --                  ; 0                  ; --             ; --                                ; --                                  ;
; PCIE_TX_P[11]                 ; Output   ; --                  ; 0                  ; --             ; --                                ; --                                  ;
; PCIE_TX_P[12]                 ; Output   ; --                  ; 0                  ; --             ; --                                ; --                                  ;
; PCIE_TX_P[13]                 ; Output   ; --                  ; 0                  ; --             ; --                                ; --                                  ;
; PCIE_TX_P[14]                 ; Output   ; --                  ; 0                  ; --             ; --                                ; --                                  ;
; PCIE_TX_P[15]                 ; Output   ; --                  ; 0                  ; --             ; --                                ; --                                  ;
; PCIE_TX_N[0]                  ; Output   ; --                  ; 0                  ; --             ; --                                ; --                                  ;
; PCIE_TX_N[1]                  ; Output   ; --                  ; 0                  ; --             ; --                                ; --                                  ;
; PCIE_TX_N[2]                  ; Output   ; --                  ; 0                  ; --             ; --                                ; --                                  ;
; PCIE_TX_N[3]                  ; Output   ; --                  ; 0                  ; --             ; --                                ; --                                  ;
; PCIE_TX_N[4]                  ; Output   ; --                  ; 0                  ; --             ; --                                ; --                                  ;
; PCIE_TX_N[5]                  ; Output   ; --                  ; 0                  ; --             ; --                                ; --                                  ;
; PCIE_TX_N[6]                  ; Output   ; --                  ; 0                  ; --             ; --                                ; --                                  ;
; PCIE_TX_N[7]                  ; Output   ; --                  ; 0                  ; --             ; --                                ; --                                  ;
; PCIE_TX_N[8]                  ; Output   ; --                  ; 0                  ; --             ; --                                ; --                                  ;
; PCIE_TX_N[9]                  ; Output   ; --                  ; 0                  ; --             ; --                                ; --                                  ;
; PCIE_TX_N[10]                 ; Output   ; --                  ; 0                  ; --             ; --                                ; --                                  ;
; PCIE_TX_N[11]                 ; Output   ; --                  ; 0                  ; --             ; --                                ; --                                  ;
; PCIE_TX_N[12]                 ; Output   ; --                  ; 0                  ; --             ; --                                ; --                                  ;
; PCIE_TX_N[13]                 ; Output   ; --                  ; 0                  ; --             ; --                                ; --                                  ;
; PCIE_TX_N[14]                 ; Output   ; --                  ; 0                  ; --             ; --                                ; --                                  ;
; PCIE_TX_N[15]                 ; Output   ; --                  ; 0                  ; --             ; --                                ; --                                  ;
; bwbmc_bmc_irq                 ; Output   ; --                  ; 0                  ; --             ; --                                ; --                                  ;
; bwbmc_bmc_mst_en_n            ; Output   ; --                  ; 0                  ; --             ; --                                ; --                                  ;
; qsfp_ref_clk                  ; Input    ; 0                   ; --                 ; --             ; --                                ; --                                  ;
; ddr4_mem[1].dbi_n[0]          ; Bidir    ; 0                   ; 0                  ; 0              ; 125                               ; --                                  ;
; ddr4_mem[1].dbi_n[1]          ; Bidir    ; 0                   ; 0                  ; 0              ; 125                               ; --                                  ;
; ddr4_mem[1].dbi_n[2]          ; Bidir    ; 0                   ; 0                  ; 0              ; 125                               ; --                                  ;
; ddr4_mem[1].dbi_n[3]          ; Bidir    ; 0                   ; 0                  ; 0              ; 125                               ; --                                  ;
; ddr4_mem[1].dbi_n[4]          ; Bidir    ; 0                   ; 0                  ; 0              ; 125                               ; --                                  ;
; ddr4_mem[1].dbi_n[5]          ; Bidir    ; 0                   ; 0                  ; 0              ; 125                               ; --                                  ;
; ddr4_mem[1].dbi_n[6]          ; Bidir    ; 0                   ; 0                  ; 0              ; 125                               ; --                                  ;
; ddr4_mem[1].dbi_n[7]          ; Bidir    ; 0                   ; 0                  ; 0              ; 125                               ; --                                  ;
; ddr4_mem[1].dq[0]             ; Bidir    ; 0                   ; 0                  ; 0              ; 125                               ; --                                  ;
; ddr4_mem[1].dq[1]             ; Bidir    ; 0                   ; 0                  ; 0              ; 125                               ; --                                  ;
; ddr4_mem[1].dq[2]             ; Bidir    ; 0                   ; 0                  ; 0              ; 125                               ; --                                  ;
; ddr4_mem[1].dq[3]             ; Bidir    ; 0                   ; 0                  ; 0              ; 125                               ; --                                  ;
; ddr4_mem[1].dq[4]             ; Bidir    ; 0                   ; 0                  ; 0              ; 125                               ; --                                  ;
; ddr4_mem[1].dq[5]             ; Bidir    ; 0                   ; 0                  ; 0              ; 125                               ; --                                  ;
; ddr4_mem[1].dq[6]             ; Bidir    ; 0                   ; 0                  ; 0              ; 125                               ; --                                  ;
; ddr4_mem[1].dq[7]             ; Bidir    ; 0                   ; 0                  ; 0              ; 125                               ; --                                  ;
; ddr4_mem[1].dq[8]             ; Bidir    ; 0                   ; 0                  ; 0              ; 125                               ; --                                  ;
; ddr4_mem[1].dq[9]             ; Bidir    ; 0                   ; 0                  ; 0              ; 125                               ; --                                  ;
; ddr4_mem[1].dq[10]            ; Bidir    ; 0                   ; 0                  ; 0              ; 125                               ; --                                  ;
; ddr4_mem[1].dq[11]            ; Bidir    ; 0                   ; 0                  ; 0              ; 125                               ; --                                  ;
; ddr4_mem[1].dq[12]            ; Bidir    ; 0                   ; 0                  ; 0              ; 125                               ; --                                  ;
; ddr4_mem[1].dq[13]            ; Bidir    ; 0                   ; 0                  ; 0              ; 125                               ; --                                  ;
; ddr4_mem[1].dq[14]            ; Bidir    ; 0                   ; 0                  ; 0              ; 125                               ; --                                  ;
; ddr4_mem[1].dq[15]            ; Bidir    ; 0                   ; 0                  ; 0              ; 125                               ; --                                  ;
; ddr4_mem[1].dq[16]            ; Bidir    ; 0                   ; 0                  ; 0              ; 125                               ; --                                  ;
; ddr4_mem[1].dq[17]            ; Bidir    ; 0                   ; 0                  ; 0              ; 125                               ; --                                  ;
; ddr4_mem[1].dq[18]            ; Bidir    ; 0                   ; 0                  ; 0              ; 125                               ; --                                  ;
; ddr4_mem[1].dq[19]            ; Bidir    ; 0                   ; 0                  ; 0              ; 125                               ; --                                  ;
; ddr4_mem[1].dq[20]            ; Bidir    ; 0                   ; 0                  ; 0              ; 125                               ; --                                  ;
; ddr4_mem[1].dq[21]            ; Bidir    ; 0                   ; 0                  ; 0              ; 125                               ; --                                  ;
; ddr4_mem[1].dq[22]            ; Bidir    ; 0                   ; 0                  ; 0              ; 125                               ; --                                  ;
; ddr4_mem[1].dq[23]            ; Bidir    ; 0                   ; 0                  ; 0              ; 125                               ; --                                  ;
; ddr4_mem[1].dq[24]            ; Bidir    ; 0                   ; 0                  ; 0              ; 125                               ; --                                  ;
; ddr4_mem[1].dq[25]            ; Bidir    ; 0                   ; 0                  ; 0              ; 125                               ; --                                  ;
; ddr4_mem[1].dq[26]            ; Bidir    ; 0                   ; 0                  ; 0              ; 125                               ; --                                  ;
; ddr4_mem[1].dq[27]            ; Bidir    ; 0                   ; 0                  ; 0              ; 125                               ; --                                  ;
; ddr4_mem[1].dq[28]            ; Bidir    ; 0                   ; 0                  ; 0              ; 125                               ; --                                  ;
; ddr4_mem[1].dq[29]            ; Bidir    ; 0                   ; 0                  ; 0              ; 125                               ; --                                  ;
; ddr4_mem[1].dq[30]            ; Bidir    ; 0                   ; 0                  ; 0              ; 125                               ; --                                  ;
; ddr4_mem[1].dq[31]            ; Bidir    ; 0                   ; 0                  ; 0              ; 125                               ; --                                  ;
; ddr4_mem[1].dq[32]            ; Bidir    ; 0                   ; 0                  ; 0              ; 125                               ; --                                  ;
; ddr4_mem[1].dq[33]            ; Bidir    ; 0                   ; 0                  ; 0              ; 125                               ; --                                  ;
; ddr4_mem[1].dq[34]            ; Bidir    ; 0                   ; 0                  ; 0              ; 125                               ; --                                  ;
; ddr4_mem[1].dq[35]            ; Bidir    ; 0                   ; 0                  ; 0              ; 125                               ; --                                  ;
; ddr4_mem[1].dq[36]            ; Bidir    ; 0                   ; 0                  ; 0              ; 125                               ; --                                  ;
; ddr4_mem[1].dq[37]            ; Bidir    ; 0                   ; 0                  ; 0              ; 125                               ; --                                  ;
; ddr4_mem[1].dq[38]            ; Bidir    ; 0                   ; 0                  ; 0              ; 125                               ; --                                  ;
; ddr4_mem[1].dq[39]            ; Bidir    ; 0                   ; 0                  ; 0              ; 125                               ; --                                  ;
; ddr4_mem[1].dq[40]            ; Bidir    ; 0                   ; 0                  ; 0              ; 125                               ; --                                  ;
; ddr4_mem[1].dq[41]            ; Bidir    ; 0                   ; 0                  ; 0              ; 125                               ; --                                  ;
; ddr4_mem[1].dq[42]            ; Bidir    ; 0                   ; 0                  ; 0              ; 125                               ; --                                  ;
; ddr4_mem[1].dq[43]            ; Bidir    ; 0                   ; 0                  ; 0              ; 125                               ; --                                  ;
; ddr4_mem[1].dq[44]            ; Bidir    ; 0                   ; 0                  ; 0              ; 125                               ; --                                  ;
; ddr4_mem[1].dq[45]            ; Bidir    ; 0                   ; 0                  ; 0              ; 125                               ; --                                  ;
; ddr4_mem[1].dq[46]            ; Bidir    ; 0                   ; 0                  ; 0              ; 125                               ; --                                  ;
; ddr4_mem[1].dq[47]            ; Bidir    ; 0                   ; 0                  ; 0              ; 125                               ; --                                  ;
; ddr4_mem[1].dq[48]            ; Bidir    ; 0                   ; 0                  ; 0              ; 125                               ; --                                  ;
; ddr4_mem[1].dq[49]            ; Bidir    ; 0                   ; 0                  ; 0              ; 125                               ; --                                  ;
; ddr4_mem[1].dq[50]            ; Bidir    ; 0                   ; 0                  ; 0              ; 125                               ; --                                  ;
; ddr4_mem[1].dq[51]            ; Bidir    ; 0                   ; 0                  ; 0              ; 125                               ; --                                  ;
; ddr4_mem[1].dq[52]            ; Bidir    ; 0                   ; 0                  ; 0              ; 125                               ; --                                  ;
; ddr4_mem[1].dq[53]            ; Bidir    ; 0                   ; 0                  ; 0              ; 125                               ; --                                  ;
; ddr4_mem[1].dq[54]            ; Bidir    ; 0                   ; 0                  ; 0              ; 125                               ; --                                  ;
; ddr4_mem[1].dq[55]            ; Bidir    ; 0                   ; 0                  ; 0              ; 125                               ; --                                  ;
; ddr4_mem[1].dq[56]            ; Bidir    ; 0                   ; 0                  ; 0              ; 125                               ; --                                  ;
; ddr4_mem[1].dq[57]            ; Bidir    ; 0                   ; 0                  ; 0              ; 125                               ; --                                  ;
; ddr4_mem[1].dq[58]            ; Bidir    ; 0                   ; 0                  ; 0              ; 125                               ; --                                  ;
; ddr4_mem[1].dq[59]            ; Bidir    ; 0                   ; 0                  ; 0              ; 125                               ; --                                  ;
; ddr4_mem[1].dq[60]            ; Bidir    ; 0                   ; 0                  ; 0              ; 125                               ; --                                  ;
; ddr4_mem[1].dq[61]            ; Bidir    ; 0                   ; 0                  ; 0              ; 125                               ; --                                  ;
; ddr4_mem[1].dq[62]            ; Bidir    ; 0                   ; 0                  ; 0              ; 125                               ; --                                  ;
; ddr4_mem[1].dq[63]            ; Bidir    ; 0                   ; 0                  ; 0              ; 125                               ; --                                  ;
; ddr4_mem[1].dqs[0]            ; Bidir    ; 0                   ; 0                  ; 0              ; 0                                 ; 0                                   ;
; ddr4_mem[1].dqs[1]            ; Bidir    ; 0                   ; 0                  ; 0              ; 0                                 ; 0                                   ;
; ddr4_mem[1].dqs[2]            ; Bidir    ; 0                   ; 0                  ; 0              ; 0                                 ; 0                                   ;
; ddr4_mem[1].dqs[3]            ; Bidir    ; 0                   ; 0                  ; 0              ; 0                                 ; 0                                   ;
; ddr4_mem[1].dqs[4]            ; Bidir    ; 0                   ; 0                  ; 0              ; 0                                 ; 0                                   ;
; ddr4_mem[1].dqs[5]            ; Bidir    ; 0                   ; 0                  ; 0              ; 0                                 ; 0                                   ;
; ddr4_mem[1].dqs[6]            ; Bidir    ; 0                   ; 0                  ; 0              ; 0                                 ; 0                                   ;
; ddr4_mem[1].dqs[7]            ; Bidir    ; 0                   ; 0                  ; 0              ; 0                                 ; 0                                   ;
; ddr4_mem[1].dqs_n[0]          ; Bidir    ; 0                   ; 0                  ; 0              ; 0                                 ; 0                                   ;
; ddr4_mem[1].dqs_n[1]          ; Bidir    ; 0                   ; 0                  ; 0              ; 0                                 ; 0                                   ;
; ddr4_mem[1].dqs_n[2]          ; Bidir    ; 0                   ; 0                  ; 0              ; 0                                 ; 0                                   ;
; ddr4_mem[1].dqs_n[3]          ; Bidir    ; 0                   ; 0                  ; 0              ; 0                                 ; 0                                   ;
; ddr4_mem[1].dqs_n[4]          ; Bidir    ; 0                   ; 0                  ; 0              ; 0                                 ; 0                                   ;
; ddr4_mem[1].dqs_n[5]          ; Bidir    ; 0                   ; 0                  ; 0              ; 0                                 ; 0                                   ;
; ddr4_mem[1].dqs_n[6]          ; Bidir    ; 0                   ; 0                  ; 0              ; 0                                 ; 0                                   ;
; ddr4_mem[1].dqs_n[7]          ; Bidir    ; 0                   ; 0                  ; 0              ; 0                                 ; 0                                   ;
; ddr4_mem[0].dbi_n[0]          ; Bidir    ; 0                   ; 0                  ; 0              ; 125                               ; --                                  ;
; ddr4_mem[0].dbi_n[1]          ; Bidir    ; 0                   ; 0                  ; 0              ; 125                               ; --                                  ;
; ddr4_mem[0].dbi_n[2]          ; Bidir    ; 0                   ; 0                  ; 0              ; 125                               ; --                                  ;
; ddr4_mem[0].dbi_n[3]          ; Bidir    ; 0                   ; 0                  ; 0              ; 125                               ; --                                  ;
; ddr4_mem[0].dbi_n[4]          ; Bidir    ; 0                   ; 0                  ; 0              ; 125                               ; --                                  ;
; ddr4_mem[0].dbi_n[5]          ; Bidir    ; 0                   ; 0                  ; 0              ; 125                               ; --                                  ;
; ddr4_mem[0].dbi_n[6]          ; Bidir    ; 0                   ; 0                  ; 0              ; 125                               ; --                                  ;
; ddr4_mem[0].dbi_n[7]          ; Bidir    ; 0                   ; 0                  ; 0              ; 125                               ; --                                  ;
; ddr4_mem[0].dq[0]             ; Bidir    ; 0                   ; 0                  ; 0              ; 125                               ; --                                  ;
; ddr4_mem[0].dq[1]             ; Bidir    ; 0                   ; 0                  ; 0              ; 125                               ; --                                  ;
; ddr4_mem[0].dq[2]             ; Bidir    ; 0                   ; 0                  ; 0              ; 125                               ; --                                  ;
; ddr4_mem[0].dq[3]             ; Bidir    ; 0                   ; 0                  ; 0              ; 125                               ; --                                  ;
; ddr4_mem[0].dq[4]             ; Bidir    ; 0                   ; 0                  ; 0              ; 125                               ; --                                  ;
; ddr4_mem[0].dq[5]             ; Bidir    ; 0                   ; 0                  ; 0              ; 125                               ; --                                  ;
; ddr4_mem[0].dq[6]             ; Bidir    ; 0                   ; 0                  ; 0              ; 125                               ; --                                  ;
; ddr4_mem[0].dq[7]             ; Bidir    ; 0                   ; 0                  ; 0              ; 125                               ; --                                  ;
; ddr4_mem[0].dq[8]             ; Bidir    ; 0                   ; 0                  ; 0              ; 125                               ; --                                  ;
; ddr4_mem[0].dq[9]             ; Bidir    ; 0                   ; 0                  ; 0              ; 125                               ; --                                  ;
; ddr4_mem[0].dq[10]            ; Bidir    ; 0                   ; 0                  ; 0              ; 125                               ; --                                  ;
; ddr4_mem[0].dq[11]            ; Bidir    ; 0                   ; 0                  ; 0              ; 125                               ; --                                  ;
; ddr4_mem[0].dq[12]            ; Bidir    ; 0                   ; 0                  ; 0              ; 125                               ; --                                  ;
; ddr4_mem[0].dq[13]            ; Bidir    ; 0                   ; 0                  ; 0              ; 125                               ; --                                  ;
; ddr4_mem[0].dq[14]            ; Bidir    ; 0                   ; 0                  ; 0              ; 125                               ; --                                  ;
; ddr4_mem[0].dq[15]            ; Bidir    ; 0                   ; 0                  ; 0              ; 125                               ; --                                  ;
; ddr4_mem[0].dq[16]            ; Bidir    ; 0                   ; 0                  ; 0              ; 125                               ; --                                  ;
; ddr4_mem[0].dq[17]            ; Bidir    ; 0                   ; 0                  ; 0              ; 125                               ; --                                  ;
; ddr4_mem[0].dq[18]            ; Bidir    ; 0                   ; 0                  ; 0              ; 125                               ; --                                  ;
; ddr4_mem[0].dq[19]            ; Bidir    ; 0                   ; 0                  ; 0              ; 125                               ; --                                  ;
; ddr4_mem[0].dq[20]            ; Bidir    ; 0                   ; 0                  ; 0              ; 125                               ; --                                  ;
; ddr4_mem[0].dq[21]            ; Bidir    ; 0                   ; 0                  ; 0              ; 125                               ; --                                  ;
; ddr4_mem[0].dq[22]            ; Bidir    ; 0                   ; 0                  ; 0              ; 125                               ; --                                  ;
; ddr4_mem[0].dq[23]            ; Bidir    ; 0                   ; 0                  ; 0              ; 125                               ; --                                  ;
; ddr4_mem[0].dq[24]            ; Bidir    ; 0                   ; 0                  ; 0              ; 125                               ; --                                  ;
; ddr4_mem[0].dq[25]            ; Bidir    ; 0                   ; 0                  ; 0              ; 125                               ; --                                  ;
; ddr4_mem[0].dq[26]            ; Bidir    ; 0                   ; 0                  ; 0              ; 125                               ; --                                  ;
; ddr4_mem[0].dq[27]            ; Bidir    ; 0                   ; 0                  ; 0              ; 125                               ; --                                  ;
; ddr4_mem[0].dq[28]            ; Bidir    ; 0                   ; 0                  ; 0              ; 125                               ; --                                  ;
; ddr4_mem[0].dq[29]            ; Bidir    ; 0                   ; 0                  ; 0              ; 125                               ; --                                  ;
; ddr4_mem[0].dq[30]            ; Bidir    ; 0                   ; 0                  ; 0              ; 125                               ; --                                  ;
; ddr4_mem[0].dq[31]            ; Bidir    ; 0                   ; 0                  ; 0              ; 125                               ; --                                  ;
; ddr4_mem[0].dq[32]            ; Bidir    ; 0                   ; 0                  ; 0              ; 125                               ; --                                  ;
; ddr4_mem[0].dq[33]            ; Bidir    ; 0                   ; 0                  ; 0              ; 125                               ; --                                  ;
; ddr4_mem[0].dq[34]            ; Bidir    ; 0                   ; 0                  ; 0              ; 125                               ; --                                  ;
; ddr4_mem[0].dq[35]            ; Bidir    ; 0                   ; 0                  ; 0              ; 125                               ; --                                  ;
; ddr4_mem[0].dq[36]            ; Bidir    ; 0                   ; 0                  ; 0              ; 125                               ; --                                  ;
; ddr4_mem[0].dq[37]            ; Bidir    ; 0                   ; 0                  ; 0              ; 125                               ; --                                  ;
; ddr4_mem[0].dq[38]            ; Bidir    ; 0                   ; 0                  ; 0              ; 125                               ; --                                  ;
; ddr4_mem[0].dq[39]            ; Bidir    ; 0                   ; 0                  ; 0              ; 125                               ; --                                  ;
; ddr4_mem[0].dq[40]            ; Bidir    ; 0                   ; 0                  ; 0              ; 125                               ; --                                  ;
; ddr4_mem[0].dq[41]            ; Bidir    ; 0                   ; 0                  ; 0              ; 125                               ; --                                  ;
; ddr4_mem[0].dq[42]            ; Bidir    ; 0                   ; 0                  ; 0              ; 125                               ; --                                  ;
; ddr4_mem[0].dq[43]            ; Bidir    ; 0                   ; 0                  ; 0              ; 125                               ; --                                  ;
; ddr4_mem[0].dq[44]            ; Bidir    ; 0                   ; 0                  ; 0              ; 125                               ; --                                  ;
; ddr4_mem[0].dq[45]            ; Bidir    ; 0                   ; 0                  ; 0              ; 125                               ; --                                  ;
; ddr4_mem[0].dq[46]            ; Bidir    ; 0                   ; 0                  ; 0              ; 125                               ; --                                  ;
; ddr4_mem[0].dq[47]            ; Bidir    ; 0                   ; 0                  ; 0              ; 125                               ; --                                  ;
; ddr4_mem[0].dq[48]            ; Bidir    ; 0                   ; 0                  ; 0              ; 125                               ; --                                  ;
; ddr4_mem[0].dq[49]            ; Bidir    ; 0                   ; 0                  ; 0              ; 125                               ; --                                  ;
; ddr4_mem[0].dq[50]            ; Bidir    ; 0                   ; 0                  ; 0              ; 125                               ; --                                  ;
; ddr4_mem[0].dq[51]            ; Bidir    ; 0                   ; 0                  ; 0              ; 125                               ; --                                  ;
; ddr4_mem[0].dq[52]            ; Bidir    ; 0                   ; 0                  ; 0              ; 125                               ; --                                  ;
; ddr4_mem[0].dq[53]            ; Bidir    ; 0                   ; 0                  ; 0              ; 125                               ; --                                  ;
; ddr4_mem[0].dq[54]            ; Bidir    ; 0                   ; 0                  ; 0              ; 125                               ; --                                  ;
; ddr4_mem[0].dq[55]            ; Bidir    ; 0                   ; 0                  ; 0              ; 125                               ; --                                  ;
; ddr4_mem[0].dq[56]            ; Bidir    ; 0                   ; 0                  ; 0              ; 125                               ; --                                  ;
; ddr4_mem[0].dq[57]            ; Bidir    ; 0                   ; 0                  ; 0              ; 125                               ; --                                  ;
; ddr4_mem[0].dq[58]            ; Bidir    ; 0                   ; 0                  ; 0              ; 125                               ; --                                  ;
; ddr4_mem[0].dq[59]            ; Bidir    ; 0                   ; 0                  ; 0              ; 125                               ; --                                  ;
; ddr4_mem[0].dq[60]            ; Bidir    ; 0                   ; 0                  ; 0              ; 125                               ; --                                  ;
; ddr4_mem[0].dq[61]            ; Bidir    ; 0                   ; 0                  ; 0              ; 125                               ; --                                  ;
; ddr4_mem[0].dq[62]            ; Bidir    ; 0                   ; 0                  ; 0              ; 125                               ; --                                  ;
; ddr4_mem[0].dq[63]            ; Bidir    ; 0                   ; 0                  ; 0              ; 125                               ; --                                  ;
; ddr4_mem[0].dqs[0]            ; Bidir    ; 0                   ; 0                  ; 0              ; 0                                 ; 0                                   ;
; ddr4_mem[0].dqs[1]            ; Bidir    ; 0                   ; 0                  ; 0              ; 0                                 ; 0                                   ;
; ddr4_mem[0].dqs[2]            ; Bidir    ; 0                   ; 0                  ; 0              ; 0                                 ; 0                                   ;
; ddr4_mem[0].dqs[3]            ; Bidir    ; 0                   ; 0                  ; 0              ; 0                                 ; 0                                   ;
; ddr4_mem[0].dqs[4]            ; Bidir    ; 0                   ; 0                  ; 0              ; 0                                 ; 0                                   ;
; ddr4_mem[0].dqs[5]            ; Bidir    ; 0                   ; 0                  ; 0              ; 0                                 ; 0                                   ;
; ddr4_mem[0].dqs[6]            ; Bidir    ; 0                   ; 0                  ; 0              ; 0                                 ; 0                                   ;
; ddr4_mem[0].dqs[7]            ; Bidir    ; 0                   ; 0                  ; 0              ; 0                                 ; 0                                   ;
; ddr4_mem[0].dqs_n[0]          ; Bidir    ; 0                   ; 0                  ; 0              ; 0                                 ; 0                                   ;
; ddr4_mem[0].dqs_n[1]          ; Bidir    ; 0                   ; 0                  ; 0              ; 0                                 ; 0                                   ;
; ddr4_mem[0].dqs_n[2]          ; Bidir    ; 0                   ; 0                  ; 0              ; 0                                 ; 0                                   ;
; ddr4_mem[0].dqs_n[3]          ; Bidir    ; 0                   ; 0                  ; 0              ; 0                                 ; 0                                   ;
; ddr4_mem[0].dqs_n[4]          ; Bidir    ; 0                   ; 0                  ; 0              ; 0                                 ; 0                                   ;
; ddr4_mem[0].dqs_n[5]          ; Bidir    ; 0                   ; 0                  ; 0              ; 0                                 ; 0                                   ;
; ddr4_mem[0].dqs_n[6]          ; Bidir    ; 0                   ; 0                  ; 0              ; 0                                 ; 0                                   ;
; ddr4_mem[0].dqs_n[7]          ; Bidir    ; 0                   ; 0                  ; 0              ; 0                                 ; 0                                   ;
; bwbmc_fpga_max_miso           ; Bidir    ; --                  ; 0                  ; 0              ; --                                ; --                                  ;
; ddr4_mem_ref_clk[0].oct_rzqin ; Input    ; 0                   ; --                 ; --             ; --                                ; --                                  ;
; ddr4_mem_ref_clk[1].oct_rzqin ; Input    ; 0                   ; --                 ; --             ; --                                ; --                                  ;
; ddr4_mem[0].alert_n           ; Input    ; 0                   ; --                 ; --             ; 125                               ; --                                  ;
; ddr4_mem[1].alert_n           ; Input    ; 0                   ; --                 ; --             ; 125                               ; --                                  ;
; PCIE_RESET_N                  ; Input    ; 0                   ; --                 ; --             ; --                                ; --                                  ;
; PCIE_REFCLK0                  ; Input    ; 0                   ; --                 ; --             ; --                                ; --                                  ;
; PCIE_REFCLK1                  ; Input    ; 0                   ; --                 ; --             ; --                                ; --                                  ;
; PCIE_RX_N[0]                  ; Input    ; 0                   ; --                 ; --             ; --                                ; --                                  ;
; PCIE_RX_N[10]                 ; Input    ; 0                   ; --                 ; --             ; --                                ; --                                  ;
; PCIE_RX_N[11]                 ; Input    ; 0                   ; --                 ; --             ; --                                ; --                                  ;
; PCIE_RX_N[12]                 ; Input    ; 0                   ; --                 ; --             ; --                                ; --                                  ;
; PCIE_RX_N[13]                 ; Input    ; 0                   ; --                 ; --             ; --                                ; --                                  ;
; PCIE_RX_N[14]                 ; Input    ; 0                   ; --                 ; --             ; --                                ; --                                  ;
; PCIE_RX_N[15]                 ; Input    ; 0                   ; --                 ; --             ; --                                ; --                                  ;
; PCIE_RX_N[1]                  ; Input    ; 0                   ; --                 ; --             ; --                                ; --                                  ;
; PCIE_RX_N[2]                  ; Input    ; 0                   ; --                 ; --             ; --                                ; --                                  ;
; PCIE_RX_N[3]                  ; Input    ; 0                   ; --                 ; --             ; --                                ; --                                  ;
; PCIE_RX_N[4]                  ; Input    ; 0                   ; --                 ; --             ; --                                ; --                                  ;
; PCIE_RX_N[5]                  ; Input    ; 0                   ; --                 ; --             ; --                                ; --                                  ;
; PCIE_RX_N[6]                  ; Input    ; 0                   ; --                 ; --             ; --                                ; --                                  ;
; PCIE_RX_N[7]                  ; Input    ; 0                   ; --                 ; --             ; --                                ; --                                  ;
; PCIE_RX_N[8]                  ; Input    ; 0                   ; --                 ; --             ; --                                ; --                                  ;
; PCIE_RX_N[9]                  ; Input    ; 0                   ; --                 ; --             ; --                                ; --                                  ;
; PCIE_RX_P[0]                  ; Input    ; 0                   ; --                 ; --             ; --                                ; --                                  ;
; PCIE_RX_P[10]                 ; Input    ; 0                   ; --                 ; --             ; --                                ; --                                  ;
; PCIE_RX_P[11]                 ; Input    ; 0                   ; --                 ; --             ; --                                ; --                                  ;
; PCIE_RX_P[12]                 ; Input    ; 0                   ; --                 ; --             ; --                                ; --                                  ;
; PCIE_RX_P[13]                 ; Input    ; 0                   ; --                 ; --             ; --                                ; --                                  ;
; PCIE_RX_P[14]                 ; Input    ; 0                   ; --                 ; --             ; --                                ; --                                  ;
; PCIE_RX_P[15]                 ; Input    ; 0                   ; --                 ; --             ; --                                ; --                                  ;
; PCIE_RX_P[1]                  ; Input    ; 0                   ; --                 ; --             ; --                                ; --                                  ;
; PCIE_RX_P[2]                  ; Input    ; 0                   ; --                 ; --             ; --                                ; --                                  ;
; PCIE_RX_P[3]                  ; Input    ; 0                   ; --                 ; --             ; --                                ; --                                  ;
; PCIE_RX_P[4]                  ; Input    ; 0                   ; --                 ; --             ; --                                ; --                                  ;
; PCIE_RX_P[5]                  ; Input    ; 0                   ; --                 ; --             ; --                                ; --                                  ;
; PCIE_RX_P[6]                  ; Input    ; 0                   ; --                 ; --             ; --                                ; --                                  ;
; PCIE_RX_P[7]                  ; Input    ; 0                   ; --                 ; --             ; --                                ; --                                  ;
; PCIE_RX_P[8]                  ; Input    ; 0                   ; --                 ; --             ; --                                ; --                                  ;
; PCIE_RX_P[9]                  ; Input    ; 0                   ; --                 ; --             ; --                                ; --                                  ;
; SYS_REFCLK                    ; Input    ; 0                   ; --                 ; --             ; --                                ; --                                  ;
; ddr4_mem_ref_clk[0].clk       ; Input    ; 0                   ; --                 ; --             ; --                                ; --                                  ;
; ddr4_mem_ref_clk[1].clk       ; Input    ; 0                   ; --                 ; --             ; --                                ; --                                  ;
; bwbmc_fpga_spi_cs             ; Input    ; 0                   ; --                 ; --             ; --                                ; --                                  ;
; bwbmc_fpga_max_sclk           ; Input    ; 0                   ; --                 ; --             ; --                                ; --                                  ;
; bwbmc_fpga_max_mosi           ; Input    ; 0                   ; --                 ; --             ; --                                ; --                                  ;
; qsfp_ref_clk(n)               ; Input    ; 0                   ; --                 ; --             ; --                                ; --                                  ;
; PCIE_REFCLK0(n)               ; Input    ; 0                   ; --                 ; --             ; --                                ; --                                  ;
; PCIE_REFCLK1(n)               ; Input    ; 0                   ; --                 ; --             ; --                                ; --                                  ;
; SYS_REFCLK(n)                 ; Input    ; 0                   ; --                 ; --             ; --                                ; --                                  ;
; ddr4_mem_ref_clk[0].clk(n)    ; Input    ; 0                   ; --                 ; --             ; --                                ; --                                  ;
; ddr4_mem_ref_clk[1].clk(n)    ; Input    ; 0                   ; --                 ; --             ; --                                ; --                                  ;
+-------------------------------+----------+---------------------+--------------------+----------------+-----------------------------------+-------------------------------------+


+-------------------------------------------------------------+
; Routing Usage Summary                                       ;
+-----------------------------+-------------------------------+
; Routing Resource Type       ; Usage                         ;
+-----------------------------+-------------------------------+
; Block Input Mux Wrapbacks   ; 2,028 / 964,320 ( < 1 % )     ;
; Block Input Muxes           ; 572,636 / 10,561,600 ( 5 % )  ;
; Block interconnects         ; 449,131 / 12,385,280 ( 4 % )  ;
; C1 interconnects            ; 220,057 / 5,173,760 ( 4 % )   ;
; C4 interconnects            ; 87,645 / 4,933,120 ( 2 % )    ;
; C8 interconnects            ; 4,794 / 493,312 ( < 1 % )     ;
; DCM_muxes                   ; 86 / 1,152 ( 7 % )            ;
; DELAY_CHAINs                ; 56 / 32,048 ( < 1 % )         ;
; Direct links                ; 67,437 / 12,385,280 ( < 1 % ) ;
; HIO Buffers                 ; 1,144 / 73,472 ( 2 % )        ;
; Programmable Invert Buffers ; 56 / 560 ( 10 % )             ;
; Programmable Invert Inputs  ; 17,902 / 932,160 ( 2 % )      ;
; Programmable Inverts        ; 17,902 / 932,160 ( 2 % )      ;
; R0 interconnects            ; 318,530 / 8,632,960 ( 4 % )   ;
; R1 interconnects            ; 165,156 / 4,933,120 ( 3 % )   ;
; R12 interconnects           ; 8,800 / 739,968 ( 1 % )       ;
; R2 interconnects            ; 72,925 / 2,473,120 ( 3 % )    ;
; R4 interconnects            ; 60,631 / 2,486,240 ( 2 % )    ;
; R6 interconnects            ; 68,618 / 2,492,800 ( 3 % )    ;
; Redundancy Muxes            ; 2,410 / 145,648 ( 2 % )       ;
; Row Clock Tap-Offs          ; 13,138 / 739,968 ( 2 % )      ;
; Switchbox_clock_muxes       ; 1,084 / 23,040 ( 5 % )        ;
; VIO Buffers                 ; 1,125 / 22,400 ( 5 % )        ;
; Vertical_seam_tap_muxes     ; 1,090 / 12,288 ( 9 % )        ;
+-----------------------------+-------------------------------+


+----------------+
; Route Messages ;
+----------------+
Info: Loading device exerciser AFU...
Info: Compiling PR Base revision...
Info (20030): Parallel compilation is enabled and will use 18 of the 18 processors detected
Info: *******************************************************************
Info: Running Quartus Prime Fitter
    Info: Version 26.1.1 Build 130 08/06/2026 SC Pro Edition
    Info: Processing started: Fri Sep 18 22:38:51 2026
    Info: System process ID: 142018
Info: Command: quartus_fit --read_settings_files=on --write_settings_files=off ofs_top -c ofs_top
Info: Using INI file /home/uwb_student00/ahls/new_BSP/work_ia840f_fim_10/syn/board/ia840f/syn_top/quartus.ini
Info: qfit2_default_script.tcl version: #1
Info: Project  = ofs_top
Info: Revision = ofs_top
Info (22300): Design uses Placement Effort Multiplier = 1.0.
Info (170193): Fitter routing operations beginning
Info (20215): Router estimated peak short interconnect demand : 75% of right directional wire in region X252_Y0 to X263_Y7
    Info (20265): Estimated peak short right directional wire demand : 75% in region X252_Y0 to X263_Y7
    Info (20265): Estimated peak short left directional wire demand : 58% in region X252_Y0 to X263_Y7
    Info (20265): Estimated peak short up directional wire demand : 49% in region X252_Y8 to X263_Y15
    Info (20265): Estimated peak short down directional wire demand : 67% in region X24_Y40 to X35_Y47
Info (20215): Router estimated peak long high speed interconnect demand : 245% of right directional wire in region X0_Y120 to X11_Y127
    Info (20265): Estimated peak long high speed right directional wire demand : 245% in region X0_Y120 to X11_Y127
    Info (20265): Estimated peak long high speed left directional wire demand : 97% in region X228_Y8 to X239_Y15
    Info (20265): Estimated peak long high speed up directional wire demand : 155% in region X24_Y72 to X35_Y79
    Info (20265): Estimated peak long high speed down directional wire demand : 117% in region X72_Y8 to X83_Y15
    Info (20315): Note that the router may use short wires to implement long connections at higher delay
Info (170239): Router is attempting to preserve 0.02 percent of routes from an earlier compilation, a user specified Routing Constraints File, or internal routing requirements.
Info (11888): Total time spent on timing analysis during Routing is 46.25 seconds.
Info: Adding extra slack to base iopll clock crossings...
Info: Applying high frequency constraint to FIM user clock during quartus_fit.
Info (21077): Low junction temperature is 0 degrees C
Info (21077): High junction temperature is 100 degrees C
Info (16607): Fitter routing operations ending: elapsed time is 00:05:36


+---------------------------------------------------------------------------------------------------------------------------------------------------------------------------------------------------------------------------------------------------------------------------------------------------------------------+
; Estimated Delay Added for Hold Timing Summary                                                                                                                                                                                                                                                                       ;
+------------------------------------------------------------------------------------------------------------------------------------------------+------------------------------------------------------------------------------------------------------------------------------------------------+-------------------+
; Source Clock(s)                                                                                                                                ; Destination Clock(s)                                                                                                                           ; Delay Added in ns ;
+------------------------------------------------------------------------------------------------------------------------------------------------+------------------------------------------------------------------------------------------------------------------------------------------------+-------------------+
; sys_pll|iopll_0_clk_100m                                                                                                                       ; sys_pll|iopll_0_clk_100m                                                                                                                       ; 38.5              ;
; sys_pll|iopll_0_clk_sys                                                                                                                        ; sys_pll|iopll_0_clk_sys                                                                                                                        ; 32.7              ;
; bwbmc_fpga_max_sclk                                                                                                                            ; bwbmc_fpga_max_sclk                                                                                                                            ; 30.0              ;
; local_mem_wrapper|mem_ss_top|mem_ss_sv|mem_ss|mem_ss|emif_0|emif_0_core_usr_clk                                                                ; local_mem_wrapper|mem_ss_top|mem_ss_sv|mem_ss|mem_ss|emif_0|emif_0_core_usr_clk                                                                ; 16.7              ;
; local_mem_wrapper|mem_ss_top|mem_ss_sv|mem_ss|mem_ss|emif_1|emif_1_core_usr_clk                                                                ; local_mem_wrapper|mem_ss_top|mem_ss_sv|mem_ss|mem_ss|emif_1|emif_1_core_usr_clk                                                                ; 12.4              ;
; sys_pll|iopll_0_clk_100m                                                                                                                       ; altera_int_osc_clk                                                                                                                             ; 12.0              ;
; altera_int_osc_clk                                                                                                                             ; sys_pll|iopll_0_clk_100m                                                                                                                       ; 11.7              ;
; pcie_wrapper|pcie_ss.top|host_pcie.pcie_ss|pcie_ss|gen_ptile.u_ptile|intel_pcie_ptile_ast_qhip|inst|inst|maib_and_tile|xcvr_hip_native|rx_ch15 ; pcie_wrapper|pcie_ss.top|host_pcie.pcie_ss|pcie_ss|gen_ptile.u_ptile|intel_pcie_ptile_ast_qhip|inst|inst|maib_and_tile|xcvr_hip_native|rx_ch15 ; 6.6               ;
; pcie_wrapper|pcie_ss.top|host_pcie.pcie_ss|pcie_ss|gen_ptile.u_ptile|intel_pcie_ptile_ast_qhip|inst|inst|maib_and_tile|xcvr_hip_native|rx_ch15 ; sys_pll|iopll_0_clk_100m                                                                                                                       ; 5.7               ;
; local_mem_wrapper|mem_ss_top|mem_ss_sv|mem_ss|mem_ss|emif_0|emif_0_core_usr_clk                                                                ; sys_pll|iopll_0_clk_sys                                                                                                                        ; 5.4               ;
; sys_pll|iopll_0_clk_sys                                                                                                                        ; local_mem_wrapper|mem_ss_top|mem_ss_sv|mem_ss|mem_ss|emif_0|emif_0_core_usr_clk                                                                ; 5.4               ;
; sys_pll|iopll_0_clk_100m                                                                                                                       ; pcie_wrapper|pcie_ss.top|host_pcie.pcie_ss|pcie_ss|gen_ptile.u_ptile|intel_pcie_ptile_ast_qhip|inst|inst|maib_and_tile|xcvr_hip_native|rx_ch15 ; 5.1               ;
; sys_pll|iopll_0_clk_100m                                                                                                                       ; sys_pll|iopll_0_clk_sys                                                                                                                        ; 5.1               ;
; sys_pll|iopll_0_clk_sys                                                                                                                        ; sys_pll|iopll_0_clk_100m                                                                                                                       ; 4.8               ;
; sys_pll|iopll_0_clk_sys                                                                                                                        ; pcie_wrapper|pcie_ss.top|host_pcie.pcie_ss|pcie_ss|gen_ptile.u_ptile|intel_pcie_ptile_ast_qhip|inst|inst|maib_and_tile|xcvr_hip_native|rx_ch15 ; 4.2               ;
; pcie_wrapper|pcie_ss.top|host_pcie.pcie_ss|pcie_ss|gen_ptile.u_ptile|intel_pcie_ptile_ast_qhip|inst|inst|maib_and_tile|xcvr_hip_native|rx_ch15 ; sys_pll|iopll_0_clk_sys                                                                                                                        ; 4.2               ;
+------------------------------------------------------------------------------------------------------------------------------------------------+------------------------------------------------------------------------------------------------------------------------------------------------+-------------------+
Note: For more information on problematic transfers, consider running the Fitter again with the Optimize hold timing option (Settings Menu) turned off.
This will disable optimization of problematic paths and expose them for further analysis using the Timing Analyzer.


+-----------------------------------------------------------------------------------------------------------------------------------------------------------------------------------------------------------------------------------------------------------------------------------------------------------------------------------------------------------------------------------------------------------------------------------------------------------------------------------------------------------------------------------------------------------------------------------------------------------------------------------------------------------------------------+
; Estimated Delay Added for Hold Timing Details                                                                                                                                                                                                                                                                                                                                                                                                                                                                                                                                                                                                                               ;
+------------------------------------------------------------------------------------------------------------------------------------------------------------------------------------------------------------------------------------------------------------------------------------------------------------------------+--------------------------------------------------------------------------------------------------------------------------------------------------------------------------------------------------------------------------------------------------------------------------------------------------------------------------------+-------------------+
; Source Register                                                                                                                                                                                                                                                                                                        ; Destination Register                                                                                                                                                                                                                                                                                                           ; Delay Added in ns ;
+------------------------------------------------------------------------------------------------------------------------------------------------------------------------------------------------------------------------------------------------------------------------------------------------------------------------+--------------------------------------------------------------------------------------------------------------------------------------------------------------------------------------------------------------------------------------------------------------------------------------------------------------------------------+-------------------+
; local_mem_wrapper|mem_ss_top|mem_ss_sv|mem_ss|mem_ss|mem_reset_ctrl|mem_reset_ctrl|reset_ctrl_impl|local_reset_req[1]                                                                                                                                                                                                  ; local_mem_wrapper|mem_ss_top|mem_ss_sv|mem_ss|mem_ss|emif_1|emif_1|arch|arch_inst|non_hps.core_clks_rsts_inst|local_reset_req_sync_gen_master.local_reset_req_sync_inst|din_s1                                                                                                                                                 ; 1.428             ;
; afu_top|sr_afu.fim_afu_instances|afu_gen[0].bwbmc_gen.bwbmc_wrapper|bw_840_support|bmc_spi_sub_0|bmc_spi_to_avmm|bmc_spi_to_avmm|the_spislave_inst_for_spichain|the_SPIPhy|SPIPhy_MISOctl|sync_miso_ack|dreg[0]                                                                                                        ; afu_top|sr_afu.fim_afu_instances|afu_gen[0].bwbmc_gen.bwbmc_wrapper|bw_840_support|bmc_spi_sub_0|bmc_spi_to_avmm|bmc_spi_to_avmm|the_spislave_inst_for_spichain|the_SPIPhy|SPIPhy_MISOctl|loadstsinkdata                                                                                                                       ; 0.798             ;
; afu_top|sr_afu.fim_afu_instances|afu_gen[0].bwbmc_gen.bwbmc_wrapper|bw_840_support|bmc_spi_sub_0|bmc_spi_to_avmm|bmc_spi_to_avmm|the_spislave_inst_for_spichain|the_SPIPhy|SPIPhy_MOSIctl|sync_mosi_ack|din_s1                                                                                                         ; afu_top|sr_afu.fim_afu_instances|afu_gen[0].bwbmc_gen.bwbmc_wrapper|bw_840_support|bmc_spi_sub_0|bmc_spi_to_avmm|bmc_spi_to_avmm|the_spislave_inst_for_spichain|the_SPIPhy|SPIPhy_MOSIctl|sync_mosi_ack|dreg[0]                                                                                                                ; 0.795             ;
; afu_top|sr_afu.fim_afu_instances|afu_gen[0].bwbmc_gen.bwbmc_wrapper|bw_840_support|bmc_spi_sub_0|bmc_spi_to_avmm|bmc_spi_to_avmm|the_spislave_inst_for_spichain|the_SPIPhy|SPIPhy_MOSIctl|sync_mosi_ack|dreg[0]                                                                                                        ; afu_top|sr_afu.fim_afu_instances|afu_gen[0].bwbmc_gen.bwbmc_wrapper|bw_840_support|bmc_spi_sub_0|bmc_spi_to_avmm|bmc_spi_to_avmm|the_spislave_inst_for_spichain|the_SPIPhy|SPIPhy_MOSIctl|sendsetvalid                                                                                                                         ; 0.787             ;
; afu_top|sr_afu.fim_afu_instances|afu_gen[0].bwbmc_gen.bwbmc_wrapper|bw_840_support|bmc_spi_sub_0|bmc_spi_to_avmm|bmc_spi_to_avmm|the_spislave_inst_for_spichain|the_SPIPhy|SPIPhy_MISOctl|sync_miso_ack|din_s1                                                                                                         ; afu_top|sr_afu.fim_afu_instances|afu_gen[0].bwbmc_gen.bwbmc_wrapper|bw_840_support|bmc_spi_sub_0|bmc_spi_to_avmm|bmc_spi_to_avmm|the_spislave_inst_for_spichain|the_SPIPhy|SPIPhy_MISOctl|sync_miso_ack|dreg[0]                                                                                                                ; 0.779             ;
; afu_top|sr_afu.fim_afu_instances|afu_gen[0].bwbmc_gen.bwbmc_wrapper|bw_840_support|bmc_spi_sub_0|bmc_spi_to_avmm|bmc_spi_to_avmm|the_spislave_inst_for_spichain|the_SPIPhy|SPIPhy_MOSIctl|wrshiftreg[5]                                                                                                                ; afu_top|sr_afu.fim_afu_instances|afu_gen[0].bwbmc_gen.bwbmc_wrapper|bw_840_support|bmc_spi_sub_0|bmc_spi_to_avmm|bmc_spi_to_avmm|the_spislave_inst_for_spichain|the_SPIPhy|SPIPhy_MOSIctl|wrshiftreg[6]                                                                                                                        ; 0.765             ;
; afu_top|sr_afu.fim_afu_instances|afu_gen[0].bwbmc_gen.bwbmc_wrapper|bw_840_support|bmc_spi_sub_0|bmc_spi_to_avmm|bmc_spi_to_avmm|the_spislave_inst_for_spichain|the_SPIPhy|SPIPhy_MOSIctl|wrshiftreg[0]                                                                                                                ; afu_top|sr_afu.fim_afu_instances|afu_gen[0].bwbmc_gen.bwbmc_wrapper|bw_840_support|bmc_spi_sub_0|bmc_spi_to_avmm|bmc_spi_to_avmm|the_spislave_inst_for_spichain|the_SPIPhy|SPIPhy_MOSIctl|wrshiftreg[1]                                                                                                                        ; 0.757             ;
; afu_top|sr_afu.fim_afu_instances|afu_gen[0].bwbmc_gen.bwbmc_wrapper|bw_840_support|bmc_spi_sub_0|bmc_spi_to_avmm|bmc_spi_to_avmm|the_spislave_inst_for_spichain|the_SPIPhy|SPIPhy_MOSIctl|wrshiftreg[6]                                                                                                                ; afu_top|sr_afu.fim_afu_instances|afu_gen[0].bwbmc_gen.bwbmc_wrapper|bw_840_support|bmc_spi_sub_0|bmc_spi_to_avmm|bmc_spi_to_avmm|the_spislave_inst_for_spichain|the_SPIPhy|SPIPhy_MOSIctl|stsourcedata[7]                                                                                                                      ; 0.745             ;
; afu_top|sr_afu.fim_afu_instances|afu_gen[0].bwbmc_gen.bwbmc_wrapper|bw_840_support|bmc_spi_sub_0|bmc_spi_to_avmm|bmc_spi_to_avmm|the_spislave_inst_for_spichain|the_SPIPhy|SPIPhy_MOSIctl|wrshiftreg[3]                                                                                                                ; afu_top|sr_afu.fim_afu_instances|afu_gen[0].bwbmc_gen.bwbmc_wrapper|bw_840_support|bmc_spi_sub_0|bmc_spi_to_avmm|bmc_spi_to_avmm|the_spislave_inst_for_spichain|the_SPIPhy|SPIPhy_MOSIctl|wrshiftreg[4]                                                                                                                        ; 0.745             ;
; afu_top|sr_afu.fim_afu_instances|afu_gen[0].bwbmc_gen.bwbmc_wrapper|bw_840_support|bmc_spi_sub_0|bmc_spi_to_avmm|bmc_spi_to_avmm|the_spislave_inst_for_spichain|the_SPIPhy|SPIPhy_MOSIctl|wrshiftreg[1]                                                                                                                ; afu_top|sr_afu.fim_afu_instances|afu_gen[0].bwbmc_gen.bwbmc_wrapper|bw_840_support|bmc_spi_sub_0|bmc_spi_to_avmm|bmc_spi_to_avmm|the_spislave_inst_for_spichain|the_SPIPhy|SPIPhy_MOSIctl|wrshiftreg[2]                                                                                                                        ; 0.738             ;
; afu_top|sr_afu.fim_afu_instances|afu_gen[0].bwbmc_gen.bwbmc_wrapper|bw_840_support|bmc_spi_sub_0|bmc_spi_to_avmm|bmc_spi_to_avmm|the_spislave_inst_for_spichain|the_SPIPhy|SPIPhy_MOSIctl|wrshiftreg[4]                                                                                                                ; afu_top|sr_afu.fim_afu_instances|afu_gen[0].bwbmc_gen.bwbmc_wrapper|bw_840_support|bmc_spi_sub_0|bmc_spi_to_avmm|bmc_spi_to_avmm|the_spislave_inst_for_spichain|the_SPIPhy|SPIPhy_MOSIctl|stsourcedata[5]                                                                                                                      ; 0.715             ;
; afu_top|sr_afu.fim_afu_instances|afu_gen[0].bwbmc_gen.bwbmc_wrapper|bw_840_support|bmc_spi_sub_0|bmc_spi_to_avmm|bmc_spi_to_avmm|the_spislave_inst_for_spichain|the_SPIPhy|SPIPhy_MOSIctl|wrshiftreg[2]                                                                                                                ; afu_top|sr_afu.fim_afu_instances|afu_gen[0].bwbmc_gen.bwbmc_wrapper|bw_840_support|bmc_spi_sub_0|bmc_spi_to_avmm|bmc_spi_to_avmm|the_spislave_inst_for_spichain|the_SPIPhy|SPIPhy_MOSIctl|stsourcedata[3]                                                                                                                      ; 0.713             ;
; local_mem_wrapper|mem_ss_top|mem_ss_sv|mem_ss|mem_ss|emif_1|emif_1|arch|arch_inst|local_reset_inst|non_hps.local_reset_done_r                                                                                                                                                                                          ; local_mem_wrapper|mem_ss_top|mem_ss_sv|mem_ss|mem_ss|mem_reset_ctrl|mem_reset_ctrl|reset_ctrl_impl|fm_emif[1].local_reset_done_sync_inst|din_s1                                                                                                                                                                                ; 0.395             ;
; local_mem_wrapper|mem_ss_top|mem_ss_sv|mem_ss|mem_ss|emif_0|emif_0|arch|arch_inst|hmc.amm.amm.data_if_inst|amm_readdata_0[504]                                                                                                                                                                                         ; local_mem_wrapper|mem_ss_top|mem_ss_sv|mem_ss|mem_ss|msa_0|msa_0|msa_adapter|ddrx_ctrl_rdata_d[504]                                                                                                                                                                                                                            ; 0.251             ;
; local_mem_wrapper|mem_ss_top|mem_ss_sv|mem_ss|mem_ss|emif_0|emif_0|arch|arch_inst|hmc.amm.amm.data_if_inst|amm_readdata_0[184]                                                                                                                                                                                         ; local_mem_wrapper|mem_ss_top|mem_ss_sv|mem_ss|mem_ss|msa_0|msa_0|msa_adapter|ddrx_ctrl_rdata_d[184]                                                                                                                                                                                                                            ; 0.234             ;
; local_mem_wrapper|mem_ss_top|mem_ss_sv|mem_ss|mem_ss|emif_0|emif_0|arch|arch_inst|hmc.amm.amm.data_if_inst|amm_readdata_0[60]                                                                                                                                                                                          ; local_mem_wrapper|mem_ss_top|mem_ss_sv|mem_ss|mem_ss|msa_0|msa_0|msa_adapter|ddrx_ctrl_rdata_d[60]                                                                                                                                                                                                                             ; 0.227             ;
; local_mem_wrapper|mem_ss_top|mem_ss_sv|mem_ss|mem_ss|emif_0|emif_0|arch|arch_inst|hmc.amm.amm.data_if_inst|amm_readdata_0[492]                                                                                                                                                                                         ; local_mem_wrapper|mem_ss_top|mem_ss_sv|mem_ss|mem_ss|msa_0|msa_0|msa_adapter|ddrx_ctrl_rdata_d[492]                                                                                                                                                                                                                            ; 0.226             ;
; local_mem_wrapper|mem_ss_top|mem_ss_sv|mem_ss|mem_ss|emif_0|emif_0|arch|arch_inst|hmc.amm.amm.data_if_inst|amm_readdata_0[376]                                                                                                                                                                                         ; local_mem_wrapper|mem_ss_top|mem_ss_sv|mem_ss|mem_ss|msa_0|msa_0|msa_adapter|ddrx_ctrl_rdata_d[376]                                                                                                                                                                                                                            ; 0.218             ;
; local_mem_wrapper|mem_ss_top|mem_ss_sv|mem_ss|mem_ss|emif_0|emif_0|arch|arch_inst|hmc.amm.amm.data_if_inst|amm_readdata_0[236]                                                                                                                                                                                         ; local_mem_wrapper|mem_ss_top|mem_ss_sv|mem_ss|mem_ss|msa_0|msa_0|msa_adapter|ddrx_ctrl_rdata_d[236]                                                                                                                                                                                                                            ; 0.215             ;
; local_mem_wrapper|mem_ss_top|mem_ss_sv|mem_ss|mem_ss|emif_0|emif_0|arch|arch_inst|hmc.amm.amm.data_if_inst|amm_readdata_0[446]                                                                                                                                                                                         ; local_mem_wrapper|mem_ss_top|mem_ss_sv|mem_ss|mem_ss|msa_0|msa_0|msa_adapter|ddrx_ctrl_rdata_d[446]                                                                                                                                                                                                                            ; 0.213             ;
; local_mem_wrapper|mem_ss_top|mem_ss_sv|mem_ss|mem_ss|emif_0|emif_0|arch|arch_inst|hmc.amm.amm.data_if_inst|amm_readdata_0[126]                                                                                                                                                                                         ; local_mem_wrapper|mem_ss_top|mem_ss_sv|mem_ss|mem_ss|msa_0|msa_0|msa_adapter|ddrx_ctrl_rdata_d[126]                                                                                                                                                                                                                            ; 0.204             ;
; local_mem_wrapper|mem_ss_top|mem_ss_sv|mem_ss|mem_ss|emif_0|emif_0|arch|arch_inst|hmc.amm.amm.data_if_inst|amm_readdata_0[120]                                                                                                                                                                                         ; local_mem_wrapper|mem_ss_top|mem_ss_sv|mem_ss|mem_ss|msa_0|msa_0|msa_adapter|ddrx_ctrl_rdata_d[120]                                                                                                                                                                                                                            ; 0.200             ;
; local_mem_wrapper|mem_ss_top|mem_ss_sv|mem_ss|mem_ss|emif_0|emif_0|arch|arch_inst|hmc.amm.amm.data_if_inst|amm_readdata_0[382]                                                                                                                                                                                         ; local_mem_wrapper|mem_ss_top|mem_ss_sv|mem_ss|mem_ss|msa_0|msa_0|msa_adapter|ddrx_ctrl_rdata_d[382]                                                                                                                                                                                                                            ; 0.197             ;
; pcie_wrapper|pcie_ss.top|host_pcie.pcie_ss|pcie_ss|EP_PFTILE_WRAPPER.gen_pciess.u_pciess_p0|u_pciess|gen_sub.u_hipif|EP_CFG_IF.u_pciess_cfg_if|EP_CSR.u_pciess_hia_csr|readdatavalid                                                                                                                                   ; pcie_wrapper|PCIE_LINKS[0].pcie_ss_if|pcie_ss_csr_if|axi4lite_indirect_csr_if|i195~1_ERTM3                                                                                                                                                                                                                                     ; 0.195             ;
; local_mem_wrapper|mem_ss_top|mem_ss_sv|mem_ss|mem_ss|emif_0|emif_0|arch|arch_inst|hmc.amm.amm.data_if_inst|amm_readdata_0[510]                                                                                                                                                                                         ; local_mem_wrapper|mem_ss_top|mem_ss_sv|mem_ss|mem_ss|msa_0|msa_0|msa_adapter|ddrx_ctrl_rdata_d[510]                                                                                                                                                                                                                            ; 0.195             ;
; afu_top|sr_afu.fim_afu_instances|afu_gen[0].bwbmc_gen.bwbmc_wrapper|bw_840_support|bmc_spi_sub_0|bmc_spi_to_avmm|bmc_spi_to_avmm|the_spislave_inst_for_spichain|the_SPIPhy|SPIPhy_MOSIctl|sclkpedgecounter[2]                                                                                                          ; afu_top|sr_afu.fim_afu_instances|afu_gen[0].bwbmc_gen.bwbmc_wrapper|bw_840_support|bmc_spi_sub_0|bmc_spi_to_avmm|bmc_spi_to_avmm|the_spislave_inst_for_spichain|the_SPIPhy|SPIPhy_MOSIctl|stsourcedata[7]                                                                                                                      ; 0.193             ;
; local_mem_wrapper|mem_ss_top|mem_ss_sv|mem_ss|mem_ss|emif_0|emif_0|arch|arch_inst|hmc.amm.amm.data_if_inst|amm_readdata_0[124]                                                                                                                                                                                         ; local_mem_wrapper|mem_ss_top|mem_ss_sv|mem_ss|mem_ss|msa_0|msa_0|msa_adapter|ddrx_ctrl_rdata_d[124]                                                                                                                                                                                                                            ; 0.193             ;
; afu_top|sr_afu.fim_afu_instances|afu_gen[0].bwbmc_gen.bwbmc_wrapper|bw_840_support|bmc_spi_sub_0|bmc_spi_to_avmm|bmc_spi_to_avmm|the_spislave_inst_for_spichain|the_SPIPhy|SPIPhy_MOSIctl|sclkpedgecounter[1]                                                                                                          ; afu_top|sr_afu.fim_afu_instances|afu_gen[0].bwbmc_gen.bwbmc_wrapper|bw_840_support|bmc_spi_sub_0|bmc_spi_to_avmm|bmc_spi_to_avmm|the_spislave_inst_for_spichain|the_SPIPhy|SPIPhy_MOSIctl|stsourcedata[7]                                                                                                                      ; 0.187             ;
; local_mem_wrapper|mem_ss_top|mem_ss_sv|mem_ss|mem_ss|emif_0|emif_0|arch|arch_inst|hmc.amm.amm.data_if_inst|amm_readdata_0[56]                                                                                                                                                                                          ; local_mem_wrapper|mem_ss_top|mem_ss_sv|mem_ss|mem_ss|msa_0|msa_0|msa_adapter|ddrx_ctrl_rdata_d[56]                                                                                                                                                                                                                             ; 0.187             ;
; pcie_wrapper|pcie_ss.top|host_pcie.pcie_ss|pcie_ss|EP_PFTILE_WRAPPER.gen_pciess.u_pciess_p0|u_pciess|gen_sub.u_hipif|EP_CFG_IF.u_pciess_cfg_if|csr_writeresponsevalid                                                                                                                                                  ; pcie_wrapper|PCIE_LINKS[0].pcie_ss_if|pcie_ss_csr_if|axi4lite_indirect_csr_if|i195~1_ERTM3                                                                                                                                                                                                                                     ; 0.185             ;
; local_mem_wrapper|mem_ss_top|mem_ss_sv|mem_ss|mem_ss|emif_0|emif_0|arch|arch_inst|hmc.amm.amm.data_if_inst|amm_readdata_0[254]                                                                                                                                                                                         ; local_mem_wrapper|mem_ss_top|mem_ss_sv|mem_ss|mem_ss|msa_0|msa_0|msa_adapter|ddrx_ctrl_rdata_d[254]                                                                                                                                                                                                                            ; 0.184             ;
; local_mem_wrapper|mem_ss_top|mem_ss_sv|mem_ss|mem_ss|emif_0|emif_0|arch|arch_inst|hmc.amm.amm.data_if_inst|amm_readdata_0[428]                                                                                                                                                                                         ; local_mem_wrapper|mem_ss_top|mem_ss_sv|mem_ss|mem_ss|msa_0|msa_0|msa_adapter|ddrx_ctrl_rdata_d[428]                                                                                                                                                                                                                            ; 0.180             ;
; local_mem_wrapper|mem_ss_top|mem_ss_sv|mem_ss|mem_ss|emif_0|emif_0|arch|arch_inst|hmc.amm.amm.data_if_inst|amm_readdata_0[364]                                                                                                                                                                                         ; local_mem_wrapper|mem_ss_top|mem_ss_sv|mem_ss|mem_ss|msa_0|msa_0|msa_adapter|ddrx_ctrl_rdata_d[364]                                                                                                                                                                                                                            ; 0.178             ;
; local_mem_wrapper|mem_ss_top|mem_ss_sv|mem_ss|mem_ss|emif_0|emif_0|arch|arch_inst|hmc.amm.amm.data_if_inst|amm_readdata_0[440]                                                                                                                                                                                         ; local_mem_wrapper|mem_ss_top|mem_ss_sv|mem_ss|mem_ss|msa_0|msa_0|msa_adapter|ddrx_ctrl_rdata_d[440]                                                                                                                                                                                                                            ; 0.175             ;
; local_mem_wrapper|mem_ss_top|mem_ss_sv|mem_ss|mem_ss|emif_0|emif_0|arch|arch_inst|hmc.amm.amm.data_if_inst|amm_readdata_0[312]                                                                                                                                                                                         ; local_mem_wrapper|mem_ss_top|mem_ss_sv|mem_ss|mem_ss|msa_0|msa_0|msa_adapter|ddrx_ctrl_rdata_d[312]                                                                                                                                                                                                                            ; 0.172             ;
; local_mem_wrapper|mem_ss_top|mem_ss_sv|mem_ss|mem_ss|emif_0|emif_0|arch|arch_inst|hmc.amm.amm.data_if_inst|amm_readdata_0[190]                                                                                                                                                                                         ; local_mem_wrapper|mem_ss_top|mem_ss_sv|mem_ss|mem_ss|msa_0|msa_0|msa_adapter|ddrx_ctrl_rdata_d[190]                                                                                                                                                                                                                            ; 0.172             ;
; local_mem_wrapper|mem_ss_top|mem_ss_sv|mem_ss|mem_ss|emif_0|emif_0|arch|arch_inst|hmc.amm.amm.data_if_inst|amm_readdata_0[172]                                                                                                                                                                                         ; local_mem_wrapper|mem_ss_top|mem_ss_sv|mem_ss|mem_ss|msa_0|msa_0|msa_adapter|ddrx_ctrl_rdata_d[172]                                                                                                                                                                                                                            ; 0.168             ;
; afu_top|pg_afu.port_gasket|remote_stp_top|do_stp.remote_debug_jtag_only|jop_blaster|jop_blaster|st_dbg_ip|dma_wrapper_h2t_t2h|DESCRIPTOR_FIFOS[0].src_fifo|hs.acl_high_speed_fifo_inst|data3[2]                                                                                                                        ; afu_top|pg_afu.port_gasket|remote_stp_top|do_stp.remote_debug_jtag_only|jop_blaster|jop_blaster|st_dbg_ip|dma_wrapper_h2t_t2h|intel_st_dbg_if_rd_dma|add_7~1_ERTM                                                                                                                                                              ; 0.165             ;
; bpf|mm_interconnect_0|bpf_apf_mst_altera_axi4lite_master_agent|araddr_q0[15]                                                                                                                                                                                                                                           ; bpf|mm_interconnect_0|bpf_apf_mst_altera_axi4lite_master_rd_limiter|last_dest_id[1]                                                                                                                                                                                                                                            ; 0.161             ;
; afu_top|pg_afu.port_gasket|remote_stp_top|do_stp.remote_debug_jtag_only|jop_blaster|jop_blaster|mm_interconnect_0|st_dbg_ip_ip_avmm_s_cmd_width_adapter|address_reg[3]                                                                                                                                                 ; afu_top|pg_afu.port_gasket|remote_stp_top|do_stp.remote_debug_jtag_only|jop_blaster|jop_blaster|st_dbg_ip|intel_st_dbg_if_csr|i227~0_ERTM1                                                                                                                                                                                     ; 0.159             ;
; afu_top|sr_afu.fim_afu_instances|afu_gen[0].bwbmc_gen.bwbmc_wrapper|bw_840_support|bmc_spi_sub_0|bmc_spi_to_avmm|bmc_spi_to_avmm|the_spislave_inst_for_spichain|the_SPIPhy|SPIPhy_MOSIctl|sclkpedgecounter[0]                                                                                                          ; afu_top|sr_afu.fim_afu_instances|afu_gen[0].bwbmc_gen.bwbmc_wrapper|bw_840_support|bmc_spi_sub_0|bmc_spi_to_avmm|bmc_spi_to_avmm|the_spislave_inst_for_spichain|the_SPIPhy|SPIPhy_MOSIctl|stsourcedata[7]                                                                                                                      ; 0.157             ;
; afu_top|pg_afu.port_gasket|remote_stp_top|do_stp.remote_debug_jtag_only|jop_blaster|jop_blaster|mm_interconnect_0|st_dbg_ip_ip_avmm_s_cmd_width_adapter|address_reg[4]                                                                                                                                                 ; afu_top|pg_afu.port_gasket|remote_stp_top|do_stp.remote_debug_jtag_only|jop_blaster|jop_blaster|st_dbg_ip|intel_st_dbg_if_csr|i227~0_ERTM1                                                                                                                                                                                     ; 0.151             ;
; auto_fab_0|alt_sld_fab_0|alt_sld_fab_0|mboxfabric|command_0_clock_crosser_0|async_clock_crosser.clock_xer|in_data_buffer[32]                                                                                                                                                                                           ; auto_fab_0|alt_sld_fab_0|alt_sld_fab_0|mboxfabric|command_0_clock_crosser_0|async_clock_crosser.clock_xer|out_data_buffer[32]                                                                                                                                                                                                  ; 0.150             ;
; pcie_wrapper|pcie_ss.top|PCIE_LINK_CONN[0].msix.msix|msix_table|u_flrcmpl_fifo|auto_generated|rdptr_g[2]                                                                                                                                                                                                               ; pcie_wrapper|pcie_ss.top|PCIE_LINK_CONN[0].msix.msix|msix_table|u_flrcmpl_fifo|auto_generated|ws_dgrp|dffpipe10|dffe11a[2]                                                                                                                                                                                                     ; 0.150             ;
; afu_top|pg_afu.port_gasket|pr_slot|afu_main|port_afu_instances|afu_gen[0].hem_gen.he_mem_inst|main|primary_axi|e|impl|hc|s.rob|aw|fifo|af.f|dcfifo|in_wr_ptr_gray[0]                                                                                                                                                   ; afu_top|pg_afu.port_gasket|pr_slot|afu_main|port_afu_instances|afu_gen[0].hem_gen.he_mem_inst|main|primary_axi|e|impl|hc|s.rob|aw|fifo|af.f|dcfifo|write_crosser|sync[0].u|din_s1                                                                                                                                              ; 0.150             ;
; auto_fab_0|alt_sld_fab_0|alt_sld_fab_0|mboxfabric|command_0_clock_crosser_0|async_clock_crosser.clock_xer|in_data_buffer[2]                                                                                                                                                                                            ; auto_fab_0|alt_sld_fab_0|alt_sld_fab_0|mboxfabric|command_0_clock_crosser_0|async_clock_crosser.clock_xer|out_data_buffer[2]                                                                                                                                                                                                   ; 0.150             ;
; afu_top|pg_afu.port_gasket|pr_ctrl|inst_pr_async_fifo|dcfifo_component|auto_generated|delayed_wrptr_g[4]                                                                                                                                                                                                               ; afu_top|pg_afu.port_gasket|pr_ctrl|inst_pr_async_fifo|dcfifo_component|auto_generated|rs_dgwp|dffpipe6|dffe7a[4]                                                                                                                                                                                                               ; 0.150             ;
; pcie_wrapper|pcie_ss.top|host_pcie.pcie_ss|pcie_ss|EP_PFTILE_WRAPPER.gen_pciess.u_pciess_p0|u_pciess|gen_sub.u_hipif|EP_VF_ERR_IF.u_pciess_vf_err_if|u_vf_err_s2|auto_generated|rdptr_g[3]                                                                                                                             ; pcie_wrapper|pcie_ss.top|host_pcie.pcie_ss|pcie_ss|EP_PFTILE_WRAPPER.gen_pciess.u_pciess_p0|u_pciess|gen_sub.u_hipif|EP_VF_ERR_IF.u_pciess_vf_err_if|u_vf_err_s2|auto_generated|ws_dgrp|dffpipe4|dffe5a[3]                                                                                                                     ; 0.150             ;
; afu_top|pg_afu.port_gasket|pr_slot|afu_main|port_afu_instances|afu_gen[0].hem_gen.he_mem_inst|mb[0].shim|cc.async_shim|w|fifo|af.f|dcfifo|out_rd_ptr_gray[1]                                                                                                                                                           ; afu_top|pg_afu.port_gasket|pr_slot|afu_main|port_afu_instances|afu_gen[0].hem_gen.he_mem_inst|mb[0].shim|cc.async_shim|w|fifo|af.f|dcfifo|read_crosser|sync[1].u|din_s1                                                                                                                                                        ; 0.150             ;
; afu_top|pg_afu.port_gasket|pr_slot|afu_main|port_afu_instances|afu_gen[0].hem_gen.he_mem_inst|mb[0].shim|cc.async_shim|r|fifo|af.f|dcfifo|out_rd_ptr_gray[5]                                                                                                                                                           ; afu_top|pg_afu.port_gasket|pr_slot|afu_main|port_afu_instances|afu_gen[0].hem_gen.he_mem_inst|mb[0].shim|cc.async_shim|r|fifo|af.f|dcfifo|read_crosser|sync[5].u|din_s1                                                                                                                                                        ; 0.150             ;
; pcie_wrapper|pcie_ss.top|PCIE_LINK_CONN[0].rx_sb.pipe_rx|rx_cdc|fifo|dcfifo|dcfifo_component|auto_generated|delayed_wrptr_g[0]                                                                                                                                                                                         ; pcie_wrapper|pcie_ss.top|PCIE_LINK_CONN[0].rx_sb.pipe_rx|rx_cdc|fifo|dcfifo|dcfifo_component|auto_generated|rs_dgwp|dffpipe6|dffe7a[0]                                                                                                                                                                                         ; 0.150             ;
; auto_fab_0|alt_sld_fab_0|alt_sld_fab_0|mboxfabric|command_0_clock_crosser_0|async_clock_crosser.clock_xer|in_data_buffer[25]                                                                                                                                                                                           ; auto_fab_0|alt_sld_fab_0|alt_sld_fab_0|mboxfabric|command_0_clock_crosser_0|async_clock_crosser.clock_xer|out_data_buffer[25]                                                                                                                                                                                                  ; 0.150             ;
; local_mem_wrapper|mem_ss_top|mem_ss_sv|mem_ss|mem_ss|msa_1|msa_1|msa_adapter|gen_write_ack.wr_ack_fifo|dcfifo_component|auto_generated|delayed_wrptr_g[4]                                                                                                                                                              ; local_mem_wrapper|mem_ss_top|mem_ss_sv|mem_ss|mem_ss|msa_1|msa_1|msa_adapter|gen_write_ack.wr_ack_fifo|dcfifo_component|auto_generated|rs_dgwp|dffpipe4|dffe5a[4]                                                                                                                                                              ; 0.150             ;
; pcie_wrapper|pcie_ss.top|PCIE_LINK_CONN[0].tx_sb.pipe_tx|tx_cdc|d.tlast_fifo|dcfifo|dcfifo_component|auto_generated|delayed_wrptr_g[2]                                                                                                                                                                                 ; pcie_wrapper|pcie_ss.top|PCIE_LINK_CONN[0].tx_sb.pipe_tx|tx_cdc|d.tlast_fifo|dcfifo|dcfifo_component|auto_generated|rs_dgwp|dffpipe4|dffe5a[2]                                                                                                                                                                                 ; 0.150             ;
; pcie_wrapper|pcie_ss.top|host_pcie.pcie_ss|pcie_ss|EP_PFTILE_WRAPPER.gen_pciess.u_pciess_p0|u_pciess|gen_sub.u_hipif|EP_VF_ERR_IF.u_pciess_vf_err_if|u_vf_err_s3|auto_generated|rdptr_g[4]                                                                                                                             ; pcie_wrapper|pcie_ss.top|host_pcie.pcie_ss|pcie_ss|EP_PFTILE_WRAPPER.gen_pciess.u_pciess_p0|u_pciess|gen_sub.u_hipif|EP_VF_ERR_IF.u_pciess_vf_err_if|u_vf_err_s3|auto_generated|ws_dgrp|dffpipe4|dffe5a[4]                                                                                                                     ; 0.150             ;
; local_mem_wrapper|mem_ss_top|mem_ss_sv|mem_ss|mem_ss|msa_1|msa_1|msa_adapter|rddata_fifo|dcfifo_component|auto_generated|delayed_wrptr_g[2]                                                                                                                                                                            ; local_mem_wrapper|mem_ss_top|mem_ss_sv|mem_ss|mem_ss|msa_1|msa_1|msa_adapter|rddata_fifo|dcfifo_component|auto_generated|rs_dgwp|dffpipe4|dffe5a[2]                                                                                                                                                                            ; 0.150             ;
; afu_top|sr_afu.fim_afu_instances|afu_gen[0].bwbmc_gen.bwbmc_st2mm|rx_cdc_fifo|fifo|dcfifo|dcfifo_component|auto_generated|delayed_wrptr_g[3]                                                                                                                                                                           ; afu_top|sr_afu.fim_afu_instances|afu_gen[0].bwbmc_gen.bwbmc_st2mm|rx_cdc_fifo|fifo|dcfifo|dcfifo_component|auto_generated|rs_dgwp|dffpipe4|dffe5a[3]                                                                                                                                                                           ; 0.150             ;
; afu_top|pg_afu.port_gasket|pr_slot|afu_main|port_afu_instances|afu_gen[0].hem_gen.he_mem_inst|mb[0].shim|cc.async_shim|b|fifo|af.f|dcfifo|in_wr_ptr_gray[7]                                                                                                                                                            ; afu_top|pg_afu.port_gasket|pr_slot|afu_main|port_afu_instances|afu_gen[0].hem_gen.he_mem_inst|mb[0].shim|cc.async_shim|b|fifo|af.f|dcfifo|write_crosser|sync[7].u|din_s1                                                                                                                                                       ; 0.150             ;
; afu_top|pg_afu.port_gasket|pr_slot|afu_main|port_afu_instances|afu_gen[0].hem_gen.he_mem_inst|mb[0].shim|cc.async_shim|ar|fifo|af.f|dcfifo|in_wr_ptr_gray[5]                                                                                                                                                           ; afu_top|pg_afu.port_gasket|pr_slot|afu_main|port_afu_instances|afu_gen[0].hem_gen.he_mem_inst|mb[0].shim|cc.async_shim|ar|fifo|af.f|dcfifo|write_crosser|sync[5].u|din_s1                                                                                                                                                      ; 0.150             ;
; pcie_wrapper|pcie_ss.top|PCIE_LINK_CONN[0].rx_sb.pipe_rx|rx_cdc|fifo|dcfifo|dcfifo_component|auto_generated|rdptr_g[6]                                                                                                                                                                                                 ; pcie_wrapper|pcie_ss.top|PCIE_LINK_CONN[0].rx_sb.pipe_rx|rx_cdc|fifo|dcfifo|dcfifo_component|auto_generated|ws_dgrp|dffpipe6|dffe7a[6]                                                                                                                                                                                         ; 0.150             ;
; auto_fab_0|alt_sld_fab_0|alt_sld_fab_0|mboxfabric|response_1_clock_crosser_1|async_clock_crosser.clock_xer|in_data_buffer[19]                                                                                                                                                                                          ; auto_fab_0|alt_sld_fab_0|alt_sld_fab_0|mboxfabric|response_1_clock_crosser_1|async_clock_crosser.clock_xer|out_data_buffer[19]                                                                                                                                                                                                 ; 0.150             ;
; auto_fab_0|alt_sld_fab_0|alt_sld_fab_0|mboxfabric|response_1_clock_crosser_1|async_clock_crosser.clock_xer|in_data_buffer[1]                                                                                                                                                                                           ; auto_fab_0|alt_sld_fab_0|alt_sld_fab_0|mboxfabric|response_1_clock_crosser_1|async_clock_crosser.clock_xer|out_data_buffer[1]                                                                                                                                                                                                  ; 0.150             ;
; afu_top|pg_afu.port_gasket|pr_slot|afu_main|port_afu_instances|afu_gen[0].hem_gen.he_mem_inst|main|primary_axi|e|impl|hc|s.rob|ar|fifo|af.f|dcfifo|in_wr_ptr_gray[0]                                                                                                                                                   ; afu_top|pg_afu.port_gasket|pr_slot|afu_main|port_afu_instances|afu_gen[0].hem_gen.he_mem_inst|main|primary_axi|e|impl|hc|s.rob|ar|fifo|af.f|dcfifo|write_crosser|sync[0].u|din_s1                                                                                                                                              ; 0.150             ;
; pcie_wrapper|pcie_ss.top|host_pcie.pcie_ss|pcie_ss|EP_PFTILE_WRAPPER.gen_pciess.u_pciess_p0|u_pciess|gen_sub.u_hipif|EP_VF_ERR_IF.u_pciess_vf_err_if|u_vf_err_s3|auto_generated|delayed_wrptr_g[3]                                                                                                                     ; pcie_wrapper|pcie_ss.top|host_pcie.pcie_ss|pcie_ss|EP_PFTILE_WRAPPER.gen_pciess.u_pciess_p0|u_pciess|gen_sub.u_hipif|EP_VF_ERR_IF.u_pciess_vf_err_if|u_vf_err_s3|auto_generated|rs_dgwp|dffpipe4|dffe5a[3]                                                                                                                     ; 0.150             ;
; afu_top|pg_afu.port_gasket|pr_slot|afu_main|port_afu_instances|afu_gen[0].hem_gen.he_mem_inst|mb[0].shim|cc.async_shim|ar|fifo|af.f|dcfifo|out_rd_ptr_gray[2]                                                                                                                                                          ; afu_top|pg_afu.port_gasket|pr_slot|afu_main|port_afu_instances|afu_gen[0].hem_gen.he_mem_inst|mb[0].shim|cc.async_shim|ar|fifo|af.f|dcfifo|read_crosser|sync[2].u|din_s1                                                                                                                                                       ; 0.150             ;
; auto_fab_0|alt_sld_fab_0|alt_sld_fab_0|mboxfabric|command_1_clock_crosser_1|async_clock_crosser.clock_xer|in_data_buffer[25]                                                                                                                                                                                           ; auto_fab_0|alt_sld_fab_0|alt_sld_fab_0|mboxfabric|command_1_clock_crosser_1|async_clock_crosser.clock_xer|out_data_buffer[25]                                                                                                                                                                                                  ; 0.150             ;
; auto_fab_0|alt_sld_fab_0|alt_sld_fab_0|mboxfabric|response_1_clock_crosser_1|async_clock_crosser.clock_xer|in_data_buffer[5]                                                                                                                                                                                           ; auto_fab_0|alt_sld_fab_0|alt_sld_fab_0|mboxfabric|response_1_clock_crosser_1|async_clock_crosser.clock_xer|out_data_buffer[5]                                                                                                                                                                                                  ; 0.150             ;
; auto_fab_0|alt_sld_fab_0|alt_sld_fab_0|mboxfabric|response_0_clock_crosser_0|async_clock_crosser.clock_xer|in_data_buffer[31]                                                                                                                                                                                          ; auto_fab_0|alt_sld_fab_0|alt_sld_fab_0|mboxfabric|response_0_clock_crosser_0|async_clock_crosser.clock_xer|out_data_buffer[31]                                                                                                                                                                                                 ; 0.150             ;
; fme_top|fme_csr|fme_id_rom|rom_1port_0|intel_mce_component|intel_mce_inst|sld_mod_ram_rom_inst|adapter_for_s10_and_beyond.sld_adapter|dc_fifo_out|auto_generated|delayed_wrptr_g[3]                                                                                                                                    ; fme_top|fme_csr|fme_id_rom|rom_1port_0|intel_mce_component|intel_mce_inst|sld_mod_ram_rom_inst|adapter_for_s10_and_beyond.sld_adapter|dc_fifo_out|auto_generated|rs_dgwp|dffpipe7|dffe8a[3]                                                                                                                                    ; 0.150             ;
; afu_top|pg_afu.port_gasket|pr_slot|afu_main|port_afu_instances|afu_gen[0].hem_gen.he_mem_inst|mb[0].shim|cc.async_shim|ar|fifo|af.f|dcfifo|out_rd_ptr_gray[5]                                                                                                                                                          ; afu_top|pg_afu.port_gasket|pr_slot|afu_main|port_afu_instances|afu_gen[0].hem_gen.he_mem_inst|mb[0].shim|cc.async_shim|ar|fifo|af.f|dcfifo|read_crosser|sync[5].u|din_s1                                                                                                                                                       ; 0.150             ;
; auto_fab_0|alt_sld_fab_0|alt_sld_fab_0|mboxfabric|response_1_clock_crosser_1|async_clock_crosser.clock_xer|in_data_buffer[11]                                                                                                                                                                                          ; auto_fab_0|alt_sld_fab_0|alt_sld_fab_0|mboxfabric|response_1_clock_crosser_1|async_clock_crosser.clock_xer|out_data_buffer[11]                                                                                                                                                                                                 ; 0.150             ;
; auto_fab_0|alt_sld_fab_0|alt_sld_fab_0|mboxfabric|command_1_clock_crosser_1|async_clock_crosser.clock_xer|in_data_buffer[0]                                                                                                                                                                                            ; auto_fab_0|alt_sld_fab_0|alt_sld_fab_0|mboxfabric|command_1_clock_crosser_1|async_clock_crosser.clock_xer|out_data_buffer[0]                                                                                                                                                                                                   ; 0.150             ;
; auto_fab_0|alt_sld_fab_0|alt_sld_fab_0|mboxfabric|command_1_clock_crosser_1|async_clock_crosser.clock_xer|in_data_buffer[9]                                                                                                                                                                                            ; auto_fab_0|alt_sld_fab_0|alt_sld_fab_0|mboxfabric|command_1_clock_crosser_1|async_clock_crosser.clock_xer|out_data_buffer[9]                                                                                                                                                                                                   ; 0.150             ;
; auto_fab_0|alt_sld_fab_0|alt_sld_fab_0|mboxfabric|response_1_clock_crosser_1|async_clock_crosser.clock_xer|in_data_buffer[20]                                                                                                                                                                                          ; auto_fab_0|alt_sld_fab_0|alt_sld_fab_0|mboxfabric|response_1_clock_crosser_1|async_clock_crosser.clock_xer|out_data_buffer[20]                                                                                                                                                                                                 ; 0.150             ;
; auto_fab_0|alt_sld_fab_0|alt_sld_fab_0|mboxfabric|command_0_clock_crosser_0|async_clock_crosser.clock_xer|in_data_buffer[0]                                                                                                                                                                                            ; auto_fab_0|alt_sld_fab_0|alt_sld_fab_0|mboxfabric|command_0_clock_crosser_0|async_clock_crosser.clock_xer|out_data_buffer[0]                                                                                                                                                                                                   ; 0.150             ;
; afu_top|pg_afu.port_gasket|pr_slot|afu_main|port_afu_instances|afu_gen[0].hem_gen.he_mem_inst|mb[0].shim|cc.async_shim|r|fifo|af.f|dcfifo|out_rd_ptr_gray[1]                                                                                                                                                           ; afu_top|pg_afu.port_gasket|pr_slot|afu_main|port_afu_instances|afu_gen[0].hem_gen.he_mem_inst|mb[0].shim|cc.async_shim|r|fifo|af.f|dcfifo|read_crosser|sync[1].u|din_s1                                                                                                                                                        ; 0.150             ;
; afu_top|pg_afu.port_gasket|pr_slot|afu_main|port_afu_instances|afu_gen[0].hem_gen.he_mem_inst|main|primary_axi|e|impl|hc|s.rob|ar|fifo|af.f|dcfifo|out_rd_ptr_gray[4]                                                                                                                                                  ; afu_top|pg_afu.port_gasket|pr_slot|afu_main|port_afu_instances|afu_gen[0].hem_gen.he_mem_inst|main|primary_axi|e|impl|hc|s.rob|ar|fifo|af.f|dcfifo|read_crosser|sync[4].u|din_s1                                                                                                                                               ; 0.150             ;
; auto_fab_0|alt_sld_fab_0|alt_sld_fab_0|mboxfabric|response_0_clock_crosser_0|async_clock_crosser.clock_xer|in_data_buffer[8]                                                                                                                                                                                           ; auto_fab_0|alt_sld_fab_0|alt_sld_fab_0|mboxfabric|response_0_clock_crosser_0|async_clock_crosser.clock_xer|out_data_buffer[8]                                                                                                                                                                                                  ; 0.150             ;
; auto_fab_0|alt_sld_fab_0|alt_sld_fab_0|mboxfabric|response_1_clock_crosser_1|async_clock_crosser.clock_xer|in_data_buffer[13]                                                                                                                                                                                          ; auto_fab_0|alt_sld_fab_0|alt_sld_fab_0|mboxfabric|response_1_clock_crosser_1|async_clock_crosser.clock_xer|out_data_buffer[13]                                                                                                                                                                                                 ; 0.150             ;
; afu_top|pg_afu.port_gasket|pg_csr|fme_id_rom|rom_1port_0|intel_mce_component|intel_mce_inst|sld_mod_ram_rom_inst|adapter_for_s10_and_beyond.sld_adapter|dc_fifo_out|auto_generated|delayed_wrptr_g[4]                                                                                                                  ; afu_top|pg_afu.port_gasket|pg_csr|fme_id_rom|rom_1port_0|intel_mce_component|intel_mce_inst|sld_mod_ram_rom_inst|adapter_for_s10_and_beyond.sld_adapter|dc_fifo_out|auto_generated|rs_dgwp|dffpipe7|dffe8a[4]                                                                                                                  ; 0.150             ;
; auto_fab_0|alt_sld_fab_0|alt_sld_fab_0|mboxfabric|command_1_clock_crosser_1|async_clock_crosser.clock_xer|in_data_buffer[17]                                                                                                                                                                                           ; auto_fab_0|alt_sld_fab_0|alt_sld_fab_0|mboxfabric|command_1_clock_crosser_1|async_clock_crosser.clock_xer|out_data_buffer[17]                                                                                                                                                                                                  ; 0.150             ;
; local_mem_wrapper|mem_ss_top|mem_ss_sv|mem_ss|mem_ss|msa_1|msa_1|msa_adapter|rddata_fifo|dcfifo_component|auto_generated|delayed_wrptr_g[6]                                                                                                                                                                            ; local_mem_wrapper|mem_ss_top|mem_ss_sv|mem_ss|mem_ss|msa_1|msa_1|msa_adapter|rddata_fifo|dcfifo_component|auto_generated|rs_dgwp|dffpipe4|dffe5a[6]                                                                                                                                                                            ; 0.150             ;
; afu_top|afu_intf_inst|protocol_checker_csr|fim_dcfifo_inst|dcfifo_component|auto_generated|delayed_wrptr_g[1]                                                                                                                                                                                                          ; afu_top|afu_intf_inst|protocol_checker_csr|fim_dcfifo_inst|dcfifo_component|auto_generated|rs_dgwp|dffpipe5|dffe6a[1]                                                                                                                                                                                                          ; 0.150             ;
; afu_top|pg_afu.port_gasket|pr_slot|afu_main|port_afu_instances|afu_gen[0].hem_gen.he_mem_inst|mb[0].shim|cc.async_shim|b|fifo|af.f|dcfifo|in_wr_ptr_gray[3]                                                                                                                                                            ; afu_top|pg_afu.port_gasket|pr_slot|afu_main|port_afu_instances|afu_gen[0].hem_gen.he_mem_inst|mb[0].shim|cc.async_shim|b|fifo|af.f|dcfifo|write_crosser|sync[3].u|din_s1                                                                                                                                                       ; 0.150             ;
; pcie_wrapper|pcie_ss.top|PCIE_LINK_CONN[0].tx_sb.pipe_tx|txreq_cdc|fifo|dcfifo|dcfifo_component|auto_generated|rdptr_g[1]                                                                                                                                                                                              ; pcie_wrapper|pcie_ss.top|PCIE_LINK_CONN[0].tx_sb.pipe_tx|txreq_cdc|fifo|dcfifo|dcfifo_component|auto_generated|ws_dgrp|dffpipe4|dffe5a[1]                                                                                                                                                                                      ; 0.150             ;
; auto_fab_0|alt_sld_fab_0|alt_sld_fab_0|mboxfabric|response_1_clock_crosser_1|async_clock_crosser.clock_xer|in_data_buffer[30]                                                                                                                                                                                          ; auto_fab_0|alt_sld_fab_0|alt_sld_fab_0|mboxfabric|response_1_clock_crosser_1|async_clock_crosser.clock_xer|out_data_buffer[30]                                                                                                                                                                                                 ; 0.150             ;
; local_mem_wrapper|mem_ss_top|mem_ss_sv|mem_ss|mem_ss|msa_1|msa_1|msa_adapter|rddata_fifo|dcfifo_component|auto_generated|delayed_wrptr_g[5]                                                                                                                                                                            ; local_mem_wrapper|mem_ss_top|mem_ss_sv|mem_ss|mem_ss|msa_1|msa_1|msa_adapter|rddata_fifo|dcfifo_component|auto_generated|rs_dgwp|dffpipe4|dffe5a[5]                                                                                                                                                                            ; 0.150             ;
; local_mem_wrapper|mem_ss_top|mem_ss_sv|mem_ss|mem_ss|msa_1|msa_1|msa_adapter|gen_write_ack.wr_ack_fifo|dcfifo_component|auto_generated|delayed_wrptr_g[3]                                                                                                                                                              ; local_mem_wrapper|mem_ss_top|mem_ss_sv|mem_ss|mem_ss|msa_1|msa_1|msa_adapter|gen_write_ack.wr_ack_fifo|dcfifo_component|auto_generated|rs_dgwp|dffpipe4|dffe5a[3]                                                                                                                                                              ; 0.150             ;
; afu_top|pg_afu.port_gasket|pr_slot|afu_main|port_afu_instances|afu_gen[0].hem_gen.he_mem_inst|mb[0].shim|cc.async_shim|ar|fifo|af.f|dcfifo|out_rd_ptr_gray[3]                                                                                                                                                          ; afu_top|pg_afu.port_gasket|pr_slot|afu_main|port_afu_instances|afu_gen[0].hem_gen.he_mem_inst|mb[0].shim|cc.async_shim|ar|fifo|af.f|dcfifo|read_crosser|sync[3].u|din_s1                                                                                                                                                       ; 0.150             ;
; auto_fab_0|alt_sld_fab_0|alt_sld_fab_0|mboxfabric|response_0_clock_crosser_0|async_clock_crosser.clock_xer|in_data_buffer[7]                                                                                                                                                                                           ; auto_fab_0|alt_sld_fab_0|alt_sld_fab_0|mboxfabric|response_0_clock_crosser_0|async_clock_crosser.clock_xer|out_data_buffer[7]                                                                                                                                                                                                  ; 0.150             ;
; afu_top|pg_afu.port_gasket|pg_csr|fme_id_rom|rom_1port_0|intel_mce_component|intel_mce_inst|sld_mod_ram_rom_inst|adapter_for_s10_and_beyond.sld_adapter|dc_fifo_in|auto_generated|delayed_wrptr_g[4]                                                                                                                   ; afu_top|pg_afu.port_gasket|pg_csr|fme_id_rom|rom_1port_0|intel_mce_component|intel_mce_inst|sld_mod_ram_rom_inst|adapter_for_s10_and_beyond.sld_adapter|dc_fifo_in|auto_generated|rs_dgwp|dffpipe7|dffe8a[4]                                                                                                                   ; 0.150             ;
; pcie_wrapper|pcie_ss.top|host_pcie.pcie_ss|pcie_ss|EP_PFTILE_WRAPPER.gen_pciess.u_pciess_p0|u_pciess|gen_sub.u_hipif|u_pciess_tx_if|pciess_tx_sbd.tx_alignment_inst|GEN_BLK_PUDM.i_pciess_tx_pudm_wrapper|i_pciess_axist_2_avst_conv|GEN_BLK_QHIP_NON_NATIVE_MASK.u_avst_tx_eop_fifo|auto_generated|delayed_wrptr_g[2] ; pcie_wrapper|pcie_ss.top|host_pcie.pcie_ss|pcie_ss|EP_PFTILE_WRAPPER.gen_pciess.u_pciess_p0|u_pciess|gen_sub.u_hipif|u_pciess_tx_if|pciess_tx_sbd.tx_alignment_inst|GEN_BLK_PUDM.i_pciess_tx_pudm_wrapper|i_pciess_axist_2_avst_conv|GEN_BLK_QHIP_NON_NATIVE_MASK.u_avst_tx_eop_fifo|auto_generated|rs_dgwp|dffpipe4|dffe5a[2] ; 0.150             ;
; local_mem_wrapper|mem_ss_top|mem_ss_sv|mem_ss|mem_ss|msa_0|msa_0|msa_adapter|rddata_fifo|dcfifo_component|auto_generated|delayed_wrptr_g[1]                                                                                                                                                                            ; local_mem_wrapper|mem_ss_top|mem_ss_sv|mem_ss|mem_ss|msa_0|msa_0|msa_adapter|rddata_fifo|dcfifo_component|auto_generated|rs_dgwp|dffpipe4|dffe5a[1]                                                                                                                                                                            ; 0.150             ;
; afu_top|pg_afu.port_gasket|pr_slot|afu_main|port_afu_instances|afu_gen[0].hem_gen.he_mem_inst|main|primary_axi|e|impl|hc|s.rob|ar|fifo|af.f|dcfifo|out_rd_ptr_gray[2]                                                                                                                                                  ; afu_top|pg_afu.port_gasket|pr_slot|afu_main|port_afu_instances|afu_gen[0].hem_gen.he_mem_inst|main|primary_axi|e|impl|hc|s.rob|ar|fifo|af.f|dcfifo|read_crosser|sync[2].u|din_s1                                                                                                                                               ; 0.150             ;
; afu_top|pg_afu.port_gasket|pr_slot|afu_main|port_afu_instances|afu_gen[0].hem_gen.he_mem_inst|mb[0].shim|cc.async_shim|r|fifo|af.f|dcfifo|in_wr_ptr_gray[3]                                                                                                                                                            ; afu_top|pg_afu.port_gasket|pr_slot|afu_main|port_afu_instances|afu_gen[0].hem_gen.he_mem_inst|mb[0].shim|cc.async_shim|r|fifo|af.f|dcfifo|write_crosser|sync[3].u|din_s1                                                                                                                                                       ; 0.150             ;
; pcie_wrapper|pcie_ss.top|host_pcie.pcie_ss|pcie_ss|EP_PFTILE_WRAPPER.gen_pciess.u_pciess_p0|u_pciess|gen_sub.u_hipif|EP_CFG_EXT_CTRL_SHADOW.u_pciess_cfg_ext_ctrl_shadow|ctrlshadow_fifo_inst|auto_generated|delayed_wrptr_g[3]                                                                                        ; pcie_wrapper|pcie_ss.top|host_pcie.pcie_ss|pcie_ss|EP_PFTILE_WRAPPER.gen_pciess.u_pciess_p0|u_pciess|gen_sub.u_hipif|EP_CFG_EXT_CTRL_SHADOW.u_pciess_cfg_ext_ctrl_shadow|ctrlshadow_fifo_inst|auto_generated|rs_dgwp|dffpipe3|dffe4a[3]                                                                                        ; 0.150             ;
; pcie_wrapper|pcie_ss.top|PCIE_LINK_CONN[0].rx_sb.pipe_rx|rx_cdc|fifo|dcfifo|dcfifo_component|auto_generated|rdptr_g[1]                                                                                                                                                                                                 ; pcie_wrapper|pcie_ss.top|PCIE_LINK_CONN[0].rx_sb.pipe_rx|rx_cdc|fifo|dcfifo|dcfifo_component|auto_generated|ws_dgrp|dffpipe6|dffe7a[1]                                                                                                                                                                                         ; 0.150             ;
; afu_top|pg_afu.port_gasket|pr_slot|afu_main|port_afu_instances|afu_gen[0].hem_gen.he_mem_inst|main|primary_axi|e|impl|hc|s.rob|w|fifo|af.f|dcfifo|out_rd_ptr_gray[0]                                                                                                                                                   ; afu_top|pg_afu.port_gasket|pr_slot|afu_main|port_afu_instances|afu_gen[0].hem_gen.he_mem_inst|main|primary_axi|e|impl|hc|s.rob|w|fifo|af.f|dcfifo|read_crosser|sync[0].u|din_s1                                                                                                                                                ; 0.150             ;
; afu_top|pg_afu.port_gasket|pr_slot|afu_main|port_afu_instances|afu_gen[0].hem_gen.he_mem_inst|main|primary_axi|e|impl|hc|s.rob|aw|fifo|af.f|dcfifo|out_rd_ptr_gray[1]                                                                                                                                                  ; afu_top|pg_afu.port_gasket|pr_slot|afu_main|port_afu_instances|afu_gen[0].hem_gen.he_mem_inst|main|primary_axi|e|impl|hc|s.rob|aw|fifo|af.f|dcfifo|read_crosser|sync[1].u|din_s1                                                                                                                                               ; 0.150             ;
; pcie_wrapper|pcie_ss.top|PCIE_LINK_CONN[0].msix.msix|msix_table|u_ctrlshadow_dcfifo|auto_generated|delayed_wrptr_g[2]                                                                                                                                                                                                  ; pcie_wrapper|pcie_ss.top|PCIE_LINK_CONN[0].msix.msix|msix_table|u_ctrlshadow_dcfifo|auto_generated|rs_dgwp|dffpipe5|dffe6a[2]                                                                                                                                                                                                  ; 0.150             ;
+------------------------------------------------------------------------------------------------------------------------------------------------------------------------------------------------------------------------------------------------------------------------------------------------------------------------+--------------------------------------------------------------------------------------------------------------------------------------------------------------------------------------------------------------------------------------------------------------------------------------------------------------------------------+-------------------+
Note: This table only shows the top 100 path(s) that have the largest delay added for hold.


--------------------------------------
; Global Router Wire Utilization Map ;
--------------------------------------
This report is unavailable in plain text report export.


+-------------------------------------------------------------------------------+
; Peak Wire Demand Summary                                                      ;
+-----------------+-----------+-----------------------------------+-------------+
; Wire            ; Direction ; Grid [(Xmin, Ymin), (Xmax, Ymax)] ; Peak Demand ;
+-----------------+-----------+-----------------------------------+-------------+
; short           ; right     ; [(252, 0), (263, 7)]              ; 75.667 %    ;
; short           ; left      ; [(252, 0), (263, 7)]              ; 58.143 %    ;
; short           ; up        ; [(252, 8), (263, 15)]             ; 49.306 %    ;
; short           ; down      ; [(24, 40), (35, 47)]              ; 67.361 %    ;
; long high speed ; right     ; [(0, 120), (11, 127)]             ; 245.833 %   ;
; long high speed ; left      ; [(228, 8), (239, 15)]             ; 97.222 %    ;
; long high speed ; up        ; [(24, 72), (35, 79)]              ; 155.357 %   ;
; long high speed ; down      ; [(72, 8), (83, 15)]               ; 117.708 %   ;
+-----------------+-----------+-----------------------------------+-------------+


+----------------------------------------------------------------------------------------------------------------------------------------------------------------------------------------------------------------------------------------------------------------------------------------------------------------------------------------------------------------------------------------------------------------------------------+
; Peak Wire Demand Details                                                                                                                                                                                                                                                                                                                                                                                                         ;
+-----------------+-----------+-----------------------------------+-------------+--------------------------------------------------------------------------------------------------------------------------------------------------------------------------------------------------------------------------------------------------------------------------------------------------------------------------------------------------+
; Wire            ; Direction ; Grid [(Xmin, Ymin), (Xmax, Ymax)] ; Peak Demand ; Net Names                                                                                                                                                                                                                                                                                                                                        ;
+-----------------+-----------+-----------------------------------+-------------+--------------------------------------------------------------------------------------------------------------------------------------------------------------------------------------------------------------------------------------------------------------------------------------------------------------------------------------------------+
; short           ; right     ; [(252, 0), (263, 7)]              ; 75.667 %    ;    High Routing Fan-Out                                                                                                                                                                                                                                                                                                                          ;
;     --          ;           ;                                   ;             ; local_mem_wrapper|mem_ss_top|mem_ss_sv|mem_ss|mem_ss|msa_0|msa_0|msa_adapter|rdreq_bank_spreading|LessThan_0~0                                                                                                                                                                                                                                   ;
;     --          ;           ;                                   ;             ; local_mem_wrapper|mem_ss_top|mem_ss_sv|mem_ss|mem_ss|msa_0|msa_0|msa_adapter|gen_rdreq_scfifo.rdreq_fifo|scfifo_component|auto_generated|dpfifo|rtl~115                                                                                                                                                                                          ;
;     --          ;           ;                                   ;             ; local_mem_wrapper|mem_ss_top|mem_ss_sv|mem_ss|mem_ss|msa_0|msa_0|msa_adapter|rdreq_bank_spreading|bank[1].fifo_inst|scfifo_component|auto_generated|dpfifo|wr_ptr|count[0]                                                                                                                                                                       ;
;     --          ;           ;                                   ;             ; local_mem_wrapper|mem_ss_top|mem_ss_sv|mem_ss|mem_ss|msa_0|msa_0|msa_adapter|rdreq_bank_spreading|bank[1].fifo_inst|scfifo_component|auto_generated|dpfifo|wr_ptr|count[1]                                                                                                                                                                       ;
;     --          ;           ;                                   ;             ; local_mem_wrapper|mem_ss_top|mem_ss_sv|mem_ss|mem_ss|msa_0|msa_0|msa_adapter|rdreq_bank_spreading|bank[1].fifo_inst|scfifo_component|auto_generated|dpfifo|wr_ptr|count[2]                                                                                                                                                                       ;
;     --          ;           ;                                   ;             ; local_mem_wrapper|mem_ss_top|mem_ss_sv|mem_ss|mem_ss|msa_0|msa_0|msa_adapter|rdreq_bank_spreading|bank[1].fifo_inst|scfifo_component|auto_generated|dpfifo|wr_ptr|count[3]                                                                                                                                                                       ;
;     --          ;           ;                                   ;             ; local_mem_wrapper|mem_ss_top|mem_ss_sv|mem_ss|mem_ss|msa_0|msa_0|msa_adapter|gen_rdreq_scfifo.rdreq_fifo|scfifo_component|auto_generated|dpfifo|wr_ptr|count[0]                                                                                                                                                                                  ;
;     --          ;           ;                                   ;             ; local_mem_wrapper|mem_ss_top|mem_ss_sv|mem_ss|mem_ss|msa_0|msa_0|msa_adapter|gen_rdreq_scfifo.rdreq_fifo|scfifo_component|auto_generated|dpfifo|wr_ptr|count[1]                                                                                                                                                                                  ;
;     --          ;           ;                                   ;             ; local_mem_wrapper|mem_ss_top|mem_ss_sv|mem_ss|mem_ss|msa_0|msa_0|msa_adapter|gen_rdreq_scfifo.rdreq_fifo|scfifo_component|auto_generated|dpfifo|wr_ptr|count[2]                                                                                                                                                                                  ;
;     --          ;           ;                                   ;             ; local_mem_wrapper|mem_ss_top|mem_ss_sv|mem_ss|mem_ss|msa_0|msa_0|msa_adapter|gen_rdreq_scfifo.rdreq_fifo|scfifo_component|auto_generated|dpfifo|wr_ptr|count[3]                                                                                                                                                                                  ;
; short           ; right     ; [(252, 0), (263, 7)]              ; 75.667 %    ;    Long Distance                                                                                                                                                                                                                                                                                                                                 ;
;     --          ;           ;                                   ;             ; local_mem_wrapper|mem_ss_top|mem_ss_sv|mem_ss|mem_ss|emif_0|emif_0|arch|arch_inst|fm_ufis|tile_gen[2].lane_gen[2].pin_gen[8].phase_gen[6].data_lane_p2c_ufi_i|o_dout                                                                                                                                                                             ;
;     --          ;           ;                                   ;             ; local_mem_wrapper|mem_ss_top|mem_ss_sv|mem_ss|mem_ss|emif_0|emif_0|arch|arch_inst|fm_ufis|tile_gen[2].lane_gen[2].pin_gen[2].phase_gen[4].data_lane_p2c_ufi_i|o_dout                                                                                                                                                                             ;
;     --          ;           ;                                   ;             ; local_mem_wrapper|mem_ss_top|mem_ss_sv|mem_ss|mem_ss|emif_0|emif_0|arch|arch_inst|fm_ufis|tile_gen[2].lane_gen[2].pin_gen[2].phase_gen[5].data_lane_p2c_ufi_i|o_dout                                                                                                                                                                             ;
;     --          ;           ;                                   ;             ; local_mem_wrapper|mem_ss_top|mem_ss_sv|mem_ss|mem_ss|emif_0|emif_0|arch|arch_inst|fm_ufis|tile_gen[2].lane_gen[2].pin_gen[8].phase_gen[3].data_lane_p2c_ufi_i|o_dout                                                                                                                                                                             ;
;     --          ;           ;                                   ;             ; local_mem_wrapper|mem_ss_top|mem_ss_sv|mem_ss|mem_ss|emif_0|emif_0|arch|arch_inst|fm_ufis|tile_gen[2].lane_gen[2].pin_gen[2].phase_gen[0].data_lane_p2c_ufi_i|o_dout                                                                                                                                                                             ;
;     --          ;           ;                                   ;             ; local_mem_wrapper|mem_ss_top|mem_ss_sv|mem_ss|mem_ss|msa_0|msa_0|msa_adapter|ddrx_ctrl_rdata_d[246]                                                                                                                                                                                                                                              ;
;     --          ;           ;                                   ;             ; local_mem_wrapper|mem_ss_top|mem_ss_sv|mem_ss|mem_ss|msa_1|msa_1|msa_adapter|cmd_fifo|scfifo_component|auto_generated|dpfifo|FIFOram|altera_syncram_impl1|dataout_reg[462]                                                                                                                                                                       ;
;     --          ;           ;                                   ;             ; local_mem_wrapper|mem_ss_top|mem_ss_sv|mem_ss|mem_ss|msa_1|msa_1|msa_adapter|cmd_fifo|scfifo_component|auto_generated|dpfifo|FIFOram|altera_syncram_impl1|dataout_reg[398]                                                                                                                                                                       ;
;     --          ;           ;                                   ;             ; local_mem_wrapper|mem_ss_top|mem_ss_sv|mem_ss|mem_ss|msa_1|msa_1|msa_adapter|cmd_fifo|scfifo_component|auto_generated|dpfifo|FIFOram|altera_syncram_impl1|dataout_reg[334]                                                                                                                                                                       ;
;     --          ;           ;                                   ;             ; local_mem_wrapper|mem_ss_top|mem_ss_sv|mem_ss|mem_ss|msa_1|msa_1|msa_adapter|cmd_fifo|scfifo_component|auto_generated|dpfifo|FIFOram|altera_syncram_impl1|dataout_reg[270]                                                                                                                                                                       ;
; short           ; left      ; [(252, 0), (263, 7)]              ; 58.143 %    ;    High Routing Fan-Out                                                                                                                                                                                                                                                                                                                          ;
;     --          ;           ;                                   ;             ; local_mem_wrapper|mem_ss_top|mem_ss_sv|mem_ss|mem_ss|msa_0|msa_0|msa_adapter|wrreq_bank_spreading|bank[3].fifo_inst|scfifo_component|auto_generated|dpfifo|wr_ptr|count[2]                                                                                                                                                                       ;
;     --          ;           ;                                   ;             ; local_mem_wrapper|mem_ss_top|mem_ss_sv|mem_ss|mem_ss|msa_0|msa_0|msa_adapter|wrreq_bank_spreading|bank[3].fifo_inst|scfifo_component|auto_generated|dpfifo|wr_ptr|count[3]                                                                                                                                                                       ;
;     --          ;           ;                                   ;             ; local_mem_wrapper|mem_ss_top|mem_ss_sv|mem_ss|mem_ss|msa_0|msa_0|msa_adapter|cmd_fifo|scfifo_component|auto_generated|dpfifo|wr_ptr|count[0]                                                                                                                                                                                                     ;
;     --          ;           ;                                   ;             ; local_mem_wrapper|mem_ss_top|mem_ss_sv|mem_ss|mem_ss|msa_0|msa_0|msa_adapter|cmd_fifo|scfifo_component|auto_generated|dpfifo|wr_ptr|count[1]                                                                                                                                                                                                     ;
;     --          ;           ;                                   ;             ; local_mem_wrapper|mem_ss_top|mem_ss_sv|mem_ss|mem_ss|msa_0|msa_0|msa_adapter|cmd_fifo|scfifo_component|auto_generated|dpfifo|wr_ptr|count[2]                                                                                                                                                                                                     ;
;     --          ;           ;                                   ;             ; local_mem_wrapper|mem_ss_top|mem_ss_sv|mem_ss|mem_ss|msa_0|msa_0|msa_adapter|cmd_fifo|scfifo_component|auto_generated|dpfifo|wr_ptr|count[3]                                                                                                                                                                                                     ;
;     --          ;           ;                                   ;             ; local_mem_wrapper|mem_ss_top|mem_ss_sv|mem_ss|mem_ss|msa_0|msa_0|msa_adapter|cmd_fifo|scfifo_component|auto_generated|dpfifo|FIFOram|altera_syncram_impl1|rdaddr_reg[3]                                                                                                                                                                          ;
;     --          ;           ;                                   ;             ; local_mem_wrapper|mem_ss_top|mem_ss_sv|mem_ss|mem_ss|msa_0|msa_0|msa_adapter|cmd_fifo|scfifo_component|auto_generated|dpfifo|FIFOram|altera_syncram_impl1|rdaddr_reg[2]                                                                                                                                                                          ;
;     --          ;           ;                                   ;             ; local_mem_wrapper|mem_ss_top|mem_ss_sv|mem_ss|mem_ss|msa_0|msa_0|msa_adapter|cmd_fifo|scfifo_component|auto_generated|dpfifo|FIFOram|altera_syncram_impl1|rdaddr_reg[1]                                                                                                                                                                          ;
;     --          ;           ;                                   ;             ; local_mem_wrapper|mem_ss_top|mem_ss_sv|mem_ss|mem_ss|msa_0|msa_0|msa_adapter|cmd_fifo|scfifo_component|auto_generated|dpfifo|FIFOram|altera_syncram_impl1|rdaddr_reg[0]                                                                                                                                                                          ;
; short           ; left      ; [(252, 0), (263, 7)]              ; 58.143 %    ;    Long Distance                                                                                                                                                                                                                                                                                                                                 ;
;     --          ;           ;                                   ;             ; local_mem_wrapper|mem_ss_top|mem_ss_sv|mem_ss|mem_ss|emif_0|emif_0|arch|arch_inst|pll_inst|pll_locked                                                                                                                                                                                                                                            ;
;     --          ;           ;                                   ;             ; local_mem_wrapper|mem_ss_top|mem_ss_sv|mem_ss|mem_ss|msa_0|msa_0|msa_adapter|wrreq_bank_spreading|bank[3].fifo_inst|scfifo_component|auto_generated|dpfifo|wr_ptr|count[3]                                                                                                                                                                       ;
;     --          ;           ;                                   ;             ; local_mem_wrapper|mem_ss_top|mem_ss_sv|mem_ss|mem_ss|msa_0|msa_0|msa_adapter|wrreq_bank_spreading|bank[3].fifo_inst|scfifo_component|auto_generated|dpfifo|wr_ptr|count[2]                                                                                                                                                                       ;
;     --          ;           ;                                   ;             ; local_mem_wrapper|mem_ss_top|mem_ss_sv|mem_ss|mem_ss|emif_1|emif_1|arch|arch_inst|fm_ufis|tile_gen[0].lane_gen[0].pin_gen[11].phase_gen[1].data_lane_p2c_ufi_i|o_dout                                                                                                                                                                            ;
;     --          ;           ;                                   ;             ; local_mem_wrapper|mem_ss_top|mem_ss_sv|mem_ss|mem_ss|emif_1|emif_1|arch|arch_inst|fm_ufis|tile_gen[0].lane_gen[0].pin_gen[8].phase_gen[6].data_lane_p2c_ufi_i|o_dout                                                                                                                                                                             ;
;     --          ;           ;                                   ;             ; local_mem_wrapper|mem_ss_top|mem_ss_sv|mem_ss|mem_ss|emif_1|emif_1|arch|arch_inst|fm_ufis|tile_gen[0].lane_gen[0].pin_gen[11].phase_gen[3].data_lane_p2c_ufi_i|o_dout                                                                                                                                                                            ;
;     --          ;           ;                                   ;             ; local_mem_wrapper|mem_ss_top|mem_ss_sv|mem_ss|mem_ss|emif_1|emif_1|arch|arch_inst|fm_ufis|tile_gen[0].lane_gen[0].pin_gen[9].phase_gen[3].data_lane_p2c_ufi_i|o_dout                                                                                                                                                                             ;
;     --          ;           ;                                   ;             ; local_mem_wrapper|mem_ss_top|mem_ss_sv|mem_ss|mem_ss|emif_1|emif_1|arch|arch_inst|fm_ufis|tile_gen[0].lane_gen[0].pin_gen[8].phase_gen[3].data_lane_p2c_ufi_i|o_dout                                                                                                                                                                             ;
;     --          ;           ;                                   ;             ; local_mem_wrapper|mem_ss_top|mem_ss_sv|mem_ss|mem_ss|msa_0|msa_0|msa_adapter|wrreq_bank_spreading|wrreq_select_bank_fifo_read[2]~SynDup_40                                                                                                                                                                                                       ;
;     --          ;           ;                                   ;             ; local_mem_wrapper|mem_ss_top|mem_ss_sv|mem_ss|mem_ss|emif_1|emif_1|arch|arch_inst|fm_ufis|tile_gen[0].lane_gen[0].pin_gen[9].phase_gen[1].data_lane_p2c_ufi_i|o_dout                                                                                                                                                                             ;
; short           ; up        ; [(252, 8), (263, 15)]             ; 49.306 %    ;    High Routing Fan-Out                                                                                                                                                                                                                                                                                                                          ;
;     --          ;           ;                                   ;             ; local_mem_wrapper|mem_ss_top|mem_ss_sv|mem_ss|mem_ss|msa_0|msa_0|msa_adapter|LessThan_6~0                                                                                                                                                                                                                                                        ;
;     --          ;           ;                                   ;             ; local_mem_wrapper|mem_ss_top|mem_ss_sv|mem_ss|mem_ss|msa_0|msa_0|msa_adapter|wrreq_bank_spreading|bank_fifos_write[7]                                                                                                                                                                                                                            ;
;     --          ;           ;                                   ;             ; local_mem_wrapper|mem_ss_top|mem_ss_sv|mem_ss|mem_ss|msa_0|msa_0|msa_adapter|wrreq_bank_spreading|bank[4].fifo_inst|scfifo_component|auto_generated|dpfifo|wr_ptr|count[0]                                                                                                                                                                       ;
;     --          ;           ;                                   ;             ; local_mem_wrapper|mem_ss_top|mem_ss_sv|mem_ss|mem_ss|msa_0|msa_0|msa_adapter|wrreq_bank_spreading|bank[4].fifo_inst|scfifo_component|auto_generated|dpfifo|wr_ptr|count[1]                                                                                                                                                                       ;
;     --          ;           ;                                   ;             ; local_mem_wrapper|mem_ss_top|mem_ss_sv|mem_ss|mem_ss|msa_0|msa_0|msa_adapter|wrreq_bank_spreading|bank[4].fifo_inst|scfifo_component|auto_generated|dpfifo|wr_ptr|count[2]                                                                                                                                                                       ;
;     --          ;           ;                                   ;             ; local_mem_wrapper|mem_ss_top|mem_ss_sv|mem_ss|mem_ss|msa_0|msa_0|msa_adapter|wrreq_bank_spreading|bank[4].fifo_inst|scfifo_component|auto_generated|dpfifo|wr_ptr|count[3]                                                                                                                                                                       ;
;     --          ;           ;                                   ;             ; local_mem_wrapper|mem_ss_top|mem_ss_sv|mem_ss|mem_ss|msa_0|msa_0|msa_adapter|cmd_fifo_datain.word_address.row[0]~2                                                                                                                                                                                                                               ;
;     --          ;           ;                                   ;             ; local_mem_wrapper|mem_ss_top|mem_ss_sv|mem_ss|mem_ss|msa_0|msa_0|msa_adapter|wrreq_bank_spreading|wrreq_bank_fifos_read_enable[0]~6xsyn_20                                                                                                                                                                                                       ;
;     --          ;           ;                                   ;             ; local_mem_wrapper|mem_ss_top|mem_ss_sv|mem_ss|mem_ss|msa_0|msa_0|msa_adapter|wrreq_bank_spreading|wrreq_bank_fifos_read_enable[0]~2xsyn_18                                                                                                                                                                                                       ;
;     --          ;           ;                                   ;             ; local_mem_wrapper|mem_ss_top|mem_ss_sv|mem_ss|mem_ss|msa_0|msa_0|msa_adapter|wrreq_bank_spreading|wrreq_bank_fifos_read_enable[0]~5                                                                                                                                                                                                              ;
; short           ; up        ; [(252, 8), (263, 15)]             ; 49.306 %    ;    Long Distance                                                                                                                                                                                                                                                                                                                                 ;
;     --          ;           ;                                   ;             ; local_mem_wrapper|mem_ss_top|mem_ss_sv|mem_ss|mem_ss|msa_0|msa_0|msa_adapter|wrreq_bank_spreading|wrreq_select_bank_fifo_read[1]~SynDup_56                                                                                                                                                                                                       ;
;     --          ;           ;                                   ;             ; local_mem_wrapper|mem_ss_top|mem_ss_sv|mem_ss|mem_ss|msa_0|msa_0|msa_adapter|wrreq_bank_spreading|wrreq_select_bank_fifo_read[0]~SynDup_57                                                                                                                                                                                                       ;
;     --          ;           ;                                   ;             ; local_mem_wrapper|mem_ss_top|mem_ss_sv|mem_ss|mem_ss|msa_0|msa_0|msa_adapter|wrreq_bank_spreading|wrreq_select_bank_fifo_read[1]~SynDup_43                                                                                                                                                                                                       ;
;     --          ;           ;                                   ;             ; local_mem_wrapper|mem_ss_top|mem_ss_sv|mem_ss|mem_ss|msa_0|msa_0|msa_adapter|wrreq_bank_spreading|wrreq_select_bank_fifo_read[1]~SynDup_58                                                                                                                                                                                                       ;
;     --          ;           ;                                   ;             ; local_mem_wrapper|mem_ss_top|mem_ss_sv|mem_ss|mem_ss|msa_0|msa_0|msa_adapter|wrreq_bank_spreading|wrreq_select_bank_fifo_read[2]~SynDup_40                                                                                                                                                                                                       ;
;     --          ;           ;                                   ;             ; local_mem_wrapper|mem_ss_top|mem_ss_sv|mem_ss|mem_ss|msa_0|msa_0|msa_adapter|wrreq_bank_spreading|wrreq_select_bank_fifo_read[0]~SynDup_58                                                                                                                                                                                                       ;
;     --          ;           ;                                   ;             ; local_mem_wrapper|mem_ss_top|mem_ss_sv|mem_ss|mem_ss|msa_0|msa_0|msa_adapter|wrreq_bank_spreading|wrreq_select_bank_fifo_read[0]~SynDup_44                                                                                                                                                                                                       ;
;     --          ;           ;                                   ;             ; local_mem_wrapper|mem_ss_top|mem_ss_sv|mem_ss|mem_ss|msa_0|msa_0|msa_adapter|wrreq_bank_spreading|wrreq_select_bank_fifo_read[0]~SynDup_55                                                                                                                                                                                                       ;
;     --          ;           ;                                   ;             ; local_mem_wrapper|mem_ss_top|mem_ss_sv|mem_ss|mem_ss|msa_0|msa_0|msa_adapter|wrreq_bank_spreading|wrreq_select_bank_fifo_read[1]~SynDup_57                                                                                                                                                                                                       ;
;     --          ;           ;                                   ;             ; local_mem_wrapper|mem_ss_top|mem_ss_sv|mem_ss|mem_ss|msa_0|msa_0|msa_adapter|wrreq_bank_spreading|wrreq_select_bank_fifo_read[0]~SynDup_56                                                                                                                                                                                                       ;
; short           ; down      ; [(24, 40), (35, 47)]              ; 67.361 %    ;    High Routing Fan-Out                                                                                                                                                                                                                                                                                                                          ;
;     --          ;           ;                                   ;             ; ~GND                                                                                                                                                                                                                                                                                                                                             ;
;     --          ;           ;                                   ;             ; ~GND~P_BUFF5                                                                                                                                                                                                                                                                                                                                     ;
;     --          ;           ;                                   ;             ; pcie_wrapper|pcie_ss.top|host_pcie.pcie_ss|pcie_ss|EP_PFTILE_WRAPPER.gen_pciess.u_pciess_p0|u_pciess|gen_sub.u_hipif|EP_CFG_IF.u_pciess_cfg_if|u_warm_rst_liteclk2_n_sync|dreg[1]                                                                                                                                                                ;
;     --          ;           ;                                   ;             ; pcie_wrapper|pcie_ss.top|host_pcie.pcie_ss|pcie_ss|EP_PFTILE_WRAPPER.gen_pciess.u_pciess_p0|u_pciess|gen_sub.u_hipif|EP_CFG_IF.u_pciess_cfg_if|csr_read_pulse                                                                                                                                                                                    ;
;     --          ;           ;                                   ;             ; pcie_wrapper|pcie_ss.top|host_pcie.pcie_ss|pcie_ss|EP_PFTILE_WRAPPER.gen_pciess.u_pciess_p0|u_pciess|gen_sub.u_hipif|EP_CFG_IF.u_pciess_cfg_if|EP_CSR.u_pciess_hia_csr|reduce_nor_11                                                                                                                                                             ;
;     --          ;           ;                                   ;             ; pcie_wrapper|pcie_ss.top|host_pcie.pcie_ss|pcie_ss|EP_PFTILE_WRAPPER.gen_pciess.u_pciess_p0|u_pciess|gen_sub.u_hipif|EP_CFG_IF.u_pciess_cfg_if|EP_CSR.u_pciess_hia_csr|we_LEGACY_INTERRUPT_CTRL[0]~0                                                                                                                                             ;
;     --          ;           ;                                   ;             ; pcie_wrapper|pcie_ss.top|host_pcie.pcie_ss|pcie_ss|EP_PFTILE_WRAPPER.gen_pciess.u_pciess_p0|u_pciess|gen_sub.u_hipif|EP_CFG_IF.u_pciess_cfg_if|EP_CSR.u_pciess_hia_csr|we_CFG_REG_IA_CTRL[0]~0                                                                                                                                                   ;
;     --          ;           ;                                   ;             ; pcie_wrapper|pcie_ss.top|host_pcie.pcie_ss|pcie_ss|EP_PFTILE_WRAPPER.gen_pciess.u_pciess_p0|u_pciess|gen_sub.u_hipif|EP_CFG_IF.u_pciess_cfg_if|gen_axilite2avmm_32.u_axilite2avmm_altera_mm_interconnect_32|mgc_axi4lite_master_0_altera_axi4lite_master_agent|awvalid_q0                                                                        ;
;     --          ;           ;                                   ;             ; pcie_wrapper|pcie_ss.top|host_pcie.pcie_ss|pcie_ss|EP_PFTILE_WRAPPER.gen_pciess.u_pciess_p0|u_pciess|gen_sub.u_hipif|EP_CFG_IF.u_pciess_cfg_if|gen_axilite2avmm_32.u_axilite2avmm_altera_mm_interconnect_32|cmd_mux|saved_grant[0]~xsyn                                                                                                          ;
;     --          ;           ;                                   ;             ; pcie_wrapper|pcie_ss.top|host_pcie.pcie_ss|pcie_ss|EP_PFTILE_WRAPPER.gen_pciess.u_pciess_p0|u_pciess|gen_sub.u_hipif|EP_CFG_IF.u_pciess_cfg_if|EP_CSR.u_pciess_hia_csr|DSTATE_STS_pf_number[2]                                                                                                                                                   ;
; short           ; down      ; [(24, 40), (35, 47)]              ; 67.361 %    ;    Long Distance                                                                                                                                                                                                                                                                                                                                 ;
;     --          ;           ;                                   ;             ; ~GND                                                                                                                                                                                                                                                                                                                                             ;
;     --          ;           ;                                   ;             ; PCIE_RST_CTRL[0].rst_ctrl|rst_clk100m_resync|resync_chains[0].synchronizer_nocut|g_additional_pipeline_on.dup|dup_tree[3][0]~SynDup_5                                                                                                                                                                                                            ;
;     --          ;           ;                                   ;             ; auto_fab_0|alt_sld_fab_0|alt_sld_fab_0|sldfabric|jtag_hub_gen.real_sld_jtag_hub|tdo_mux_out~xsyn                                                                                                                                                                                                                                                 ;
;     --          ;           ;                                   ;             ; PCIE_RST_CTRL[0].rst_ctrl|rst_clk100m_resync|resync_chains[0].synchronizer_nocut|g_additional_pipeline_on.dup|dup_tree[3][0]~SynDup_27                                                                                                                                                                                                           ;
;     --          ;           ;                                   ;             ; PCIE_RST_CTRL[0].rst_ctrl|rst_clk100m_resync|resync_chains[0].synchronizer_nocut|g_additional_pipeline_on.dup|dup_tree[1][0]~SynDup                                                                                                                                                                                                              ;
;     --          ;           ;                                   ;             ; afu_top|sr_afu.fim_afu_instances|afu_gen[0].bwbmc_gen.bwbmc_wrapper|bw_840_support|bmc_spi_sub_0|sdm_mailbox|sdm_mailbox|s10_mailbox_client_inst|rsp_fifo|full~xsyn                                                                                                                                                                              ;
;     --          ;           ;                                   ;             ; auto_fab_0|alt_sld_fab_0|alt_sld_fab_0|mboxfabric|command_1_reset_handler_1|reset_trigger                                                                                                                                                                                                                                                        ;
;     --          ;           ;                                   ;             ; afu_top|sr_afu.fim_afu_instances|afu_gen[0].bwbmc_gen.bwbmc_wrapper|bw_840_support|bmc_spi_sub_0|sdm_mailbox|sdm_mailbox|s10_mailbox_client_inst|cmd_fifo|out_payload[33]                                                                                                                                                                        ;
;     --          ;           ;                                   ;             ; afu_top|sr_afu.fim_afu_instances|afu_gen[0].bwbmc_gen.bwbmc_wrapper|bw_840_support|bmc_spi_sub_0|sdm_mailbox|sdm_mailbox|s10_mailbox_client_inst|command_data[9]~9                                                                                                                                                                               ;
;     --          ;           ;                                   ;             ; afu_top|sr_afu.fim_afu_instances|afu_gen[0].bwbmc_gen.bwbmc_wrapper|bw_840_support|bmc_spi_sub_0|sdm_mailbox|sdm_mailbox|s10_mailbox_client_inst|command_endofpacket~0xsyn                                                                                                                                                                       ;
; long high speed ; right     ; [(0, 120), (11, 127)]             ; 245.833 %   ;    High Routing Fan-Out                                                                                                                                                                                                                                                                                                                          ;
;     --          ;           ;                                   ;             ; pcie_wrapper|pcie_ss.top|host_pcie.pcie_ss|pcie_ss|gen_ptile.u_ptile|intel_pcie_ptile_ast_qhip|inst|inst|maib_and_tile|s0_114_1__core_periphery__data_to_core[36]                                                                                                                                                                                ;
;     --          ;           ;                                   ;             ; pcie_wrapper|pcie_ss.top|host_pcie.pcie_ss|pcie_ss|gen_ptile.u_ptile|intel_pcie_ptile_ast_qhip|inst|inst|maib_and_tile|s0_114_1__core_periphery__data_to_core[49]                                                                                                                                                                                ;
;     --          ;           ;                                   ;             ; pcie_wrapper|pcie_ss.top|host_pcie.pcie_ss|pcie_ss|gen_ptile.u_ptile|intel_pcie_ptile_ast_qhip|inst|inst|maib_and_tile|s0_114_1__core_periphery__data_to_core[51]                                                                                                                                                                                ;
;     --          ;           ;                                   ;             ; pcie_wrapper|pcie_ss.top|host_pcie.pcie_ss|pcie_ss|gen_ptile.u_ptile|intel_pcie_ptile_ast_qhip|inst|inst|maib_and_tile|s0_114_1__core_periphery__data_to_core[20]                                                                                                                                                                                ;
;     --          ;           ;                                   ;             ; pcie_wrapper|pcie_ss.top|host_pcie.pcie_ss|pcie_ss|gen_ptile.u_ptile|intel_pcie_ptile_ast_qhip|inst|inst|maib_and_tile|s0_114_1__core_periphery__data_to_core[22]                                                                                                                                                                                ;
;     --          ;           ;                                   ;             ; pcie_wrapper|pcie_ss.top|host_pcie.pcie_ss|pcie_ss|gen_ptile.u_ptile|intel_pcie_ptile_ast_qhip|inst|inst|maib_and_tile|s0_114_1__core_periphery__data_to_core[45]                                                                                                                                                                                ;
;     --          ;           ;                                   ;             ; pcie_wrapper|pcie_ss.top|host_pcie.pcie_ss|pcie_ss|gen_ptile.u_ptile|intel_pcie_ptile_ast_qhip|inst|inst|maib_and_tile|s0_114_1__core_periphery__data_to_core[47]                                                                                                                                                                                ;
;     --          ;           ;                                   ;             ; pcie_wrapper|pcie_ss.top|host_pcie.pcie_ss|pcie_ss|gen_ptile.u_ptile|intel_pcie_ptile_ast_qhip|inst|inst|maib_and_tile|s0_114_1__core_periphery__data_to_core[17]                                                                                                                                                                                ;
;     --          ;           ;                                   ;             ; pcie_wrapper|pcie_ss.top|host_pcie.pcie_ss|pcie_ss|gen_ptile.u_ptile|intel_pcie_ptile_ast_qhip|inst|inst|maib_and_tile|s0_114_1__core_periphery__data_to_core[19]                                                                                                                                                                                ;
;     --          ;           ;                                   ;             ; pcie_wrapper|pcie_ss.top|host_pcie.pcie_ss|pcie_ss|gen_ptile.u_ptile|intel_pcie_ptile_ast_qhip|inst|inst|maib_and_tile|s0_114_1__core_periphery__data_to_core[40]                                                                                                                                                                                ;
; long high speed ; right     ; [(0, 120), (11, 127)]             ; 245.833 %   ;    Long Distance                                                                                                                                                                                                                                                                                                                                 ;
;     --          ;           ;                                   ;             ; pcie_wrapper|pcie_ss.top|host_pcie.pcie_ss|pcie_ss|gen_ptile.u_ptile|intel_pcie_ptile_ast_qhip|inst|inst|maib_and_tile|s0_114_1__core_periphery__data_to_core[80]                                                                                                                                                                                ;
;     --          ;           ;                                   ;             ; pcie_wrapper|pcie_ss.top|host_pcie.pcie_ss|pcie_ss|gen_ptile.u_ptile|intel_pcie_ptile_ast_qhip|inst|inst|maib_and_tile|s0_114_1__core_periphery__data_to_core[107]                                                                                                                                                                               ;
;     --          ;           ;                                   ;             ; pcie_wrapper|pcie_ss.top|host_pcie.pcie_ss|pcie_ss|gen_ptile.u_ptile|intel_pcie_ptile_ast_qhip|inst|inst|maib_and_tile|s0_114_1__core_periphery__data_to_core[105]                                                                                                                                                                               ;
;     --          ;           ;                                   ;             ; pcie_wrapper|pcie_ss.top|host_pcie.pcie_ss|pcie_ss|gen_ptile.u_ptile|intel_pcie_ptile_ast_qhip|inst|inst|maib_and_tile|s0_114_1__core_periphery__data_to_core[1]                                                                                                                                                                                 ;
;     --          ;           ;                                   ;             ; pcie_wrapper|pcie_ss.top|host_pcie.pcie_ss|pcie_ss|gen_ptile.u_ptile|intel_pcie_ptile_ast_qhip|inst|inst|maib_and_tile|s0_114_1__core_periphery__data_to_core[104]                                                                                                                                                                               ;
;     --          ;           ;                                   ;             ; pcie_wrapper|pcie_ss.top|host_pcie.pcie_ss|pcie_ss|gen_ptile.u_ptile|intel_pcie_ptile_ast_qhip|inst|inst|maib_and_tile|s0_114_1__core_periphery__data_to_core[35]                                                                                                                                                                                ;
;     --          ;           ;                                   ;             ; pcie_wrapper|pcie_ss.top|host_pcie.pcie_ss|pcie_ss|gen_ptile.u_ptile|intel_pcie_ptile_ast_qhip|inst|inst|maib_and_tile|s0_114_1__core_periphery__data_to_core[33]                                                                                                                                                                                ;
;     --          ;           ;                                   ;             ; pcie_wrapper|pcie_ss.top|host_pcie.pcie_ss|pcie_ss|gen_ptile.u_ptile|intel_pcie_ptile_ast_qhip|inst|inst|maib_and_tile|s0_114_1__core_periphery__data_to_core[11]                                                                                                                                                                                ;
;     --          ;           ;                                   ;             ; pcie_wrapper|pcie_ss.top|host_pcie.pcie_ss|pcie_ss|gen_ptile.u_ptile|intel_pcie_ptile_ast_qhip|inst|inst|maib_and_tile|s0_114_1__core_periphery__data_to_core[9]                                                                                                                                                                                 ;
;     --          ;           ;                                   ;             ; pcie_wrapper|pcie_ss.top|host_pcie.pcie_ss|pcie_ss|gen_ptile.u_ptile|intel_pcie_ptile_ast_qhip|inst|inst|maib_and_tile|s0_114_1__core_periphery__data_to_core[96]                                                                                                                                                                                ;
; long high speed ; left      ; [(228, 8), (239, 15)]             ; 97.222 %    ;    High Routing Fan-Out                                                                                                                                                                                                                                                                                                                          ;
;     --          ;           ;                                   ;             ; local_mem_wrapper|mem_ss_top|mem_ss_sv|mem_ss|mem_ss|msa_0|msa_0|msa_adapter|LessThan_6~0                                                                                                                                                                                                                                                        ;
;     --          ;           ;                                   ;             ; local_mem_wrapper|mem_ss_top|mem_ss_sv|mem_ss|mem_ss|msa_0|msa_0|msa_adapter|wrreq_bank_spreading|bank_fifos_write[4]                                                                                                                                                                                                                            ;
;     --          ;           ;                                   ;             ; local_mem_wrapper|mem_ss_top|mem_ss_sv|mem_ss|mem_ss|msa_0|msa_0|msa_adapter|wrreq_bank_spreading|bank_fifos_write[3]                                                                                                                                                                                                                            ;
;     --          ;           ;                                   ;             ; local_mem_wrapper|mem_ss_top|mem_ss_sv|mem_ss|mem_ss|msa_0|msa_0|msa_adapter|wrreq_bank_spreading|bank_fifos_write[2]                                                                                                                                                                                                                            ;
;     --          ;           ;                                   ;             ; local_mem_wrapper|mem_ss_top|mem_ss_sv|mem_ss|mem_ss|msa_0|msa_0|msa_adapter|wrreq_bank_spreading|bank_fifos_write[0]                                                                                                                                                                                                                            ;
;     --          ;           ;                                   ;             ; local_mem_wrapper|mem_ss_top|mem_ss_sv|mem_ss|mem_ss|msa_0|msa_0|msa_adapter|wrreq_bank_spreading|bank_fifos_write[7]                                                                                                                                                                                                                            ;
;     --          ;           ;                                   ;             ; local_mem_wrapper|mem_ss_top|mem_ss_sv|mem_ss|mem_ss|msa_0|msa_0|msa_adapter|wrreq_bank_spreading|bank_fifos_write[6]                                                                                                                                                                                                                            ;
;     --          ;           ;                                   ;             ; local_mem_wrapper|mem_ss_top|mem_ss_sv|mem_ss|mem_ss|msa_0|msa_0|msa_adapter|wrreq_bank_spreading|bank_fifos_write[1]                                                                                                                                                                                                                            ;
;     --          ;           ;                                   ;             ; local_mem_wrapper|mem_ss_top|mem_ss_sv|mem_ss|mem_ss|msa_0|msa_0|msa_adapter|wrreq_bank_spreading|bank[0].fifo_inst|scfifo_component|auto_generated|dpfifo|rtl~4                                                                                                                                                                                 ;
;     --          ;           ;                                   ;             ; local_mem_wrapper|mem_ss_top|mem_ss_sv|mem_ss|mem_ss|msa_0|msa_0|msa_adapter|wrreq_bank_spreading|bank[2].fifo_inst|scfifo_component|auto_generated|dpfifo|wr_ptr|count[0]                                                                                                                                                                       ;
; long high speed ; left      ; [(228, 8), (239, 15)]             ; 97.222 %    ;    Long Distance                                                                                                                                                                                                                                                                                                                                 ;
;     --          ;           ;                                   ;             ; local_mem_wrapper|mem_ss_top|mem_ss_sv|mem_ss|mem_ss|msa_0|msa_0|msa_adapter|wrreq_bank_spreading|bank[7].fifo_inst|scfifo_component|auto_generated|dpfifo|wr_ptr|count[3]                                                                                                                                                                       ;
;     --          ;           ;                                   ;             ; local_mem_wrapper|mem_ss_top|mem_ss_sv|mem_ss|mem_ss|emif_1|emif_1|arch|arch_inst|fm_ufis|tile_gen[0].lane_gen[0].pin_gen[8].phase_gen[0].data_lane_p2c_ufi_i|o_dout                                                                                                                                                                             ;
;     --          ;           ;                                   ;             ; local_mem_wrapper|mem_ss_top|mem_ss_sv|mem_ss|mem_ss|msa_0|msa_0|msa_adapter|wrreq_bank_spreading|bank[7].fifo_inst|scfifo_component|auto_generated|dpfifo|wr_ptr|count[2]                                                                                                                                                                       ;
;     --          ;           ;                                   ;             ; local_mem_wrapper|mem_ss_top|mem_ss_sv|mem_ss|mem_ss|msa_0|msa_0|msa_adapter|wrreq_bank_spreading|bank[7].fifo_inst|scfifo_component|auto_generated|dpfifo|wr_ptr|count[1]                                                                                                                                                                       ;
;     --          ;           ;                                   ;             ; local_mem_wrapper|mem_ss_top|mem_ss_sv|mem_ss|mem_ss|msa_0|msa_0|msa_adapter|wrreq_bank_spreading|bank[7].fifo_inst|scfifo_component|auto_generated|dpfifo|wr_ptr|count[0]                                                                                                                                                                       ;
;     --          ;           ;                                   ;             ; local_mem_wrapper|mem_ss_top|mem_ss_sv|mem_ss|mem_ss|msa_0|msa_0|msa_adapter|wrdata_fifo_dataout_d.data[418]                                                                                                                                                                                                                                     ;
;     --          ;           ;                                   ;             ; local_mem_wrapper|mem_ss_top|mem_ss_sv|mem_ss|mem_ss|emif_1|emif_1|arch|arch_inst|fm_ufis|tile_gen[0].lane_gen[1].pin_gen[9].phase_gen[2].data_lane_p2c_ufi_i|o_dout                                                                                                                                                                             ;
;     --          ;           ;                                   ;             ; local_mem_wrapper|mem_ss_top|mem_ss_sv|mem_ss|mem_ss|emif_1|emif_1|arch|arch_inst|fm_ufis|tile_gen[0].lane_gen[0].pin_gen[3].phase_gen[5].data_lane_p2c_ufi_i|o_dout                                                                                                                                                                             ;
;     --          ;           ;                                   ;             ; local_mem_wrapper|mem_ss_top|mem_ss_sv|mem_ss|mem_ss|emif_1|emif_1|arch|arch_inst|fm_ufis|tile_gen[0].lane_gen[1].pin_gen[0].phase_gen[6].data_lane_p2c_ufi_i|o_dout                                                                                                                                                                             ;
;     --          ;           ;                                   ;             ; local_mem_wrapper|mem_ss_top|mem_ss_sv|mem_ss|mem_ss|msa_0|msa_0|msa_adapter|wrreq_bank_spreading|bank[2].fifo_inst|scfifo_component|auto_generated|dpfifo|wr_ptr|count[3]                                                                                                                                                                       ;
; long high speed ; up        ; [(24, 72), (35, 79)]              ; 155.357 %   ;    High Routing Fan-Out                                                                                                                                                                                                                                                                                                                          ;
;     --          ;           ;                                   ;             ; pcie_wrapper|pcie_ss.top|host_pcie.pcie_ss|pcie_ss|gen_ptile.u_ptile|intel_pcie_ptile_ast_qhip|inst|inst|rx_deskew|u_wrpcie_deskew_0_15_port0|u_wrpcie_deskew|dpchannels[13].tx_aib_deskew_datapipe|o_tap_sel_one_hot[4]                                                                                                                         ;
;     --          ;           ;                                   ;             ; pcie_wrapper|pcie_ss.top|host_pcie.pcie_ss|pcie_ss|gen_ptile.u_ptile|intel_pcie_ptile_ast_qhip|inst|inst|rx_deskew|u_wrpcie_deskew_0_15_port0|u_wrpcie_deskew|dpchannels[13].tx_aib_deskew_datapipe|o_tap_sel_one_hot[5]                                                                                                                         ;
;     --          ;           ;                                   ;             ; pcie_wrapper|pcie_ss.top|host_pcie.pcie_ss|pcie_ss|gen_ptile.u_ptile|intel_pcie_ptile_ast_qhip|inst|inst|rx_deskew|u_wrpcie_deskew_0_15_port0|u_wrpcie_deskew|dpchannels[13].tx_aib_deskew_datapipe|o_tap_sel_one_hot[3]                                                                                                                         ;
;     --          ;           ;                                   ;             ; pcie_wrapper|pcie_ss.top|host_pcie.pcie_ss|pcie_ss|gen_ptile.u_ptile|intel_pcie_ptile_ast_qhip|inst|inst|rx_deskew|u_wrpcie_deskew_0_15_port0|u_wrpcie_deskew|dpchannels[13].tx_aib_deskew_datapipe|i1026                                                                                                                                        ;
;     --          ;           ;                                   ;             ; pcie_wrapper|pcie_ss.top|host_pcie.pcie_ss|pcie_ss|EP_PFTILE_WRAPPER.gen_pciess.u_pciess_p0|u_pciess|gen_sub.u_hipif|u_pciess_tx_if|pciess_tx_sbd.tx_alignment_inst|tx_algn_data_i_ip[419]                                                                                                                                                       ;
;     --          ;           ;                                   ;             ; pcie_wrapper|pcie_ss.top|host_pcie.pcie_ss|pcie_ss|EP_PFTILE_WRAPPER.gen_pciess.u_pciess_p0|u_pciess|gen_sub.u_hipif|u_pciess_tx_if|pciess_tx_sbd.tx_alignment_inst|tx_algn_data_i_ip[416]                                                                                                                                                       ;
;     --          ;           ;                                   ;             ; afu_top|sr_afu.fim_afu_instances|afu_gen[0].bwbmc_gen.bwbmc_wrapper|bw_840_support|bmc_spi_sub_0|bmc_spi_to_avmm|bmc_spi_to_avmm|the_altera_avalon_st_packets_to_bytes_inst_for_spichain|the_altera_avalon_st_packets_to_bytes|out_data[4]                                                                                                       ;
;     --          ;           ;                                   ;             ; afu_top|sr_afu.fim_afu_instances|afu_gen[0].bwbmc_gen.bwbmc_wrapper|bw_840_support|bmc_spi_sub_0|bmc_spi_to_avmm|bmc_spi_to_avmm|the_altera_avalon_st_packets_to_bytes_inst_for_spichain|the_altera_avalon_st_packets_to_bytes|out_data[3]                                                                                                       ;
;     --          ;           ;                                   ;             ; afu_top|sr_afu.fim_afu_instances|afu_gen[0].bwbmc_gen.bwbmc_wrapper|bw_840_support|bmc_spi_sub_0|bmc_spi_to_avmm|bmc_spi_to_avmm|the_altera_avalon_st_packets_to_bytes_inst_for_spichain|the_altera_avalon_st_packets_to_bytes|out_data[7]                                                                                                       ;
;     --          ;           ;                                   ;             ; afu_top|sr_afu.fim_afu_instances|afu_gen[0].bwbmc_gen.bwbmc_wrapper|bw_840_support|bmc_spi_sub_0|bmc_spi_to_avmm|bmc_spi_to_avmm|the_altera_avalon_st_packets_to_bytes_inst_for_spichain|the_altera_avalon_st_packets_to_bytes|out_data[6]                                                                                                       ;
; long high speed ; up        ; [(24, 72), (35, 79)]              ; 155.357 %   ;    Long Distance                                                                                                                                                                                                                                                                                                                                 ;
;     --          ;           ;                                   ;             ; pcie_wrapper|pcie_ss.top|host_pcie.pcie_ss|pcie_ss|EP_PFTILE_WRAPPER.gen_pciess.u_pciess_p0|u_pciess|gen_sub.u_hipif|u_pciess_tx_if|pciess_tx_sbd.tx_alignment_inst|GEN_BLK_PUDM.i_pciess_tx_pudm_wrapper|i_pciess_axist_2_avst_conv|GEN_BLK_AVST_TX_FIFO_ENABLE.u_avst_tx_fifo|auto_generated|fifo_altera_syncram|altera_syncram_impl1|q_b[395] ;
;     --          ;           ;                                   ;             ; pcie_wrapper|pcie_ss.top|host_pcie.pcie_ss|pcie_ss|EP_PFTILE_WRAPPER.gen_pciess.u_pciess_p0|u_pciess|gen_sub.u_hipif|u_pciess_tx_if|pciess_tx_sbd.tx_alignment_inst|GEN_BLK_PUDM.i_pciess_tx_pudm_wrapper|i_pciess_axist_2_avst_conv|GEN_BLK_AVST_TX_FIFO_ENABLE.u_avst_tx_fifo|auto_generated|fifo_altera_syncram|altera_syncram_impl1|q_b[409] ;
;     --          ;           ;                                   ;             ; pcie_wrapper|pcie_ss.top|host_pcie.pcie_ss|pcie_ss|EP_PFTILE_WRAPPER.gen_pciess.u_pciess_p0|u_pciess|gen_sub.u_hipif|u_pciess_tx_if|pciess_tx_sbd.tx_alignment_inst|GEN_BLK_PUDM.i_pciess_tx_pudm_wrapper|i_pciess_axist_2_avst_conv|GEN_BLK_AVST_TX_FIFO_ENABLE.u_avst_tx_fifo|auto_generated|fifo_altera_syncram|altera_syncram_impl1|q_b[408] ;
;     --          ;           ;                                   ;             ; pcie_wrapper|pcie_ss.top|host_pcie.pcie_ss|pcie_ss|EP_PFTILE_WRAPPER.gen_pciess.u_pciess_p0|u_pciess|gen_sub.u_hipif|u_pciess_tx_if|pciess_tx_sbd.tx_alignment_inst|GEN_BLK_PUDM.i_pciess_tx_pudm_wrapper|i_pciess_axist_2_avst_conv|GEN_BLK_AVST_TX_FIFO_ENABLE.u_avst_tx_fifo|auto_generated|fifo_altera_syncram|altera_syncram_impl1|q_b[407] ;
;     --          ;           ;                                   ;             ; pcie_wrapper|pcie_ss.top|host_pcie.pcie_ss|pcie_ss|EP_PFTILE_WRAPPER.gen_pciess.u_pciess_p0|u_pciess|gen_sub.u_hipif|u_pciess_tx_if|pciess_tx_sbd.tx_alignment_inst|GEN_BLK_PUDM.i_pciess_tx_pudm_wrapper|i_pciess_axist_2_avst_conv|GEN_BLK_AVST_TX_FIFO_ENABLE.u_avst_tx_fifo|auto_generated|fifo_altera_syncram|altera_syncram_impl1|q_b[406] ;
;     --          ;           ;                                   ;             ; pcie_wrapper|pcie_ss.top|host_pcie.pcie_ss|pcie_ss|EP_PFTILE_WRAPPER.gen_pciess.u_pciess_p0|u_pciess|gen_sub.u_hipif|u_pciess_tx_if|pciess_tx_sbd.tx_alignment_inst|GEN_BLK_PUDM.i_pciess_tx_pudm_wrapper|i_pciess_axist_2_avst_conv|GEN_BLK_AVST_TX_FIFO_ENABLE.u_avst_tx_fifo|auto_generated|fifo_altera_syncram|altera_syncram_impl1|q_b[467] ;
;     --          ;           ;                                   ;             ; pcie_wrapper|pcie_ss.top|host_pcie.pcie_ss|pcie_ss|EP_PFTILE_WRAPPER.gen_pciess.u_pciess_p0|u_pciess|gen_sub.u_hipif|u_pciess_tx_if|pciess_tx_sbd.tx_alignment_inst|GEN_BLK_PUDM.i_pciess_tx_pudm_wrapper|i_pciess_axist_2_avst_conv|GEN_BLK_AVST_TX_FIFO_ENABLE.u_avst_tx_fifo|auto_generated|fifo_altera_syncram|altera_syncram_impl1|q_b[479] ;
;     --          ;           ;                                   ;             ; pcie_wrapper|pcie_ss.top|host_pcie.pcie_ss|pcie_ss|EP_PFTILE_WRAPPER.gen_pciess.u_pciess_p0|u_pciess|gen_sub.u_hipif|u_pciess_tx_if|pciess_tx_sbd.tx_alignment_inst|GEN_BLK_PUDM.i_pciess_tx_pudm_wrapper|i_pciess_axist_2_avst_conv|GEN_BLK_AVST_TX_FIFO_ENABLE.u_avst_tx_fifo|auto_generated|fifo_altera_syncram|altera_syncram_impl1|q_b[466] ;
;     --          ;           ;                                   ;             ; pcie_wrapper|pcie_ss.top|host_pcie.pcie_ss|pcie_ss|EP_PFTILE_WRAPPER.gen_pciess.u_pciess_p0|u_pciess|gen_sub.u_hipif|u_pciess_tx_if|pciess_tx_sbd.tx_alignment_inst|GEN_BLK_PUDM.i_pciess_tx_pudm_wrapper|i_pciess_axist_2_avst_conv|GEN_BLK_AVST_TX_FIFO_ENABLE.u_avst_tx_fifo|auto_generated|fifo_altera_syncram|altera_syncram_impl1|q_b[517] ;
;     --          ;           ;                                   ;             ; pcie_wrapper|pcie_ss.top|host_pcie.pcie_ss|pcie_ss|EP_PFTILE_WRAPPER.gen_pciess.u_pciess_p0|u_pciess|gen_sub.u_hipif|u_pciess_tx_if|pciess_tx_sbd.tx_alignment_inst|GEN_BLK_PUDM.i_pciess_tx_pudm_wrapper|i_pciess_axist_2_avst_conv|GEN_BLK_AVST_TX_FIFO_ENABLE.u_avst_tx_fifo|auto_generated|fifo_altera_syncram|altera_syncram_impl1|q_b[394] ;
; long high speed ; down      ; [(72, 8), (83, 15)]               ; 117.708 %   ;    High Routing Fan-Out                                                                                                                                                                                                                                                                                                                          ;
;     --          ;           ;                                   ;             ; pcie_wrapper|pcie_ss.top|PCIE_LINK_CONN[0].rx_sb.pipe_rx|rxreq_seg_align|a.impl|work_out_start_idx[0]~1                                                                                                                                                                                                                                          ;
;     --          ;           ;                                   ;             ; pcie_wrapper|pcie_ss.top|PCIE_LINK_CONN[0].rx_sb.pipe_rx|rxreq_seg_align|a.impl|to_sink|r.axis_pl_stage[0].axis_reg_inst|use_reg                                                                                                                                                                                                                 ;
;     --          ;           ;                                   ;             ; pcie_wrapper|pcie_ss.top|PCIE_LINK_CONN[0].rx_sb.pipe_rx|rxreq_seg_align|a.impl|to_sink|r.axis_pl_stage[0].axis_reg_inst|s_tready_reg                                                                                                                                                                                                            ;
;     --          ;           ;                                   ;             ; pcie_wrapper|pcie_ss.top|PCIE_LINK_CONN[0].rx_sb.pipe_rx|rxreq_seg_align|a.impl|to_sink|r.axis_pl_stage[0].axis_reg_inst|s_tready_pre                                                                                                                                                                                                            ;
;     --          ;           ;                                   ;             ; pcie_wrapper|pcie_ss.top|PCIE_LINK_CONN[0].rx_sb.pipe_rx|rxreq_seg_align|a.impl|out_seg_mask[1]~0xsyn                                                                                                                                                                                                                                            ;
;     --          ;           ;                                   ;             ; pcie_wrapper|pcie_ss.top|PCIE_LINK_CONN[0].rx_sb.pipe_rx|rxreq_seg_align|a.impl|shift_work_bus~0                                                                                                                                                                                                                                                 ;
;     --          ;           ;                                   ;             ; pcie_wrapper|pcie_ss.top|PCIE_LINK_CONN[0].rx_sb.pipe_rx|rx_seg_align|a.impl|shift_work_bus~0xsyn                                                                                                                                                                                                                                                ;
;     --          ;           ;                                   ;             ; pcie_wrapper|pcie_ss.top|PCIE_LINK_CONN[0].rx_sb.pipe_rx|rx_dual_stream|cpld_seg_valid[0]~0RTINV                                                                                                                                                                                                                                                 ;
;     --          ;           ;                                   ;             ; pcie_wrapper|pcie_ss.top|PCIE_LINK_CONN[0].rx_sb.pipe_rx|rx_dual_stream|req_seg_valid[1]~2                                                                                                                                                                                                                                                       ;
;     --          ;           ;                                   ;             ; pcie_wrapper|pcie_ss.top|PCIE_LINK_CONN[0].rx_sb.pipe_rx|rx_dual_stream|cpld_seg_valid[1]~1                                                                                                                                                                                                                                                      ;
; long high speed ; down      ; [(72, 8), (83, 15)]               ; 117.708 %   ;    Long Distance                                                                                                                                                                                                                                                                                                                                 ;
;     --          ;           ;                                   ;             ; pcie_wrapper|pcie_ss.top|PCIE_LINK_CONN[0].rx_sb.pipe_rx|pipe_rx_buf|r.axis_pl_stage[0].axis_reg_inst|m_tdata_reg[141]                                                                                                                                                                                                                           ;
;     --          ;           ;                                   ;             ; pcie_wrapper|pcie_ss.top|PCIE_LINK_CONN[0].rx_sb.pipe_rx|pipe_rx_buf|r.axis_pl_stage[0].axis_reg_inst|m_tdata_reg[156]                                                                                                                                                                                                                           ;
;     --          ;           ;                                   ;             ; pcie_wrapper|pcie_ss.top|PCIE_LINK_CONN[0].rx_sb.pipe_rx|pipe_rx_buf|r.axis_pl_stage[0].axis_reg_inst|m_tdata_reg[147]                                                                                                                                                                                                                           ;
;     --          ;           ;                                   ;             ; pcie_wrapper|pcie_ss.top|PCIE_LINK_CONN[0].rx_sb.pipe_rx|pipe_rx_buf|r.axis_pl_stage[0].axis_reg_inst|m_tdata_reg[374]                                                                                                                                                                                                                           ;
;     --          ;           ;                                   ;             ; pcie_wrapper|pcie_ss.top|PCIE_LINK_CONN[0].rx_sb.pipe_rx|pipe_rx_buf|r.axis_pl_stage[0].axis_reg_inst|m_tdata_reg[344]                                                                                                                                                                                                                           ;
;     --          ;           ;                                   ;             ; pcie_wrapper|pcie_ss.top|PCIE_LINK_CONN[0].rx_sb.pipe_rx|pipe_rx_buf|r.axis_pl_stage[0].axis_reg_inst|m_tdata_reg[354]                                                                                                                                                                                                                           ;
;     --          ;           ;                                   ;             ; pcie_wrapper|pcie_ss.top|PCIE_LINK_CONN[0].rx_sb.pipe_rx|pipe_rx_buf|r.axis_pl_stage[0].axis_reg_inst|m_tdata_reg[339]                                                                                                                                                                                                                           ;
;     --          ;           ;                                   ;             ; pcie_wrapper|pcie_ss.top|PCIE_LINK_CONN[0].rx_sb.pipe_rx|pipe_rx_buf|r.axis_pl_stage[0].axis_reg_inst|m_tdata_reg[140]                                                                                                                                                                                                                           ;
;     --          ;           ;                                   ;             ; pcie_wrapper|pcie_ss.top|PCIE_LINK_CONN[0].rx_sb.pipe_rx|pipe_rx_buf|r.axis_pl_stage[0].axis_reg_inst|m_tdata_reg[146]                                                                                                                                                                                                                           ;
;     --          ;           ;                                   ;             ; pcie_wrapper|pcie_ss.top|PCIE_LINK_CONN[0].rx_sb.pipe_rx|pipe_rx_buf|r.axis_pl_stage[0].axis_reg_inst|m_tdata_reg[81]                                                                                                                                                                                                                            ;
+-----------------+-----------+-----------------------------------+-------------+--------------------------------------------------------------------------------------------------------------------------------------------------------------------------------------------------------------------------------------------------------------------------------------------------------------------------------------------------+


+--------------------------------------------------------------------------------------------------------------------------------------------------------------------------------------------------------------------------------+
; Peak Total Grid Crossings                                                                                                                                                                                                      ;
+---------------------------------------------------------------------------------------------------------------------------------------------------------------------------------------------------------+----------------------+
; Net Name                                                                                                                                                                                                ; Total Grid Crossings ;
+---------------------------------------------------------------------------------------------------------------------------------------------------------------------------------------------------------+----------------------+
; ~GND                                                                                                                                                                                                    ; 62                   ;
; sys_pll|iopll_0|locked                                                                                                                                                                                  ; 37                   ;
; afu_top|sr_afu.fim_afu_instances|afu_gen[0].bwbmc_gen.bwbmc_wrapper|bw_840_support|bmc_spi_sub_0|pci_to_bmc_irq_gen|pci_to_bmc_irq_gen|reduce_or_0                                                      ; 33                   ;
; afu_top|pg_afu.port_gasket|user_clock|qph_user_clk|reconfig_uclk_reset                                                                                                                                  ; 32                   ;
; bwbmc_fpga_max_sclk~input                                                                                                                                                                               ; 31                   ;
; afu_top|pg_afu.port_gasket|user_clock|qph_user_clk|pll.qph_user_clk_iopll|iopll_0|dps_pulse_gen_qph_user_clk_iopll_RF100M_altera_iopll_2110_6uqudeq_inst|cntsel[1]                                      ; 30                   ;
; afu_top|pg_afu.port_gasket|user_clock|qph_user_clk|pll.qph_user_clk_iopll|iopll_0|reconfig_from_pll[7]                                                                                                  ; 30                   ;
; afu_top|pg_afu.port_gasket|user_clock|qph_user_clk|pll.qph_user_clk_iopll|iopll_0|reconfig_from_pll[6]                                                                                                  ; 30                   ;
; afu_top|pg_afu.port_gasket|user_clock|qph_user_clk|pll.qph_user_clk_iopll|iopll_0|reconfig_from_pll[5]                                                                                                  ; 30                   ;
; afu_top|pg_afu.port_gasket|user_clock|qph_user_clk|pll.qph_user_clk_iopll|iopll_0|reconfig_from_pll[4]                                                                                                  ; 30                   ;
; afu_top|pg_afu.port_gasket|user_clock|qph_user_clk|pll.qph_user_clk_iopll|iopll_0|reconfig_from_pll[3]                                                                                                  ; 30                   ;
; afu_top|pg_afu.port_gasket|user_clock|qph_user_clk|pll.qph_user_clk_iopll|iopll_0|reconfig_from_pll[2]                                                                                                  ; 30                   ;
; afu_top|pg_afu.port_gasket|user_clock|qph_user_clk|pll.qph_user_clk_iopll|iopll_0|reconfig_from_pll[1]                                                                                                  ; 30                   ;
; afu_top|pg_afu.port_gasket|user_clock|qph_user_clk|pll.qph_user_clk_iopll|iopll_0|reconfig_from_pll[0]                                                                                                  ; 30                   ;
; afu_top|pg_afu.port_gasket|user_clock|qph_user_clk|pll.qph_user_clk_iopll|iopll_0|reconfig_from_pll[9]                                                                                                  ; 30                   ;
; afu_top|pg_afu.port_gasket|user_clock|qph_user_clk|pll.qph_user_clk_iopll|iopll_0|tennm_pll~O_LOCK                                                                                                      ; 30                   ;
; afu_top|pg_afu.port_gasket|user_clock|qph_user_clk|pll.qph_user_clk_iopll|iopll_0|tennm_pll~O_CAL_OK                                                                                                    ; 30                   ;
; bwbmc_fpga_max_mosi~input                                                                                                                                                                               ; 29                   ;
; bwbmc_fpga_spi_cs~input                                                                                                                                                                                 ; 29                   ;
; afu_top|sr_afu.fim_afu_instances|afu_gen[0].bwbmc_gen.bwbmc_wrapper|bw_840_support|bmc_spi_sub_0|bmc_spi_to_avmm|bmc_spi_to_avmm|the_spislave_inst_for_spichain|the_SPIPhy|SPIPhy_MISOctl|rdshiftreg[7] ; 29                   ;
; afu_top|pg_afu.port_gasket|user_clock|qph_user_clk|pll.qph_user_clk_iopll_reconfig|iopll_reconfig_0|reconfig_to_pll[4]~16xsyn                                                                           ; 29                   ;
; afu_top|pg_afu.port_gasket|user_clock|qph_user_clk|pll.qph_user_clk_iopll_reconfig|iopll_reconfig_0|reconfig_to_pll[13]~15                                                                              ; 29                   ;
; afu_top|pg_afu.port_gasket|user_clock|qph_user_clk|pll.qph_user_clk_iopll_reconfig|iopll_reconfig_0|reconfig_to_pll[13]~14                                                                              ; 29                   ;
; afu_top|pg_afu.port_gasket|user_clock|qph_user_clk|pll.qph_user_clk_iopll_reconfig|iopll_reconfig_0|reconfig_to_pll[13]~13                                                                              ; 29                   ;
; afu_top|pg_afu.port_gasket|user_clock|qph_user_clk|pll.qph_user_clk_iopll_reconfig|iopll_reconfig_0|reconfig_to_pll[13]~12                                                                              ; 29                   ;
; afu_top|pg_afu.port_gasket|user_clock|qph_user_clk|pll.qph_user_clk_iopll_reconfig|iopll_reconfig_0|reconfig_to_pll[13]~11                                                                              ; 29                   ;
; afu_top|pg_afu.port_gasket|user_clock|qph_user_clk|pll.qph_user_clk_iopll_reconfig|iopll_reconfig_0|reconfig_to_pll[13]~10                                                                              ; 29                   ;
; afu_top|pg_afu.port_gasket|user_clock|qph_user_clk|pll.qph_user_clk_iopll_reconfig|iopll_reconfig_0|reconfig_to_pll[13]~9                                                                               ; 29                   ;
; afu_top|pg_afu.port_gasket|user_clock|qph_user_clk|pll.qph_user_clk_iopll_reconfig|iopll_reconfig_0|reconfig_to_pll[13]~8                                                                               ; 29                   ;
; afu_top|pg_afu.port_gasket|user_clock|qph_user_clk|pll.qph_user_clk_iopll_reconfig|iopll_reconfig_0|reconfig_to_pll[4]~7                                                                                ; 29                   ;
; afu_top|pg_afu.port_gasket|user_clock|qph_user_clk|pll.qph_user_clk_iopll_reconfig|iopll_reconfig_0|reconfig_to_pll[4]~6                                                                                ; 29                   ;
; afu_top|pg_afu.port_gasket|user_clock|qph_user_clk|pll.qph_user_clk_iopll_reconfig|iopll_reconfig_0|reconfig_to_pll[4]~5                                                                                ; 29                   ;
; afu_top|pg_afu.port_gasket|user_clock|qph_user_clk|pll.qph_user_clk_iopll_reconfig|iopll_reconfig_0|reconfig_to_pll[4]~4                                                                                ; 29                   ;
; afu_top|pg_afu.port_gasket|user_clock|qph_user_clk|pll.qph_user_clk_iopll_reconfig|iopll_reconfig_0|reconfig_to_pll[4]~3                                                                                ; 29                   ;
; afu_top|pg_afu.port_gasket|user_clock|qph_user_clk|pll.qph_user_clk_iopll_reconfig|iopll_reconfig_0|reconfig_to_pll[4]~2                                                                                ; 29                   ;
; afu_top|pg_afu.port_gasket|user_clock|qph_user_clk|pll.qph_user_clk_iopll_reconfig|iopll_reconfig_0|reconfig_to_pll[3]~1                                                                                ; 29                   ;
; afu_top|pg_afu.port_gasket|user_clock|qph_user_clk|pll.qph_user_clk_iopll_reconfig|iopll_reconfig_0|reconfig_to_pll[2]~0                                                                                ; 29                   ;
; afu_top|pg_afu.port_gasket|user_clock|qph_user_clk|pll.qph_user_clk_iopll|iopll_0|dps_pulse_gen_qph_user_clk_iopll_RF100M_altera_iopll_2110_6uqudeq_inst|state.PULSE                                    ; 29                   ;
; afu_top|pg_afu.port_gasket|user_clock|qph_user_clk|pll.qph_user_clk_iopll|iopll_0|i44~0                                                                                                                 ; 29                   ;
; afu_top|pg_afu.port_gasket|user_clock|qph_user_clk|pll.qph_user_clk_iopll|iopll_0|dps_pulse_gen_qph_user_clk_iopll_RF100M_altera_iopll_2110_6uqudeq_inst|num_ps[2]                                      ; 29                   ;
; afu_top|pg_afu.port_gasket|user_clock|qph_user_clk|pll.qph_user_clk_iopll|iopll_0|dps_pulse_gen_qph_user_clk_iopll_RF100M_altera_iopll_2110_6uqudeq_inst|num_ps[1]                                      ; 29                   ;
; afu_top|pg_afu.port_gasket|user_clock|qph_user_clk|pll.qph_user_clk_iopll|iopll_0|dps_pulse_gen_qph_user_clk_iopll_RF100M_altera_iopll_2110_6uqudeq_inst|num_ps[0]                                      ; 29                   ;
; afu_top|pg_afu.port_gasket|user_clock|qph_user_clk|pll.qph_user_clk_iopll_reconfig|iopll_reconfig_0|reconfig_to_pll[4]                                                                                  ; 29                   ;
; afu_top|pg_afu.port_gasket|user_clock|qph_user_clk|pll.qph_user_clk_iopll|iopll_0|dps_pulse_gen_qph_user_clk_iopll_RF100M_altera_iopll_2110_6uqudeq_inst|cntsel[3]                                      ; 29                   ;
; afu_top|pg_afu.port_gasket|user_clock|qph_user_clk|pll.qph_user_clk_iopll|iopll_0|dps_pulse_gen_qph_user_clk_iopll_RF100M_altera_iopll_2110_6uqudeq_inst|cntsel[2]                                      ; 29                   ;
; afu_top|pg_afu.port_gasket|user_clock|qph_user_clk|pll.qph_user_clk_iopll|iopll_0|dps_pulse_gen_qph_user_clk_iopll_RF100M_altera_iopll_2110_6uqudeq_inst|cntsel[0]                                      ; 29                   ;
; afu_top|pg_afu.port_gasket|user_clock|qph_user_clk|pll.qph_user_clk_iopll|iopll_0|dps_pulse_gen_qph_user_clk_iopll_RF100M_altera_iopll_2110_6uqudeq_inst|updn                                           ; 29                   ;
; sys_pll|iopll_0|i74                                                                                                                                                                                     ; 29                   ;
; sys_pll|iopll_0|tennm_pll~O_CAL_OK                                                                                                                                                                      ; 29                   ;
; local_mem_wrapper|mem_ss_top|mem_ss_sv|mem_ss|mem_ss|emif_0|emif_0|arch|arch_inst|seq_if_inst|non_hps.afi_cal_fail_sync_inst|dreg[1]                                                                    ; 26                   ;
+---------------------------------------------------------------------------------------------------------------------------------------------------------------------------------------------------------+----------------------+


--------------------------------------------
; Global Router Congestion Hotspot Summary ;
--------------------------------------------
No congestion hotspots found where global router short wire usage exceeded 100%.
If the design is hard to route, use other techniques to analyze congestion. Refer to the Estimated Delay Added for Hold Timing section in the Fitter report and routing utilization in the Chip Planner.


