Fitter Route Stage Report for ofs_pr_afu
Wed Sep 23 11:48:29 2026
Quartus Prime Version 25.1.0 Build 129 03/26/2025 SC Pro Edition


---------------------
; Table of Contents ;
---------------------
  1. Legal Notice
  2. Nets with Highest Wire Count
  3. Delay Chain Summary
  4. Routing Usage Summary
  5. Route Messages
  6. Estimated Delay Added for Hold Timing Summary
  7. Estimated Delay Added for Hold Timing Details
  8. Global Router Wire Utilization Map
  9. Peak Wire Demand Summary
 10. Peak Wire Demand Details
 11. Peak Total Grid Crossings
 12. Global Router Congestion Hotspot Summary



----------------
; Legal Notice ;
----------------
Copyright (C) 2025  Altera Corporation. All rights reserved.
Your use of Altera Corporation's design tools, logic functions 
and other software and tools, and any partner logic 
functions, and any output files from any of the foregoing 
(including device programming or simulation files), and any 
associated documentation or information are expressly subject 
to the terms and conditions of the Altera Program License 
Subscription Agreement, the Altera Quartus Prime License Agreement,
the Altera IP License Agreement, or other applicable license
agreement, including, without limitation, that your use is for
the sole purpose of programming logic devices manufactured by
Altera and sold by Altera or its authorized distributors.  Please
refer to the Altera Software License Subscription Agreements 
on the Quartus Prime software download page.



+-----------------------------------------------------------------------------------------------------------------------------------------------------------------------------------------------------------------------------------------------------------------------------------------------------------------------+
; Nets with Highest Wire Count                                                                                                                                                                                                                                                                                          ;
+---------------------------------------------------------------------------------------------------------------------------------------------------------------------------------------------------------------------------------------------------------------------------------------+----------------------+--------+
; Net                                                                                                                                                                                                                                                                                   ; Number of Wires Used ; Fanout ;
+---------------------------------------------------------------------------------------------------------------------------------------------------------------------------------------------------------------------------------------------------------------------------------------+----------------------+--------+
; pcie_wrapper|pcie_ss.top|PCIE_LINK_CONN[0].rx_sb.pipe_rx|rx_cdc|fifo|fifo_rvalid                                                                                                                                                                                                      ; 727                  ; 940    ;
; afu_top|pg_afu.port_gasket|pr_slot|afu_main|port_afu_instances|ofs_plat_afu|join_afu_reset|joined_reset_n                                                                                                                                                                             ; 647                  ; 259    ;
; pcie_wrapper|pcie_ss.top|host_pcie.pcie_ss|pcie_ss|EP_PFTILE_WRAPPER.gen_pciess.u_pciess_p0|u_pciess|gen_sub.u_hipif|u_pciess_rx_if|u_pciess_rx_alignment|PU_SB_COM.rx_seg_pack_inst|GEN_BLK_512_256_128.GEN_BLK_HIPD_512_256_128_STAGE1.i_pciess_rx_2_seg_stage1|s_int[1].eop~0      ; 619                  ; 879    ;
; pcie_wrapper|pcie_ss.top|host_pcie.pcie_ss|pcie_ss|EP_PFTILE_WRAPPER.gen_pciess.u_pciess_p0|u_pciess|gen_sub.u_hipif|u_pciess_rx_if|u_pciess_rx_alignment|PU_SB_COM.rx_seg_pack_inst|GEN_BLK_512_256_128.GEN_BLK_HIPD_512_256_128_STAGE1.i_pciess_rx_2_seg_stage1|s_out[1].empty[0]~1 ; 614                  ; 966    ;
; pcie_wrapper|pcie_ss.top|host_pcie.pcie_ss|pcie_ss|EP_PFTILE_WRAPPER.gen_pciess.u_pciess_p0|u_pciess|gen_sub.u_hipif|u_pciess_rx_if|u_pciess_rx_alignment|PU_SB_COM.rx_seg_pack_inst|GEN_BLK_512_256_128.GEN_BLK_HIPD_512_256_128_STAGE1.i_pciess_rx_2_seg_stage1|i1116~0             ; 579                  ; 1312   ;
; pcie_wrapper|pcie_ss.top|PCIE_LINK_CONN[0].rx_sb.pipe_rx|rx_seg_align|a.impl|work_out_start_idx[0]~0xsyn                                                                                                                                                                              ; 512                  ; 1507   ;
; pcie_wrapper|pcie_ss.top|PCIE_LINK_CONN[0].rx_sb.pipe_rx|rxreq_seg_align|a.impl|work_out_start_idx[0]~0xsyn                                                                                                                                                                           ; 504                  ; 1507   ;
; local_mem_wrapper|mem_ss_top|mem_ss_sv|mem_ss|mem_ss|msa_0|msa_0|msa_adapter|gen_wrdata_scfifo.wrdata_fifo|scfifo_component|auto_generated|dpfifo|FIFOram|altera_syncram_impl1|rdaddr_reg[4]                                                                                          ; 498                  ; 578    ;
; local_mem_wrapper|mem_ss_top|mem_ss_sv|mem_ss|mem_ss|msa_0|msa_0|msa_adapter|cmd_fifo_write_pipe1_out                                                                                                                                                                                 ; 488                  ; 1588   ;
; afu_top|st2mm|mctp_tx_bridge|buf_tdata[0]~3                                                                                                                                                                                                                                           ; 477                  ; 356    ;
+---------------------------------------------------------------------------------------------------------------------------------------------------------------------------------------------------------------------------------------------------------------------------------------+----------------------+--------+


+--------------------------------------------------------------------------------------------------------------------------------------------------------------------------------+
; Delay Chain Summary                                                                                                                                                            ;
+-------------------------------+----------+---------------------+--------------------+----------------+-----------------------------------+-------------------------------------+
; Name                          ; Pin Type ; Input Delay Chain 0 ; Output Delay Chain ; OE Delay Chain ; IO_12_LANE Input Data Delay Chain ; IO_12_LANE Input Strobe Delay Chain ;
+-------------------------------+----------+---------------------+--------------------+----------------+-----------------------------------+-------------------------------------+
; PCIE_TX_P[0]                  ; Output   ; --                  ; 0                  ; --             ; --                                ; --                                  ;
; PCIE_TX_P[1]                  ; Output   ; --                  ; 0                  ; --             ; --                                ; --                                  ;
; PCIE_TX_P[2]                  ; Output   ; --                  ; 0                  ; --             ; --                                ; --                                  ;
; PCIE_TX_P[3]                  ; Output   ; --                  ; 0                  ; --             ; --                                ; --                                  ;
; PCIE_TX_P[4]                  ; Output   ; --                  ; 0                  ; --             ; --                                ; --                                  ;
; PCIE_TX_P[5]                  ; Output   ; --                  ; 0                  ; --             ; --                                ; --                                  ;
; PCIE_TX_P[6]                  ; Output   ; --                  ; 0                  ; --             ; --                                ; --                                  ;
; PCIE_TX_P[7]                  ; Output   ; --                  ; 0                  ; --             ; --                                ; --                                  ;
; PCIE_TX_P[8]                  ; Output   ; --                  ; 0                  ; --             ; --                                ; --                                  ;
; PCIE_TX_P[9]                  ; Output   ; --                  ; 0                  ; --             ; --                                ; --                                  ;
; PCIE_TX_P[10]                 ; Output   ; --                  ; 0                  ; --             ; --                                ; --                                  ;
; PCIE_TX_P[11]                 ; Output   ; --                  ; 0                  ; --             ; --                                ; --                                  ;
; PCIE_TX_P[12]                 ; Output   ; --                  ; 0                  ; --             ; --                                ; --                                  ;
; PCIE_TX_P[13]                 ; Output   ; --                  ; 0                  ; --             ; --                                ; --                                  ;
; PCIE_TX_P[14]                 ; Output   ; --                  ; 0                  ; --             ; --                                ; --                                  ;
; PCIE_TX_P[15]                 ; Output   ; --                  ; 0                  ; --             ; --                                ; --                                  ;
; PCIE_TX_N[0]                  ; Output   ; --                  ; 0                  ; --             ; --                                ; --                                  ;
; PCIE_TX_N[1]                  ; Output   ; --                  ; 0                  ; --             ; --                                ; --                                  ;
; PCIE_TX_N[2]                  ; Output   ; --                  ; 0                  ; --             ; --                                ; --                                  ;
; PCIE_TX_N[3]                  ; Output   ; --                  ; 0                  ; --             ; --                                ; --                                  ;
; PCIE_TX_N[4]                  ; Output   ; --                  ; 0                  ; --             ; --                                ; --                                  ;
; PCIE_TX_N[5]                  ; Output   ; --                  ; 0                  ; --             ; --                                ; --                                  ;
; PCIE_TX_N[6]                  ; Output   ; --                  ; 0                  ; --             ; --                                ; --                                  ;
; PCIE_TX_N[7]                  ; Output   ; --                  ; 0                  ; --             ; --                                ; --                                  ;
; PCIE_TX_N[8]                  ; Output   ; --                  ; 0                  ; --             ; --                                ; --                                  ;
; PCIE_TX_N[9]                  ; Output   ; --                  ; 0                  ; --             ; --                                ; --                                  ;
; PCIE_TX_N[10]                 ; Output   ; --                  ; 0                  ; --             ; --                                ; --                                  ;
; PCIE_TX_N[11]                 ; Output   ; --                  ; 0                  ; --             ; --                                ; --                                  ;
; PCIE_TX_N[12]                 ; Output   ; --                  ; 0                  ; --             ; --                                ; --                                  ;
; PCIE_TX_N[13]                 ; Output   ; --                  ; 0                  ; --             ; --                                ; --                                  ;
; PCIE_TX_N[14]                 ; Output   ; --                  ; 0                  ; --             ; --                                ; --                                  ;
; PCIE_TX_N[15]                 ; Output   ; --                  ; 0                  ; --             ; --                                ; --                                  ;
; ddr4_mem[0].a[0]              ; Output   ; --                  ; 0                  ; 0              ; --                                ; --                                  ;
; ddr4_mem[0].a[1]              ; Output   ; --                  ; 0                  ; 0              ; --                                ; --                                  ;
; ddr4_mem[0].a[2]              ; Output   ; --                  ; 0                  ; 0              ; --                                ; --                                  ;
; ddr4_mem[0].a[3]              ; Output   ; --                  ; 0                  ; 0              ; --                                ; --                                  ;
; ddr4_mem[0].a[4]              ; Output   ; --                  ; 0                  ; 0              ; --                                ; --                                  ;
; ddr4_mem[0].a[5]              ; Output   ; --                  ; 0                  ; 0              ; --                                ; --                                  ;
; ddr4_mem[0].a[6]              ; Output   ; --                  ; 0                  ; 0              ; --                                ; --                                  ;
; ddr4_mem[0].a[7]              ; Output   ; --                  ; 0                  ; 0              ; --                                ; --                                  ;
; ddr4_mem[0].a[8]              ; Output   ; --                  ; 0                  ; 0              ; --                                ; --                                  ;
; ddr4_mem[0].a[9]              ; Output   ; --                  ; 0                  ; 0              ; --                                ; --                                  ;
; ddr4_mem[0].a[10]             ; Output   ; --                  ; 0                  ; 0              ; --                                ; --                                  ;
; ddr4_mem[0].a[11]             ; Output   ; --                  ; 0                  ; 0              ; --                                ; --                                  ;
; ddr4_mem[0].a[12]             ; Output   ; --                  ; 0                  ; 0              ; --                                ; --                                  ;
; ddr4_mem[0].a[13]             ; Output   ; --                  ; 0                  ; 0              ; --                                ; --                                  ;
; ddr4_mem[0].a[14]             ; Output   ; --                  ; 0                  ; 0              ; --                                ; --                                  ;
; ddr4_mem[0].a[15]             ; Output   ; --                  ; 0                  ; 0              ; --                                ; --                                  ;
; ddr4_mem[0].a[16]             ; Output   ; --                  ; 0                  ; 0              ; --                                ; --                                  ;
; ddr4_mem[0].act_n             ; Output   ; --                  ; 0                  ; 0              ; --                                ; --                                  ;
; ddr4_mem[0].ba[0]             ; Output   ; --                  ; 0                  ; 0              ; --                                ; --                                  ;
; ddr4_mem[0].ba[1]             ; Output   ; --                  ; 0                  ; 0              ; --                                ; --                                  ;
; ddr4_mem[0].bg[0]             ; Output   ; --                  ; 0                  ; 0              ; --                                ; --                                  ;
; ddr4_mem[0].bg[1]             ; Output   ; --                  ; 0                  ; 0              ; --                                ; --                                  ;
; ddr4_mem[0].ck                ; Output   ; --                  ; 0                  ; 0              ; --                                ; --                                  ;
; ddr4_mem[0].ck_n              ; Output   ; --                  ; 0                  ; 0              ; --                                ; --                                  ;
; ddr4_mem[0].cke               ; Output   ; --                  ; 0                  ; 0              ; --                                ; --                                  ;
; ddr4_mem[0].cs_n              ; Output   ; --                  ; 0                  ; 0              ; --                                ; --                                  ;
; ddr4_mem[0].odt               ; Output   ; --                  ; 0                  ; 0              ; --                                ; --                                  ;
; ddr4_mem[0].par               ; Output   ; --                  ; 0                  ; 0              ; --                                ; --                                  ;
; ddr4_mem[0].reset_n           ; Output   ; --                  ; 0                  ; 0              ; --                                ; --                                  ;
; ddr4_mem[1].a[0]              ; Output   ; --                  ; 0                  ; 0              ; --                                ; --                                  ;
; ddr4_mem[1].a[1]              ; Output   ; --                  ; 0                  ; 0              ; --                                ; --                                  ;
; ddr4_mem[1].a[2]              ; Output   ; --                  ; 0                  ; 0              ; --                                ; --                                  ;
; ddr4_mem[1].a[3]              ; Output   ; --                  ; 0                  ; 0              ; --                                ; --                                  ;
; ddr4_mem[1].a[4]              ; Output   ; --                  ; 0                  ; 0              ; --                                ; --                                  ;
; ddr4_mem[1].a[5]              ; Output   ; --                  ; 0                  ; 0              ; --                                ; --                                  ;
; ddr4_mem[1].a[6]              ; Output   ; --                  ; 0                  ; 0              ; --                                ; --                                  ;
; ddr4_mem[1].a[7]              ; Output   ; --                  ; 0                  ; 0              ; --                                ; --                                  ;
; ddr4_mem[1].a[8]              ; Output   ; --                  ; 0                  ; 0              ; --                                ; --                                  ;
; ddr4_mem[1].a[9]              ; Output   ; --                  ; 0                  ; 0              ; --                                ; --                                  ;
; ddr4_mem[1].a[10]             ; Output   ; --                  ; 0                  ; 0              ; --                                ; --                                  ;
; ddr4_mem[1].a[11]             ; Output   ; --                  ; 0                  ; 0              ; --                                ; --                                  ;
; ddr4_mem[1].a[12]             ; Output   ; --                  ; 0                  ; 0              ; --                                ; --                                  ;
; ddr4_mem[1].a[13]             ; Output   ; --                  ; 0                  ; 0              ; --                                ; --                                  ;
; ddr4_mem[1].a[14]             ; Output   ; --                  ; 0                  ; 0              ; --                                ; --                                  ;
; ddr4_mem[1].a[15]             ; Output   ; --                  ; 0                  ; 0              ; --                                ; --                                  ;
; ddr4_mem[1].a[16]             ; Output   ; --                  ; 0                  ; 0              ; --                                ; --                                  ;
; ddr4_mem[1].act_n             ; Output   ; --                  ; 0                  ; 0              ; --                                ; --                                  ;
; ddr4_mem[1].ba[0]             ; Output   ; --                  ; 0                  ; 0              ; --                                ; --                                  ;
; ddr4_mem[1].ba[1]             ; Output   ; --                  ; 0                  ; 0              ; --                                ; --                                  ;
; ddr4_mem[1].bg[0]             ; Output   ; --                  ; 0                  ; 0              ; --                                ; --                                  ;
; ddr4_mem[1].bg[1]             ; Output   ; --                  ; 0                  ; 0              ; --                                ; --                                  ;
; ddr4_mem[1].ck                ; Output   ; --                  ; 0                  ; 0              ; --                                ; --                                  ;
; ddr4_mem[1].ck_n              ; Output   ; --                  ; 0                  ; 0              ; --                                ; --                                  ;
; ddr4_mem[1].cke               ; Output   ; --                  ; 0                  ; 0              ; --                                ; --                                  ;
; ddr4_mem[1].cs_n              ; Output   ; --                  ; 0                  ; 0              ; --                                ; --                                  ;
; ddr4_mem[1].odt               ; Output   ; --                  ; 0                  ; 0              ; --                                ; --                                  ;
; ddr4_mem[1].par               ; Output   ; --                  ; 0                  ; 0              ; --                                ; --                                  ;
; ddr4_mem[1].reset_n           ; Output   ; --                  ; 0                  ; 0              ; --                                ; --                                  ;
; bwbmc_bmc_irq                 ; Output   ; --                  ; 0                  ; --             ; --                                ; --                                  ;
; bwbmc_bmc_mst_en_n            ; Output   ; --                  ; 0                  ; --             ; --                                ; --                                  ;
; qsfp_ref_clk                  ; Input    ; 0                   ; --                 ; --             ; --                                ; --                                  ;
; ddr4_mem[0].dbi_n[0]          ; Bidir    ; 0                   ; 0                  ; 0              ; 125                               ; --                                  ;
; ddr4_mem[0].dbi_n[1]          ; Bidir    ; 0                   ; 0                  ; 0              ; 125                               ; --                                  ;
; ddr4_mem[0].dbi_n[2]          ; Bidir    ; 0                   ; 0                  ; 0              ; 125                               ; --                                  ;
; ddr4_mem[0].dbi_n[3]          ; Bidir    ; 0                   ; 0                  ; 0              ; 125                               ; --                                  ;
; ddr4_mem[0].dbi_n[4]          ; Bidir    ; 0                   ; 0                  ; 0              ; 125                               ; --                                  ;
; ddr4_mem[0].dbi_n[5]          ; Bidir    ; 0                   ; 0                  ; 0              ; 125                               ; --                                  ;
; ddr4_mem[0].dbi_n[6]          ; Bidir    ; 0                   ; 0                  ; 0              ; 125                               ; --                                  ;
; ddr4_mem[0].dbi_n[7]          ; Bidir    ; 0                   ; 0                  ; 0              ; 125                               ; --                                  ;
; ddr4_mem[0].dq[0]             ; Bidir    ; 0                   ; 0                  ; 0              ; 125                               ; --                                  ;
; ddr4_mem[0].dq[1]             ; Bidir    ; 0                   ; 0                  ; 0              ; 125                               ; --                                  ;
; ddr4_mem[0].dq[2]             ; Bidir    ; 0                   ; 0                  ; 0              ; 125                               ; --                                  ;
; ddr4_mem[0].dq[3]             ; Bidir    ; 0                   ; 0                  ; 0              ; 125                               ; --                                  ;
; ddr4_mem[0].dq[4]             ; Bidir    ; 0                   ; 0                  ; 0              ; 125                               ; --                                  ;
; ddr4_mem[0].dq[5]             ; Bidir    ; 0                   ; 0                  ; 0              ; 125                               ; --                                  ;
; ddr4_mem[0].dq[6]             ; Bidir    ; 0                   ; 0                  ; 0              ; 125                               ; --                                  ;
; ddr4_mem[0].dq[7]             ; Bidir    ; 0                   ; 0                  ; 0              ; 125                               ; --                                  ;
; ddr4_mem[0].dq[8]             ; Bidir    ; 0                   ; 0                  ; 0              ; 125                               ; --                                  ;
; ddr4_mem[0].dq[9]             ; Bidir    ; 0                   ; 0                  ; 0              ; 125                               ; --                                  ;
; ddr4_mem[0].dq[10]            ; Bidir    ; 0                   ; 0                  ; 0              ; 125                               ; --                                  ;
; ddr4_mem[0].dq[11]            ; Bidir    ; 0                   ; 0                  ; 0              ; 125                               ; --                                  ;
; ddr4_mem[0].dq[12]            ; Bidir    ; 0                   ; 0                  ; 0              ; 125                               ; --                                  ;
; ddr4_mem[0].dq[13]            ; Bidir    ; 0                   ; 0                  ; 0              ; 125                               ; --                                  ;
; ddr4_mem[0].dq[14]            ; Bidir    ; 0                   ; 0                  ; 0              ; 125                               ; --                                  ;
; ddr4_mem[0].dq[15]            ; Bidir    ; 0                   ; 0                  ; 0              ; 125                               ; --                                  ;
; ddr4_mem[0].dq[16]            ; Bidir    ; 0                   ; 0                  ; 0              ; 125                               ; --                                  ;
; ddr4_mem[0].dq[17]            ; Bidir    ; 0                   ; 0                  ; 0              ; 125                               ; --                                  ;
; ddr4_mem[0].dq[18]            ; Bidir    ; 0                   ; 0                  ; 0              ; 125                               ; --                                  ;
; ddr4_mem[0].dq[19]            ; Bidir    ; 0                   ; 0                  ; 0              ; 125                               ; --                                  ;
; ddr4_mem[0].dq[20]            ; Bidir    ; 0                   ; 0                  ; 0              ; 125                               ; --                                  ;
; ddr4_mem[0].dq[21]            ; Bidir    ; 0                   ; 0                  ; 0              ; 125                               ; --                                  ;
; ddr4_mem[0].dq[22]            ; Bidir    ; 0                   ; 0                  ; 0              ; 125                               ; --                                  ;
; ddr4_mem[0].dq[23]            ; Bidir    ; 0                   ; 0                  ; 0              ; 125                               ; --                                  ;
; ddr4_mem[0].dq[24]            ; Bidir    ; 0                   ; 0                  ; 0              ; 125                               ; --                                  ;
; ddr4_mem[0].dq[25]            ; Bidir    ; 0                   ; 0                  ; 0              ; 125                               ; --                                  ;
; ddr4_mem[0].dq[26]            ; Bidir    ; 0                   ; 0                  ; 0              ; 125                               ; --                                  ;
; ddr4_mem[0].dq[27]            ; Bidir    ; 0                   ; 0                  ; 0              ; 125                               ; --                                  ;
; ddr4_mem[0].dq[28]            ; Bidir    ; 0                   ; 0                  ; 0              ; 125                               ; --                                  ;
; ddr4_mem[0].dq[29]            ; Bidir    ; 0                   ; 0                  ; 0              ; 125                               ; --                                  ;
; ddr4_mem[0].dq[30]            ; Bidir    ; 0                   ; 0                  ; 0              ; 125                               ; --                                  ;
; ddr4_mem[0].dq[31]            ; Bidir    ; 0                   ; 0                  ; 0              ; 125                               ; --                                  ;
; ddr4_mem[0].dq[32]            ; Bidir    ; 0                   ; 0                  ; 0              ; 125                               ; --                                  ;
; ddr4_mem[0].dq[33]            ; Bidir    ; 0                   ; 0                  ; 0              ; 125                               ; --                                  ;
; ddr4_mem[0].dq[34]            ; Bidir    ; 0                   ; 0                  ; 0              ; 125                               ; --                                  ;
; ddr4_mem[0].dq[35]            ; Bidir    ; 0                   ; 0                  ; 0              ; 125                               ; --                                  ;
; ddr4_mem[0].dq[36]            ; Bidir    ; 0                   ; 0                  ; 0              ; 125                               ; --                                  ;
; ddr4_mem[0].dq[37]            ; Bidir    ; 0                   ; 0                  ; 0              ; 125                               ; --                                  ;
; ddr4_mem[0].dq[38]            ; Bidir    ; 0                   ; 0                  ; 0              ; 125                               ; --                                  ;
; ddr4_mem[0].dq[39]            ; Bidir    ; 0                   ; 0                  ; 0              ; 125                               ; --                                  ;
; ddr4_mem[0].dq[40]            ; Bidir    ; 0                   ; 0                  ; 0              ; 125                               ; --                                  ;
; ddr4_mem[0].dq[41]            ; Bidir    ; 0                   ; 0                  ; 0              ; 125                               ; --                                  ;
; ddr4_mem[0].dq[42]            ; Bidir    ; 0                   ; 0                  ; 0              ; 125                               ; --                                  ;
; ddr4_mem[0].dq[43]            ; Bidir    ; 0                   ; 0                  ; 0              ; 125                               ; --                                  ;
; ddr4_mem[0].dq[44]            ; Bidir    ; 0                   ; 0                  ; 0              ; 125                               ; --                                  ;
; ddr4_mem[0].dq[45]            ; Bidir    ; 0                   ; 0                  ; 0              ; 125                               ; --                                  ;
; ddr4_mem[0].dq[46]            ; Bidir    ; 0                   ; 0                  ; 0              ; 125                               ; --                                  ;
; ddr4_mem[0].dq[47]            ; Bidir    ; 0                   ; 0                  ; 0              ; 125                               ; --                                  ;
; ddr4_mem[0].dq[48]            ; Bidir    ; 0                   ; 0                  ; 0              ; 125                               ; --                                  ;
; ddr4_mem[0].dq[49]            ; Bidir    ; 0                   ; 0                  ; 0              ; 125                               ; --                                  ;
; ddr4_mem[0].dq[50]            ; Bidir    ; 0                   ; 0                  ; 0              ; 125                               ; --                                  ;
; ddr4_mem[0].dq[51]            ; Bidir    ; 0                   ; 0                  ; 0              ; 125                               ; --                                  ;
; ddr4_mem[0].dq[52]            ; Bidir    ; 0                   ; 0                  ; 0              ; 125                               ; --                                  ;
; ddr4_mem[0].dq[53]            ; Bidir    ; 0                   ; 0                  ; 0              ; 125                               ; --                                  ;
; ddr4_mem[0].dq[54]            ; Bidir    ; 0                   ; 0                  ; 0              ; 125                               ; --                                  ;
; ddr4_mem[0].dq[55]            ; Bidir    ; 0                   ; 0                  ; 0              ; 125                               ; --                                  ;
; ddr4_mem[0].dq[56]            ; Bidir    ; 0                   ; 0                  ; 0              ; 125                               ; --                                  ;
; ddr4_mem[0].dq[57]            ; Bidir    ; 0                   ; 0                  ; 0              ; 125                               ; --                                  ;
; ddr4_mem[0].dq[58]            ; Bidir    ; 0                   ; 0                  ; 0              ; 125                               ; --                                  ;
; ddr4_mem[0].dq[59]            ; Bidir    ; 0                   ; 0                  ; 0              ; 125                               ; --                                  ;
; ddr4_mem[0].dq[60]            ; Bidir    ; 0                   ; 0                  ; 0              ; 125                               ; --                                  ;
; ddr4_mem[0].dq[61]            ; Bidir    ; 0                   ; 0                  ; 0              ; 125                               ; --                                  ;
; ddr4_mem[0].dq[62]            ; Bidir    ; 0                   ; 0                  ; 0              ; 125                               ; --                                  ;
; ddr4_mem[0].dq[63]            ; Bidir    ; 0                   ; 0                  ; 0              ; 125                               ; --                                  ;
; ddr4_mem[0].dqs[0]            ; Bidir    ; 0                   ; 0                  ; 0              ; 0                                 ; 0                                   ;
; ddr4_mem[0].dqs[1]            ; Bidir    ; 0                   ; 0                  ; 0              ; 0                                 ; 0                                   ;
; ddr4_mem[0].dqs[2]            ; Bidir    ; 0                   ; 0                  ; 0              ; 0                                 ; 0                                   ;
; ddr4_mem[0].dqs[3]            ; Bidir    ; 0                   ; 0                  ; 0              ; 0                                 ; 0                                   ;
; ddr4_mem[0].dqs[4]            ; Bidir    ; 0                   ; 0                  ; 0              ; 0                                 ; 0                                   ;
; ddr4_mem[0].dqs[5]            ; Bidir    ; 0                   ; 0                  ; 0              ; 0                                 ; 0                                   ;
; ddr4_mem[0].dqs[6]            ; Bidir    ; 0                   ; 0                  ; 0              ; 0                                 ; 0                                   ;
; ddr4_mem[0].dqs[7]            ; Bidir    ; 0                   ; 0                  ; 0              ; 0                                 ; 0                                   ;
; ddr4_mem[0].dqs_n[0]          ; Bidir    ; 0                   ; 0                  ; 0              ; 0                                 ; 0                                   ;
; ddr4_mem[0].dqs_n[1]          ; Bidir    ; 0                   ; 0                  ; 0              ; 0                                 ; 0                                   ;
; ddr4_mem[0].dqs_n[2]          ; Bidir    ; 0                   ; 0                  ; 0              ; 0                                 ; 0                                   ;
; ddr4_mem[0].dqs_n[3]          ; Bidir    ; 0                   ; 0                  ; 0              ; 0                                 ; 0                                   ;
; ddr4_mem[0].dqs_n[4]          ; Bidir    ; 0                   ; 0                  ; 0              ; 0                                 ; 0                                   ;
; ddr4_mem[0].dqs_n[5]          ; Bidir    ; 0                   ; 0                  ; 0              ; 0                                 ; 0                                   ;
; ddr4_mem[0].dqs_n[6]          ; Bidir    ; 0                   ; 0                  ; 0              ; 0                                 ; 0                                   ;
; ddr4_mem[0].dqs_n[7]          ; Bidir    ; 0                   ; 0                  ; 0              ; 0                                 ; 0                                   ;
; ddr4_mem[1].dbi_n[0]          ; Bidir    ; 0                   ; 0                  ; 0              ; 125                               ; --                                  ;
; ddr4_mem[1].dbi_n[1]          ; Bidir    ; 0                   ; 0                  ; 0              ; 125                               ; --                                  ;
; ddr4_mem[1].dbi_n[2]          ; Bidir    ; 0                   ; 0                  ; 0              ; 125                               ; --                                  ;
; ddr4_mem[1].dbi_n[3]          ; Bidir    ; 0                   ; 0                  ; 0              ; 125                               ; --                                  ;
; ddr4_mem[1].dbi_n[4]          ; Bidir    ; 0                   ; 0                  ; 0              ; 125                               ; --                                  ;
; ddr4_mem[1].dbi_n[5]          ; Bidir    ; 0                   ; 0                  ; 0              ; 125                               ; --                                  ;
; ddr4_mem[1].dbi_n[6]          ; Bidir    ; 0                   ; 0                  ; 0              ; 125                               ; --                                  ;
; ddr4_mem[1].dbi_n[7]          ; Bidir    ; 0                   ; 0                  ; 0              ; 125                               ; --                                  ;
; ddr4_mem[1].dq[0]             ; Bidir    ; 0                   ; 0                  ; 0              ; 125                               ; --                                  ;
; ddr4_mem[1].dq[1]             ; Bidir    ; 0                   ; 0                  ; 0              ; 125                               ; --                                  ;
; ddr4_mem[1].dq[2]             ; Bidir    ; 0                   ; 0                  ; 0              ; 125                               ; --                                  ;
; ddr4_mem[1].dq[3]             ; Bidir    ; 0                   ; 0                  ; 0              ; 125                               ; --                                  ;
; ddr4_mem[1].dq[4]             ; Bidir    ; 0                   ; 0                  ; 0              ; 125                               ; --                                  ;
; ddr4_mem[1].dq[5]             ; Bidir    ; 0                   ; 0                  ; 0              ; 125                               ; --                                  ;
; ddr4_mem[1].dq[6]             ; Bidir    ; 0                   ; 0                  ; 0              ; 125                               ; --                                  ;
; ddr4_mem[1].dq[7]             ; Bidir    ; 0                   ; 0                  ; 0              ; 125                               ; --                                  ;
; ddr4_mem[1].dq[8]             ; Bidir    ; 0                   ; 0                  ; 0              ; 125                               ; --                                  ;
; ddr4_mem[1].dq[9]             ; Bidir    ; 0                   ; 0                  ; 0              ; 125                               ; --                                  ;
; ddr4_mem[1].dq[10]            ; Bidir    ; 0                   ; 0                  ; 0              ; 125                               ; --                                  ;
; ddr4_mem[1].dq[11]            ; Bidir    ; 0                   ; 0                  ; 0              ; 125                               ; --                                  ;
; ddr4_mem[1].dq[12]            ; Bidir    ; 0                   ; 0                  ; 0              ; 125                               ; --                                  ;
; ddr4_mem[1].dq[13]            ; Bidir    ; 0                   ; 0                  ; 0              ; 125                               ; --                                  ;
; ddr4_mem[1].dq[14]            ; Bidir    ; 0                   ; 0                  ; 0              ; 125                               ; --                                  ;
; ddr4_mem[1].dq[15]            ; Bidir    ; 0                   ; 0                  ; 0              ; 125                               ; --                                  ;
; ddr4_mem[1].dq[16]            ; Bidir    ; 0                   ; 0                  ; 0              ; 125                               ; --                                  ;
; ddr4_mem[1].dq[17]            ; Bidir    ; 0                   ; 0                  ; 0              ; 125                               ; --                                  ;
; ddr4_mem[1].dq[18]            ; Bidir    ; 0                   ; 0                  ; 0              ; 125                               ; --                                  ;
; ddr4_mem[1].dq[19]            ; Bidir    ; 0                   ; 0                  ; 0              ; 125                               ; --                                  ;
; ddr4_mem[1].dq[20]            ; Bidir    ; 0                   ; 0                  ; 0              ; 125                               ; --                                  ;
; ddr4_mem[1].dq[21]            ; Bidir    ; 0                   ; 0                  ; 0              ; 125                               ; --                                  ;
; ddr4_mem[1].dq[22]            ; Bidir    ; 0                   ; 0                  ; 0              ; 125                               ; --                                  ;
; ddr4_mem[1].dq[23]            ; Bidir    ; 0                   ; 0                  ; 0              ; 125                               ; --                                  ;
; ddr4_mem[1].dq[24]            ; Bidir    ; 0                   ; 0                  ; 0              ; 125                               ; --                                  ;
; ddr4_mem[1].dq[25]            ; Bidir    ; 0                   ; 0                  ; 0              ; 125                               ; --                                  ;
; ddr4_mem[1].dq[26]            ; Bidir    ; 0                   ; 0                  ; 0              ; 125                               ; --                                  ;
; ddr4_mem[1].dq[27]            ; Bidir    ; 0                   ; 0                  ; 0              ; 125                               ; --                                  ;
; ddr4_mem[1].dq[28]            ; Bidir    ; 0                   ; 0                  ; 0              ; 125                               ; --                                  ;
; ddr4_mem[1].dq[29]            ; Bidir    ; 0                   ; 0                  ; 0              ; 125                               ; --                                  ;
; ddr4_mem[1].dq[30]            ; Bidir    ; 0                   ; 0                  ; 0              ; 125                               ; --                                  ;
; ddr4_mem[1].dq[31]            ; Bidir    ; 0                   ; 0                  ; 0              ; 125                               ; --                                  ;
; ddr4_mem[1].dq[32]            ; Bidir    ; 0                   ; 0                  ; 0              ; 125                               ; --                                  ;
; ddr4_mem[1].dq[33]            ; Bidir    ; 0                   ; 0                  ; 0              ; 125                               ; --                                  ;
; ddr4_mem[1].dq[34]            ; Bidir    ; 0                   ; 0                  ; 0              ; 125                               ; --                                  ;
; ddr4_mem[1].dq[35]            ; Bidir    ; 0                   ; 0                  ; 0              ; 125                               ; --                                  ;
; ddr4_mem[1].dq[36]            ; Bidir    ; 0                   ; 0                  ; 0              ; 125                               ; --                                  ;
; ddr4_mem[1].dq[37]            ; Bidir    ; 0                   ; 0                  ; 0              ; 125                               ; --                                  ;
; ddr4_mem[1].dq[38]            ; Bidir    ; 0                   ; 0                  ; 0              ; 125                               ; --                                  ;
; ddr4_mem[1].dq[39]            ; Bidir    ; 0                   ; 0                  ; 0              ; 125                               ; --                                  ;
; ddr4_mem[1].dq[40]            ; Bidir    ; 0                   ; 0                  ; 0              ; 125                               ; --                                  ;
; ddr4_mem[1].dq[41]            ; Bidir    ; 0                   ; 0                  ; 0              ; 125                               ; --                                  ;
; ddr4_mem[1].dq[42]            ; Bidir    ; 0                   ; 0                  ; 0              ; 125                               ; --                                  ;
; ddr4_mem[1].dq[43]            ; Bidir    ; 0                   ; 0                  ; 0              ; 125                               ; --                                  ;
; ddr4_mem[1].dq[44]            ; Bidir    ; 0                   ; 0                  ; 0              ; 125                               ; --                                  ;
; ddr4_mem[1].dq[45]            ; Bidir    ; 0                   ; 0                  ; 0              ; 125                               ; --                                  ;
; ddr4_mem[1].dq[46]            ; Bidir    ; 0                   ; 0                  ; 0              ; 125                               ; --                                  ;
; ddr4_mem[1].dq[47]            ; Bidir    ; 0                   ; 0                  ; 0              ; 125                               ; --                                  ;
; ddr4_mem[1].dq[48]            ; Bidir    ; 0                   ; 0                  ; 0              ; 125                               ; --                                  ;
; ddr4_mem[1].dq[49]            ; Bidir    ; 0                   ; 0                  ; 0              ; 125                               ; --                                  ;
; ddr4_mem[1].dq[50]            ; Bidir    ; 0                   ; 0                  ; 0              ; 125                               ; --                                  ;
; ddr4_mem[1].dq[51]            ; Bidir    ; 0                   ; 0                  ; 0              ; 125                               ; --                                  ;
; ddr4_mem[1].dq[52]            ; Bidir    ; 0                   ; 0                  ; 0              ; 125                               ; --                                  ;
; ddr4_mem[1].dq[53]            ; Bidir    ; 0                   ; 0                  ; 0              ; 125                               ; --                                  ;
; ddr4_mem[1].dq[54]            ; Bidir    ; 0                   ; 0                  ; 0              ; 125                               ; --                                  ;
; ddr4_mem[1].dq[55]            ; Bidir    ; 0                   ; 0                  ; 0              ; 125                               ; --                                  ;
; ddr4_mem[1].dq[56]            ; Bidir    ; 0                   ; 0                  ; 0              ; 125                               ; --                                  ;
; ddr4_mem[1].dq[57]            ; Bidir    ; 0                   ; 0                  ; 0              ; 125                               ; --                                  ;
; ddr4_mem[1].dq[58]            ; Bidir    ; 0                   ; 0                  ; 0              ; 125                               ; --                                  ;
; ddr4_mem[1].dq[59]            ; Bidir    ; 0                   ; 0                  ; 0              ; 125                               ; --                                  ;
; ddr4_mem[1].dq[60]            ; Bidir    ; 0                   ; 0                  ; 0              ; 125                               ; --                                  ;
; ddr4_mem[1].dq[61]            ; Bidir    ; 0                   ; 0                  ; 0              ; 125                               ; --                                  ;
; ddr4_mem[1].dq[62]            ; Bidir    ; 0                   ; 0                  ; 0              ; 125                               ; --                                  ;
; ddr4_mem[1].dq[63]            ; Bidir    ; 0                   ; 0                  ; 0              ; 125                               ; --                                  ;
; ddr4_mem[1].dqs[0]            ; Bidir    ; 0                   ; 0                  ; 0              ; 0                                 ; 0                                   ;
; ddr4_mem[1].dqs[1]            ; Bidir    ; 0                   ; 0                  ; 0              ; 0                                 ; 0                                   ;
; ddr4_mem[1].dqs[2]            ; Bidir    ; 0                   ; 0                  ; 0              ; 0                                 ; 0                                   ;
; ddr4_mem[1].dqs[3]            ; Bidir    ; 0                   ; 0                  ; 0              ; 0                                 ; 0                                   ;
; ddr4_mem[1].dqs[4]            ; Bidir    ; 0                   ; 0                  ; 0              ; 0                                 ; 0                                   ;
; ddr4_mem[1].dqs[5]            ; Bidir    ; 0                   ; 0                  ; 0              ; 0                                 ; 0                                   ;
; ddr4_mem[1].dqs[6]            ; Bidir    ; 0                   ; 0                  ; 0              ; 0                                 ; 0                                   ;
; ddr4_mem[1].dqs[7]            ; Bidir    ; 0                   ; 0                  ; 0              ; 0                                 ; 0                                   ;
; ddr4_mem[1].dqs_n[0]          ; Bidir    ; 0                   ; 0                  ; 0              ; 0                                 ; 0                                   ;
; ddr4_mem[1].dqs_n[1]          ; Bidir    ; 0                   ; 0                  ; 0              ; 0                                 ; 0                                   ;
; ddr4_mem[1].dqs_n[2]          ; Bidir    ; 0                   ; 0                  ; 0              ; 0                                 ; 0                                   ;
; ddr4_mem[1].dqs_n[3]          ; Bidir    ; 0                   ; 0                  ; 0              ; 0                                 ; 0                                   ;
; ddr4_mem[1].dqs_n[4]          ; Bidir    ; 0                   ; 0                  ; 0              ; 0                                 ; 0                                   ;
; ddr4_mem[1].dqs_n[5]          ; Bidir    ; 0                   ; 0                  ; 0              ; 0                                 ; 0                                   ;
; ddr4_mem[1].dqs_n[6]          ; Bidir    ; 0                   ; 0                  ; 0              ; 0                                 ; 0                                   ;
; ddr4_mem[1].dqs_n[7]          ; Bidir    ; 0                   ; 0                  ; 0              ; 0                                 ; 0                                   ;
; bwbmc_fpga_max_miso           ; Bidir    ; --                  ; 0                  ; 0              ; --                                ; --                                  ;
; ddr4_mem_ref_clk[0].oct_rzqin ; Input    ; 0                   ; --                 ; --             ; --                                ; --                                  ;
; ddr4_mem[0].alert_n           ; Input    ; 0                   ; --                 ; --             ; 125                               ; --                                  ;
; ddr4_mem_ref_clk[1].oct_rzqin ; Input    ; 0                   ; --                 ; --             ; --                                ; --                                  ;
; ddr4_mem[1].alert_n           ; Input    ; 0                   ; --                 ; --             ; 125                               ; --                                  ;
; SYS_REFCLK                    ; Input    ; 0                   ; --                 ; --             ; --                                ; --                                  ;
; PCIE_RESET_N                  ; Input    ; 0                   ; --                 ; --             ; --                                ; --                                  ;
; PCIE_REFCLK0                  ; Input    ; 0                   ; --                 ; --             ; --                                ; --                                  ;
; PCIE_REFCLK1                  ; Input    ; 0                   ; --                 ; --             ; --                                ; --                                  ;
; PCIE_RX_N[0]                  ; Input    ; 0                   ; --                 ; --             ; --                                ; --                                  ;
; PCIE_RX_N[10]                 ; Input    ; 0                   ; --                 ; --             ; --                                ; --                                  ;
; PCIE_RX_N[11]                 ; Input    ; 0                   ; --                 ; --             ; --                                ; --                                  ;
; PCIE_RX_N[12]                 ; Input    ; 0                   ; --                 ; --             ; --                                ; --                                  ;
; PCIE_RX_N[13]                 ; Input    ; 0                   ; --                 ; --             ; --                                ; --                                  ;
; PCIE_RX_N[14]                 ; Input    ; 0                   ; --                 ; --             ; --                                ; --                                  ;
; PCIE_RX_N[15]                 ; Input    ; 0                   ; --                 ; --             ; --                                ; --                                  ;
; PCIE_RX_N[1]                  ; Input    ; 0                   ; --                 ; --             ; --                                ; --                                  ;
; PCIE_RX_N[2]                  ; Input    ; 0                   ; --                 ; --             ; --                                ; --                                  ;
; PCIE_RX_N[3]                  ; Input    ; 0                   ; --                 ; --             ; --                                ; --                                  ;
; PCIE_RX_N[4]                  ; Input    ; 0                   ; --                 ; --             ; --                                ; --                                  ;
; PCIE_RX_N[5]                  ; Input    ; 0                   ; --                 ; --             ; --                                ; --                                  ;
; PCIE_RX_N[6]                  ; Input    ; 0                   ; --                 ; --             ; --                                ; --                                  ;
; PCIE_RX_N[7]                  ; Input    ; 0                   ; --                 ; --             ; --                                ; --                                  ;
; PCIE_RX_N[8]                  ; Input    ; 0                   ; --                 ; --             ; --                                ; --                                  ;
; PCIE_RX_N[9]                  ; Input    ; 0                   ; --                 ; --             ; --                                ; --                                  ;
; PCIE_RX_P[0]                  ; Input    ; 0                   ; --                 ; --             ; --                                ; --                                  ;
; PCIE_RX_P[10]                 ; Input    ; 0                   ; --                 ; --             ; --                                ; --                                  ;
; PCIE_RX_P[11]                 ; Input    ; 0                   ; --                 ; --             ; --                                ; --                                  ;
; PCIE_RX_P[12]                 ; Input    ; 0                   ; --                 ; --             ; --                                ; --                                  ;
; PCIE_RX_P[13]                 ; Input    ; 0                   ; --                 ; --             ; --                                ; --                                  ;
; PCIE_RX_P[14]                 ; Input    ; 0                   ; --                 ; --             ; --                                ; --                                  ;
; PCIE_RX_P[15]                 ; Input    ; 0                   ; --                 ; --             ; --                                ; --                                  ;
; PCIE_RX_P[1]                  ; Input    ; 0                   ; --                 ; --             ; --                                ; --                                  ;
; PCIE_RX_P[2]                  ; Input    ; 0                   ; --                 ; --             ; --                                ; --                                  ;
; PCIE_RX_P[3]                  ; Input    ; 0                   ; --                 ; --             ; --                                ; --                                  ;
; PCIE_RX_P[4]                  ; Input    ; 0                   ; --                 ; --             ; --                                ; --                                  ;
; PCIE_RX_P[5]                  ; Input    ; 0                   ; --                 ; --             ; --                                ; --                                  ;
; PCIE_RX_P[6]                  ; Input    ; 0                   ; --                 ; --             ; --                                ; --                                  ;
; PCIE_RX_P[7]                  ; Input    ; 0                   ; --                 ; --             ; --                                ; --                                  ;
; PCIE_RX_P[8]                  ; Input    ; 0                   ; --                 ; --             ; --                                ; --                                  ;
; PCIE_RX_P[9]                  ; Input    ; 0                   ; --                 ; --             ; --                                ; --                                  ;
; ddr4_mem_ref_clk[1].clk       ; Input    ; 0                   ; --                 ; --             ; --                                ; --                                  ;
; ddr4_mem_ref_clk[0].clk       ; Input    ; 0                   ; --                 ; --             ; --                                ; --                                  ;
; bwbmc_fpga_spi_cs             ; Input    ; 0                   ; --                 ; --             ; --                                ; --                                  ;
; bwbmc_fpga_max_sclk           ; Input    ; 0                   ; --                 ; --             ; --                                ; --                                  ;
; bwbmc_fpga_max_mosi           ; Input    ; 0                   ; --                 ; --             ; --                                ; --                                  ;
; qsfp_ref_clk(n)               ; Input    ; 0                   ; --                 ; --             ; --                                ; --                                  ;
; SYS_REFCLK(n)                 ; Input    ; 0                   ; --                 ; --             ; --                                ; --                                  ;
; PCIE_REFCLK0(n)               ; Input    ; 0                   ; --                 ; --             ; --                                ; --                                  ;
; PCIE_REFCLK1(n)               ; Input    ; 0                   ; --                 ; --             ; --                                ; --                                  ;
; ddr4_mem_ref_clk[1].clk(n)    ; Input    ; 0                   ; --                 ; --             ; --                                ; --                                  ;
; ddr4_mem_ref_clk[0].clk(n)    ; Input    ; 0                   ; --                 ; --             ; --                                ; --                                  ;
+-------------------------------+----------+---------------------+--------------------+----------------+-----------------------------------+-------------------------------------+


+-------------------------------------------------------------+
; Routing Usage Summary                                       ;
+-----------------------------+-------------------------------+
; Routing Resource Type       ; Usage                         ;
+-----------------------------+-------------------------------+
; Block Input Mux Wrapbacks   ; 2,276 / 964,320 ( < 1 % )     ;
; Block Input Muxes           ; 655,040 / 10,561,600 ( 6 % )  ;
; Block interconnects         ; 483,849 / 12,385,280 ( 4 % )  ;
; C1 interconnects            ; 226,728 / 5,173,760 ( 4 % )   ;
; C4 interconnects            ; 89,336 / 4,933,120 ( 2 % )    ;
; C8 interconnects            ; 4,544 / 493,312 ( < 1 % )     ;
; DCM_muxes                   ; 86 / 1,152 ( 7 % )            ;
; DELAY_CHAINs                ; 56 / 32,048 ( < 1 % )         ;
; Direct links                ; 78,123 / 12,385,280 ( < 1 % ) ;
; HIO Buffers                 ; 1,144 / 73,472 ( 2 % )        ;
; Programmable Invert Buffers ; 56 / 560 ( 10 % )             ;
; Programmable Invert Inputs  ; 20,736 / 932,160 ( 2 % )      ;
; Programmable Inverts        ; 20,736 / 932,160 ( 2 % )      ;
; R0 interconnects            ; 315,752 / 8,632,960 ( 4 % )   ;
; R1 interconnects            ; 165,019 / 4,933,120 ( 3 % )   ;
; R12 interconnects           ; 8,172 / 739,968 ( 1 % )       ;
; R2 interconnects            ; 71,025 / 2,473,120 ( 3 % )    ;
; R4 interconnects            ; 55,685 / 2,486,240 ( 2 % )    ;
; R6 interconnects            ; 71,233 / 2,492,800 ( 3 % )    ;
; Redundancy Muxes            ; 2,408 / 145,648 ( 2 % )       ;
; Row Clock Tap-Offs          ; 14,341 / 739,968 ( 2 % )      ;
; Switchbox_clock_muxes       ; 1,077 / 23,040 ( 5 % )        ;
; VIO Buffers                 ; 1,125 / 22,400 ( 5 % )        ;
; Vertical_seam_tap_muxes     ; 1,075 / 12,288 ( 9 % )        ;
+-----------------------------+-------------------------------+


+----------------+
; Route Messages ;
+----------------+
Info: Setting ::env(BITSTREAM_ID)=05010202599ac052
Info: Setting ::env(BITSTREAM_MD)=0000000002609181
Info: Setting ::env(BITSTREAM_INFO)=0000000000000001
Info: Setting ::env(Q_REVISION)=ofs_top
Info: Setting ::env(Q_PR_REVISION)=ofs_pr_afu
Info: Setting ::env(Q_PR_PARTITION_NAME)=green_region
Info: Setting ::env(FME_IFC_ID)=fc4bf1c1-760f-5cd7-8040-b3e86fa0d31e
Info: BUILD_ROOT_REL is ../../../..
Info: Loading PIM-based AFU...
Info (20032): Parallel compilation is enabled and will use up to 2 processors
Info: *******************************************************************
Info: Running Quartus Prime Fitter
    Info: Version 25.1.0 Build 129 03/26/2025 SC Pro Edition
    Info: Copyright (C) 2025  Altera Corporation. All rights reserved.
    Info: Your use of Altera Corporation's design tools, logic functions 
    Info: and other software and tools, and any partner logic 
    Info: functions, and any output files from any of the foregoing 
    Info: (including device programming or simulation files), and any 
    Info: associated documentation or information are expressly subject 
    Info: to the terms and conditions of the Altera Program License 
    Info: Subscription Agreement, the Altera Quartus Prime License Agreement,
    Info: the Altera IP License Agreement, or other applicable license
    Info: agreement, including, without limitation, that your use is for
    Info: the sole purpose of programming logic devices manufactured by
    Info: Altera and sold by Altera or its authorized distributors.  Please
    Info: refer to the Altera Software License Subscription Agreements 
    Info: on the Quartus Prime software download page.
    Info: Processing started: Wed Sep 23 10:47:30 2026
    Info: System process ID: 129114
Info: Command: quartus_fit --read_settings_files=on --write_settings_files=off ofs_top -c ofs_pr_afu
Info: Using INI file /home/uwb_student00/ahls/new_BSP/work_ahls_persona_work21_csr02/fit01/persona/build/syn/board/ia840f/syn_top/quartus.ini
Info: qfit2_default_script.tcl version: #1
Info: Project  = ofs_top
Info: Revision = ofs_pr_afu
Critical Warning (20727): The design contains Partial Reconfiguration or Reserved Core partitions with unused input ports. Intel recommends to assign unused inputs within the partition to registers with the synthesis noprune attribute.
    Info (20728): The input port afu_top|pg_afu.port_gasket|pr_slot|afu_main|clk_div2 is dangling on partition green_region.
    Info (20728): The input port afu_top|pg_afu.port_gasket|pr_slot|afu_main|clk_div4 is dangling on partition green_region.
    Info (20728): The input port afu_top|pg_afu.port_gasket|pr_slot|afu_main|uclk_usr is dangling on partition green_region.
    Info (20728): The input port afu_top|pg_afu.port_gasket|pr_slot|afu_main|uclk_usr_div2 is dangling on partition green_region.
Info (22300): Design uses Placement Effort Multiplier = 1.0.
Info (170193): Fitter routing operations beginning
Info (20215): Router estimated peak short interconnect demand : 71% of up directional wire in region X216_Y16 to X227_Y23
    Info (20265): Estimated peak short right directional wire demand : 35% in region X228_Y32 to X239_Y39
    Info (20265): Estimated peak short left directional wire demand : 35% in region X240_Y40 to X251_Y47
    Info (20265): Estimated peak short up directional wire demand : 71% in region X216_Y16 to X227_Y23
    Info (20265): Estimated peak short down directional wire demand : 61% in region X240_Y32 to X251_Y39
Info (20215): Router estimated peak long high speed interconnect demand : 167% of down directional wire in region X204_Y8 to X215_Y15
    Info (20265): Estimated peak long high speed right directional wire demand : 105% in region X72_Y64 to X83_Y71
    Info (20265): Estimated peak long high speed left directional wire demand : 120% in region X12_Y0 to X23_Y7
    Info (20265): Estimated peak long high speed up directional wire demand : 158% in region X12_Y40 to X23_Y47
    Info (20265): Estimated peak long high speed down directional wire demand : 167% in region X204_Y8 to X215_Y15
    Info (20315): Note that the router may use short wires to implement long connections at higher delay
Info (170239): Router is attempting to preserve 64.67 percent of routes from an earlier compilation, a user specified Routing Constraints File, or internal routing requirements.
Info (21077): Low junction temperature is 0 degrees C
Info (21077): High junction temperature is 100 degrees C
Info (11888): Total time spent on timing analysis during Routing is 101.07 seconds.
Info: Target user clock high: auto (200)
Info: Target user clock low: auto (100)
Info (16607): Fitter routing operations ending: elapsed time is 00:18:56


+---------------------------------------------------------------------------------------------------------------------------------------------------------------------------------------+
; Estimated Delay Added for Hold Timing Summary                                                                                                                                         ;
+---------------------------------------------------------------------------------+---------------------------------------------------------------------------------+-------------------+
; Source Clock(s)                                                                 ; Destination Clock(s)                                                            ; Delay Added in ns ;
+---------------------------------------------------------------------------------+---------------------------------------------------------------------------------+-------------------+
; local_mem_wrapper|mem_ss_top|mem_ss_sv|mem_ss|mem_ss|emif_0|emif_0_core_usr_clk ; local_mem_wrapper|mem_ss_top|mem_ss_sv|mem_ss|mem_ss|emif_0|emif_0_core_usr_clk ; 28.6              ;
; local_mem_wrapper|mem_ss_top|mem_ss_sv|mem_ss|mem_ss|emif_0|emif_0_core_usr_clk ; sys_pll|iopll_0_clk_sys                                                         ; 9.9               ;
; sys_pll|iopll_0_clk_sys                                                         ; local_mem_wrapper|mem_ss_top|mem_ss_sv|mem_ss|mem_ss|emif_0|emif_0_core_usr_clk ; 9.9               ;
; sys_pll|iopll_0_clk_sys                                                         ; sys_pll|iopll_0_clk_sys                                                         ; 9.4               ;
; local_mem_wrapper|mem_ss_top|mem_ss_sv|mem_ss|mem_ss|emif_1|emif_1_core_usr_clk ; local_mem_wrapper|mem_ss_top|mem_ss_sv|mem_ss|mem_ss|emif_0|emif_0_core_usr_clk ; 5.4               ;
; local_mem_wrapper|mem_ss_top|mem_ss_sv|mem_ss|mem_ss|emif_0|emif_0_core_usr_clk ; local_mem_wrapper|mem_ss_top|mem_ss_sv|mem_ss|mem_ss|emif_1|emif_1_core_usr_clk ; 5.4               ;
+---------------------------------------------------------------------------------+---------------------------------------------------------------------------------+-------------------+
Note: For more information on problematic transfers, consider running the Fitter again with the Optimize hold timing option (Settings Menu) turned off.
This will disable optimization of problematic paths and expose them for further analysis using the Timing Analyzer.


+--------------------------------------------------------------------------------------------------------------------------------------------------------------------------------------------------------------------------------------------------------------------------------------------------------------------------------------------------------------------------------+
; Estimated Delay Added for Hold Timing Details                                                                                                                                                                                                                                                                                                                                  ;
+------------------------------------------------------------------------------------------------------------------------------------------------------------------------+-----------------------------------------------------------------------------------------------------------------------------------------------------------------------------------+-------------------+
; Source Register                                                                                                                                                        ; Destination Register                                                                                                                                                              ; Delay Added in ns ;
+------------------------------------------------------------------------------------------------------------------------------------------------------------------------+-----------------------------------------------------------------------------------------------------------------------------------------------------------------------------------+-------------------+
; afu_top|pg_afu.port_gasket|pr_slot|afu_main|port_afu_instances|ofs_plat_afu|map_banks[0].shim|memory_shim|cc.async_shim|r|fifo|af.f|dcfifo|out_rd_ptr_gray[0]          ; afu_top|pg_afu.port_gasket|pr_slot|afu_main|port_afu_instances|ofs_plat_afu|map_banks[0].shim|memory_shim|cc.async_shim|r|fifo|af.f|dcfifo|read_crosser|sync[0].u|din_s1          ; 0.150             ;
; afu_top|pg_afu.port_gasket|pr_slot|afu_main|port_afu_instances|ofs_plat_afu|map_banks[0].shim|memory_shim|cc.async_shim|r|fifo|af.f|dcfifo|in_wr_ptr_gray[2]           ; afu_top|pg_afu.port_gasket|pr_slot|afu_main|port_afu_instances|ofs_plat_afu|map_banks[0].shim|memory_shim|cc.async_shim|r|fifo|af.f|dcfifo|write_crosser|sync[2].u|din_s1         ; 0.150             ;
; afu_top|pg_afu.port_gasket|pr_slot|afu_main|port_afu_instances|ofs_plat_afu|map_banks[1].shim|memory_shim|cc.async_shim|aw|fifo|af.f|dcfifo|out_rd_ptr_gray[5]         ; afu_top|pg_afu.port_gasket|pr_slot|afu_main|port_afu_instances|ofs_plat_afu|map_banks[1].shim|memory_shim|cc.async_shim|aw|fifo|af.f|dcfifo|read_crosser|sync[5].u|din_s1         ; 0.150             ;
; afu_top|pg_afu.port_gasket|pr_slot|afu_main|port_afu_instances|ofs_plat_afu|primary_axi|e|cc.cc_mmio|cc|aw|fifo|af.f|dcfifo|out_rd_ptr_gray[1]                         ; afu_top|pg_afu.port_gasket|pr_slot|afu_main|port_afu_instances|ofs_plat_afu|primary_axi|e|cc.cc_mmio|cc|aw|fifo|af.f|dcfifo|read_crosser|sync[1].u|din_s1                         ; 0.150             ;
; afu_top|pg_afu.port_gasket|pr_slot|afu_main|port_afu_instances|ofs_plat_afu|map_banks[1].shim|memory_shim|cc.async_shim|b|fifo|af.f|dcfifo|out_rd_ptr_gray[5]          ; afu_top|pg_afu.port_gasket|pr_slot|afu_main|port_afu_instances|ofs_plat_afu|map_banks[1].shim|memory_shim|cc.async_shim|b|fifo|af.f|dcfifo|read_crosser|sync[5].u|din_s1          ; 0.150             ;
; afu_top|pg_afu.port_gasket|pr_slot|afu_main|port_afu_instances|ofs_plat_afu|map_banks[0].shim|memory_shim|cc.async_shim|w|fifo|af.f|dcfifo|in_wr_ptr_gray[0]           ; afu_top|pg_afu.port_gasket|pr_slot|afu_main|port_afu_instances|ofs_plat_afu|map_banks[0].shim|memory_shim|cc.async_shim|w|fifo|af.f|dcfifo|write_crosser|sync[0].u|din_s1         ; 0.150             ;
; afu_top|pg_afu.port_gasket|pr_slot|afu_main|port_afu_instances|ofs_plat_afu|primary_axi|e|impl|hc|s.rob|w|fifo|af.f|dcfifo|in_wr_ptr_gray[5]                           ; afu_top|pg_afu.port_gasket|pr_slot|afu_main|port_afu_instances|ofs_plat_afu|primary_axi|e|impl|hc|s.rob|w|fifo|af.f|dcfifo|write_crosser|sync[5].u|din_s1                         ; 0.150             ;
; afu_top|pg_afu.port_gasket|pr_slot|afu_main|port_afu_instances|ofs_plat_afu|primary_axi|e|cc.cc_mmio|cc|aw|fifo|af.f|dcfifo|in_wr_ptr_gray[0]                          ; afu_top|pg_afu.port_gasket|pr_slot|afu_main|port_afu_instances|ofs_plat_afu|primary_axi|e|cc.cc_mmio|cc|aw|fifo|af.f|dcfifo|write_crosser|sync[0].u|din_s1                        ; 0.150             ;
; afu_top|pg_afu.port_gasket|pr_slot|afu_main|port_afu_instances|ofs_plat_afu|map_banks[1].shim|memory_shim|cc.async_shim|r|fifo|af.f|dcfifo|out_rd_ptr_gray[3]          ; afu_top|pg_afu.port_gasket|pr_slot|afu_main|port_afu_instances|ofs_plat_afu|map_banks[1].shim|memory_shim|cc.async_shim|r|fifo|af.f|dcfifo|read_crosser|sync[3].u|din_s1          ; 0.150             ;
; afu_top|pg_afu.port_gasket|pr_slot|afu_main|port_afu_instances|ofs_plat_afu|primary_axi|e|impl|hc|s.rob|rd_rob|cc.rob|dc_ctrl|rsp_fifo|af.f|dcfifo|out_rd_ptr_gray[7]  ; afu_top|pg_afu.port_gasket|pr_slot|afu_main|port_afu_instances|ofs_plat_afu|primary_axi|e|impl|hc|s.rob|rd_rob|cc.rob|dc_ctrl|rsp_fifo|af.f|dcfifo|read_crosser|sync[7].u|din_s1  ; 0.150             ;
; afu_top|pg_afu.port_gasket|pr_slot|afu_main|port_afu_instances|ofs_plat_afu|map_banks[1].shim|memory_shim|cc.async_shim|ar|fifo|af.f|dcfifo|out_rd_ptr_gray[3]         ; afu_top|pg_afu.port_gasket|pr_slot|afu_main|port_afu_instances|ofs_plat_afu|map_banks[1].shim|memory_shim|cc.async_shim|ar|fifo|af.f|dcfifo|read_crosser|sync[3].u|din_s1         ; 0.150             ;
; afu_top|pg_afu.port_gasket|pr_slot|afu_main|port_afu_instances|ofs_plat_afu|primary_axi|e|impl|hc|s.rob|wr_rob|cc.rob|dc_ctrl|rsp_fifo|af.f|dcfifo|in_wr_ptr_gray[1]   ; afu_top|pg_afu.port_gasket|pr_slot|afu_main|port_afu_instances|ofs_plat_afu|primary_axi|e|impl|hc|s.rob|wr_rob|cc.rob|dc_ctrl|rsp_fifo|af.f|dcfifo|write_crosser|sync[1].u|din_s1 ; 0.150             ;
; afu_top|pg_afu.port_gasket|pr_slot|afu_main|port_afu_instances|ofs_plat_afu|primary_axi|e|impl|hc|s.rob|w|fifo|af.f|dcfifo|in_wr_ptr_gray[4]                           ; afu_top|pg_afu.port_gasket|pr_slot|afu_main|port_afu_instances|ofs_plat_afu|primary_axi|e|impl|hc|s.rob|w|fifo|af.f|dcfifo|write_crosser|sync[4].u|din_s1                         ; 0.150             ;
; afu_top|pg_afu.port_gasket|pr_slot|afu_main|port_afu_instances|ofs_plat_afu|map_banks[0].shim|memory_shim|cc.async_shim|aw|fifo|af.f|dcfifo|out_rd_ptr_gray[5]         ; afu_top|pg_afu.port_gasket|pr_slot|afu_main|port_afu_instances|ofs_plat_afu|map_banks[0].shim|memory_shim|cc.async_shim|aw|fifo|af.f|dcfifo|read_crosser|sync[5].u|din_s1         ; 0.150             ;
; afu_top|pg_afu.port_gasket|pr_slot|afu_main|port_afu_instances|ofs_plat_afu|map_banks[0].shim|memory_shim|cc.async_shim|r|fifo|af.f|dcfifo|out_rd_ptr_gray[5]          ; afu_top|pg_afu.port_gasket|pr_slot|afu_main|port_afu_instances|ofs_plat_afu|map_banks[0].shim|memory_shim|cc.async_shim|r|fifo|af.f|dcfifo|read_crosser|sync[5].u|din_s1          ; 0.150             ;
; afu_top|pg_afu.port_gasket|pr_slot|afu_main|port_afu_instances|ofs_plat_afu|primary_axi|e|impl|hc|s.rob|w|fifo|af.f|dcfifo|in_wr_ptr_gray[3]                           ; afu_top|pg_afu.port_gasket|pr_slot|afu_main|port_afu_instances|ofs_plat_afu|primary_axi|e|impl|hc|s.rob|w|fifo|af.f|dcfifo|write_crosser|sync[3].u|din_s1                         ; 0.150             ;
; afu_top|pg_afu.port_gasket|pr_slot|afu_main|port_afu_instances|ofs_plat_afu|map_banks[0].shim|memory_shim|cc.async_shim|r|fifo|af.f|dcfifo|in_wr_ptr_gray[5]           ; afu_top|pg_afu.port_gasket|pr_slot|afu_main|port_afu_instances|ofs_plat_afu|map_banks[0].shim|memory_shim|cc.async_shim|r|fifo|af.f|dcfifo|write_crosser|sync[5].u|din_s1         ; 0.150             ;
; afu_top|pg_afu.port_gasket|pr_slot|afu_main|port_afu_instances|ofs_plat_afu|map_banks[1].shim|memory_shim|cc.async_shim|aw|fifo|af.f|dcfifo|out_rd_ptr_gray[2]         ; afu_top|pg_afu.port_gasket|pr_slot|afu_main|port_afu_instances|ofs_plat_afu|map_banks[1].shim|memory_shim|cc.async_shim|aw|fifo|af.f|dcfifo|read_crosser|sync[2].u|din_s1         ; 0.150             ;
; afu_top|pg_afu.port_gasket|pr_slot|afu_main|port_afu_instances|ofs_plat_afu|map_banks[0].shim|memory_shim|cc.async_shim|w|fifo|af.f|dcfifo|in_wr_ptr_gray[3]           ; afu_top|pg_afu.port_gasket|pr_slot|afu_main|port_afu_instances|ofs_plat_afu|map_banks[0].shim|memory_shim|cc.async_shim|w|fifo|af.f|dcfifo|write_crosser|sync[3].u|din_s1         ; 0.150             ;
; afu_top|pg_afu.port_gasket|pr_slot|afu_main|port_afu_instances|ofs_plat_afu|map_banks[0].shim|memory_shim|cc.async_shim|r|fifo|af.f|dcfifo|out_rd_ptr_gray[1]          ; afu_top|pg_afu.port_gasket|pr_slot|afu_main|port_afu_instances|ofs_plat_afu|map_banks[0].shim|memory_shim|cc.async_shim|r|fifo|af.f|dcfifo|read_crosser|sync[1].u|din_s1          ; 0.150             ;
; afu_top|pg_afu.port_gasket|pr_slot|afu_main|port_afu_instances|ofs_plat_afu|map_banks[0].shim|memory_shim|cc.async_shim|ar|fifo|af.f|dcfifo|in_wr_ptr_gray[1]          ; afu_top|pg_afu.port_gasket|pr_slot|afu_main|port_afu_instances|ofs_plat_afu|map_banks[0].shim|memory_shim|cc.async_shim|ar|fifo|af.f|dcfifo|write_crosser|sync[1].u|din_s1        ; 0.150             ;
; afu_top|pg_afu.port_gasket|pr_slot|afu_main|port_afu_instances|ofs_plat_afu|map_banks[0].shim|memory_shim|cc.async_shim|ar|fifo|af.f|dcfifo|out_rd_ptr_gray[5]         ; afu_top|pg_afu.port_gasket|pr_slot|afu_main|port_afu_instances|ofs_plat_afu|map_banks[0].shim|memory_shim|cc.async_shim|ar|fifo|af.f|dcfifo|read_crosser|sync[5].u|din_s1         ; 0.150             ;
; afu_top|pg_afu.port_gasket|pr_slot|afu_main|port_afu_instances|ofs_plat_afu|primary_axi|e|cc.cc_mmio|cc|r|fifo|af.f|dcfifo|in_wr_ptr_gray[2]                           ; afu_top|pg_afu.port_gasket|pr_slot|afu_main|port_afu_instances|ofs_plat_afu|primary_axi|e|cc.cc_mmio|cc|r|fifo|af.f|dcfifo|write_crosser|sync[2].u|din_s1                         ; 0.150             ;
; afu_top|pg_afu.port_gasket|pr_slot|afu_main|port_afu_instances|ofs_plat_afu|primary_axi|e|cc.cc_mmio|cc|aw|fifo|af.f|dcfifo|out_rd_ptr_gray[2]                         ; afu_top|pg_afu.port_gasket|pr_slot|afu_main|port_afu_instances|ofs_plat_afu|primary_axi|e|cc.cc_mmio|cc|aw|fifo|af.f|dcfifo|read_crosser|sync[2].u|din_s1                         ; 0.150             ;
; afu_top|pg_afu.port_gasket|pr_slot|afu_main|port_afu_instances|ofs_plat_afu|map_banks[1].shim|memory_shim|cc.async_shim|aw|fifo|af.f|dcfifo|out_rd_ptr_gray[0]         ; afu_top|pg_afu.port_gasket|pr_slot|afu_main|port_afu_instances|ofs_plat_afu|map_banks[1].shim|memory_shim|cc.async_shim|aw|fifo|af.f|dcfifo|read_crosser|sync[0].u|din_s1         ; 0.150             ;
; afu_top|pg_afu.port_gasket|pr_slot|afu_main|port_afu_instances|ofs_plat_afu|map_banks[0].shim|memory_shim|cc.async_shim|aw|fifo|af.f|dcfifo|out_rd_ptr_gray[0]         ; afu_top|pg_afu.port_gasket|pr_slot|afu_main|port_afu_instances|ofs_plat_afu|map_banks[0].shim|memory_shim|cc.async_shim|aw|fifo|af.f|dcfifo|read_crosser|sync[0].u|din_s1         ; 0.150             ;
; afu_top|pg_afu.port_gasket|pr_slot|afu_main|port_afu_instances|ofs_plat_afu|map_banks[0].shim|memory_shim|cc.async_shim|b|fifo|af.f|dcfifo|out_rd_ptr_gray[3]          ; afu_top|pg_afu.port_gasket|pr_slot|afu_main|port_afu_instances|ofs_plat_afu|map_banks[0].shim|memory_shim|cc.async_shim|b|fifo|af.f|dcfifo|read_crosser|sync[3].u|din_s1          ; 0.150             ;
; afu_top|pg_afu.port_gasket|pr_slot|afu_main|port_afu_instances|ofs_plat_afu|map_banks[0].shim|memory_shim|cc.async_shim|r|fifo|af.f|dcfifo|out_rd_ptr_gray[7]          ; afu_top|pg_afu.port_gasket|pr_slot|afu_main|port_afu_instances|ofs_plat_afu|map_banks[0].shim|memory_shim|cc.async_shim|r|fifo|af.f|dcfifo|read_crosser|sync[7].u|din_s1          ; 0.150             ;
; afu_top|pg_afu.port_gasket|pr_slot|afu_main|port_afu_instances|ofs_plat_afu|primary_axi|e|impl|hc|s.rob|rd_rob|cc.rob|dc_ctrl|rsp_fifo|af.f|dcfifo|out_rd_ptr_gray[9]  ; afu_top|pg_afu.port_gasket|pr_slot|afu_main|port_afu_instances|ofs_plat_afu|primary_axi|e|impl|hc|s.rob|rd_rob|cc.rob|dc_ctrl|rsp_fifo|af.f|dcfifo|read_crosser|sync[9].u|din_s1  ; 0.150             ;
; afu_top|pg_afu.port_gasket|pr_slot|afu_main|port_afu_instances|ofs_plat_afu|primary_axi|e|impl|hc|s.rob|rd_rob|cc.rob|dc_ctrl|rsp_fifo|af.f|dcfifo|out_rd_ptr_gray[10] ; afu_top|pg_afu.port_gasket|pr_slot|afu_main|port_afu_instances|ofs_plat_afu|primary_axi|e|impl|hc|s.rob|rd_rob|cc.rob|dc_ctrl|rsp_fifo|af.f|dcfifo|read_crosser|sync[10].u|din_s1 ; 0.150             ;
; afu_top|pg_afu.port_gasket|pr_slot|afu_main|port_afu_instances|ofs_plat_afu|primary_axi|e|cc.cc_mmio|cc|b|fifo|af.f|dcfifo|in_wr_ptr_gray[4]                           ; afu_top|pg_afu.port_gasket|pr_slot|afu_main|port_afu_instances|ofs_plat_afu|primary_axi|e|cc.cc_mmio|cc|b|fifo|af.f|dcfifo|write_crosser|sync[4].u|din_s1                         ; 0.150             ;
; afu_top|pg_afu.port_gasket|pr_slot|afu_main|port_afu_instances|ofs_plat_afu|primary_axi|e|impl|hc|s.rob|wr_rob|cc.rob|dc_ctrl|rsp_fifo|af.f|dcfifo|out_rd_ptr_gray[0]  ; afu_top|pg_afu.port_gasket|pr_slot|afu_main|port_afu_instances|ofs_plat_afu|primary_axi|e|impl|hc|s.rob|wr_rob|cc.rob|dc_ctrl|rsp_fifo|af.f|dcfifo|read_crosser|sync[0].u|din_s1  ; 0.150             ;
; afu_top|pg_afu.port_gasket|pr_slot|afu_main|port_afu_instances|ofs_plat_afu|primary_axi|e|cc.cc_mmio|cc|b|fifo|af.f|dcfifo|out_rd_ptr_gray[0]                          ; afu_top|pg_afu.port_gasket|pr_slot|afu_main|port_afu_instances|ofs_plat_afu|primary_axi|e|cc.cc_mmio|cc|b|fifo|af.f|dcfifo|read_crosser|sync[0].u|din_s1                          ; 0.150             ;
; afu_top|pg_afu.port_gasket|pr_slot|afu_main|port_afu_instances|ofs_plat_afu|primary_axi|e|cc.cc_mmio|cc|ar|fifo|af.f|dcfifo|out_rd_ptr_gray[5]                         ; afu_top|pg_afu.port_gasket|pr_slot|afu_main|port_afu_instances|ofs_plat_afu|primary_axi|e|cc.cc_mmio|cc|ar|fifo|af.f|dcfifo|read_crosser|sync[5].u|din_s1                         ; 0.150             ;
; afu_top|pg_afu.port_gasket|pr_slot|afu_main|port_afu_instances|ofs_plat_afu|primary_axi|e|impl|hc|s.rob|rd_rob|cc.rob|dc_ctrl|rsp_fifo|af.f|dcfifo|in_wr_ptr_gray[0]   ; afu_top|pg_afu.port_gasket|pr_slot|afu_main|port_afu_instances|ofs_plat_afu|primary_axi|e|impl|hc|s.rob|rd_rob|cc.rob|dc_ctrl|rsp_fifo|af.f|dcfifo|write_crosser|sync[0].u|din_s1 ; 0.150             ;
; afu_top|pg_afu.port_gasket|pr_slot|afu_main|port_afu_instances|ofs_plat_afu|map_banks[1].shim|memory_shim|cc.async_shim|aw|fifo|af.f|dcfifo|out_rd_ptr_gray[1]         ; afu_top|pg_afu.port_gasket|pr_slot|afu_main|port_afu_instances|ofs_plat_afu|map_banks[1].shim|memory_shim|cc.async_shim|aw|fifo|af.f|dcfifo|read_crosser|sync[1].u|din_s1         ; 0.150             ;
; afu_top|pg_afu.port_gasket|pr_slot|afu_main|port_afu_instances|ofs_plat_afu|primary_axi|e|cc.cc_mmio|cc|b|fifo|af.f|dcfifo|in_wr_ptr_gray[3]                           ; afu_top|pg_afu.port_gasket|pr_slot|afu_main|port_afu_instances|ofs_plat_afu|primary_axi|e|cc.cc_mmio|cc|b|fifo|af.f|dcfifo|write_crosser|sync[3].u|din_s1                         ; 0.150             ;
; afu_top|pg_afu.port_gasket|pr_slot|afu_main|port_afu_instances|ofs_plat_afu|primary_axi|e|impl|hc|s.rob|rd_rob|cc.rob|dc_ctrl|rsp_fifo|af.f|dcfifo|out_rd_ptr_gray[8]  ; afu_top|pg_afu.port_gasket|pr_slot|afu_main|port_afu_instances|ofs_plat_afu|primary_axi|e|impl|hc|s.rob|rd_rob|cc.rob|dc_ctrl|rsp_fifo|af.f|dcfifo|read_crosser|sync[8].u|din_s1  ; 0.150             ;
; afu_top|pg_afu.port_gasket|pr_slot|afu_main|port_afu_instances|ofs_plat_afu|primary_axi|e|cc.cc_mmio|cc|r|fifo|af.f|dcfifo|in_wr_ptr_gray[1]                           ; afu_top|pg_afu.port_gasket|pr_slot|afu_main|port_afu_instances|ofs_plat_afu|primary_axi|e|cc.cc_mmio|cc|r|fifo|af.f|dcfifo|write_crosser|sync[1].u|din_s1                         ; 0.150             ;
; afu_top|pg_afu.port_gasket|pr_slot|afu_main|port_afu_instances|ofs_plat_afu|map_banks[1].shim|memory_shim|cc.async_shim|w|fifo|af.f|dcfifo|out_rd_ptr_gray[3]          ; afu_top|pg_afu.port_gasket|pr_slot|afu_main|port_afu_instances|ofs_plat_afu|map_banks[1].shim|memory_shim|cc.async_shim|w|fifo|af.f|dcfifo|read_crosser|sync[3].u|din_s1          ; 0.150             ;
; afu_top|pg_afu.port_gasket|pr_slot|afu_main|port_afu_instances|ofs_plat_afu|map_banks[1].shim|memory_shim|cc.async_shim|w|fifo|af.f|dcfifo|in_wr_ptr_gray[1]           ; afu_top|pg_afu.port_gasket|pr_slot|afu_main|port_afu_instances|ofs_plat_afu|map_banks[1].shim|memory_shim|cc.async_shim|w|fifo|af.f|dcfifo|write_crosser|sync[1].u|din_s1         ; 0.150             ;
; afu_top|pg_afu.port_gasket|pr_slot|afu_main|port_afu_instances|ofs_plat_afu|primary_axi|e|cc.cc_mmio|cc|w|fifo|af.f|dcfifo|out_rd_ptr_gray[4]                          ; afu_top|pg_afu.port_gasket|pr_slot|afu_main|port_afu_instances|ofs_plat_afu|primary_axi|e|cc.cc_mmio|cc|w|fifo|af.f|dcfifo|read_crosser|sync[4].u|din_s1                          ; 0.150             ;
; afu_top|pg_afu.port_gasket|pr_slot|afu_main|port_afu_instances|ofs_plat_afu|map_banks[0].shim|memory_shim|cc.async_shim|ar|fifo|af.f|dcfifo|in_wr_ptr_gray[4]          ; afu_top|pg_afu.port_gasket|pr_slot|afu_main|port_afu_instances|ofs_plat_afu|map_banks[0].shim|memory_shim|cc.async_shim|ar|fifo|af.f|dcfifo|write_crosser|sync[4].u|din_s1        ; 0.150             ;
; afu_top|pg_afu.port_gasket|pr_slot|afu_main|port_afu_instances|ofs_plat_afu|map_banks[0].shim|memory_shim|cc.async_shim|aw|fifo|af.f|dcfifo|out_rd_ptr_gray[2]         ; afu_top|pg_afu.port_gasket|pr_slot|afu_main|port_afu_instances|ofs_plat_afu|map_banks[0].shim|memory_shim|cc.async_shim|aw|fifo|af.f|dcfifo|read_crosser|sync[2].u|din_s1         ; 0.150             ;
; afu_top|pg_afu.port_gasket|pr_slot|afu_main|port_afu_instances|ofs_plat_afu|map_banks[0].shim|memory_shim|cc.async_shim|r|fifo|af.f|dcfifo|in_wr_ptr_gray[8]           ; afu_top|pg_afu.port_gasket|pr_slot|afu_main|port_afu_instances|ofs_plat_afu|map_banks[0].shim|memory_shim|cc.async_shim|r|fifo|af.f|dcfifo|write_crosser|sync[8].u|din_s1         ; 0.150             ;
; afu_top|pg_afu.port_gasket|pr_slot|afu_main|port_afu_instances|ofs_plat_afu|map_banks[1].shim|memory_shim|cc.async_shim|ar|fifo|af.f|dcfifo|out_rd_ptr_gray[4]         ; afu_top|pg_afu.port_gasket|pr_slot|afu_main|port_afu_instances|ofs_plat_afu|map_banks[1].shim|memory_shim|cc.async_shim|ar|fifo|af.f|dcfifo|read_crosser|sync[4].u|din_s1         ; 0.150             ;
; afu_top|pg_afu.port_gasket|pr_slot|afu_main|port_afu_instances|ofs_plat_afu|map_banks[0].shim|memory_shim|cc.async_shim|ar|fifo|af.f|dcfifo|in_wr_ptr_gray[5]          ; afu_top|pg_afu.port_gasket|pr_slot|afu_main|port_afu_instances|ofs_plat_afu|map_banks[0].shim|memory_shim|cc.async_shim|ar|fifo|af.f|dcfifo|write_crosser|sync[5].u|din_s1        ; 0.150             ;
; afu_top|pg_afu.port_gasket|pr_slot|afu_main|port_afu_instances|ofs_plat_afu|map_banks[0].shim|memory_shim|cc.async_shim|b|fifo|af.f|dcfifo|out_rd_ptr_gray[6]          ; afu_top|pg_afu.port_gasket|pr_slot|afu_main|port_afu_instances|ofs_plat_afu|map_banks[0].shim|memory_shim|cc.async_shim|b|fifo|af.f|dcfifo|read_crosser|sync[6].u|din_s1          ; 0.150             ;
; afu_top|pg_afu.port_gasket|pr_slot|afu_main|port_afu_instances|ofs_plat_afu|map_banks[1].shim|memory_shim|cc.async_shim|ar|fifo|af.f|dcfifo|in_wr_ptr_gray[5]          ; afu_top|pg_afu.port_gasket|pr_slot|afu_main|port_afu_instances|ofs_plat_afu|map_banks[1].shim|memory_shim|cc.async_shim|ar|fifo|af.f|dcfifo|write_crosser|sync[5].u|din_s1        ; 0.150             ;
; afu_top|pg_afu.port_gasket|pr_slot|afu_main|port_afu_instances|ofs_plat_afu|primary_axi|e|cc.cc_mmio|cc|b|fifo|af.f|dcfifo|out_rd_ptr_gray[3]                          ; afu_top|pg_afu.port_gasket|pr_slot|afu_main|port_afu_instances|ofs_plat_afu|primary_axi|e|cc.cc_mmio|cc|b|fifo|af.f|dcfifo|read_crosser|sync[3].u|din_s1                          ; 0.150             ;
; afu_top|pg_afu.port_gasket|pr_slot|afu_main|port_afu_instances|ofs_plat_afu|primary_axi|e|impl|hc|s.rob|ar|fifo|af.f|dcfifo|out_rd_ptr_gray[0]                         ; afu_top|pg_afu.port_gasket|pr_slot|afu_main|port_afu_instances|ofs_plat_afu|primary_axi|e|impl|hc|s.rob|ar|fifo|af.f|dcfifo|read_crosser|sync[0].u|din_s1                         ; 0.150             ;
; afu_top|pg_afu.port_gasket|pr_slot|afu_main|port_afu_instances|ofs_plat_afu|map_banks[1].shim|memory_shim|cc.async_shim|b|fifo|af.f|dcfifo|in_wr_ptr_gray[2]           ; afu_top|pg_afu.port_gasket|pr_slot|afu_main|port_afu_instances|ofs_plat_afu|map_banks[1].shim|memory_shim|cc.async_shim|b|fifo|af.f|dcfifo|write_crosser|sync[2].u|din_s1         ; 0.150             ;
; afu_top|pg_afu.port_gasket|pr_slot|afu_main|port_afu_instances|ofs_plat_afu|primary_axi|e|impl|hc|s.rob|rd_rob|cc.rob|dc_ctrl|rsp_fifo|af.f|dcfifo|in_wr_ptr_gray[8]   ; afu_top|pg_afu.port_gasket|pr_slot|afu_main|port_afu_instances|ofs_plat_afu|primary_axi|e|impl|hc|s.rob|rd_rob|cc.rob|dc_ctrl|rsp_fifo|af.f|dcfifo|write_crosser|sync[8].u|din_s1 ; 0.150             ;
; afu_top|pg_afu.port_gasket|pr_slot|afu_main|port_afu_instances|ofs_plat_afu|primary_axi|e|impl|hc|s.rob|wr_rob|cc.rob|dc_ctrl|rsp_fifo|af.f|dcfifo|in_wr_ptr_gray[0]   ; afu_top|pg_afu.port_gasket|pr_slot|afu_main|port_afu_instances|ofs_plat_afu|primary_axi|e|impl|hc|s.rob|wr_rob|cc.rob|dc_ctrl|rsp_fifo|af.f|dcfifo|write_crosser|sync[0].u|din_s1 ; 0.150             ;
; afu_top|pg_afu.port_gasket|pr_slot|afu_main|port_afu_instances|ofs_plat_afu|map_banks[0].shim|memory_shim|cc.async_shim|b|fifo|af.f|dcfifo|out_rd_ptr_gray[4]          ; afu_top|pg_afu.port_gasket|pr_slot|afu_main|port_afu_instances|ofs_plat_afu|map_banks[0].shim|memory_shim|cc.async_shim|b|fifo|af.f|dcfifo|read_crosser|sync[4].u|din_s1          ; 0.150             ;
; afu_top|pg_afu.port_gasket|pr_slot|afu_main|port_afu_instances|ofs_plat_afu|primary_axi|e|impl|hc|s.rob|w|fifo|af.f|dcfifo|in_wr_ptr_gray[0]                           ; afu_top|pg_afu.port_gasket|pr_slot|afu_main|port_afu_instances|ofs_plat_afu|primary_axi|e|impl|hc|s.rob|w|fifo|af.f|dcfifo|write_crosser|sync[0].u|din_s1                         ; 0.150             ;
; afu_top|pg_afu.port_gasket|pr_slot|afu_main|port_afu_instances|ofs_plat_afu|map_banks[1].shim|memory_shim|cc.async_shim|r|fifo|af.f|dcfifo|in_wr_ptr_gray[4]           ; afu_top|pg_afu.port_gasket|pr_slot|afu_main|port_afu_instances|ofs_plat_afu|map_banks[1].shim|memory_shim|cc.async_shim|r|fifo|af.f|dcfifo|write_crosser|sync[4].u|din_s1         ; 0.150             ;
; afu_top|pg_afu.port_gasket|pr_slot|afu_main|port_afu_instances|ofs_plat_afu|primary_axi|e|cc.cc_mmio|cc|ar|fifo|af.f|dcfifo|out_rd_ptr_gray[4]                         ; afu_top|pg_afu.port_gasket|pr_slot|afu_main|port_afu_instances|ofs_plat_afu|primary_axi|e|cc.cc_mmio|cc|ar|fifo|af.f|dcfifo|read_crosser|sync[4].u|din_s1                         ; 0.150             ;
; afu_top|pg_afu.port_gasket|pr_slot|afu_main|port_afu_instances|ofs_plat_afu|primary_axi|e|cc.cc_mmio|cc|ar|fifo|af.f|dcfifo|out_rd_ptr_gray[2]                         ; afu_top|pg_afu.port_gasket|pr_slot|afu_main|port_afu_instances|ofs_plat_afu|primary_axi|e|cc.cc_mmio|cc|ar|fifo|af.f|dcfifo|read_crosser|sync[2].u|din_s1                         ; 0.150             ;
; afu_top|pg_afu.port_gasket|pr_slot|afu_main|port_afu_instances|ofs_plat_afu|map_banks[0].shim|memory_shim|cc.async_shim|ar|fifo|af.f|dcfifo|out_rd_ptr_gray[2]         ; afu_top|pg_afu.port_gasket|pr_slot|afu_main|port_afu_instances|ofs_plat_afu|map_banks[0].shim|memory_shim|cc.async_shim|ar|fifo|af.f|dcfifo|read_crosser|sync[2].u|din_s1         ; 0.150             ;
; afu_top|pg_afu.port_gasket|pr_slot|afu_main|port_afu_instances|ofs_plat_afu|primary_axi|e|cc.cc_mmio|cc|r|fifo|af.f|dcfifo|out_rd_ptr_gray[2]                          ; afu_top|pg_afu.port_gasket|pr_slot|afu_main|port_afu_instances|ofs_plat_afu|primary_axi|e|cc.cc_mmio|cc|r|fifo|af.f|dcfifo|read_crosser|sync[2].u|din_s1                          ; 0.150             ;
; afu_top|pg_afu.port_gasket|pr_slot|afu_main|port_afu_instances|ofs_plat_afu|primary_axi|e|cc.cc_mmio|cc|b|fifo|af.f|dcfifo|in_wr_ptr_gray[0]                           ; afu_top|pg_afu.port_gasket|pr_slot|afu_main|port_afu_instances|ofs_plat_afu|primary_axi|e|cc.cc_mmio|cc|b|fifo|af.f|dcfifo|write_crosser|sync[0].u|din_s1                         ; 0.150             ;
; afu_top|pg_afu.port_gasket|pr_slot|afu_main|port_afu_instances|ofs_plat_afu|map_banks[1].shim|memory_shim|cc.async_shim|ar|fifo|af.f|dcfifo|out_rd_ptr_gray[1]         ; afu_top|pg_afu.port_gasket|pr_slot|afu_main|port_afu_instances|ofs_plat_afu|map_banks[1].shim|memory_shim|cc.async_shim|ar|fifo|af.f|dcfifo|read_crosser|sync[1].u|din_s1         ; 0.150             ;
; afu_top|pg_afu.port_gasket|pr_slot|afu_main|port_afu_instances|ofs_plat_afu|map_banks[0].shim|memory_shim|cc.async_shim|b|fifo|af.f|dcfifo|in_wr_ptr_gray[5]           ; afu_top|pg_afu.port_gasket|pr_slot|afu_main|port_afu_instances|ofs_plat_afu|map_banks[0].shim|memory_shim|cc.async_shim|b|fifo|af.f|dcfifo|write_crosser|sync[5].u|din_s1         ; 0.150             ;
; afu_top|pg_afu.port_gasket|pr_slot|afu_main|port_afu_instances|ofs_plat_afu|primary_axi|e|cc.cc_mmio|cc|aw|fifo|af.f|dcfifo|in_wr_ptr_gray[5]                          ; afu_top|pg_afu.port_gasket|pr_slot|afu_main|port_afu_instances|ofs_plat_afu|primary_axi|e|cc.cc_mmio|cc|aw|fifo|af.f|dcfifo|write_crosser|sync[5].u|din_s1                        ; 0.150             ;
; afu_top|pg_afu.port_gasket|pr_slot|afu_main|port_afu_instances|ofs_plat_afu|map_banks[1].shim|memory_shim|cc.async_shim|w|fifo|af.f|dcfifo|out_rd_ptr_gray[5]          ; afu_top|pg_afu.port_gasket|pr_slot|afu_main|port_afu_instances|ofs_plat_afu|map_banks[1].shim|memory_shim|cc.async_shim|w|fifo|af.f|dcfifo|read_crosser|sync[5].u|din_s1          ; 0.150             ;
; afu_top|pg_afu.port_gasket|pr_slot|afu_main|port_afu_instances|ofs_plat_afu|primary_axi|e|cc.cc_mmio|cc|w|fifo|af.f|dcfifo|out_rd_ptr_gray[3]                          ; afu_top|pg_afu.port_gasket|pr_slot|afu_main|port_afu_instances|ofs_plat_afu|primary_axi|e|cc.cc_mmio|cc|w|fifo|af.f|dcfifo|read_crosser|sync[3].u|din_s1                          ; 0.150             ;
; afu_top|pg_afu.port_gasket|pr_slot|afu_main|port_afu_instances|ofs_plat_afu|map_banks[1].shim|memory_shim|cc.async_shim|r|fifo|af.f|dcfifo|out_rd_ptr_gray[6]          ; afu_top|pg_afu.port_gasket|pr_slot|afu_main|port_afu_instances|ofs_plat_afu|map_banks[1].shim|memory_shim|cc.async_shim|r|fifo|af.f|dcfifo|read_crosser|sync[6].u|din_s1          ; 0.150             ;
; afu_top|pg_afu.port_gasket|pr_slot|afu_main|port_afu_instances|ofs_plat_afu|map_banks[0].shim|memory_shim|cc.async_shim|b|fifo|af.f|dcfifo|out_rd_ptr_gray[5]          ; afu_top|pg_afu.port_gasket|pr_slot|afu_main|port_afu_instances|ofs_plat_afu|map_banks[0].shim|memory_shim|cc.async_shim|b|fifo|af.f|dcfifo|read_crosser|sync[5].u|din_s1          ; 0.150             ;
; afu_top|pg_afu.port_gasket|pr_slot|afu_main|port_afu_instances|ofs_plat_afu|primary_axi|e|impl|hc|s.rob|wr_rob|cc.rob|dc_ctrl|rsp_fifo|af.f|dcfifo|in_wr_ptr_gray[5]   ; afu_top|pg_afu.port_gasket|pr_slot|afu_main|port_afu_instances|ofs_plat_afu|primary_axi|e|impl|hc|s.rob|wr_rob|cc.rob|dc_ctrl|rsp_fifo|af.f|dcfifo|write_crosser|sync[5].u|din_s1 ; 0.150             ;
; afu_top|pg_afu.port_gasket|pr_slot|afu_main|port_afu_instances|ofs_plat_afu|primary_axi|e|impl|hc|s.rob|rd_rob|cc.rob|dc_ctrl|rsp_fifo|af.f|dcfifo|in_wr_ptr_gray[3]   ; afu_top|pg_afu.port_gasket|pr_slot|afu_main|port_afu_instances|ofs_plat_afu|primary_axi|e|impl|hc|s.rob|rd_rob|cc.rob|dc_ctrl|rsp_fifo|af.f|dcfifo|write_crosser|sync[3].u|din_s1 ; 0.150             ;
; afu_top|pg_afu.port_gasket|pr_slot|afu_main|port_afu_instances|ofs_plat_afu|primary_axi|e|impl|hc|s.rob|rd_rob|cc.rob|dc_ctrl|rsp_fifo|af.f|dcfifo|out_rd_ptr_gray[3]  ; afu_top|pg_afu.port_gasket|pr_slot|afu_main|port_afu_instances|ofs_plat_afu|primary_axi|e|impl|hc|s.rob|rd_rob|cc.rob|dc_ctrl|rsp_fifo|af.f|dcfifo|read_crosser|sync[3].u|din_s1  ; 0.150             ;
; afu_top|pg_afu.port_gasket|pr_slot|afu_main|port_afu_instances|ofs_plat_afu|map_banks[0].shim|memory_shim|cc.async_shim|b|fifo|af.f|dcfifo|in_wr_ptr_gray[4]           ; afu_top|pg_afu.port_gasket|pr_slot|afu_main|port_afu_instances|ofs_plat_afu|map_banks[0].shim|memory_shim|cc.async_shim|b|fifo|af.f|dcfifo|write_crosser|sync[4].u|din_s1         ; 0.150             ;
; afu_top|pg_afu.port_gasket|pr_slot|afu_main|port_afu_instances|ofs_plat_afu|primary_axi|e|impl|hc|s.rob|ar|fifo|af.f|dcfifo|in_wr_ptr_gray[5]                          ; afu_top|pg_afu.port_gasket|pr_slot|afu_main|port_afu_instances|ofs_plat_afu|primary_axi|e|impl|hc|s.rob|ar|fifo|af.f|dcfifo|write_crosser|sync[5].u|din_s1                        ; 0.150             ;
; afu_top|pg_afu.port_gasket|pr_slot|afu_main|port_afu_instances|ofs_plat_afu|primary_axi|e|cc.cc_mmio|cc|b|fifo|af.f|dcfifo|in_wr_ptr_gray[2]                           ; afu_top|pg_afu.port_gasket|pr_slot|afu_main|port_afu_instances|ofs_plat_afu|primary_axi|e|cc.cc_mmio|cc|b|fifo|af.f|dcfifo|write_crosser|sync[2].u|din_s1                         ; 0.150             ;
; afu_top|pg_afu.port_gasket|pr_slot|afu_main|port_afu_instances|ofs_plat_afu|map_banks[0].shim|memory_shim|cc.async_shim|w|fifo|af.f|dcfifo|out_rd_ptr_gray[5]          ; afu_top|pg_afu.port_gasket|pr_slot|afu_main|port_afu_instances|ofs_plat_afu|map_banks[0].shim|memory_shim|cc.async_shim|w|fifo|af.f|dcfifo|read_crosser|sync[5].u|din_s1          ; 0.150             ;
; afu_top|pg_afu.port_gasket|pr_slot|afu_main|port_afu_instances|ofs_plat_afu|map_banks[0].shim|memory_shim|cc.async_shim|aw|fifo|af.f|dcfifo|out_rd_ptr_gray[4]         ; afu_top|pg_afu.port_gasket|pr_slot|afu_main|port_afu_instances|ofs_plat_afu|map_banks[0].shim|memory_shim|cc.async_shim|aw|fifo|af.f|dcfifo|read_crosser|sync[4].u|din_s1         ; 0.150             ;
; afu_top|pg_afu.port_gasket|pr_slot|afu_main|port_afu_instances|ofs_plat_afu|map_banks[0].shim|memory_shim|cc.async_shim|ar|fifo|af.f|dcfifo|out_rd_ptr_gray[1]         ; afu_top|pg_afu.port_gasket|pr_slot|afu_main|port_afu_instances|ofs_plat_afu|map_banks[0].shim|memory_shim|cc.async_shim|ar|fifo|af.f|dcfifo|read_crosser|sync[1].u|din_s1         ; 0.150             ;
; afu_top|pg_afu.port_gasket|pr_slot|afu_main|port_afu_instances|ofs_plat_afu|map_banks[0].shim|memory_shim|cc.async_shim|b|fifo|af.f|dcfifo|in_wr_ptr_gray[7]           ; afu_top|pg_afu.port_gasket|pr_slot|afu_main|port_afu_instances|ofs_plat_afu|map_banks[0].shim|memory_shim|cc.async_shim|b|fifo|af.f|dcfifo|write_crosser|sync[7].u|din_s1         ; 0.150             ;
; afu_top|pg_afu.port_gasket|pr_slot|afu_main|port_afu_instances|ofs_plat_afu|primary_axi|e|impl|hc|s.rob|wr_rob|cc.rob|dc_ctrl|rsp_fifo|af.f|dcfifo|out_rd_ptr_gray[1]  ; afu_top|pg_afu.port_gasket|pr_slot|afu_main|port_afu_instances|ofs_plat_afu|primary_axi|e|impl|hc|s.rob|wr_rob|cc.rob|dc_ctrl|rsp_fifo|af.f|dcfifo|read_crosser|sync[1].u|din_s1  ; 0.150             ;
; afu_top|pg_afu.port_gasket|pr_slot|afu_main|port_afu_instances|ofs_plat_afu|map_banks[1].shim|memory_shim|cc.async_shim|aw|fifo|af.f|dcfifo|out_rd_ptr_gray[4]         ; afu_top|pg_afu.port_gasket|pr_slot|afu_main|port_afu_instances|ofs_plat_afu|map_banks[1].shim|memory_shim|cc.async_shim|aw|fifo|af.f|dcfifo|read_crosser|sync[4].u|din_s1         ; 0.150             ;
; afu_top|pg_afu.port_gasket|pr_slot|afu_main|port_afu_instances|ofs_plat_afu|map_banks[0].shim|memory_shim|cc.async_shim|b|fifo|af.f|dcfifo|out_rd_ptr_gray[1]          ; afu_top|pg_afu.port_gasket|pr_slot|afu_main|port_afu_instances|ofs_plat_afu|map_banks[0].shim|memory_shim|cc.async_shim|b|fifo|af.f|dcfifo|read_crosser|sync[1].u|din_s1          ; 0.150             ;
; afu_top|pg_afu.port_gasket|pr_slot|afu_main|port_afu_instances|ofs_plat_afu|map_banks[0].shim|memory_shim|cc.async_shim|b|fifo|af.f|dcfifo|out_rd_ptr_gray[7]          ; afu_top|pg_afu.port_gasket|pr_slot|afu_main|port_afu_instances|ofs_plat_afu|map_banks[0].shim|memory_shim|cc.async_shim|b|fifo|af.f|dcfifo|read_crosser|sync[7].u|din_s1          ; 0.150             ;
; afu_top|pg_afu.port_gasket|pr_slot|afu_main|port_afu_instances|ofs_plat_afu|primary_axi|e|cc.cc_mmio|cc|r|fifo|af.f|dcfifo|out_rd_ptr_gray[3]                          ; afu_top|pg_afu.port_gasket|pr_slot|afu_main|port_afu_instances|ofs_plat_afu|primary_axi|e|cc.cc_mmio|cc|r|fifo|af.f|dcfifo|read_crosser|sync[3].u|din_s1                          ; 0.150             ;
; afu_top|pg_afu.port_gasket|pr_slot|afu_main|port_afu_instances|ofs_plat_afu|map_banks[1].shim|memory_shim|cc.async_shim|aw|fifo|af.f|dcfifo|in_wr_ptr_gray[2]          ; afu_top|pg_afu.port_gasket|pr_slot|afu_main|port_afu_instances|ofs_plat_afu|map_banks[1].shim|memory_shim|cc.async_shim|aw|fifo|af.f|dcfifo|write_crosser|sync[2].u|din_s1        ; 0.150             ;
; afu_top|pg_afu.port_gasket|pr_slot|afu_main|port_afu_instances|ofs_plat_afu|primary_axi|e|cc.cc_mmio|cc|w|fifo|af.f|dcfifo|out_rd_ptr_gray[5]                          ; afu_top|pg_afu.port_gasket|pr_slot|afu_main|port_afu_instances|ofs_plat_afu|primary_axi|e|cc.cc_mmio|cc|w|fifo|af.f|dcfifo|read_crosser|sync[5].u|din_s1                          ; 0.150             ;
; afu_top|pg_afu.port_gasket|pr_slot|afu_main|port_afu_instances|ofs_plat_afu|map_banks[1].shim|memory_shim|cc.async_shim|w|fifo|af.f|dcfifo|out_rd_ptr_gray[4]          ; afu_top|pg_afu.port_gasket|pr_slot|afu_main|port_afu_instances|ofs_plat_afu|map_banks[1].shim|memory_shim|cc.async_shim|w|fifo|af.f|dcfifo|read_crosser|sync[4].u|din_s1          ; 0.150             ;
; afu_top|pg_afu.port_gasket|pr_slot|afu_main|port_afu_instances|ofs_plat_afu|primary_axi|e|impl|hc|s.rob|wr_rob|cc.rob|dc_ctrl|rsp_fifo|af.f|dcfifo|out_rd_ptr_gray[3]  ; afu_top|pg_afu.port_gasket|pr_slot|afu_main|port_afu_instances|ofs_plat_afu|primary_axi|e|impl|hc|s.rob|wr_rob|cc.rob|dc_ctrl|rsp_fifo|af.f|dcfifo|read_crosser|sync[3].u|din_s1  ; 0.150             ;
; afu_top|pg_afu.port_gasket|pr_slot|afu_main|port_afu_instances|ofs_plat_afu|map_banks[0].shim|memory_shim|cc.async_shim|ar|fifo|af.f|dcfifo|out_rd_ptr_gray[4]         ; afu_top|pg_afu.port_gasket|pr_slot|afu_main|port_afu_instances|ofs_plat_afu|map_banks[0].shim|memory_shim|cc.async_shim|ar|fifo|af.f|dcfifo|read_crosser|sync[4].u|din_s1         ; 0.150             ;
; afu_top|pg_afu.port_gasket|pr_slot|afu_main|port_afu_instances|ofs_plat_afu|map_banks[0].shim|memory_shim|cc.async_shim|w|fifo|af.f|dcfifo|out_rd_ptr_gray[4]          ; afu_top|pg_afu.port_gasket|pr_slot|afu_main|port_afu_instances|ofs_plat_afu|map_banks[0].shim|memory_shim|cc.async_shim|w|fifo|af.f|dcfifo|read_crosser|sync[4].u|din_s1          ; 0.150             ;
; afu_top|pg_afu.port_gasket|pr_slot|afu_main|port_afu_instances|ofs_plat_afu|map_banks[0].shim|memory_shim|cc.async_shim|aw|fifo|af.f|dcfifo|out_rd_ptr_gray[3]         ; afu_top|pg_afu.port_gasket|pr_slot|afu_main|port_afu_instances|ofs_plat_afu|map_banks[0].shim|memory_shim|cc.async_shim|aw|fifo|af.f|dcfifo|read_crosser|sync[3].u|din_s1         ; 0.150             ;
; afu_top|pg_afu.port_gasket|pr_slot|afu_main|port_afu_instances|ofs_plat_afu|primary_axi|e|impl|hc|s.rob|wr_rob|cc.rob|dc_ctrl|rsp_fifo|af.f|dcfifo|out_rd_ptr_gray[7]  ; afu_top|pg_afu.port_gasket|pr_slot|afu_main|port_afu_instances|ofs_plat_afu|primary_axi|e|impl|hc|s.rob|wr_rob|cc.rob|dc_ctrl|rsp_fifo|af.f|dcfifo|read_crosser|sync[7].u|din_s1  ; 0.150             ;
; afu_top|pg_afu.port_gasket|pr_slot|afu_main|port_afu_instances|ofs_plat_afu|primary_axi|e|impl|hc|s.rob|rd_rob|cc.rob|dc_ctrl|rsp_fifo|af.f|dcfifo|out_rd_ptr_gray[0]  ; afu_top|pg_afu.port_gasket|pr_slot|afu_main|port_afu_instances|ofs_plat_afu|primary_axi|e|impl|hc|s.rob|rd_rob|cc.rob|dc_ctrl|rsp_fifo|af.f|dcfifo|read_crosser|sync[0].u|din_s1  ; 0.150             ;
; afu_top|pg_afu.port_gasket|pr_slot|afu_main|port_afu_instances|ofs_plat_afu|primary_axi|e|impl|hc|s.rob|ar|fifo|af.f|dcfifo|out_rd_ptr_gray[3]                         ; afu_top|pg_afu.port_gasket|pr_slot|afu_main|port_afu_instances|ofs_plat_afu|primary_axi|e|impl|hc|s.rob|ar|fifo|af.f|dcfifo|read_crosser|sync[3].u|din_s1                         ; 0.150             ;
; afu_top|pg_afu.port_gasket|pr_slot|afu_main|port_afu_instances|ofs_plat_afu|map_banks[0].shim|memory_shim|cc.async_shim|aw|fifo|af.f|dcfifo|in_wr_ptr_gray[4]          ; afu_top|pg_afu.port_gasket|pr_slot|afu_main|port_afu_instances|ofs_plat_afu|map_banks[0].shim|memory_shim|cc.async_shim|aw|fifo|af.f|dcfifo|write_crosser|sync[4].u|din_s1        ; 0.150             ;
; afu_top|pg_afu.port_gasket|pr_slot|afu_main|port_afu_instances|ofs_plat_afu|map_banks[0].shim|memory_shim|cc.async_shim|w|fifo|af.f|dcfifo|out_rd_ptr_gray[2]          ; afu_top|pg_afu.port_gasket|pr_slot|afu_main|port_afu_instances|ofs_plat_afu|map_banks[0].shim|memory_shim|cc.async_shim|w|fifo|af.f|dcfifo|read_crosser|sync[2].u|din_s1          ; 0.150             ;
; afu_top|pg_afu.port_gasket|pr_slot|afu_main|port_afu_instances|ofs_plat_afu|map_banks[1].shim|memory_shim|cc.async_shim|ar|fifo|af.f|dcfifo|out_rd_ptr_gray[5]         ; afu_top|pg_afu.port_gasket|pr_slot|afu_main|port_afu_instances|ofs_plat_afu|map_banks[1].shim|memory_shim|cc.async_shim|ar|fifo|af.f|dcfifo|read_crosser|sync[5].u|din_s1         ; 0.150             ;
; afu_top|pg_afu.port_gasket|pr_slot|afu_main|port_afu_instances|ofs_plat_afu|primary_axi|e|impl|hc|s.rob|rd_rob|cc.rob|dc_ctrl|rsp_fifo|af.f|dcfifo|out_rd_ptr_gray[4]  ; afu_top|pg_afu.port_gasket|pr_slot|afu_main|port_afu_instances|ofs_plat_afu|primary_axi|e|impl|hc|s.rob|rd_rob|cc.rob|dc_ctrl|rsp_fifo|af.f|dcfifo|read_crosser|sync[4].u|din_s1  ; 0.150             ;
; afu_top|pg_afu.port_gasket|pr_slot|afu_main|port_afu_instances|ofs_plat_afu|map_banks[1].shim|memory_shim|cc.async_shim|ar|fifo|af.f|dcfifo|in_wr_ptr_gray[1]          ; afu_top|pg_afu.port_gasket|pr_slot|afu_main|port_afu_instances|ofs_plat_afu|map_banks[1].shim|memory_shim|cc.async_shim|ar|fifo|af.f|dcfifo|write_crosser|sync[1].u|din_s1        ; 0.150             ;
; afu_top|pg_afu.port_gasket|pr_slot|afu_main|port_afu_instances|ofs_plat_afu|primary_axi|e|impl|hc|s.rob|w|fifo|af.f|dcfifo|out_rd_ptr_gray[1]                          ; afu_top|pg_afu.port_gasket|pr_slot|afu_main|port_afu_instances|ofs_plat_afu|primary_axi|e|impl|hc|s.rob|w|fifo|af.f|dcfifo|read_crosser|sync[1].u|din_s1                          ; 0.150             ;
+------------------------------------------------------------------------------------------------------------------------------------------------------------------------+-----------------------------------------------------------------------------------------------------------------------------------------------------------------------------------+-------------------+
Note: This table only shows the top 100 path(s) that have the largest delay added for hold.


--------------------------------------
; Global Router Wire Utilization Map ;
--------------------------------------
This report is unavailable in plain text report export.


+-------------------------------------------------------------------------------+
; Peak Wire Demand Summary                                                      ;
+-----------------+-----------+-----------------------------------+-------------+
; Wire            ; Direction ; Grid [(Xmin, Ymin), (Xmax, Ymax)] ; Peak Demand ;
+-----------------+-----------+-----------------------------------+-------------+
; short           ; right     ; [(228, 32), (239, 39)]            ; 35.625 %    ;
; short           ; left      ; [(240, 40), (251, 47)]            ; 35.000 %    ;
; short           ; up        ; [(216, 16), (227, 23)]            ; 71.528 %    ;
; short           ; down      ; [(240, 32), (251, 39)]            ; 61.667 %    ;
; long high speed ; right     ; [(72, 64), (83, 71)]              ; 105.208 %   ;
; long high speed ; left      ; [(12, 0), (23, 7)]                ; 120.000 %   ;
; long high speed ; up        ; [(12, 40), (23, 47)]              ; 158.333 %   ;
; long high speed ; down      ; [(204, 8), (215, 15)]             ; 167.708 %   ;
+-----------------+-----------+-----------------------------------+-------------+


+------------------------------------------------------------------------------------------------------------------------------------------------------------------------------------------------------------------------------------------------------------------------------------------------------------------+
; Peak Wire Demand Details                                                                                                                                                                                                                                                                                         ;
+-----------------+-----------+-----------------------------------+-------------+----------------------------------------------------------------------------------------------------------------------------------------------------------------------------------------------------------------------------------+
; Wire            ; Direction ; Grid [(Xmin, Ymin), (Xmax, Ymax)] ; Peak Demand ; Net Names                                                                                                                                                                                                                        ;
+-----------------+-----------+-----------------------------------+-------------+----------------------------------------------------------------------------------------------------------------------------------------------------------------------------------------------------------------------------------+
; short           ; right     ; [(228, 32), (239, 39)]            ; 35.625 %    ;    High Routing Fan-Out                                                                                                                                                                                                          ;
;     --          ;           ;                                   ;             ; afu_top|pg_afu.port_gasket|pr_slot|afu_main|port_afu_instances|ofs_plat_afu|map_banks[1].shim|memory_shim|cc.async_shim|w|fifo|af.f|dcfifo|in_wr_ptr[0]                                                                          ;
;     --          ;           ;                                   ;             ; afu_top|pg_afu.port_gasket|pr_slot|afu_main|port_afu_instances|ofs_plat_afu|map_banks[1].shim|memory_shim|cc.async_shim|w|fifo|af.f|dcfifo|in_wr_ptr[2]                                                                          ;
;     --          ;           ;                                   ;             ; afu_top|pg_afu.port_gasket|pr_slot|afu_main|port_afu_instances|ofs_plat_afu|map_banks[1].shim|memory_shim|cc.async_shim|w|fifo|af.f|dcfifo|in_wr_ptr[1]                                                                          ;
;     --          ;           ;                                   ;             ; afu_top|pg_afu.port_gasket|pr_slot|afu_main|port_afu_instances|ofs_plat_afu|map_banks[1].shim|memory_shim|cc.async_shim|w|fifo|af.f|dcfifo|in_wr_ptr[3]                                                                          ;
;     --          ;           ;                                   ;             ; afu_top|pg_afu.port_gasket|pr_slot|afu_main|port_afu_instances|ofs_plat_afu|map_banks[1].shim|memory_shim|cc.async_shim|w|fifo|af.f|dcfifo|in_wr_ptr[4]                                                                          ;
;     --          ;           ;                                   ;             ; afu_top|pg_afu.port_gasket|pr_slot|afu_main|port_afu_instances|ofs_plat_afu|map_banks[1].shim|memory_shim|cc.async_shim|w|fifo|af.f|dcfifo|read_reset_sync|ofs_plat_utils_reset_synchronizer_int_chain_out~xsyn                  ;
;     --          ;           ;                                   ;             ; afu_top|pg_afu.port_gasket|pr_slot|afu_main|port_afu_instances|ofs_plat_afu|map_banks[1].shim|memory_shim|cc.async_shim|w|fifo|af.f|dcfifo|next_out_rd_ptr[0]~0                                                                  ;
;     --          ;           ;                                   ;             ; afu_top|pg_afu.port_gasket|pr_slot|afu_main|port_afu_instances|ofs_plat_afu|map_banks[1].shim|memory_shim|cc.async_shim|w|fifo|af.f|dcfifo|i3141~0                                                                               ;
;     --          ;           ;                                   ;             ; afu_top|pg_afu.port_gasket|pr_slot|afu_main|port_afu_instances|ofs_plat_afu|map_banks[1].shim|memory_shim|cc.async_shim|w|fifo|af.f|dcfifo|next_out_rd_ptr[0]~4                                                                  ;
;     --          ;           ;                                   ;             ; afu_top|pg_afu.port_gasket|pr_slot|afu_main|port_afu_instances|ofs_plat_afu|map_banks[1].shim|memory_shim|cc.async_shim|w|fifo|af.f|dcfifo|next_out_rd_ptr[0]~3                                                                  ;
; short           ; right     ; [(228, 32), (239, 39)]            ; 35.625 %    ;    Long Distance                                                                                                                                                                                                                 ;
;     --          ;           ;                                   ;             ; afu_top|pg_afu.port_gasket|pr_slot|afu_main|port_afu_instances|ofs_plat_afu|core|fabric|fabric|fabric|bank_out1|r_channel_pipeline|data1[162]                                                                                    ;
;     --          ;           ;                                   ;             ; afu_top|pg_afu.port_gasket|pr_slot|afu_main|port_afu_instances|ofs_plat_afu|core|fabric|fabric|fabric|bank_out1|r_channel_pipeline|data1[105]                                                                                    ;
;     --          ;           ;                                   ;             ; afu_top|pg_afu.port_gasket|pr_slot|afu_main|port_afu_instances|ofs_plat_afu|core|fabric|fabric|fabric|bank_out1|r_channel_pipeline|data1[397]                                                                                    ;
;     --          ;           ;                                   ;             ; afu_top|pg_afu.port_gasket|pr_slot|afu_main|port_afu_instances|ofs_plat_afu|core|fabric|fabric|fabric|bank_out1|r_channel_pipeline|data1[375]                                                                                    ;
;     --          ;           ;                                   ;             ; afu_top|pg_afu.port_gasket|pr_slot|afu_main|port_afu_instances|ofs_plat_afu|core|fabric|fabric|fabric|bank_out1|r_channel_pipeline|data1[376]                                                                                    ;
;     --          ;           ;                                   ;             ; afu_top|pg_afu.port_gasket|pr_slot|afu_main|port_afu_instances|ofs_plat_afu|core|fabric|fabric|fabric|bank_out1|r_channel_pipeline|data1[370]                                                                                    ;
;     --          ;           ;                                   ;             ; afu_top|pg_afu.port_gasket|pr_slot|afu_main|port_afu_instances|ofs_plat_afu|core|fabric|fabric|fabric|bank_out1|r_channel_pipeline|data1[258]                                                                                    ;
;     --          ;           ;                                   ;             ; afu_top|pg_afu.port_gasket|pr_slot|afu_main|port_afu_instances|ofs_plat_afu|core|fabric|fabric|fabric|bank_out1|r_channel_pipeline|data1[256]                                                                                    ;
;     --          ;           ;                                   ;             ; afu_top|pg_afu.port_gasket|pr_slot|afu_main|port_afu_instances|ofs_plat_afu|core|fabric|fabric|fabric|bank_out1|r_channel_pipeline|data1[260]                                                                                    ;
;     --          ;           ;                                   ;             ; afu_top|pg_afu.port_gasket|pr_slot|afu_main|port_afu_instances|ofs_plat_afu|core|fabric|fabric|fabric|bank_out1|r_channel_pipeline|data1[48]                                                                                     ;
; short           ; left      ; [(240, 40), (251, 47)]            ; 35.000 %    ;    High Routing Fan-Out                                                                                                                                                                                                          ;
;     --          ;           ;                                   ;             ; afu_top|pg_afu.port_gasket|pr_slot|afu_main|port_afu_instances|ofs_plat_afu|core|dma|dma_axi_mm_mux|dest_mem_reg_inst|regs.p[1].w|f|f|data[1][276]~ERTM0                                                                         ;
;     --          ;           ;                                   ;             ; afu_top|pg_afu.port_gasket|pr_slot|afu_main|port_afu_instances|ofs_plat_afu|core|dma|dma_axi_mm_mux|dest_mem_reg_inst|regs.p[1].w|f|f|data[1][572]~ERTM0                                                                         ;
;     --          ;           ;                                   ;             ; afu_top|pg_afu.port_gasket|pr_slot|afu_main|port_afu_instances|ofs_plat_afu|core|dma|dma_axi_mm_mux|dest_mem_reg_inst|regs.p[1].w|f|f|data[1][284]~ERTM0                                                                         ;
;     --          ;           ;                                   ;             ; afu_top|pg_afu.port_gasket|pr_slot|afu_main|port_afu_instances|ofs_plat_afu|core|dma|dma_axi_mm_mux|dest_mem_reg_inst|regs.p[1].w|f|f|data[1][567]~ERTM0                                                                         ;
;     --          ;           ;                                   ;             ; afu_top|pg_afu.port_gasket|pr_slot|afu_main|port_afu_instances|ofs_plat_afu|core|dma|dma_axi_mm_mux|dest_mem_reg_inst|regs.p[1].w|f|f|data[1][289]~ERTM0                                                                         ;
;     --          ;           ;                                   ;             ; afu_top|pg_afu.port_gasket|pr_slot|afu_main|port_afu_instances|ofs_plat_afu|core|dma|dma_axi_mm_mux|dest_mem_reg_inst|regs.p[1].w|f|f|data[1][579]~ERTM0                                                                         ;
;     --          ;           ;                                   ;             ; afu_top|pg_afu.port_gasket|pr_slot|afu_main|port_afu_instances|ofs_plat_afu|core|dma|dma_axi_mm_mux|dest_mem_reg_inst|regs.p[1].w|f|f|data[1][432]~ERTM0                                                                         ;
;     --          ;           ;                                   ;             ; afu_top|pg_afu.port_gasket|pr_slot|afu_main|port_afu_instances|ofs_plat_afu|core|dma|dma_axi_mm_mux|dest_mem_reg_inst|regs.p[1].w|f|f|data[1][431]~ERTM0                                                                         ;
;     --          ;           ;                                   ;             ; afu_top|pg_afu.port_gasket|pr_slot|afu_main|port_afu_instances|ofs_plat_afu|core|dma|dma_axi_mm_mux|dest_mem_reg_inst|regs.p[1].w|f|f|data[1][443]~ERTM0                                                                         ;
;     --          ;           ;                                   ;             ; afu_top|pg_afu.port_gasket|pr_slot|afu_main|port_afu_instances|ofs_plat_afu|core|dma|dma_axi_mm_mux|dest_mem_reg_inst|regs.p[1].w|f|f|data[1][440]~ERTM0                                                                         ;
; short           ; left      ; [(240, 40), (251, 47)]            ; 35.000 %    ;    Long Distance                                                                                                                                                                                                                 ;
;     --          ;           ;                                   ;             ; afu_top|pg_afu.port_gasket|pr_slot|afu_main|port_afu_instances|ofs_plat_afu|core|dma|dma_axi_mm_mux|dest_mem_reg_inst|regs.p[1].w|f|f|data[1][506]~ERTM0                                                                         ;
;     --          ;           ;                                   ;             ; afu_top|pg_afu.port_gasket|pr_slot|afu_main|port_afu_instances|ofs_plat_afu|core|dma|dma_axi_mm_mux|dest_mem_reg_inst|regs.p[1].w|f|f|data[1][501]~ERTM0                                                                         ;
;     --          ;           ;                                   ;             ; afu_top|pg_afu.port_gasket|pr_slot|afu_main|port_afu_instances|ofs_plat_afu|core|dma|dma_axi_mm_mux|dest_mem_reg_inst|regs.p[1].w|f|f|data[1][540]~ERTM0                                                                         ;
;     --          ;           ;                                   ;             ; afu_top|pg_afu.port_gasket|pr_slot|afu_main|port_afu_instances|ofs_plat_afu|core|dma|dma_axi_mm_mux|dest_mem_reg_inst|regs.p[1].w|f|f|data[1][264]~ERTM0                                                                         ;
;     --          ;           ;                                   ;             ; afu_top|pg_afu.port_gasket|pr_slot|afu_main|port_afu_instances|ofs_plat_afu|core|dma|dma_axi_mm_mux|dest_mem_reg_inst|regs.p[1].w|f|f|data[1][463]~ERTM0                                                                         ;
;     --          ;           ;                                   ;             ; afu_top|pg_afu.port_gasket|pr_slot|afu_main|port_afu_instances|ofs_plat_afu|core|dma|dma_axi_mm_mux|dest_mem_reg_inst|regs.p[1].w|f|f|data[1][455]~ERTM0                                                                         ;
;     --          ;           ;                                   ;             ; afu_top|pg_afu.port_gasket|pr_slot|afu_main|port_afu_instances|ofs_plat_afu|core|dma|dma_axi_mm_mux|dest_mem_reg_inst|regs.p[1].w|f|f|data[1][513]~ERTM0                                                                         ;
;     --          ;           ;                                   ;             ; afu_top|pg_afu.port_gasket|pr_slot|afu_main|port_afu_instances|ofs_plat_afu|core|dma|dma_axi_mm_mux|dest_mem_reg_inst|regs.p[1].w|f|f|data[1][515]~ERTM0                                                                         ;
;     --          ;           ;                                   ;             ; afu_top|pg_afu.port_gasket|pr_slot|afu_main|port_afu_instances|ofs_plat_afu|core|dma|dma_axi_mm_mux|dest_mem_reg_inst|regs.p[1].w|f|f|data[1][509]~ERTM0                                                                         ;
;     --          ;           ;                                   ;             ; afu_top|pg_afu.port_gasket|pr_slot|afu_main|port_afu_instances|ofs_plat_afu|core|dma|dma_axi_mm_mux|dest_mem_reg_inst|regs.p[1].w|f|f|data[1][519]~ERTM0                                                                         ;
; short           ; up        ; [(216, 16), (227, 23)]            ; 71.528 %    ;    High Routing Fan-Out                                                                                                                                                                                                          ;
;     --          ;           ;                                   ;             ; afu_top|pg_afu.port_gasket|pr_slot|afu_main|ext_mem_if[1].rdata[306]~IPORT                                                                                                                                                       ;
;     --          ;           ;                                   ;             ; afu_top|pg_afu.port_gasket|pr_slot|afu_main|ext_mem_if[1].rdata[384]~IPORT                                                                                                                                                       ;
;     --          ;           ;                                   ;             ; afu_top|pg_afu.port_gasket|pr_slot|afu_main|ext_mem_if[1].rdata[485]~IPORT                                                                                                                                                       ;
;     --          ;           ;                                   ;             ; afu_top|pg_afu.port_gasket|pr_slot|afu_main|ext_mem_if[1].rdata[80]~IPORT                                                                                                                                                        ;
;     --          ;           ;                                   ;             ; afu_top|pg_afu.port_gasket|pr_slot|afu_main|ext_mem_if[1].rdata[57]~IPORT                                                                                                                                                        ;
;     --          ;           ;                                   ;             ; afu_top|pg_afu.port_gasket|pr_slot|afu_main|ext_mem_if[1].rdata[98]~IPORT                                                                                                                                                        ;
;     --          ;           ;                                   ;             ; afu_top|pg_afu.port_gasket|pr_slot|afu_main|ext_mem_if[1].rdata[364]~IPORT                                                                                                                                                       ;
;     --          ;           ;                                   ;             ; afu_top|pg_afu.port_gasket|pr_slot|afu_main|ext_mem_if[1].rdata[367]~IPORT                                                                                                                                                       ;
;     --          ;           ;                                   ;             ; afu_top|pg_afu.port_gasket|pr_slot|afu_main|ext_mem_if[1].rdata[110]~IPORT                                                                                                                                                       ;
;     --          ;           ;                                   ;             ; afu_top|pg_afu.port_gasket|pr_slot|afu_main|ext_mem_if[1].rdata[113]~IPORT                                                                                                                                                       ;
; short           ; up        ; [(216, 16), (227, 23)]            ; 71.528 %    ;    Long Distance                                                                                                                                                                                                                 ;
;     --          ;           ;                                   ;             ; afu_top|pg_afu.port_gasket|pr_slot|afu_main|port_afu_instances|ofs_plat_afu|map_banks[1].shim|memory_shim|cc.mem_pipe|conn_reg|r|regs.p[1].r|f|f|data[1][84]                                                                     ;
;     --          ;           ;                                   ;             ; afu_top|pg_afu.port_gasket|pr_slot|afu_main|port_afu_instances|ofs_plat_afu|map_banks[1].shim|memory_shim|cc.mem_pipe|conn_reg|r|regs.p[1].r|f|f|data[1][482]                                                                    ;
;     --          ;           ;                                   ;             ; afu_top|pg_afu.port_gasket|pr_slot|afu_main|port_afu_instances|ofs_plat_afu|map_banks[1].shim|memory_shim|cc.mem_pipe|conn_reg|r|regs.p[1].r|f|f|data[0][284]                                                                    ;
;     --          ;           ;                                   ;             ; afu_top|pg_afu.port_gasket|pr_slot|afu_main|port_afu_instances|ofs_plat_afu|map_banks[1].shim|memory_shim|cc.mem_pipe|conn_reg|r|regs.p[1].r|f|f|data[0][283]                                                                    ;
;     --          ;           ;                                   ;             ; afu_top|pg_afu.port_gasket|pr_slot|afu_main|ext_mem_if[1].rdata[478]~IPORT                                                                                                                                                       ;
;     --          ;           ;                                   ;             ; afu_top|pg_afu.port_gasket|pr_slot|afu_main|port_afu_instances|ofs_plat_afu|map_banks[1].shim|memory_shim|cc.mem_pipe|conn_reg|r|regs.p[1].r|f|f|data[0][162]                                                                    ;
;     --          ;           ;                                   ;             ; afu_top|pg_afu.port_gasket|pr_slot|afu_main|ext_mem_if[1].rdata[159]~IPORT                                                                                                                                                       ;
;     --          ;           ;                                   ;             ; afu_top|pg_afu.port_gasket|pr_slot|afu_main|ext_mem_if[1].rdata[278]~IPORT                                                                                                                                                       ;
;     --          ;           ;                                   ;             ; afu_top|pg_afu.port_gasket|pr_slot|afu_main|port_afu_instances|ofs_plat_afu|map_banks[1].shim|memory_shim|cc.mem_pipe|conn_reg|r|regs.p[1].r|f|f|data[0][483]                                                                    ;
;     --          ;           ;                                   ;             ; afu_top|pg_afu.port_gasket|pr_slot|afu_main|ext_mem_if[1].rdata[399]~IPORT                                                                                                                                                       ;
; short           ; down      ; [(240, 32), (251, 39)]            ; 61.667 %    ;    High Routing Fan-Out                                                                                                                                                                                                          ;
;     --          ;           ;                                   ;             ; afu_top|pg_afu.port_gasket|pr_slot|afu_main|port_afu_instances|ofs_plat_afu|map_banks[1].shim|memory_shim|cc.async_shim|w|fifo|af.f|dcfifo|in_wr_ptr[2]                                                                          ;
;     --          ;           ;                                   ;             ; afu_top|pg_afu.port_gasket|pr_slot|afu_main|port_afu_instances|ofs_plat_afu|map_banks[1].shim|memory_shim|cc.async_shim|w|fifo|af.f|dcfifo|in_wr_ptr[0]                                                                          ;
;     --          ;           ;                                   ;             ; afu_top|pg_afu.port_gasket|pr_slot|afu_main|port_afu_instances|ofs_plat_afu|map_banks[1].shim|memory_shim|cc.async_shim|w|fifo|af.f|dcfifo|in_wr_ptr[1]                                                                          ;
;     --          ;           ;                                   ;             ; afu_top|pg_afu.port_gasket|pr_slot|afu_main|port_afu_instances|ofs_plat_afu|map_banks[1].shim|memory_shim|cc.async_shim|w|fifo|af.f|dcfifo|in_wr_ptr[3]                                                                          ;
;     --          ;           ;                                   ;             ; afu_top|pg_afu.port_gasket|pr_slot|afu_main|port_afu_instances|ofs_plat_afu|map_banks[1].shim|memory_shim|cc.async_shim|w|fifo|af.f|dcfifo|in_wr_ptr[4]                                                                          ;
;     --          ;           ;                                   ;             ; afu_top|pg_afu.port_gasket|pr_slot|afu_main|port_afu_instances|ofs_plat_afu|core|fabric|fabric|fabric|bank_out1|r_channel_pipeline|full0                                                                                         ;
;     --          ;           ;                                   ;             ; afu_top|pg_afu.port_gasket|pr_slot|afu_main|port_afu_instances|ofs_plat_afu|core|fabric|fabric|fabric|bank_out0|w_channel_pipeline|i2115~512_ERTM1                                                                               ;
;     --          ;           ;                                   ;             ; afu_top|pg_afu.port_gasket|pr_slot|afu_main|port_afu_instances|ofs_plat_afu|map_banks[0].shim|page_splitter|b.mapper|mem_sink.w.strb[0]~ERTM1                                                                                    ;
;     --          ;           ;                                   ;             ; afu_top|pg_afu.port_gasket|pr_slot|afu_main|port_afu_instances|ofs_plat_afu|core|fabric|fabric|fabric|bank_out0|w_channel_pipeline|data0[10]~ERTM0                                                                               ;
;     --          ;           ;                                   ;             ; afu_top|pg_afu.port_gasket|pr_slot|afu_main|port_afu_instances|ofs_plat_afu|map_banks[1].shim|memory_shim|cc.async_shim|w|reg_out|data_to_dst[533]                                                                               ;
; short           ; down      ; [(240, 32), (251, 39)]            ; 61.667 %    ;    Long Distance                                                                                                                                                                                                                 ;
;     --          ;           ;                                   ;             ; afu_top|pg_afu.port_gasket|pr_slot|afu_main|port_afu_instances|ofs_plat_afu|core|fabric|fabric|fabric|bank_out1|r_channel_pipeline|full0                                                                                         ;
;     --          ;           ;                                   ;             ; afu_top|pg_afu.port_gasket|pr_slot|afu_main|port_afu_instances|ofs_plat_afu|map_banks[1].shim|memory_shim|cc.async_shim|w|fifo|af.f|dcfifo|out_payload[235]                                                                      ;
;     --          ;           ;                                   ;             ; afu_top|pg_afu.port_gasket|pr_slot|afu_main|port_afu_instances|ofs_plat_afu|map_banks[1].shim|page_splitter|b.fixup_wlast|w_reg|data_to_dst[444]~ERTM2                                                                           ;
;     --          ;           ;                                   ;             ; afu_top|pg_afu.port_gasket|pr_slot|afu_main|port_afu_instances|ofs_plat_afu|core|fabric|fabric|fabric|mm_interconnect_1|dma_ddr_in0_m0_agent|wdata_q0[324]~ERTM1                                                                 ;
;     --          ;           ;                                   ;             ; afu_top|pg_afu.port_gasket|pr_slot|afu_main|port_afu_instances|ofs_plat_afu|core|fabric|fabric|fabric|mm_interconnect_1|dma_ddr_in0_m0_agent|wdata_q0[330]~ERTM1                                                                 ;
;     --          ;           ;                                   ;             ; afu_top|pg_afu.port_gasket|pr_slot|afu_main|port_afu_instances|ofs_plat_afu|core|fabric|fabric|fabric|mm_interconnect_1|dma_ddr_in0_m0_agent|wdata_q0[325]~ERTM1                                                                 ;
;     --          ;           ;                                   ;             ; afu_top|pg_afu.port_gasket|pr_slot|afu_main|port_afu_instances|ofs_plat_afu|map_banks[1].shim|memory_shim|cc.async_shim|w|fifo|af.f|dcfifo|out_payload[283]                                                                      ;
;     --          ;           ;                                   ;             ; afu_top|pg_afu.port_gasket|pr_slot|afu_main|port_afu_instances|ofs_plat_afu|core|fabric|fabric|fabric|mm_interconnect_1|dma_ddr_in0_m0_agent|wdata_q0[334]~ERTM1                                                                 ;
;     --          ;           ;                                   ;             ; afu_top|pg_afu.port_gasket|pr_slot|afu_main|port_afu_instances|ofs_plat_afu|map_banks[1].shim|memory_shim|cc.async_shim|w|fifo|af.f|dcfifo|out_payload[241]                                                                      ;
;     --          ;           ;                                   ;             ; afu_top|pg_afu.port_gasket|pr_slot|afu_main|port_afu_instances|ofs_plat_afu|core|fabric|fabric|fabric|mm_interconnect_1|dma_ddr_in0_m0_agent|wdata_q0[333]~ERTM1                                                                 ;
; long high speed ; right     ; [(72, 64), (83, 71)]              ; 105.208 %   ;    High Routing Fan-Out                                                                                                                                                                                                          ;
;     --          ;           ;                                   ;             ; afu_top|st2mm|st2mm_rx_bridge|st2mm_pkt_filter|rx_st_if.tready                                                                                                                                                                   ;
;     --          ;           ;                                   ;             ; afu_top|pg_afu.port_gasket|pr_slot|pr_freeze_fnmx_reg[3]~.comb                                                                                                                                                                   ;
;     --          ;           ;                                   ;             ; pcie_wrapper|PCIE_LINKS[0].ho2mx_rxreq_mux|source.tdata[318]                                                                                                                                                                     ;
;     --          ;           ;                                   ;             ; pcie_wrapper|PCIE_LINKS[0].ho2mx_rxreq_mux|source.tdata[18]                                                                                                                                                                      ;
;     --          ;           ;                                   ;             ; pcie_wrapper|PCIE_LINKS[0].ho2mx_rxreq_mux|source.tdata[285]                                                                                                                                                                     ;
;     --          ;           ;                                   ;             ; pcie_wrapper|PCIE_LINKS[0].ho2mx_rxreq_mux|source.tdata[266]                                                                                                                                                                     ;
;     --          ;           ;                                   ;             ; pcie_wrapper|PCIE_LINKS[0].ho2mx_rxreq_mux|source.tdata[284]                                                                                                                                                                     ;
;     --          ;           ;                                   ;             ; pcie_wrapper|PCIE_LINKS[0].ho2mx_rxreq_mux|source.tdata[13]                                                                                                                                                                      ;
;     --          ;           ;                                   ;             ; pcie_wrapper|PCIE_LINKS[0].ho2mx_rxreq_mux|source.tdata[261]                                                                                                                                                                     ;
;     --          ;           ;                                   ;             ; afu_top|afu_pcie_routing[0].pf_vf_mux_a|mux.m|switch|N_mux[1]|p.out_q|m_tvalid_reg~.comb                                                                                                                                         ;
; long high speed ; right     ; [(72, 64), (83, 71)]              ; 105.208 %   ;    Long Distance                                                                                                                                                                                                                 ;
;     --          ;           ;                                   ;             ; afu_top|pg_afu.port_gasket|pr_slot|pr_freeze_fnmx_reg[3]~.comb                                                                                                                                                                   ;
;     --          ;           ;                                   ;             ; afu_top|afu_pcie_routing[0].pf_vf_mux_a|mux.m|switch|N_mux[1]|p.out_q|m_tdata_reg[168]                                                                                                                                           ;
;     --          ;           ;                                   ;             ; afu_top|afu_pcie_routing[0].pf_vf_mux_a|mux.m|switch|N_mux[1]|p.out_q|m_tdata_reg[167]                                                                                                                                           ;
;     --          ;           ;                                   ;             ; afu_top|st2mm|st2mm_rx_bridge|st2mm_pkt_filter|rx_st_if.tready                                                                                                                                                                   ;
;     --          ;           ;                                   ;             ; afu_top|afu_pcie_routing[0].pf_vf_mux_a|mux.m|switch|N_mux[1]|p.out_q|m_tdata_reg[78]                                                                                                                                            ;
;     --          ;           ;                                   ;             ; afu_top|afu_pcie_routing[0].pf_vf_mux_a|mux.m|switch|N_mux[1]|p.out_q|m_tdata_reg[165]                                                                                                                                           ;
;     --          ;           ;                                   ;             ; afu_top|st2mm|st2mm_rx_bridge|st2mm_pkt_filter|rx_st_q.tdata[453]                                                                                                                                                                ;
;     --          ;           ;                                   ;             ; afu_top|st2mm|st2mm_rx_bridge|st2mm_pkt_filter|rx_st_q.tdata[456]                                                                                                                                                                ;
;     --          ;           ;                                   ;             ; afu_top|st2mm|st2mm_rx_bridge|st2mm_pkt_filter|rx_st_q.tdata[459]                                                                                                                                                                ;
;     --          ;           ;                                   ;             ; afu_top|st2mm|st2mm_rx_bridge|st2mm_pkt_filter|rx_st_q.tdata[462]                                                                                                                                                                ;
; long high speed ; left      ; [(12, 0), (23, 7)]                ; 120.000 %   ;    High Routing Fan-Out                                                                                                                                                                                                          ;
;     --          ;           ;                                   ;             ; pcie_wrapper|pcie_ss.top|host_pcie.pcie_ss|pcie_ss|gen_ptile.u_ptile|intel_pcie_ptile_ast_qhip|p0_cii_workaround_inst|aib_cii_override_din_o[9]                                                                                  ;
;     --          ;           ;                                   ;             ; pcie_wrapper|pcie_ss.top|host_pcie.pcie_ss|pcie_ss|gen_ptile.u_ptile|intel_pcie_ptile_ast_qhip|inst|inst|hip_aib_ch0_pld_adapter_rx_pld_rst_n                                                                                    ;
;     --          ;           ;                                   ;             ; pcie_wrapper|pcie_ss.top|host_pcie.pcie_ss|pcie_ss|gen_ptile.u_ptile|intel_pcie_ptile_ast_qhip|inst|inst|hip_aib_ch0_pld_adapter_tx_pld_rst_n                                                                                    ;
;     --          ;           ;                                   ;             ; pcie_wrapper|pcie_ss.top|host_pcie.pcie_ss|pcie_ss|gen_ptile.u_ptile|intel_pcie_ptile_ast_qhip|p0_cii_workaround_inst|aib_cii_override_din_o[19]                                                                                 ;
;     --          ;           ;                                   ;             ; pcie_wrapper|pcie_ss.top|host_pcie.pcie_ss|pcie_ss|gen_ptile.u_ptile|intel_pcie_ptile_ast_qhip|p0_cii_workaround_inst|aib_cii_override_din_o[16]                                                                                 ;
;     --          ;           ;                                   ;             ; pcie_wrapper|pcie_ss.top|host_pcie.pcie_ss|pcie_ss|gen_ptile.u_ptile|intel_pcie_ptile_ast_qhip|p0_cii_workaround_inst|aib_cii_override_din_o[15]                                                                                 ;
;     --          ;           ;                                   ;             ; pcie_wrapper|pcie_ss.top|host_pcie.pcie_ss|pcie_ss|gen_ptile.u_ptile|intel_pcie_ptile_ast_qhip|p0_cii_workaround_inst|aib_cii_override_din_o[14]                                                                                 ;
;     --          ;           ;                                   ;             ; pcie_wrapper|pcie_ss.top|host_pcie.pcie_ss|pcie_ss|gen_ptile.u_ptile|intel_pcie_ptile_ast_qhip|p0_cii_workaround_inst|aib_cii_override_din_o[13]                                                                                 ;
;     --          ;           ;                                   ;             ; pcie_wrapper|pcie_ss.top|host_pcie.pcie_ss|pcie_ss|gen_ptile.u_ptile|intel_pcie_ptile_ast_qhip|p0_cii_workaround_inst|aib_cii_override_din_o[11]                                                                                 ;
;     --          ;           ;                                   ;             ; pcie_wrapper|pcie_ss.top|host_pcie.pcie_ss|pcie_ss|gen_ptile.u_ptile|intel_pcie_ptile_ast_qhip|p0_cii_workaround_inst|aib_cii_override_en_o                                                                                      ;
; long high speed ; left      ; [(12, 0), (23, 7)]                ; 120.000 %   ;    Long Distance                                                                                                                                                                                                                 ;
;     --          ;           ;                                   ;             ; pcie_wrapper|pcie_ss.top|host_pcie.pcie_ss|pcie_ss|gen_ptile.u_ptile|intel_pcie_ptile_ast_qhip|inst|inst|hip_aib_ch0_pld_adapter_rx_pld_rst_n                                                                                    ;
;     --          ;           ;                                   ;             ; pcie_wrapper|pcie_ss.top|host_pcie.pcie_ss|pcie_ss|gen_ptile.u_ptile|intel_pcie_ptile_ast_qhip|p0_cii_workaround_inst|aib_cii_override_din_o[3]                                                                                  ;
;     --          ;           ;                                   ;             ; pcie_wrapper|pcie_ss.top|host_pcie.pcie_ss|pcie_ss|gen_ptile.u_ptile|intel_pcie_ptile_ast_qhip|p0_cii_workaround_inst|aib_cii_override_en_o                                                                                      ;
;     --          ;           ;                                   ;             ; pcie_wrapper|pcie_ss.top|host_pcie.pcie_ss|pcie_ss|gen_ptile.u_ptile|intel_pcie_ptile_ast_qhip|p0_cii_workaround_inst|aib_cii_override_din_o[15]                                                                                 ;
;     --          ;           ;                                   ;             ; pcie_wrapper|pcie_ss.top|host_pcie.pcie_ss|pcie_ss|gen_ptile.u_ptile|intel_pcie_ptile_ast_qhip|inst|inst|hip_aib_ch0_pld_adapter_tx_pld_rst_n                                                                                    ;
;     --          ;           ;                                   ;             ; pcie_wrapper|pcie_ss.top|host_pcie.pcie_ss|pcie_ss|gen_ptile.u_ptile|intel_pcie_ptile_ast_qhip|p0_cii_workaround_inst|aib_cii_override_din_o[16]                                                                                 ;
;     --          ;           ;                                   ;             ; pcie_wrapper|pcie_ss.top|host_pcie.pcie_ss|pcie_ss|gen_ptile.u_ptile|intel_pcie_ptile_ast_qhip|p0_cii_workaround_inst|aib_cii_override_din_o[19]                                                                                 ;
;     --          ;           ;                                   ;             ; pcie_wrapper|pcie_ss.top|host_pcie.pcie_ss|pcie_ss|gen_ptile.u_ptile|intel_pcie_ptile_ast_qhip|p0_cii_workaround_inst|aib_cii_override_din_o[14]                                                                                 ;
;     --          ;           ;                                   ;             ; pcie_wrapper|pcie_ss.top|host_pcie.pcie_ss|pcie_ss|gen_ptile.u_ptile|intel_pcie_ptile_ast_qhip|p0_cii_workaround_inst|aib_cii_override_din_o[13]                                                                                 ;
;     --          ;           ;                                   ;             ; pcie_wrapper|pcie_ss.top|host_pcie.pcie_ss|pcie_ss|gen_ptile.u_ptile|intel_pcie_ptile_ast_qhip|p0_cii_workaround_inst|aib_cii_override_din_o[11]                                                                                 ;
; long high speed ; up        ; [(12, 40), (23, 47)]              ; 158.333 %   ;    High Routing Fan-Out                                                                                                                                                                                                          ;
;     --          ;           ;                                   ;             ; pcie_wrapper|pcie_ss.top|PCIE_LINK_CONN[0].tx_sb.pipe_tx|tx_cdc|fifo|fifo_rvalid~.comb                                                                                                                                           ;
;     --          ;           ;                                   ;             ; pcie_wrapper|pcie_ss.top|host_pcie.pcie_ss|pcie_ss|EP_PFTILE_WRAPPER.gen_pciess.u_pciess_p0|u_pciess|gen_sub.u_hipif|EP_CFG_IF.u_pciess_cfg_if|u_warm_rst_coreclk_n_sync|dreg[1]                                                 ;
;     --          ;           ;                                   ;             ; pcie_wrapper|pcie_ss.top|host_pcie.pcie_ss|pcie_ss|gen_ptile.u_ptile|intel_pcie_ptile_ast_qhip|soft_logics|rst_ctrl|p0_rst_tree|reset_status_tree[2]                                                                             ;
;     --          ;           ;                                   ;             ; pcie_wrapper|pcie_ss.top|host_pcie.pcie_ss|pcie_ss|gen_ptile.u_ptile|intel_pcie_ptile_ast_qhip|inst|inst|rx_deskew|ch4_rx_data_in_r[69]~DUPLICATE                                                                                ;
;     --          ;           ;                                   ;             ; PCIE_RST_CTRL[0].rst_ctrl|pcie_rst_warm_n                                                                                                                                                                                        ;
;     --          ;           ;                                   ;             ; pcie_wrapper|pcie_ss.top|host_pcie.pcie_ss|pcie_ss|gen_ptile.u_ptile|intel_pcie_ptile_ast_qhip|inst|inst|rx_deskew|i_rst_n_d[0]~.comb                                                                                            ;
;     --          ;           ;                                   ;             ; pcie_wrapper|pcie_ss.top|host_pcie.pcie_ss|pcie_ss|EP_PFTILE_WRAPPER.gen_pciess.u_pciess_p0|u_pciess|u_ninit_done_n_sync|dreg[1]                                                                                                 ;
;     --          ;           ;                                   ;             ; pcie_wrapper|pcie_ss.top|PCIE_LINK_CONN[0].tx_sb.pipe_tx|tx_merge|seg.merge|Select_255~275                                                                                                                                       ;
;     --          ;           ;                                   ;             ; pcie_wrapper|pcie_ss.top|PCIE_LINK_CONN[0].tx_sb.pipe_tx|tx_merge|seg.merge|axi_st_tx_out.tuser_vendor[397]~.comb                                                                                                                ;
;     --          ;           ;                                   ;             ; pcie_wrapper|pcie_ss.top|PCIE_LINK_CONN[0].tx_sb.pipe_tx|tx_merge|seg.merge|Select_255~276                                                                                                                                       ;
; long high speed ; up        ; [(12, 40), (23, 47)]              ; 158.333 %   ;    Long Distance                                                                                                                                                                                                                 ;
;     --          ;           ;                                   ;             ; pcie_wrapper|pcie_ss.top|host_pcie.pcie_ss|pcie_ss|EP_PFTILE_WRAPPER.gen_pciess.u_pciess_p0|u_pciess|gen_sub.u_hipif|EP_CFG_IF.u_pciess_cfg_if|u_ltssm_state_sync|req_rd_clk_d1                                                  ;
;     --          ;           ;                                   ;             ; pcie_wrapper|pcie_ss.top|host_pcie.pcie_ss|pcie_ss|gen_ptile.u_ptile|intel_pcie_ptile_ast_qhip|inst|inst|rx_deskew|u_wrpcie_deskew_0_15_port0|u_wrpcie_deskew|dpchannels[0].tx_aib_deskew_datapipe|o_aib_data_deskewed[61]       ;
;     --          ;           ;                                   ;             ; pcie_wrapper|pcie_ss.top|host_pcie.pcie_ss|pcie_ss|gen_ptile.u_ptile|intel_pcie_ptile_ast_qhip|inst|inst|rx_deskew|u_wrpcie_deskew_0_15_port0|u_wrpcie_deskew|dpchannels[0].tx_aib_deskew_datapipe|o_aib_data_deskewed[67]~.comb ;
;     --          ;           ;                                   ;             ; pcie_wrapper|pcie_ss.top|host_pcie.pcie_ss|pcie_ss|EP_PFTILE_WRAPPER.gen_pciess.u_pciess_p0|u_pciess|gen_sub.u_hipif|EP_CFG_IF.u_pciess_cfg_if|u_pm_state_sync|req_rd_clk_d1                                                     ;
;     --          ;           ;                                   ;             ; pcie_wrapper|pcie_ss.top|host_pcie.pcie_ss|pcie_ss|gen_ptile.u_ptile|intel_pcie_ptile_ast_qhip|inst|inst|rx_deskew|u_wrpcie_deskew_0_15_port0|u_wrpcie_deskew|dpchannels[1].tx_aib_deskew_datapipe|o_aib_data_deskewed[33]       ;
;     --          ;           ;                                   ;             ; pcie_wrapper|pcie_ss.top|host_pcie.pcie_ss|pcie_ss|gen_ptile.u_ptile|intel_pcie_ptile_ast_qhip|inst|inst|rx_deskew|u_wrpcie_deskew_0_15_port0|u_wrpcie_deskew|dpchannels[1].tx_aib_deskew_datapipe|o_aib_data_deskewed[40]       ;
;     --          ;           ;                                   ;             ; pcie_wrapper|pcie_ss.top|host_pcie.pcie_ss|pcie_ss|gen_ptile.u_ptile|intel_pcie_ptile_ast_qhip|inst|inst|rx_deskew|u_wrpcie_deskew_0_15_port0|u_wrpcie_deskew|dpchannels[1].tx_aib_deskew_datapipe|o_aib_data_deskewed[48]~.comb ;
;     --          ;           ;                                   ;             ; pcie_wrapper|pcie_ss.top|host_pcie.pcie_ss|pcie_ss|gen_ptile.u_ptile|intel_pcie_ptile_ast_qhip|inst|inst|rx_deskew|u_wrpcie_deskew_0_15_port0|u_wrpcie_deskew|dpchannels[1].tx_aib_deskew_datapipe|o_aib_data_deskewed[54]~.comb ;
;     --          ;           ;                                   ;             ; pcie_wrapper|pcie_ss.top|host_pcie.pcie_ss|pcie_ss|gen_ptile.u_ptile|intel_pcie_ptile_ast_qhip|inst|inst|rx_deskew|u_wrpcie_deskew_0_15_port0|u_wrpcie_deskew|dpchannels[0].tx_aib_deskew_datapipe|o_aib_data_deskewed[64]       ;
;     --          ;           ;                                   ;             ; pcie_wrapper|pcie_ss.top|host_pcie.pcie_ss|pcie_ss|gen_ptile.u_ptile|intel_pcie_ptile_ast_qhip|inst|inst|rx_deskew|u_wrpcie_deskew_0_15_port0|u_wrpcie_deskew|dpchannels[1].tx_aib_deskew_datapipe|o_aib_data_deskewed[7]~.comb  ;
; long high speed ; down      ; [(204, 8), (215, 15)]             ; 167.708 %   ;    High Routing Fan-Out                                                                                                                                                                                                          ;
;     --          ;           ;                                   ;             ; local_mem_wrapper|mem_ss_top|mem_ss_sv|mem_ss|mem_ss|msa_1|msa_1|msa_adapter|cancel_ap_id[2]                                                                                                                                     ;
;     --          ;           ;                                   ;             ; local_mem_wrapper|mem_ss_top|mem_ss_sv|mem_ss|mem_ss|msa_1|msa_1|msa_adapter|cancel_ap_id[3]                                                                                                                                     ;
;     --          ;           ;                                   ;             ; local_mem_wrapper|mem_ss_top|mem_ss_sv|mem_ss|mem_ss|msa_1|msa_1|msa_adapter|cancel_ap_valid                                                                                                                                     ;
;     --          ;           ;                                   ;             ; local_mem_wrapper|mem_ss_top|mem_ss_sv|mem_ss|mem_ss|msa_1|msa_1|msa_adapter|cmd_fifo_datain_pipe1[17].word_address.bg[0]~DUPLICATE                                                                                              ;
;     --          ;           ;                                   ;             ; local_mem_wrapper|mem_ss_top|mem_ss_sv|mem_ss|mem_ss|msa_1|msa_1|msa_adapter|cmd_fifo_datain_pipe1[17].word_address.ba[1]                                                                                                        ;
;     --          ;           ;                                   ;             ; local_mem_wrapper|mem_ss_top|mem_ss_sv|mem_ss|mem_ss|msa_1|msa_1|msa_adapter|wtid_fifo_read~0                                                                                                                                    ;
;     --          ;           ;                                   ;             ; local_mem_wrapper|mem_ss_top|mem_ss_sv|mem_ss|mem_ss|msa_1|msa_1|msa_adapter|cmd_fifo_datain_pipe1[17].word_address.ba[0]                                                                                                        ;
;     --          ;           ;                                   ;             ; local_mem_wrapper|mem_ss_top|mem_ss_sv|mem_ss|mem_ss|msa_1|msa_1|msa_adapter|gen_write_ack.wr_ack_fifo|dcfifo_component|auto_generated|rdaclr|dffe4a[0]                                                                          ;
;     --          ;           ;                                   ;             ; local_mem_wrapper|mem_ss_top|mem_ss_sv|mem_ss|mem_ss|msa_1|msa_1|msa_adapter|gen_write_ack.wr_ack_fifo|dcfifo_component|auto_generated|rtl~0                                                                                     ;
;     --          ;           ;                                   ;             ; local_mem_wrapper|mem_ss_top|mem_ss_sv|mem_ss|mem_ss|msa_1|msa_1|msa_adapter|cmd_fifo_write_rrr__                                                                                                                                ;
; long high speed ; down      ; [(204, 8), (215, 15)]             ; 167.708 %   ;    Long Distance                                                                                                                                                                                                                 ;
;     --          ;           ;                                   ;             ; local_mem_wrapper|mem_ss_top|mem_ss_sv|mem_ss|mem_ss|msa_1|msa_1|msa_adapter|cmd_fifo_datain_pipe0[0].data[489]~sr_lutram_dout5                                                                                                  ;
;     --          ;           ;                                   ;             ; local_mem_wrapper|mem_ss_top|mem_ss_sv|mem_ss|mem_ss|msa_1|msa_1|msa_adapter|cmd_fifo_datain_pipe0[0].data[185]                                                                                                                  ;
;     --          ;           ;                                   ;             ; local_mem_wrapper|mem_ss_top|mem_ss_sv|mem_ss|mem_ss|msa_1|msa_1|msa_adapter|cmd_fifo_datain_pipe0[0].data[121]                                                                                                                  ;
;     --          ;           ;                                   ;             ; local_mem_wrapper|mem_ss_top|mem_ss_sv|mem_ss|mem_ss|msa_1|msa_1|msa_adapter|cmd_fifo_datain_pipe0[0].data[57]                                                                                                                   ;
;     --          ;           ;                                   ;             ; local_mem_wrapper|mem_ss_top|mem_ss_sv|mem_ss|mem_ss|msa_1|msa_1|msa_adapter|cmd_fifo_datain_pipe0[0].data[504]                                                                                                                  ;
;     --          ;           ;                                   ;             ; local_mem_wrapper|mem_ss_top|mem_ss_sv|mem_ss|mem_ss|msa_1|msa_1|msa_adapter|cmd_fifo_datain_pipe0[0].data[58]                                                                                                                   ;
;     --          ;           ;                                   ;             ; local_mem_wrapper|mem_ss_top|mem_ss_sv|mem_ss|mem_ss|msa_1|msa_1|msa_adapter|cmd_fifo_datain_pipe0[0].data[489]~sr_lutram_dout56                                                                                                 ;
;     --          ;           ;                                   ;             ; local_mem_wrapper|mem_ss_top|mem_ss_sv|mem_ss|mem_ss|msa_1|msa_1|msa_adapter|cmd_fifo_datain_pipe0[0].data[187]                                                                                                                  ;
;     --          ;           ;                                   ;             ; local_mem_wrapper|mem_ss_top|mem_ss_sv|mem_ss|mem_ss|msa_1|msa_1|msa_adapter|cmd_fifo_datain_pipe0[0].data[489]~sr_lutram_dout25                                                                                                 ;
;     --          ;           ;                                   ;             ; local_mem_wrapper|mem_ss_top|mem_ss_sv|mem_ss|mem_ss|msa_1|msa_1|msa_adapter|cmd_fifo_datain_pipe0[0].data[489]~sr_lutram_dout19                                                                                                 ;
+-----------------+-----------+-----------------------------------+-------------+----------------------------------------------------------------------------------------------------------------------------------------------------------------------------------------------------------------------------------+


+--------------------------------------------------------------------------------------------------------------------------------------------------------------------------------------------------------------------------------------------------------------------------------------------------------------+
; Peak Total Grid Crossings                                                                                                                                                                                                                                                                                    ;
+---------------------------------------------------------------------------------------------------------------------------------------------------------------------------------------------------------------------------------------------------------------------------------------+----------------------+
; Net Name                                                                                                                                                                                                                                                                              ; Total Grid Crossings ;
+---------------------------------------------------------------------------------------------------------------------------------------------------------------------------------------------------------------------------------------------------------------------------------------+----------------------+
; ~GND                                                                                                                                                                                                                                                                                  ; 79                   ;
; afu_top|pg_afu.port_gasket|pr_slot|afu_main|port_afu_instances|ofs_plat_afu|join_afu_reset|joined_reset_n                                                                                                                                                                             ; 35                   ;
; afu_top|sr_afu.fim_afu_instances|afu_gen[0].bwbmc_gen.bwbmc_wrapper|bw_840_support|bmc_spi_sub_0|pci_to_bmc_irq_gen|pci_to_bmc_irq_gen|reduce_or_0                                                                                                                                    ; 35                   ;
; afu_top|pg_afu.port_gasket|pr_slot|afu_main|~GND                                                                                                                                                                                                                                      ; 29                   ;
; bwbmc_fpga_max_sclk~input                                                                                                                                                                                                                                                             ; 29                   ;
; bwbmc_fpga_spi_cs~input                                                                                                                                                                                                                                                               ; 29                   ;
; afu_top|sr_afu.fim_afu_instances|afu_gen[0].bwbmc_gen.bwbmc_wrapper|bw_840_support|bmc_spi_sub_0|bmc_spi_to_avmm|bmc_spi_to_avmm|the_spislave_inst_for_spichain|the_SPIPhy|SPIPhy_MISOctl|rdshiftreg[7]                                                                               ; 29                   ;
; afu_top|pg_afu.port_gasket|pr_slot|afu_main|port_afu_instances|ofs_plat_afu|join_afu_reset|joined_reset_n~xsyn                                                                                                                                                                        ; 18                   ;
; afu_top|pg_afu.port_gasket|pr_slot|pr_freeze_fnmx_reg[3]~.comb                                                                                                                                                                                                                        ; 18                   ;
; local_mem_wrapper|mem_ss_top|mem_ss_sv|mem_ss|mem_ss|msa_0|msa_0|msa_adapter|cmd_fifo_write_pipe1_out                                                                                                                                                                                 ; 18                   ;
; afu_top|afu_intf_inst|protocol_checker_csr|mc_csr_slave|csr_rvalid                                                                                                                                                                                                                    ; 17                   ;
; PCIE_RST_CTRL[0].rst_ctrl|rst_clk100m_resync|resync_chains[0].synchronizer_nocut|g_additional_pipeline_on.dup|dup_tree[2][0]~SynDup_5                                                                                                                                                 ; 16                   ;
; pcie_wrapper|pcie_ss.top|host_pcie.pcie_ss|pcie_ss|EP_PFTILE_WRAPPER.gen_pciess.u_pciess_p0|u_pciess|gen_sub.u_hipif|u_pciess_rx_if|u_pciess_rx_alignment|u_warm_rst_coreclk5_n_sync|dreg[1]                                                                                          ; 16                   ;
; local_mem_wrapper|mem_ss_top|mem_ss_sv|mem_ss|mem_ss|msa_0|msa_0|msa_adapter|cmd_fifo|scfifo_component|auto_generated|dpfifo|FIFOram|altera_syncram_impl1|rdaddr_reg[2]                                                                                                               ; 16                   ;
; pcie_wrapper|pcie_ss.top|PCIE_LINK_CONN[0].rx_sb.pipe_rx|rx_sb2ib|i1445                                                                                                                                                                                                               ; 15                   ;
; pcie_wrapper|pcie_ss.top|host_pcie.pcie_ss|pcie_ss|EP_PFTILE_WRAPPER.gen_pciess.u_pciess_p0|u_pciess|u_ss_rst_seq|init_reset_n[0]                                                                                                                                                     ; 15                   ;
; afu_top|st2mm|st2mm_tx_bridge|mmio_rsp_bridge|mmio_rsp_fifo|sfifo|scfifo_inst|auto_generated|dffe_af~DUPLICATE                                                                                                                                                                        ; 15                   ;
; ~GND~P_BUFF                                                                                                                                                                                                                                                                           ; 15                   ;
; afu_top|pg_afu.port_gasket|user_clock|qph_user_clk|reconfig_uclk_reset                                                                                                                                                                                                                ; 15                   ;
; afu_top|apf|mm_interconnect_0|cmd_mux_004|saved_grant[0]                                                                                                                                                                                                                              ; 14                   ;
; afu_top|pg_afu.port_gasket|pr_slot|afu_main|port_afu_instances|ofs_plat_afu|core|fabric|fabric|fabric|rst_controller|alt_rst_sync_uq1|altera_reset_synchronizer_int_chain_out                                                                                                         ; 14                   ;
; pcie_wrapper|pcie_ss.top|host_pcie.pcie_ss|pcie_ss|EP_PFTILE_WRAPPER.gen_pciess.u_pciess_p0|u_pciess|gen_sub.u_hipif|u_pciess_rx_if|u_pciess_rx_alignment|PU_SB_COM.rx_seg_pack_inst|GEN_BLK_512_256_128.GEN_BLK_HIPD_512_256_128_STAGE1.i_pciess_rx_2_seg_stage1|i1116~0             ; 14                   ;
; pcie_wrapper|pcie_ss.top|PCIE_LINK_CONN[0].rx_sb.pipe_rx|rx_sb2ib|conn_sink_skid|r.axis_pl_stage[0].axis_reg_inst|use_reg                                                                                                                                                             ; 14                   ;
; afu_top|pg_afu.port_gasket|pr_slot|pr_freeze_emif_reg[2]                                                                                                                                                                                                                              ; 14                   ;
; local_mem_wrapper|mem_ss_top|mem_ss_sv|mem_ss|mem_ss|msa_0|msa_0|msa_adapter|cmd_fifo|scfifo_component|auto_generated|dpfifo|FIFOram|altera_syncram_impl1|rdaddr_reg[1]                                                                                                               ; 14                   ;
; afu_top|pg_afu.port_gasket|pr_slot|afu_main|port_afu_instances|ofs_plat_afu|core|fabric|fabric|fabric|dma_ddr_in1|r_channel_pipeline|full0                                                                                                                                            ; 13                   ;
; afu_top|pg_afu.port_gasket|user_clock|qph_user_clk|pll.qph_user_clk_rcfg_fsm|error~ERTM0                                                                                                                                                                                              ; 13                   ;
; pcie_wrapper|pcie_ss.top|host_pcie.pcie_ss|pcie_ss|EP_PFTILE_WRAPPER.gen_pciess.u_pciess_p0|u_pciess|gen_sub.u_hipif|u_pciess_rx_if|u_pciess_rx_alignment|PU_SB_COM.rx_seg_pack_inst|GEN_BLK_512_256_128.GEN_BLK_HIPD_512_256_128_STAGE1.i_pciess_rx_2_seg_stage1|s_int[0].valid~0    ; 13                   ;
; pcie_wrapper|pcie_ss.top|host_pcie.pcie_ss|pcie_ss|EP_PFTILE_WRAPPER.gen_pciess.u_pciess_p0|u_pciess|gen_sub.u_hipif|u_pciess_rx_if|u_pciess_rx_alignment|PU_SB_COM.rx_seg_pack_inst|GEN_BLK_512_256_128.GEN_BLK_HIPD_512_256_128_STAGE1.i_pciess_rx_2_seg_stage1|s_int[1].eop~0      ; 13                   ;
; bpf|mm_interconnect_0|bpf_apf_mst_altera_axi4lite_master_agent|wdata_q0[42]                                                                                                                                                                                                           ; 13                   ;
; bpf|mm_interconnect_0|bpf_apf_mst_altera_axi4lite_master_agent|wdata_q0[35]                                                                                                                                                                                                           ; 13                   ;
; bpf|mm_interconnect_0|bpf_apf_mst_altera_axi4lite_master_agent|wdata_q0[40]                                                                                                                                                                                                           ; 13                   ;
; PCIE_RST_CTRL[0].rst_ctrl|rst_clk100m_resync|resync_chains[0].synchronizer_nocut|g_additional_pipeline_on.dup|dup_tree[1][0]~SynDup                                                                                                                                                   ; 13                   ;
; afu_top|apf|mm_interconnect_0|cmd_mux_010|i21~1                                                                                                                                                                                                                                       ; 13                   ;
; afu_top|pg_afu.port_gasket|user_clock|qph_user_clk|cmd_pll_reset                                                                                                                                                                                                                      ; 13                   ;
; local_mem_wrapper|mem_ss_top|mem_ss_sv|mem_ss|mem_ss|msa_1|msa_1|msa_adapter|ddrx_ctrl_reset_sync_reg[19]                                                                                                                                                                             ; 13                   ;
; afu_top|apf|mm_interconnect_0|rsp_mux_003|Select_203~61                                                                                                                                                                                                                               ; 12                   ;
; afu_top|apf|mm_interconnect_0|rsp_mux_003|Select_203~79                                                                                                                                                                                                                               ; 12                   ;
; afu_top|apf|mm_interconnect_0|apf_st2mm_mst_altera_axi4lite_master_agent|wdata_q0[21]                                                                                                                                                                                                 ; 12                   ;
; afu_top|pg_afu.port_gasket|pr_slot|afu_main|port_afu_instances|ofs_plat_afu|core|dma|ddr_selector|reduce_nor_1                                                                                                                                                                        ; 12                   ;
; afu_top|pg_afu.port_gasket|user_clock|qph_user_clk|uclk_rcfg_ctrl_latched.data[2]~ERTM1                                                                                                                                                                                               ; 12                   ;
; afu_top|pg_afu.port_gasket|user_clock|qph_user_clk|uclk_rcfg_ctrl_latched.data[7]~ERTM1                                                                                                                                                                                               ; 12                   ;
; afu_top|pg_afu.port_gasket|user_clock|qph_user_clk|uclk_rcfg_ctrl_latched.data[6]~ERTM1                                                                                                                                                                                               ; 12                   ;
; afu_top|pg_afu.port_gasket|user_clock|qph_user_clk|uclk_rcfg_ctrl_latched.data[5]~ERTM1                                                                                                                                                                                               ; 12                   ;
; afu_top|pg_afu.port_gasket|user_clock|qph_user_clk|uclk_rcfg_ctrl_latched.data[0]~ERTM1                                                                                                                                                                                               ; 12                   ;
; afu_top|pg_afu.port_gasket|user_clock|qph_user_clk|uclk_rcfg_ctrl_latched.data[4]~ERTM1                                                                                                                                                                                               ; 12                   ;
; afu_top|pg_afu.port_gasket|user_clock|qph_user_clk|uclk_rcfg_ctrl_latched.data[3]~ERTM1                                                                                                                                                                                               ; 12                   ;
; afu_top|pg_afu.port_gasket|user_clock|qph_user_clk|uclk_rcfg_ctrl_latched.data[1]~ERTM1                                                                                                                                                                                               ; 12                   ;
; pcie_wrapper|pcie_ss.top|host_pcie.pcie_ss|pcie_ss|EP_PFTILE_WRAPPER.gen_pciess.u_pciess_p0|u_pciess|gen_sub.u_hipif|u_pciess_rx_if|u_pciess_rx_alignment|PU_SB_COM.rx_seg_pack_inst|GEN_BLK_512_256_128.GEN_BLK_HIPD_512_256_128_STAGE1.i_pciess_rx_2_seg_stage1|s_out[1].empty[0]~1 ; 12                   ;
; pcie_wrapper|pcie_ss.top|PCIE_LINK_CONN[0].rx_sb.pipe_rx|rx_cdc|fifo|fifo_rvalid                                                                                                                                                                                                      ; 12                   ;
+---------------------------------------------------------------------------------------------------------------------------------------------------------------------------------------------------------------------------------------------------------------------------------------+----------------------+


--------------------------------------------
; Global Router Congestion Hotspot Summary ;
--------------------------------------------
No congestion hotspots found where global router short wire usage exceeded 100%.
If the design is hard to route, use other techniques to analyze congestion. Refer to the Estimated Delay Added for Hold Timing section in the Fitter report and routing utilization in the Chip Planner.


