CLOCKCOUNT	81
CLOCK	sys_pll|iopll_0_refclk	base	10.000	0.000 5.000 
CLOCK	pcie_wrapper|pcie_ss.top|host_pcie.pcie_ss|pcie_ss|gen_ptile.u_ptile|intel_pcie_ptile_ast_qhip|inst|inst|maib_and_tile|rx_pma_parallel_clk|ch15	base	1.000	0.000 0.500 
CLOCK	local_mem_wrapper|mem_ss_top|mem_ss_sv|mem_ss|mem_ss|emif_1|emif_1_ref_clock	base	30.000	0.000 15.000 
CLOCK	ddr4_mem[1].dqs[0]_IN	base	0.750	0.000 0.375 
CLOCK	ddr4_mem[1].dqs[1]_IN	base	0.750	0.000 0.375 
CLOCK	ddr4_mem[1].dqs[2]_IN	base	0.750	0.000 0.375 
CLOCK	ddr4_mem[1].dqs[3]_IN	base	0.750	0.000 0.375 
CLOCK	ddr4_mem[1].dqs[4]_IN	base	0.750	0.000 0.375 
CLOCK	ddr4_mem[1].dqs[5]_IN	base	0.750	0.000 0.375 
CLOCK	ddr4_mem[1].dqs[6]_IN	base	0.750	0.000 0.375 
CLOCK	ddr4_mem[1].dqs[7]_IN	base	0.750	0.000 0.375 
CLOCK	local_mem_wrapper|mem_ss_top|mem_ss_sv|mem_ss|mem_ss|emif_0|emif_0_ref_clock	base	30.000	0.000 15.000 
CLOCK	ddr4_mem[0].dqs[0]_IN	base	0.750	0.000 0.375 
CLOCK	ddr4_mem[0].dqs[1]_IN	base	0.750	0.000 0.375 
CLOCK	ddr4_mem[0].dqs[2]_IN	base	0.750	0.000 0.375 
CLOCK	ddr4_mem[0].dqs[3]_IN	base	0.750	0.000 0.375 
CLOCK	ddr4_mem[0].dqs[4]_IN	base	0.750	0.000 0.375 
CLOCK	ddr4_mem[0].dqs[5]_IN	base	0.750	0.000 0.375 
CLOCK	ddr4_mem[0].dqs[6]_IN	base	0.750	0.000 0.375 
CLOCK	ddr4_mem[0].dqs[7]_IN	base	0.750	0.000 0.375 
CLOCK	PCIE_REFCLK0	base	10.000	0.000 5.000 
CLOCK	PCIE_REFCLK1	base	10.000	0.000 5.000 
CLOCK	altera_reserved_tck	base	100.000	0.000 50.000 
CLOCK	qsfp_ref_clk	base	6.400	0.000 3.200 
CLOCK	bwbmc_fpga_max_sclk	base	200.000	0.000 100.000 
CLOCK	altera_int_osc_clk	base	4.000	0.000 2.000 
CLOCK	sys_pll|iopll_0_n_cnt_clk	generated	100.000	0.000 50.000 
CLOCK	sys_pll|iopll_0_m_cnt_clk	generated	14100.000	0.000 7050.000 
CLOCK	sys_pll|iopll_0_clk_sys	generated	2.127	0.000 1.063 
CLOCK	sys_pll|iopll_0_clk_100m	generated	9.929	0.000 4.964 
CLOCK	sys_pll|iopll_0_clk_sys_div2	generated	4.255	0.000 2.127 
CLOCK	sys_pll|iopll_0_clk_sys_div4	generated	8.510	0.000 4.255 
CLOCK	afu_top|pg_afu.port_gasket|user_clock|qph_user_clk|pll.qph_user_clk_iopll|iopll_0_n_cnt_clk	generated	20.000	0.000 10.000 
CLOCK	afu_top|pg_afu.port_gasket|user_clock|qph_user_clk|pll.qph_user_clk_iopll|iopll_0_m_cnt_clk	generated	500.000	0.000 250.000 
CLOCK	afu_top|pg_afu.port_gasket|user_clock|qph_user_clk|pll.qph_user_clk_iopll|iopll_0_outclk0	generated	5.000	0.000 2.500 
CLOCK	afu_top|pg_afu.port_gasket|user_clock|qph_user_clk|pll.qph_user_clk_iopll|iopll_0_outclk1	generated	10.000	0.000 5.000 
CLOCK	pcie_wrapper|pcie_ss.top|host_pcie.pcie_ss|pcie_ss|gen_ptile.u_ptile|intel_pcie_ptile_ast_qhip|inst|inst|maib_and_tile|rx_pcs_x2_clk|ch15	generated	2.000	0.000 1.000 
CLOCK	pcie_wrapper|pcie_ss.top|host_pcie.pcie_ss|pcie_ss|gen_ptile.u_ptile|intel_pcie_ptile_ast_qhip|inst|inst|maib_and_tile|xcvr_hip_native|rx_ch15	generated	2.000	0.000 1.000 
CLOCK	local_mem_wrapper|mem_ss_top|mem_ss_sv|mem_ss|mem_ss|emif_1|emif_1_vco_clk	generated	0.750	0.000 0.375 
CLOCK	local_mem_wrapper|mem_ss_top|mem_ss_sv|mem_ss|mem_ss|emif_1|emif_1_vco_clk_1	generated	0.750	0.000 0.375 
CLOCK	local_mem_wrapper|mem_ss_top|mem_ss_sv|mem_ss|mem_ss|emif_1|emif_1_vco_clk_2	generated	0.750	0.000 0.375 
CLOCK	local_mem_wrapper|mem_ss_top|mem_ss_sv|mem_ss|mem_ss|emif_1|emif_1_core_usr_clk	generated	3.000	0.000 1.500 
CLOCK	local_mem_wrapper|mem_ss_top|mem_ss_sv|mem_ss|mem_ss|emif_1|emif_1_phy_clk_0	generated	1.500	0.000 0.750 
CLOCK	local_mem_wrapper|mem_ss_top|mem_ss_sv|mem_ss|mem_ss|emif_1|emif_1_phy_clk_1	generated	1.500	0.000 0.750 
CLOCK	local_mem_wrapper|mem_ss_top|mem_ss_sv|mem_ss|mem_ss|emif_1|emif_1_phy_clk_2	generated	1.500	0.000 0.750 
CLOCK	local_mem_wrapper|mem_ss_top|mem_ss_sv|mem_ss|mem_ss|emif_1|emif_1_phy_clk_l_0	generated	3.000	0.000 1.500 
CLOCK	local_mem_wrapper|mem_ss_top|mem_ss_sv|mem_ss|mem_ss|emif_1|emif_1_phy_clk_l_1	generated	3.000	0.000 1.500 
CLOCK	local_mem_wrapper|mem_ss_top|mem_ss_sv|mem_ss|mem_ss|emif_1|emif_1_phy_clk_l_2	generated	3.000	0.000 1.500 
CLOCK	local_mem_wrapper|mem_ss_top|mem_ss_sv|mem_ss|mem_ss|emif_1|emif_1_wf_clk_0	generated	0.750	0.000 0.375 
CLOCK	local_mem_wrapper|mem_ss_top|mem_ss_sv|mem_ss|mem_ss|emif_1|emif_1_wf_clk_1	generated	0.750	0.000 0.375 
CLOCK	local_mem_wrapper|mem_ss_top|mem_ss_sv|mem_ss|mem_ss|emif_1|emif_1_wf_clk_2	generated	0.750	0.000 0.375 
CLOCK	local_mem_wrapper|mem_ss_top|mem_ss_sv|mem_ss|mem_ss|emif_1|emif_1_wf_clk_3	generated	0.750	0.000 0.375 
CLOCK	local_mem_wrapper|mem_ss_top|mem_ss_sv|mem_ss|mem_ss|emif_1|emif_1_wf_clk_4	generated	0.750	0.000 0.375 
CLOCK	local_mem_wrapper|mem_ss_top|mem_ss_sv|mem_ss|mem_ss|emif_1|emif_1_wf_clk_5	generated	0.750	0.000 0.375 
CLOCK	local_mem_wrapper|mem_ss_top|mem_ss_sv|mem_ss|mem_ss|emif_1|emif_1_wf_clk_6	generated	0.750	0.000 0.375 
CLOCK	local_mem_wrapper|mem_ss_top|mem_ss_sv|mem_ss|mem_ss|emif_1|emif_1_wf_clk_7	generated	0.750	0.000 0.375 
CLOCK	local_mem_wrapper|mem_ss_top|mem_ss_sv|mem_ss|mem_ss|emif_1|emif_1_wf_clk_8	generated	0.750	0.000 0.375 
CLOCK	local_mem_wrapper|mem_ss_top|mem_ss_sv|mem_ss|mem_ss|emif_1|emif_1_wf_clk_9	generated	0.750	0.000 0.375 
CLOCK	local_mem_wrapper|mem_ss_top|mem_ss_sv|mem_ss|mem_ss|emif_1|emif_1_wf_clk_10	generated	0.750	0.000 0.375 
CLOCK	local_mem_wrapper|mem_ss_top|mem_ss_sv|mem_ss|mem_ss|emif_0|emif_0_vco_clk	generated	0.750	0.000 0.375 
CLOCK	local_mem_wrapper|mem_ss_top|mem_ss_sv|mem_ss|mem_ss|emif_0|emif_0_vco_clk_1	generated	0.750	0.000 0.375 
CLOCK	local_mem_wrapper|mem_ss_top|mem_ss_sv|mem_ss|mem_ss|emif_0|emif_0_vco_clk_2	generated	0.750	0.000 0.375 
CLOCK	local_mem_wrapper|mem_ss_top|mem_ss_sv|mem_ss|mem_ss|emif_0|emif_0_core_usr_clk	generated	3.000	0.000 1.500 
CLOCK	local_mem_wrapper|mem_ss_top|mem_ss_sv|mem_ss|mem_ss|emif_0|emif_0_phy_clk_0	generated	1.500	0.000 0.750 
CLOCK	local_mem_wrapper|mem_ss_top|mem_ss_sv|mem_ss|mem_ss|emif_0|emif_0_phy_clk_1	generated	1.500	0.000 0.750 
CLOCK	local_mem_wrapper|mem_ss_top|mem_ss_sv|mem_ss|mem_ss|emif_0|emif_0_phy_clk_2	generated	1.500	0.000 0.750 
CLOCK	local_mem_wrapper|mem_ss_top|mem_ss_sv|mem_ss|mem_ss|emif_0|emif_0_phy_clk_l_0	generated	3.000	0.000 1.500 
CLOCK	local_mem_wrapper|mem_ss_top|mem_ss_sv|mem_ss|mem_ss|emif_0|emif_0_phy_clk_l_1	generated	3.000	0.000 1.500 
CLOCK	local_mem_wrapper|mem_ss_top|mem_ss_sv|mem_ss|mem_ss|emif_0|emif_0_phy_clk_l_2	generated	3.000	0.000 1.500 
CLOCK	local_mem_wrapper|mem_ss_top|mem_ss_sv|mem_ss|mem_ss|emif_0|emif_0_wf_clk_0	generated	0.750	0.000 0.375 
CLOCK	local_mem_wrapper|mem_ss_top|mem_ss_sv|mem_ss|mem_ss|emif_0|emif_0_wf_clk_1	generated	0.750	0.000 0.375 
CLOCK	local_mem_wrapper|mem_ss_top|mem_ss_sv|mem_ss|mem_ss|emif_0|emif_0_wf_clk_2	generated	0.750	0.000 0.375 
CLOCK	local_mem_wrapper|mem_ss_top|mem_ss_sv|mem_ss|mem_ss|emif_0|emif_0_wf_clk_3	generated	0.750	0.000 0.375 
CLOCK	local_mem_wrapper|mem_ss_top|mem_ss_sv|mem_ss|mem_ss|emif_0|emif_0_wf_clk_4	generated	0.750	0.000 0.375 
CLOCK	local_mem_wrapper|mem_ss_top|mem_ss_sv|mem_ss|mem_ss|emif_0|emif_0_wf_clk_5	generated	0.750	0.000 0.375 
CLOCK	local_mem_wrapper|mem_ss_top|mem_ss_sv|mem_ss|mem_ss|emif_0|emif_0_wf_clk_6	generated	0.750	0.000 0.375 
CLOCK	local_mem_wrapper|mem_ss_top|mem_ss_sv|mem_ss|mem_ss|emif_0|emif_0_wf_clk_7	generated	0.750	0.000 0.375 
CLOCK	local_mem_wrapper|mem_ss_top|mem_ss_sv|mem_ss|mem_ss|emif_0|emif_0_wf_clk_8	generated	0.750	0.000 0.375 
CLOCK	local_mem_wrapper|mem_ss_top|mem_ss_sv|mem_ss|mem_ss|emif_0|emif_0_wf_clk_9	generated	0.750	0.000 0.375 
CLOCK	local_mem_wrapper|mem_ss_top|mem_ss_sv|mem_ss|mem_ss|emif_0|emif_0_wf_clk_10	generated	0.750	0.000 0.375 
CLOCK	pcie_wrapper|pcie_ss.top|host_pcie.pcie_ss|pcie_ss|avmm_clock0	generated	19.858	0.000 9.929 
COUNT	all_csr	1139	2048
NODE	all_csr	afu_top|pg_afu.port_gasket|pr_slot|afu_main|port_afu_instances|ofs_plat_afu|core|dma|csr_mgr_inst|dma_csr_map.control.stop_descriptors~.comb	reg	FF_X259_Y65_N1
NODE	all_csr	afu_top|pg_afu.port_gasket|pr_slot|afu_main|port_afu_instances|ofs_plat_afu|core|dma|csr_mgr_inst|dma_csr_map.descriptor.descriptor_control.go~.comb	reg	FF_X258_Y70_N1
NODE	all_csr	afu_top|pg_afu.port_gasket|pr_slot|afu_main|port_afu_instances|ofs_plat_afu|core|dma|csr_mgr_inst|dma_csr_map.descriptor.descriptor_control.mode[0]~.comb	reg	FF_X259_Y65_N7
NODE	all_csr	afu_top|pg_afu.port_gasket|pr_slot|afu_main|port_afu_instances|ofs_plat_afu|core|dma|csr_mgr_inst|dma_csr_map.descriptor.descriptor_control.mode[1]~.comb	reg	FF_X259_Y65_N8
NODE	all_csr	afu_top|pg_afu.port_gasket|pr_slot|afu_main|port_afu_instances|ofs_plat_afu|core|dma|csr_mgr_inst|dma_csr_map.descriptor.dest_addr[34]~.comb	reg	FF_X256_Y68_N26
NODE	all_csr	afu_top|pg_afu.port_gasket|pr_slot|afu_main|port_afu_instances|ofs_plat_afu|core|dma|csr_mgr_inst|dma_csr_map.descriptor.src_addr[34]~.comb	reg	FF_X260_Y68_N25
NODE	all_csr	afu_top|pg_afu.port_gasket|pr_slot|afu_main|port_afu_instances|ofs_plat_afu|core|dma|csr_mgr_inst|mmio64_reg.wvalid	reg	FF_X253_Y74_N1
NODE	all_csr	afu_top|pg_afu.port_gasket|pr_slot|afu_main|port_afu_instances|ofs_plat_afu|core|dma|csr_mgr_inst|mmio64_reg.awvalid	reg	FF_X253_Y74_N4
NODE	all_csr	afu_top|pg_afu.port_gasket|pr_slot|afu_main|port_afu_instances|ofs_plat_afu|core|dma|csr_mgr_inst|dma_csr_map.descriptor.src_addr[1]~.comb	reg	FF_X260_Y67_N16
NODE	all_csr	afu_top|pg_afu.port_gasket|pr_slot|afu_main|port_afu_instances|ofs_plat_afu|core|dma|csr_mgr_inst|dma_csr_map.control.rsvd_31_6[21]~.comb	reg	FF_X260_Y66_N2
NODE	all_csr	afu_top|pg_afu.port_gasket|pr_slot|afu_main|port_afu_instances|ofs_plat_afu|core|dma|csr_mgr_inst|dma_csr_map.control.rsvd_31_6[9]~.comb	reg	FF_X259_Y68_N53
NODE	all_csr	afu_top|pg_afu.port_gasket|pr_slot|afu_main|port_afu_instances|ofs_plat_afu|core|dma|csr_mgr_inst|dma_csr_map.control.rsvd_31_6[10]~.comb	reg	FF_X260_Y66_N5
NODE	all_csr	afu_top|pg_afu.port_gasket|pr_slot|afu_main|port_afu_instances|ofs_plat_afu|core|dma|csr_mgr_inst|dma_csr_map.control.rsvd_31_6[11]~.comb	reg	FF_X260_Y66_N1
NODE	all_csr	afu_top|pg_afu.port_gasket|pr_slot|afu_main|port_afu_instances|ofs_plat_afu|core|dma|csr_mgr_inst|dma_csr_map.control.rsvd_31_6[12]~.comb	reg	FF_X260_Y66_N4
NODE	all_csr	afu_top|pg_afu.port_gasket|pr_slot|afu_main|port_afu_instances|ofs_plat_afu|core|dma|csr_mgr_inst|dma_csr_map.descriptor.dest_addr[4]~.comb	reg	FF_X258_Y69_N4
NODE	all_csr	afu_top|pg_afu.port_gasket|pr_slot|afu_main|port_afu_instances|ofs_plat_afu|core|dma|csr_mgr_inst|dma_csr_map.control.rsvd_31_6[22]~.comb	reg	FF_X259_Y65_N29
NODE	all_csr	afu_top|pg_afu.port_gasket|pr_slot|afu_main|port_afu_instances|ofs_plat_afu|core|dma|csr_mgr_inst|dma_csr_map.control.rsvd_31_6[23]~.comb	reg	FF_X259_Y65_N19
NODE	all_csr	afu_top|pg_afu.port_gasket|pr_slot|afu_main|port_afu_instances|ofs_plat_afu|core|dma|csr_mgr_inst|dma_csr_map.control.rsvd_31_6[13]~.comb	reg	FF_X259_Y66_N10
NODE	all_csr	afu_top|pg_afu.port_gasket|pr_slot|afu_main|port_afu_instances|ofs_plat_afu|core|dma|csr_mgr_inst|dma_csr_map.control.rsvd_31_6[14]~.comb	reg	FF_X259_Y66_N2
NODE	all_csr	afu_top|pg_afu.port_gasket|pr_slot|afu_main|port_afu_instances|ofs_plat_afu|core|dma|csr_mgr_inst|dma_csr_map.control.rsvd_31_6[15]~.comb	reg	FF_X260_Y66_N10
NODE	all_csr	afu_top|pg_afu.port_gasket|pr_slot|afu_main|port_afu_instances|ofs_plat_afu|core|dma|csr_mgr_inst|dma_csr_map.descriptor.dest_addr[3]~.comb	reg	FF_X258_Y68_N2
NODE	all_csr	afu_top|pg_afu.port_gasket|pr_slot|afu_main|port_afu_instances|ofs_plat_afu|core|dma|csr_mgr_inst|dma_csr_map.control.rsvd_31_6[24]~.comb	reg	FF_X259_Y68_N49
NODE	all_csr	afu_top|pg_afu.port_gasket|pr_slot|afu_main|port_afu_instances|ofs_plat_afu|core|dma|csr_mgr_inst|dma_csr_map.control.rsvd_31_6[25]~.comb	reg	FF_X259_Y68_N50
NODE	all_csr	afu_top|pg_afu.port_gasket|pr_slot|afu_main|port_afu_instances|ofs_plat_afu|core|dma|csr_mgr_inst|dma_csr_map.control.rsvd_31_6[17]~.comb	reg	FF_X259_Y68_N10
NODE	all_csr	afu_top|pg_afu.port_gasket|pr_slot|afu_main|port_afu_instances|ofs_plat_afu|core|dma|csr_mgr_inst|src_fresh~.comb	reg	FF_X258_Y70_N8
NODE	all_csr	afu_top|pg_afu.port_gasket|pr_slot|afu_main|port_afu_instances|ofs_plat_afu|core|dma|csr_mgr_inst|dest_fresh~.comb	reg	FF_X258_Y70_N14
NODE	all_csr	afu_top|pg_afu.port_gasket|pr_slot|afu_main|port_afu_instances|ofs_plat_afu|core|dma|csr_mgr_inst|dma_csr_map.descriptor.dest_addr[1]~.comb	reg	FF_X258_Y69_N7
NODE	all_csr	afu_top|pg_afu.port_gasket|pr_slot|afu_main|port_afu_instances|ofs_plat_afu|core|dma|csr_mgr_inst|length_fresh~.comb	reg	FF_X258_Y70_N19
NODE	all_csr	afu_top|pg_afu.port_gasket|pr_slot|afu_main|port_afu_instances|ofs_plat_afu|core|dma|csr_mgr_inst|dma_csr_map.descriptor.length[17]~.comb	reg	FF_X260_Y65_N14
NODE	all_csr	afu_top|pg_afu.port_gasket|pr_slot|afu_main|port_afu_instances|ofs_plat_afu|core|dma|csr_mgr_inst|dma_csr_map.control.rsvd_3~.comb	reg	FF_X258_Y69_N13
NODE	all_csr	afu_top|pg_afu.port_gasket|pr_slot|afu_main|port_afu_instances|ofs_plat_afu|core|dma|csr_mgr_inst|dma_csr_map.control.rsvd_31_6[5]~.comb	reg	FF_X258_Y69_N26
NODE	all_csr	afu_top|pg_afu.port_gasket|pr_slot|afu_main|port_afu_instances|ofs_plat_afu|core|dma|csr_mgr_inst|dma_csr_map.descriptor.src_addr[52]~.comb	reg	FF_X258_Y67_N14
NODE	all_csr	afu_top|pg_afu.port_gasket|pr_slot|afu_main|port_afu_instances|ofs_plat_afu|core|dma|csr_mgr_inst|dma_csr_map.descriptor.src_addr[2]~.comb	reg	FF_X261_Y69_N19
NODE	all_csr	afu_top|pg_afu.port_gasket|pr_slot|afu_main|port_afu_instances|ofs_plat_afu|core|dma|csr_mgr_inst|dma_csr_map.descriptor.dest_addr[2]~.comb	reg	FF_X258_Y67_N2
NODE	all_csr	afu_top|pg_afu.port_gasket|pr_slot|afu_main|port_afu_instances|ofs_plat_afu|core|dma|csr_mgr_inst|dma_csr_map.control.rsvd_4~.comb	reg	FF_X258_Y69_N22
NODE	all_csr	afu_top|pg_afu.port_gasket|pr_slot|afu_main|port_afu_instances|ofs_plat_afu|core|dma|csr_mgr_inst|dma_csr_map.descriptor.src_addr[3]~.comb	reg	FF_X261_Y69_N10
NODE	all_csr	afu_top|pg_afu.port_gasket|pr_slot|afu_main|port_afu_instances|ofs_plat_afu|core|dma|csr_mgr_inst|dma_csr_map.descriptor.dest_addr[0]~.comb	reg	FF_X258_Y68_N8
NODE	all_csr	afu_top|pg_afu.port_gasket|pr_slot|afu_main|port_afu_instances|ofs_plat_afu|core|dma|csr_mgr_inst|dma_csr_map.control.stop_dispatcher~.comb	reg	FF_X258_Y66_N1
NODE	all_csr	afu_top|pg_afu.port_gasket|pr_slot|afu_main|port_afu_instances|ofs_plat_afu|core|dma|csr_mgr_inst|dma_csr_map.control.reset_dispatcher~.comb	reg	FF_X260_Y66_N8
NODE	all_csr	afu_top|pg_afu.port_gasket|pr_slot|afu_main|port_afu_instances|ofs_plat_afu|core|dma|csr_mgr_inst|dma_csr_map.control.stop_on_error~.comb	reg	FF_X258_Y66_N4
NODE	all_csr	afu_top|pg_afu.port_gasket|pr_slot|afu_main|port_afu_instances|ofs_plat_afu|core|dma|csr_mgr_inst|dma_csr_map.control.rsvd_31_6[3]~.comb	reg	FF_X259_Y66_N43
NODE	all_csr	afu_top|pg_afu.port_gasket|pr_slot|afu_main|port_afu_instances|ofs_plat_afu|core|dma|csr_mgr_inst|dma_csr_map.control.rsvd_31_6[0]~.comb	reg	FF_X259_Y68_N4
NODE	all_csr	afu_top|pg_afu.port_gasket|pr_slot|afu_main|port_afu_instances|ofs_plat_afu|core|dma|csr_mgr_inst|dma_csr_map.descriptor.src_addr[36]~.comb	reg	FF_X260_Y68_N32
NODE	all_csr	afu_top|pg_afu.port_gasket|pr_slot|afu_main|port_afu_instances|ofs_plat_afu|core|dma|csr_mgr_inst|dma_csr_map.descriptor.dest_addr[5]~.comb	reg	FF_X258_Y68_N5
NODE	all_csr	afu_top|pg_afu.port_gasket|pr_slot|afu_main|port_afu_instances|ofs_plat_afu|core|dma|csr_mgr_inst|dma_csr_map.control.rsvd_31_6[19]~.comb	reg	FF_X259_Y65_N13
NODE	all_csr	afu_top|pg_afu.port_gasket|pr_slot|afu_main|port_afu_instances|ofs_plat_afu|core|dma|csr_mgr_inst|dma_csr_map.control.rsvd_31_6[20]~.comb	reg	FF_X259_Y65_N17
NODE	all_csr	afu_top|pg_afu.port_gasket|pr_slot|afu_main|port_afu_instances|ofs_plat_afu|core|dma|csr_mgr_inst|dma_csr_map.control.rsvd_31_6[7]~.comb	reg	FF_X259_Y68_N1
NODE	all_csr	afu_top|pg_afu.port_gasket|pr_slot|afu_main|port_afu_instances|ofs_plat_afu|core|dma|csr_mgr_inst|dma_csr_map.control.rsvd_31_6[8]~.comb	reg	FF_X259_Y66_N7
NODE	all_csr	afu_top|pg_afu.port_gasket|pr_slot|afu_main|port_afu_instances|ofs_plat_afu|core|dma|csr_mgr_inst|dma_csr_map.descriptor.src_addr[0]~.comb	reg	FF_X260_Y67_N40
NODE	all_csr	afu_top|pg_afu.port_gasket|pr_slot|afu_main|port_afu_instances|ofs_plat_afu|core|dma|csr_mgr_inst|dma_csr_map.descriptor.src_addr[5]~.comb	reg	FF_X260_Y65_N10
NODE	all_csr	afu_top|pg_afu.port_gasket|pr_slot|afu_main|port_afu_instances|ofs_plat_afu|core|dma|csr_mgr_inst|dma_csr_map.control.rsvd_31_6[18]~.comb	reg	FF_X259_Y65_N4
NODE	all_csr	afu_top|pg_afu.port_gasket|pr_slot|afu_main|port_afu_instances|ofs_plat_afu|core|dma|csr_mgr_inst|dma_csr_map.control.rsvd_31_6[2]~.comb	reg	FF_X260_Y66_N14
NODE	all_csr	afu_top|pg_afu.port_gasket|pr_slot|afu_main|port_afu_instances|ofs_plat_afu|core|dma|csr_mgr_inst|dma_csr_map.control.rsvd_31_6[1]~.comb	reg	FF_X259_Y65_N16
NODE	all_csr	afu_top|pg_afu.port_gasket|pr_slot|afu_main|port_afu_instances|ofs_plat_afu|core|dma|csr_mgr_inst|dma_csr_map.descriptor.src_addr[4]~.comb	reg	FF_X260_Y68_N46
NODE	all_csr	afu_top|pg_afu.port_gasket|pr_slot|afu_main|port_afu_instances|ofs_plat_afu|core|dma|csr_mgr_inst|dma_csr_map.descriptor.length[18]~.comb	reg	FF_X259_Y66_N20
NODE	all_csr	afu_top|pg_afu.port_gasket|pr_slot|afu_main|port_afu_instances|ofs_plat_afu|core|dma|csr_mgr_inst|dma_csr_map.descriptor.length[19]~.comb	reg	FF_X259_Y66_N16
NODE	all_csr	afu_top|pg_afu.port_gasket|pr_slot|afu_main|port_afu_instances|ofs_plat_afu|core|dma|csr_mgr_inst|dma_csr_map.control.rsvd_31_6[16]~.comb	reg	FF_X259_Y68_N8
NODE	all_csr	afu_top|pg_afu.port_gasket|pr_slot|afu_main|port_afu_instances|ofs_plat_afu|core|dma|csr_mgr_inst|dma_csr_map.control.rsvd_31_6[6]~.comb	reg	FF_X259_Y66_N4
NODE	all_csr	afu_top|pg_afu.port_gasket|pr_slot|afu_main|port_afu_instances|ofs_plat_afu|core|dma|csr_mgr_inst|dma_csr_map.control.rsvd_31_6[4]~.comb	reg	FF_X259_Y68_N52
NODE	all_csr	afu_top|pg_afu.port_gasket|pr_slot|afu_main|port_afu_instances|ofs_plat_afu|core|dma|csr_mgr_inst|dst_last_q[45]~.comb	reg	FF_X255_Y67_N7
NODE	all_csr	afu_top|pg_afu.port_gasket|pr_slot|afu_main|port_afu_instances|ofs_plat_afu|core|dma|csr_mgr_inst|dma_csr_map.descriptor.dest_addr[54]~.comb	reg	FF_X256_Y67_N40
NODE	all_csr	afu_top|pg_afu.port_gasket|pr_slot|afu_main|port_afu_instances|ofs_plat_afu|core|dma|csr_mgr_inst|dma_csr_map.descriptor.src_addr[37]~.comb	reg	FF_X260_Y68_N35
NODE	all_csr	afu_top|pg_afu.port_gasket|pr_slot|afu_main|port_afu_instances|ofs_plat_afu|core|dma|csr_mgr_inst|dma_csr_map.descriptor.dest_addr[37]~.comb	reg	FF_X256_Y68_N16
NODE	all_csr	afu_top|pg_afu.port_gasket|pr_slot|afu_main|port_afu_instances|ofs_plat_afu|core|dma|csr_mgr_inst|dma_csr_map.descriptor.dest_addr[44]~.comb	reg	FF_X256_Y68_N56
NODE	all_csr	afu_top|pg_afu.port_gasket|pr_slot|afu_main|port_afu_instances|ofs_plat_afu|core|dma|csr_mgr_inst|dma_csr_map.descriptor.dest_addr[53]~.comb	reg	FF_X256_Y67_N22
NODE	all_csr	afu_top|pg_afu.port_gasket|pr_slot|afu_main|port_afu_instances|ofs_plat_afu|core|dma|csr_mgr_inst|dma_csr_map.descriptor.dest_addr[36]~.comb	reg	FF_X255_Y69_N2
NODE	all_csr	afu_top|pg_afu.port_gasket|pr_slot|afu_main|port_afu_instances|ofs_plat_afu|core|dma|csr_mgr_inst|dst_last_q[43]~.comb	reg	FF_X255_Y67_N1
NODE	all_csr	afu_top|pg_afu.port_gasket|pr_slot|afu_main|port_afu_instances|ofs_plat_afu|core|dma|csr_mgr_inst|dma_csr_map.descriptor.dest_addr[43]~.comb	reg	FF_X256_Y68_N52
NODE	all_csr	afu_top|pg_afu.port_gasket|pr_slot|afu_main|port_afu_instances|ofs_plat_afu|core|dma|csr_mgr_inst|dma_csr_map.descriptor.dest_addr[52]~.comb	reg	FF_X256_Y67_N19
NODE	all_csr	afu_top|pg_afu.port_gasket|pr_slot|afu_main|port_afu_instances|ofs_plat_afu|core|dma|csr_mgr_inst|dst_last_q[36]~.comb	reg	FF_X255_Y68_N41
NODE	all_csr	afu_top|pg_afu.port_gasket|pr_slot|afu_main|port_afu_instances|ofs_plat_afu|core|dma|csr_mgr_inst|dst_last_q[42]~.comb	reg	FF_X255_Y68_N58
NODE	all_csr	afu_top|pg_afu.port_gasket|pr_slot|afu_main|port_afu_instances|ofs_plat_afu|core|dma|csr_mgr_inst|dma_csr_map.descriptor.dest_addr[42]~.comb	reg	FF_X256_Y68_N50
NODE	all_csr	afu_top|pg_afu.port_gasket|pr_slot|afu_main|port_afu_instances|ofs_plat_afu|core|dma|csr_mgr_inst|dma_csr_map.descriptor.dest_addr[50]~.comb	reg	FF_X256_Y67_N13
NODE	all_csr	afu_top|pg_afu.port_gasket|pr_slot|afu_main|port_afu_instances|ofs_plat_afu|core|dma|csr_mgr_inst|dst_last_q[35]~.comb	reg	FF_X255_Y68_N37
NODE	all_csr	afu_top|pg_afu.port_gasket|pr_slot|afu_main|port_afu_instances|ofs_plat_afu|core|dma|csr_mgr_inst|dst_last_q[41]~.comb	reg	FF_X255_Y68_N56
NODE	all_csr	afu_top|pg_afu.port_gasket|pr_slot|afu_main|port_afu_instances|ofs_plat_afu|core|dma|csr_mgr_inst|dma_csr_map.descriptor.dest_addr[41]~.comb	reg	FF_X256_Y68_N46
NODE	all_csr	afu_top|pg_afu.port_gasket|pr_slot|afu_main|port_afu_instances|ofs_plat_afu|core|dma|csr_mgr_inst|dst_last_q[51]~.comb	reg	FF_X255_Y67_N25
NODE	all_csr	afu_top|pg_afu.port_gasket|pr_slot|afu_main|port_afu_instances|ofs_plat_afu|core|dma|csr_mgr_inst|dma_csr_map.descriptor.dest_addr[35]~.comb	reg	FF_X256_Y68_N29
NODE	all_csr	afu_top|pg_afu.port_gasket|pr_slot|afu_main|port_afu_instances|ofs_plat_afu|core|dma|csr_mgr_inst|dst_last_q[40]~.comb	reg	FF_X255_Y68_N53
NODE	all_csr	afu_top|pg_afu.port_gasket|pr_slot|afu_main|port_afu_instances|ofs_plat_afu|core|dma|csr_mgr_inst|dma_csr_map.descriptor.dest_addr[40]~.comb	reg	FF_X256_Y68_N44
NODE	all_csr	afu_top|pg_afu.port_gasket|pr_slot|afu_main|port_afu_instances|ofs_plat_afu|core|dma|csr_mgr_inst|dma_csr_map.descriptor.dest_addr[46]~.comb	reg	FF_X256_Y67_N2
NODE	all_csr	afu_top|pg_afu.port_gasket|pr_slot|afu_main|port_afu_instances|ofs_plat_afu|core|dma|csr_mgr_inst|dma_csr_map.descriptor.src_addr[38]~.comb	reg	FF_X260_Y68_N37
NODE	all_csr	afu_top|pg_afu.port_gasket|pr_slot|afu_main|port_afu_instances|ofs_plat_afu|core|dma|csr_mgr_inst|dst_last_q[47]~.comb	reg	FF_X255_Y67_N14
NODE	all_csr	afu_top|pg_afu.port_gasket|pr_slot|afu_main|port_afu_instances|ofs_plat_afu|core|dma|csr_mgr_inst|src_last_q[53]~.comb	reg	FF_X261_Y67_N31
NODE	all_csr	afu_top|pg_afu.port_gasket|pr_slot|afu_main|port_afu_instances|ofs_plat_afu|core|dma|csr_mgr_inst|src_last_q[54]~.comb	reg	FF_X261_Y67_N35
NODE	all_csr	afu_top|pg_afu.port_gasket|pr_slot|afu_main|port_afu_instances|ofs_plat_afu|core|dma|csr_mgr_inst|dst_last_q[49]~.comb	reg	FF_X255_Y67_N19
NODE	all_csr	afu_top|pg_afu.port_gasket|pr_slot|afu_main|port_afu_instances|ofs_plat_afu|core|dma|csr_mgr_inst|dst_last_q[54]~.comb	reg	FF_X255_Y67_N34
NODE	all_csr	afu_top|pg_afu.port_gasket|pr_slot|afu_main|port_afu_instances|ofs_plat_afu|core|dma|csr_mgr_inst|src_last_q[55]~.comb	reg	FF_X261_Y67_N37
NODE	all_csr	afu_top|pg_afu.port_gasket|pr_slot|afu_main|port_afu_instances|ofs_plat_afu|core|dma|csr_mgr_inst|dma_csr_map.descriptor.dest_addr[56]~.comb	reg	FF_X256_Y67_N10
NODE	all_csr	afu_top|pg_afu.port_gasket|pr_slot|afu_main|port_afu_instances|ofs_plat_afu|core|dma|csr_mgr_inst|dma_csr_map.descriptor.dest_addr[38]~.comb	reg	FF_X256_Y68_N37
NODE	all_csr	afu_top|pg_afu.port_gasket|pr_slot|afu_main|port_afu_instances|ofs_plat_afu|core|dma|csr_mgr_inst|src_last_q[47]~.comb	reg	FF_X261_Y67_N13
NODE	all_csr	afu_top|pg_afu.port_gasket|pr_slot|afu_main|port_afu_instances|ofs_plat_afu|core|dma|csr_mgr_inst|src_last_q[48]~.comb	reg	FF_X261_Y67_N17
NODE	all_csr	afu_top|pg_afu.port_gasket|pr_slot|afu_main|port_afu_instances|ofs_plat_afu|core|dma|csr_mgr_inst|dst_last_q[56]~.comb	reg	FF_X255_Y67_N40
NODE	all_csr	afu_top|pg_afu.port_gasket|pr_slot|afu_main|port_afu_instances|ofs_plat_afu|core|dma|csr_mgr_inst|src_last_q[38]~.comb	reg	FF_X261_Y68_N46
NODE	all_csr	afu_top|pg_afu.port_gasket|pr_slot|afu_main|port_afu_instances|ofs_plat_afu|core|dma|csr_mgr_inst|src_last_q[45]~.comb	reg	FF_X261_Y67_N8
NODE	all_csr	afu_top|pg_afu.port_gasket|pr_slot|afu_main|port_afu_instances|ofs_plat_afu|core|dma|csr_mgr_inst|src_last_q[46]~.comb	reg	FF_X261_Y67_N10
NODE	all_csr	afu_top|pg_afu.port_gasket|pr_slot|afu_main|port_afu_instances|ofs_plat_afu|core|dma|csr_mgr_inst|dst_last_q[55]~.comb	reg	FF_X255_Y67_N37
NODE	all_csr	afu_top|pg_afu.port_gasket|pr_slot|afu_main|port_afu_instances|ofs_plat_afu|core|dma|csr_mgr_inst|dst_last_q[39]~.comb	reg	FF_X255_Y68_N50
NODE	all_csr	afu_top|pg_afu.port_gasket|pr_slot|afu_main|port_afu_instances|ofs_plat_afu|core|dma|csr_mgr_inst|src_last_q[43]~.comb	reg	FF_X261_Y67_N2
NODE	all_csr	afu_top|pg_afu.port_gasket|pr_slot|afu_main|port_afu_instances|ofs_plat_afu|core|dma|csr_mgr_inst|src_last_q[44]~.comb	reg	FF_X261_Y67_N5
NODE	all_csr	afu_top|pg_afu.port_gasket|pr_slot|afu_main|port_afu_instances|ofs_plat_afu|core|dma|csr_mgr_inst|dst_last_q[53]~.comb	reg	FF_X255_Y67_N31
NODE	all_csr	afu_top|pg_afu.port_gasket|pr_slot|afu_main|port_afu_instances|ofs_plat_afu|core|dma|csr_mgr_inst|src_last_q[41]~.comb	reg	FF_X261_Y68_N56
NODE	all_csr	afu_top|pg_afu.port_gasket|pr_slot|afu_main|port_afu_instances|ofs_plat_afu|core|dma|csr_mgr_inst|src_last_q[42]~.comb	reg	FF_X261_Y68_N58
NODE	all_csr	afu_top|pg_afu.port_gasket|pr_slot|afu_main|port_afu_instances|ofs_plat_afu|core|dma|csr_mgr_inst|dma_csr_map.descriptor.dest_addr[48]~.comb	reg	FF_X256_Y67_N8
NODE	all_csr	afu_top|pg_afu.port_gasket|pr_slot|afu_main|port_afu_instances|ofs_plat_afu|core|dma|csr_mgr_inst|dma_csr_map.descriptor.dest_addr[51]~.comb	reg	FF_X256_Y67_N17
NODE	all_csr	afu_top|pg_afu.port_gasket|pr_slot|afu_main|port_afu_instances|ofs_plat_afu|core|dma|csr_mgr_inst|dst_last_q[37]~.comb	reg	FF_X255_Y68_N43
NODE	all_csr	afu_top|pg_afu.port_gasket|pr_slot|afu_main|port_afu_instances|ofs_plat_afu|core|dma|csr_mgr_inst|dst_last_q[38]~.comb	reg	FF_X255_Y68_N47
NODE	all_csr	afu_top|pg_afu.port_gasket|pr_slot|afu_main|port_afu_instances|ofs_plat_afu|core|dma|csr_mgr_inst|dma_csr_map.descriptor.src_addr[45]~.comb	reg	FF_X260_Y68_N59
NODE	all_csr	afu_top|pg_afu.port_gasket|pr_slot|afu_main|port_afu_instances|ofs_plat_afu|core|dma|csr_mgr_inst|dma_csr_map.descriptor.src_addr[47]~.comb	reg	FF_X260_Y67_N4
NODE	all_csr	afu_top|pg_afu.port_gasket|pr_slot|afu_main|port_afu_instances|ofs_plat_afu|core|dma|csr_mgr_inst|dma_csr_map.descriptor.dest_addr[47]~.comb	reg	FF_X256_Y67_N4
NODE	all_csr	afu_top|pg_afu.port_gasket|pr_slot|afu_main|port_afu_instances|ofs_plat_afu|core|dma|csr_mgr_inst|dma_csr_map.descriptor.src_addr[53]~.comb	reg	FF_X260_Y67_N11
NODE	all_csr	afu_top|pg_afu.port_gasket|pr_slot|afu_main|port_afu_instances|ofs_plat_afu|core|dma|csr_mgr_inst|dma_csr_map.descriptor.src_addr[55]~.comb	reg	FF_X260_Y67_N29
NODE	all_csr	afu_top|pg_afu.port_gasket|pr_slot|afu_main|port_afu_instances|ofs_plat_afu|core|dma|csr_mgr_inst|dma_csr_map.descriptor.dest_addr[55]~.comb	reg	FF_X256_Y67_N29
NODE	all_csr	afu_top|pg_afu.port_gasket|pr_slot|afu_main|port_afu_instances|ofs_plat_afu|core|dma|csr_mgr_inst|dma_csr_map.descriptor.src_addr[41]~.comb	reg	FF_X261_Y69_N17
NODE	all_csr	afu_top|pg_afu.port_gasket|pr_slot|afu_main|port_afu_instances|ofs_plat_afu|core|dma|csr_mgr_inst|dma_csr_map.descriptor.src_addr[43]~.comb	reg	FF_X260_Y68_N53
NODE	all_csr	afu_top|pg_afu.port_gasket|pr_slot|afu_main|port_afu_instances|ofs_plat_afu|core|dma|csr_mgr_inst|dma_csr_map.descriptor.dest_addr[49]~.comb	reg	FF_X258_Y67_N4
NODE	all_csr	afu_top|pg_afu.port_gasket|pr_slot|afu_main|port_afu_instances|ofs_plat_afu|core|dma|csr_mgr_inst|dst_last_q[52]~.comb	reg	FF_X255_Y67_N29
NODE	all_csr	afu_top|pg_afu.port_gasket|pr_slot|afu_main|port_afu_instances|ofs_plat_afu|core|dma|csr_mgr_inst|dst_last_q[46]~.comb	reg	FF_X255_Y67_N10
NODE	all_csr	afu_top|pg_afu.port_gasket|pr_slot|afu_main|port_afu_instances|ofs_plat_afu|core|dma|csr_mgr_inst|dma_csr_map.descriptor.src_addr[50]~.comb	reg	FF_X260_Y67_N13
NODE	all_csr	afu_top|pg_afu.port_gasket|pr_slot|afu_main|port_afu_instances|ofs_plat_afu|core|dma|csr_mgr_inst|dma_csr_map.descriptor.src_addr[54]~.comb	reg	FF_X260_Y67_N25
NODE	all_csr	afu_top|pg_afu.port_gasket|pr_slot|afu_main|port_afu_instances|ofs_plat_afu|core|dma|csr_mgr_inst|src_last_q[56]~.comb	reg	FF_X261_Y67_N40
NODE	all_csr	afu_top|pg_afu.port_gasket|pr_slot|afu_main|port_afu_instances|ofs_plat_afu|core|dma|csr_mgr_inst|src_last_q[37]~.comb	reg	FF_X261_Y68_N44
NODE	all_csr	afu_top|pg_afu.port_gasket|pr_slot|afu_main|port_afu_instances|ofs_plat_afu|core|dma|csr_mgr_inst|dma_csr_map.descriptor.src_addr[42]~.comb	reg	FF_X260_Y68_N50
NODE	all_csr	afu_top|pg_afu.port_gasket|pr_slot|afu_main|port_afu_instances|ofs_plat_afu|core|dma|csr_mgr_inst|dma_csr_map.descriptor.src_addr[46]~.comb	reg	FF_X260_Y67_N1
NODE	all_csr	afu_top|pg_afu.port_gasket|pr_slot|afu_main|port_afu_instances|ofs_plat_afu|core|dma|csr_mgr_inst|dst_last_q[48]~.comb	reg	FF_X255_Y67_N16
NODE	all_csr	afu_top|pg_afu.port_gasket|pr_slot|afu_main|port_afu_instances|ofs_plat_afu|core|dma|csr_mgr_inst|dma_csr_map.descriptor.dest_addr[39]~.comb	reg	FF_X256_Y68_N41
NODE	all_csr	afu_top|pg_afu.port_gasket|pr_slot|afu_main|port_afu_instances|ofs_plat_afu|core|dma|csr_mgr_inst|dma_csr_map.descriptor.src_addr[40]~.comb	reg	FF_X260_Y68_N43
NODE	all_csr	afu_top|pg_afu.port_gasket|pr_slot|afu_main|port_afu_instances|ofs_plat_afu|core|dma|csr_mgr_inst|dst_last_q[44]~.comb	reg	FF_X255_Y67_N4
NODE	all_csr	afu_top|pg_afu.port_gasket|pr_slot|afu_main|port_afu_instances|ofs_plat_afu|core|dma|csr_mgr_inst|dma_csr_map.descriptor.src_addr[44]~.comb	reg	FF_X260_Y68_N56
NODE	all_csr	afu_top|pg_afu.port_gasket|pr_slot|afu_main|port_afu_instances|ofs_plat_afu|core|dma|csr_mgr_inst|src_last_q[35]~.comb	reg	FF_X261_Y68_N38
NODE	all_csr	afu_top|pg_afu.port_gasket|pr_slot|afu_main|port_afu_instances|ofs_plat_afu|core|dma|csr_mgr_inst|dma_csr_map.descriptor.src_addr[49]~.comb	reg	FF_X258_Y67_N16
NODE	all_csr	afu_top|pg_afu.port_gasket|pr_slot|afu_main|port_afu_instances|ofs_plat_afu|core|dma|csr_mgr_inst|dma_csr_map.descriptor.src_addr[51]~.comb	reg	FF_X258_Y67_N7
NODE	all_csr	afu_top|pg_afu.port_gasket|pr_slot|afu_main|port_afu_instances|ofs_plat_afu|core|dma|csr_mgr_inst|dst_last_q[64]~.comb	reg	FF_X255_Y67_N47
NODE	all_csr	afu_top|pg_afu.port_gasket|pr_slot|afu_main|port_afu_instances|ofs_plat_afu|core|dma|csr_mgr_inst|dma_csr_map.descriptor.src_addr[48]~.comb	reg	FF_X260_Y67_N8
NODE	all_csr	afu_top|pg_afu.port_gasket|pr_slot|afu_main|port_afu_instances|ofs_plat_afu|core|dma|csr_mgr_inst|dst_last_q[50]~.comb	reg	FF_X255_Y67_N22
NODE	all_csr	afu_top|pg_afu.port_gasket|pr_slot|afu_main|port_afu_instances|ofs_plat_afu|core|dma|csr_mgr_inst|dma_csr_map.descriptor.src_addr[56]~.comb	reg	FF_X260_Y67_N23
NODE	all_csr	afu_top|pg_afu.port_gasket|pr_slot|afu_main|port_afu_instances|ofs_plat_afu|core|dma|csr_mgr_inst|dst_last_q[57]~.comb	reg	FF_X255_Y67_N43
NODE	all_csr	afu_top|pg_afu.port_gasket|pr_slot|afu_main|port_afu_instances|ofs_plat_afu|core|dma|csr_mgr_inst|dma_csr_map.descriptor.length[0]~.comb	reg	FF_X259_Y69_N25
NODE	all_csr	afu_top|pg_afu.port_gasket|pr_slot|afu_main|port_afu_instances|ofs_plat_afu|core|dma|csr_mgr_inst|dma_csr_map.descriptor.length[1]~.comb	reg	FF_X259_Y69_N4
NODE	all_csr	afu_top|pg_afu.port_gasket|pr_slot|afu_main|port_afu_instances|ofs_plat_afu|core|dma|csr_mgr_inst|dma_csr_map.descriptor.length[2]~.comb	reg	FF_X259_Y69_N8
NODE	all_csr	afu_top|pg_afu.port_gasket|pr_slot|afu_main|port_afu_instances|ofs_plat_afu|core|dma|csr_mgr_inst|dma_csr_map.descriptor.length[3]~.comb	reg	FF_X259_Y69_N5
NODE	all_csr	afu_top|pg_afu.port_gasket|pr_slot|afu_main|port_afu_instances|ofs_plat_afu|core|dma|csr_mgr_inst|dma_csr_map.descriptor.length[4]~.comb	reg	FF_X259_Y69_N13
NODE	all_csr	afu_top|pg_afu.port_gasket|pr_slot|afu_main|port_afu_instances|ofs_plat_afu|core|dma|csr_mgr_inst|dma_csr_map.descriptor.length[5]~.comb	reg	FF_X261_Y69_N50
NODE	all_csr	afu_top|pg_afu.port_gasket|pr_slot|afu_main|port_afu_instances|ofs_plat_afu|core|dma|csr_mgr_inst|dma_csr_map.descriptor.length[6]~.comb	reg	FF_X261_Y69_N1
NODE	all_csr	afu_top|pg_afu.port_gasket|pr_slot|afu_main|port_afu_instances|ofs_plat_afu|core|dma|csr_mgr_inst|dma_csr_map.descriptor.length[7]~.comb	reg	FF_X259_Y69_N29
NODE	all_csr	afu_top|pg_afu.port_gasket|pr_slot|afu_main|port_afu_instances|ofs_plat_afu|core|dma|csr_mgr_inst|dma_csr_map.descriptor.length[12]~.comb	reg	FF_X259_Y69_N20
NODE	all_csr	afu_top|pg_afu.port_gasket|pr_slot|afu_main|port_afu_instances|ofs_plat_afu|core|dma|csr_mgr_inst|dma_csr_map.descriptor.length[13]~.comb	reg	FF_X259_Y69_N1
NODE	all_csr	afu_top|pg_afu.port_gasket|pr_slot|afu_main|port_afu_instances|ofs_plat_afu|core|dma|csr_mgr_inst|dma_csr_map.descriptor.length[14]~.comb	reg	FF_X259_Y66_N14
NODE	all_csr	afu_top|pg_afu.port_gasket|pr_slot|afu_main|port_afu_instances|ofs_plat_afu|core|dma|csr_mgr_inst|dma_csr_map.descriptor.length[15]~.comb	reg	FF_X259_Y69_N2
NODE	all_csr	afu_top|pg_afu.port_gasket|pr_slot|afu_main|port_afu_instances|ofs_plat_afu|core|dma|csr_mgr_inst|dma_csr_map.descriptor.length[10]~.comb	reg	FF_X261_Y69_N26
NODE	all_csr	afu_top|pg_afu.port_gasket|pr_slot|afu_main|port_afu_instances|ofs_plat_afu|core|dma|csr_mgr_inst|dma_csr_map.descriptor.length[11]~.comb	reg	FF_X261_Y69_N52
NODE	all_csr	afu_top|pg_afu.port_gasket|pr_slot|afu_main|port_afu_instances|ofs_plat_afu|core|dma|csr_mgr_inst|dma_csr_map.descriptor.length[16]~.comb	reg	FF_X261_Y69_N28
NODE	all_csr	afu_top|pg_afu.port_gasket|pr_slot|afu_main|port_afu_instances|ofs_plat_afu|core|dma|csr_mgr_inst|dma_csr_map.descriptor.length[8]~.comb	reg	FF_X261_Y69_N34
NODE	all_csr	afu_top|pg_afu.port_gasket|pr_slot|afu_main|port_afu_instances|ofs_plat_afu|core|dma|csr_mgr_inst|dma_csr_map.descriptor.length[9]~.comb	reg	FF_X261_Y69_N37
NODE	all_csr	afu_top|pg_afu.port_gasket|pr_slot|afu_main|port_afu_instances|ofs_plat_afu|core|dma|csr_mgr_inst|src_last_q[36]~.comb	reg	FF_X261_Y68_N40
NODE	all_csr	afu_top|pg_afu.port_gasket|pr_slot|afu_main|port_afu_instances|ofs_plat_afu|core|dma|csr_mgr_inst|dma_csr_map.descriptor.dest_addr[45]~.comb	reg	FF_X256_Y68_N59
NODE	all_csr	afu_top|pg_afu.port_gasket|pr_slot|afu_main|port_afu_instances|ofs_plat_afu|core|dma|csr_mgr_inst|src_last_q[51]~.comb	reg	FF_X261_Y67_N25
NODE	all_csr	afu_top|pg_afu.port_gasket|pr_slot|afu_main|port_afu_instances|ofs_plat_afu|core|dma|csr_mgr_inst|src_last_q[52]~.comb	reg	FF_X261_Y67_N28
NODE	all_csr	afu_top|pg_afu.port_gasket|pr_slot|afu_main|port_afu_instances|ofs_plat_afu|core|dma|csr_mgr_inst|dma_csr_map.descriptor.src_addr[35]~.comb	reg	FF_X260_Y68_N29
NODE	all_csr	afu_top|pg_afu.port_gasket|pr_slot|afu_main|port_afu_instances|ofs_plat_afu|core|dma|csr_mgr_inst|dma_csr_map.descriptor.src_addr[39]~.comb	reg	FF_X260_Y68_N41
NODE	all_csr	afu_top|pg_afu.port_gasket|pr_slot|afu_main|port_afu_instances|ofs_plat_afu|core|dma|csr_mgr_inst|src_last_q[49]~.comb	reg	FF_X261_Y67_N19
NODE	all_csr	afu_top|pg_afu.port_gasket|pr_slot|afu_main|port_afu_instances|ofs_plat_afu|core|dma|csr_mgr_inst|src_last_q[50]~.comb	reg	FF_X261_Y67_N23
NODE	all_csr	afu_top|pg_afu.port_gasket|pr_slot|afu_main|port_afu_instances|ofs_plat_afu|core|dma|csr_mgr_inst|src_last_q[34]~.comb	reg	FF_X261_Y68_N35
NODE	all_csr	afu_top|pg_afu.port_gasket|pr_slot|afu_main|port_afu_instances|ofs_plat_afu|core|dma|csr_mgr_inst|dst_last_q[34]~.comb	reg	FF_X255_Y68_N35
NODE	all_csr	afu_top|pg_afu.port_gasket|pr_slot|afu_main|port_afu_instances|ofs_plat_afu|core|dma|csr_mgr_inst|src_last_q[39]~.comb	reg	FF_X261_Y68_N50
NODE	all_csr	afu_top|pg_afu.port_gasket|pr_slot|afu_main|port_afu_instances|ofs_plat_afu|core|dma|csr_mgr_inst|src_last_q[40]~.comb	reg	FF_X261_Y68_N52
NODE	all_csr	afu_top|pg_afu.port_gasket|pr_slot|afu_main|port_afu_instances|ofs_plat_afu|core|dma|csr_mgr_inst|src_last_q[63]~.comb	reg	FF_X261_Y67_N47
NODE	all_csr	afu_top|pg_afu.port_gasket|pr_slot|afu_main|port_afu_instances|ofs_plat_afu|core|dma|csr_mgr_inst|src_last_q[57]~.comb	reg	FF_X261_Y67_N44
NODE	all_csr	afu_top|pg_afu.port_gasket|pr_slot|afu_main|port_afu_instances|ofs_plat_afu|core|dma|csr_mgr_inst|mmio64_reg.bvalid	reg	FF_X253_Y74_N8
NODE	all_csr	afu_top|pg_afu.port_gasket|pr_slot|afu_main|port_afu_instances|ofs_plat_afu|core|dma|csr_mgr_inst|dma_csr_map.descriptor.src_addr[6]~.comb	reg	FF_X260_Y69_N2
NODE	all_csr	afu_top|pg_afu.port_gasket|pr_slot|afu_main|port_afu_instances|ofs_plat_afu|core|dma|csr_mgr_inst|dma_csr_map.descriptor.src_addr[7]~.comb	reg	FF_X260_Y69_N4
NODE	all_csr	afu_top|pg_afu.port_gasket|pr_slot|afu_main|port_afu_instances|ofs_plat_afu|core|dma|csr_mgr_inst|dma_csr_map.descriptor.src_addr[8]~.comb	reg	FF_X260_Y69_N8
NODE	all_csr	afu_top|pg_afu.port_gasket|pr_slot|afu_main|port_afu_instances|ofs_plat_afu|core|dma|csr_mgr_inst|dma_csr_map.descriptor.src_addr[9]~.comb	reg	FF_X261_Y69_N44
NODE	all_csr	afu_top|pg_afu.port_gasket|pr_slot|afu_main|port_afu_instances|ofs_plat_afu|core|dma|csr_mgr_inst|dma_csr_map.descriptor.src_addr[10]~.comb	reg	FF_X261_Y69_N55
NODE	all_csr	afu_top|pg_afu.port_gasket|pr_slot|afu_main|port_afu_instances|ofs_plat_afu|core|dma|csr_mgr_inst|dma_csr_map.descriptor.src_addr[11]~.comb	reg	FF_X260_Y69_N16
NODE	all_csr	afu_top|pg_afu.port_gasket|pr_slot|afu_main|port_afu_instances|ofs_plat_afu|core|dma|csr_mgr_inst|dma_csr_map.descriptor.src_addr[12]~.comb	reg	FF_X260_Y69_N20
NODE	all_csr	afu_top|pg_afu.port_gasket|pr_slot|afu_main|port_afu_instances|ofs_plat_afu|core|dma|csr_mgr_inst|dma_csr_map.descriptor.src_addr[13]~.comb	reg	FF_X260_Y69_N23
NODE	all_csr	afu_top|pg_afu.port_gasket|pr_slot|afu_main|port_afu_instances|ofs_plat_afu|core|dma|csr_mgr_inst|dma_csr_map.descriptor.src_addr[14]~.comb	reg	FF_X260_Y69_N26
NODE	all_csr	afu_top|pg_afu.port_gasket|pr_slot|afu_main|port_afu_instances|ofs_plat_afu|core|dma|csr_mgr_inst|dma_csr_map.descriptor.src_addr[15]~.comb	reg	FF_X258_Y67_N13
NODE	all_csr	afu_top|pg_afu.port_gasket|pr_slot|afu_main|port_afu_instances|ofs_plat_afu|core|dma|csr_mgr_inst|dma_csr_map.descriptor.src_addr[16]~.comb	reg	FF_X260_Y67_N20
NODE	all_csr	afu_top|pg_afu.port_gasket|pr_slot|afu_main|port_afu_instances|ofs_plat_afu|core|dma|csr_mgr_inst|dma_csr_map.descriptor.src_addr[17]~.comb	reg	FF_X260_Y65_N8
NODE	all_csr	afu_top|pg_afu.port_gasket|pr_slot|afu_main|port_afu_instances|ofs_plat_afu|core|dma|csr_mgr_inst|dma_csr_map.descriptor.src_addr[18]~.comb	reg	FF_X260_Y69_N38
NODE	all_csr	afu_top|pg_afu.port_gasket|pr_slot|afu_main|port_afu_instances|ofs_plat_afu|core|dma|csr_mgr_inst|dma_csr_map.descriptor.src_addr[19]~.comb	reg	FF_X260_Y69_N41
NODE	all_csr	afu_top|pg_afu.port_gasket|pr_slot|afu_main|port_afu_instances|ofs_plat_afu|core|dma|csr_mgr_inst|dma_csr_map.descriptor.src_addr[20]~.comb	reg	FF_X260_Y69_N44
NODE	all_csr	afu_top|pg_afu.port_gasket|pr_slot|afu_main|port_afu_instances|ofs_plat_afu|core|dma|csr_mgr_inst|dma_csr_map.descriptor.src_addr[21]~.comb	reg	FF_X260_Y69_N47
NODE	all_csr	afu_top|pg_afu.port_gasket|pr_slot|afu_main|port_afu_instances|ofs_plat_afu|core|dma|csr_mgr_inst|dma_csr_map.descriptor.src_addr[22]~.comb	reg	FF_X260_Y69_N49
NODE	all_csr	afu_top|pg_afu.port_gasket|pr_slot|afu_main|port_afu_instances|ofs_plat_afu|core|dma|csr_mgr_inst|dma_csr_map.descriptor.src_addr[23]~.comb	reg	FF_X260_Y69_N59
NODE	all_csr	afu_top|pg_afu.port_gasket|pr_slot|afu_main|port_afu_instances|ofs_plat_afu|core|dma|csr_mgr_inst|dma_csr_map.descriptor.src_addr[24]~.comb	reg	FF_X260_Y65_N1
NODE	all_csr	afu_top|pg_afu.port_gasket|pr_slot|afu_main|port_afu_instances|ofs_plat_afu|core|dma|csr_mgr_inst|dma_csr_map.descriptor.src_addr[25]~.comb	reg	FF_X260_Y67_N37
NODE	all_csr	afu_top|pg_afu.port_gasket|pr_slot|afu_main|port_afu_instances|ofs_plat_afu|core|dma|csr_mgr_inst|dma_csr_map.descriptor.src_addr[26]~.comb	reg	FF_X260_Y68_N2
NODE	all_csr	afu_top|pg_afu.port_gasket|pr_slot|afu_main|port_afu_instances|ofs_plat_afu|core|dma|csr_mgr_inst|dma_csr_map.descriptor.src_addr[27]~.comb	reg	FF_X260_Y68_N5
NODE	all_csr	afu_top|pg_afu.port_gasket|pr_slot|afu_main|port_afu_instances|ofs_plat_afu|core|dma|csr_mgr_inst|dma_csr_map.descriptor.src_addr[28]~.comb	reg	FF_X260_Y68_N8
NODE	all_csr	afu_top|pg_afu.port_gasket|pr_slot|afu_main|port_afu_instances|ofs_plat_afu|core|dma|csr_mgr_inst|dma_csr_map.descriptor.src_addr[29]~.comb	reg	FF_X260_Y68_N10
NODE	all_csr	afu_top|pg_afu.port_gasket|pr_slot|afu_main|port_afu_instances|ofs_plat_afu|core|dma|csr_mgr_inst|dma_csr_map.descriptor.src_addr[30]~.comb	reg	FF_X260_Y68_N13
NODE	all_csr	afu_top|pg_afu.port_gasket|pr_slot|afu_main|port_afu_instances|ofs_plat_afu|core|dma|csr_mgr_inst|dma_csr_map.descriptor.src_addr[31]~.comb	reg	FF_X260_Y68_N16
NODE	all_csr	afu_top|pg_afu.port_gasket|pr_slot|afu_main|port_afu_instances|ofs_plat_afu|core|dma|csr_mgr_inst|dma_csr_map.descriptor.src_addr[32]~.comb	reg	FF_X260_Y68_N19
NODE	all_csr	afu_top|pg_afu.port_gasket|pr_slot|afu_main|port_afu_instances|ofs_plat_afu|core|dma|csr_mgr_inst|dma_csr_map.descriptor.src_addr[33]~.comb	reg	FF_X260_Y68_N22
NODE	all_csr	afu_top|pg_afu.port_gasket|pr_slot|afu_main|port_afu_instances|ofs_plat_afu|core|dma|csr_mgr_inst|dma_csr_map.descriptor.dest_addr[33]~.comb	reg	FF_X256_Y68_N22
NODE	all_csr	afu_top|pg_afu.port_gasket|pr_slot|afu_main|port_afu_instances|ofs_plat_afu|core|dma|csr_mgr_inst|dma_csr_map.descriptor.dest_addr[6]~.comb	reg	FF_X258_Y68_N14
NODE	all_csr	afu_top|pg_afu.port_gasket|pr_slot|afu_main|port_afu_instances|ofs_plat_afu|core|dma|csr_mgr_inst|dma_csr_map.descriptor.dest_addr[7]~.comb	reg	FF_X256_Y69_N4
NODE	all_csr	afu_top|pg_afu.port_gasket|pr_slot|afu_main|port_afu_instances|ofs_plat_afu|core|dma|csr_mgr_inst|dma_csr_map.descriptor.dest_addr[8]~.comb	reg	FF_X256_Y69_N8
NODE	all_csr	afu_top|pg_afu.port_gasket|pr_slot|afu_main|port_afu_instances|ofs_plat_afu|core|dma|csr_mgr_inst|dma_csr_map.descriptor.dest_addr[9]~.comb	reg	FF_X256_Y69_N10
NODE	all_csr	afu_top|pg_afu.port_gasket|pr_slot|afu_main|port_afu_instances|ofs_plat_afu|core|dma|csr_mgr_inst|dma_csr_map.descriptor.dest_addr[10]~.comb	reg	FF_X258_Y68_N10
NODE	all_csr	afu_top|pg_afu.port_gasket|pr_slot|afu_main|port_afu_instances|ofs_plat_afu|core|dma|csr_mgr_inst|dma_csr_map.descriptor.dest_addr[11]~.comb	reg	FF_X256_Y69_N16
NODE	all_csr	afu_top|pg_afu.port_gasket|pr_slot|afu_main|port_afu_instances|ofs_plat_afu|core|dma|csr_mgr_inst|dma_csr_map.descriptor.dest_addr[12]~.comb	reg	FF_X256_Y69_N20
NODE	all_csr	afu_top|pg_afu.port_gasket|pr_slot|afu_main|port_afu_instances|ofs_plat_afu|core|dma|csr_mgr_inst|dma_csr_map.descriptor.dest_addr[13]~.comb	reg	FF_X256_Y69_N22
NODE	all_csr	afu_top|pg_afu.port_gasket|pr_slot|afu_main|port_afu_instances|ofs_plat_afu|core|dma|csr_mgr_inst|dma_csr_map.descriptor.dest_addr[14]~.comb	reg	FF_X256_Y69_N26
NODE	all_csr	afu_top|pg_afu.port_gasket|pr_slot|afu_main|port_afu_instances|ofs_plat_afu|core|dma|csr_mgr_inst|dma_csr_map.descriptor.dest_addr[15]~.comb	reg	FF_X256_Y69_N29
NODE	all_csr	afu_top|pg_afu.port_gasket|pr_slot|afu_main|port_afu_instances|ofs_plat_afu|core|dma|csr_mgr_inst|dma_csr_map.descriptor.dest_addr[16]~.comb	reg	FF_X258_Y69_N5
NODE	all_csr	afu_top|pg_afu.port_gasket|pr_slot|afu_main|port_afu_instances|ofs_plat_afu|core|dma|csr_mgr_inst|dma_csr_map.descriptor.dest_addr[17]~.comb	reg	FF_X256_Y69_N35
NODE	all_csr	afu_top|pg_afu.port_gasket|pr_slot|afu_main|port_afu_instances|ofs_plat_afu|core|dma|csr_mgr_inst|dma_csr_map.descriptor.dest_addr[18]~.comb	reg	FF_X258_Y68_N7
NODE	all_csr	afu_top|pg_afu.port_gasket|pr_slot|afu_main|port_afu_instances|ofs_plat_afu|core|dma|csr_mgr_inst|dma_csr_map.descriptor.dest_addr[19]~.comb	reg	FF_X256_Y69_N41
NODE	all_csr	afu_top|pg_afu.port_gasket|pr_slot|afu_main|port_afu_instances|ofs_plat_afu|core|dma|csr_mgr_inst|dma_csr_map.descriptor.dest_addr[20]~.comb	reg	FF_X258_Y68_N11
NODE	all_csr	afu_top|pg_afu.port_gasket|pr_slot|afu_main|port_afu_instances|ofs_plat_afu|core|dma|csr_mgr_inst|dma_csr_map.descriptor.dest_addr[21]~.comb	reg	FF_X256_Y69_N37
NODE	all_csr	afu_top|pg_afu.port_gasket|pr_slot|afu_main|port_afu_instances|ofs_plat_afu|core|dma|csr_mgr_inst|dma_csr_map.descriptor.dest_addr[22]~.comb	reg	FF_X258_Y69_N1
NODE	all_csr	afu_top|pg_afu.port_gasket|pr_slot|afu_main|port_afu_instances|ofs_plat_afu|core|dma|csr_mgr_inst|dma_csr_map.descriptor.dest_addr[23]~.comb	reg	FF_X256_Y69_N46
NODE	all_csr	afu_top|pg_afu.port_gasket|pr_slot|afu_main|port_afu_instances|ofs_plat_afu|core|dma|csr_mgr_inst|dma_csr_map.descriptor.dest_addr[24]~.comb	reg	FF_X258_Y69_N2
NODE	all_csr	afu_top|pg_afu.port_gasket|pr_slot|afu_main|port_afu_instances|ofs_plat_afu|core|dma|csr_mgr_inst|dma_csr_map.descriptor.dest_addr[25]~.comb	reg	FF_X256_Y69_N59
NODE	all_csr	afu_top|pg_afu.port_gasket|pr_slot|afu_main|port_afu_instances|ofs_plat_afu|core|dma|csr_mgr_inst|dma_csr_map.descriptor.dest_addr[26]~.comb	reg	FF_X256_Y68_N2
NODE	all_csr	afu_top|pg_afu.port_gasket|pr_slot|afu_main|port_afu_instances|ofs_plat_afu|core|dma|csr_mgr_inst|dma_csr_map.descriptor.dest_addr[27]~.comb	reg	FF_X256_Y68_N4
NODE	all_csr	afu_top|pg_afu.port_gasket|pr_slot|afu_main|port_afu_instances|ofs_plat_afu|core|dma|csr_mgr_inst|dma_csr_map.descriptor.dest_addr[28]~.comb	reg	FF_X256_Y68_N8
NODE	all_csr	afu_top|pg_afu.port_gasket|pr_slot|afu_main|port_afu_instances|ofs_plat_afu|core|dma|csr_mgr_inst|dma_csr_map.descriptor.dest_addr[29]~.comb	reg	FF_X256_Y68_N11
NODE	all_csr	afu_top|pg_afu.port_gasket|pr_slot|afu_main|port_afu_instances|ofs_plat_afu|core|dma|csr_mgr_inst|dma_csr_map.descriptor.dest_addr[30]~.comb	reg	FF_X256_Y68_N13
NODE	all_csr	afu_top|pg_afu.port_gasket|pr_slot|afu_main|port_afu_instances|ofs_plat_afu|core|dma|csr_mgr_inst|dma_csr_map.descriptor.dest_addr[31]~.comb	reg	FF_X258_Y68_N1
NODE	all_csr	afu_top|pg_afu.port_gasket|pr_slot|afu_main|port_afu_instances|ofs_plat_afu|core|dma|csr_mgr_inst|dma_csr_map.descriptor.dest_addr[32]~.comb	reg	FF_X256_Y68_N20
NODE	all_csr	afu_top|pg_afu.port_gasket|pr_slot|afu_main|port_afu_instances|ofs_plat_afu|core|dma|csr_mgr_inst|mmio64_reg.rvalid	reg	FF_X245_Y72_N2
NODE	all_csr	afu_top|pg_afu.port_gasket|pr_slot|afu_main|port_afu_instances|ofs_plat_afu|core|dma|csr_mgr_inst|mmio64_reg.arvalid	reg	FF_X245_Y72_N8
NODE	all_csr	afu_top|pg_afu.port_gasket|pr_slot|afu_main|port_afu_instances|ofs_plat_afu|core|dma|csr_mgr_inst|mmio64_reg.r.data[0]~.comb	reg	FF_X254_Y69_N2
NODE	all_csr	afu_top|pg_afu.port_gasket|pr_slot|afu_main|port_afu_instances|ofs_plat_afu|core|dma|csr_mgr_inst|mmio64_reg.r.data[1]	reg	FF_X254_Y69_N8
NODE	all_csr	afu_top|pg_afu.port_gasket|pr_slot|afu_main|port_afu_instances|ofs_plat_afu|core|dma|csr_mgr_inst|mmio64_reg.r.data[2]~.comb	reg	FF_X254_Y69_N16
NODE	all_csr	afu_top|pg_afu.port_gasket|pr_slot|afu_main|port_afu_instances|ofs_plat_afu|core|dma|csr_mgr_inst|mmio64_reg.r.data[3]~.comb	reg	FF_X254_Y69_N19
NODE	all_csr	afu_top|pg_afu.port_gasket|pr_slot|afu_main|port_afu_instances|ofs_plat_afu|core|dma|csr_mgr_inst|mmio64_reg.r.data[4]~.comb	reg	FF_X254_Y69_N22
NODE	all_csr	afu_top|pg_afu.port_gasket|pr_slot|afu_main|port_afu_instances|ofs_plat_afu|core|dma|csr_mgr_inst|mmio64_reg.r.data[5]~.comb	reg	FF_X254_Y69_N14
NODE	all_csr	afu_top|pg_afu.port_gasket|pr_slot|afu_main|port_afu_instances|ofs_plat_afu|core|dma|csr_mgr_inst|mmio64_reg.r.data[6]~.comb	reg	FF_X254_Y69_N25
NODE	all_csr	afu_top|pg_afu.port_gasket|pr_slot|afu_main|port_afu_instances|ofs_plat_afu|core|dma|csr_mgr_inst|mmio64_reg.r.data[7]	reg	FF_X253_Y67_N1
NODE	all_csr	afu_top|pg_afu.port_gasket|pr_slot|afu_main|port_afu_instances|ofs_plat_afu|core|dma|csr_mgr_inst|mmio64_reg.r.data[40]	reg	FF_X255_Y66_N1
NODE	all_csr	afu_top|pg_afu.port_gasket|pr_slot|afu_main|port_afu_instances|ofs_plat_afu|core|dma|csr_mgr_inst|mmio64_reg.r.data[41]	reg	FF_X256_Y66_N1
NODE	all_csr	afu_top|pg_afu.port_gasket|pr_slot|afu_main|port_afu_instances|ofs_plat_afu|core|dma|csr_mgr_inst|mmio64_reg.r.data[42]	reg	FF_X255_Y66_N31
NODE	all_csr	afu_top|pg_afu.port_gasket|pr_slot|afu_main|port_afu_instances|ofs_plat_afu|core|dma|csr_mgr_inst|mmio64_reg.r.data[10]~.comb	reg	FF_X254_Y69_N37
NODE	all_csr	afu_top|pg_afu.port_gasket|pr_slot|afu_main|port_afu_instances|ofs_plat_afu|core|dma|csr_mgr_inst|mmio64_reg.r.data[43]	reg	FF_X255_Y66_N7
NODE	all_csr	afu_top|pg_afu.port_gasket|pr_slot|afu_main|port_afu_instances|ofs_plat_afu|core|dma|csr_mgr_inst|mmio64_reg.r.data[44]	reg	FF_X256_Y66_N13
NODE	all_csr	afu_top|pg_afu.port_gasket|pr_slot|afu_main|port_afu_instances|ofs_plat_afu|core|dma|csr_mgr_inst|mmio64_reg.r.data[45]	reg	FF_X256_Y66_N19
NODE	all_csr	afu_top|pg_afu.port_gasket|pr_slot|afu_main|port_afu_instances|ofs_plat_afu|core|dma|csr_mgr_inst|mmio64_reg.r.data[13]~.comb	reg	FF_X253_Y69_N50
NODE	all_csr	afu_top|pg_afu.port_gasket|pr_slot|afu_main|port_afu_instances|ofs_plat_afu|core|dma|csr_mgr_inst|mmio64_reg.r.data[46]	reg	FF_X256_Y66_N7
NODE	all_csr	afu_top|pg_afu.port_gasket|pr_slot|afu_main|port_afu_instances|ofs_plat_afu|core|dma|csr_mgr_inst|mmio64_reg.r.data[47]	reg	FF_X256_Y66_N26
NODE	all_csr	afu_top|pg_afu.port_gasket|pr_slot|afu_main|port_afu_instances|ofs_plat_afu|core|dma|csr_mgr_inst|mmio64_reg.r.data[48]	reg	FF_X255_Y66_N19
NODE	all_csr	afu_top|pg_afu.port_gasket|pr_slot|afu_main|port_afu_instances|ofs_plat_afu|core|dma|csr_mgr_inst|mmio64_reg.r.data[16]~.comb	reg	FF_X253_Y69_N4
NODE	all_csr	afu_top|pg_afu.port_gasket|pr_slot|afu_main|port_afu_instances|ofs_plat_afu|core|dma|csr_mgr_inst|mmio64_reg.r.data[49]	reg	FF_X256_Y66_N31
NODE	all_csr	afu_top|pg_afu.port_gasket|pr_slot|afu_main|port_afu_instances|ofs_plat_afu|core|dma|csr_mgr_inst|mmio64_reg.r.data[17]~.comb	reg	FF_X254_Y69_N32
NODE	all_csr	afu_top|pg_afu.port_gasket|pr_slot|afu_main|port_afu_instances|ofs_plat_afu|core|dma|csr_mgr_inst|mmio64_reg.r.data[50]	reg	FF_X255_Y66_N26
NODE	all_csr	afu_top|pg_afu.port_gasket|pr_slot|afu_main|port_afu_instances|ofs_plat_afu|core|dma|csr_mgr_inst|mmio64_reg.r.data[18]~.comb	reg	FF_X254_Y69_N43
NODE	all_csr	afu_top|pg_afu.port_gasket|pr_slot|afu_main|port_afu_instances|ofs_plat_afu|core|dma|csr_mgr_inst|mmio64_reg.r.data[51]	reg	FF_X256_Y66_N38
NODE	all_csr	afu_top|pg_afu.port_gasket|pr_slot|afu_main|port_afu_instances|ofs_plat_afu|core|dma|csr_mgr_inst|mmio64_reg.r.data[19]~.comb	reg	FF_X254_Y69_N49
NODE	all_csr	afu_top|pg_afu.port_gasket|pr_slot|afu_main|port_afu_instances|ofs_plat_afu|core|dma|csr_mgr_inst|mmio64_reg.r.data[52]	reg	FF_X255_Y66_N14
NODE	all_csr	afu_top|pg_afu.port_gasket|pr_slot|afu_main|port_afu_instances|ofs_plat_afu|core|dma|csr_mgr_inst|mmio64_reg.r.data[53]	reg	FF_X256_Y66_N43
NODE	all_csr	afu_top|pg_afu.port_gasket|pr_slot|afu_main|port_afu_instances|ofs_plat_afu|core|dma|csr_mgr_inst|mmio64_reg.r.data[54]	reg	FF_X256_Y66_N49
NODE	all_csr	afu_top|pg_afu.port_gasket|pr_slot|afu_main|port_afu_instances|ofs_plat_afu|core|dma|csr_mgr_inst|mmio64_reg.r.data[22]	reg	FF_X251_Y67_N1
NODE	all_csr	afu_top|pg_afu.port_gasket|pr_slot|afu_main|port_afu_instances|ofs_plat_afu|core|dma|csr_mgr_inst|mmio64_reg.r.data[55]	reg	FF_X256_Y66_N55
NODE	all_csr	afu_top|pg_afu.port_gasket|pr_slot|afu_main|port_afu_instances|ofs_plat_afu|core|dma|csr_mgr_inst|mmio64_reg.r.data[23]	reg	FF_X251_Y67_N8
NODE	all_csr	afu_top|pg_afu.port_gasket|pr_slot|afu_main|port_afu_instances|ofs_plat_afu|core|dma|csr_mgr_inst|mmio64_reg.r.data[56]	reg	FF_X255_Y66_N37
NODE	all_csr	afu_top|pg_afu.port_gasket|pr_slot|afu_main|port_afu_instances|ofs_plat_afu|core|dma|csr_mgr_inst|mmio64_reg.r.data[24]~.comb	reg	FF_X250_Y66_N1
NODE	all_csr	afu_top|pg_afu.port_gasket|pr_slot|afu_main|port_afu_instances|ofs_plat_afu|core|dma|csr_mgr_inst|mmio64_reg.r.data[25]	reg	FF_X251_Y67_N13
NODE	all_csr	afu_top|pg_afu.port_gasket|pr_slot|afu_main|port_afu_instances|ofs_plat_afu|core|dma|csr_mgr_inst|mmio64_reg.r.data[26]	reg	FF_X251_Y67_N22
NODE	all_csr	afu_top|pg_afu.port_gasket|pr_slot|afu_main|port_afu_instances|ofs_plat_afu|core|dma|csr_mgr_inst|mmio64_reg.r.data[27]	reg	FF_X251_Y67_N37
NODE	all_csr	afu_top|pg_afu.port_gasket|pr_slot|afu_main|port_afu_instances|ofs_plat_afu|core|dma|csr_mgr_inst|mmio64_reg.r.data[28]~.comb	reg	FF_X250_Y66_N7
NODE	all_csr	afu_top|pg_afu.port_gasket|pr_slot|afu_main|port_afu_instances|ofs_plat_afu|core|dma|csr_mgr_inst|mmio64_reg.r.data[29]	reg	FF_X250_Y66_N13
NODE	all_csr	afu_top|pg_afu.port_gasket|pr_slot|afu_main|port_afu_instances|ofs_plat_afu|core|dma|csr_mgr_inst|mmio64_reg.r.data[30]~.comb	reg	FF_X250_Y66_N20
NODE	all_csr	afu_top|pg_afu.port_gasket|pr_slot|afu_main|port_afu_instances|ofs_plat_afu|core|dma|csr_mgr_inst|mmio64_reg.r.data[31]	reg	FF_X251_Y67_N43
NODE	all_csr	afu_top|pg_afu.port_gasket|pr_slot|afu_main|port_afu_instances|ofs_plat_afu|core|dma|csr_mgr_inst|dma_csr_map.descriptor.descriptor_control.rsvd_25_0[0]~.comb	reg	FF_X258_Y66_N10
NODE	all_csr	afu_top|pg_afu.port_gasket|pr_slot|afu_main|port_afu_instances|ofs_plat_afu|core|dma|csr_mgr_inst|dma_csr_map.descriptor.descriptor_control.rsvd_25_0[1]~.comb	reg	FF_X260_Y66_N22
NODE	all_csr	afu_top|pg_afu.port_gasket|pr_slot|afu_main|port_afu_instances|ofs_plat_afu|core|dma|csr_mgr_inst|dma_csr_map.descriptor.descriptor_control.rsvd_25_0[2]~.comb	reg	FF_X258_Y66_N14
NODE	all_csr	afu_top|pg_afu.port_gasket|pr_slot|afu_main|port_afu_instances|ofs_plat_afu|core|dma|csr_mgr_inst|dma_csr_map.descriptor.descriptor_control.rsvd_25_0[3]~.comb	reg	FF_X259_Y68_N55
NODE	all_csr	afu_top|pg_afu.port_gasket|pr_slot|afu_main|port_afu_instances|ofs_plat_afu|core|dma|csr_mgr_inst|dma_csr_map.descriptor.descriptor_control.rsvd_25_0[4]~.comb	reg	FF_X258_Y68_N25
NODE	all_csr	afu_top|pg_afu.port_gasket|pr_slot|afu_main|port_afu_instances|ofs_plat_afu|core|dma|csr_mgr_inst|dma_csr_map.descriptor.descriptor_control.rsvd_25_0[5]~.comb	reg	FF_X259_Y65_N10
NODE	all_csr	afu_top|pg_afu.port_gasket|pr_slot|afu_main|port_afu_instances|ofs_plat_afu|core|dma|csr_mgr_inst|dma_csr_map.descriptor.descriptor_control.rsvd_25_0[6]~.comb	reg	FF_X258_Y68_N20
NODE	all_csr	afu_top|pg_afu.port_gasket|pr_slot|afu_main|port_afu_instances|ofs_plat_afu|core|dma|csr_mgr_inst|dma_csr_map.descriptor.descriptor_control.rsvd_25_0[7]~.comb	reg	FF_X259_Y65_N11
NODE	all_csr	afu_top|pg_afu.port_gasket|pr_slot|afu_main|port_afu_instances|ofs_plat_afu|core|dma|csr_mgr_inst|dma_csr_map.descriptor.descriptor_control.rsvd_25_0[8]~.comb	reg	FF_X260_Y66_N29
NODE	all_csr	afu_top|pg_afu.port_gasket|pr_slot|afu_main|port_afu_instances|ofs_plat_afu|core|dma|csr_mgr_inst|dma_csr_map.descriptor.descriptor_control.rsvd_25_0[9]~.comb	reg	FF_X261_Y66_N31
NODE	all_csr	afu_top|pg_afu.port_gasket|pr_slot|afu_main|port_afu_instances|ofs_plat_afu|core|dma|csr_mgr_inst|dma_csr_map.descriptor.descriptor_control.rsvd_25_0[10]~.comb	reg	FF_X259_Y68_N19
NODE	all_csr	afu_top|pg_afu.port_gasket|pr_slot|afu_main|port_afu_instances|ofs_plat_afu|core|dma|csr_mgr_inst|dma_csr_map.descriptor.descriptor_control.rsvd_25_0[11]~.comb	reg	FF_X259_Y69_N31
NODE	all_csr	afu_top|pg_afu.port_gasket|pr_slot|afu_main|port_afu_instances|ofs_plat_afu|core|dma|csr_mgr_inst|dma_csr_map.descriptor.descriptor_control.rsvd_25_0[12]~.comb	reg	FF_X261_Y66_N5
NODE	all_csr	afu_top|pg_afu.port_gasket|pr_slot|afu_main|port_afu_instances|ofs_plat_afu|core|dma|csr_mgr_inst|dma_csr_map.descriptor.descriptor_control.rsvd_25_0[13]~.comb	reg	FF_X259_Y68_N22
NODE	all_csr	afu_top|pg_afu.port_gasket|pr_slot|afu_main|port_afu_instances|ofs_plat_afu|core|dma|csr_mgr_inst|dma_csr_map.descriptor.descriptor_control.rsvd_25_0[14]~.comb	reg	FF_X261_Y66_N2
NODE	all_csr	afu_top|pg_afu.port_gasket|pr_slot|afu_main|port_afu_instances|ofs_plat_afu|core|dma|csr_mgr_inst|dma_csr_map.descriptor.descriptor_control.rsvd_25_0[15]~.comb	reg	FF_X259_Y69_N35
NODE	all_csr	afu_top|pg_afu.port_gasket|pr_slot|afu_main|port_afu_instances|ofs_plat_afu|core|dma|csr_mgr_inst|dma_csr_map.descriptor.descriptor_control.rsvd_25_0[16]~.comb	reg	FF_X258_Y66_N8
NODE	all_csr	afu_top|pg_afu.port_gasket|pr_slot|afu_main|port_afu_instances|ofs_plat_afu|core|dma|csr_mgr_inst|dma_csr_map.descriptor.descriptor_control.rsvd_25_0[17]~.comb	reg	FF_X260_Y66_N32
NODE	all_csr	afu_top|pg_afu.port_gasket|pr_slot|afu_main|port_afu_instances|ofs_plat_afu|core|dma|csr_mgr_inst|dma_csr_map.descriptor.descriptor_control.rsvd_25_0[18]~.comb	reg	FF_X260_Y66_N41
NODE	all_csr	afu_top|pg_afu.port_gasket|pr_slot|afu_main|port_afu_instances|ofs_plat_afu|core|dma|csr_mgr_inst|dma_csr_map.descriptor.descriptor_control.rsvd_25_0[19]~.comb	reg	FF_X259_Y68_N14
NODE	all_csr	afu_top|pg_afu.port_gasket|pr_slot|afu_main|port_afu_instances|ofs_plat_afu|core|dma|csr_mgr_inst|dma_csr_map.descriptor.descriptor_control.rsvd_25_0[20]~.comb	reg	FF_X260_Y66_N43
NODE	all_csr	afu_top|pg_afu.port_gasket|pr_slot|afu_main|port_afu_instances|ofs_plat_afu|core|dma|csr_mgr_inst|dma_csr_map.descriptor.descriptor_control.rsvd_25_0[21]~.comb	reg	FF_X260_Y66_N44
NODE	all_csr	afu_top|pg_afu.port_gasket|pr_slot|afu_main|port_afu_instances|ofs_plat_afu|core|dma|csr_mgr_inst|dma_csr_map.descriptor.descriptor_control.rsvd_25_0[22]~.comb	reg	FF_X259_Y68_N29
NODE	all_csr	afu_top|pg_afu.port_gasket|pr_slot|afu_main|port_afu_instances|ofs_plat_afu|core|dma|csr_mgr_inst|dma_csr_map.descriptor.descriptor_control.rsvd_25_0[23]~.comb	reg	FF_X259_Y68_N35
NODE	all_csr	afu_top|pg_afu.port_gasket|pr_slot|afu_main|port_afu_instances|ofs_plat_afu|core|dma|csr_mgr_inst|dma_csr_map.descriptor.descriptor_control.rsvd_25_0[24]~.comb	reg	FF_X259_Y65_N35
NODE	all_csr	afu_top|pg_afu.port_gasket|pr_slot|afu_main|port_afu_instances|ofs_plat_afu|core|dma|csr_mgr_inst|dma_csr_map.descriptor.descriptor_control.rsvd_25_0[25]~.comb	reg	FF_X259_Y65_N37
NODE	all_csr	afu_top|pg_afu.port_gasket|pr_slot|afu_main|port_afu_instances|ofs_plat_afu|core|dma|csr_mgr_inst|dma_csr_map.descriptor.descriptor_control.rsvd_30_28[0]~.comb	reg	FF_X259_Y65_N44
NODE	all_csr	afu_top|pg_afu.port_gasket|pr_slot|afu_main|port_afu_instances|ofs_plat_afu|core|dma|csr_mgr_inst|dma_csr_map.descriptor.descriptor_control.rsvd_30_28[1]~.comb	reg	FF_X259_Y65_N53
NODE	all_csr	afu_top|pg_afu.port_gasket|pr_slot|afu_main|port_afu_instances|ofs_plat_afu|core|dma|csr_mgr_inst|dma_csr_map.descriptor.descriptor_control.rsvd_30_28[2]~.comb	reg	FF_X258_Y66_N7
NODE	all_csr	afu_top|pg_afu.port_gasket|pr_slot|afu_main|port_afu_instances|ofs_plat_afu|core|dma|csr_mgr_inst|mmio64_reg.w.data[5]	reg	FF_X258_Y71_N43
NODE	all_csr	afu_top|pg_afu.port_gasket|pr_slot|afu_main|port_afu_instances|ofs_plat_afu|core|dma|csr_mgr_inst|mmio64_reg.aw.addr[4]	reg	FF_X258_Y72_N55
NODE	all_csr	afu_top|pg_afu.port_gasket|pr_slot|afu_main|port_afu_instances|ofs_plat_afu|core|dma|csr_mgr_inst|mmio64_reg.aw.addr[3]	reg	FF_X258_Y72_N7
NODE	all_csr	afu_top|pg_afu.port_gasket|pr_slot|afu_main|port_afu_instances|ofs_plat_afu|core|dma|csr_mgr_inst|mmio64_reg.aw.addr[5]	reg	FF_X258_Y72_N13
NODE	all_csr	afu_top|pg_afu.port_gasket|pr_slot|afu_main|port_afu_instances|ofs_plat_afu|core|dma|csr_mgr_inst|mmio64_reg.aw.addr[6]	reg	FF_X258_Y72_N22
NODE	all_csr	afu_top|pg_afu.port_gasket|pr_slot|afu_main|port_afu_instances|ofs_plat_afu|core|dma|csr_mgr_inst|mmio64_reg.aw.addr[7]	reg	FF_X258_Y72_N25
NODE	all_csr	afu_top|pg_afu.port_gasket|pr_slot|afu_main|port_afu_instances|ofs_plat_afu|core|dma|csr_mgr_inst|mmio64_reg.aw.addr[12]	reg	FF_X258_Y73_N8
NODE	all_csr	afu_top|pg_afu.port_gasket|pr_slot|afu_main|port_afu_instances|ofs_plat_afu|core|dma|csr_mgr_inst|mmio64_reg.aw.addr[13]	reg	FF_X258_Y73_N10
NODE	all_csr	afu_top|pg_afu.port_gasket|pr_slot|afu_main|port_afu_instances|ofs_plat_afu|core|dma|csr_mgr_inst|mmio64_reg.aw.addr[0]	reg	FF_X258_Y73_N17
NODE	all_csr	afu_top|pg_afu.port_gasket|pr_slot|afu_main|port_afu_instances|ofs_plat_afu|core|dma|csr_mgr_inst|mmio64_reg.aw.addr[14]	reg	FF_X258_Y73_N28
NODE	all_csr	afu_top|pg_afu.port_gasket|pr_slot|afu_main|port_afu_instances|ofs_plat_afu|core|dma|csr_mgr_inst|mmio64_reg.aw.addr[15]	reg	FF_X258_Y73_N23
NODE	all_csr	afu_top|pg_afu.port_gasket|pr_slot|afu_main|port_afu_instances|ofs_plat_afu|core|dma|csr_mgr_inst|mmio64_reg.aw.addr[1]	reg	FF_X258_Y73_N4
NODE	all_csr	afu_top|pg_afu.port_gasket|pr_slot|afu_main|port_afu_instances|ofs_plat_afu|core|dma|csr_mgr_inst|mmio64_reg.aw.addr[2]	reg	FF_X258_Y73_N13
NODE	all_csr	afu_top|pg_afu.port_gasket|pr_slot|afu_main|port_afu_instances|ofs_plat_afu|core|dma|csr_mgr_inst|mmio64_reg.aw.addr[8]	reg	FF_X258_Y73_N7
NODE	all_csr	afu_top|pg_afu.port_gasket|pr_slot|afu_main|port_afu_instances|ofs_plat_afu|core|dma|csr_mgr_inst|mmio64_reg.aw.addr[9]	reg	FF_X258_Y73_N19
NODE	all_csr	afu_top|pg_afu.port_gasket|pr_slot|afu_main|port_afu_instances|ofs_plat_afu|core|dma|csr_mgr_inst|mmio64_reg.aw.addr[10]	reg	FF_X258_Y73_N26
NODE	all_csr	afu_top|pg_afu.port_gasket|pr_slot|afu_main|port_afu_instances|ofs_plat_afu|core|dma|csr_mgr_inst|mmio64_reg.aw.addr[11]	reg	FF_X258_Y73_N14
NODE	all_csr	afu_top|pg_afu.port_gasket|pr_slot|afu_main|port_afu_instances|ofs_plat_afu|core|dma|csr_mgr_inst|mmio64_reg.w.strb[3]	reg	FF_X258_Y74_N34
NODE	all_csr	afu_top|pg_afu.port_gasket|pr_slot|afu_main|port_afu_instances|ofs_plat_afu|core|dma|csr_mgr_inst|mmio64_reg.w.strb[4]	reg	FF_X258_Y74_N26
NODE	all_csr	afu_top|pg_afu.port_gasket|pr_slot|afu_main|port_afu_instances|ofs_plat_afu|core|dma|csr_mgr_inst|mmio64_reg.w.strb[5]	reg	FF_X258_Y74_N5
NODE	all_csr	afu_top|pg_afu.port_gasket|pr_slot|afu_main|port_afu_instances|ofs_plat_afu|core|dma|csr_mgr_inst|mmio64_reg.w.strb[6]	reg	FF_X258_Y74_N22
NODE	all_csr	afu_top|pg_afu.port_gasket|pr_slot|afu_main|port_afu_instances|ofs_plat_afu|core|dma|csr_mgr_inst|mmio64_reg.w.strb[7]	reg	FF_X258_Y74_N20
NODE	all_csr	afu_top|pg_afu.port_gasket|pr_slot|afu_main|port_afu_instances|ofs_plat_afu|core|dma|csr_mgr_inst|mmio64_reg.aw.size[0]	reg	FF_X258_Y73_N41
NODE	all_csr	afu_top|pg_afu.port_gasket|pr_slot|afu_main|port_afu_instances|ofs_plat_afu|core|dma|csr_mgr_inst|mmio64_reg.aw.size[1]	reg	FF_X258_Y73_N1
NODE	all_csr	afu_top|pg_afu.port_gasket|pr_slot|afu_main|port_afu_instances|ofs_plat_afu|core|dma|csr_mgr_inst|mmio64_reg.aw.size[2]	reg	FF_X258_Y73_N38
NODE	all_csr	afu_top|pg_afu.port_gasket|pr_slot|afu_main|port_afu_instances|ofs_plat_afu|core|dma|csr_mgr_inst|mmio64_reg.w.strb[0]	reg	FF_X258_Y73_N52
NODE	all_csr	afu_top|pg_afu.port_gasket|pr_slot|afu_main|port_afu_instances|ofs_plat_afu|core|dma|csr_mgr_inst|mmio64_reg.w.strb[1]	reg	FF_X258_Y73_N43
NODE	all_csr	afu_top|pg_afu.port_gasket|pr_slot|afu_main|port_afu_instances|ofs_plat_afu|core|dma|csr_mgr_inst|mmio64_reg.w.strb[2]	reg	FF_X258_Y73_N53
NODE	all_csr	afu_top|pg_afu.port_gasket|pr_slot|afu_main|port_afu_instances|ofs_plat_afu|core|dma|csr_mgr_inst|mmio64_reg.w.data[50]	reg	FF_X256_Y70_N1
NODE	all_csr	afu_top|pg_afu.port_gasket|pr_slot|afu_main|port_afu_instances|ofs_plat_afu|core|dma|csr_mgr_inst|mmio64_reg.w.data[51]	reg	FF_X256_Y70_N7
NODE	all_csr	afu_top|pg_afu.port_gasket|pr_slot|afu_main|port_afu_instances|ofs_plat_afu|core|dma|csr_mgr_inst|mmio64_reg.w.data[52]	reg	FF_X256_Y70_N8
NODE	all_csr	afu_top|pg_afu.port_gasket|pr_slot|afu_main|port_afu_instances|ofs_plat_afu|core|dma|csr_mgr_inst|mmio64_reg.w.data[53]	reg	FF_X256_Y70_N16
NODE	all_csr	afu_top|pg_afu.port_gasket|pr_slot|afu_main|port_afu_instances|ofs_plat_afu|core|dma|csr_mgr_inst|mmio64_reg.w.data[42]	reg	FF_X256_Y70_N20
NODE	all_csr	afu_top|pg_afu.port_gasket|pr_slot|afu_main|port_afu_instances|ofs_plat_afu|core|dma|csr_mgr_inst|mmio64_reg.w.data[43]	reg	FF_X256_Y70_N19
NODE	all_csr	afu_top|pg_afu.port_gasket|pr_slot|afu_main|port_afu_instances|ofs_plat_afu|core|dma|csr_mgr_inst|mmio64_reg.w.data[44]	reg	FF_X256_Y70_N25
NODE	all_csr	afu_top|pg_afu.port_gasket|pr_slot|afu_main|port_afu_instances|ofs_plat_afu|core|dma|csr_mgr_inst|mmio64_reg.w.data[45]~.comb	reg	FF_X256_Y68_N32
NODE	all_csr	afu_top|pg_afu.port_gasket|pr_slot|afu_main|port_afu_instances|ofs_plat_afu|core|dma|csr_mgr_inst|mmio64_reg.w.data[46]~.comb	reg	FF_X256_Y70_N35
NODE	all_csr	afu_top|pg_afu.port_gasket|pr_slot|afu_main|port_afu_instances|ofs_plat_afu|core|dma|csr_mgr_inst|mmio64_reg.w.data[47]	reg	FF_X256_Y70_N17
NODE	all_csr	afu_top|pg_afu.port_gasket|pr_slot|afu_main|port_afu_instances|ofs_plat_afu|core|dma|csr_mgr_inst|mmio64_reg.w.data[48]	reg	FF_X256_Y70_N26
NODE	all_csr	afu_top|pg_afu.port_gasket|pr_slot|afu_main|port_afu_instances|ofs_plat_afu|core|dma|csr_mgr_inst|mmio64_reg.w.data[49]	reg	FF_X256_Y70_N28
NODE	all_csr	afu_top|pg_afu.port_gasket|pr_slot|afu_main|port_afu_instances|ofs_plat_afu|core|dma|csr_mgr_inst|mmio64_reg.w.data[32]	reg	FF_X256_Y70_N43
NODE	all_csr	afu_top|pg_afu.port_gasket|pr_slot|afu_main|port_afu_instances|ofs_plat_afu|core|dma|csr_mgr_inst|mmio64_reg.w.data[33]	reg	FF_X259_Y70_N2
NODE	all_csr	afu_top|pg_afu.port_gasket|pr_slot|afu_main|port_afu_instances|ofs_plat_afu|core|dma|csr_mgr_inst|mmio64_reg.w.data[54]	reg	FF_X256_Y70_N13
NODE	all_csr	afu_top|pg_afu.port_gasket|pr_slot|afu_main|port_afu_instances|ofs_plat_afu|core|dma|csr_mgr_inst|mmio64_reg.w.data[55]	reg	FF_X256_Y70_N44
NODE	all_csr	afu_top|pg_afu.port_gasket|pr_slot|afu_main|port_afu_instances|ofs_plat_afu|core|dma|csr_mgr_inst|mmio64_reg.w.data[56]	reg	FF_X256_Y70_N14
NODE	all_csr	afu_top|pg_afu.port_gasket|pr_slot|afu_main|port_afu_instances|ofs_plat_afu|core|dma|csr_mgr_inst|mmio64_reg.w.data[38]	reg	FF_X256_Y70_N23
NODE	all_csr	afu_top|pg_afu.port_gasket|pr_slot|afu_main|port_afu_instances|ofs_plat_afu|core|dma|csr_mgr_inst|mmio64_reg.w.data[39]	reg	FF_X256_Y70_N38
NODE	all_csr	afu_top|pg_afu.port_gasket|pr_slot|afu_main|port_afu_instances|ofs_plat_afu|core|dma|csr_mgr_inst|mmio64_reg.w.data[40]	reg	FF_X256_Y70_N22
NODE	all_csr	afu_top|pg_afu.port_gasket|pr_slot|afu_main|port_afu_instances|ofs_plat_afu|core|dma|csr_mgr_inst|mmio64_reg.w.data[41]~.comb	reg	FF_X256_Y70_N34
NODE	all_csr	afu_top|pg_afu.port_gasket|pr_slot|afu_main|port_afu_instances|ofs_plat_afu|core|dma|csr_mgr_inst|mmio64_reg.w.data[34]~.comb	reg	FF_X256_Y70_N31
NODE	all_csr	afu_top|pg_afu.port_gasket|pr_slot|afu_main|port_afu_instances|ofs_plat_afu|core|dma|csr_mgr_inst|mmio64_reg.w.data[35]	reg	FF_X256_Y70_N29
NODE	all_csr	afu_top|pg_afu.port_gasket|pr_slot|afu_main|port_afu_instances|ofs_plat_afu|core|dma|csr_mgr_inst|mmio64_reg.w.data[36]	reg	FF_X258_Y74_N32
NODE	all_csr	afu_top|pg_afu.port_gasket|pr_slot|afu_main|port_afu_instances|ofs_plat_afu|core|dma|csr_mgr_inst|mmio64_reg.w.data[37]~.comb	reg	FF_X256_Y70_N32
NODE	all_csr	afu_top|pg_afu.port_gasket|pr_slot|afu_main|port_afu_instances|ofs_plat_afu|core|dma|csr_mgr_inst|mmio64_reg.w.data[61]	reg	FF_X258_Y73_N50
NODE	all_csr	afu_top|pg_afu.port_gasket|pr_slot|afu_main|port_afu_instances|ofs_plat_afu|core|dma|csr_mgr_inst|mmio64_reg.w.data[62]	reg	FF_X259_Y71_N7
NODE	all_csr	afu_top|pg_afu.port_gasket|pr_slot|afu_main|port_afu_instances|ofs_plat_afu|core|dma|csr_mgr_inst|mmio64_reg.w.data[63]	reg	FF_X258_Y73_N49
NODE	all_csr	afu_top|pg_afu.port_gasket|pr_slot|afu_main|port_afu_instances|ofs_plat_afu|core|dma|csr_mgr_inst|mmio64_reg.w.data[57]	reg	FF_X258_Y74_N29
NODE	all_csr	afu_top|pg_afu.port_gasket|pr_slot|afu_main|port_afu_instances|ofs_plat_afu|core|dma|csr_mgr_inst|mmio64_reg.w.data[58]	reg	FF_X258_Y74_N11
NODE	all_csr	afu_top|pg_afu.port_gasket|pr_slot|afu_main|port_afu_instances|ofs_plat_afu|core|dma|csr_mgr_inst|mmio64_reg.w.data[59]	reg	FF_X258_Y74_N8
NODE	all_csr	afu_top|pg_afu.port_gasket|pr_slot|afu_main|port_afu_instances|ofs_plat_afu|core|dma|csr_mgr_inst|mmio64_reg.w.data[60]	reg	FF_X258_Y74_N2
NODE	all_csr	afu_top|pg_afu.port_gasket|pr_slot|afu_main|port_afu_instances|ofs_plat_afu|core|dma|csr_mgr_inst|mmio64_reg.w.data[31]~.comb	reg	FF_X258_Y71_N37
NODE	all_csr	afu_top|pg_afu.port_gasket|pr_slot|afu_main|port_afu_instances|ofs_plat_afu|core|dma|csr_mgr_inst|mmio64_reg.w.data[22]	reg	FF_X259_Y71_N10
NODE	all_csr	afu_top|pg_afu.port_gasket|pr_slot|afu_main|port_afu_instances|ofs_plat_afu|core|dma|csr_mgr_inst|mmio64_reg.w.data[29]	reg	FF_X259_Y70_N7
NODE	all_csr	afu_top|pg_afu.port_gasket|pr_slot|afu_main|port_afu_instances|ofs_plat_afu|core|dma|csr_mgr_inst|mmio64_reg.w.data[30]	reg	FF_X259_Y70_N26
NODE	all_csr	afu_top|pg_afu.port_gasket|pr_slot|afu_main|port_afu_instances|ofs_plat_afu|core|dma|csr_mgr_inst|mmio64_reg.w.data[23]	reg	FF_X258_Y71_N13
NODE	all_csr	afu_top|pg_afu.port_gasket|pr_slot|afu_main|port_afu_instances|ofs_plat_afu|core|dma|csr_mgr_inst|mmio64_reg.w.data[24]	reg	FF_X259_Y71_N50
NODE	all_csr	afu_top|pg_afu.port_gasket|pr_slot|afu_main|port_afu_instances|ofs_plat_afu|core|dma|csr_mgr_inst|mmio64_reg.w.data[25]	reg	FF_X259_Y71_N26
NODE	all_csr	afu_top|pg_afu.port_gasket|pr_slot|afu_main|port_afu_instances|ofs_plat_afu|core|dma|csr_mgr_inst|mmio64_reg.w.data[28]	reg	FF_X259_Y71_N56
NODE	all_csr	afu_top|pg_afu.port_gasket|pr_slot|afu_main|port_afu_instances|ofs_plat_afu|core|dma|csr_mgr_inst|mmio64_reg.w.data[17]	reg	FF_X259_Y71_N19
NODE	all_csr	afu_top|pg_afu.port_gasket|pr_slot|afu_main|port_afu_instances|ofs_plat_afu|core|dma|csr_mgr_inst|mmio64_reg.w.data[18]	reg	FF_X259_Y71_N13
NODE	all_csr	afu_top|pg_afu.port_gasket|pr_slot|afu_main|port_afu_instances|ofs_plat_afu|core|dma|csr_mgr_inst|mmio64_reg.w.data[19]	reg	FF_X259_Y71_N17
NODE	all_csr	afu_top|pg_afu.port_gasket|pr_slot|afu_main|port_afu_instances|ofs_plat_afu|core|dma|csr_mgr_inst|mmio64_reg.w.data[20]	reg	FF_X259_Y71_N47
NODE	all_csr	afu_top|pg_afu.port_gasket|pr_slot|afu_main|port_afu_instances|ofs_plat_afu|core|dma|csr_mgr_inst|mmio64_reg.w.data[21]	reg	FF_X258_Y71_N19
NODE	all_csr	afu_top|pg_afu.port_gasket|pr_slot|afu_main|port_afu_instances|ofs_plat_afu|core|dma|csr_mgr_inst|mmio64_reg.w.data[26]	reg	FF_X259_Y70_N13
NODE	all_csr	afu_top|pg_afu.port_gasket|pr_slot|afu_main|port_afu_instances|ofs_plat_afu|core|dma|csr_mgr_inst|mmio64_reg.w.data[27]~.comb	reg	FF_X259_Y67_N1
NODE	all_csr	afu_top|pg_afu.port_gasket|pr_slot|afu_main|port_afu_instances|ofs_plat_afu|core|dma|csr_mgr_inst|mmio64_reg.w.data[4]	reg	FF_X258_Y71_N7
NODE	all_csr	afu_top|pg_afu.port_gasket|pr_slot|afu_main|port_afu_instances|ofs_plat_afu|core|dma|csr_mgr_inst|mmio64_reg.w.data[6]	reg	FF_X258_Y71_N2
NODE	all_csr	afu_top|pg_afu.port_gasket|pr_slot|afu_main|port_afu_instances|ofs_plat_afu|core|dma|csr_mgr_inst|mmio64_reg.w.data[7]	reg	FF_X258_Y71_N8
NODE	all_csr	afu_top|pg_afu.port_gasket|pr_slot|afu_main|port_afu_instances|ofs_plat_afu|core|dma|csr_mgr_inst|mmio64_reg.w.data[0]	reg	FF_X259_Y71_N1
NODE	all_csr	afu_top|pg_afu.port_gasket|pr_slot|afu_main|port_afu_instances|ofs_plat_afu|core|dma|csr_mgr_inst|mmio64_reg.w.data[1]~.comb	reg	FF_X259_Y71_N41
NODE	all_csr	afu_top|pg_afu.port_gasket|pr_slot|afu_main|port_afu_instances|ofs_plat_afu|core|dma|csr_mgr_inst|mmio64_reg.w.data[2]	reg	FF_X259_Y71_N28
NODE	all_csr	afu_top|pg_afu.port_gasket|pr_slot|afu_main|port_afu_instances|ofs_plat_afu|core|dma|csr_mgr_inst|mmio64_reg.w.data[3]~.comb	reg	FF_X259_Y71_N38
NODE	all_csr	afu_top|pg_afu.port_gasket|pr_slot|afu_main|port_afu_instances|ofs_plat_afu|core|dma|csr_mgr_inst|mmio64_reg.w.data[13]	reg	FF_X258_Y71_N31
NODE	all_csr	afu_top|pg_afu.port_gasket|pr_slot|afu_main|port_afu_instances|ofs_plat_afu|core|dma|csr_mgr_inst|mmio64_reg.w.data[14]	reg	FF_X258_Y71_N49
NODE	all_csr	afu_top|pg_afu.port_gasket|pr_slot|afu_main|port_afu_instances|ofs_plat_afu|core|dma|csr_mgr_inst|mmio64_reg.w.data[15]	reg	FF_X259_Y71_N43
NODE	all_csr	afu_top|pg_afu.port_gasket|pr_slot|afu_main|port_afu_instances|ofs_plat_afu|core|dma|csr_mgr_inst|mmio64_reg.w.data[16]	reg	FF_X258_Y71_N10
NODE	all_csr	afu_top|pg_afu.port_gasket|pr_slot|afu_main|port_afu_instances|ofs_plat_afu|core|dma|csr_mgr_inst|mmio64_reg.w.data[8]	reg	FF_X258_Y71_N25
NODE	all_csr	afu_top|pg_afu.port_gasket|pr_slot|afu_main|port_afu_instances|ofs_plat_afu|core|dma|csr_mgr_inst|mmio64_reg.w.data[9]	reg	FF_X258_Y71_N11
NODE	all_csr	afu_top|pg_afu.port_gasket|pr_slot|afu_main|port_afu_instances|ofs_plat_afu|core|dma|csr_mgr_inst|mmio64_reg.w.data[10]	reg	FF_X259_Y71_N5
NODE	all_csr	afu_top|pg_afu.port_gasket|pr_slot|afu_main|port_afu_instances|ofs_plat_afu|core|dma|csr_mgr_inst|mmio64_reg.w.data[11]	reg	FF_X259_Y71_N31
NODE	all_csr	afu_top|pg_afu.port_gasket|pr_slot|afu_main|port_afu_instances|ofs_plat_afu|core|dma|csr_mgr_inst|mmio64_reg.w.data[12]~.comb	reg	FF_X258_Y71_N41
NODE	all_csr	afu_top|pg_afu.port_gasket|pr_slot|afu_main|port_afu_instances|ofs_plat_afu|core|dma|csr_mgr_inst|mmio64_reg.r.id[8]	reg	FF_X245_Y71_N50
NODE	all_csr	afu_top|pg_afu.port_gasket|pr_slot|afu_main|port_afu_instances|ofs_plat_afu|core|dma|csr_mgr_inst|mmio64_reg.r.id[9]	reg	FF_X245_Y71_N56
NODE	all_csr	afu_top|pg_afu.port_gasket|pr_slot|afu_main|port_afu_instances|ofs_plat_afu|core|dma|csr_mgr_inst|mmio64_reg.r.id[0]	reg	FF_X245_Y71_N5
NODE	all_csr	afu_top|pg_afu.port_gasket|pr_slot|afu_main|port_afu_instances|ofs_plat_afu|core|dma|csr_mgr_inst|mmio64_reg.r.id[1]	reg	FF_X245_Y71_N22
NODE	all_csr	afu_top|pg_afu.port_gasket|pr_slot|afu_main|port_afu_instances|ofs_plat_afu|core|dma|csr_mgr_inst|mmio64_reg.r.id[2]	reg	FF_X245_Y71_N1
NODE	all_csr	afu_top|pg_afu.port_gasket|pr_slot|afu_main|port_afu_instances|ofs_plat_afu|core|dma|csr_mgr_inst|mmio64_reg.r.id[3]	reg	FF_X245_Y71_N20
NODE	all_csr	afu_top|pg_afu.port_gasket|pr_slot|afu_main|port_afu_instances|ofs_plat_afu|core|dma|csr_mgr_inst|mmio64_reg.r.id[4]	reg	FF_X245_Y71_N16
NODE	all_csr	afu_top|pg_afu.port_gasket|pr_slot|afu_main|port_afu_instances|ofs_plat_afu|core|dma|csr_mgr_inst|mmio64_reg.r.id[5]	reg	FF_X245_Y71_N11
NODE	all_csr	afu_top|pg_afu.port_gasket|pr_slot|afu_main|port_afu_instances|ofs_plat_afu|core|dma|csr_mgr_inst|mmio64_reg.r.id[6]	reg	FF_X245_Y71_N25
NODE	all_csr	afu_top|pg_afu.port_gasket|pr_slot|afu_main|port_afu_instances|ofs_plat_afu|core|dma|csr_mgr_inst|mmio64_reg.r.id[7]	reg	FF_X245_Y71_N7
NODE	all_csr	afu_top|pg_afu.port_gasket|pr_slot|afu_main|port_afu_instances|ofs_plat_afu|core|dma|csr_mgr_inst|mmio64_reg.r.data[32]	reg	FF_X255_Y66_N43
NODE	all_csr	afu_top|pg_afu.port_gasket|pr_slot|afu_main|port_afu_instances|ofs_plat_afu|core|dma|csr_mgr_inst|mmio64_reg.r.id[10]	reg	FF_X245_Y71_N14
NODE	all_csr	afu_top|pg_afu.port_gasket|pr_slot|afu_main|port_afu_instances|ofs_plat_afu|core|dma|csr_mgr_inst|mmio64_reg.r.data[33]	reg	FF_X255_Y66_N49
NODE	all_csr	afu_top|pg_afu.port_gasket|pr_slot|afu_main|port_afu_instances|ofs_plat_afu|core|dma|csr_mgr_inst|mmio64_reg.r.data[34]	reg	FF_X249_Y67_N2
NODE	all_csr	afu_top|pg_afu.port_gasket|pr_slot|afu_main|port_afu_instances|ofs_plat_afu|core|dma|csr_mgr_inst|mmio64_reg.r.data[35]	reg	FF_X249_Y67_N8
NODE	all_csr	afu_top|pg_afu.port_gasket|pr_slot|afu_main|port_afu_instances|ofs_plat_afu|core|dma|csr_mgr_inst|mmio64_reg.r.data[36]	reg	FF_X249_Y67_N14
NODE	all_csr	afu_top|pg_afu.port_gasket|pr_slot|afu_main|port_afu_instances|ofs_plat_afu|core|dma|csr_mgr_inst|mmio64_reg.r.data[37]	reg	FF_X249_Y67_N20
NODE	all_csr	afu_top|pg_afu.port_gasket|pr_slot|afu_main|port_afu_instances|ofs_plat_afu|core|dma|csr_mgr_inst|mmio64_reg.r.data[38]	reg	FF_X249_Y67_N25
NODE	all_csr	afu_top|pg_afu.port_gasket|pr_slot|afu_main|port_afu_instances|ofs_plat_afu|core|dma|csr_mgr_inst|mmio64_reg.r.data[39]	reg	FF_X249_Y67_N31
NODE	all_csr	afu_top|pg_afu.port_gasket|pr_slot|afu_main|port_afu_instances|ofs_plat_afu|core|dma|csr_mgr_inst|mmio64_reg.r.data[8]	reg	FF_X253_Y69_N14
NODE	all_csr	afu_top|pg_afu.port_gasket|pr_slot|afu_main|port_afu_instances|ofs_plat_afu|core|dma|csr_mgr_inst|mmio64_reg.r.data[9]~.comb	reg	FF_X253_Y69_N7
NODE	all_csr	afu_top|pg_afu.port_gasket|pr_slot|afu_main|port_afu_instances|ofs_plat_afu|core|dma|csr_mgr_inst|mmio64_reg.r.data[11]	reg	FF_X253_Y69_N20
NODE	all_csr	afu_top|pg_afu.port_gasket|pr_slot|afu_main|port_afu_instances|ofs_plat_afu|core|dma|csr_mgr_inst|mmio64_reg.r.data[12]	reg	FF_X253_Y69_N55
NODE	all_csr	afu_top|pg_afu.port_gasket|pr_slot|afu_main|port_afu_instances|ofs_plat_afu|core|dma|csr_mgr_inst|mmio64_reg.r.data[14]	reg	FF_X253_Y69_N25
NODE	all_csr	afu_top|pg_afu.port_gasket|pr_slot|afu_main|port_afu_instances|ofs_plat_afu|core|dma|csr_mgr_inst|mmio64_reg.r.data[15]	reg	FF_X255_Y69_N13
NODE	all_csr	afu_top|pg_afu.port_gasket|pr_slot|afu_main|port_afu_instances|ofs_plat_afu|core|dma|csr_mgr_inst|mmio64_reg.r.data[20]	reg	FF_X253_Y67_N14
NODE	all_csr	afu_top|pg_afu.port_gasket|pr_slot|afu_main|port_afu_instances|ofs_plat_afu|core|dma|csr_mgr_inst|mmio64_reg.r.data[21]	reg	FF_X253_Y67_N19
NODE	all_csr	afu_top|pg_afu.port_gasket|pr_slot|afu_main|port_afu_instances|ofs_plat_afu|core|dma|csr_mgr_inst|mmio64_reg.r.data[57]	reg	FF_X250_Y69_N8
NODE	all_csr	afu_top|pg_afu.port_gasket|pr_slot|afu_main|port_afu_instances|ofs_plat_afu|core|dma|csr_mgr_inst|mmio64_reg.r.data[58]	reg	FF_X250_Y69_N2
NODE	all_csr	afu_top|pg_afu.port_gasket|pr_slot|afu_main|port_afu_instances|ofs_plat_afu|core|dma|csr_mgr_inst|mmio64_reg.r.data[59]	reg	FF_X250_Y69_N13
NODE	all_csr	afu_top|pg_afu.port_gasket|pr_slot|afu_main|port_afu_instances|ofs_plat_afu|core|dma|csr_mgr_inst|mmio64_reg.r.data[60]	reg	FF_X250_Y69_N19
NODE	all_csr	afu_top|pg_afu.port_gasket|pr_slot|afu_main|port_afu_instances|ofs_plat_afu|core|dma|csr_mgr_inst|mmio64_reg.r.data[61]	reg	FF_X250_Y69_N25
NODE	all_csr	afu_top|pg_afu.port_gasket|pr_slot|afu_main|port_afu_instances|ofs_plat_afu|core|dma|csr_mgr_inst|mmio64_reg.r.data[62]	reg	FF_X250_Y69_N16
NODE	all_csr	afu_top|pg_afu.port_gasket|pr_slot|afu_main|port_afu_instances|ofs_plat_afu|core|dma|csr_mgr_inst|mmio64_reg.ar.id[8]	reg	FF_X245_Y71_N40
NODE	all_csr	afu_top|pg_afu.port_gasket|pr_slot|afu_main|port_afu_instances|ofs_plat_afu|core|dma|csr_mgr_inst|mmio64_reg.ar.id[9]	reg	FF_X245_Y71_N35
NODE	all_csr	afu_top|pg_afu.port_gasket|pr_slot|afu_main|port_afu_instances|ofs_plat_afu|core|dma|csr_mgr_inst|mmio64_reg.ar.id[0]	reg	FF_X245_Y71_N37
NODE	all_csr	afu_top|pg_afu.port_gasket|pr_slot|afu_main|port_afu_instances|ofs_plat_afu|core|dma|csr_mgr_inst|mmio64_reg.ar.id[1]	reg	FF_X245_Y71_N44
NODE	all_csr	afu_top|pg_afu.port_gasket|pr_slot|afu_main|port_afu_instances|ofs_plat_afu|core|dma|csr_mgr_inst|mmio64_reg.ar.id[2]	reg	FF_X245_Y71_N31
NODE	all_csr	afu_top|pg_afu.port_gasket|pr_slot|afu_main|port_afu_instances|ofs_plat_afu|core|dma|csr_mgr_inst|mmio64_reg.ar.id[3]	reg	FF_X245_Y71_N34
NODE	all_csr	afu_top|pg_afu.port_gasket|pr_slot|afu_main|port_afu_instances|ofs_plat_afu|core|dma|csr_mgr_inst|mmio64_reg.ar.id[4]	reg	FF_X245_Y71_N47
NODE	all_csr	afu_top|pg_afu.port_gasket|pr_slot|afu_main|port_afu_instances|ofs_plat_afu|core|dma|csr_mgr_inst|mmio64_reg.ar.id[5]	reg	FF_X245_Y71_N46
NODE	all_csr	afu_top|pg_afu.port_gasket|pr_slot|afu_main|port_afu_instances|ofs_plat_afu|core|dma|csr_mgr_inst|mmio64_reg.ar.id[6]	reg	FF_X245_Y71_N32
NODE	all_csr	afu_top|pg_afu.port_gasket|pr_slot|afu_main|port_afu_instances|ofs_plat_afu|core|dma|csr_mgr_inst|mmio64_reg.ar.id[7]	reg	FF_X245_Y71_N38
NODE	all_csr	afu_top|pg_afu.port_gasket|pr_slot|afu_main|port_afu_instances|ofs_plat_afu|core|dma|csr_mgr_inst|mmio64_reg.ar.addr[6]	reg	FF_X250_Y69_N31
NODE	all_csr	afu_top|pg_afu.port_gasket|pr_slot|afu_main|port_afu_instances|ofs_plat_afu|core|dma|csr_mgr_inst|mmio64_reg.ar.addr[3]	reg	FF_X251_Y68_N49
NODE	all_csr	afu_top|pg_afu.port_gasket|pr_slot|afu_main|port_afu_instances|ofs_plat_afu|core|dma|csr_mgr_inst|mmio64_reg.ar.addr[5]	reg	FF_X251_Y68_N46
NODE	all_csr	afu_top|pg_afu.port_gasket|pr_slot|afu_main|port_afu_instances|ofs_plat_afu|core|dma|csr_mgr_inst|mmio64_reg.ar.addr[4]	reg	FF_X251_Y68_N1
NODE	all_csr	afu_top|pg_afu.port_gasket|pr_slot|afu_main|port_afu_instances|ofs_plat_afu|core|dma|csr_mgr_inst|mmio64_reg.ar.addr[7]	reg	FF_X250_Y69_N34
NODE	all_csr	afu_top|pg_afu.port_gasket|pr_slot|afu_main|port_afu_instances|ofs_plat_afu|core|dma|csr_mgr_inst|mmio64_reg.ar.addr[9]	reg	FF_X249_Y71_N25
NODE	all_csr	afu_top|pg_afu.port_gasket|pr_slot|afu_main|port_afu_instances|ofs_plat_afu|core|dma|csr_mgr_inst|mmio64_reg.ar.addr[10]	reg	FF_X249_Y71_N38
NODE	all_csr	afu_top|pg_afu.port_gasket|pr_slot|afu_main|port_afu_instances|ofs_plat_afu|core|dma|csr_mgr_inst|mmio64_reg.ar.addr[11]	reg	FF_X249_Y71_N4
NODE	all_csr	afu_top|pg_afu.port_gasket|pr_slot|afu_main|port_afu_instances|ofs_plat_afu|core|dma|csr_mgr_inst|mmio64_reg.ar.addr[12]	reg	FF_X249_Y71_N20
NODE	all_csr	afu_top|pg_afu.port_gasket|pr_slot|afu_main|port_afu_instances|ofs_plat_afu|core|dma|csr_mgr_inst|mmio64_reg.ar.addr[13]	reg	FF_X250_Y70_N16
NODE	all_csr	afu_top|pg_afu.port_gasket|pr_slot|afu_main|port_afu_instances|ofs_plat_afu|core|dma|csr_mgr_inst|mmio64_reg.ar.addr[14]	reg	FF_X249_Y71_N16
NODE	all_csr	afu_top|pg_afu.port_gasket|pr_slot|afu_main|port_afu_instances|ofs_plat_afu|core|dma|csr_mgr_inst|mmio64_reg.ar.addr[15]	reg	FF_X250_Y70_N55
NODE	all_csr	afu_top|pg_afu.port_gasket|pr_slot|afu_main|port_afu_instances|ofs_plat_afu|core|dma|csr_mgr_inst|mmio64_reg.ar.size[0]	reg	FF_X250_Y70_N20
NODE	all_csr	afu_top|pg_afu.port_gasket|pr_slot|afu_main|port_afu_instances|ofs_plat_afu|core|dma|csr_mgr_inst|mmio64_reg.ar.addr[0]	reg	FF_X249_Y71_N10
NODE	all_csr	afu_top|pg_afu.port_gasket|pr_slot|afu_main|port_afu_instances|ofs_plat_afu|core|dma|csr_mgr_inst|mmio64_reg.ar.addr[1]	reg	FF_X249_Y71_N1
NODE	all_csr	afu_top|pg_afu.port_gasket|pr_slot|afu_main|port_afu_instances|ofs_plat_afu|core|dma|csr_mgr_inst|mmio64_reg.ar.addr[2]	reg	FF_X249_Y71_N40
NODE	all_csr	afu_top|pg_afu.port_gasket|pr_slot|afu_main|port_afu_instances|ofs_plat_afu|core|dma|csr_mgr_inst|mmio64_reg.ar.addr[8]	reg	FF_X249_Y71_N28
NODE	all_csr	afu_top|pg_afu.port_gasket|pr_slot|afu_main|port_afu_instances|ofs_plat_afu|core|dma|csr_mgr_inst|mmio64_reg.ar.size[1]	reg	FF_X249_Y71_N14
NODE	all_csr	afu_top|pg_afu.port_gasket|pr_slot|afu_main|port_afu_instances|ofs_plat_afu|core|dma|csr_mgr_inst|mmio64_reg.ar.size[2]	reg	FF_X249_Y71_N7
NODE	all_csr	afu_top|pg_afu.port_gasket|pr_slot|afu_main|port_afu_instances|ofs_plat_afu|core|dma|csr_mgr_inst|mmio64_reg.b.resp[0]	reg	FF_X259_Y70_N37
NODE	all_csr	afu_top|pg_afu.port_gasket|pr_slot|afu_main|port_afu_instances|ofs_plat_afu|core|dma|csr_mgr_inst|mmio64_reg.b.resp[1]~.comb	reg	FF_X259_Y70_N32
NODE	all_csr	afu_top|pg_afu.port_gasket|pr_slot|afu_main|port_afu_instances|ofs_plat_afu|core|dma|csr_mgr_inst|mmio64_reg.r.resp[1]	reg	FF_X253_Y69_N31
NODE	all_csr	afu_top|pg_afu.port_gasket|pr_slot|afu_main|port_afu_instances|ofs_plat_afu|core|dma|csr_mgr_inst|mmio64_reg.ar.id[10]	reg	FF_X245_Y71_N43
NODE	all_csr	afu_top|pg_afu.port_gasket|pr_slot|afu_main|port_afu_instances|ofs_plat_afu|core|dma|csr_mgr_inst|dma_csr_map.control.rsvd_31_6[14]~DUPLICATE.comb	reg	FF_X259_Y66_N1
NODE	all_csr	afu_top|pg_afu.port_gasket|pr_slot|afu_main|port_afu_instances|ofs_plat_afu|core|dma|csr_mgr_inst|dma_csr_map.control.rsvd_31_6[15]~DUPLICATE.comb	reg	FF_X260_Y66_N11
NODE	all_csr	afu_top|pg_afu.port_gasket|pr_slot|afu_main|port_afu_instances|ofs_plat_afu|core|dma|csr_mgr_inst|src_fresh~DUPLICATE.comb	reg	FF_X258_Y70_N7
NODE	all_csr	afu_top|pg_afu.port_gasket|pr_slot|afu_main|port_afu_instances|ofs_plat_afu|core|dma|csr_mgr_inst|dest_fresh~DUPLICATE.comb	reg	FF_X258_Y70_N13
NODE	all_csr	afu_top|pg_afu.port_gasket|pr_slot|afu_main|port_afu_instances|ofs_plat_afu|core|dma|csr_mgr_inst|dma_csr_map.control.rsvd_3~DUPLICATE.comb	reg	FF_X258_Y69_N14
NODE	all_csr	afu_top|pg_afu.port_gasket|pr_slot|afu_main|port_afu_instances|ofs_plat_afu|core|dma|csr_mgr_inst|dma_csr_map.descriptor.src_addr[2]~DUPLICATE.comb	reg	FF_X261_Y69_N20
NODE	all_csr	afu_top|pg_afu.port_gasket|pr_slot|afu_main|port_afu_instances|ofs_plat_afu|core|dma|csr_mgr_inst|dma_csr_map.control.rsvd_4~DUPLICATE.comb	reg	FF_X258_Y69_N23
NODE	all_csr	afu_top|pg_afu.port_gasket|pr_slot|afu_main|port_afu_instances|ofs_plat_afu|core|dma|csr_mgr_inst|dma_csr_map.descriptor.src_addr[3]~DUPLICATE.comb	reg	FF_X261_Y69_N11
NODE	all_csr	afu_top|pg_afu.port_gasket|pr_slot|afu_main|port_afu_instances|ofs_plat_afu|core|dma|csr_mgr_inst|dma_csr_map.control.stop_on_error~DUPLICATE.comb	reg	FF_X258_Y66_N5
NODE	all_csr	afu_top|pg_afu.port_gasket|pr_slot|afu_main|port_afu_instances|ofs_plat_afu|core|dma|csr_mgr_inst|dma_csr_map.descriptor.dest_addr[5]~DUPLICATE.comb	reg	FF_X258_Y68_N4
NODE	all_csr	afu_top|pg_afu.port_gasket|pr_slot|afu_main|port_afu_instances|ofs_plat_afu|core|dma|csr_mgr_inst|dma_csr_map.control.rsvd_31_6[8]~DUPLICATE.comb	reg	FF_X259_Y66_N8
NODE	all_csr	afu_top|pg_afu.port_gasket|pr_slot|afu_main|port_afu_instances|ofs_plat_afu|core|dma|csr_mgr_inst|dma_csr_map.descriptor.length[18]~DUPLICATE.comb	reg	FF_X259_Y66_N19
NODE	all_csr	afu_top|pg_afu.port_gasket|pr_slot|afu_main|port_afu_instances|ofs_plat_afu|core|dma|csr_mgr_inst|dma_csr_map.control.rsvd_31_6[16]~DUPLICATE.comb	reg	FF_X259_Y68_N7
NODE	all_csr	afu_top|pg_afu.port_gasket|pr_slot|afu_main|port_afu_instances|ofs_plat_afu|core|dma|csr_mgr_inst|dma_csr_map.descriptor.dest_addr[54]~DUPLICATE.comb	reg	FF_X256_Y67_N41
NODE	all_csr	afu_top|pg_afu.port_gasket|pr_slot|afu_main|port_afu_instances|ofs_plat_afu|core|dma|csr_mgr_inst|dma_csr_map.descriptor.src_addr[41]~DUPLICATE.comb	reg	FF_X261_Y69_N16
NODE	all_csr	afu_top|pg_afu.port_gasket|pr_slot|afu_main|port_afu_instances|ofs_plat_afu|core|dma|csr_mgr_inst|dma_csr_map.descriptor.src_addr[51]~DUPLICATE.comb	reg	FF_X258_Y67_N8
NODE	all_csr	afu_top|pg_afu.port_gasket|pr_slot|afu_main|port_afu_instances|ofs_plat_afu|core|dma|csr_mgr_inst|dma_csr_map.descriptor.length[0]~DUPLICATE.comb	reg	FF_X259_Y69_N26
NODE	all_csr	afu_top|pg_afu.port_gasket|pr_slot|afu_main|port_afu_instances|ofs_plat_afu|core|dma|csr_mgr_inst|dma_csr_map.descriptor.length[4]~DUPLICATE.comb	reg	FF_X259_Y69_N14
NODE	all_csr	afu_top|pg_afu.port_gasket|pr_slot|afu_main|port_afu_instances|ofs_plat_afu|core|dma|csr_mgr_inst|dma_csr_map.descriptor.length[6]~DUPLICATE.comb	reg	FF_X261_Y69_N2
NODE	all_csr	afu_top|pg_afu.port_gasket|pr_slot|afu_main|port_afu_instances|ofs_plat_afu|core|dma|csr_mgr_inst|dma_csr_map.descriptor.length[12]~DUPLICATE.comb	reg	FF_X259_Y69_N19
NODE	all_csr	afu_top|pg_afu.port_gasket|pr_slot|afu_main|port_afu_instances|ofs_plat_afu|core|dma|csr_mgr_inst|dma_csr_map.descriptor.length[14]~DUPLICATE.comb	reg	FF_X259_Y66_N13
NODE	all_csr	afu_top|pg_afu.port_gasket|pr_slot|afu_main|port_afu_instances|ofs_plat_afu|core|dma|csr_mgr_inst|dma_csr_map.descriptor.length[8]~DUPLICATE.comb	reg	FF_X261_Y69_N35
NODE	all_csr	afu_top|pg_afu.port_gasket|pr_slot|afu_main|port_afu_instances|ofs_plat_afu|core|dma|csr_mgr_inst|dma_csr_map.descriptor.length[9]~DUPLICATE.comb	reg	FF_X261_Y69_N38
NODE	all_csr	afu_top|pg_afu.port_gasket|pr_slot|afu_main|port_afu_instances|ofs_plat_afu|core|dma|csr_mgr_inst|dst_last_q[34]~DUPLICATE.comb	reg	FF_X255_Y68_N34
NODE	all_csr	afu_top|pg_afu.port_gasket|pr_slot|afu_main|port_afu_instances|ofs_plat_afu|core|dma|csr_mgr_inst|mmio64_reg.bvalid~DUPLICATE	reg	FF_X253_Y74_N7
NODE	all_csr	afu_top|pg_afu.port_gasket|pr_slot|afu_main|port_afu_instances|ofs_plat_afu|core|dma|csr_mgr_inst|dma_csr_map.descriptor.src_addr[9]~DUPLICATE.comb	reg	FF_X261_Y69_N43
NODE	all_csr	afu_top|pg_afu.port_gasket|pr_slot|afu_main|port_afu_instances|ofs_plat_afu|core|dma|csr_mgr_inst|dma_csr_map.descriptor.src_addr[10]~DUPLICATE.comb	reg	FF_X261_Y69_N56
NODE	all_csr	afu_top|pg_afu.port_gasket|pr_slot|afu_main|port_afu_instances|ofs_plat_afu|core|dma|csr_mgr_inst|dma_csr_map.descriptor.src_addr[17]~DUPLICATE.comb	reg	FF_X260_Y65_N7
NODE	all_csr	afu_top|pg_afu.port_gasket|pr_slot|afu_main|port_afu_instances|ofs_plat_afu|core|dma|csr_mgr_inst|dma_csr_map.descriptor.src_addr[24]~DUPLICATE.comb	reg	FF_X260_Y65_N2
NODE	all_csr	afu_top|pg_afu.port_gasket|pr_slot|afu_main|port_afu_instances|ofs_plat_afu|core|dma|csr_mgr_inst|mmio64_reg.rvalid~DUPLICATE	reg	FF_X245_Y72_N1
NODE	all_csr	afu_top|pg_afu.port_gasket|pr_slot|afu_main|port_afu_instances|ofs_plat_afu|core|dma|csr_mgr_inst|mmio64_reg.w.data[5]~DUPLICATE	reg	FF_X258_Y71_N44
NODE	all_csr	afu_top|pg_afu.port_gasket|pr_slot|afu_main|port_afu_instances|ofs_plat_afu|core|dma|csr_mgr_inst|mmio64_reg.aw.addr[4]~DUPLICATE	reg	FF_X258_Y72_N56
NODE	all_csr	afu_top|pg_afu.port_gasket|pr_slot|afu_main|port_afu_instances|ofs_plat_afu|core|dma|csr_mgr_inst|mmio64_reg.aw.addr[5]~DUPLICATE	reg	FF_X258_Y72_N14
NODE	all_csr	afu_top|pg_afu.port_gasket|pr_slot|afu_main|port_afu_instances|ofs_plat_afu|core|dma|csr_mgr_inst|mmio64_reg.aw.addr[7]~DUPLICATE	reg	FF_X258_Y72_N26
NODE	all_csr	afu_top|pg_afu.port_gasket|pr_slot|afu_main|port_afu_instances|ofs_plat_afu|core|dma|csr_mgr_inst|mmio64_reg.w.data[50]~DUPLICATE	reg	FF_X256_Y70_N2
NODE	all_csr	afu_top|pg_afu.port_gasket|pr_slot|afu_main|port_afu_instances|ofs_plat_afu|core|dma|csr_mgr_inst|mmio64_reg.w.data[36]~DUPLICATE	reg	FF_X258_Y74_N31
NODE	all_csr	afu_top|pg_afu.port_gasket|pr_slot|afu_main|port_afu_instances|ofs_plat_afu|core|dma|csr_mgr_inst|mmio64_reg.w.data[30]~DUPLICATE	reg	FF_X259_Y70_N25
NODE	all_csr	afu_top|pg_afu.port_gasket|pr_slot|afu_main|port_afu_instances|ofs_plat_afu|core|dma|csr_mgr_inst|mmio64_reg.w.data[28]~DUPLICATE	reg	FF_X259_Y71_N55
NODE	all_csr	afu_top|pg_afu.port_gasket|pr_slot|afu_main|port_afu_instances|ofs_plat_afu|core|dma|csr_mgr_inst|mmio64_reg.w.data[18]~DUPLICATE	reg	FF_X259_Y71_N14
NODE	all_csr	afu_top|pg_afu.port_gasket|pr_slot|afu_main|port_afu_instances|ofs_plat_afu|core|dma|csr_mgr_inst|mmio64_reg.w.data[19]~DUPLICATE	reg	FF_X259_Y71_N16
NODE	all_csr	afu_top|pg_afu.port_gasket|pr_slot|afu_main|port_afu_instances|ofs_plat_afu|core|dma|csr_mgr_inst|mmio64_reg.w.data[21]~DUPLICATE	reg	FF_X258_Y71_N20
NODE	all_csr	afu_top|pg_afu.port_gasket|pr_slot|afu_main|port_afu_instances|ofs_plat_afu|core|dma|csr_mgr_inst|mmio64_reg.w.data[26]~DUPLICATE	reg	FF_X259_Y70_N14
NODE	all_csr	afu_top|pg_afu.port_gasket|pr_slot|afu_main|port_afu_instances|ofs_plat_afu|core|dma|csr_mgr_inst|mmio64_reg.w.data[27]~DUPLICATE.comb	reg	FF_X259_Y67_N2
NODE	all_csr	afu_top|pg_afu.port_gasket|pr_slot|afu_main|port_afu_instances|ofs_plat_afu|core|dma|csr_mgr_inst|mmio64_reg.w.data[6]~DUPLICATE	reg	FF_X258_Y71_N1
NODE	all_csr	afu_top|pg_afu.port_gasket|pr_slot|afu_main|port_afu_instances|ofs_plat_afu|core|dma|csr_mgr_inst|mmio64_reg.w.data[0]~DUPLICATE	reg	FF_X259_Y71_N2
NODE	all_csr	afu_top|pg_afu.port_gasket|pr_slot|afu_main|port_afu_instances|ofs_plat_afu|core|dma|csr_mgr_inst|mmio64_reg.w.data[2]~DUPLICATE	reg	FF_X259_Y71_N29
NODE	all_csr	afu_top|pg_afu.port_gasket|pr_slot|afu_main|port_afu_instances|ofs_plat_afu|core|dma|csr_mgr_inst|mmio64_reg.w.data[3]~DUPLICATE.comb	reg	FF_X259_Y71_N37
NODE	all_csr	afu_top|pg_afu.port_gasket|pr_slot|afu_main|port_afu_instances|ofs_plat_afu|core|dma|csr_mgr_inst|mmio64_reg.w.data[13]~DUPLICATE	reg	FF_X258_Y71_N32
NODE	all_csr	afu_top|pg_afu.port_gasket|pr_slot|afu_main|port_afu_instances|ofs_plat_afu|core|dma|csr_mgr_inst|mmio64_reg.w.data[14]~DUPLICATE	reg	FF_X258_Y71_N50
NODE	all_csr	afu_top|pg_afu.port_gasket|pr_slot|afu_main|port_afu_instances|ofs_plat_afu|core|dma|csr_mgr_inst|mmio64_reg.w.data[8]~DUPLICATE	reg	FF_X258_Y71_N26
NODE	all_csr	afu_top|pg_afu.port_gasket|pr_slot|afu_main|port_afu_instances|ofs_plat_afu|core|dma|csr_mgr_inst|mmio64_reg.w.data[11]~DUPLICATE	reg	FF_X259_Y71_N32
NODE	all_csr	afu_top|pg_afu.port_gasket|pr_slot|afu_main|port_afu_instances|ofs_plat_afu|core|dma|csr_mgr_inst|mmio64_reg.r.id[6]~DUPLICATE	reg	FF_X245_Y71_N26
NODE	all_csr	afu_top|pg_afu.port_gasket|pr_slot|afu_main|port_afu_instances|ofs_plat_afu|core|dma|csr_mgr_inst|mmio64_reg.r.data[36]~DUPLICATE	reg	FF_X249_Y67_N13
NODE	all_csr	afu_top|pg_afu.port_gasket|pr_slot|afu_main|port_afu_instances|ofs_plat_afu|core|dma|csr_mgr_inst|mmio64_reg.ar.addr[6]~DUPLICATE	reg	FF_X250_Y69_N32
NODE	all_csr	afu_top|pg_afu.port_gasket|pr_slot|afu_main|port_afu_instances|ofs_plat_afu|core|dma|csr_mgr_inst|mmio64_reg.ar.addr[3]~DUPLICATE	reg	FF_X251_Y68_N50
NODE	all_csr	afu_top|pg_afu.port_gasket|pr_slot|afu_main|port_afu_instances|ofs_plat_afu|core|dma|csr_mgr_inst|mmio64_reg.ar.addr[4]~DUPLICATE	reg	FF_X251_Y68_N2
NODE	all_csr	afu_top|pg_afu.port_gasket|pr_slot|afu_main|port_afu_instances|ofs_plat_afu|core|dma|csr_mgr_inst|mmio64_reg.ar.addr[13]~DUPLICATE	reg	FF_X250_Y70_N17
NODE	all_csr	afu_top|pg_afu.port_gasket|pr_slot|afu_main|port_afu_instances|ofs_plat_afu|core|dma|csr_mgr_inst|mmio64_reg.ar.addr[15]~DUPLICATE	reg	FF_X250_Y70_N56
NODE	all_csr	afu_top|pg_afu.port_gasket|pr_slot|afu_main|port_afu_instances|ofs_plat_afu|core|dma|csr_mgr_inst|dma_csr_map.control.stop_descriptors~BLOCK_INPUT_MUX_PASSTHROUGH_X258_Y68_N0_I55_dff	reg	BLOCK_INPUT_MUX_PASSTHROUGH_X258_Y68_N0_I55
NODE	all_csr	afu_top|pg_afu.port_gasket|pr_slot|afu_main|port_afu_instances|ofs_plat_afu|core|dma|csr_mgr_inst|dma_csr_map.descriptor.src_addr[1]~BLOCK_INPUT_MUX_PASSTHROUGH_X261_Y68_N0_I5_dff	reg	BLOCK_INPUT_MUX_PASSTHROUGH_X261_Y68_N0_I5
NODE	all_csr	afu_top|pg_afu.port_gasket|pr_slot|afu_main|port_afu_instances|ofs_plat_afu|core|dma|csr_mgr_inst|dma_csr_map.descriptor.dest_addr[4]~BLOCK_INPUT_MUX_PASSTHROUGH_X255_Y68_N0_I1_dff	reg	BLOCK_INPUT_MUX_PASSTHROUGH_X255_Y68_N0_I1
NODE	all_csr	afu_top|pg_afu.port_gasket|pr_slot|afu_main|port_afu_instances|ofs_plat_afu|core|dma|csr_mgr_inst|dma_csr_map.descriptor.dest_addr[3]~BLOCK_INPUT_MUX_PASSTHROUGH_X255_Y68_N0_I7_dff	reg	BLOCK_INPUT_MUX_PASSTHROUGH_X255_Y68_N0_I7
NODE	all_csr	afu_top|pg_afu.port_gasket|pr_slot|afu_main|port_afu_instances|ofs_plat_afu|core|dma|csr_mgr_inst|src_fresh~BLOCK_INPUT_MUX_PASSTHROUGH_X258_Y70_N0_I15_dff	reg	BLOCK_INPUT_MUX_PASSTHROUGH_X258_Y70_N0_I15
NODE	all_csr	afu_top|pg_afu.port_gasket|pr_slot|afu_main|port_afu_instances|ofs_plat_afu|core|dma|csr_mgr_inst|dma_csr_map.descriptor.dest_addr[1]~BLOCK_INPUT_MUX_PASSTHROUGH_X255_Y68_N0_I5_dff	reg	BLOCK_INPUT_MUX_PASSTHROUGH_X255_Y68_N0_I5
NODE	all_csr	afu_top|pg_afu.port_gasket|pr_slot|afu_main|port_afu_instances|ofs_plat_afu|core|dma|csr_mgr_inst|length_fresh~BLOCK_INPUT_MUX_PASSTHROUGH_X258_Y70_N0_I29_dff	reg	BLOCK_INPUT_MUX_PASSTHROUGH_X258_Y70_N0_I29
NODE	all_csr	afu_top|pg_afu.port_gasket|pr_slot|afu_main|port_afu_instances|ofs_plat_afu|core|dma|csr_mgr_inst|dma_csr_map.descriptor.src_addr[2]~BLOCK_INPUT_MUX_PASSTHROUGH_X261_Y68_N0_I7_dff	reg	BLOCK_INPUT_MUX_PASSTHROUGH_X261_Y68_N0_I7
NODE	all_csr	afu_top|pg_afu.port_gasket|pr_slot|afu_main|port_afu_instances|ofs_plat_afu|core|dma|csr_mgr_inst|dma_csr_map.descriptor.dest_addr[2]~BLOCK_INPUT_MUX_PASSTHROUGH_X255_Y68_N0_I0_dff	reg	BLOCK_INPUT_MUX_PASSTHROUGH_X255_Y68_N0_I0
NODE	all_csr	afu_top|pg_afu.port_gasket|pr_slot|afu_main|port_afu_instances|ofs_plat_afu|core|dma|csr_mgr_inst|dma_csr_map.control.rsvd_4~BLOCK_INPUT_MUX_PASSTHROUGH_X258_Y68_N0_I64_dff	reg	BLOCK_INPUT_MUX_PASSTHROUGH_X258_Y68_N0_I64
NODE	all_csr	afu_top|pg_afu.port_gasket|pr_slot|afu_main|port_afu_instances|ofs_plat_afu|core|dma|csr_mgr_inst|dma_csr_map.descriptor.src_addr[3]~BLOCK_INPUT_MUX_PASSTHROUGH_X261_Y68_N0_I0_dff	reg	BLOCK_INPUT_MUX_PASSTHROUGH_X261_Y68_N0_I0
NODE	all_csr	afu_top|pg_afu.port_gasket|pr_slot|afu_main|port_afu_instances|ofs_plat_afu|core|dma|csr_mgr_inst|dma_csr_map.descriptor.dest_addr[0]~BLOCK_INPUT_MUX_PASSTHROUGH_X255_Y68_N0_I4_dff	reg	BLOCK_INPUT_MUX_PASSTHROUGH_X255_Y68_N0_I4
NODE	all_csr	afu_top|pg_afu.port_gasket|pr_slot|afu_main|port_afu_instances|ofs_plat_afu|core|dma|csr_mgr_inst|dma_csr_map.control.stop_dispatcher~BLOCK_INPUT_MUX_PASSTHROUGH_X258_Y68_N0_I54_dff	reg	BLOCK_INPUT_MUX_PASSTHROUGH_X258_Y68_N0_I54
NODE	all_csr	afu_top|pg_afu.port_gasket|pr_slot|afu_main|port_afu_instances|ofs_plat_afu|core|dma|csr_mgr_inst|dma_csr_map.descriptor.dest_addr[5]~BLOCK_INPUT_MUX_PASSTHROUGH_X255_Y68_N0_I6_dff	reg	BLOCK_INPUT_MUX_PASSTHROUGH_X255_Y68_N0_I6
NODE	all_csr	afu_top|pg_afu.port_gasket|pr_slot|afu_main|port_afu_instances|ofs_plat_afu|core|dma|csr_mgr_inst|dma_csr_map.control.rsvd_31_6[7]~BLOCK_INPUT_MUX_PASSTHROUGH_X259_Y68_N0_I63_dff	reg	BLOCK_INPUT_MUX_PASSTHROUGH_X259_Y68_N0_I63
NODE	all_csr	afu_top|pg_afu.port_gasket|pr_slot|afu_main|port_afu_instances|ofs_plat_afu|core|dma|csr_mgr_inst|dma_csr_map.descriptor.src_addr[0]~BLOCK_INPUT_MUX_PASSTHROUGH_X261_Y68_N0_I4_dff	reg	BLOCK_INPUT_MUX_PASSTHROUGH_X261_Y68_N0_I4
NODE	all_csr	afu_top|pg_afu.port_gasket|pr_slot|afu_main|port_afu_instances|ofs_plat_afu|core|dma|csr_mgr_inst|dma_csr_map.descriptor.src_addr[5]~BLOCK_INPUT_MUX_PASSTHROUGH_X261_Y68_N0_I6_dff	reg	BLOCK_INPUT_MUX_PASSTHROUGH_X261_Y68_N0_I6
NODE	all_csr	afu_top|pg_afu.port_gasket|pr_slot|afu_main|port_afu_instances|ofs_plat_afu|core|dma|csr_mgr_inst|dma_csr_map.descriptor.src_addr[4]~BLOCK_INPUT_MUX_PASSTHROUGH_X261_Y68_N0_I1_dff	reg	BLOCK_INPUT_MUX_PASSTHROUGH_X261_Y68_N0_I1
NODE	all_csr	afu_top|pg_afu.port_gasket|pr_slot|afu_main|port_afu_instances|ofs_plat_afu|core|dma|csr_mgr_inst|dma_csr_map.control.rsvd_31_6[4]~BLOCK_INPUT_MUX_PASSTHROUGH_X258_Y66_N0_I72_dff	reg	BLOCK_INPUT_MUX_PASSTHROUGH_X258_Y66_N0_I72
NODE	all_csr	afu_top|pg_afu.port_gasket|pr_slot|afu_main|port_afu_instances|ofs_plat_afu|core|dma|csr_mgr_inst|add_2~1_BLOCK_INPUT_MUX_PASSTHROUGH_X255_Y67_N0_I15_dff	reg	BLOCK_INPUT_MUX_PASSTHROUGH_X255_Y67_N0_I15
NODE	all_csr	afu_top|pg_afu.port_gasket|pr_slot|afu_main|port_afu_instances|ofs_plat_afu|core|dma|csr_mgr_inst|add_2~6_BLOCK_INPUT_MUX_PASSTHROUGH_X255_Y67_N0_I5_dff	reg	BLOCK_INPUT_MUX_PASSTHROUGH_X255_Y67_N0_I5
NODE	all_csr	afu_top|pg_afu.port_gasket|pr_slot|afu_main|port_afu_instances|ofs_plat_afu|core|dma|csr_mgr_inst|add_2~11_BLOCK_INPUT_MUX_PASSTHROUGH_X255_Y68_N0_I54_dff	reg	BLOCK_INPUT_MUX_PASSTHROUGH_X255_Y68_N0_I54
NODE	all_csr	afu_top|pg_afu.port_gasket|pr_slot|afu_main|port_afu_instances|ofs_plat_afu|core|dma|csr_mgr_inst|add_2~16_BLOCK_INPUT_MUX_PASSTHROUGH_X255_Y68_N0_I78_dff	reg	BLOCK_INPUT_MUX_PASSTHROUGH_X255_Y68_N0_I78
NODE	all_csr	afu_top|pg_afu.port_gasket|pr_slot|afu_main|port_afu_instances|ofs_plat_afu|core|dma|csr_mgr_inst|add_2~21_BLOCK_INPUT_MUX_PASSTHROUGH_X255_Y68_N0_I48_dff	reg	BLOCK_INPUT_MUX_PASSTHROUGH_X255_Y68_N0_I48
NODE	all_csr	afu_top|pg_afu.port_gasket|pr_slot|afu_main|port_afu_instances|ofs_plat_afu|core|dma|csr_mgr_inst|add_2~26_BLOCK_INPUT_MUX_PASSTHROUGH_X255_Y68_N0_I72_dff	reg	BLOCK_INPUT_MUX_PASSTHROUGH_X255_Y68_N0_I72
NODE	all_csr	afu_top|pg_afu.port_gasket|pr_slot|afu_main|port_afu_instances|ofs_plat_afu|core|dma|csr_mgr_inst|add_2~31_BLOCK_INPUT_MUX_PASSTHROUGH_X255_Y67_N0_I39_dff	reg	BLOCK_INPUT_MUX_PASSTHROUGH_X255_Y67_N0_I39
NODE	all_csr	afu_top|pg_afu.port_gasket|pr_slot|afu_main|port_afu_instances|ofs_plat_afu|core|dma|csr_mgr_inst|add_2~36_BLOCK_INPUT_MUX_PASSTHROUGH_X255_Y68_N0_I69_dff	reg	BLOCK_INPUT_MUX_PASSTHROUGH_X255_Y68_N0_I69
NODE	all_csr	afu_top|pg_afu.port_gasket|pr_slot|afu_main|port_afu_instances|ofs_plat_afu|core|dma|csr_mgr_inst|add_2~41_BLOCK_INPUT_MUX_PASSTHROUGH_X255_Y67_N0_I21_dff	reg	BLOCK_INPUT_MUX_PASSTHROUGH_X255_Y67_N0_I21
NODE	all_csr	afu_top|pg_afu.port_gasket|pr_slot|afu_main|port_afu_instances|ofs_plat_afu|core|dma|csr_mgr_inst|add_0~1_BLOCK_INPUT_MUX_PASSTHROUGH_X261_Y67_N0_I44_dff	reg	BLOCK_INPUT_MUX_PASSTHROUGH_X261_Y67_N0_I44
NODE	all_csr	afu_top|pg_afu.port_gasket|pr_slot|afu_main|port_afu_instances|ofs_plat_afu|core|dma|csr_mgr_inst|add_0~6_BLOCK_INPUT_MUX_PASSTHROUGH_X261_Y67_N0_I46_dff	reg	BLOCK_INPUT_MUX_PASSTHROUGH_X261_Y67_N0_I46
NODE	all_csr	afu_top|pg_afu.port_gasket|pr_slot|afu_main|port_afu_instances|ofs_plat_afu|core|dma|csr_mgr_inst|add_2~46_BLOCK_INPUT_MUX_PASSTHROUGH_X255_Y67_N0_I31_dff	reg	BLOCK_INPUT_MUX_PASSTHROUGH_X255_Y67_N0_I31
NODE	all_csr	afu_top|pg_afu.port_gasket|pr_slot|afu_main|port_afu_instances|ofs_plat_afu|core|dma|csr_mgr_inst|add_2~51_BLOCK_INPUT_MUX_PASSTHROUGH_X255_Y67_N0_I45_dff	reg	BLOCK_INPUT_MUX_PASSTHROUGH_X255_Y67_N0_I45
NODE	all_csr	afu_top|pg_afu.port_gasket|pr_slot|afu_main|port_afu_instances|ofs_plat_afu|core|dma|csr_mgr_inst|add_0~11_BLOCK_INPUT_MUX_PASSTHROUGH_X261_Y67_N0_I53_dff	reg	BLOCK_INPUT_MUX_PASSTHROUGH_X261_Y67_N0_I53
NODE	all_csr	afu_top|pg_afu.port_gasket|pr_slot|afu_main|port_afu_instances|ofs_plat_afu|core|dma|csr_mgr_inst|add_0~16_BLOCK_INPUT_MUX_PASSTHROUGH_X261_Y67_N0_I23_dff	reg	BLOCK_INPUT_MUX_PASSTHROUGH_X261_Y67_N0_I23
NODE	all_csr	afu_top|pg_afu.port_gasket|pr_slot|afu_main|port_afu_instances|ofs_plat_afu|core|dma|csr_mgr_inst|add_0~21_BLOCK_INPUT_MUX_PASSTHROUGH_X261_Y67_N0_I22_dff	reg	BLOCK_INPUT_MUX_PASSTHROUGH_X261_Y67_N0_I22
NODE	all_csr	afu_top|pg_afu.port_gasket|pr_slot|afu_main|port_afu_instances|ofs_plat_afu|core|dma|csr_mgr_inst|add_2~56_BLOCK_INPUT_MUX_PASSTHROUGH_X255_Y67_N0_I54_dff	reg	BLOCK_INPUT_MUX_PASSTHROUGH_X255_Y67_N0_I54
NODE	all_csr	afu_top|pg_afu.port_gasket|pr_slot|afu_main|port_afu_instances|ofs_plat_afu|core|dma|csr_mgr_inst|add_0~26_BLOCK_INPUT_MUX_PASSTHROUGH_X261_Y68_N0_I57_dff	reg	BLOCK_INPUT_MUX_PASSTHROUGH_X261_Y68_N0_I57
NODE	all_csr	afu_top|pg_afu.port_gasket|pr_slot|afu_main|port_afu_instances|ofs_plat_afu|core|dma|csr_mgr_inst|add_0~31_BLOCK_INPUT_MUX_PASSTHROUGH_X261_Y67_N0_I8_dff	reg	BLOCK_INPUT_MUX_PASSTHROUGH_X261_Y67_N0_I8
NODE	all_csr	afu_top|pg_afu.port_gasket|pr_slot|afu_main|port_afu_instances|ofs_plat_afu|core|dma|csr_mgr_inst|add_0~36_BLOCK_INPUT_MUX_PASSTHROUGH_X261_Y67_N0_I14_dff	reg	BLOCK_INPUT_MUX_PASSTHROUGH_X261_Y67_N0_I14
NODE	all_csr	afu_top|pg_afu.port_gasket|pr_slot|afu_main|port_afu_instances|ofs_plat_afu|core|dma|csr_mgr_inst|add_2~61_BLOCK_INPUT_MUX_PASSTHROUGH_X255_Y67_N0_I48_dff	reg	BLOCK_INPUT_MUX_PASSTHROUGH_X255_Y67_N0_I48
NODE	all_csr	afu_top|pg_afu.port_gasket|pr_slot|afu_main|port_afu_instances|ofs_plat_afu|core|dma|csr_mgr_inst|add_2~66_BLOCK_INPUT_MUX_PASSTHROUGH_X255_Y68_N0_I71_dff	reg	BLOCK_INPUT_MUX_PASSTHROUGH_X255_Y68_N0_I71
NODE	all_csr	afu_top|pg_afu.port_gasket|pr_slot|afu_main|port_afu_instances|ofs_plat_afu|core|dma|csr_mgr_inst|add_0~41_BLOCK_INPUT_MUX_PASSTHROUGH_X261_Y67_N0_I4_dff	reg	BLOCK_INPUT_MUX_PASSTHROUGH_X261_Y67_N0_I4
NODE	all_csr	afu_top|pg_afu.port_gasket|pr_slot|afu_main|port_afu_instances|ofs_plat_afu|core|dma|csr_mgr_inst|add_0~46_BLOCK_INPUT_MUX_PASSTHROUGH_X261_Y67_N0_I6_dff	reg	BLOCK_INPUT_MUX_PASSTHROUGH_X261_Y67_N0_I6
NODE	all_csr	afu_top|pg_afu.port_gasket|pr_slot|afu_main|port_afu_instances|ofs_plat_afu|core|dma|csr_mgr_inst|add_2~71_BLOCK_INPUT_MUX_PASSTHROUGH_X255_Y67_N0_I40_dff	reg	BLOCK_INPUT_MUX_PASSTHROUGH_X255_Y67_N0_I40
NODE	all_csr	afu_top|pg_afu.port_gasket|pr_slot|afu_main|port_afu_instances|ofs_plat_afu|core|dma|csr_mgr_inst|add_0~51_BLOCK_INPUT_MUX_PASSTHROUGH_X261_Y68_N0_I79_dff	reg	BLOCK_INPUT_MUX_PASSTHROUGH_X261_Y68_N0_I79
NODE	all_csr	afu_top|pg_afu.port_gasket|pr_slot|afu_main|port_afu_instances|ofs_plat_afu|core|dma|csr_mgr_inst|add_0~56_BLOCK_INPUT_MUX_PASSTHROUGH_X261_Y68_N0_I78_dff	reg	BLOCK_INPUT_MUX_PASSTHROUGH_X261_Y68_N0_I78
NODE	all_csr	afu_top|pg_afu.port_gasket|pr_slot|afu_main|port_afu_instances|ofs_plat_afu|core|dma|csr_mgr_inst|add_2~76_BLOCK_INPUT_MUX_PASSTHROUGH_X255_Y68_N0_I63_dff	reg	BLOCK_INPUT_MUX_PASSTHROUGH_X255_Y68_N0_I63
NODE	all_csr	afu_top|pg_afu.port_gasket|pr_slot|afu_main|port_afu_instances|ofs_plat_afu|core|dma|csr_mgr_inst|add_2~81_BLOCK_INPUT_MUX_PASSTHROUGH_X255_Y68_N0_I62_dff	reg	BLOCK_INPUT_MUX_PASSTHROUGH_X255_Y68_N0_I62
NODE	all_csr	afu_top|pg_afu.port_gasket|pr_slot|afu_main|port_afu_instances|ofs_plat_afu|core|dma|csr_mgr_inst|add_2~86_BLOCK_INPUT_MUX_PASSTHROUGH_X255_Y67_N0_I33_dff	reg	BLOCK_INPUT_MUX_PASSTHROUGH_X255_Y67_N0_I33
NODE	all_csr	afu_top|pg_afu.port_gasket|pr_slot|afu_main|port_afu_instances|ofs_plat_afu|core|dma|csr_mgr_inst|add_2~91_BLOCK_INPUT_MUX_PASSTHROUGH_X255_Y67_N0_I14_dff	reg	BLOCK_INPUT_MUX_PASSTHROUGH_X255_Y67_N0_I14
NODE	all_csr	afu_top|pg_afu.port_gasket|pr_slot|afu_main|port_afu_instances|ofs_plat_afu|core|dma|csr_mgr_inst|add_0~61_BLOCK_INPUT_MUX_PASSTHROUGH_X261_Y67_N0_I54_dff	reg	BLOCK_INPUT_MUX_PASSTHROUGH_X261_Y67_N0_I54
NODE	all_csr	afu_top|pg_afu.port_gasket|pr_slot|afu_main|port_afu_instances|ofs_plat_afu|core|dma|csr_mgr_inst|add_0~66_BLOCK_INPUT_MUX_PASSTHROUGH_X261_Y68_N0_I56_dff	reg	BLOCK_INPUT_MUX_PASSTHROUGH_X261_Y68_N0_I56
NODE	all_csr	afu_top|pg_afu.port_gasket|pr_slot|afu_main|port_afu_instances|ofs_plat_afu|core|dma|csr_mgr_inst|add_2~96_BLOCK_INPUT_MUX_PASSTHROUGH_X255_Y67_N0_I17_dff	reg	BLOCK_INPUT_MUX_PASSTHROUGH_X255_Y67_N0_I17
NODE	all_csr	afu_top|pg_afu.port_gasket|pr_slot|afu_main|port_afu_instances|ofs_plat_afu|core|dma|csr_mgr_inst|add_2~101_BLOCK_INPUT_MUX_PASSTHROUGH_X255_Y67_N0_I6_dff	reg	BLOCK_INPUT_MUX_PASSTHROUGH_X255_Y67_N0_I6
NODE	all_csr	afu_top|pg_afu.port_gasket|pr_slot|afu_main|port_afu_instances|ofs_plat_afu|core|dma|csr_mgr_inst|add_0~71_BLOCK_INPUT_MUX_PASSTHROUGH_X261_Y68_N0_I53_dff	reg	BLOCK_INPUT_MUX_PASSTHROUGH_X261_Y68_N0_I53
NODE	all_csr	afu_top|pg_afu.port_gasket|pr_slot|afu_main|port_afu_instances|ofs_plat_afu|core|dma|csr_mgr_inst|add_2~106_BLOCK_INPUT_MUX_PASSTHROUGH_X255_Y67_N0_I29_dff	reg	BLOCK_INPUT_MUX_PASSTHROUGH_X255_Y67_N0_I29
NODE	all_csr	afu_top|pg_afu.port_gasket|pr_slot|afu_main|port_afu_instances|ofs_plat_afu|core|dma|csr_mgr_inst|add_2~111_BLOCK_INPUT_MUX_PASSTHROUGH_X255_Y67_N0_I63_dff	reg	BLOCK_INPUT_MUX_PASSTHROUGH_X255_Y67_N0_I63
NODE	all_csr	afu_top|pg_afu.port_gasket|pr_slot|afu_main|port_afu_instances|ofs_plat_afu|core|dma|csr_mgr_inst|add_0~76_BLOCK_INPUT_MUX_PASSTHROUGH_X261_Y68_N0_I54_dff	reg	BLOCK_INPUT_MUX_PASSTHROUGH_X261_Y68_N0_I54
NODE	all_csr	afu_top|pg_afu.port_gasket|pr_slot|afu_main|port_afu_instances|ofs_plat_afu|core|dma|csr_mgr_inst|add_0~81_BLOCK_INPUT_MUX_PASSTHROUGH_X261_Y67_N0_I39_dff	reg	BLOCK_INPUT_MUX_PASSTHROUGH_X261_Y67_N0_I39
NODE	all_csr	afu_top|pg_afu.port_gasket|pr_slot|afu_main|port_afu_instances|ofs_plat_afu|core|dma|csr_mgr_inst|add_0~86_BLOCK_INPUT_MUX_PASSTHROUGH_X261_Y67_N0_I37_dff	reg	BLOCK_INPUT_MUX_PASSTHROUGH_X261_Y67_N0_I37
NODE	all_csr	afu_top|pg_afu.port_gasket|pr_slot|afu_main|port_afu_instances|ofs_plat_afu|core|dma|csr_mgr_inst|add_0~91_BLOCK_INPUT_MUX_PASSTHROUGH_X261_Y67_N0_I31_dff	reg	BLOCK_INPUT_MUX_PASSTHROUGH_X261_Y67_N0_I31
NODE	all_csr	afu_top|pg_afu.port_gasket|pr_slot|afu_main|port_afu_instances|ofs_plat_afu|core|dma|csr_mgr_inst|add_0~96_BLOCK_INPUT_MUX_PASSTHROUGH_X261_Y67_N0_I30_dff	reg	BLOCK_INPUT_MUX_PASSTHROUGH_X261_Y67_N0_I30
NODE	all_csr	afu_top|pg_afu.port_gasket|pr_slot|afu_main|port_afu_instances|ofs_plat_afu|core|dma|csr_mgr_inst|add_0~101_BLOCK_INPUT_MUX_PASSTHROUGH_X261_Y68_N0_I46_dff	reg	BLOCK_INPUT_MUX_PASSTHROUGH_X261_Y68_N0_I46
NODE	all_csr	afu_top|pg_afu.port_gasket|pr_slot|afu_main|port_afu_instances|ofs_plat_afu|core|dma|csr_mgr_inst|add_2~116_BLOCK_INPUT_MUX_PASSTHROUGH_X255_Y68_N0_I46_dff	reg	BLOCK_INPUT_MUX_PASSTHROUGH_X255_Y68_N0_I46
NODE	all_csr	afu_top|pg_afu.port_gasket|pr_slot|afu_main|port_afu_instances|ofs_plat_afu|core|dma|csr_mgr_inst|add_0~106_BLOCK_INPUT_MUX_PASSTHROUGH_X261_Y68_N0_I71_dff	reg	BLOCK_INPUT_MUX_PASSTHROUGH_X261_Y68_N0_I71
NODE	all_csr	afu_top|pg_afu.port_gasket|pr_slot|afu_main|port_afu_instances|ofs_plat_afu|core|dma|csr_mgr_inst|add_0~111_BLOCK_INPUT_MUX_PASSTHROUGH_X261_Y68_N0_I69_dff	reg	BLOCK_INPUT_MUX_PASSTHROUGH_X261_Y68_N0_I69
NODE	all_csr	afu_top|pg_afu.port_gasket|pr_slot|afu_main|port_afu_instances|ofs_plat_afu|core|dma|csr_mgr_inst|add_0~116_BLOCK_INPUT_MUX_PASSTHROUGH_X261_Y67_N0_I63_dff	reg	BLOCK_INPUT_MUX_PASSTHROUGH_X261_Y67_N0_I63
NODE	all_csr	afu_top|pg_afu.port_gasket|pr_slot|afu_main|port_afu_instances|ofs_plat_afu|core|dma|csr_mgr_inst|add_0~121_BLOCK_INPUT_MUX_PASSTHROUGH_X261_Y68_N0_I44_dff	reg	BLOCK_INPUT_MUX_PASSTHROUGH_X261_Y68_N0_I44
NODE	all_csr	afu_top|pg_afu.port_gasket|pr_slot|afu_main|port_afu_instances|ofs_plat_afu|core|dma|csr_mgr_inst|add_2~121_BLOCK_INPUT_MUX_PASSTHROUGH_X255_Y68_N0_I44_dff	reg	BLOCK_INPUT_MUX_PASSTHROUGH_X255_Y68_N0_I44
NODE	all_csr	afu_top|pg_afu.port_gasket|pr_slot|afu_main|port_afu_instances|ofs_plat_afu|core|dma|csr_mgr_inst|add_0~126_BLOCK_INPUT_MUX_PASSTHROUGH_X261_Y68_N0_I40_dff	reg	BLOCK_INPUT_MUX_PASSTHROUGH_X261_Y68_N0_I40
NODE	all_csr	afu_top|pg_afu.port_gasket|pr_slot|afu_main|port_afu_instances|ofs_plat_afu|core|dma|csr_mgr_inst|add_2~126_BLOCK_INPUT_MUX_PASSTHROUGH_X255_Y68_N0_I45_dff	reg	BLOCK_INPUT_MUX_PASSTHROUGH_X255_Y68_N0_I45
NODE	all_csr	afu_top|pg_afu.port_gasket|pr_slot|afu_main|port_afu_instances|ofs_plat_afu|core|dma|csr_mgr_inst|add_0~131_BLOCK_INPUT_MUX_PASSTHROUGH_X261_Y68_N0_I45_dff	reg	BLOCK_INPUT_MUX_PASSTHROUGH_X261_Y68_N0_I45
NODE	all_csr	afu_top|pg_afu.port_gasket|pr_slot|afu_main|port_afu_instances|ofs_plat_afu|core|dma|csr_mgr_inst|add_2~131_BLOCK_INPUT_MUX_PASSTHROUGH_X255_Y68_N0_I40_dff	reg	BLOCK_INPUT_MUX_PASSTHROUGH_X255_Y68_N0_I40
NODE	all_csr	afu_top|pg_afu.port_gasket|pr_slot|afu_main|port_afu_instances|ofs_plat_afu|core|dma|csr_mgr_inst|add_0~136_BLOCK_INPUT_MUX_PASSTHROUGH_X261_Y68_N0_I47_dff	reg	BLOCK_INPUT_MUX_PASSTHROUGH_X261_Y68_N0_I47
NODE	all_csr	afu_top|pg_afu.port_gasket|pr_slot|afu_main|port_afu_instances|ofs_plat_afu|core|dma|csr_mgr_inst|add_2~136_BLOCK_INPUT_MUX_PASSTHROUGH_X255_Y68_N0_I47_dff	reg	BLOCK_INPUT_MUX_PASSTHROUGH_X255_Y68_N0_I47
NODE	all_csr	afu_top|pg_afu.port_gasket|pr_slot|afu_main|port_afu_instances|ofs_plat_afu|core|dma|csr_mgr_inst|add_0~141_BLOCK_INPUT_MUX_PASSTHROUGH_X261_Y68_N0_I33_dff	reg	BLOCK_INPUT_MUX_PASSTHROUGH_X261_Y68_N0_I33
NODE	all_csr	afu_top|pg_afu.port_gasket|pr_slot|afu_main|port_afu_instances|ofs_plat_afu|core|dma|csr_mgr_inst|add_2~141_BLOCK_INPUT_MUX_PASSTHROUGH_X255_Y68_N0_I38_dff	reg	BLOCK_INPUT_MUX_PASSTHROUGH_X255_Y68_N0_I38
NODE	all_csr	afu_top|pg_afu.port_gasket|pr_slot|afu_main|port_afu_instances|ofs_plat_afu|core|dma|csr_mgr_inst|add_0~146_BLOCK_INPUT_MUX_PASSTHROUGH_X261_Y68_N0_I38_dff	reg	BLOCK_INPUT_MUX_PASSTHROUGH_X261_Y68_N0_I38
NODE	all_csr	afu_top|pg_afu.port_gasket|pr_slot|afu_main|port_afu_instances|ofs_plat_afu|core|dma|csr_mgr_inst|add_2~146_BLOCK_INPUT_MUX_PASSTHROUGH_X255_Y68_N0_I33_dff	reg	BLOCK_INPUT_MUX_PASSTHROUGH_X255_Y68_N0_I33
NODE	all_csr	afu_top|pg_afu.port_gasket|pr_slot|afu_main|port_afu_instances|ofs_plat_afu|core|dma|csr_mgr_inst|dma_csr_map.descriptor.descriptor_control.rsvd_25_0[4]~BLOCK_INPUT_MUX_PASSTHROUGH_X258_Y68_N0_I70_dff	reg	BLOCK_INPUT_MUX_PASSTHROUGH_X258_Y68_N0_I70
NODE	all_csr	afu_top|pg_afu.port_gasket|pr_slot|afu_main|port_afu_instances|ofs_plat_afu|core|dma|csr_mgr_inst|dma_csr_map.descriptor.descriptor_control.rsvd_25_0[5]~BLOCK_INPUT_MUX_PASSTHROUGH_X258_Y68_N0_I49_dff	reg	BLOCK_INPUT_MUX_PASSTHROUGH_X258_Y68_N0_I49
NODE	all_csr	afu_top|pg_afu.port_gasket|pr_slot|afu_main|port_afu_instances|ofs_plat_afu|core|dma|csr_mgr_inst|dma_csr_map.descriptor.descriptor_control.rsvd_25_0[10]~BLOCK_INPUT_MUX_PASSTHROUGH_X258_Y66_N0_I74_dff	reg	BLOCK_INPUT_MUX_PASSTHROUGH_X258_Y66_N0_I74
NODE	all_csr	afu_top|pg_afu.port_gasket|pr_slot|afu_main|port_afu_instances|ofs_plat_afu|core|dma|csr_mgr_inst|dma_csr_map.descriptor.descriptor_control.rsvd_25_0[13]~BLOCK_INPUT_MUX_PASSTHROUGH_X259_Y68_N0_I62_dff	reg	BLOCK_INPUT_MUX_PASSTHROUGH_X259_Y68_N0_I62
NODE	all_csr	afu_top|pg_afu.port_gasket|pr_slot|afu_main|port_afu_instances|ofs_plat_afu|core|dma|csr_mgr_inst|add_0~151_BLOCK_INPUT_MUX_PASSTHROUGH_X261_Y68_N0_I37_dff	reg	BLOCK_INPUT_MUX_PASSTHROUGH_X261_Y68_N0_I37
NODE	all_csr	afu_top|pg_afu.port_gasket|pr_slot|afu_main|port_afu_instances|ofs_plat_afu|core|dma|csr_mgr_inst|add_2~151_BLOCK_INPUT_MUX_PASSTHROUGH_X255_Y68_N0_I36_dff	reg	BLOCK_INPUT_MUX_PASSTHROUGH_X255_Y68_N0_I36
NODE	all_csr	afu_top|pg_afu.port_gasket|pr_slot|afu_main|port_afu_instances|ofs_plat_afu|core|dma|csr_mgr_inst|add_0~156_BLOCK_INPUT_MUX_PASSTHROUGH_X261_Y68_N0_I39_dff	reg	BLOCK_INPUT_MUX_PASSTHROUGH_X261_Y68_N0_I39
NODE	all_csr	afu_top|pg_afu.port_gasket|pr_slot|afu_main|port_afu_instances|ofs_plat_afu|core|dma|csr_mgr_inst|add_2~156_BLOCK_INPUT_MUX_PASSTHROUGH_X255_Y68_N0_I37_dff	reg	BLOCK_INPUT_MUX_PASSTHROUGH_X255_Y68_N0_I37
NODE	all_csr	afu_top|pg_afu.port_gasket|pr_slot|afu_main|port_afu_instances|ofs_plat_afu|core|dma|csr_mgr_inst|add_0~161_BLOCK_INPUT_MUX_PASSTHROUGH_X261_Y68_N0_I32_dff	reg	BLOCK_INPUT_MUX_PASSTHROUGH_X261_Y68_N0_I32
NODE	all_csr	afu_top|pg_afu.port_gasket|pr_slot|afu_main|port_afu_instances|ofs_plat_afu|core|dma|csr_mgr_inst|add_2~161_BLOCK_INPUT_MUX_PASSTHROUGH_X255_Y68_N0_I32_dff	reg	BLOCK_INPUT_MUX_PASSTHROUGH_X255_Y68_N0_I32
NODE	all_csr	afu_top|pg_afu.port_gasket|pr_slot|afu_main|port_afu_instances|ofs_plat_afu|core|dma|csr_mgr_inst|add_0~166_BLOCK_INPUT_MUX_PASSTHROUGH_X261_Y68_N0_I36_dff	reg	BLOCK_INPUT_MUX_PASSTHROUGH_X261_Y68_N0_I36
NODE	all_csr	afu_top|pg_afu.port_gasket|pr_slot|afu_main|port_afu_instances|ofs_plat_afu|core|dma|csr_mgr_inst|add_2~166_BLOCK_INPUT_MUX_PASSTHROUGH_X255_Y68_N0_I39_dff	reg	BLOCK_INPUT_MUX_PASSTHROUGH_X255_Y68_N0_I39
NODE	all_csr	afu_top|pg_afu.port_gasket|pr_slot|afu_main|port_afu_instances|ofs_plat_afu|core|dma|csr_mgr_inst|add_0~171_BLOCK_INPUT_MUX_PASSTHROUGH_X261_Y68_N0_I30_dff	reg	BLOCK_INPUT_MUX_PASSTHROUGH_X261_Y68_N0_I30
NODE	all_csr	afu_top|pg_afu.port_gasket|pr_slot|afu_main|port_afu_instances|ofs_plat_afu|core|dma|csr_mgr_inst|add_2~171_BLOCK_INPUT_MUX_PASSTHROUGH_X255_Y68_N0_I25_dff	reg	BLOCK_INPUT_MUX_PASSTHROUGH_X255_Y68_N0_I25
NODE	all_csr	afu_top|pg_afu.port_gasket|pr_slot|afu_main|port_afu_instances|ofs_plat_afu|core|dma|csr_mgr_inst|add_0~176_BLOCK_INPUT_MUX_PASSTHROUGH_X261_Y68_N0_I25_dff	reg	BLOCK_INPUT_MUX_PASSTHROUGH_X261_Y68_N0_I25
NODE	all_csr	afu_top|pg_afu.port_gasket|pr_slot|afu_main|port_afu_instances|ofs_plat_afu|core|dma|csr_mgr_inst|add_2~176_BLOCK_INPUT_MUX_PASSTHROUGH_X255_Y68_N0_I30_dff	reg	BLOCK_INPUT_MUX_PASSTHROUGH_X255_Y68_N0_I30
NODE	all_csr	afu_top|pg_afu.port_gasket|pr_slot|afu_main|port_afu_instances|ofs_plat_afu|core|dma|csr_mgr_inst|add_0~181_BLOCK_INPUT_MUX_PASSTHROUGH_X261_Y68_N0_I31_dff	reg	BLOCK_INPUT_MUX_PASSTHROUGH_X261_Y68_N0_I31
NODE	all_csr	afu_top|pg_afu.port_gasket|pr_slot|afu_main|port_afu_instances|ofs_plat_afu|core|dma|csr_mgr_inst|add_2~181_BLOCK_INPUT_MUX_PASSTHROUGH_X255_Y68_N0_I29_dff	reg	BLOCK_INPUT_MUX_PASSTHROUGH_X255_Y68_N0_I29
NODE	all_csr	afu_top|pg_afu.port_gasket|pr_slot|afu_main|port_afu_instances|ofs_plat_afu|core|dma|csr_mgr_inst|add_0~186_BLOCK_INPUT_MUX_PASSTHROUGH_X261_Y68_N0_I29_dff	reg	BLOCK_INPUT_MUX_PASSTHROUGH_X261_Y68_N0_I29
NODE	all_csr	afu_top|pg_afu.port_gasket|pr_slot|afu_main|port_afu_instances|ofs_plat_afu|core|dma|csr_mgr_inst|add_2~186_BLOCK_INPUT_MUX_PASSTHROUGH_X255_Y68_N0_I31_dff	reg	BLOCK_INPUT_MUX_PASSTHROUGH_X255_Y68_N0_I31
NODE	all_csr	afu_top|pg_afu.port_gasket|pr_slot|afu_main|port_afu_instances|ofs_plat_afu|core|dma|csr_mgr_inst|add_0~191_BLOCK_INPUT_MUX_PASSTHROUGH_X261_Y68_N0_I24_dff	reg	BLOCK_INPUT_MUX_PASSTHROUGH_X261_Y68_N0_I24
NODE	all_csr	afu_top|pg_afu.port_gasket|pr_slot|afu_main|port_afu_instances|ofs_plat_afu|core|dma|csr_mgr_inst|add_2~191_BLOCK_INPUT_MUX_PASSTHROUGH_X255_Y68_N0_I24_dff	reg	BLOCK_INPUT_MUX_PASSTHROUGH_X255_Y68_N0_I24
NODE	all_csr	afu_top|pg_afu.port_gasket|pr_slot|afu_main|port_afu_instances|ofs_plat_afu|core|dma|csr_mgr_inst|add_0~196_BLOCK_INPUT_MUX_PASSTHROUGH_X261_Y68_N0_I28_dff	reg	BLOCK_INPUT_MUX_PASSTHROUGH_X261_Y68_N0_I28
NODE	all_csr	afu_top|pg_afu.port_gasket|pr_slot|afu_main|port_afu_instances|ofs_plat_afu|core|dma|csr_mgr_inst|add_2~196_BLOCK_INPUT_MUX_PASSTHROUGH_X255_Y68_N0_I28_dff	reg	BLOCK_INPUT_MUX_PASSTHROUGH_X255_Y68_N0_I28
NODE	all_csr	afu_top|pg_afu.port_gasket|pr_slot|afu_main|port_afu_instances|ofs_plat_afu|core|dma|csr_mgr_inst|add_0~201_BLOCK_INPUT_MUX_PASSTHROUGH_X261_Y68_N0_I17_dff	reg	BLOCK_INPUT_MUX_PASSTHROUGH_X261_Y68_N0_I17
NODE	all_csr	afu_top|pg_afu.port_gasket|pr_slot|afu_main|port_afu_instances|ofs_plat_afu|core|dma|csr_mgr_inst|add_2~201_BLOCK_INPUT_MUX_PASSTHROUGH_X255_Y68_N0_I17_dff	reg	BLOCK_INPUT_MUX_PASSTHROUGH_X255_Y68_N0_I17
NODE	all_csr	afu_top|pg_afu.port_gasket|pr_slot|afu_main|port_afu_instances|ofs_plat_afu|core|dma|csr_mgr_inst|add_0~206_BLOCK_INPUT_MUX_PASSTHROUGH_X261_Y68_N0_I22_dff	reg	BLOCK_INPUT_MUX_PASSTHROUGH_X261_Y68_N0_I22
NODE	all_csr	afu_top|pg_afu.port_gasket|pr_slot|afu_main|port_afu_instances|ofs_plat_afu|core|dma|csr_mgr_inst|add_2~206_BLOCK_INPUT_MUX_PASSTHROUGH_X255_Y68_N0_I22_dff	reg	BLOCK_INPUT_MUX_PASSTHROUGH_X255_Y68_N0_I22
NODE	all_csr	afu_top|pg_afu.port_gasket|pr_slot|afu_main|port_afu_instances|ofs_plat_afu|core|dma|csr_mgr_inst|add_0~211_BLOCK_INPUT_MUX_PASSTHROUGH_X261_Y68_N0_I21_dff	reg	BLOCK_INPUT_MUX_PASSTHROUGH_X261_Y68_N0_I21
NODE	all_csr	afu_top|pg_afu.port_gasket|pr_slot|afu_main|port_afu_instances|ofs_plat_afu|core|dma|csr_mgr_inst|add_2~211_BLOCK_INPUT_MUX_PASSTHROUGH_X255_Y68_N0_I16_dff	reg	BLOCK_INPUT_MUX_PASSTHROUGH_X255_Y68_N0_I16
NODE	all_csr	afu_top|pg_afu.port_gasket|pr_slot|afu_main|port_afu_instances|ofs_plat_afu|core|dma|csr_mgr_inst|add_0~216_BLOCK_INPUT_MUX_PASSTHROUGH_X261_Y68_N0_I23_dff	reg	BLOCK_INPUT_MUX_PASSTHROUGH_X261_Y68_N0_I23
NODE	all_csr	afu_top|pg_afu.port_gasket|pr_slot|afu_main|port_afu_instances|ofs_plat_afu|core|dma|csr_mgr_inst|add_2~216_BLOCK_INPUT_MUX_PASSTHROUGH_X255_Y68_N0_I20_dff	reg	BLOCK_INPUT_MUX_PASSTHROUGH_X255_Y68_N0_I20
NODE	all_csr	afu_top|pg_afu.port_gasket|pr_slot|afu_main|port_afu_instances|ofs_plat_afu|core|dma|csr_mgr_inst|add_0~221_BLOCK_INPUT_MUX_PASSTHROUGH_X261_Y68_N0_I20_dff	reg	BLOCK_INPUT_MUX_PASSTHROUGH_X261_Y68_N0_I20
NODE	all_csr	afu_top|pg_afu.port_gasket|pr_slot|afu_main|port_afu_instances|ofs_plat_afu|core|dma|csr_mgr_inst|add_2~221_BLOCK_INPUT_MUX_PASSTHROUGH_X255_Y68_N0_I23_dff	reg	BLOCK_INPUT_MUX_PASSTHROUGH_X255_Y68_N0_I23
NODE	all_csr	afu_top|pg_afu.port_gasket|pr_slot|afu_main|port_afu_instances|ofs_plat_afu|core|dma|csr_mgr_inst|add_0~226_BLOCK_INPUT_MUX_PASSTHROUGH_X261_Y68_N0_I16_dff	reg	BLOCK_INPUT_MUX_PASSTHROUGH_X261_Y68_N0_I16
NODE	all_csr	afu_top|pg_afu.port_gasket|pr_slot|afu_main|port_afu_instances|ofs_plat_afu|core|dma|csr_mgr_inst|add_2~226_BLOCK_INPUT_MUX_PASSTHROUGH_X255_Y68_N0_I21_dff	reg	BLOCK_INPUT_MUX_PASSTHROUGH_X255_Y68_N0_I21
NODE	all_csr	afu_top|pg_afu.port_gasket|pr_slot|afu_main|port_afu_instances|ofs_plat_afu|core|dma|csr_mgr_inst|add_0~231_BLOCK_INPUT_MUX_PASSTHROUGH_X261_Y68_N0_I14_dff	reg	BLOCK_INPUT_MUX_PASSTHROUGH_X261_Y68_N0_I14
NODE	all_csr	afu_top|pg_afu.port_gasket|pr_slot|afu_main|port_afu_instances|ofs_plat_afu|core|dma|csr_mgr_inst|add_2~231_BLOCK_INPUT_MUX_PASSTHROUGH_X255_Y68_N0_I14_dff	reg	BLOCK_INPUT_MUX_PASSTHROUGH_X255_Y68_N0_I14
NODE	all_csr	afu_top|pg_afu.port_gasket|pr_slot|afu_main|port_afu_instances|ofs_plat_afu|core|dma|csr_mgr_inst|add_0~236_BLOCK_INPUT_MUX_PASSTHROUGH_X261_Y68_N0_I9_dff	reg	BLOCK_INPUT_MUX_PASSTHROUGH_X261_Y68_N0_I9
NODE	all_csr	afu_top|pg_afu.port_gasket|pr_slot|afu_main|port_afu_instances|ofs_plat_afu|core|dma|csr_mgr_inst|add_2~236_BLOCK_INPUT_MUX_PASSTHROUGH_X255_Y68_N0_I9_dff	reg	BLOCK_INPUT_MUX_PASSTHROUGH_X255_Y68_N0_I9
NODE	all_csr	afu_top|pg_afu.port_gasket|pr_slot|afu_main|port_afu_instances|ofs_plat_afu|core|dma|csr_mgr_inst|add_0~241_BLOCK_INPUT_MUX_PASSTHROUGH_X261_Y68_N0_I15_dff	reg	BLOCK_INPUT_MUX_PASSTHROUGH_X261_Y68_N0_I15
NODE	all_csr	afu_top|pg_afu.port_gasket|pr_slot|afu_main|port_afu_instances|ofs_plat_afu|core|dma|csr_mgr_inst|add_2~241_BLOCK_INPUT_MUX_PASSTHROUGH_X255_Y68_N0_I8_dff	reg	BLOCK_INPUT_MUX_PASSTHROUGH_X255_Y68_N0_I8
NODE	all_csr	afu_top|pg_afu.port_gasket|pr_slot|afu_main|port_afu_instances|ofs_plat_afu|core|dma|csr_mgr_inst|add_0~246_BLOCK_INPUT_MUX_PASSTHROUGH_X261_Y68_N0_I8_dff	reg	BLOCK_INPUT_MUX_PASSTHROUGH_X261_Y68_N0_I8
NODE	all_csr	afu_top|pg_afu.port_gasket|pr_slot|afu_main|port_afu_instances|ofs_plat_afu|core|dma|csr_mgr_inst|add_2~246_BLOCK_INPUT_MUX_PASSTHROUGH_X255_Y68_N0_I12_dff	reg	BLOCK_INPUT_MUX_PASSTHROUGH_X255_Y68_N0_I12
NODE	all_csr	afu_top|pg_afu.port_gasket|pr_slot|afu_main|port_afu_instances|ofs_plat_afu|core|dma|csr_mgr_inst|add_0~251_BLOCK_INPUT_MUX_PASSTHROUGH_X261_Y68_N0_I12_dff	reg	BLOCK_INPUT_MUX_PASSTHROUGH_X261_Y68_N0_I12
NODE	all_csr	afu_top|pg_afu.port_gasket|pr_slot|afu_main|port_afu_instances|ofs_plat_afu|core|dma|csr_mgr_inst|add_2~251_BLOCK_INPUT_MUX_PASSTHROUGH_X255_Y68_N0_I15_dff	reg	BLOCK_INPUT_MUX_PASSTHROUGH_X255_Y68_N0_I15
NODE	all_csr	afu_top|pg_afu.port_gasket|pr_slot|afu_main|port_afu_instances|ofs_plat_afu|core|dma|csr_mgr_inst|add_0~256_BLOCK_INPUT_MUX_PASSTHROUGH_X261_Y68_N0_I13_dff	reg	BLOCK_INPUT_MUX_PASSTHROUGH_X261_Y68_N0_I13
NODE	all_csr	afu_top|pg_afu.port_gasket|pr_slot|afu_main|port_afu_instances|ofs_plat_afu|core|dma|csr_mgr_inst|add_2~256_BLOCK_INPUT_MUX_PASSTHROUGH_X255_Y68_N0_I13_dff	reg	BLOCK_INPUT_MUX_PASSTHROUGH_X255_Y68_N0_I13
NODE	all_csr	afu_top|pg_afu.port_gasket|pr_slot|afu_main|port_afu_instances|ofs_plat_afu|core|dma|csr_mgr_inst|mmio64_reg.w.data[5]~BLOCK_INPUT_MUX_PASSTHROUGH_X259_Y65_N0_I4_dff	reg	BLOCK_INPUT_MUX_PASSTHROUGH_X259_Y65_N0_I4
NODE	all_csr	afu_top|pg_afu.port_gasket|pr_slot|afu_main|port_afu_instances|ofs_plat_afu|core|dma|csr_mgr_inst|mmio64_reg.w.data[5]~BLOCK_INPUT_MUX_PASSTHROUGH_X258_Y68_N0_I3_dff	reg	BLOCK_INPUT_MUX_PASSTHROUGH_X258_Y68_N0_I3
NODE	all_csr	afu_top|pg_afu.port_gasket|pr_slot|afu_main|port_afu_instances|ofs_plat_afu|core|dma|csr_mgr_inst|mmio64_reg.w.data[5]~BLOCK_INPUT_MUX_PASSTHROUGH_X260_Y65_N0_I14_dff	reg	BLOCK_INPUT_MUX_PASSTHROUGH_X260_Y65_N0_I14
NODE	all_csr	afu_top|pg_afu.port_gasket|pr_slot|afu_main|port_afu_instances|ofs_plat_afu|core|dma|csr_mgr_inst|mmio64_reg.w.data[5]~BLOCK_INPUT_MUX_PASSTHROUGH_X261_Y69_N0_I69_dff	reg	BLOCK_INPUT_MUX_PASSTHROUGH_X261_Y69_N0_I69
NODE	all_csr	afu_top|pg_afu.port_gasket|pr_slot|afu_main|port_afu_instances|ofs_plat_afu|core|dma|csr_mgr_inst|mmio64_reg.w.data[5]~BLOCK_INPUT_MUX_PASSTHROUGH_X259_Y65_N0_I14_dff	reg	BLOCK_INPUT_MUX_PASSTHROUGH_X259_Y65_N0_I14
NODE	all_csr	afu_top|pg_afu.port_gasket|pr_slot|afu_main|port_afu_instances|ofs_plat_afu|core|dma|csr_mgr_inst|mmio64_reg.w.data[50]~BLOCK_INPUT_MUX_PASSTHROUGH_X256_Y67_N0_I20_dff	reg	BLOCK_INPUT_MUX_PASSTHROUGH_X256_Y67_N0_I20
NODE	all_csr	afu_top|pg_afu.port_gasket|pr_slot|afu_main|port_afu_instances|ofs_plat_afu|core|dma|csr_mgr_inst|mmio64_reg.w.data[50]~BLOCK_INPUT_MUX_PASSTHROUGH_X260_Y67_N0_I20_dff	reg	BLOCK_INPUT_MUX_PASSTHROUGH_X260_Y67_N0_I20
NODE	all_csr	afu_top|pg_afu.port_gasket|pr_slot|afu_main|port_afu_instances|ofs_plat_afu|core|dma|csr_mgr_inst|mmio64_reg.w.data[51]~BLOCK_INPUT_MUX_PASSTHROUGH_X256_Y67_N0_I21_dff	reg	BLOCK_INPUT_MUX_PASSTHROUGH_X256_Y67_N0_I21
NODE	all_csr	afu_top|pg_afu.port_gasket|pr_slot|afu_main|port_afu_instances|ofs_plat_afu|core|dma|csr_mgr_inst|mmio64_reg.w.data[51]~BLOCK_INPUT_MUX_PASSTHROUGH_X258_Y67_N0_I12_dff	reg	BLOCK_INPUT_MUX_PASSTHROUGH_X258_Y67_N0_I12
NODE	all_csr	afu_top|pg_afu.port_gasket|pr_slot|afu_main|port_afu_instances|ofs_plat_afu|core|dma|csr_mgr_inst|mmio64_reg.w.data[52]~BLOCK_INPUT_MUX_PASSTHROUGH_X258_Y67_N0_I18_dff	reg	BLOCK_INPUT_MUX_PASSTHROUGH_X258_Y67_N0_I18
NODE	all_csr	afu_top|pg_afu.port_gasket|pr_slot|afu_main|port_afu_instances|ofs_plat_afu|core|dma|csr_mgr_inst|mmio64_reg.w.data[52]~BLOCK_INPUT_MUX_PASSTHROUGH_X256_Y67_N0_I28_dff	reg	BLOCK_INPUT_MUX_PASSTHROUGH_X256_Y67_N0_I28
NODE	all_csr	afu_top|pg_afu.port_gasket|pr_slot|afu_main|port_afu_instances|ofs_plat_afu|core|dma|csr_mgr_inst|mmio64_reg.w.data[53]~BLOCK_INPUT_MUX_PASSTHROUGH_X256_Y67_N0_I29_dff	reg	BLOCK_INPUT_MUX_PASSTHROUGH_X256_Y67_N0_I29
NODE	all_csr	afu_top|pg_afu.port_gasket|pr_slot|afu_main|port_afu_instances|ofs_plat_afu|core|dma|csr_mgr_inst|mmio64_reg.w.data[53]~BLOCK_INPUT_MUX_PASSTHROUGH_X260_Y67_N0_I13_dff	reg	BLOCK_INPUT_MUX_PASSTHROUGH_X260_Y67_N0_I13
NODE	all_csr	afu_top|pg_afu.port_gasket|pr_slot|afu_main|port_afu_instances|ofs_plat_afu|core|dma|csr_mgr_inst|mmio64_reg.w.data[42]~BLOCK_INPUT_MUX_PASSTHROUGH_X256_Y68_N0_I68_dff	reg	BLOCK_INPUT_MUX_PASSTHROUGH_X256_Y68_N0_I68
NODE	all_csr	afu_top|pg_afu.port_gasket|pr_slot|afu_main|port_afu_instances|ofs_plat_afu|core|dma|csr_mgr_inst|mmio64_reg.w.data[42]~BLOCK_INPUT_MUX_PASSTHROUGH_X260_Y68_N0_I68_dff	reg	BLOCK_INPUT_MUX_PASSTHROUGH_X260_Y68_N0_I68
NODE	all_csr	afu_top|pg_afu.port_gasket|pr_slot|afu_main|port_afu_instances|ofs_plat_afu|core|dma|csr_mgr_inst|mmio64_reg.w.data[43]~BLOCK_INPUT_MUX_PASSTHROUGH_X256_Y68_N0_I69_dff	reg	BLOCK_INPUT_MUX_PASSTHROUGH_X256_Y68_N0_I69
NODE	all_csr	afu_top|pg_afu.port_gasket|pr_slot|afu_main|port_afu_instances|ofs_plat_afu|core|dma|csr_mgr_inst|mmio64_reg.w.data[43]~BLOCK_INPUT_MUX_PASSTHROUGH_X260_Y68_N0_I69_dff	reg	BLOCK_INPUT_MUX_PASSTHROUGH_X260_Y68_N0_I69
NODE	all_csr	afu_top|pg_afu.port_gasket|pr_slot|afu_main|port_afu_instances|ofs_plat_afu|core|dma|csr_mgr_inst|mmio64_reg.w.data[44]~BLOCK_INPUT_MUX_PASSTHROUGH_X256_Y68_N0_I76_dff	reg	BLOCK_INPUT_MUX_PASSTHROUGH_X256_Y68_N0_I76
NODE	all_csr	afu_top|pg_afu.port_gasket|pr_slot|afu_main|port_afu_instances|ofs_plat_afu|core|dma|csr_mgr_inst|mmio64_reg.w.data[44]~BLOCK_INPUT_MUX_PASSTHROUGH_X260_Y68_N0_I76_dff	reg	BLOCK_INPUT_MUX_PASSTHROUGH_X260_Y68_N0_I76
NODE	all_csr	afu_top|pg_afu.port_gasket|pr_slot|afu_main|port_afu_instances|ofs_plat_afu|core|dma|csr_mgr_inst|mmio64_reg.w.data[45]~BLOCK_INPUT_MUX_PASSTHROUGH_X260_Y68_N0_I77_dff	reg	BLOCK_INPUT_MUX_PASSTHROUGH_X260_Y68_N0_I77
NODE	all_csr	afu_top|pg_afu.port_gasket|pr_slot|afu_main|port_afu_instances|ofs_plat_afu|core|dma|csr_mgr_inst|mmio64_reg.w.data[45]~BLOCK_INPUT_MUX_PASSTHROUGH_X256_Y68_N0_I77_dff	reg	BLOCK_INPUT_MUX_PASSTHROUGH_X256_Y68_N0_I77
NODE	all_csr	afu_top|pg_afu.port_gasket|pr_slot|afu_main|port_afu_instances|ofs_plat_afu|core|dma|csr_mgr_inst|mmio64_reg.w.data[46]~BLOCK_INPUT_MUX_PASSTHROUGH_X256_Y67_N0_I4_dff	reg	BLOCK_INPUT_MUX_PASSTHROUGH_X256_Y67_N0_I4
NODE	all_csr	afu_top|pg_afu.port_gasket|pr_slot|afu_main|port_afu_instances|ofs_plat_afu|core|dma|csr_mgr_inst|mmio64_reg.w.data[46]~BLOCK_INPUT_MUX_PASSTHROUGH_X260_Y67_N0_I4_dff	reg	BLOCK_INPUT_MUX_PASSTHROUGH_X260_Y67_N0_I4
NODE	all_csr	afu_top|pg_afu.port_gasket|pr_slot|afu_main|port_afu_instances|ofs_plat_afu|core|dma|csr_mgr_inst|mmio64_reg.w.data[47]~BLOCK_INPUT_MUX_PASSTHROUGH_X260_Y67_N0_I5_dff	reg	BLOCK_INPUT_MUX_PASSTHROUGH_X260_Y67_N0_I5
NODE	all_csr	afu_top|pg_afu.port_gasket|pr_slot|afu_main|port_afu_instances|ofs_plat_afu|core|dma|csr_mgr_inst|mmio64_reg.w.data[47]~BLOCK_INPUT_MUX_PASSTHROUGH_X256_Y67_N0_I5_dff	reg	BLOCK_INPUT_MUX_PASSTHROUGH_X256_Y67_N0_I5
NODE	all_csr	afu_top|pg_afu.port_gasket|pr_slot|afu_main|port_afu_instances|ofs_plat_afu|core|dma|csr_mgr_inst|mmio64_reg.w.data[48]~BLOCK_INPUT_MUX_PASSTHROUGH_X256_Y67_N0_I12_dff	reg	BLOCK_INPUT_MUX_PASSTHROUGH_X256_Y67_N0_I12
NODE	all_csr	afu_top|pg_afu.port_gasket|pr_slot|afu_main|port_afu_instances|ofs_plat_afu|core|dma|csr_mgr_inst|mmio64_reg.w.data[48]~BLOCK_INPUT_MUX_PASSTHROUGH_X260_Y67_N0_I12_dff	reg	BLOCK_INPUT_MUX_PASSTHROUGH_X260_Y67_N0_I12
NODE	all_csr	afu_top|pg_afu.port_gasket|pr_slot|afu_main|port_afu_instances|ofs_plat_afu|core|dma|csr_mgr_inst|mmio64_reg.w.data[49]~BLOCK_INPUT_MUX_PASSTHROUGH_X258_Y67_N0_I5_dff	reg	BLOCK_INPUT_MUX_PASSTHROUGH_X258_Y67_N0_I5
NODE	all_csr	afu_top|pg_afu.port_gasket|pr_slot|afu_main|port_afu_instances|ofs_plat_afu|core|dma|csr_mgr_inst|mmio64_reg.w.data[49]~BLOCK_INPUT_MUX_PASSTHROUGH_X258_Y67_N0_I21_dff	reg	BLOCK_INPUT_MUX_PASSTHROUGH_X258_Y67_N0_I21
NODE	all_csr	afu_top|pg_afu.port_gasket|pr_slot|afu_main|port_afu_instances|ofs_plat_afu|core|dma|csr_mgr_inst|mmio64_reg.w.data[32]~BLOCK_INPUT_MUX_PASSTHROUGH_X260_Y68_N0_I28_dff	reg	BLOCK_INPUT_MUX_PASSTHROUGH_X260_Y68_N0_I28
NODE	all_csr	afu_top|pg_afu.port_gasket|pr_slot|afu_main|port_afu_instances|ofs_plat_afu|core|dma|csr_mgr_inst|mmio64_reg.w.data[32]~BLOCK_INPUT_MUX_PASSTHROUGH_X256_Y68_N0_I28_dff	reg	BLOCK_INPUT_MUX_PASSTHROUGH_X256_Y68_N0_I28
NODE	all_csr	afu_top|pg_afu.port_gasket|pr_slot|afu_main|port_afu_instances|ofs_plat_afu|core|dma|csr_mgr_inst|mmio64_reg.w.data[33]~BLOCK_INPUT_MUX_PASSTHROUGH_X260_Y68_N0_I29_dff	reg	BLOCK_INPUT_MUX_PASSTHROUGH_X260_Y68_N0_I29
NODE	all_csr	afu_top|pg_afu.port_gasket|pr_slot|afu_main|port_afu_instances|ofs_plat_afu|core|dma|csr_mgr_inst|mmio64_reg.w.data[33]~BLOCK_INPUT_MUX_PASSTHROUGH_X256_Y68_N0_I29_dff	reg	BLOCK_INPUT_MUX_PASSTHROUGH_X256_Y68_N0_I29
NODE	all_csr	afu_top|pg_afu.port_gasket|pr_slot|afu_main|port_afu_instances|ofs_plat_afu|core|dma|csr_mgr_inst|mmio64_reg.w.data[54]~BLOCK_INPUT_MUX_PASSTHROUGH_X256_Y67_N0_I53_dff	reg	BLOCK_INPUT_MUX_PASSTHROUGH_X256_Y67_N0_I53
NODE	all_csr	afu_top|pg_afu.port_gasket|pr_slot|afu_main|port_afu_instances|ofs_plat_afu|core|dma|csr_mgr_inst|mmio64_reg.w.data[54]~BLOCK_INPUT_MUX_PASSTHROUGH_X260_Y67_N0_I36_dff	reg	BLOCK_INPUT_MUX_PASSTHROUGH_X260_Y67_N0_I36
NODE	all_csr	afu_top|pg_afu.port_gasket|pr_slot|afu_main|port_afu_instances|ofs_plat_afu|core|dma|csr_mgr_inst|mmio64_reg.w.data[55]~BLOCK_INPUT_MUX_PASSTHROUGH_X260_Y67_N0_I37_dff	reg	BLOCK_INPUT_MUX_PASSTHROUGH_X260_Y67_N0_I37
NODE	all_csr	afu_top|pg_afu.port_gasket|pr_slot|afu_main|port_afu_instances|ofs_plat_afu|core|dma|csr_mgr_inst|mmio64_reg.w.data[55]~BLOCK_INPUT_MUX_PASSTHROUGH_X256_Y67_N0_I37_dff	reg	BLOCK_INPUT_MUX_PASSTHROUGH_X256_Y67_N0_I37
NODE	all_csr	afu_top|pg_afu.port_gasket|pr_slot|afu_main|port_afu_instances|ofs_plat_afu|core|dma|csr_mgr_inst|mmio64_reg.w.data[56]~BLOCK_INPUT_MUX_PASSTHROUGH_X256_Y67_N0_I13_dff	reg	BLOCK_INPUT_MUX_PASSTHROUGH_X256_Y67_N0_I13
NODE	all_csr	afu_top|pg_afu.port_gasket|pr_slot|afu_main|port_afu_instances|ofs_plat_afu|core|dma|csr_mgr_inst|mmio64_reg.w.data[56]~BLOCK_INPUT_MUX_PASSTHROUGH_X260_Y67_N0_I29_dff	reg	BLOCK_INPUT_MUX_PASSTHROUGH_X260_Y67_N0_I29
NODE	all_csr	afu_top|pg_afu.port_gasket|pr_slot|afu_main|port_afu_instances|ofs_plat_afu|core|dma|csr_mgr_inst|mmio64_reg.w.data[38]~BLOCK_INPUT_MUX_PASSTHROUGH_X260_Y68_N0_I52_dff	reg	BLOCK_INPUT_MUX_PASSTHROUGH_X260_Y68_N0_I52
NODE	all_csr	afu_top|pg_afu.port_gasket|pr_slot|afu_main|port_afu_instances|ofs_plat_afu|core|dma|csr_mgr_inst|mmio64_reg.w.data[38]~BLOCK_INPUT_MUX_PASSTHROUGH_X256_Y68_N0_I52_dff	reg	BLOCK_INPUT_MUX_PASSTHROUGH_X256_Y68_N0_I52
NODE	all_csr	afu_top|pg_afu.port_gasket|pr_slot|afu_main|port_afu_instances|ofs_plat_afu|core|dma|csr_mgr_inst|mmio64_reg.w.data[39]~BLOCK_INPUT_MUX_PASSTHROUGH_X256_Y68_N0_I53_dff	reg	BLOCK_INPUT_MUX_PASSTHROUGH_X256_Y68_N0_I53
NODE	all_csr	afu_top|pg_afu.port_gasket|pr_slot|afu_main|port_afu_instances|ofs_plat_afu|core|dma|csr_mgr_inst|mmio64_reg.w.data[39]~BLOCK_INPUT_MUX_PASSTHROUGH_X260_Y68_N0_I53_dff	reg	BLOCK_INPUT_MUX_PASSTHROUGH_X260_Y68_N0_I53
NODE	all_csr	afu_top|pg_afu.port_gasket|pr_slot|afu_main|port_afu_instances|ofs_plat_afu|core|dma|csr_mgr_inst|mmio64_reg.w.data[40]~BLOCK_INPUT_MUX_PASSTHROUGH_X256_Y68_N0_I60_dff	reg	BLOCK_INPUT_MUX_PASSTHROUGH_X256_Y68_N0_I60
NODE	all_csr	afu_top|pg_afu.port_gasket|pr_slot|afu_main|port_afu_instances|ofs_plat_afu|core|dma|csr_mgr_inst|mmio64_reg.w.data[40]~BLOCK_INPUT_MUX_PASSTHROUGH_X260_Y68_N0_I60_dff	reg	BLOCK_INPUT_MUX_PASSTHROUGH_X260_Y68_N0_I60
NODE	all_csr	afu_top|pg_afu.port_gasket|pr_slot|afu_main|port_afu_instances|ofs_plat_afu|core|dma|csr_mgr_inst|mmio64_reg.w.data[41]~BLOCK_INPUT_MUX_PASSTHROUGH_X256_Y68_N0_I61_dff	reg	BLOCK_INPUT_MUX_PASSTHROUGH_X256_Y68_N0_I61
NODE	all_csr	afu_top|pg_afu.port_gasket|pr_slot|afu_main|port_afu_instances|ofs_plat_afu|core|dma|csr_mgr_inst|mmio64_reg.w.data[41]~BLOCK_INPUT_MUX_PASSTHROUGH_X261_Y69_N0_I17_dff	reg	BLOCK_INPUT_MUX_PASSTHROUGH_X261_Y69_N0_I17
NODE	all_csr	afu_top|pg_afu.port_gasket|pr_slot|afu_main|port_afu_instances|ofs_plat_afu|core|dma|csr_mgr_inst|mmio64_reg.w.data[34]~BLOCK_INPUT_MUX_PASSTHROUGH_X256_Y68_N0_I36_dff	reg	BLOCK_INPUT_MUX_PASSTHROUGH_X256_Y68_N0_I36
NODE	all_csr	afu_top|pg_afu.port_gasket|pr_slot|afu_main|port_afu_instances|ofs_plat_afu|core|dma|csr_mgr_inst|mmio64_reg.w.data[34]~BLOCK_INPUT_MUX_PASSTHROUGH_X260_Y68_N0_I36_dff	reg	BLOCK_INPUT_MUX_PASSTHROUGH_X260_Y68_N0_I36
NODE	all_csr	afu_top|pg_afu.port_gasket|pr_slot|afu_main|port_afu_instances|ofs_plat_afu|core|dma|csr_mgr_inst|mmio64_reg.w.data[35]~BLOCK_INPUT_MUX_PASSTHROUGH_X256_Y68_N0_I37_dff	reg	BLOCK_INPUT_MUX_PASSTHROUGH_X256_Y68_N0_I37
NODE	all_csr	afu_top|pg_afu.port_gasket|pr_slot|afu_main|port_afu_instances|ofs_plat_afu|core|dma|csr_mgr_inst|mmio64_reg.w.data[35]~BLOCK_INPUT_MUX_PASSTHROUGH_X260_Y68_N0_I37_dff	reg	BLOCK_INPUT_MUX_PASSTHROUGH_X260_Y68_N0_I37
NODE	all_csr	afu_top|pg_afu.port_gasket|pr_slot|afu_main|port_afu_instances|ofs_plat_afu|core|dma|csr_mgr_inst|mmio64_reg.w.data[36]~BLOCK_INPUT_MUX_PASSTHROUGH_X255_Y69_N0_I2_dff	reg	BLOCK_INPUT_MUX_PASSTHROUGH_X255_Y69_N0_I2
NODE	all_csr	afu_top|pg_afu.port_gasket|pr_slot|afu_main|port_afu_instances|ofs_plat_afu|core|dma|csr_mgr_inst|mmio64_reg.w.data[37]~BLOCK_INPUT_MUX_PASSTHROUGH_X260_Y68_N0_I45_dff	reg	BLOCK_INPUT_MUX_PASSTHROUGH_X260_Y68_N0_I45
NODE	all_csr	afu_top|pg_afu.port_gasket|pr_slot|afu_main|port_afu_instances|ofs_plat_afu|core|dma|csr_mgr_inst|mmio64_reg.w.data[37]~BLOCK_INPUT_MUX_PASSTHROUGH_X256_Y68_N0_I21_dff	reg	BLOCK_INPUT_MUX_PASSTHROUGH_X256_Y68_N0_I21
NODE	all_csr	afu_top|pg_afu.port_gasket|pr_slot|afu_main|port_afu_instances|ofs_plat_afu|core|dma|csr_mgr_inst|Select_0~3_BLOCK_INPUT_MUX_PASSTHROUGH_X258_Y70_N0_I67_dff	reg	BLOCK_INPUT_MUX_PASSTHROUGH_X258_Y70_N0_I67
NODE	all_csr	afu_top|pg_afu.port_gasket|pr_slot|afu_main|port_afu_instances|ofs_plat_afu|core|dma|csr_mgr_inst|Select_0~3_BLOCK_INPUT_MUX_PASSTHROUGH_X258_Y70_N0_I43_dff	reg	BLOCK_INPUT_MUX_PASSTHROUGH_X258_Y70_N0_I43
NODE	all_csr	afu_top|pg_afu.port_gasket|pr_slot|afu_main|port_afu_instances|ofs_plat_afu|core|dma|csr_mgr_inst|Select_0~3_BLOCK_INPUT_MUX_PASSTHROUGH_X259_Y70_N0_I43_dff	reg	BLOCK_INPUT_MUX_PASSTHROUGH_X259_Y70_N0_I43
NODE	all_csr	afu_top|pg_afu.port_gasket|pr_slot|afu_main|port_afu_instances|ofs_plat_afu|core|dma|csr_mgr_inst|reduce_nor_7~BLOCK_INPUT_MUX_PASSTHROUGH_X258_Y70_N0_I64_dff	reg	BLOCK_INPUT_MUX_PASSTHROUGH_X258_Y70_N0_I64
NODE	all_csr	afu_top|pg_afu.port_gasket|pr_slot|afu_main|port_afu_instances|ofs_plat_afu|core|dma|csr_mgr_inst|reduce_nor_7~BLOCK_INPUT_MUX_PASSTHROUGH_X258_Y70_N0_I40_dff	reg	BLOCK_INPUT_MUX_PASSTHROUGH_X258_Y70_N0_I40
NODE	all_csr	afu_top|pg_afu.port_gasket|pr_slot|afu_main|port_afu_instances|ofs_plat_afu|core|dma|csr_mgr_inst|reduce_nor_7~BLOCK_INPUT_MUX_PASSTHROUGH_X259_Y70_N0_I45_dff	reg	BLOCK_INPUT_MUX_PASSTHROUGH_X259_Y70_N0_I45
NODE	all_csr	afu_top|pg_afu.port_gasket|pr_slot|afu_main|port_afu_instances|ofs_plat_afu|core|dma|csr_mgr_inst|reduce_nor_7~BLOCK_INPUT_MUX_PASSTHROUGH_X258_Y70_N0_I32_dff	reg	BLOCK_INPUT_MUX_PASSTHROUGH_X258_Y70_N0_I32
NODE	all_csr	afu_top|pg_afu.port_gasket|pr_slot|afu_main|port_afu_instances|ofs_plat_afu|core|dma|csr_mgr_inst|reduce_nor_7~BLOCK_INPUT_MUX_PASSTHROUGH_X258_Y70_N0_I52_dff	reg	BLOCK_INPUT_MUX_PASSTHROUGH_X258_Y70_N0_I52
NODE	all_csr	afu_top|pg_afu.port_gasket|pr_slot|afu_main|port_afu_instances|ofs_plat_afu|core|dma|csr_mgr_inst|reduce_nor_7~BLOCK_INPUT_MUX_PASSTHROUGH_X258_Y70_N0_I60_dff	reg	BLOCK_INPUT_MUX_PASSTHROUGH_X258_Y70_N0_I60
NODE	all_csr	afu_top|pg_afu.port_gasket|pr_slot|afu_main|port_afu_instances|ofs_plat_afu|core|dma|csr_mgr_inst|reduce_nor_7~BLOCK_INPUT_MUX_PASSTHROUGH_X260_Y70_N0_I12_dff	reg	BLOCK_INPUT_MUX_PASSTHROUGH_X260_Y70_N0_I12
NODE	all_csr	afu_top|pg_afu.port_gasket|pr_slot|afu_main|port_afu_instances|ofs_plat_afu|core|dma|csr_mgr_inst|reduce_nor_7~BLOCK_INPUT_MUX_PASSTHROUGH_X260_Y70_N0_I16_dff	reg	BLOCK_INPUT_MUX_PASSTHROUGH_X260_Y70_N0_I16
NODE	all_csr	afu_top|pg_afu.port_gasket|pr_slot|afu_main|port_afu_instances|ofs_plat_afu|core|dma|csr_mgr_inst|mmio64_reg.w.data[31]~BLOCK_INPUT_MUX_PASSTHROUGH_X259_Y68_N0_I68_dff	reg	BLOCK_INPUT_MUX_PASSTHROUGH_X259_Y68_N0_I68
NODE	all_csr	afu_top|pg_afu.port_gasket|pr_slot|afu_main|port_afu_instances|ofs_plat_afu|core|dma|csr_mgr_inst|mmio64_reg.w.data[31]~BLOCK_INPUT_MUX_PASSTHROUGH_X260_Y68_N0_I21_dff	reg	BLOCK_INPUT_MUX_PASSTHROUGH_X260_Y68_N0_I21
NODE	all_csr	afu_top|pg_afu.port_gasket|pr_slot|afu_main|port_afu_instances|ofs_plat_afu|core|dma|csr_mgr_inst|mmio64_reg.w.data[31]~BLOCK_INPUT_MUX_PASSTHROUGH_X258_Y68_N0_I4_dff	reg	BLOCK_INPUT_MUX_PASSTHROUGH_X258_Y68_N0_I4
NODE	all_csr	afu_top|pg_afu.port_gasket|pr_slot|afu_main|port_afu_instances|ofs_plat_afu|core|dma|csr_mgr_inst|mmio64_reg.w.data[31]~BLOCK_INPUT_MUX_PASSTHROUGH_X258_Y70_N0_I28_dff	reg	BLOCK_INPUT_MUX_PASSTHROUGH_X258_Y70_N0_I28
NODE	all_csr	afu_top|pg_afu.port_gasket|pr_slot|afu_main|port_afu_instances|ofs_plat_afu|core|dma|csr_mgr_inst|mmio64_reg.w.data[31]~BLOCK_INPUT_MUX_PASSTHROUGH_X258_Y69_N0_I42_dff	reg	BLOCK_INPUT_MUX_PASSTHROUGH_X258_Y69_N0_I42
NODE	all_csr	afu_top|pg_afu.port_gasket|pr_slot|afu_main|port_afu_instances|ofs_plat_afu|core|dma|csr_mgr_inst|mmio64_reg.w.data[31]~BLOCK_INPUT_MUX_PASSTHROUGH_X258_Y70_N0_I23_dff	reg	BLOCK_INPUT_MUX_PASSTHROUGH_X258_Y70_N0_I23
NODE	all_csr	afu_top|pg_afu.port_gasket|pr_slot|afu_main|port_afu_instances|ofs_plat_afu|core|dma|csr_mgr_inst|mmio64_reg.w.data[22]~BLOCK_INPUT_MUX_PASSTHROUGH_X259_Y68_N0_I10_dff	reg	BLOCK_INPUT_MUX_PASSTHROUGH_X259_Y68_N0_I10
NODE	all_csr	afu_top|pg_afu.port_gasket|pr_slot|afu_main|port_afu_instances|ofs_plat_afu|core|dma|csr_mgr_inst|mmio64_reg.w.data[22]~BLOCK_INPUT_MUX_PASSTHROUGH_X260_Y69_N0_I68_dff	reg	BLOCK_INPUT_MUX_PASSTHROUGH_X260_Y69_N0_I68
NODE	all_csr	afu_top|pg_afu.port_gasket|pr_slot|afu_main|port_afu_instances|ofs_plat_afu|core|dma|csr_mgr_inst|mmio64_reg.w.data[22]~BLOCK_INPUT_MUX_PASSTHROUGH_X258_Y69_N0_I2_dff	reg	BLOCK_INPUT_MUX_PASSTHROUGH_X258_Y69_N0_I2
NODE	all_csr	afu_top|pg_afu.port_gasket|pr_slot|afu_main|port_afu_instances|ofs_plat_afu|core|dma|csr_mgr_inst|mmio64_reg.w.data[22]~BLOCK_INPUT_MUX_PASSTHROUGH_X259_Y68_N0_I37_dff	reg	BLOCK_INPUT_MUX_PASSTHROUGH_X259_Y68_N0_I37
NODE	all_csr	afu_top|pg_afu.port_gasket|pr_slot|afu_main|port_afu_instances|ofs_plat_afu|core|dma|csr_mgr_inst|mmio64_reg.w.data[29]~BLOCK_INPUT_MUX_PASSTHROUGH_X259_Y65_N0_I28_dff	reg	BLOCK_INPUT_MUX_PASSTHROUGH_X259_Y65_N0_I28
NODE	all_csr	afu_top|pg_afu.port_gasket|pr_slot|afu_main|port_afu_instances|ofs_plat_afu|core|dma|csr_mgr_inst|mmio64_reg.w.data[29]~BLOCK_INPUT_MUX_PASSTHROUGH_X260_Y68_N0_I13_dff	reg	BLOCK_INPUT_MUX_PASSTHROUGH_X260_Y68_N0_I13
NODE	all_csr	afu_top|pg_afu.port_gasket|pr_slot|afu_main|port_afu_instances|ofs_plat_afu|core|dma|csr_mgr_inst|mmio64_reg.w.data[29]~BLOCK_INPUT_MUX_PASSTHROUGH_X256_Y68_N0_I13_dff	reg	BLOCK_INPUT_MUX_PASSTHROUGH_X256_Y68_N0_I13
NODE	all_csr	afu_top|pg_afu.port_gasket|pr_slot|afu_main|port_afu_instances|ofs_plat_afu|core|dma|csr_mgr_inst|mmio64_reg.w.data[29]~BLOCK_INPUT_MUX_PASSTHROUGH_X259_Y65_N0_I69_dff	reg	BLOCK_INPUT_MUX_PASSTHROUGH_X259_Y65_N0_I69
NODE	all_csr	afu_top|pg_afu.port_gasket|pr_slot|afu_main|port_afu_instances|ofs_plat_afu|core|dma|csr_mgr_inst|mmio64_reg.w.data[30]~BLOCK_INPUT_MUX_PASSTHROUGH_X259_Y68_N0_I66_dff	reg	BLOCK_INPUT_MUX_PASSTHROUGH_X259_Y68_N0_I66
NODE	all_csr	afu_top|pg_afu.port_gasket|pr_slot|afu_main|port_afu_instances|ofs_plat_afu|core|dma|csr_mgr_inst|mmio64_reg.w.data[30]~BLOCK_INPUT_MUX_PASSTHROUGH_X260_Y68_N0_I20_dff	reg	BLOCK_INPUT_MUX_PASSTHROUGH_X260_Y68_N0_I20
NODE	all_csr	afu_top|pg_afu.port_gasket|pr_slot|afu_main|port_afu_instances|ofs_plat_afu|core|dma|csr_mgr_inst|mmio64_reg.w.data[23]~BLOCK_INPUT_MUX_PASSTHROUGH_X259_Y68_N0_I13_dff	reg	BLOCK_INPUT_MUX_PASSTHROUGH_X259_Y68_N0_I13
NODE	all_csr	afu_top|pg_afu.port_gasket|pr_slot|afu_main|port_afu_instances|ofs_plat_afu|core|dma|csr_mgr_inst|mmio64_reg.w.data[23]~BLOCK_INPUT_MUX_PASSTHROUGH_X260_Y69_N0_I77_dff	reg	BLOCK_INPUT_MUX_PASSTHROUGH_X260_Y69_N0_I77
NODE	all_csr	afu_top|pg_afu.port_gasket|pr_slot|afu_main|port_afu_instances|ofs_plat_afu|core|dma|csr_mgr_inst|mmio64_reg.w.data[23]~BLOCK_INPUT_MUX_PASSTHROUGH_X256_Y69_N0_I61_dff	reg	BLOCK_INPUT_MUX_PASSTHROUGH_X256_Y69_N0_I61
NODE	all_csr	afu_top|pg_afu.port_gasket|pr_slot|afu_main|port_afu_instances|ofs_plat_afu|core|dma|csr_mgr_inst|mmio64_reg.w.data[23]~BLOCK_INPUT_MUX_PASSTHROUGH_X259_Y68_N0_I45_dff	reg	BLOCK_INPUT_MUX_PASSTHROUGH_X259_Y68_N0_I45
NODE	all_csr	afu_top|pg_afu.port_gasket|pr_slot|afu_main|port_afu_instances|ofs_plat_afu|core|dma|csr_mgr_inst|mmio64_reg.w.data[24]~BLOCK_INPUT_MUX_PASSTHROUGH_X259_Y65_N0_I3_dff	reg	BLOCK_INPUT_MUX_PASSTHROUGH_X259_Y65_N0_I3
NODE	all_csr	afu_top|pg_afu.port_gasket|pr_slot|afu_main|port_afu_instances|ofs_plat_afu|core|dma|csr_mgr_inst|mmio64_reg.w.data[24]~BLOCK_INPUT_MUX_PASSTHROUGH_X260_Y65_N0_I4_dff	reg	BLOCK_INPUT_MUX_PASSTHROUGH_X260_Y65_N0_I4
NODE	all_csr	afu_top|pg_afu.port_gasket|pr_slot|afu_main|port_afu_instances|ofs_plat_afu|core|dma|csr_mgr_inst|mmio64_reg.w.data[24]~BLOCK_INPUT_MUX_PASSTHROUGH_X258_Y69_N0_I4_dff	reg	BLOCK_INPUT_MUX_PASSTHROUGH_X258_Y69_N0_I4
NODE	all_csr	afu_top|pg_afu.port_gasket|pr_slot|afu_main|port_afu_instances|ofs_plat_afu|core|dma|csr_mgr_inst|mmio64_reg.w.data[24]~BLOCK_INPUT_MUX_PASSTHROUGH_X259_Y65_N0_I45_dff	reg	BLOCK_INPUT_MUX_PASSTHROUGH_X259_Y65_N0_I45
NODE	all_csr	afu_top|pg_afu.port_gasket|pr_slot|afu_main|port_afu_instances|ofs_plat_afu|core|dma|csr_mgr_inst|mmio64_reg.w.data[25]~BLOCK_INPUT_MUX_PASSTHROUGH_X259_Y65_N0_I18_dff	reg	BLOCK_INPUT_MUX_PASSTHROUGH_X259_Y65_N0_I18
NODE	all_csr	afu_top|pg_afu.port_gasket|pr_slot|afu_main|port_afu_instances|ofs_plat_afu|core|dma|csr_mgr_inst|mmio64_reg.w.data[25]~BLOCK_INPUT_MUX_PASSTHROUGH_X260_Y67_N0_I52_dff	reg	BLOCK_INPUT_MUX_PASSTHROUGH_X260_Y67_N0_I52
NODE	all_csr	afu_top|pg_afu.port_gasket|pr_slot|afu_main|port_afu_instances|ofs_plat_afu|core|dma|csr_mgr_inst|mmio64_reg.w.data[25]~BLOCK_INPUT_MUX_PASSTHROUGH_X256_Y69_N0_I77_dff	reg	BLOCK_INPUT_MUX_PASSTHROUGH_X256_Y69_N0_I77
NODE	all_csr	afu_top|pg_afu.port_gasket|pr_slot|afu_main|port_afu_instances|ofs_plat_afu|core|dma|csr_mgr_inst|mmio64_reg.w.data[25]~BLOCK_INPUT_MUX_PASSTHROUGH_X259_Y65_N0_I52_dff	reg	BLOCK_INPUT_MUX_PASSTHROUGH_X259_Y65_N0_I52
NODE	all_csr	afu_top|pg_afu.port_gasket|pr_slot|afu_main|port_afu_instances|ofs_plat_afu|core|dma|csr_mgr_inst|mmio64_reg.w.data[28]~BLOCK_INPUT_MUX_PASSTHROUGH_X259_Y65_N0_I37_dff	reg	BLOCK_INPUT_MUX_PASSTHROUGH_X259_Y65_N0_I37
NODE	all_csr	afu_top|pg_afu.port_gasket|pr_slot|afu_main|port_afu_instances|ofs_plat_afu|core|dma|csr_mgr_inst|mmio64_reg.w.data[28]~BLOCK_INPUT_MUX_PASSTHROUGH_X259_Y65_N0_I60_dff	reg	BLOCK_INPUT_MUX_PASSTHROUGH_X259_Y65_N0_I60
NODE	all_csr	afu_top|pg_afu.port_gasket|pr_slot|afu_main|port_afu_instances|ofs_plat_afu|core|dma|csr_mgr_inst|mmio64_reg.w.data[17]~BLOCK_INPUT_MUX_PASSTHROUGH_X260_Y66_N0_I7_dff	reg	BLOCK_INPUT_MUX_PASSTHROUGH_X260_Y66_N0_I7
NODE	all_csr	afu_top|pg_afu.port_gasket|pr_slot|afu_main|port_afu_instances|ofs_plat_afu|core|dma|csr_mgr_inst|mmio64_reg.w.data[17]~BLOCK_INPUT_MUX_PASSTHROUGH_X260_Y65_N0_I20_dff	reg	BLOCK_INPUT_MUX_PASSTHROUGH_X260_Y65_N0_I20
NODE	all_csr	afu_top|pg_afu.port_gasket|pr_slot|afu_main|port_afu_instances|ofs_plat_afu|core|dma|csr_mgr_inst|mmio64_reg.w.data[17]~BLOCK_INPUT_MUX_PASSTHROUGH_X260_Y65_N0_I12_dff	reg	BLOCK_INPUT_MUX_PASSTHROUGH_X260_Y65_N0_I12
NODE	all_csr	afu_top|pg_afu.port_gasket|pr_slot|afu_main|port_afu_instances|ofs_plat_afu|core|dma|csr_mgr_inst|mmio64_reg.w.data[17]~BLOCK_INPUT_MUX_PASSTHROUGH_X256_Y69_N0_I45_dff	reg	BLOCK_INPUT_MUX_PASSTHROUGH_X256_Y69_N0_I45
NODE	all_csr	afu_top|pg_afu.port_gasket|pr_slot|afu_main|port_afu_instances|ofs_plat_afu|core|dma|csr_mgr_inst|mmio64_reg.w.data[17]~BLOCK_INPUT_MUX_PASSTHROUGH_X260_Y66_N0_I44_dff	reg	BLOCK_INPUT_MUX_PASSTHROUGH_X260_Y66_N0_I44
NODE	all_csr	afu_top|pg_afu.port_gasket|pr_slot|afu_main|port_afu_instances|ofs_plat_afu|core|dma|csr_mgr_inst|mmio64_reg.w.data[18]~BLOCK_INPUT_MUX_PASSTHROUGH_X260_Y66_N0_I5_dff	reg	BLOCK_INPUT_MUX_PASSTHROUGH_X260_Y66_N0_I5
NODE	all_csr	afu_top|pg_afu.port_gasket|pr_slot|afu_main|port_afu_instances|ofs_plat_afu|core|dma|csr_mgr_inst|mmio64_reg.w.data[18]~BLOCK_INPUT_MUX_PASSTHROUGH_X259_Y66_N0_I28_dff	reg	BLOCK_INPUT_MUX_PASSTHROUGH_X259_Y66_N0_I28
NODE	all_csr	afu_top|pg_afu.port_gasket|pr_slot|afu_main|port_afu_instances|ofs_plat_afu|core|dma|csr_mgr_inst|mmio64_reg.w.data[18]~BLOCK_INPUT_MUX_PASSTHROUGH_X260_Y69_N0_I52_dff	reg	BLOCK_INPUT_MUX_PASSTHROUGH_X260_Y69_N0_I52
NODE	all_csr	afu_top|pg_afu.port_gasket|pr_slot|afu_main|port_afu_instances|ofs_plat_afu|core|dma|csr_mgr_inst|mmio64_reg.w.data[18]~BLOCK_INPUT_MUX_PASSTHROUGH_X260_Y66_N0_I53_dff	reg	BLOCK_INPUT_MUX_PASSTHROUGH_X260_Y66_N0_I53
NODE	all_csr	afu_top|pg_afu.port_gasket|pr_slot|afu_main|port_afu_instances|ofs_plat_afu|core|dma|csr_mgr_inst|mmio64_reg.w.data[19]~BLOCK_INPUT_MUX_PASSTHROUGH_X259_Y66_N0_I11_dff	reg	BLOCK_INPUT_MUX_PASSTHROUGH_X259_Y66_N0_I11
NODE	all_csr	afu_top|pg_afu.port_gasket|pr_slot|afu_main|port_afu_instances|ofs_plat_afu|core|dma|csr_mgr_inst|mmio64_reg.w.data[19]~BLOCK_INPUT_MUX_PASSTHROUGH_X259_Y66_N0_I17_dff	reg	BLOCK_INPUT_MUX_PASSTHROUGH_X259_Y66_N0_I17
NODE	all_csr	afu_top|pg_afu.port_gasket|pr_slot|afu_main|port_afu_instances|ofs_plat_afu|core|dma|csr_mgr_inst|mmio64_reg.w.data[19]~BLOCK_INPUT_MUX_PASSTHROUGH_X260_Y69_N0_I53_dff	reg	BLOCK_INPUT_MUX_PASSTHROUGH_X260_Y69_N0_I53
NODE	all_csr	afu_top|pg_afu.port_gasket|pr_slot|afu_main|port_afu_instances|ofs_plat_afu|core|dma|csr_mgr_inst|mmio64_reg.w.data[19]~BLOCK_INPUT_MUX_PASSTHROUGH_X259_Y68_N0_I20_dff	reg	BLOCK_INPUT_MUX_PASSTHROUGH_X259_Y68_N0_I20
NODE	all_csr	afu_top|pg_afu.port_gasket|pr_slot|afu_main|port_afu_instances|ofs_plat_afu|core|dma|csr_mgr_inst|mmio64_reg.w.data[20]~BLOCK_INPUT_MUX_PASSTHROUGH_X259_Y66_N0_I4_dff	reg	BLOCK_INPUT_MUX_PASSTHROUGH_X259_Y66_N0_I4
NODE	all_csr	afu_top|pg_afu.port_gasket|pr_slot|afu_main|port_afu_instances|ofs_plat_afu|core|dma|csr_mgr_inst|mmio64_reg.w.data[20]~BLOCK_INPUT_MUX_PASSTHROUGH_X260_Y69_N0_I60_dff	reg	BLOCK_INPUT_MUX_PASSTHROUGH_X260_Y69_N0_I60
NODE	all_csr	afu_top|pg_afu.port_gasket|pr_slot|afu_main|port_afu_instances|ofs_plat_afu|core|dma|csr_mgr_inst|mmio64_reg.w.data[20]~BLOCK_INPUT_MUX_PASSTHROUGH_X258_Y68_N0_I13_dff	reg	BLOCK_INPUT_MUX_PASSTHROUGH_X258_Y68_N0_I13
NODE	all_csr	afu_top|pg_afu.port_gasket|pr_slot|afu_main|port_afu_instances|ofs_plat_afu|core|dma|csr_mgr_inst|mmio64_reg.w.data[20]~BLOCK_INPUT_MUX_PASSTHROUGH_X260_Y66_N0_I60_dff	reg	BLOCK_INPUT_MUX_PASSTHROUGH_X260_Y66_N0_I60
NODE	all_csr	afu_top|pg_afu.port_gasket|pr_slot|afu_main|port_afu_instances|ofs_plat_afu|core|dma|csr_mgr_inst|mmio64_reg.w.data[21]~BLOCK_INPUT_MUX_PASSTHROUGH_X260_Y66_N0_I13_dff	reg	BLOCK_INPUT_MUX_PASSTHROUGH_X260_Y66_N0_I13
NODE	all_csr	afu_top|pg_afu.port_gasket|pr_slot|afu_main|port_afu_instances|ofs_plat_afu|core|dma|csr_mgr_inst|mmio64_reg.w.data[21]~BLOCK_INPUT_MUX_PASSTHROUGH_X260_Y66_N0_I63_dff	reg	BLOCK_INPUT_MUX_PASSTHROUGH_X260_Y66_N0_I63
NODE	all_csr	afu_top|pg_afu.port_gasket|pr_slot|afu_main|port_afu_instances|ofs_plat_afu|core|dma|csr_mgr_inst|Select_0~8_BLOCK_INPUT_MUX_PASSTHROUGH_X258_Y70_N0_I7_dff	reg	BLOCK_INPUT_MUX_PASSTHROUGH_X258_Y70_N0_I7
NODE	all_csr	afu_top|pg_afu.port_gasket|pr_slot|afu_main|port_afu_instances|ofs_plat_afu|core|dma|csr_mgr_inst|Select_0~8_BLOCK_INPUT_MUX_PASSTHROUGH_X258_Y70_N0_I66_dff	reg	BLOCK_INPUT_MUX_PASSTHROUGH_X258_Y70_N0_I66
NODE	all_csr	afu_top|pg_afu.port_gasket|pr_slot|afu_main|port_afu_instances|ofs_plat_afu|core|dma|csr_mgr_inst|Select_0~8_BLOCK_INPUT_MUX_PASSTHROUGH_X258_Y70_N0_I47_dff	reg	BLOCK_INPUT_MUX_PASSTHROUGH_X258_Y70_N0_I47
NODE	all_csr	afu_top|pg_afu.port_gasket|pr_slot|afu_main|port_afu_instances|ofs_plat_afu|core|dma|csr_mgr_inst|Select_0~8_BLOCK_INPUT_MUX_PASSTHROUGH_X259_Y70_N0_I47_dff	reg	BLOCK_INPUT_MUX_PASSTHROUGH_X259_Y70_N0_I47
NODE	all_csr	afu_top|pg_afu.port_gasket|pr_slot|afu_main|port_afu_instances|ofs_plat_afu|core|dma|csr_mgr_inst|mmio64_reg.w.data[27]~BLOCK_INPUT_MUX_PASSTHROUGH_X260_Y66_N0_I4_dff	reg	BLOCK_INPUT_MUX_PASSTHROUGH_X260_Y66_N0_I4
NODE	all_csr	afu_top|pg_afu.port_gasket|pr_slot|afu_main|port_afu_instances|ofs_plat_afu|core|dma|csr_mgr_inst|mmio64_reg.w.data[27]~BLOCK_INPUT_MUX_PASSTHROUGH_X260_Y68_N0_I5_dff	reg	BLOCK_INPUT_MUX_PASSTHROUGH_X260_Y68_N0_I5
NODE	all_csr	afu_top|pg_afu.port_gasket|pr_slot|afu_main|port_afu_instances|ofs_plat_afu|core|dma|csr_mgr_inst|mmio64_reg.w.data[4]~BLOCK_INPUT_MUX_PASSTHROUGH_X258_Y69_N0_I5_dff	reg	BLOCK_INPUT_MUX_PASSTHROUGH_X258_Y69_N0_I5
NODE	all_csr	afu_top|pg_afu.port_gasket|pr_slot|afu_main|port_afu_instances|ofs_plat_afu|core|dma|csr_mgr_inst|mmio64_reg.w.data[4]~BLOCK_INPUT_MUX_PASSTHROUGH_X258_Y69_N0_I29_dff	reg	BLOCK_INPUT_MUX_PASSTHROUGH_X258_Y69_N0_I29
NODE	all_csr	afu_top|pg_afu.port_gasket|pr_slot|afu_main|port_afu_instances|ofs_plat_afu|core|dma|csr_mgr_inst|mmio64_reg.w.data[4]~BLOCK_INPUT_MUX_PASSTHROUGH_X260_Y68_N0_I61_dff	reg	BLOCK_INPUT_MUX_PASSTHROUGH_X260_Y68_N0_I61
NODE	all_csr	afu_top|pg_afu.port_gasket|pr_slot|afu_main|port_afu_instances|ofs_plat_afu|core|dma|csr_mgr_inst|mmio64_reg.w.data[4]~BLOCK_INPUT_MUX_PASSTHROUGH_X259_Y69_N0_I20_dff	reg	BLOCK_INPUT_MUX_PASSTHROUGH_X259_Y69_N0_I20
NODE	all_csr	afu_top|pg_afu.port_gasket|pr_slot|afu_main|port_afu_instances|ofs_plat_afu|core|dma|csr_mgr_inst|mmio64_reg.w.data[4]~BLOCK_INPUT_MUX_PASSTHROUGH_X258_Y68_N0_I39_dff	reg	BLOCK_INPUT_MUX_PASSTHROUGH_X258_Y68_N0_I39
NODE	all_csr	afu_top|pg_afu.port_gasket|pr_slot|afu_main|port_afu_instances|ofs_plat_afu|core|dma|csr_mgr_inst|mmio64_reg.w.data[7]~BLOCK_INPUT_MUX_PASSTHROUGH_X259_Y65_N0_I19_dff	reg	BLOCK_INPUT_MUX_PASSTHROUGH_X259_Y65_N0_I19
NODE	all_csr	afu_top|pg_afu.port_gasket|pr_slot|afu_main|port_afu_instances|ofs_plat_afu|core|dma|csr_mgr_inst|mmio64_reg.w.data[7]~BLOCK_INPUT_MUX_PASSTHROUGH_X259_Y69_N0_I37_dff	reg	BLOCK_INPUT_MUX_PASSTHROUGH_X259_Y69_N0_I37
NODE	all_csr	afu_top|pg_afu.port_gasket|pr_slot|afu_main|port_afu_instances|ofs_plat_afu|core|dma|csr_mgr_inst|mmio64_reg.w.data[7]~BLOCK_INPUT_MUX_PASSTHROUGH_X260_Y69_N0_I5_dff	reg	BLOCK_INPUT_MUX_PASSTHROUGH_X260_Y69_N0_I5
NODE	all_csr	afu_top|pg_afu.port_gasket|pr_slot|afu_main|port_afu_instances|ofs_plat_afu|core|dma|csr_mgr_inst|mmio64_reg.w.data[7]~BLOCK_INPUT_MUX_PASSTHROUGH_X256_Y69_N0_I5_dff	reg	BLOCK_INPUT_MUX_PASSTHROUGH_X256_Y69_N0_I5
NODE	all_csr	afu_top|pg_afu.port_gasket|pr_slot|afu_main|port_afu_instances|ofs_plat_afu|core|dma|csr_mgr_inst|mmio64_reg.w.data[7]~BLOCK_INPUT_MUX_PASSTHROUGH_X259_Y65_N0_I13_dff	reg	BLOCK_INPUT_MUX_PASSTHROUGH_X259_Y65_N0_I13
NODE	all_csr	afu_top|pg_afu.port_gasket|pr_slot|afu_main|port_afu_instances|ofs_plat_afu|core|dma|csr_mgr_inst|mmio64_reg.w.data[1]~BLOCK_INPUT_MUX_PASSTHROUGH_X260_Y67_N0_I21_dff	reg	BLOCK_INPUT_MUX_PASSTHROUGH_X260_Y67_N0_I21
NODE	all_csr	afu_top|pg_afu.port_gasket|pr_slot|afu_main|port_afu_instances|ofs_plat_afu|core|dma|csr_mgr_inst|mmio64_reg.w.data[1]~BLOCK_INPUT_MUX_PASSTHROUGH_X258_Y69_N0_I12_dff	reg	BLOCK_INPUT_MUX_PASSTHROUGH_X258_Y69_N0_I12
NODE	all_csr	afu_top|pg_afu.port_gasket|pr_slot|afu_main|port_afu_instances|ofs_plat_afu|core|dma|csr_mgr_inst|mmio64_reg.w.data[1]~BLOCK_INPUT_MUX_PASSTHROUGH_X260_Y66_N0_I12_dff	reg	BLOCK_INPUT_MUX_PASSTHROUGH_X260_Y66_N0_I12
NODE	all_csr	afu_top|pg_afu.port_gasket|pr_slot|afu_main|port_afu_instances|ofs_plat_afu|core|dma|csr_mgr_inst|mmio64_reg.w.data[1]~BLOCK_INPUT_MUX_PASSTHROUGH_X259_Y69_N0_I5_dff	reg	BLOCK_INPUT_MUX_PASSTHROUGH_X259_Y69_N0_I5
NODE	all_csr	afu_top|pg_afu.port_gasket|pr_slot|afu_main|port_afu_instances|ofs_plat_afu|core|dma|csr_mgr_inst|mmio64_reg.w.data[1]~BLOCK_INPUT_MUX_PASSTHROUGH_X260_Y66_N0_I29_dff	reg	BLOCK_INPUT_MUX_PASSTHROUGH_X260_Y66_N0_I29
NODE	all_csr	afu_top|pg_afu.port_gasket|pr_slot|afu_main|port_afu_instances|ofs_plat_afu|core|dma|csr_mgr_inst|mmio64_reg.w.data[13]~BLOCK_INPUT_MUX_PASSTHROUGH_X259_Y68_N0_I4_dff	reg	BLOCK_INPUT_MUX_PASSTHROUGH_X259_Y68_N0_I4
NODE	all_csr	afu_top|pg_afu.port_gasket|pr_slot|afu_main|port_afu_instances|ofs_plat_afu|core|dma|csr_mgr_inst|mmio64_reg.w.data[13]~BLOCK_INPUT_MUX_PASSTHROUGH_X259_Y69_N0_I4_dff	reg	BLOCK_INPUT_MUX_PASSTHROUGH_X259_Y69_N0_I4
NODE	all_csr	afu_top|pg_afu.port_gasket|pr_slot|afu_main|port_afu_instances|ofs_plat_afu|core|dma|csr_mgr_inst|mmio64_reg.w.data[13]~BLOCK_INPUT_MUX_PASSTHROUGH_X259_Y68_N0_I25_dff	reg	BLOCK_INPUT_MUX_PASSTHROUGH_X259_Y68_N0_I25
NODE	all_csr	afu_top|pg_afu.port_gasket|pr_slot|afu_main|port_afu_instances|ofs_plat_afu|core|dma|csr_mgr_inst|mmio64_reg.w.data[14]~BLOCK_INPUT_MUX_PASSTHROUGH_X256_Y69_N0_I36_dff	reg	BLOCK_INPUT_MUX_PASSTHROUGH_X256_Y69_N0_I36
NODE	all_csr	afu_top|pg_afu.port_gasket|pr_slot|afu_main|port_afu_instances|ofs_plat_afu|core|dma|csr_mgr_inst|mmio64_reg.w.data[15]~BLOCK_INPUT_MUX_PASSTHROUGH_X259_Y68_N0_I69_dff	reg	BLOCK_INPUT_MUX_PASSTHROUGH_X259_Y68_N0_I69
NODE	all_csr	afu_top|pg_afu.port_gasket|pr_slot|afu_main|port_afu_instances|ofs_plat_afu|core|dma|csr_mgr_inst|mmio64_reg.w.data[15]~BLOCK_INPUT_MUX_PASSTHROUGH_X259_Y69_N0_I0_dff	reg	BLOCK_INPUT_MUX_PASSTHROUGH_X259_Y69_N0_I0
NODE	all_csr	afu_top|pg_afu.port_gasket|pr_slot|afu_main|port_afu_instances|ofs_plat_afu|core|dma|csr_mgr_inst|mmio64_reg.w.data[15]~BLOCK_INPUT_MUX_PASSTHROUGH_X258_Y67_N0_I20_dff	reg	BLOCK_INPUT_MUX_PASSTHROUGH_X258_Y67_N0_I20
NODE	all_csr	afu_top|pg_afu.port_gasket|pr_slot|afu_main|port_afu_instances|ofs_plat_afu|core|dma|csr_mgr_inst|mmio64_reg.w.data[15]~BLOCK_INPUT_MUX_PASSTHROUGH_X256_Y69_N0_I37_dff	reg	BLOCK_INPUT_MUX_PASSTHROUGH_X256_Y69_N0_I37
NODE	all_csr	afu_top|pg_afu.port_gasket|pr_slot|afu_main|port_afu_instances|ofs_plat_afu|core|dma|csr_mgr_inst|mmio64_reg.w.data[15]~BLOCK_INPUT_MUX_PASSTHROUGH_X259_Y69_N0_I43_dff	reg	BLOCK_INPUT_MUX_PASSTHROUGH_X259_Y69_N0_I43
NODE	all_csr	afu_top|pg_afu.port_gasket|pr_slot|afu_main|port_afu_instances|ofs_plat_afu|core|dma|csr_mgr_inst|mmio64_reg.w.data[16]~BLOCK_INPUT_MUX_PASSTHROUGH_X260_Y66_N0_I3_dff	reg	BLOCK_INPUT_MUX_PASSTHROUGH_X260_Y66_N0_I3
NODE	all_csr	afu_top|pg_afu.port_gasket|pr_slot|afu_main|port_afu_instances|ofs_plat_afu|core|dma|csr_mgr_inst|mmio64_reg.w.data[16]~BLOCK_INPUT_MUX_PASSTHROUGH_X261_Y69_N0_I33_dff	reg	BLOCK_INPUT_MUX_PASSTHROUGH_X261_Y69_N0_I33
NODE	all_csr	afu_top|pg_afu.port_gasket|pr_slot|afu_main|port_afu_instances|ofs_plat_afu|core|dma|csr_mgr_inst|mmio64_reg.w.data[16]~BLOCK_INPUT_MUX_PASSTHROUGH_X260_Y67_N0_I28_dff	reg	BLOCK_INPUT_MUX_PASSTHROUGH_X260_Y67_N0_I28
NODE	all_csr	afu_top|pg_afu.port_gasket|pr_slot|afu_main|port_afu_instances|ofs_plat_afu|core|dma|csr_mgr_inst|mmio64_reg.w.data[16]~BLOCK_INPUT_MUX_PASSTHROUGH_X258_Y69_N0_I1_dff	reg	BLOCK_INPUT_MUX_PASSTHROUGH_X258_Y69_N0_I1
NODE	all_csr	afu_top|pg_afu.port_gasket|pr_slot|afu_main|port_afu_instances|ofs_plat_afu|core|dma|csr_mgr_inst|mmio64_reg.w.data[16]~BLOCK_INPUT_MUX_PASSTHROUGH_X258_Y66_N0_I10_dff	reg	BLOCK_INPUT_MUX_PASSTHROUGH_X258_Y66_N0_I10
NODE	all_csr	afu_top|pg_afu.port_gasket|pr_slot|afu_main|port_afu_instances|ofs_plat_afu|core|dma|csr_mgr_inst|mmio64_reg.w.data[8]~BLOCK_INPUT_MUX_PASSTHROUGH_X260_Y66_N0_I20_dff	reg	BLOCK_INPUT_MUX_PASSTHROUGH_X260_Y66_N0_I20
NODE	all_csr	afu_top|pg_afu.port_gasket|pr_slot|afu_main|port_afu_instances|ofs_plat_afu|core|dma|csr_mgr_inst|mmio64_reg.w.data[8]~BLOCK_INPUT_MUX_PASSTHROUGH_X261_Y69_N0_I45_dff	reg	BLOCK_INPUT_MUX_PASSTHROUGH_X261_Y69_N0_I45
NODE	all_csr	afu_top|pg_afu.port_gasket|pr_slot|afu_main|port_afu_instances|ofs_plat_afu|core|dma|csr_mgr_inst|mmio64_reg.w.data[8]~BLOCK_INPUT_MUX_PASSTHROUGH_X260_Y69_N0_I12_dff	reg	BLOCK_INPUT_MUX_PASSTHROUGH_X260_Y69_N0_I12
NODE	all_csr	afu_top|pg_afu.port_gasket|pr_slot|afu_main|port_afu_instances|ofs_plat_afu|core|dma|csr_mgr_inst|mmio64_reg.w.data[8]~BLOCK_INPUT_MUX_PASSTHROUGH_X256_Y69_N0_I12_dff	reg	BLOCK_INPUT_MUX_PASSTHROUGH_X256_Y69_N0_I12
NODE	all_csr	afu_top|pg_afu.port_gasket|pr_slot|afu_main|port_afu_instances|ofs_plat_afu|core|dma|csr_mgr_inst|mmio64_reg.w.data[8]~BLOCK_INPUT_MUX_PASSTHROUGH_X260_Y66_N0_I37_dff	reg	BLOCK_INPUT_MUX_PASSTHROUGH_X260_Y66_N0_I37
NODE	all_csr	afu_top|pg_afu.port_gasket|pr_slot|afu_main|port_afu_instances|ofs_plat_afu|core|dma|csr_mgr_inst|mmio64_reg.w.data[9]~BLOCK_INPUT_MUX_PASSTHROUGH_X259_Y66_N0_I60_dff	reg	BLOCK_INPUT_MUX_PASSTHROUGH_X259_Y66_N0_I60
NODE	all_csr	afu_top|pg_afu.port_gasket|pr_slot|afu_main|port_afu_instances|ofs_plat_afu|core|dma|csr_mgr_inst|mmio64_reg.w.data[9]~BLOCK_INPUT_MUX_PASSTHROUGH_X261_Y69_N0_I50_dff	reg	BLOCK_INPUT_MUX_PASSTHROUGH_X261_Y69_N0_I50
NODE	all_csr	afu_top|pg_afu.port_gasket|pr_slot|afu_main|port_afu_instances|ofs_plat_afu|core|dma|csr_mgr_inst|mmio64_reg.w.data[9]~BLOCK_INPUT_MUX_PASSTHROUGH_X261_Y69_N0_I60_dff	reg	BLOCK_INPUT_MUX_PASSTHROUGH_X261_Y69_N0_I60
NODE	all_csr	afu_top|pg_afu.port_gasket|pr_slot|afu_main|port_afu_instances|ofs_plat_afu|core|dma|csr_mgr_inst|mmio64_reg.w.data[9]~BLOCK_INPUT_MUX_PASSTHROUGH_X256_Y69_N0_I13_dff	reg	BLOCK_INPUT_MUX_PASSTHROUGH_X256_Y69_N0_I13
NODE	all_csr	afu_top|pg_afu.port_gasket|pr_slot|afu_main|port_afu_instances|ofs_plat_afu|core|dma|csr_mgr_inst|mmio64_reg.w.data[9]~BLOCK_INPUT_MUX_PASSTHROUGH_X261_Y66_N0_I44_dff	reg	BLOCK_INPUT_MUX_PASSTHROUGH_X261_Y66_N0_I44
NODE	all_csr	afu_top|pg_afu.port_gasket|pr_slot|afu_main|port_afu_instances|ofs_plat_afu|core|dma|csr_mgr_inst|mmio64_reg.w.data[10]~BLOCK_INPUT_MUX_PASSTHROUGH_X259_Y68_N0_I67_dff	reg	BLOCK_INPUT_MUX_PASSTHROUGH_X259_Y68_N0_I67
NODE	all_csr	afu_top|pg_afu.port_gasket|pr_slot|afu_main|port_afu_instances|ofs_plat_afu|core|dma|csr_mgr_inst|mmio64_reg.w.data[10]~BLOCK_INPUT_MUX_PASSTHROUGH_X261_Y69_N0_I36_dff	reg	BLOCK_INPUT_MUX_PASSTHROUGH_X261_Y69_N0_I36
NODE	all_csr	afu_top|pg_afu.port_gasket|pr_slot|afu_main|port_afu_instances|ofs_plat_afu|core|dma|csr_mgr_inst|mmio64_reg.w.data[10]~BLOCK_INPUT_MUX_PASSTHROUGH_X261_Y69_N0_I74_dff	reg	BLOCK_INPUT_MUX_PASSTHROUGH_X261_Y69_N0_I74
NODE	all_csr	afu_top|pg_afu.port_gasket|pr_slot|afu_main|port_afu_instances|ofs_plat_afu|core|dma|csr_mgr_inst|mmio64_reg.w.data[10]~BLOCK_INPUT_MUX_PASSTHROUGH_X258_Y68_N0_I11_dff	reg	BLOCK_INPUT_MUX_PASSTHROUGH_X258_Y68_N0_I11
NODE	all_csr	afu_top|pg_afu.port_gasket|pr_slot|afu_main|port_afu_instances|ofs_plat_afu|core|dma|csr_mgr_inst|mmio64_reg.w.data[10]~BLOCK_INPUT_MUX_PASSTHROUGH_X259_Y68_N0_I31_dff	reg	BLOCK_INPUT_MUX_PASSTHROUGH_X259_Y68_N0_I31
NODE	all_csr	afu_top|pg_afu.port_gasket|pr_slot|afu_main|port_afu_instances|ofs_plat_afu|core|dma|csr_mgr_inst|mmio64_reg.w.data[11]~BLOCK_INPUT_MUX_PASSTHROUGH_X258_Y69_N0_I36_dff	reg	BLOCK_INPUT_MUX_PASSTHROUGH_X258_Y69_N0_I36
NODE	all_csr	afu_top|pg_afu.port_gasket|pr_slot|afu_main|port_afu_instances|ofs_plat_afu|core|dma|csr_mgr_inst|mmio64_reg.w.data[11]~BLOCK_INPUT_MUX_PASSTHROUGH_X261_Y69_N0_I67_dff	reg	BLOCK_INPUT_MUX_PASSTHROUGH_X261_Y69_N0_I67
NODE	all_csr	afu_top|pg_afu.port_gasket|pr_slot|afu_main|port_afu_instances|ofs_plat_afu|core|dma|csr_mgr_inst|mmio64_reg.w.data[11]~BLOCK_INPUT_MUX_PASSTHROUGH_X260_Y69_N0_I21_dff	reg	BLOCK_INPUT_MUX_PASSTHROUGH_X260_Y69_N0_I21
NODE	all_csr	afu_top|pg_afu.port_gasket|pr_slot|afu_main|port_afu_instances|ofs_plat_afu|core|dma|csr_mgr_inst|mmio64_reg.w.data[11]~BLOCK_INPUT_MUX_PASSTHROUGH_X256_Y69_N0_I21_dff	reg	BLOCK_INPUT_MUX_PASSTHROUGH_X256_Y69_N0_I21
NODE	all_csr	afu_top|pg_afu.port_gasket|pr_slot|afu_main|port_afu_instances|ofs_plat_afu|core|dma|csr_mgr_inst|mmio64_reg.w.data[11]~BLOCK_INPUT_MUX_PASSTHROUGH_X259_Y69_N0_I44_dff	reg	BLOCK_INPUT_MUX_PASSTHROUGH_X259_Y69_N0_I44
NODE	all_csr	afu_top|pg_afu.port_gasket|pr_slot|afu_main|port_afu_instances|ofs_plat_afu|core|dma|csr_mgr_inst|mmio64_reg.w.data[12]~BLOCK_INPUT_MUX_PASSTHROUGH_X259_Y66_N0_I3_dff	reg	BLOCK_INPUT_MUX_PASSTHROUGH_X259_Y66_N0_I3
NODE	all_csr	afu_top|pg_afu.port_gasket|pr_slot|afu_main|port_afu_instances|ofs_plat_afu|core|dma|csr_mgr_inst|mmio64_reg.w.data[12]~BLOCK_INPUT_MUX_PASSTHROUGH_X259_Y69_N0_I28_dff	reg	BLOCK_INPUT_MUX_PASSTHROUGH_X259_Y69_N0_I28
NODE	all_csr	afu_top|pg_afu.port_gasket|pr_slot|afu_main|port_afu_instances|ofs_plat_afu|core|dma|csr_mgr_inst|mmio64_reg.w.data[12]~BLOCK_INPUT_MUX_PASSTHROUGH_X260_Y69_N0_I28_dff	reg	BLOCK_INPUT_MUX_PASSTHROUGH_X260_Y69_N0_I28
NODE	all_csr	afu_top|pg_afu.port_gasket|pr_slot|afu_main|port_afu_instances|ofs_plat_afu|core|dma|csr_mgr_inst|mmio64_reg.w.data[12]~BLOCK_INPUT_MUX_PASSTHROUGH_X256_Y69_N0_I28_dff	reg	BLOCK_INPUT_MUX_PASSTHROUGH_X256_Y69_N0_I28
NODE	all_csr	afu_top|pg_afu.port_gasket|pr_slot|afu_main|port_afu_instances|ofs_plat_afu|core|dma|csr_mgr_inst|mmio64_reg.w.data[12]~BLOCK_INPUT_MUX_PASSTHROUGH_X261_Y66_N0_I3_dff	reg	BLOCK_INPUT_MUX_PASSTHROUGH_X261_Y66_N0_I3
NODE	all_csr	afu_top|pg_afu.port_gasket|pr_slot|afu_main|port_afu_instances|ofs_plat_afu|core|dma|csr_mgr_inst|reduce_nor_6~BLOCK_INPUT_MUX_PASSTHROUGH_X258_Y70_N0_I24_dff	reg	BLOCK_INPUT_MUX_PASSTHROUGH_X258_Y70_N0_I24
NODE	all_csr	afu_top|pg_afu.port_gasket|pr_slot|afu_main|port_afu_instances|ofs_plat_afu|core|dma|csr_mgr_inst|reduce_nor_6~BLOCK_INPUT_MUX_PASSTHROUGH_X258_Y70_N0_I8_dff	reg	BLOCK_INPUT_MUX_PASSTHROUGH_X258_Y70_N0_I8
NODE	all_csr	afu_top|pg_afu.port_gasket|pr_slot|afu_main|port_afu_instances|ofs_plat_afu|core|dma|csr_mgr_inst|reduce_nor_6~BLOCK_INPUT_MUX_PASSTHROUGH_X258_Y70_N0_I20_dff	reg	BLOCK_INPUT_MUX_PASSTHROUGH_X258_Y70_N0_I20
NODE	all_csr	afu_top|pg_afu.port_gasket|pr_slot|afu_main|port_afu_instances|ofs_plat_afu|core|dma|csr_mgr_inst|reduce_nor_5~BLOCK_INPUT_MUX_PASSTHROUGH_X258_Y70_N0_I27_dff	reg	BLOCK_INPUT_MUX_PASSTHROUGH_X258_Y70_N0_I27
NODE	all_csr	afu_top|pg_afu.port_gasket|pr_slot|afu_main|port_afu_instances|ofs_plat_afu|core|dma|csr_mgr_inst|reduce_nor_5~BLOCK_INPUT_MUX_PASSTHROUGH_X258_Y70_N0_I21_dff	reg	BLOCK_INPUT_MUX_PASSTHROUGH_X258_Y70_N0_I21
NODE	all_csr	afu_top|pg_afu.port_gasket|pr_slot|afu_main|port_afu_instances|ofs_plat_afu|core|dma|csr_mgr_inst|i919~7_BLOCK_INPUT_MUX_PASSTHROUGH_X258_Y69_N0_I43_dff	reg	BLOCK_INPUT_MUX_PASSTHROUGH_X258_Y69_N0_I43
NODE	all_csr	afu_top|pg_afu.port_gasket|pr_slot|afu_main|port_afu_instances|ofs_plat_afu|core|dma|csr_mgr_inst|i919~12_BLOCK_INPUT_MUX_PASSTHROUGH_X258_Y69_N0_I47_dff	reg	BLOCK_INPUT_MUX_PASSTHROUGH_X258_Y69_N0_I47
NODE	all_csr	afu_top|pg_afu.port_gasket|pr_slot|afu_main|port_afu_instances|ofs_plat_afu|core|dma|csr_mgr_inst|i919~42_BLOCK_INPUT_MUX_PASSTHROUGH_X258_Y69_N0_I40_dff	reg	BLOCK_INPUT_MUX_PASSTHROUGH_X258_Y69_N0_I40
NODE	all_csr	afu_top|pg_afu.port_gasket|pr_slot|afu_main|port_afu_instances|ofs_plat_afu|core|dma|csr_mgr_inst|write_response[1]~0_BLOCK_INPUT_MUX_PASSTHROUGH_X259_Y70_N0_I40_dff	reg	BLOCK_INPUT_MUX_PASSTHROUGH_X259_Y70_N0_I40
NODE	all_csr	afu_top|pg_afu.port_gasket|pr_slot|afu_main|port_afu_instances|ofs_plat_afu|core|dma|csr_mgr_inst|i2654~0_BLOCK_INPUT_MUX_PASSTHROUGH_X258_Y70_N0_I5_dff	reg	BLOCK_INPUT_MUX_PASSTHROUGH_X258_Y70_N0_I5
NODE	all_csr	afu_top|pg_afu.port_gasket|pr_slot|afu_main|port_afu_instances|ofs_plat_afu|core|dma|csr_mgr_inst|i950~0_BLOCK_INPUT_MUX_PASSTHROUGH_X258_Y70_N0_I13_dff	reg	BLOCK_INPUT_MUX_PASSTHROUGH_X258_Y70_N0_I13
NODE	all_csr	afu_top|pg_afu.port_gasket|pr_slot|afu_main|port_afu_instances|ofs_plat_afu|core|dma|csr_mgr_inst|i951~0_BLOCK_INPUT_MUX_PASSTHROUGH_X258_Y70_N0_I16_dff	reg	BLOCK_INPUT_MUX_PASSTHROUGH_X258_Y70_N0_I16
NODE	all_csr	afu_top|pg_afu.port_gasket|pr_slot|afu_main|port_afu_instances|ofs_plat_afu|core|dma|csr_mgr_inst|mmio64_reg.ar.addr[4]~BLOCK_INPUT_MUX_PASSTHROUGH_X250_Y66_N0_I28_dff	reg	BLOCK_INPUT_MUX_PASSTHROUGH_X250_Y66_N0_I28
NODE	all_csr	afu_top|pg_afu.port_gasket|pr_slot|afu_main|port_afu_instances|ofs_plat_afu|core|dma|csr_mgr_inst|mmio64_reg.ar.addr[4]~BLOCK_INPUT_MUX_PASSTHROUGH_X250_Y66_N0_I5_dff	reg	BLOCK_INPUT_MUX_PASSTHROUGH_X250_Y66_N0_I5
NODE	all_csr	afu_top|pg_afu.port_gasket|pr_slot|afu_main|port_afu_instances|ofs_plat_afu|core|dma|csr_mgr_inst|mmio64_reg.ar.addr[4]~BLOCK_INPUT_MUX_PASSTHROUGH_X250_Y66_N0_I13_dff	reg	BLOCK_INPUT_MUX_PASSTHROUGH_X250_Y66_N0_I13
NODE	all_csr	afu_top|pg_afu.port_gasket|pr_slot|afu_main|port_afu_instances|ofs_plat_afu|core|dma|csr_mgr_inst|mmio64_reg.ar.addr[7]~BLOCK_INPUT_MUX_PASSTHROUGH_X250_Y66_N0_I31_dff	reg	BLOCK_INPUT_MUX_PASSTHROUGH_X250_Y66_N0_I31
NODE	all_csr	afu_top|pg_afu.port_gasket|pr_slot|afu_main|port_afu_instances|ofs_plat_afu|core|dma|csr_mgr_inst|mmio64_reg.ar.addr[7]~BLOCK_INPUT_MUX_PASSTHROUGH_X250_Y66_N0_I0_dff	reg	BLOCK_INPUT_MUX_PASSTHROUGH_X250_Y66_N0_I0
NODE	all_csr	afu_top|pg_afu.port_gasket|pr_slot|afu_main|port_afu_instances|ofs_plat_afu|core|dma|csr_mgr_inst|mmio64_reg.ar.addr[7]~BLOCK_INPUT_MUX_PASSTHROUGH_X250_Y66_N0_I11_dff	reg	BLOCK_INPUT_MUX_PASSTHROUGH_X250_Y66_N0_I11
NODE	all_csr	afu_top|pg_afu.port_gasket|pr_slot|afu_main|port_afu_instances|ofs_plat_afu|core|dma|csr_mgr_inst|i1458~1_BLOCK_INPUT_MUX_PASSTHROUGH_X254_Y69_N0_I3_dff	reg	BLOCK_INPUT_MUX_PASSTHROUGH_X254_Y69_N0_I3
NODE	all_csr	afu_top|pg_afu.port_gasket|pr_slot|afu_main|port_afu_instances|ofs_plat_afu|core|dma|csr_mgr_inst|i1458~1_BLOCK_INPUT_MUX_PASSTHROUGH_X254_Y69_N0_I53_dff	reg	BLOCK_INPUT_MUX_PASSTHROUGH_X254_Y69_N0_I53
NODE	all_csr	afu_top|pg_afu.port_gasket|pr_slot|afu_main|port_afu_instances|ofs_plat_afu|core|dma|csr_mgr_inst|i1458~1_BLOCK_INPUT_MUX_PASSTHROUGH_X254_Y69_N0_I44_dff	reg	BLOCK_INPUT_MUX_PASSTHROUGH_X254_Y69_N0_I44
NODE	all_csr	afu_top|pg_afu.port_gasket|pr_slot|afu_main|port_afu_instances|ofs_plat_afu|core|dma|csr_mgr_inst|i1458~1_BLOCK_INPUT_MUX_PASSTHROUGH_X254_Y69_N0_I61_dff	reg	BLOCK_INPUT_MUX_PASSTHROUGH_X254_Y69_N0_I61
NODE	all_csr	afu_top|pg_afu.port_gasket|pr_slot|afu_main|port_afu_instances|ofs_plat_afu|core|dma|csr_mgr_inst|i1458~1_BLOCK_INPUT_MUX_PASSTHROUGH_X254_Y69_N0_I66_dff	reg	BLOCK_INPUT_MUX_PASSTHROUGH_X254_Y69_N0_I66
NODE	all_csr	afu_top|pg_afu.port_gasket|pr_slot|afu_main|port_afu_instances|ofs_plat_afu|core|dma|csr_mgr_inst|i1458~1_BLOCK_INPUT_MUX_PASSTHROUGH_X254_Y69_N0_I31_dff	reg	BLOCK_INPUT_MUX_PASSTHROUGH_X254_Y69_N0_I31
NODE	all_csr	afu_top|pg_afu.port_gasket|pr_slot|afu_main|port_afu_instances|ofs_plat_afu|core|dma|csr_mgr_inst|i1458~1_BLOCK_INPUT_MUX_PASSTHROUGH_X254_Y69_N0_I30_dff	reg	BLOCK_INPUT_MUX_PASSTHROUGH_X254_Y69_N0_I30
NODE	all_csr	afu_top|pg_afu.port_gasket|pr_slot|afu_main|port_afu_instances|ofs_plat_afu|core|dma|csr_mgr_inst|i1458~1_BLOCK_INPUT_MUX_PASSTHROUGH_X253_Y69_N0_I3_dff	reg	BLOCK_INPUT_MUX_PASSTHROUGH_X253_Y69_N0_I3
NODE	all_csr	afu_top|pg_afu.port_gasket|pr_slot|afu_main|port_afu_instances|ofs_plat_afu|core|dma|csr_mgr_inst|i1458~1_BLOCK_INPUT_MUX_PASSTHROUGH_X253_Y69_N0_I66_dff	reg	BLOCK_INPUT_MUX_PASSTHROUGH_X253_Y69_N0_I66
NODE	all_csr	afu_top|pg_afu.port_gasket|pr_slot|afu_main|port_afu_instances|ofs_plat_afu|core|dma|csr_mgr_inst|i1458~1_BLOCK_INPUT_MUX_PASSTHROUGH_X254_Y69_N0_I21_dff	reg	BLOCK_INPUT_MUX_PASSTHROUGH_X254_Y69_N0_I21
NODE	all_csr	afu_top|pg_afu.port_gasket|pr_slot|afu_main|port_afu_instances|ofs_plat_afu|core|dma|csr_mgr_inst|i1458~1_BLOCK_INPUT_MUX_PASSTHROUGH_X254_Y69_N0_I20_dff	reg	BLOCK_INPUT_MUX_PASSTHROUGH_X254_Y69_N0_I20
NODE	all_csr	afu_top|pg_afu.port_gasket|pr_slot|afu_main|port_afu_instances|ofs_plat_afu|core|dma|csr_mgr_inst|i1458~1_BLOCK_INPUT_MUX_PASSTHROUGH_X254_Y69_N0_I32_dff	reg	BLOCK_INPUT_MUX_PASSTHROUGH_X254_Y69_N0_I32
NODE	all_csr	afu_top|pg_afu.port_gasket|pr_slot|afu_main|port_afu_instances|ofs_plat_afu|core|dma|csr_mgr_inst|i1458~8_BLOCK_INPUT_MUX_PASSTHROUGH_X254_Y69_N0_I7_dff	reg	BLOCK_INPUT_MUX_PASSTHROUGH_X254_Y69_N0_I7
NODE	all_csr	afu_top|pg_afu.port_gasket|pr_slot|afu_main|port_afu_instances|ofs_plat_afu|core|dma|csr_mgr_inst|i1458~8_BLOCK_INPUT_MUX_PASSTHROUGH_X254_Y69_N0_I55_dff	reg	BLOCK_INPUT_MUX_PASSTHROUGH_X254_Y69_N0_I55
NODE	all_csr	afu_top|pg_afu.port_gasket|pr_slot|afu_main|port_afu_instances|ofs_plat_afu|core|dma|csr_mgr_inst|i1458~8_BLOCK_INPUT_MUX_PASSTHROUGH_X254_Y69_N0_I42_dff	reg	BLOCK_INPUT_MUX_PASSTHROUGH_X254_Y69_N0_I42
NODE	all_csr	afu_top|pg_afu.port_gasket|pr_slot|afu_main|port_afu_instances|ofs_plat_afu|core|dma|csr_mgr_inst|i1458~8_BLOCK_INPUT_MUX_PASSTHROUGH_X254_Y69_N0_I63_dff	reg	BLOCK_INPUT_MUX_PASSTHROUGH_X254_Y69_N0_I63
NODE	all_csr	afu_top|pg_afu.port_gasket|pr_slot|afu_main|port_afu_instances|ofs_plat_afu|core|dma|csr_mgr_inst|i1458~8_BLOCK_INPUT_MUX_PASSTHROUGH_X254_Y69_N0_I67_dff	reg	BLOCK_INPUT_MUX_PASSTHROUGH_X254_Y69_N0_I67
NODE	all_csr	afu_top|pg_afu.port_gasket|pr_slot|afu_main|port_afu_instances|ofs_plat_afu|core|dma|csr_mgr_inst|i1458~8_BLOCK_INPUT_MUX_PASSTHROUGH_X254_Y69_N0_I28_dff	reg	BLOCK_INPUT_MUX_PASSTHROUGH_X254_Y69_N0_I28
NODE	all_csr	afu_top|pg_afu.port_gasket|pr_slot|afu_main|port_afu_instances|ofs_plat_afu|core|dma|csr_mgr_inst|i1458~8_BLOCK_INPUT_MUX_PASSTHROUGH_X254_Y69_N0_I27_dff	reg	BLOCK_INPUT_MUX_PASSTHROUGH_X254_Y69_N0_I27
NODE	all_csr	afu_top|pg_afu.port_gasket|pr_slot|afu_main|port_afu_instances|ofs_plat_afu|core|dma|csr_mgr_inst|i1458~8_BLOCK_INPUT_MUX_PASSTHROUGH_X253_Y69_N0_I5_dff	reg	BLOCK_INPUT_MUX_PASSTHROUGH_X253_Y69_N0_I5
NODE	all_csr	afu_top|pg_afu.port_gasket|pr_slot|afu_main|port_afu_instances|ofs_plat_afu|core|dma|csr_mgr_inst|i1458~8_BLOCK_INPUT_MUX_PASSTHROUGH_X253_Y69_N0_I67_dff	reg	BLOCK_INPUT_MUX_PASSTHROUGH_X253_Y69_N0_I67
NODE	all_csr	afu_top|pg_afu.port_gasket|pr_slot|afu_main|port_afu_instances|ofs_plat_afu|core|dma|csr_mgr_inst|i1458~8_BLOCK_INPUT_MUX_PASSTHROUGH_X254_Y69_N0_I17_dff	reg	BLOCK_INPUT_MUX_PASSTHROUGH_X254_Y69_N0_I17
NODE	all_csr	afu_top|pg_afu.port_gasket|pr_slot|afu_main|port_afu_instances|ofs_plat_afu|core|dma|csr_mgr_inst|i1458~8_BLOCK_INPUT_MUX_PASSTHROUGH_X254_Y69_N0_I18_dff	reg	BLOCK_INPUT_MUX_PASSTHROUGH_X254_Y69_N0_I18
NODE	all_csr	afu_top|pg_afu.port_gasket|pr_slot|afu_main|port_afu_instances|ofs_plat_afu|core|dma|csr_mgr_inst|i1458~8_BLOCK_INPUT_MUX_PASSTHROUGH_X254_Y69_N0_I39_dff	reg	BLOCK_INPUT_MUX_PASSTHROUGH_X254_Y69_N0_I39
NODE	all_csr	afu_top|pg_afu.port_gasket|pr_slot|afu_main|port_afu_instances|ofs_plat_afu|core|dma|csr_mgr_inst|i1458~9_BLOCK_INPUT_MUX_PASSTHROUGH_X254_Y69_N0_I0_dff	reg	BLOCK_INPUT_MUX_PASSTHROUGH_X254_Y69_N0_I0
NODE	all_csr	afu_top|pg_afu.port_gasket|pr_slot|afu_main|port_afu_instances|ofs_plat_afu|core|dma|csr_mgr_inst|i1458~9_BLOCK_INPUT_MUX_PASSTHROUGH_X254_Y69_N0_I52_dff	reg	BLOCK_INPUT_MUX_PASSTHROUGH_X254_Y69_N0_I52
NODE	all_csr	afu_top|pg_afu.port_gasket|pr_slot|afu_main|port_afu_instances|ofs_plat_afu|core|dma|csr_mgr_inst|i1458~9_BLOCK_INPUT_MUX_PASSTHROUGH_X254_Y69_N0_I45_dff	reg	BLOCK_INPUT_MUX_PASSTHROUGH_X254_Y69_N0_I45
NODE	all_csr	afu_top|pg_afu.port_gasket|pr_slot|afu_main|port_afu_instances|ofs_plat_afu|core|dma|csr_mgr_inst|i1458~9_BLOCK_INPUT_MUX_PASSTHROUGH_X254_Y69_N0_I58_dff	reg	BLOCK_INPUT_MUX_PASSTHROUGH_X254_Y69_N0_I58
NODE	all_csr	afu_top|pg_afu.port_gasket|pr_slot|afu_main|port_afu_instances|ofs_plat_afu|core|dma|csr_mgr_inst|i1458~9_BLOCK_INPUT_MUX_PASSTHROUGH_X254_Y69_N0_I64_dff	reg	BLOCK_INPUT_MUX_PASSTHROUGH_X254_Y69_N0_I64
NODE	all_csr	afu_top|pg_afu.port_gasket|pr_slot|afu_main|port_afu_instances|ofs_plat_afu|core|dma|csr_mgr_inst|i1458~9_BLOCK_INPUT_MUX_PASSTHROUGH_X258_Y68_N0_I68_dff	reg	BLOCK_INPUT_MUX_PASSTHROUGH_X258_Y68_N0_I68
NODE	all_csr	afu_top|pg_afu.port_gasket|pr_slot|afu_main|port_afu_instances|ofs_plat_afu|core|dma|csr_mgr_inst|i1458~9_BLOCK_INPUT_MUX_PASSTHROUGH_X259_Y68_N0_I60_dff	reg	BLOCK_INPUT_MUX_PASSTHROUGH_X259_Y68_N0_I60
NODE	all_csr	afu_top|pg_afu.port_gasket|pr_slot|afu_main|port_afu_instances|ofs_plat_afu|core|dma|csr_mgr_inst|i1458~9_BLOCK_INPUT_MUX_PASSTHROUGH_X258_Y68_N0_I53_dff	reg	BLOCK_INPUT_MUX_PASSTHROUGH_X258_Y68_N0_I53
NODE	all_csr	afu_top|pg_afu.port_gasket|pr_slot|afu_main|port_afu_instances|ofs_plat_afu|core|dma|csr_mgr_inst|i1458~13_BLOCK_INPUT_MUX_PASSTHROUGH_X258_Y66_N0_I77_dff	reg	BLOCK_INPUT_MUX_PASSTHROUGH_X258_Y66_N0_I77
NODE	all_csr	afu_top|pg_afu.port_gasket|pr_slot|afu_main|port_afu_instances|ofs_plat_afu|core|dma|csr_mgr_inst|i1458~13_BLOCK_INPUT_MUX_PASSTHROUGH_X258_Y68_N0_I69_dff	reg	BLOCK_INPUT_MUX_PASSTHROUGH_X258_Y68_N0_I69
NODE	all_csr	afu_top|pg_afu.port_gasket|pr_slot|afu_main|port_afu_instances|ofs_plat_afu|core|dma|csr_mgr_inst|i1458~13_BLOCK_INPUT_MUX_PASSTHROUGH_X259_Y68_N0_I61_dff	reg	BLOCK_INPUT_MUX_PASSTHROUGH_X259_Y68_N0_I61
NODE	all_csr	afu_top|pg_afu.port_gasket|pr_slot|afu_main|port_afu_instances|ofs_plat_afu|core|dma|csr_mgr_inst|i1458~13_BLOCK_INPUT_MUX_PASSTHROUGH_X258_Y68_N0_I50_dff	reg	BLOCK_INPUT_MUX_PASSTHROUGH_X258_Y68_N0_I50
NODE	all_csr	afu_top|pg_afu.port_gasket|pr_slot|afu_main|port_afu_instances|ofs_plat_afu|core|dma|csr_mgr_inst|i1458~14_BLOCK_INPUT_MUX_PASSTHROUGH_X258_Y66_N0_I75_dff	reg	BLOCK_INPUT_MUX_PASSTHROUGH_X258_Y66_N0_I75
NODE	all_csr	afu_top|pg_afu.port_gasket|pr_slot|afu_main|port_afu_instances|ofs_plat_afu|core|dma|csr_mgr_inst|i1458~14_BLOCK_INPUT_MUX_PASSTHROUGH_X258_Y68_N0_I67_dff	reg	BLOCK_INPUT_MUX_PASSTHROUGH_X258_Y68_N0_I67
NODE	all_csr	afu_top|pg_afu.port_gasket|pr_slot|afu_main|port_afu_instances|ofs_plat_afu|core|dma|csr_mgr_inst|i1458~14_BLOCK_INPUT_MUX_PASSTHROUGH_X259_Y68_N0_I59_dff	reg	BLOCK_INPUT_MUX_PASSTHROUGH_X259_Y68_N0_I59
NODE	all_csr	afu_top|pg_afu.port_gasket|pr_slot|afu_main|port_afu_instances|ofs_plat_afu|core|dma|csr_mgr_inst|i1458~14_BLOCK_INPUT_MUX_PASSTHROUGH_X258_Y68_N0_I51_dff	reg	BLOCK_INPUT_MUX_PASSTHROUGH_X258_Y68_N0_I51
NODE	all_csr	afu_top|pg_afu.port_gasket|pr_slot|afu_main|port_afu_instances|ofs_plat_afu|core|dma|csr_mgr_inst|i1458~41_BLOCK_INPUT_MUX_PASSTHROUGH_X258_Y68_N0_I48_dff	reg	BLOCK_INPUT_MUX_PASSTHROUGH_X258_Y68_N0_I48
NODE	all_csr	afu_top|pg_afu.port_gasket|pr_slot|afu_main|port_afu_instances|ofs_plat_afu|core|dma|csr_mgr_inst|i1458~61_BLOCK_INPUT_MUX_PASSTHROUGH_X253_Y69_N0_I12_dff	reg	BLOCK_INPUT_MUX_PASSTHROUGH_X253_Y69_N0_I12
NODE	all_csr	afu_top|pg_afu.port_gasket|pr_slot|afu_main|port_afu_instances|ofs_plat_afu|core|dma|csr_mgr_inst|i1458~68_BLOCK_INPUT_MUX_PASSTHROUGH_X258_Y66_N0_I79_dff	reg	BLOCK_INPUT_MUX_PASSTHROUGH_X258_Y66_N0_I79
NODE	all_csr	afu_top|pg_afu.port_gasket|pr_slot|afu_main|port_afu_instances|ofs_plat_afu|core|dma|csr_mgr_inst|i1458~95_BLOCK_INPUT_MUX_PASSTHROUGH_X254_Y69_N0_I47_dff	reg	BLOCK_INPUT_MUX_PASSTHROUGH_X254_Y69_N0_I47
NODE	all_csr	afu_top|pg_afu.port_gasket|pr_slot|afu_main|port_afu_instances|ofs_plat_afu|core|dma|csr_mgr_inst|i1458~99_R6_X255_Y66_N0_I12_dff	reg	R6_X255_Y66_N0_I12
NODE	all_csr	afu_top|pg_afu.port_gasket|pr_slot|afu_main|port_afu_instances|ofs_plat_afu|core|dma|csr_mgr_inst|i1458~103_BLOCK_INPUT_MUX_PASSTHROUGH_X254_Y69_N0_I71_dff	reg	BLOCK_INPUT_MUX_PASSTHROUGH_X254_Y69_N0_I71
NODE	all_csr	afu_top|pg_afu.port_gasket|pr_slot|afu_main|port_afu_instances|ofs_plat_afu|core|dma|csr_mgr_inst|i1458~157xsyn_BLOCK_INPUT_MUX_PASSTHROUGH_X250_Y66_N0_I26_dff	reg	BLOCK_INPUT_MUX_PASSTHROUGH_X250_Y66_N0_I26
NODE	all_csr	afu_top|pg_afu.port_gasket|pr_slot|afu_main|port_afu_instances|ofs_plat_afu|core|dma|csr_mgr_inst|i1458~167xsyn_BLOCK_INPUT_MUX_PASSTHROUGH_X250_Y66_N0_I12_dff	reg	BLOCK_INPUT_MUX_PASSTHROUGH_X250_Y66_N0_I12
NODE	all_csr	afu_top|pg_afu.port_gasket|pr_slot|afu_main|port_afu_instances|ofs_plat_afu|core|dma|csr_mgr_inst|i1458~177xsyn_BLOCK_INPUT_MUX_PASSTHROUGH_X250_Y66_N0_I3_dff	reg	BLOCK_INPUT_MUX_PASSTHROUGH_X250_Y66_N0_I3
NODE	all_csr	afu_top|pg_afu.port_gasket|pr_slot|afu_main|port_afu_instances|ofs_plat_afu|core|dma|csr_mgr_inst|i1458~187xsyn_BLOCK_INPUT_MUX_PASSTHROUGH_X259_Y68_N0_I56_dff	reg	BLOCK_INPUT_MUX_PASSTHROUGH_X259_Y68_N0_I56
NODE	all_csr	afu_top|pg_afu.port_gasket|pr_slot|afu_main|port_afu_instances|ofs_plat_afu|core|dma|csr_mgr_inst|i1458~192xsyn_BLOCK_INPUT_MUX_PASSTHROUGH_X258_Y68_N0_I71_dff	reg	BLOCK_INPUT_MUX_PASSTHROUGH_X258_Y68_N0_I71
NODE	all_csr	afu_top|pg_afu.port_gasket|pr_slot|afu_main|port_afu_instances|ofs_plat_afu|core|dma|csr_mgr_inst|i1458~207xsyn_C4_X258_Y66_N0_I24_dff	reg	C4_X258_Y66_N0_I24
NODE	all_csr	afu_top|pg_afu.port_gasket|pr_slot|afu_main|port_afu_instances|ofs_plat_afu|core|dma|csr_mgr_inst|Select_0~14xsyn_BLOCK_INPUT_MUX_PASSTHROUGH_X258_Y70_N0_I0_dff	reg	BLOCK_INPUT_MUX_PASSTHROUGH_X258_Y70_N0_I0
NODE	all_csr	afu_top|pg_afu.port_gasket|pr_slot|afu_main|port_afu_instances|ofs_plat_afu|core|dma|csr_mgr_inst|Select_0~14xsyn_BLOCK_INPUT_MUX_PASSTHROUGH_X258_Y70_N0_I68_dff	reg	BLOCK_INPUT_MUX_PASSTHROUGH_X258_Y70_N0_I68
NODE	all_csr	afu_top|pg_afu.port_gasket|pr_slot|afu_main|port_afu_instances|ofs_plat_afu|core|dma|csr_mgr_inst|Select_0~14xsyn_BLOCK_INPUT_MUX_PASSTHROUGH_X258_Y70_N0_I37_dff	reg	BLOCK_INPUT_MUX_PASSTHROUGH_X258_Y70_N0_I37
NODE	all_csr	afu_top|pg_afu.port_gasket|pr_slot|afu_main|port_afu_instances|ofs_plat_afu|core|dma|csr_mgr_inst|Select_0~14xsyn_BLOCK_INPUT_MUX_PASSTHROUGH_X258_Y70_N0_I48_dff	reg	BLOCK_INPUT_MUX_PASSTHROUGH_X258_Y70_N0_I48
NODE	all_csr	afu_top|pg_afu.port_gasket|pr_slot|afu_main|port_afu_instances|ofs_plat_afu|core|dma|csr_mgr_inst|Select_0~14xsyn_BLOCK_INPUT_MUX_PASSTHROUGH_X258_Y70_N0_I58_dff	reg	BLOCK_INPUT_MUX_PASSTHROUGH_X258_Y70_N0_I58
NODE	all_csr	afu_top|pg_afu.port_gasket|pr_slot|afu_main|port_afu_instances|ofs_plat_afu|core|dma|csr_mgr_inst|Select_0~5xsyn_BLOCK_INPUT_MUX_PASSTHROUGH_X258_Y70_N0_I45_dff	reg	BLOCK_INPUT_MUX_PASSTHROUGH_X258_Y70_N0_I45
NODE	all_csr	afu_top|pg_afu.port_gasket|pr_slot|afu_main|port_afu_instances|ofs_plat_afu|core|dma|csr_mgr_inst|Select_0~5xsyn_BLOCK_INPUT_MUX_PASSTHROUGH_X258_Y70_N0_I10_dff	reg	BLOCK_INPUT_MUX_PASSTHROUGH_X258_Y70_N0_I10
NODE	all_csr	afu_top|pg_afu.port_gasket|pr_slot|afu_main|port_afu_instances|ofs_plat_afu|core|dma|csr_mgr_inst|i611~0xsyn_BLOCK_INPUT_MUX_PASSTHROUGH_X258_Y70_N0_I31_dff	reg	BLOCK_INPUT_MUX_PASSTHROUGH_X258_Y70_N0_I31
NODE	all_csr	afu_top|pg_afu.port_gasket|pr_slot|afu_main|port_afu_instances|ofs_plat_afu|core|dma|csr_mgr_inst|i611~0xsyn_BLOCK_INPUT_MUX_PASSTHROUGH_X258_Y70_N0_I25_dff	reg	BLOCK_INPUT_MUX_PASSTHROUGH_X258_Y70_N0_I25
NODE	all_csr	afu_top|pg_afu.port_gasket|pr_slot|afu_main|port_afu_instances|ofs_plat_afu|core|dma|csr_mgr_inst|i611~0xsyn_BLOCK_INPUT_MUX_PASSTHROUGH_X258_Y70_N0_I69_dff	reg	BLOCK_INPUT_MUX_PASSTHROUGH_X258_Y70_N0_I69
NODE	all_csr	afu_top|pg_afu.port_gasket|pr_slot|afu_main|port_afu_instances|ofs_plat_afu|core|dma|csr_mgr_inst|i611~0xsyn_BLOCK_INPUT_MUX_PASSTHROUGH_X258_Y70_N0_I44_dff	reg	BLOCK_INPUT_MUX_PASSTHROUGH_X258_Y70_N0_I44
NODE	all_csr	afu_top|pg_afu.port_gasket|pr_slot|afu_main|port_afu_instances|ofs_plat_afu|core|dma|csr_mgr_inst|i611~0xsyn_BLOCK_INPUT_MUX_PASSTHROUGH_X259_Y70_N0_I44_dff	reg	BLOCK_INPUT_MUX_PASSTHROUGH_X259_Y70_N0_I44
NODE	all_csr	afu_top|pg_afu.port_gasket|pr_slot|afu_main|port_afu_instances|ofs_plat_afu|core|dma|csr_mgr_inst|i611~0xsyn_BLOCK_INPUT_MUX_PASSTHROUGH_X258_Y70_N0_I34_dff	reg	BLOCK_INPUT_MUX_PASSTHROUGH_X258_Y70_N0_I34
NODE	all_csr	afu_top|pg_afu.port_gasket|pr_slot|afu_main|port_afu_instances|ofs_plat_afu|core|dma|csr_mgr_inst|i611~0xsyn_BLOCK_INPUT_MUX_PASSTHROUGH_X258_Y70_N0_I55_dff	reg	BLOCK_INPUT_MUX_PASSTHROUGH_X258_Y70_N0_I55
NODE	all_csr	afu_top|pg_afu.port_gasket|pr_slot|afu_main|port_afu_instances|ofs_plat_afu|core|dma|csr_mgr_inst|i611~0xsyn_BLOCK_INPUT_MUX_PASSTHROUGH_X258_Y70_N0_I56_dff	reg	BLOCK_INPUT_MUX_PASSTHROUGH_X258_Y70_N0_I56
NODE	all_csr	afu_top|pg_afu.port_gasket|pr_slot|afu_main|port_afu_instances|ofs_plat_afu|core|dma|csr_mgr_inst|i611~0xsyn_BLOCK_INPUT_MUX_PASSTHROUGH_X260_Y70_N0_I13_dff	reg	BLOCK_INPUT_MUX_PASSTHROUGH_X260_Y70_N0_I13
NODE	all_csr	afu_top|pg_afu.port_gasket|pr_slot|afu_main|port_afu_instances|ofs_plat_afu|core|dma|csr_mgr_inst|i611~0xsyn_BLOCK_INPUT_MUX_PASSTHROUGH_X260_Y70_N0_I23_dff	reg	BLOCK_INPUT_MUX_PASSTHROUGH_X260_Y70_N0_I23
NODE	all_csr	afu_top|pg_afu.port_gasket|pr_slot|afu_main|port_afu_instances|ofs_plat_afu|core|dma|csr_mgr_inst|i919~15xsyn_45_BLOCK_INPUT_MUX_PASSTHROUGH_X258_Y69_N0_I44_dff	reg	BLOCK_INPUT_MUX_PASSTHROUGH_X258_Y69_N0_I44
NODE	all_csr	afu_top|pg_afu.port_gasket|pr_slot|afu_main|port_afu_instances|ofs_plat_afu|core|dma|csr_mgr_inst|Select_0~9xsyn_BLOCK_INPUT_MUX_PASSTHROUGH_X258_Y70_N0_I3_dff	reg	BLOCK_INPUT_MUX_PASSTHROUGH_X258_Y70_N0_I3
NODE	all_csr	afu_top|pg_afu.port_gasket|pr_slot|afu_main|port_afu_instances|ofs_plat_afu|core|dma|csr_mgr_inst|i938~0xsyn_BLOCK_INPUT_MUX_PASSTHROUGH_X258_Y70_N0_I26_dff	reg	BLOCK_INPUT_MUX_PASSTHROUGH_X258_Y70_N0_I26
NODE	all_csr	afu_top|pg_afu.port_gasket|pr_slot|afu_main|port_afu_instances|ofs_plat_afu|core|dma|csr_mgr_inst|i938~0xsyn_BLOCK_INPUT_MUX_PASSTHROUGH_X258_Y70_N0_I12_dff	reg	BLOCK_INPUT_MUX_PASSTHROUGH_X258_Y70_N0_I12
NODE	all_csr	afu_top|pg_afu.port_gasket|pr_slot|afu_main|port_afu_instances|ofs_plat_afu|core|dma|csr_mgr_inst|i1458~60xsyn_BLOCK_INPUT_MUX_PASSTHROUGH_X253_Y69_N0_I15_dff	reg	BLOCK_INPUT_MUX_PASSTHROUGH_X253_Y69_N0_I15
NODE	all_csr	afu_top|pg_afu.port_gasket|pr_slot|afu_main|port_afu_instances|ofs_plat_afu|core|dma|csr_mgr_inst|i2654~0xsyn_BLOCK_INPUT_MUX_PASSTHROUGH_X258_Y70_N0_I2_dff	reg	BLOCK_INPUT_MUX_PASSTHROUGH_X258_Y70_N0_I2
NODE	all_csr	afu_top|pg_afu.port_gasket|pr_slot|afu_main|port_afu_instances|ofs_plat_afu|core|dma|csr_mgr_inst|i919~42xsyn_49_BLOCK_INPUT_MUX_PASSTHROUGH_X258_Y69_N0_I45_dff	reg	BLOCK_INPUT_MUX_PASSTHROUGH_X258_Y69_N0_I45
NODE	all_csr	afu_top|pg_afu.port_gasket|pr_slot|afu_main|port_afu_instances|ofs_plat_afu|core|dma|csr_mgr_inst|Select_0~10xsyn_BLOCK_INPUT_MUX_PASSTHROUGH_X258_Y70_N0_I71_dff	reg	BLOCK_INPUT_MUX_PASSTHROUGH_X258_Y70_N0_I71
NODE	all_csr	afu_top|pg_afu.port_gasket|pr_slot|afu_main|port_afu_instances|ofs_plat_afu|core|dma|csr_mgr_inst|Select_0~10xsyn_BLOCK_INPUT_MUX_PASSTHROUGH_X258_Y70_N0_I39_dff	reg	BLOCK_INPUT_MUX_PASSTHROUGH_X258_Y70_N0_I39
NODE	all_csr	afu_top|pg_afu.port_gasket|pr_slot|afu_main|port_afu_instances|ofs_plat_afu|core|dma|csr_mgr_inst|Select_0~10xsyn_BLOCK_INPUT_MUX_PASSTHROUGH_X258_Y70_N0_I53_dff	reg	BLOCK_INPUT_MUX_PASSTHROUGH_X258_Y70_N0_I53
NODE	all_csr	afu_top|pg_afu.port_gasket|pr_slot|afu_main|port_afu_instances|ofs_plat_afu|core|dma|csr_mgr_inst|Select_0~10xsyn_BLOCK_INPUT_MUX_PASSTHROUGH_X258_Y70_N0_I61_dff	reg	BLOCK_INPUT_MUX_PASSTHROUGH_X258_Y70_N0_I61
NODE	all_csr	afu_top|pg_afu.port_gasket|pr_slot|afu_main|port_afu_instances|ofs_plat_afu|core|dma|csr_mgr_inst|Select_0~10xsyn_20_BLOCK_INPUT_MUX_PASSTHROUGH_X258_Y70_N0_I42_dff	reg	BLOCK_INPUT_MUX_PASSTHROUGH_X258_Y70_N0_I42
NODE	all_csr	afu_top|pg_afu.port_gasket|pr_slot|afu_main|port_afu_instances|ofs_plat_afu|core|dma|csr_mgr_inst|Select_0~10xsyn_20_BLOCK_INPUT_MUX_PASSTHROUGH_X259_Y70_N0_I42_dff	reg	BLOCK_INPUT_MUX_PASSTHROUGH_X259_Y70_N0_I42
NODE	all_csr	afu_top|pg_afu.port_gasket|pr_slot|afu_main|port_afu_instances|ofs_plat_afu|core|dma|csr_mgr_inst|Select_0~10xsyn_20_BLOCK_INPUT_MUX_PASSTHROUGH_X260_Y70_N0_I10_dff	reg	BLOCK_INPUT_MUX_PASSTHROUGH_X260_Y70_N0_I10
NODE	all_csr	afu_top|pg_afu.port_gasket|pr_slot|afu_main|port_afu_instances|ofs_plat_afu|core|dma|csr_mgr_inst|Select_0~10xsyn_20_BLOCK_INPUT_MUX_PASSTHROUGH_X260_Y70_N0_I19_dff	reg	BLOCK_INPUT_MUX_PASSTHROUGH_X260_Y70_N0_I19
NODE	all_csr	afu_top|pg_afu.port_gasket|pr_slot|afu_main|port_afu_instances|ofs_plat_afu|core|dma|csr_mgr_inst|i2910~0xsyn_2_BLOCK_INPUT_MUX_PASSTHROUGH_X258_Y70_N0_I36_dff	reg	BLOCK_INPUT_MUX_PASSTHROUGH_X258_Y70_N0_I36
NODE	all_csr	afu_top|pg_afu.port_gasket|pr_slot|afu_main|port_afu_instances|ofs_plat_afu|core|dma|csr_mgr_inst|i2884~0xsyn_2_BLOCK_INPUT_MUX_PASSTHROUGH_X258_Y70_N0_I50_dff	reg	BLOCK_INPUT_MUX_PASSTHROUGH_X258_Y70_N0_I50
NODE	all_csr	afu_top|pg_afu.port_gasket|pr_slot|afu_main|port_afu_instances|ofs_plat_afu|core|dma|csr_mgr_inst|i2832~0xsyn_2_BLOCK_INPUT_MUX_PASSTHROUGH_X258_Y70_N0_I59_dff	reg	BLOCK_INPUT_MUX_PASSTHROUGH_X258_Y70_N0_I59
NODE	all_csr	afu_top|pg_afu.port_gasket|pr_slot|afu_main|port_afu_instances|ofs_plat_afu|core|dma|csr_mgr_inst|i2775~1xsyn_BLOCK_INPUT_MUX_PASSTHROUGH_X260_Y70_N0_I8_dff	reg	BLOCK_INPUT_MUX_PASSTHROUGH_X260_Y70_N0_I8
NODE	all_csr	afu_top|pg_afu.port_gasket|pr_slot|afu_main|port_afu_instances|ofs_plat_afu|core|dma|csr_mgr_inst|i2775~1xsyn_3_BLOCK_INPUT_MUX_PASSTHROUGH_X260_Y70_N0_I15_dff	reg	BLOCK_INPUT_MUX_PASSTHROUGH_X260_Y70_N0_I15
NODE	all_csr	afu_top|pg_afu.port_gasket|pr_slot|afu_main|port_afu_instances|ofs_plat_afu|core|dma|csr_mgr_inst|i2852~0xsyn_BLOCK_INPUT_MUX_PASSTHROUGH_X260_Y70_N0_I20_dff	reg	BLOCK_INPUT_MUX_PASSTHROUGH_X260_Y70_N0_I20
NODE	all_csr	afu_top|pg_afu.port_gasket|pr_slot|afu_main|port_afu_instances|ofs_plat_afu|core|dma|csr_mgr_inst|i2852~0xsyn_2_BLOCK_INPUT_MUX_PASSTHROUGH_X260_Y70_N0_I21_dff	reg	BLOCK_INPUT_MUX_PASSTHROUGH_X260_Y70_N0_I21
NODE	all_csr	afu_top|pg_afu.port_gasket|pr_slot|afu_main|port_afu_instances|ofs_plat_afu|core|dma|csr_mgr_inst|i1458~65xsyn_BLOCK_INPUT_MUX_PASSTHROUGH_X253_Y69_N0_I8_dff	reg	BLOCK_INPUT_MUX_PASSTHROUGH_X253_Y69_N0_I8
NODE	all_csr	afu_top|pg_afu.port_gasket|pr_slot|afu_main|port_afu_instances|ofs_plat_afu|core|dma|csr_mgr_inst|i1458~33xsyn_R4_X255_Y69_N0_I16_dff	reg	R4_X255_Y69_N0_I16
NODE	all_csr	afu_top|pg_afu.port_gasket|pr_slot|afu_main|port_afu_instances|ofs_plat_afu|core|dma|csr_mgr_inst|i1458~91xsyn_BLOCK_INPUT_MUX_PASSTHROUGH_X253_Y69_N0_I0_dff	reg	BLOCK_INPUT_MUX_PASSTHROUGH_X253_Y69_N0_I0
NODE	all_csr	afu_top|pg_afu.port_gasket|pr_slot|afu_main|port_afu_instances|ofs_plat_afu|core|dma|csr_mgr_inst|i1458~29xsyn_R4_X255_Y65_N0_I18_dff	reg	R4_X255_Y65_N0_I18
NODE	all_csr	afu_top|pg_afu.port_gasket|pr_slot|afu_main|port_afu_instances|ofs_plat_afu|core|dma|csr_mgr_inst|i1458~47xsyn_BLOCK_INPUT_MUX_PASSTHROUGH_X254_Y69_N0_I34_dff	reg	BLOCK_INPUT_MUX_PASSTHROUGH_X254_Y69_N0_I34
NODE	all_csr	afu_top|pg_afu.port_gasket|pr_slot|afu_main|port_afu_instances|ofs_plat_afu|core|dma|csr_mgr_inst|dest_fresh~DUPLICATE_BLOCK_INPUT_MUX_PASSTHROUGH_X258_Y70_N0_I18_dff	reg	BLOCK_INPUT_MUX_PASSTHROUGH_X258_Y70_N0_I18
NODE	all_csr	afu_top|pg_afu.port_gasket|pr_slot|afu_main|port_afu_instances|ofs_plat_afu|core|dma|csr_mgr_inst|mmio64_reg.w.data[36]~DUPLICATE_BLOCK_INPUT_MUX_PASSTHROUGH_X260_Y68_N0_I44_dff	reg	BLOCK_INPUT_MUX_PASSTHROUGH_X260_Y68_N0_I44
NODE	all_csr	afu_top|pg_afu.port_gasket|pr_slot|afu_main|port_afu_instances|ofs_plat_afu|core|dma|csr_mgr_inst|mmio64_reg.w.data[30]~DUPLICATE_BLOCK_INPUT_MUX_PASSTHROUGH_X256_Y68_N0_I20_dff	reg	BLOCK_INPUT_MUX_PASSTHROUGH_X256_Y68_N0_I20
NODE	all_csr	afu_top|pg_afu.port_gasket|pr_slot|afu_main|port_afu_instances|ofs_plat_afu|core|dma|csr_mgr_inst|mmio64_reg.w.data[30]~DUPLICATE_BLOCK_INPUT_MUX_PASSTHROUGH_X258_Y66_N0_I12_dff	reg	BLOCK_INPUT_MUX_PASSTHROUGH_X258_Y66_N0_I12
NODE	all_csr	afu_top|pg_afu.port_gasket|pr_slot|afu_main|port_afu_instances|ofs_plat_afu|core|dma|csr_mgr_inst|mmio64_reg.w.data[28]~DUPLICATE_BLOCK_INPUT_MUX_PASSTHROUGH_X256_Y68_N0_I12_dff	reg	BLOCK_INPUT_MUX_PASSTHROUGH_X256_Y68_N0_I12
NODE	all_csr	afu_top|pg_afu.port_gasket|pr_slot|afu_main|port_afu_instances|ofs_plat_afu|core|dma|csr_mgr_inst|mmio64_reg.w.data[28]~DUPLICATE_BLOCK_INPUT_MUX_PASSTHROUGH_X260_Y68_N0_I12_dff	reg	BLOCK_INPUT_MUX_PASSTHROUGH_X260_Y68_N0_I12
NODE	all_csr	afu_top|pg_afu.port_gasket|pr_slot|afu_main|port_afu_instances|ofs_plat_afu|core|dma|csr_mgr_inst|mmio64_reg.w.data[18]~DUPLICATE_BLOCK_INPUT_MUX_PASSTHROUGH_X258_Y68_N0_I8_dff	reg	BLOCK_INPUT_MUX_PASSTHROUGH_X258_Y68_N0_I8
NODE	all_csr	afu_top|pg_afu.port_gasket|pr_slot|afu_main|port_afu_instances|ofs_plat_afu|core|dma|csr_mgr_inst|mmio64_reg.w.data[19]~DUPLICATE_BLOCK_INPUT_MUX_PASSTHROUGH_X256_Y69_N0_I53_dff	reg	BLOCK_INPUT_MUX_PASSTHROUGH_X256_Y69_N0_I53
NODE	all_csr	afu_top|pg_afu.port_gasket|pr_slot|afu_main|port_afu_instances|ofs_plat_afu|core|dma|csr_mgr_inst|mmio64_reg.w.data[21]~DUPLICATE_BLOCK_INPUT_MUX_PASSTHROUGH_X260_Y69_N0_I61_dff	reg	BLOCK_INPUT_MUX_PASSTHROUGH_X260_Y69_N0_I61
NODE	all_csr	afu_top|pg_afu.port_gasket|pr_slot|afu_main|port_afu_instances|ofs_plat_afu|core|dma|csr_mgr_inst|mmio64_reg.w.data[21]~DUPLICATE_BLOCK_INPUT_MUX_PASSTHROUGH_X256_Y69_N0_I52_dff	reg	BLOCK_INPUT_MUX_PASSTHROUGH_X256_Y69_N0_I52
NODE	all_csr	afu_top|pg_afu.port_gasket|pr_slot|afu_main|port_afu_instances|ofs_plat_afu|core|dma|csr_mgr_inst|mmio64_reg.w.data[26]~DUPLICATE_BLOCK_INPUT_MUX_PASSTHROUGH_X259_Y65_N0_I12_dff	reg	BLOCK_INPUT_MUX_PASSTHROUGH_X259_Y65_N0_I12
NODE	all_csr	afu_top|pg_afu.port_gasket|pr_slot|afu_main|port_afu_instances|ofs_plat_afu|core|dma|csr_mgr_inst|mmio64_reg.w.data[26]~DUPLICATE_BLOCK_INPUT_MUX_PASSTHROUGH_X259_Y65_N0_I21_dff	reg	BLOCK_INPUT_MUX_PASSTHROUGH_X259_Y65_N0_I21
NODE	all_csr	afu_top|pg_afu.port_gasket|pr_slot|afu_main|port_afu_instances|ofs_plat_afu|core|dma|csr_mgr_inst|mmio64_reg.w.data[26]~DUPLICATE_BLOCK_INPUT_MUX_PASSTHROUGH_X256_Y68_N0_I4_dff	reg	BLOCK_INPUT_MUX_PASSTHROUGH_X256_Y68_N0_I4
NODE	all_csr	afu_top|pg_afu.port_gasket|pr_slot|afu_main|port_afu_instances|ofs_plat_afu|core|dma|csr_mgr_inst|mmio64_reg.w.data[26]~DUPLICATE_BLOCK_INPUT_MUX_PASSTHROUGH_X260_Y68_N0_I4_dff	reg	BLOCK_INPUT_MUX_PASSTHROUGH_X260_Y68_N0_I4
NODE	all_csr	afu_top|pg_afu.port_gasket|pr_slot|afu_main|port_afu_instances|ofs_plat_afu|core|dma|csr_mgr_inst|mmio64_reg.w.data[27]~DUPLICATE_BLOCK_INPUT_MUX_PASSTHROUGH_X259_Y65_N0_I15_dff	reg	BLOCK_INPUT_MUX_PASSTHROUGH_X259_Y65_N0_I15
NODE	all_csr	afu_top|pg_afu.port_gasket|pr_slot|afu_main|port_afu_instances|ofs_plat_afu|core|dma|csr_mgr_inst|mmio64_reg.w.data[27]~DUPLICATE_BLOCK_INPUT_MUX_PASSTHROUGH_X256_Y68_N0_I5_dff	reg	BLOCK_INPUT_MUX_PASSTHROUGH_X256_Y68_N0_I5
NODE	all_csr	afu_top|pg_afu.port_gasket|pr_slot|afu_main|port_afu_instances|ofs_plat_afu|core|dma|csr_mgr_inst|mmio64_reg.w.data[6]~DUPLICATE_BLOCK_INPUT_MUX_PASSTHROUGH_X259_Y68_N0_I5_dff	reg	BLOCK_INPUT_MUX_PASSTHROUGH_X259_Y68_N0_I5
NODE	all_csr	afu_top|pg_afu.port_gasket|pr_slot|afu_main|port_afu_instances|ofs_plat_afu|core|dma|csr_mgr_inst|mmio64_reg.w.data[6]~DUPLICATE_BLOCK_INPUT_MUX_PASSTHROUGH_X258_Y68_N0_I20_dff	reg	BLOCK_INPUT_MUX_PASSTHROUGH_X258_Y68_N0_I20
NODE	all_csr	afu_top|pg_afu.port_gasket|pr_slot|afu_main|port_afu_instances|ofs_plat_afu|core|dma|csr_mgr_inst|mmio64_reg.w.data[6]~DUPLICATE_BLOCK_INPUT_MUX_PASSTHROUGH_X258_Y68_N0_I28_dff	reg	BLOCK_INPUT_MUX_PASSTHROUGH_X258_Y68_N0_I28
NODE	all_csr	afu_top|pg_afu.port_gasket|pr_slot|afu_main|port_afu_instances|ofs_plat_afu|core|dma|csr_mgr_inst|mmio64_reg.w.data[6]~DUPLICATE_BLOCK_INPUT_MUX_PASSTHROUGH_X261_Y69_N0_I4_dff	reg	BLOCK_INPUT_MUX_PASSTHROUGH_X261_Y69_N0_I4
NODE	all_csr	afu_top|pg_afu.port_gasket|pr_slot|afu_main|port_afu_instances|ofs_plat_afu|core|dma|csr_mgr_inst|mmio64_reg.w.data[6]~DUPLICATE_BLOCK_INPUT_MUX_PASSTHROUGH_X260_Y69_N0_I4_dff	reg	BLOCK_INPUT_MUX_PASSTHROUGH_X260_Y69_N0_I4
NODE	all_csr	afu_top|pg_afu.port_gasket|pr_slot|afu_main|port_afu_instances|ofs_plat_afu|core|dma|csr_mgr_inst|mmio64_reg.w.data[0]~DUPLICATE_BLOCK_INPUT_MUX_PASSTHROUGH_X260_Y67_N0_I49_dff	reg	BLOCK_INPUT_MUX_PASSTHROUGH_X260_Y67_N0_I49
NODE	all_csr	afu_top|pg_afu.port_gasket|pr_slot|afu_main|port_afu_instances|ofs_plat_afu|core|dma|csr_mgr_inst|mmio64_reg.w.data[0]~DUPLICATE_BLOCK_INPUT_MUX_PASSTHROUGH_X258_Y68_N0_I12_dff	reg	BLOCK_INPUT_MUX_PASSTHROUGH_X258_Y68_N0_I12
NODE	all_csr	afu_top|pg_afu.port_gasket|pr_slot|afu_main|port_afu_instances|ofs_plat_afu|core|dma|csr_mgr_inst|mmio64_reg.w.data[0]~DUPLICATE_BLOCK_INPUT_MUX_PASSTHROUGH_X258_Y66_N0_I2_dff	reg	BLOCK_INPUT_MUX_PASSTHROUGH_X258_Y66_N0_I2
NODE	all_csr	afu_top|pg_afu.port_gasket|pr_slot|afu_main|port_afu_instances|ofs_plat_afu|core|dma|csr_mgr_inst|mmio64_reg.w.data[0]~DUPLICATE_BLOCK_INPUT_MUX_PASSTHROUGH_X258_Y66_N0_I11_dff	reg	BLOCK_INPUT_MUX_PASSTHROUGH_X258_Y66_N0_I11
NODE	all_csr	afu_top|pg_afu.port_gasket|pr_slot|afu_main|port_afu_instances|ofs_plat_afu|core|dma|csr_mgr_inst|mmio64_reg.w.data[0]~DUPLICATE_BLOCK_INPUT_MUX_PASSTHROUGH_X259_Y69_N0_I36_dff	reg	BLOCK_INPUT_MUX_PASSTHROUGH_X259_Y69_N0_I36
NODE	all_csr	afu_top|pg_afu.port_gasket|pr_slot|afu_main|port_afu_instances|ofs_plat_afu|core|dma|csr_mgr_inst|mmio64_reg.w.data[2]~DUPLICATE_BLOCK_INPUT_MUX_PASSTHROUGH_X258_Y67_N0_I4_dff	reg	BLOCK_INPUT_MUX_PASSTHROUGH_X258_Y67_N0_I4
NODE	all_csr	afu_top|pg_afu.port_gasket|pr_slot|afu_main|port_afu_instances|ofs_plat_afu|core|dma|csr_mgr_inst|mmio64_reg.w.data[2]~DUPLICATE_BLOCK_INPUT_MUX_PASSTHROUGH_X261_Y69_N0_I26_dff	reg	BLOCK_INPUT_MUX_PASSTHROUGH_X261_Y69_N0_I26
NODE	all_csr	afu_top|pg_afu.port_gasket|pr_slot|afu_main|port_afu_instances|ofs_plat_afu|core|dma|csr_mgr_inst|mmio64_reg.w.data[2]~DUPLICATE_BLOCK_INPUT_MUX_PASSTHROUGH_X258_Y66_N0_I3_dff	reg	BLOCK_INPUT_MUX_PASSTHROUGH_X258_Y66_N0_I3
NODE	all_csr	afu_top|pg_afu.port_gasket|pr_slot|afu_main|port_afu_instances|ofs_plat_afu|core|dma|csr_mgr_inst|mmio64_reg.w.data[2]~DUPLICATE_BLOCK_INPUT_MUX_PASSTHROUGH_X258_Y66_N0_I20_dff	reg	BLOCK_INPUT_MUX_PASSTHROUGH_X258_Y66_N0_I20
NODE	all_csr	afu_top|pg_afu.port_gasket|pr_slot|afu_main|port_afu_instances|ofs_plat_afu|core|dma|csr_mgr_inst|mmio64_reg.w.data[2]~DUPLICATE_BLOCK_INPUT_MUX_PASSTHROUGH_X259_Y69_N0_I12_dff	reg	BLOCK_INPUT_MUX_PASSTHROUGH_X259_Y69_N0_I12
NODE	all_csr	afu_top|pg_afu.port_gasket|pr_slot|afu_main|port_afu_instances|ofs_plat_afu|core|dma|csr_mgr_inst|mmio64_reg.w.data[3]~DUPLICATE_BLOCK_INPUT_MUX_PASSTHROUGH_X259_Y68_N0_I74_dff	reg	BLOCK_INPUT_MUX_PASSTHROUGH_X259_Y68_N0_I74
NODE	all_csr	afu_top|pg_afu.port_gasket|pr_slot|afu_main|port_afu_instances|ofs_plat_afu|core|dma|csr_mgr_inst|mmio64_reg.w.data[3]~DUPLICATE_BLOCK_INPUT_MUX_PASSTHROUGH_X258_Y69_N0_I20_dff	reg	BLOCK_INPUT_MUX_PASSTHROUGH_X258_Y69_N0_I20
NODE	all_csr	afu_top|pg_afu.port_gasket|pr_slot|afu_main|port_afu_instances|ofs_plat_afu|core|dma|csr_mgr_inst|mmio64_reg.w.data[3]~DUPLICATE_BLOCK_INPUT_MUX_PASSTHROUGH_X258_Y68_N0_I2_dff	reg	BLOCK_INPUT_MUX_PASSTHROUGH_X258_Y68_N0_I2
NODE	all_csr	afu_top|pg_afu.port_gasket|pr_slot|afu_main|port_afu_instances|ofs_plat_afu|core|dma|csr_mgr_inst|mmio64_reg.w.data[3]~DUPLICATE_BLOCK_INPUT_MUX_PASSTHROUGH_X261_Y69_N0_I12_dff	reg	BLOCK_INPUT_MUX_PASSTHROUGH_X261_Y69_N0_I12
NODE	all_csr	afu_top|pg_afu.port_gasket|pr_slot|afu_main|port_afu_instances|ofs_plat_afu|core|dma|csr_mgr_inst|mmio64_reg.w.data[3]~DUPLICATE_BLOCK_INPUT_MUX_PASSTHROUGH_X259_Y69_N0_I3_dff	reg	BLOCK_INPUT_MUX_PASSTHROUGH_X259_Y69_N0_I3
NODE	all_csr	afu_top|pg_afu.port_gasket|pr_slot|afu_main|port_afu_instances|ofs_plat_afu|core|dma|csr_mgr_inst|mmio64_reg.w.data[13]~DUPLICATE_BLOCK_INPUT_MUX_PASSTHROUGH_X260_Y69_N0_I29_dff	reg	BLOCK_INPUT_MUX_PASSTHROUGH_X260_Y69_N0_I29
NODE	all_csr	afu_top|pg_afu.port_gasket|pr_slot|afu_main|port_afu_instances|ofs_plat_afu|core|dma|csr_mgr_inst|mmio64_reg.w.data[13]~DUPLICATE_BLOCK_INPUT_MUX_PASSTHROUGH_X256_Y69_N0_I29_dff	reg	BLOCK_INPUT_MUX_PASSTHROUGH_X256_Y69_N0_I29
NODE	all_csr	afu_top|pg_afu.port_gasket|pr_slot|afu_main|port_afu_instances|ofs_plat_afu|core|dma|csr_mgr_inst|mmio64_reg.w.data[14]~DUPLICATE_BLOCK_INPUT_MUX_PASSTHROUGH_X259_Y66_N0_I15_dff	reg	BLOCK_INPUT_MUX_PASSTHROUGH_X259_Y66_N0_I15
NODE	all_csr	afu_top|pg_afu.port_gasket|pr_slot|afu_main|port_afu_instances|ofs_plat_afu|core|dma|csr_mgr_inst|mmio64_reg.w.data[14]~DUPLICATE_BLOCK_INPUT_MUX_PASSTHROUGH_X259_Y66_N0_I16_dff	reg	BLOCK_INPUT_MUX_PASSTHROUGH_X259_Y66_N0_I16
NODE	all_csr	afu_top|pg_afu.port_gasket|pr_slot|afu_main|port_afu_instances|ofs_plat_afu|core|dma|csr_mgr_inst|mmio64_reg.w.data[14]~DUPLICATE_BLOCK_INPUT_MUX_PASSTHROUGH_X260_Y69_N0_I36_dff	reg	BLOCK_INPUT_MUX_PASSTHROUGH_X260_Y69_N0_I36
NODE	all_csr	afu_top|pg_afu.port_gasket|pr_slot|afu_main|port_afu_instances|ofs_plat_afu|core|dma|csr_mgr_inst|mmio64_reg.w.data[14]~DUPLICATE_BLOCK_INPUT_MUX_PASSTHROUGH_X261_Y66_N0_I2_dff	reg	BLOCK_INPUT_MUX_PASSTHROUGH_X261_Y66_N0_I2
NODE	all_csr	afu_top|pg_afu.port_gasket|pr_slot|afu_main|port_afu_instances|ofs_plat_afu|core|dma|csr_mgr_inst|mmio64_reg.r.data[0]~ENA_dff	reg	FF_X254_Y69_N60
NODE	all_csr	afu_top|pg_afu.port_gasket|pr_slot|afu_main|port_afu_instances|ofs_plat_afu|core|dma|csr_mgr_inst|mmio64_reg.r.data[0]~SCLR_dff	reg	FF_X254_Y69_N61
NODE	all_csr	afu_top|pg_afu.port_gasket|pr_slot|afu_main|port_afu_instances|ofs_plat_afu|core|dma|csr_mgr_inst|mmio64_reg.r.data[5]~ENA_dff	reg	FF_X254_Y69_N64
NODE	all_csr	afu_top|pg_afu.port_gasket|pr_slot|afu_main|port_afu_instances|ofs_plat_afu|core|dma|csr_mgr_inst|mmio64_reg.r.data[5]~SCLR_dff	reg	FF_X254_Y69_N65
NODE	all_csr	afu_top|pg_afu.port_gasket|pr_slot|afu_main|port_afu_instances|ofs_plat_afu|core|dma|csr_mgr_inst|mmio64_reg.r.data[4]~ENA_dff	reg	FF_X254_Y69_N66
NODE	all_csr	afu_top|pg_afu.port_gasket|pr_slot|afu_main|port_afu_instances|ofs_plat_afu|core|dma|csr_mgr_inst|mmio64_reg.r.data[4]~SCLR_dff	reg	FF_X254_Y69_N67
NODE	all_csr	afu_top|pg_afu.port_gasket|pr_slot|afu_main|port_afu_instances|ofs_plat_afu|core|dma|csr_mgr_inst|mmio64_reg.r.data[6]~ENA_dff	reg	FF_X254_Y69_N68
NODE	all_csr	afu_top|pg_afu.port_gasket|pr_slot|afu_main|port_afu_instances|ofs_plat_afu|core|dma|csr_mgr_inst|mmio64_reg.r.data[6]~SCLR_dff	reg	FF_X254_Y69_N69
NODE	all_csr	afu_top|pg_afu.port_gasket|pr_slot|afu_main|port_afu_instances|ofs_plat_afu|core|dma|csr_mgr_inst|mmio64_reg.r.data[17]~ENA_dff	reg	FF_X254_Y69_N70
NODE	all_csr	afu_top|pg_afu.port_gasket|pr_slot|afu_main|port_afu_instances|ofs_plat_afu|core|dma|csr_mgr_inst|mmio64_reg.r.data[17]~SCLR_dff	reg	FF_X254_Y69_N71
NODE	all_csr	afu_top|pg_afu.port_gasket|pr_slot|afu_main|port_afu_instances|ofs_plat_afu|core|dma|csr_mgr_inst|mmio64_reg.r.data[10]~ENA_dff	reg	FF_X254_Y69_N72
NODE	all_csr	afu_top|pg_afu.port_gasket|pr_slot|afu_main|port_afu_instances|ofs_plat_afu|core|dma|csr_mgr_inst|mmio64_reg.r.data[10]~SCLR_dff	reg	FF_X254_Y69_N73
NODE	all_csr	afu_top|pg_afu.port_gasket|pr_slot|afu_main|port_afu_instances|ofs_plat_afu|core|dma|csr_mgr_inst|mmio64_reg.r.data[18]~ENA_dff	reg	FF_X254_Y69_N74
NODE	all_csr	afu_top|pg_afu.port_gasket|pr_slot|afu_main|port_afu_instances|ofs_plat_afu|core|dma|csr_mgr_inst|mmio64_reg.r.data[18]~SCLR_dff	reg	FF_X254_Y69_N75
NODE	all_csr	afu_top|pg_afu.port_gasket|pr_slot|afu_main|port_afu_instances|ofs_plat_afu|core|dma|csr_mgr_inst|mmio64_reg.r.data[19]~ENA_dff	reg	FF_X254_Y69_N76
NODE	all_csr	afu_top|pg_afu.port_gasket|pr_slot|afu_main|port_afu_instances|ofs_plat_afu|core|dma|csr_mgr_inst|mmio64_reg.r.data[19]~SCLR_dff	reg	FF_X254_Y69_N77
NODE	all_csr	afu_top|pg_afu.port_gasket|pr_slot|afu_main|port_afu_instances|ofs_plat_afu|core|dma|csr_mgr_inst|dma_csr_map.descriptor.dest_addr[36]~SCLR_dff	reg	FF_X255_Y69_N61
NODE	all_csr	afu_top|pg_afu.port_gasket|pr_slot|afu_main|port_afu_instances|ofs_plat_afu|core|dma|csr_mgr_inst|dma_csr_map.descriptor.dest_addr[7]~SCLR_dff	reg	FF_X256_Y69_N61
NODE	all_csr	afu_top|pg_afu.port_gasket|pr_slot|afu_main|port_afu_instances|ofs_plat_afu|core|dma|csr_mgr_inst|dma_csr_map.descriptor.dest_addr[9]~SCLR_dff	reg	FF_X256_Y69_N63
NODE	all_csr	afu_top|pg_afu.port_gasket|pr_slot|afu_main|port_afu_instances|ofs_plat_afu|core|dma|csr_mgr_inst|dma_csr_map.descriptor.dest_addr[11]~SCLR_dff	reg	FF_X256_Y69_N65
NODE	all_csr	afu_top|pg_afu.port_gasket|pr_slot|afu_main|port_afu_instances|ofs_plat_afu|core|dma|csr_mgr_inst|dma_csr_map.descriptor.dest_addr[13]~SCLR_dff	reg	FF_X256_Y69_N67
NODE	all_csr	afu_top|pg_afu.port_gasket|pr_slot|afu_main|port_afu_instances|ofs_plat_afu|core|dma|csr_mgr_inst|dma_csr_map.descriptor.dest_addr[15]~SCLR_dff	reg	FF_X256_Y69_N69
NODE	all_csr	afu_top|pg_afu.port_gasket|pr_slot|afu_main|port_afu_instances|ofs_plat_afu|core|dma|csr_mgr_inst|dma_csr_map.descriptor.dest_addr[17]~SCLR_dff	reg	FF_X256_Y69_N71
NODE	all_csr	afu_top|pg_afu.port_gasket|pr_slot|afu_main|port_afu_instances|ofs_plat_afu|core|dma|csr_mgr_inst|dma_csr_map.descriptor.dest_addr[21]~SCLR_dff	reg	FF_X256_Y69_N73
NODE	all_csr	afu_top|pg_afu.port_gasket|pr_slot|afu_main|port_afu_instances|ofs_plat_afu|core|dma|csr_mgr_inst|dma_csr_map.descriptor.dest_addr[23]~SCLR_dff	reg	FF_X256_Y69_N75
NODE	all_csr	afu_top|pg_afu.port_gasket|pr_slot|afu_main|port_afu_instances|ofs_plat_afu|core|dma|csr_mgr_inst|dma_csr_map.descriptor.dest_addr[25]~SCLR_dff	reg	FF_X256_Y69_N79
NODE	all_csr	afu_top|pg_afu.port_gasket|pr_slot|afu_main|port_afu_instances|ofs_plat_afu|core|dma|csr_mgr_inst|dst_last_q[34]~DUPLICATESCLR_dff	reg	FF_X255_Y68_N71
NODE	all_csr	afu_top|pg_afu.port_gasket|pr_slot|afu_main|port_afu_instances|ofs_plat_afu|core|dma|csr_mgr_inst|dst_last_q[35]~SCLR_dff	reg	FF_X255_Y68_N73
NODE	all_csr	afu_top|pg_afu.port_gasket|pr_slot|afu_main|port_afu_instances|ofs_plat_afu|core|dma|csr_mgr_inst|dst_last_q[38]~SCLR_dff	reg	FF_X255_Y68_N75
NODE	all_csr	afu_top|pg_afu.port_gasket|pr_slot|afu_main|port_afu_instances|ofs_plat_afu|core|dma|csr_mgr_inst|dst_last_q[39]~SCLR_dff	reg	FF_X255_Y68_N77
NODE	all_csr	afu_top|pg_afu.port_gasket|pr_slot|afu_main|port_afu_instances|ofs_plat_afu|core|dma|csr_mgr_inst|dst_last_q[41]~SCLR_dff	reg	FF_X255_Y68_N79
NODE	all_csr	afu_top|pg_afu.port_gasket|pr_slot|afu_main|port_afu_instances|ofs_plat_afu|core|dma|csr_mgr_inst|dma_csr_map.descriptor.dest_addr[27]~SCLR_dff	reg	FF_X256_Y68_N61
NODE	all_csr	afu_top|pg_afu.port_gasket|pr_slot|afu_main|port_afu_instances|ofs_plat_afu|core|dma|csr_mgr_inst|dma_csr_map.descriptor.dest_addr[29]~SCLR_dff	reg	FF_X256_Y68_N63
NODE	all_csr	afu_top|pg_afu.port_gasket|pr_slot|afu_main|port_afu_instances|ofs_plat_afu|core|dma|csr_mgr_inst|dma_csr_map.descriptor.dest_addr[30]~SCLR_dff	reg	FF_X256_Y68_N65
NODE	all_csr	afu_top|pg_afu.port_gasket|pr_slot|afu_main|port_afu_instances|ofs_plat_afu|core|dma|csr_mgr_inst|dma_csr_map.descriptor.dest_addr[32]~SCLR_dff	reg	FF_X256_Y68_N67
NODE	all_csr	afu_top|pg_afu.port_gasket|pr_slot|afu_main|port_afu_instances|ofs_plat_afu|core|dma|csr_mgr_inst|dma_csr_map.descriptor.dest_addr[35]~SCLR_dff	reg	FF_X256_Y68_N69
NODE	all_csr	afu_top|pg_afu.port_gasket|pr_slot|afu_main|port_afu_instances|ofs_plat_afu|core|dma|csr_mgr_inst|mmio64_reg.w.data[45]~ENA_dff	reg	FF_X256_Y68_N70
NODE	all_csr	afu_top|pg_afu.port_gasket|pr_slot|afu_main|port_afu_instances|ofs_plat_afu|core|dma|csr_mgr_inst|dma_csr_map.descriptor.dest_addr[39]~SCLR_dff	reg	FF_X256_Y68_N73
NODE	all_csr	afu_top|pg_afu.port_gasket|pr_slot|afu_main|port_afu_instances|ofs_plat_afu|core|dma|csr_mgr_inst|dma_csr_map.descriptor.dest_addr[40]~SCLR_dff	reg	FF_X256_Y68_N75
NODE	all_csr	afu_top|pg_afu.port_gasket|pr_slot|afu_main|port_afu_instances|ofs_plat_afu|core|dma|csr_mgr_inst|dma_csr_map.descriptor.dest_addr[42]~SCLR_dff	reg	FF_X256_Y68_N77
NODE	all_csr	afu_top|pg_afu.port_gasket|pr_slot|afu_main|port_afu_instances|ofs_plat_afu|core|dma|csr_mgr_inst|dma_csr_map.descriptor.dest_addr[45]~SCLR_dff	reg	FF_X256_Y68_N79
NODE	all_csr	afu_top|pg_afu.port_gasket|pr_slot|afu_main|port_afu_instances|ofs_plat_afu|core|dma|csr_mgr_inst|dst_last_q[44]~SCLR_dff	reg	FF_X255_Y67_N61
NODE	all_csr	afu_top|pg_afu.port_gasket|pr_slot|afu_main|port_afu_instances|ofs_plat_afu|core|dma|csr_mgr_inst|dst_last_q[46]~SCLR_dff	reg	FF_X255_Y67_N63
NODE	all_csr	afu_top|pg_afu.port_gasket|pr_slot|afu_main|port_afu_instances|ofs_plat_afu|core|dma|csr_mgr_inst|dst_last_q[48]~SCLR_dff	reg	FF_X255_Y67_N65
NODE	all_csr	afu_top|pg_afu.port_gasket|pr_slot|afu_main|port_afu_instances|ofs_plat_afu|core|dma|csr_mgr_inst|dst_last_q[50]~SCLR_dff	reg	FF_X255_Y67_N67
NODE	all_csr	afu_top|pg_afu.port_gasket|pr_slot|afu_main|port_afu_instances|ofs_plat_afu|core|dma|csr_mgr_inst|dst_last_q[52]~SCLR_dff	reg	FF_X255_Y67_N69
NODE	all_csr	afu_top|pg_afu.port_gasket|pr_slot|afu_main|port_afu_instances|ofs_plat_afu|core|dma|csr_mgr_inst|dst_last_q[53]~SCLR_dff	reg	FF_X255_Y67_N71
NODE	all_csr	afu_top|pg_afu.port_gasket|pr_slot|afu_main|port_afu_instances|ofs_plat_afu|core|dma|csr_mgr_inst|dst_last_q[55]~SCLR_dff	reg	FF_X255_Y67_N73
NODE	all_csr	afu_top|pg_afu.port_gasket|pr_slot|afu_main|port_afu_instances|ofs_plat_afu|core|dma|csr_mgr_inst|dst_last_q[57]~SCLR_dff	reg	FF_X255_Y67_N75
NODE	all_csr	afu_top|pg_afu.port_gasket|pr_slot|afu_main|port_afu_instances|ofs_plat_afu|core|dma|csr_mgr_inst|dma_csr_map.descriptor.dest_addr[47]~SCLR_dff	reg	FF_X256_Y67_N61
NODE	all_csr	afu_top|pg_afu.port_gasket|pr_slot|afu_main|port_afu_instances|ofs_plat_afu|core|dma|csr_mgr_inst|dma_csr_map.descriptor.dest_addr[48]~SCLR_dff	reg	FF_X256_Y67_N63
NODE	all_csr	afu_top|pg_afu.port_gasket|pr_slot|afu_main|port_afu_instances|ofs_plat_afu|core|dma|csr_mgr_inst|dma_csr_map.descriptor.dest_addr[51]~SCLR_dff	reg	FF_X256_Y67_N65
NODE	all_csr	afu_top|pg_afu.port_gasket|pr_slot|afu_main|port_afu_instances|ofs_plat_afu|core|dma|csr_mgr_inst|dma_csr_map.descriptor.dest_addr[52]~SCLR_dff	reg	FF_X256_Y67_N67
NODE	all_csr	afu_top|pg_afu.port_gasket|pr_slot|afu_main|port_afu_instances|ofs_plat_afu|core|dma|csr_mgr_inst|dma_csr_map.descriptor.dest_addr[55]~SCLR_dff	reg	FF_X256_Y67_N69
NODE	all_csr	afu_top|pg_afu.port_gasket|pr_slot|afu_main|port_afu_instances|ofs_plat_afu|core|dma|csr_mgr_inst|dma_csr_map.descriptor.dest_addr[54]~DUPLICATESCLR_dff	reg	FF_X256_Y67_N73
NODE	all_csr	afu_top|pg_afu.port_gasket|pr_slot|afu_main|port_afu_instances|ofs_plat_afu|core|dma|csr_mgr_inst|mmio64_reg.w.data[12]~ENA_dff	reg	FF_X258_Y71_N72
NODE	all_csr	afu_top|pg_afu.port_gasket|pr_slot|afu_main|port_afu_instances|ofs_plat_afu|core|dma|csr_mgr_inst|mmio64_reg.w.data[3]~DUPLICATEENA_dff	reg	FF_X259_Y71_N72
NODE	all_csr	afu_top|pg_afu.port_gasket|pr_slot|afu_main|port_afu_instances|ofs_plat_afu|core|dma|csr_mgr_inst|dma_csr_map.descriptor.descriptor_control.go~SCLR_dff	reg	FF_X258_Y70_N61
NODE	all_csr	afu_top|pg_afu.port_gasket|pr_slot|afu_main|port_afu_instances|ofs_plat_afu|core|dma|csr_mgr_inst|src_fresh~DUPLICATESCLR_dff	reg	FF_X258_Y70_N63
NODE	all_csr	afu_top|pg_afu.port_gasket|pr_slot|afu_main|port_afu_instances|ofs_plat_afu|core|dma|csr_mgr_inst|dest_fresh~DUPLICATESCLR_dff	reg	FF_X258_Y70_N65
NODE	all_csr	afu_top|pg_afu.port_gasket|pr_slot|afu_main|port_afu_instances|ofs_plat_afu|core|dma|csr_mgr_inst|length_fresh~SCLR_dff	reg	FF_X258_Y70_N67
NODE	all_csr	afu_top|pg_afu.port_gasket|pr_slot|afu_main|port_afu_instances|ofs_plat_afu|core|dma|csr_mgr_inst|mmio64_reg.b.resp[1]~ENA_dff	reg	FF_X259_Y70_N70
NODE	all_csr	afu_top|pg_afu.port_gasket|pr_slot|afu_main|port_afu_instances|ofs_plat_afu|core|dma|csr_mgr_inst|dma_csr_map.descriptor.dest_addr[24]~SCLR_dff	reg	FF_X258_Y69_N61
NODE	all_csr	afu_top|pg_afu.port_gasket|pr_slot|afu_main|port_afu_instances|ofs_plat_afu|core|dma|csr_mgr_inst|dma_csr_map.descriptor.dest_addr[1]~SCLR_dff	reg	FF_X258_Y69_N63
NODE	all_csr	afu_top|pg_afu.port_gasket|pr_slot|afu_main|port_afu_instances|ofs_plat_afu|core|dma|csr_mgr_inst|dma_csr_map.control.rsvd_3~DUPLICATESCLR_dff	reg	FF_X258_Y69_N65
NODE	all_csr	afu_top|pg_afu.port_gasket|pr_slot|afu_main|port_afu_instances|ofs_plat_afu|core|dma|csr_mgr_inst|dma_csr_map.control.rsvd_4~DUPLICATESCLR_dff	reg	FF_X258_Y69_N67
NODE	all_csr	afu_top|pg_afu.port_gasket|pr_slot|afu_main|port_afu_instances|ofs_plat_afu|core|dma|csr_mgr_inst|dma_csr_map.control.rsvd_31_6[5]~SCLR_dff	reg	FF_X258_Y69_N69
NODE	all_csr	afu_top|pg_afu.port_gasket|pr_slot|afu_main|port_afu_instances|ofs_plat_afu|core|dma|csr_mgr_inst|dma_csr_map.descriptor.length[15]~SCLR_dff	reg	FF_X259_Y69_N61
NODE	all_csr	afu_top|pg_afu.port_gasket|pr_slot|afu_main|port_afu_instances|ofs_plat_afu|core|dma|csr_mgr_inst|dma_csr_map.descriptor.length[2]~SCLR_dff	reg	FF_X259_Y69_N63
NODE	all_csr	afu_top|pg_afu.port_gasket|pr_slot|afu_main|port_afu_instances|ofs_plat_afu|core|dma|csr_mgr_inst|dma_csr_map.descriptor.length[4]~DUPLICATESCLR_dff	reg	FF_X259_Y69_N65
NODE	all_csr	afu_top|pg_afu.port_gasket|pr_slot|afu_main|port_afu_instances|ofs_plat_afu|core|dma|csr_mgr_inst|dma_csr_map.descriptor.length[12]~DUPLICATESCLR_dff	reg	FF_X259_Y69_N67
NODE	all_csr	afu_top|pg_afu.port_gasket|pr_slot|afu_main|port_afu_instances|ofs_plat_afu|core|dma|csr_mgr_inst|dma_csr_map.descriptor.length[0]~DUPLICATESCLR_dff	reg	FF_X259_Y69_N69
NODE	all_csr	afu_top|pg_afu.port_gasket|pr_slot|afu_main|port_afu_instances|ofs_plat_afu|core|dma|csr_mgr_inst|dma_csr_map.descriptor.descriptor_control.rsvd_25_0[15]~SCLR_dff	reg	FF_X259_Y69_N71
NODE	all_csr	afu_top|pg_afu.port_gasket|pr_slot|afu_main|port_afu_instances|ofs_plat_afu|core|dma|csr_mgr_inst|dma_csr_map.descriptor.src_addr[7]~SCLR_dff	reg	FF_X260_Y69_N61
NODE	all_csr	afu_top|pg_afu.port_gasket|pr_slot|afu_main|port_afu_instances|ofs_plat_afu|core|dma|csr_mgr_inst|dma_csr_map.descriptor.src_addr[8]~SCLR_dff	reg	FF_X260_Y69_N63
NODE	all_csr	afu_top|pg_afu.port_gasket|pr_slot|afu_main|port_afu_instances|ofs_plat_afu|core|dma|csr_mgr_inst|dma_csr_map.descriptor.src_addr[11]~SCLR_dff	reg	FF_X260_Y69_N65
NODE	all_csr	afu_top|pg_afu.port_gasket|pr_slot|afu_main|port_afu_instances|ofs_plat_afu|core|dma|csr_mgr_inst|dma_csr_map.descriptor.src_addr[13]~SCLR_dff	reg	FF_X260_Y69_N67
NODE	all_csr	afu_top|pg_afu.port_gasket|pr_slot|afu_main|port_afu_instances|ofs_plat_afu|core|dma|csr_mgr_inst|dma_csr_map.descriptor.src_addr[14]~SCLR_dff	reg	FF_X260_Y69_N69
NODE	all_csr	afu_top|pg_afu.port_gasket|pr_slot|afu_main|port_afu_instances|ofs_plat_afu|core|dma|csr_mgr_inst|dma_csr_map.descriptor.src_addr[19]~SCLR_dff	reg	FF_X260_Y69_N73
NODE	all_csr	afu_top|pg_afu.port_gasket|pr_slot|afu_main|port_afu_instances|ofs_plat_afu|core|dma|csr_mgr_inst|dma_csr_map.descriptor.src_addr[21]~SCLR_dff	reg	FF_X260_Y69_N75
NODE	all_csr	afu_top|pg_afu.port_gasket|pr_slot|afu_main|port_afu_instances|ofs_plat_afu|core|dma|csr_mgr_inst|dma_csr_map.descriptor.src_addr[22]~SCLR_dff	reg	FF_X260_Y69_N77
NODE	all_csr	afu_top|pg_afu.port_gasket|pr_slot|afu_main|port_afu_instances|ofs_plat_afu|core|dma|csr_mgr_inst|dma_csr_map.descriptor.src_addr[23]~SCLR_dff	reg	FF_X260_Y69_N79
NODE	all_csr	afu_top|pg_afu.port_gasket|pr_slot|afu_main|port_afu_instances|ofs_plat_afu|core|dma|csr_mgr_inst|dma_csr_map.descriptor.dest_addr[5]~DUPLICATESCLR_dff	reg	FF_X258_Y68_N61
NODE	all_csr	afu_top|pg_afu.port_gasket|pr_slot|afu_main|port_afu_instances|ofs_plat_afu|core|dma|csr_mgr_inst|dma_csr_map.descriptor.dest_addr[20]~SCLR_dff	reg	FF_X258_Y68_N63
NODE	all_csr	afu_top|pg_afu.port_gasket|pr_slot|afu_main|port_afu_instances|ofs_plat_afu|core|dma|csr_mgr_inst|dma_csr_map.descriptor.dest_addr[6]~SCLR_dff	reg	FF_X258_Y68_N65
NODE	all_csr	afu_top|pg_afu.port_gasket|pr_slot|afu_main|port_afu_instances|ofs_plat_afu|core|dma|csr_mgr_inst|dma_csr_map.descriptor.descriptor_control.rsvd_25_0[6]~SCLR_dff	reg	FF_X258_Y68_N67
NODE	all_csr	afu_top|pg_afu.port_gasket|pr_slot|afu_main|port_afu_instances|ofs_plat_afu|core|dma|csr_mgr_inst|dma_csr_map.descriptor.descriptor_control.rsvd_25_0[4]~SCLR_dff	reg	FF_X258_Y68_N69
NODE	all_csr	afu_top|pg_afu.port_gasket|pr_slot|afu_main|port_afu_instances|ofs_plat_afu|core|dma|csr_mgr_inst|dma_csr_map.control.rsvd_31_6[7]~SCLR_dff	reg	FF_X259_Y68_N61
NODE	all_csr	afu_top|pg_afu.port_gasket|pr_slot|afu_main|port_afu_instances|ofs_plat_afu|core|dma|csr_mgr_inst|dma_csr_map.control.rsvd_31_6[16]~DUPLICATESCLR_dff	reg	FF_X259_Y68_N63
NODE	all_csr	afu_top|pg_afu.port_gasket|pr_slot|afu_main|port_afu_instances|ofs_plat_afu|core|dma|csr_mgr_inst|dma_csr_map.descriptor.descriptor_control.rsvd_25_0[19]~SCLR_dff	reg	FF_X259_Y68_N65
NODE	all_csr	afu_top|pg_afu.port_gasket|pr_slot|afu_main|port_afu_instances|ofs_plat_afu|core|dma|csr_mgr_inst|dma_csr_map.descriptor.descriptor_control.rsvd_25_0[13]~SCLR_dff	reg	FF_X259_Y68_N67
NODE	all_csr	afu_top|pg_afu.port_gasket|pr_slot|afu_main|port_afu_instances|ofs_plat_afu|core|dma|csr_mgr_inst|dma_csr_map.descriptor.descriptor_control.rsvd_25_0[22]~SCLR_dff	reg	FF_X259_Y68_N69
NODE	all_csr	afu_top|pg_afu.port_gasket|pr_slot|afu_main|port_afu_instances|ofs_plat_afu|core|dma|csr_mgr_inst|dma_csr_map.descriptor.descriptor_control.rsvd_25_0[23]~SCLR_dff	reg	FF_X259_Y68_N71
NODE	all_csr	afu_top|pg_afu.port_gasket|pr_slot|afu_main|port_afu_instances|ofs_plat_afu|core|dma|csr_mgr_inst|dma_csr_map.control.rsvd_31_6[4]~SCLR_dff	reg	FF_X259_Y68_N77
NODE	all_csr	afu_top|pg_afu.port_gasket|pr_slot|afu_main|port_afu_instances|ofs_plat_afu|core|dma|csr_mgr_inst|dma_csr_map.descriptor.descriptor_control.rsvd_25_0[3]~SCLR_dff	reg	FF_X259_Y68_N79
NODE	all_csr	afu_top|pg_afu.port_gasket|pr_slot|afu_main|port_afu_instances|ofs_plat_afu|core|dma|csr_mgr_inst|mmio64_reg.r.data[24]~ENA_dff	reg	FF_X250_Y66_N60
NODE	all_csr	afu_top|pg_afu.port_gasket|pr_slot|afu_main|port_afu_instances|ofs_plat_afu|core|dma|csr_mgr_inst|mmio64_reg.r.data[24]~SCLR_dff	reg	FF_X250_Y66_N61
NODE	all_csr	afu_top|pg_afu.port_gasket|pr_slot|afu_main|port_afu_instances|ofs_plat_afu|core|dma|csr_mgr_inst|mmio64_reg.r.data[28]~ENA_dff	reg	FF_X250_Y66_N62
NODE	all_csr	afu_top|pg_afu.port_gasket|pr_slot|afu_main|port_afu_instances|ofs_plat_afu|core|dma|csr_mgr_inst|mmio64_reg.r.data[28]~SCLR_dff	reg	FF_X250_Y66_N63
NODE	all_csr	afu_top|pg_afu.port_gasket|pr_slot|afu_main|port_afu_instances|ofs_plat_afu|core|dma|csr_mgr_inst|mmio64_reg.r.data[30]~ENA_dff	reg	FF_X250_Y66_N66
NODE	all_csr	afu_top|pg_afu.port_gasket|pr_slot|afu_main|port_afu_instances|ofs_plat_afu|core|dma|csr_mgr_inst|mmio64_reg.r.data[30]~SCLR_dff	reg	FF_X250_Y66_N67
NODE	all_csr	afu_top|pg_afu.port_gasket|pr_slot|afu_main|port_afu_instances|ofs_plat_afu|core|dma|csr_mgr_inst|dma_csr_map.descriptor.src_addr[27]~SCLR_dff	reg	FF_X260_Y68_N61
NODE	all_csr	afu_top|pg_afu.port_gasket|pr_slot|afu_main|port_afu_instances|ofs_plat_afu|core|dma|csr_mgr_inst|dma_csr_map.descriptor.src_addr[29]~SCLR_dff	reg	FF_X260_Y68_N63
NODE	all_csr	afu_top|pg_afu.port_gasket|pr_slot|afu_main|port_afu_instances|ofs_plat_afu|core|dma|csr_mgr_inst|dma_csr_map.descriptor.src_addr[31]~SCLR_dff	reg	FF_X260_Y68_N65
NODE	all_csr	afu_top|pg_afu.port_gasket|pr_slot|afu_main|port_afu_instances|ofs_plat_afu|core|dma|csr_mgr_inst|dma_csr_map.descriptor.src_addr[33]~SCLR_dff	reg	FF_X260_Y68_N67
NODE	all_csr	afu_top|pg_afu.port_gasket|pr_slot|afu_main|port_afu_instances|ofs_plat_afu|core|dma|csr_mgr_inst|dma_csr_map.descriptor.src_addr[35]~SCLR_dff	reg	FF_X260_Y68_N69
NODE	all_csr	afu_top|pg_afu.port_gasket|pr_slot|afu_main|port_afu_instances|ofs_plat_afu|core|dma|csr_mgr_inst|dma_csr_map.descriptor.src_addr[37]~SCLR_dff	reg	FF_X260_Y68_N71
NODE	all_csr	afu_top|pg_afu.port_gasket|pr_slot|afu_main|port_afu_instances|ofs_plat_afu|core|dma|csr_mgr_inst|dma_csr_map.descriptor.src_addr[39]~SCLR_dff	reg	FF_X260_Y68_N73
NODE	all_csr	afu_top|pg_afu.port_gasket|pr_slot|afu_main|port_afu_instances|ofs_plat_afu|core|dma|csr_mgr_inst|dma_csr_map.descriptor.src_addr[40]~SCLR_dff	reg	FF_X260_Y68_N75
NODE	all_csr	afu_top|pg_afu.port_gasket|pr_slot|afu_main|port_afu_instances|ofs_plat_afu|core|dma|csr_mgr_inst|dma_csr_map.descriptor.src_addr[42]~SCLR_dff	reg	FF_X260_Y68_N77
NODE	all_csr	afu_top|pg_afu.port_gasket|pr_slot|afu_main|port_afu_instances|ofs_plat_afu|core|dma|csr_mgr_inst|dma_csr_map.descriptor.src_addr[44]~SCLR_dff	reg	FF_X260_Y68_N79
NODE	all_csr	afu_top|pg_afu.port_gasket|pr_slot|afu_main|port_afu_instances|ofs_plat_afu|core|dma|csr_mgr_inst|src_last_q[34]~SCLR_dff	reg	FF_X261_Y68_N71
NODE	all_csr	afu_top|pg_afu.port_gasket|pr_slot|afu_main|port_afu_instances|ofs_plat_afu|core|dma|csr_mgr_inst|src_last_q[36]~SCLR_dff	reg	FF_X261_Y68_N73
NODE	all_csr	afu_top|pg_afu.port_gasket|pr_slot|afu_main|port_afu_instances|ofs_plat_afu|core|dma|csr_mgr_inst|src_last_q[37]~SCLR_dff	reg	FF_X261_Y68_N75
NODE	all_csr	afu_top|pg_afu.port_gasket|pr_slot|afu_main|port_afu_instances|ofs_plat_afu|core|dma|csr_mgr_inst|src_last_q[40]~SCLR_dff	reg	FF_X261_Y68_N77
NODE	all_csr	afu_top|pg_afu.port_gasket|pr_slot|afu_main|port_afu_instances|ofs_plat_afu|core|dma|csr_mgr_inst|src_last_q[42]~SCLR_dff	reg	FF_X261_Y68_N79
NODE	all_csr	afu_top|pg_afu.port_gasket|pr_slot|afu_main|port_afu_instances|ofs_plat_afu|core|dma|csr_mgr_inst|dma_csr_map.descriptor.dest_addr[49]~SCLR_dff	reg	FF_X258_Y67_N61
NODE	all_csr	afu_top|pg_afu.port_gasket|pr_slot|afu_main|port_afu_instances|ofs_plat_afu|core|dma|csr_mgr_inst|dma_csr_map.descriptor.src_addr[51]~DUPLICATESCLR_dff	reg	FF_X258_Y67_N63
NODE	all_csr	afu_top|pg_afu.port_gasket|pr_slot|afu_main|port_afu_instances|ofs_plat_afu|core|dma|csr_mgr_inst|dma_csr_map.descriptor.src_addr[15]~SCLR_dff	reg	FF_X258_Y67_N65
NODE	all_csr	afu_top|pg_afu.port_gasket|pr_slot|afu_main|port_afu_instances|ofs_plat_afu|core|dma|csr_mgr_inst|mmio64_reg.w.data[27]~DUPLICATEENA_dff	reg	FF_X259_Y67_N60
NODE	all_csr	afu_top|pg_afu.port_gasket|pr_slot|afu_main|port_afu_instances|ofs_plat_afu|core|dma|csr_mgr_inst|dma_csr_map.descriptor.src_addr[46]~SCLR_dff	reg	FF_X260_Y67_N61
NODE	all_csr	afu_top|pg_afu.port_gasket|pr_slot|afu_main|port_afu_instances|ofs_plat_afu|core|dma|csr_mgr_inst|dma_csr_map.descriptor.src_addr[48]~SCLR_dff	reg	FF_X260_Y67_N63
NODE	all_csr	afu_top|pg_afu.port_gasket|pr_slot|afu_main|port_afu_instances|ofs_plat_afu|core|dma|csr_mgr_inst|dma_csr_map.descriptor.src_addr[50]~SCLR_dff	reg	FF_X260_Y67_N65
NODE	all_csr	afu_top|pg_afu.port_gasket|pr_slot|afu_main|port_afu_instances|ofs_plat_afu|core|dma|csr_mgr_inst|dma_csr_map.descriptor.src_addr[16]~SCLR_dff	reg	FF_X260_Y67_N67
NODE	all_csr	afu_top|pg_afu.port_gasket|pr_slot|afu_main|port_afu_instances|ofs_plat_afu|core|dma|csr_mgr_inst|dma_csr_map.descriptor.src_addr[54]~SCLR_dff	reg	FF_X260_Y67_N69
NODE	all_csr	afu_top|pg_afu.port_gasket|pr_slot|afu_main|port_afu_instances|ofs_plat_afu|core|dma|csr_mgr_inst|dma_csr_map.descriptor.src_addr[25]~SCLR_dff	reg	FF_X260_Y67_N73
NODE	all_csr	afu_top|pg_afu.port_gasket|pr_slot|afu_main|port_afu_instances|ofs_plat_afu|core|dma|csr_mgr_inst|src_last_q[44]~SCLR_dff	reg	FF_X261_Y67_N61
NODE	all_csr	afu_top|pg_afu.port_gasket|pr_slot|afu_main|port_afu_instances|ofs_plat_afu|core|dma|csr_mgr_inst|src_last_q[46]~SCLR_dff	reg	FF_X261_Y67_N63
NODE	all_csr	afu_top|pg_afu.port_gasket|pr_slot|afu_main|port_afu_instances|ofs_plat_afu|core|dma|csr_mgr_inst|src_last_q[48]~SCLR_dff	reg	FF_X261_Y67_N65
NODE	all_csr	afu_top|pg_afu.port_gasket|pr_slot|afu_main|port_afu_instances|ofs_plat_afu|core|dma|csr_mgr_inst|src_last_q[50]~SCLR_dff	reg	FF_X261_Y67_N67
NODE	all_csr	afu_top|pg_afu.port_gasket|pr_slot|afu_main|port_afu_instances|ofs_plat_afu|core|dma|csr_mgr_inst|src_last_q[52]~SCLR_dff	reg	FF_X261_Y67_N69
NODE	all_csr	afu_top|pg_afu.port_gasket|pr_slot|afu_main|port_afu_instances|ofs_plat_afu|core|dma|csr_mgr_inst|src_last_q[54]~SCLR_dff	reg	FF_X261_Y67_N71
NODE	all_csr	afu_top|pg_afu.port_gasket|pr_slot|afu_main|port_afu_instances|ofs_plat_afu|core|dma|csr_mgr_inst|src_last_q[56]~SCLR_dff	reg	FF_X261_Y67_N73
NODE	all_csr	afu_top|pg_afu.port_gasket|pr_slot|afu_main|port_afu_instances|ofs_plat_afu|core|dma|csr_mgr_inst|src_last_q[57]~SCLR_dff	reg	FF_X261_Y67_N75
NODE	all_csr	afu_top|pg_afu.port_gasket|pr_slot|afu_main|port_afu_instances|ofs_plat_afu|core|dma|csr_mgr_inst|dma_csr_map.control.stop_on_error~DUPLICATESCLR_dff	reg	FF_X258_Y66_N61
NODE	all_csr	afu_top|pg_afu.port_gasket|pr_slot|afu_main|port_afu_instances|ofs_plat_afu|core|dma|csr_mgr_inst|dma_csr_map.descriptor.descriptor_control.rsvd_30_28[2]~SCLR_dff	reg	FF_X258_Y66_N63
NODE	all_csr	afu_top|pg_afu.port_gasket|pr_slot|afu_main|port_afu_instances|ofs_plat_afu|core|dma|csr_mgr_inst|dma_csr_map.descriptor.descriptor_control.rsvd_25_0[2]~SCLR_dff	reg	FF_X258_Y66_N65
NODE	all_csr	afu_top|pg_afu.port_gasket|pr_slot|afu_main|port_afu_instances|ofs_plat_afu|core|dma|csr_mgr_inst|dma_csr_map.control.rsvd_31_6[14]~DUPLICATESCLR_dff	reg	FF_X259_Y66_N61
NODE	all_csr	afu_top|pg_afu.port_gasket|pr_slot|afu_main|port_afu_instances|ofs_plat_afu|core|dma|csr_mgr_inst|dma_csr_map.control.rsvd_31_6[8]~DUPLICATESCLR_dff	reg	FF_X259_Y66_N63
NODE	all_csr	afu_top|pg_afu.port_gasket|pr_slot|afu_main|port_afu_instances|ofs_plat_afu|core|dma|csr_mgr_inst|dma_csr_map.descriptor.length[14]~DUPLICATESCLR_dff	reg	FF_X259_Y66_N65
NODE	all_csr	afu_top|pg_afu.port_gasket|pr_slot|afu_main|port_afu_instances|ofs_plat_afu|core|dma|csr_mgr_inst|dma_csr_map.descriptor.length[18]~DUPLICATESCLR_dff	reg	FF_X259_Y66_N67
NODE	all_csr	afu_top|pg_afu.port_gasket|pr_slot|afu_main|port_afu_instances|ofs_plat_afu|core|dma|csr_mgr_inst|dma_csr_map.control.rsvd_31_6[3]~SCLR_dff	reg	FF_X259_Y66_N75
NODE	all_csr	afu_top|pg_afu.port_gasket|pr_slot|afu_main|port_afu_instances|ofs_plat_afu|core|dma|csr_mgr_inst|dma_csr_map.control.rsvd_31_6[12]~SCLR_dff	reg	FF_X260_Y66_N61
NODE	all_csr	afu_top|pg_afu.port_gasket|pr_slot|afu_main|port_afu_instances|ofs_plat_afu|core|dma|csr_mgr_inst|dma_csr_map.control.rsvd_31_6[15]~DUPLICATESCLR_dff	reg	FF_X260_Y66_N63
NODE	all_csr	afu_top|pg_afu.port_gasket|pr_slot|afu_main|port_afu_instances|ofs_plat_afu|core|dma|csr_mgr_inst|dma_csr_map.control.rsvd_31_6[2]~SCLR_dff	reg	FF_X260_Y66_N65
NODE	all_csr	afu_top|pg_afu.port_gasket|pr_slot|afu_main|port_afu_instances|ofs_plat_afu|core|dma|csr_mgr_inst|dma_csr_map.descriptor.descriptor_control.rsvd_25_0[1]~SCLR_dff	reg	FF_X260_Y66_N67
NODE	all_csr	afu_top|pg_afu.port_gasket|pr_slot|afu_main|port_afu_instances|ofs_plat_afu|core|dma|csr_mgr_inst|dma_csr_map.descriptor.descriptor_control.rsvd_25_0[8]~SCLR_dff	reg	FF_X260_Y66_N69
NODE	all_csr	afu_top|pg_afu.port_gasket|pr_slot|afu_main|port_afu_instances|ofs_plat_afu|core|dma|csr_mgr_inst|dma_csr_map.descriptor.descriptor_control.rsvd_25_0[17]~SCLR_dff	reg	FF_X260_Y66_N71
NODE	all_csr	afu_top|pg_afu.port_gasket|pr_slot|afu_main|port_afu_instances|ofs_plat_afu|core|dma|csr_mgr_inst|dma_csr_map.descriptor.descriptor_control.rsvd_25_0[18]~SCLR_dff	reg	FF_X260_Y66_N73
NODE	all_csr	afu_top|pg_afu.port_gasket|pr_slot|afu_main|port_afu_instances|ofs_plat_afu|core|dma|csr_mgr_inst|dma_csr_map.descriptor.descriptor_control.rsvd_25_0[21]~SCLR_dff	reg	FF_X260_Y66_N75
NODE	all_csr	afu_top|pg_afu.port_gasket|pr_slot|afu_main|port_afu_instances|ofs_plat_afu|core|dma|csr_mgr_inst|dma_csr_map.descriptor.descriptor_control.rsvd_25_0[14]~SCLR_dff	reg	FF_X261_Y66_N61
NODE	all_csr	afu_top|pg_afu.port_gasket|pr_slot|afu_main|port_afu_instances|ofs_plat_afu|core|dma|csr_mgr_inst|dma_csr_map.descriptor.descriptor_control.rsvd_25_0[9]~SCLR_dff	reg	FF_X261_Y66_N71
NODE	all_csr	afu_top|pg_afu.port_gasket|pr_slot|afu_main|port_afu_instances|ofs_plat_afu|core|dma|csr_mgr_inst|dma_csr_map.control.rsvd_31_6[18]~SCLR_dff	reg	FF_X259_Y65_N61
NODE	all_csr	afu_top|pg_afu.port_gasket|pr_slot|afu_main|port_afu_instances|ofs_plat_afu|core|dma|csr_mgr_inst|dma_csr_map.descriptor.descriptor_control.rsvd_25_0[7]~SCLR_dff	reg	FF_X259_Y65_N63
NODE	all_csr	afu_top|pg_afu.port_gasket|pr_slot|afu_main|port_afu_instances|ofs_plat_afu|core|dma|csr_mgr_inst|dma_csr_map.control.rsvd_31_6[1]~SCLR_dff	reg	FF_X259_Y65_N65
NODE	all_csr	afu_top|pg_afu.port_gasket|pr_slot|afu_main|port_afu_instances|ofs_plat_afu|core|dma|csr_mgr_inst|dma_csr_map.control.rsvd_31_6[23]~SCLR_dff	reg	FF_X259_Y65_N67
NODE	all_csr	afu_top|pg_afu.port_gasket|pr_slot|afu_main|port_afu_instances|ofs_plat_afu|core|dma|csr_mgr_inst|dma_csr_map.control.rsvd_31_6[22]~SCLR_dff	reg	FF_X259_Y65_N69
NODE	all_csr	afu_top|pg_afu.port_gasket|pr_slot|afu_main|port_afu_instances|ofs_plat_afu|core|dma|csr_mgr_inst|dma_csr_map.descriptor.descriptor_control.rsvd_25_0[24]~SCLR_dff	reg	FF_X259_Y65_N71
NODE	all_csr	afu_top|pg_afu.port_gasket|pr_slot|afu_main|port_afu_instances|ofs_plat_afu|core|dma|csr_mgr_inst|dma_csr_map.descriptor.descriptor_control.rsvd_25_0[25]~SCLR_dff	reg	FF_X259_Y65_N73
NODE	all_csr	afu_top|pg_afu.port_gasket|pr_slot|afu_main|port_afu_instances|ofs_plat_afu|core|dma|csr_mgr_inst|dma_csr_map.descriptor.descriptor_control.rsvd_30_28[0]~SCLR_dff	reg	FF_X259_Y65_N75
NODE	all_csr	afu_top|pg_afu.port_gasket|pr_slot|afu_main|port_afu_instances|ofs_plat_afu|core|dma|csr_mgr_inst|dma_csr_map.descriptor.descriptor_control.rsvd_30_28[1]~SCLR_dff	reg	FF_X259_Y65_N77
NODE	all_csr	afu_top|pg_afu.port_gasket|pr_slot|afu_main|port_afu_instances|ofs_plat_afu|core|dma|csr_mgr_inst|dma_csr_map.descriptor.src_addr[24]~DUPLICATESCLR_dff	reg	FF_X260_Y65_N61
NODE	all_csr	afu_top|pg_afu.port_gasket|pr_slot|afu_main|port_afu_instances|ofs_plat_afu|core|dma|csr_mgr_inst|dma_csr_map.descriptor.src_addr[17]~DUPLICATESCLR_dff	reg	FF_X260_Y65_N63
NODE	all_csr	afu_top|pg_afu.port_gasket|pr_slot|afu_main|port_afu_instances|ofs_plat_afu|core|dma|csr_mgr_inst|dma_csr_map.descriptor.length[17]~SCLR_dff	reg	FF_X260_Y65_N65
NODE	all_csr	afu_top|pg_afu.port_gasket|pr_slot|afu_main|port_afu_instances|ofs_plat_afu|core|dma|csr_mgr_inst|mmio64_reg.w.data[37]~ENA_dff	reg	FF_X256_Y70_N70
NODE	all_csr	afu_top|pg_afu.port_gasket|pr_slot|afu_main|port_afu_instances|ofs_plat_afu|core|dma|csr_mgr_inst|mmio64_reg.r.data[16]~ENA_dff	reg	FF_X253_Y69_N60
NODE	all_csr	afu_top|pg_afu.port_gasket|pr_slot|afu_main|port_afu_instances|ofs_plat_afu|core|dma|csr_mgr_inst|mmio64_reg.r.data[16]~SCLR_dff	reg	FF_X253_Y69_N61
NODE	all_csr	afu_top|pg_afu.port_gasket|pr_slot|afu_main|port_afu_instances|ofs_plat_afu|core|dma|csr_mgr_inst|mmio64_reg.r.data[9]~ENA_dff	reg	FF_X253_Y69_N62
NODE	all_csr	afu_top|pg_afu.port_gasket|pr_slot|afu_main|port_afu_instances|ofs_plat_afu|core|dma|csr_mgr_inst|mmio64_reg.r.data[13]~ENA_dff	reg	FF_X253_Y69_N76
NODE	all_csr	afu_top|pg_afu.port_gasket|pr_slot|afu_main|port_afu_instances|ofs_plat_afu|core|dma|csr_mgr_inst|mmio64_reg.r.data[13]~SCLR_dff	reg	FF_X253_Y69_N77
COUNT	source_endpoint	38	256
NODE	source_endpoint	afu_top|pg_afu.port_gasket|pr_slot|afu_main|port_afu_instances|ofs_plat_afu|core|dma|csr_mgr_inst|src_last_q[53]~.comb	reg	FF_X261_Y67_N31
NODE	source_endpoint	afu_top|pg_afu.port_gasket|pr_slot|afu_main|port_afu_instances|ofs_plat_afu|core|dma|csr_mgr_inst|src_last_q[54]~.comb	reg	FF_X261_Y67_N35
NODE	source_endpoint	afu_top|pg_afu.port_gasket|pr_slot|afu_main|port_afu_instances|ofs_plat_afu|core|dma|csr_mgr_inst|src_last_q[55]~.comb	reg	FF_X261_Y67_N37
NODE	source_endpoint	afu_top|pg_afu.port_gasket|pr_slot|afu_main|port_afu_instances|ofs_plat_afu|core|dma|csr_mgr_inst|src_last_q[47]~.comb	reg	FF_X261_Y67_N13
NODE	source_endpoint	afu_top|pg_afu.port_gasket|pr_slot|afu_main|port_afu_instances|ofs_plat_afu|core|dma|csr_mgr_inst|src_last_q[48]~.comb	reg	FF_X261_Y67_N17
NODE	source_endpoint	afu_top|pg_afu.port_gasket|pr_slot|afu_main|port_afu_instances|ofs_plat_afu|core|dma|csr_mgr_inst|src_last_q[38]~.comb	reg	FF_X261_Y68_N46
NODE	source_endpoint	afu_top|pg_afu.port_gasket|pr_slot|afu_main|port_afu_instances|ofs_plat_afu|core|dma|csr_mgr_inst|src_last_q[45]~.comb	reg	FF_X261_Y67_N8
NODE	source_endpoint	afu_top|pg_afu.port_gasket|pr_slot|afu_main|port_afu_instances|ofs_plat_afu|core|dma|csr_mgr_inst|src_last_q[46]~.comb	reg	FF_X261_Y67_N10
NODE	source_endpoint	afu_top|pg_afu.port_gasket|pr_slot|afu_main|port_afu_instances|ofs_plat_afu|core|dma|csr_mgr_inst|src_last_q[43]~.comb	reg	FF_X261_Y67_N2
NODE	source_endpoint	afu_top|pg_afu.port_gasket|pr_slot|afu_main|port_afu_instances|ofs_plat_afu|core|dma|csr_mgr_inst|src_last_q[44]~.comb	reg	FF_X261_Y67_N5
NODE	source_endpoint	afu_top|pg_afu.port_gasket|pr_slot|afu_main|port_afu_instances|ofs_plat_afu|core|dma|csr_mgr_inst|src_last_q[41]~.comb	reg	FF_X261_Y68_N56
NODE	source_endpoint	afu_top|pg_afu.port_gasket|pr_slot|afu_main|port_afu_instances|ofs_plat_afu|core|dma|csr_mgr_inst|src_last_q[42]~.comb	reg	FF_X261_Y68_N58
NODE	source_endpoint	afu_top|pg_afu.port_gasket|pr_slot|afu_main|port_afu_instances|ofs_plat_afu|core|dma|csr_mgr_inst|src_last_q[56]~.comb	reg	FF_X261_Y67_N40
NODE	source_endpoint	afu_top|pg_afu.port_gasket|pr_slot|afu_main|port_afu_instances|ofs_plat_afu|core|dma|csr_mgr_inst|src_last_q[37]~.comb	reg	FF_X261_Y68_N44
NODE	source_endpoint	afu_top|pg_afu.port_gasket|pr_slot|afu_main|port_afu_instances|ofs_plat_afu|core|dma|csr_mgr_inst|src_last_q[35]~.comb	reg	FF_X261_Y68_N38
NODE	source_endpoint	afu_top|pg_afu.port_gasket|pr_slot|afu_main|port_afu_instances|ofs_plat_afu|core|dma|csr_mgr_inst|src_last_q[36]~.comb	reg	FF_X261_Y68_N40
NODE	source_endpoint	afu_top|pg_afu.port_gasket|pr_slot|afu_main|port_afu_instances|ofs_plat_afu|core|dma|csr_mgr_inst|src_last_q[51]~.comb	reg	FF_X261_Y67_N25
NODE	source_endpoint	afu_top|pg_afu.port_gasket|pr_slot|afu_main|port_afu_instances|ofs_plat_afu|core|dma|csr_mgr_inst|src_last_q[52]~.comb	reg	FF_X261_Y67_N28
NODE	source_endpoint	afu_top|pg_afu.port_gasket|pr_slot|afu_main|port_afu_instances|ofs_plat_afu|core|dma|csr_mgr_inst|src_last_q[49]~.comb	reg	FF_X261_Y67_N19
NODE	source_endpoint	afu_top|pg_afu.port_gasket|pr_slot|afu_main|port_afu_instances|ofs_plat_afu|core|dma|csr_mgr_inst|src_last_q[50]~.comb	reg	FF_X261_Y67_N23
NODE	source_endpoint	afu_top|pg_afu.port_gasket|pr_slot|afu_main|port_afu_instances|ofs_plat_afu|core|dma|csr_mgr_inst|src_last_q[34]~.comb	reg	FF_X261_Y68_N35
NODE	source_endpoint	afu_top|pg_afu.port_gasket|pr_slot|afu_main|port_afu_instances|ofs_plat_afu|core|dma|csr_mgr_inst|src_last_q[39]~.comb	reg	FF_X261_Y68_N50
NODE	source_endpoint	afu_top|pg_afu.port_gasket|pr_slot|afu_main|port_afu_instances|ofs_plat_afu|core|dma|csr_mgr_inst|src_last_q[40]~.comb	reg	FF_X261_Y68_N52
NODE	source_endpoint	afu_top|pg_afu.port_gasket|pr_slot|afu_main|port_afu_instances|ofs_plat_afu|core|dma|csr_mgr_inst|src_last_q[63]~.comb	reg	FF_X261_Y67_N47
NODE	source_endpoint	afu_top|pg_afu.port_gasket|pr_slot|afu_main|port_afu_instances|ofs_plat_afu|core|dma|csr_mgr_inst|src_last_q[57]~.comb	reg	FF_X261_Y67_N44
NODE	source_endpoint	afu_top|pg_afu.port_gasket|pr_slot|afu_main|port_afu_instances|ofs_plat_afu|core|dma|csr_mgr_inst|src_last_q[34]~SCLR_dff	reg	FF_X261_Y68_N71
NODE	source_endpoint	afu_top|pg_afu.port_gasket|pr_slot|afu_main|port_afu_instances|ofs_plat_afu|core|dma|csr_mgr_inst|src_last_q[36]~SCLR_dff	reg	FF_X261_Y68_N73
NODE	source_endpoint	afu_top|pg_afu.port_gasket|pr_slot|afu_main|port_afu_instances|ofs_plat_afu|core|dma|csr_mgr_inst|src_last_q[37]~SCLR_dff	reg	FF_X261_Y68_N75
NODE	source_endpoint	afu_top|pg_afu.port_gasket|pr_slot|afu_main|port_afu_instances|ofs_plat_afu|core|dma|csr_mgr_inst|src_last_q[40]~SCLR_dff	reg	FF_X261_Y68_N77
NODE	source_endpoint	afu_top|pg_afu.port_gasket|pr_slot|afu_main|port_afu_instances|ofs_plat_afu|core|dma|csr_mgr_inst|src_last_q[42]~SCLR_dff	reg	FF_X261_Y68_N79
NODE	source_endpoint	afu_top|pg_afu.port_gasket|pr_slot|afu_main|port_afu_instances|ofs_plat_afu|core|dma|csr_mgr_inst|src_last_q[44]~SCLR_dff	reg	FF_X261_Y67_N61
NODE	source_endpoint	afu_top|pg_afu.port_gasket|pr_slot|afu_main|port_afu_instances|ofs_plat_afu|core|dma|csr_mgr_inst|src_last_q[46]~SCLR_dff	reg	FF_X261_Y67_N63
NODE	source_endpoint	afu_top|pg_afu.port_gasket|pr_slot|afu_main|port_afu_instances|ofs_plat_afu|core|dma|csr_mgr_inst|src_last_q[48]~SCLR_dff	reg	FF_X261_Y67_N65
NODE	source_endpoint	afu_top|pg_afu.port_gasket|pr_slot|afu_main|port_afu_instances|ofs_plat_afu|core|dma|csr_mgr_inst|src_last_q[50]~SCLR_dff	reg	FF_X261_Y67_N67
NODE	source_endpoint	afu_top|pg_afu.port_gasket|pr_slot|afu_main|port_afu_instances|ofs_plat_afu|core|dma|csr_mgr_inst|src_last_q[52]~SCLR_dff	reg	FF_X261_Y67_N69
NODE	source_endpoint	afu_top|pg_afu.port_gasket|pr_slot|afu_main|port_afu_instances|ofs_plat_afu|core|dma|csr_mgr_inst|src_last_q[54]~SCLR_dff	reg	FF_X261_Y67_N71
NODE	source_endpoint	afu_top|pg_afu.port_gasket|pr_slot|afu_main|port_afu_instances|ofs_plat_afu|core|dma|csr_mgr_inst|src_last_q[56]~SCLR_dff	reg	FF_X261_Y67_N73
NODE	source_endpoint	afu_top|pg_afu.port_gasket|pr_slot|afu_main|port_afu_instances|ofs_plat_afu|core|dma|csr_mgr_inst|src_last_q[57]~SCLR_dff	reg	FF_X261_Y67_N75
COUNT	destination_endpoint	39	256
NODE	destination_endpoint	afu_top|pg_afu.port_gasket|pr_slot|afu_main|port_afu_instances|ofs_plat_afu|core|dma|csr_mgr_inst|dst_last_q[45]~.comb	reg	FF_X255_Y67_N7
NODE	destination_endpoint	afu_top|pg_afu.port_gasket|pr_slot|afu_main|port_afu_instances|ofs_plat_afu|core|dma|csr_mgr_inst|dst_last_q[43]~.comb	reg	FF_X255_Y67_N1
NODE	destination_endpoint	afu_top|pg_afu.port_gasket|pr_slot|afu_main|port_afu_instances|ofs_plat_afu|core|dma|csr_mgr_inst|dst_last_q[36]~.comb	reg	FF_X255_Y68_N41
NODE	destination_endpoint	afu_top|pg_afu.port_gasket|pr_slot|afu_main|port_afu_instances|ofs_plat_afu|core|dma|csr_mgr_inst|dst_last_q[42]~.comb	reg	FF_X255_Y68_N58
NODE	destination_endpoint	afu_top|pg_afu.port_gasket|pr_slot|afu_main|port_afu_instances|ofs_plat_afu|core|dma|csr_mgr_inst|dst_last_q[35]~.comb	reg	FF_X255_Y68_N37
NODE	destination_endpoint	afu_top|pg_afu.port_gasket|pr_slot|afu_main|port_afu_instances|ofs_plat_afu|core|dma|csr_mgr_inst|dst_last_q[41]~.comb	reg	FF_X255_Y68_N56
NODE	destination_endpoint	afu_top|pg_afu.port_gasket|pr_slot|afu_main|port_afu_instances|ofs_plat_afu|core|dma|csr_mgr_inst|dst_last_q[51]~.comb	reg	FF_X255_Y67_N25
NODE	destination_endpoint	afu_top|pg_afu.port_gasket|pr_slot|afu_main|port_afu_instances|ofs_plat_afu|core|dma|csr_mgr_inst|dst_last_q[40]~.comb	reg	FF_X255_Y68_N53
NODE	destination_endpoint	afu_top|pg_afu.port_gasket|pr_slot|afu_main|port_afu_instances|ofs_plat_afu|core|dma|csr_mgr_inst|dst_last_q[47]~.comb	reg	FF_X255_Y67_N14
NODE	destination_endpoint	afu_top|pg_afu.port_gasket|pr_slot|afu_main|port_afu_instances|ofs_plat_afu|core|dma|csr_mgr_inst|dst_last_q[49]~.comb	reg	FF_X255_Y67_N19
NODE	destination_endpoint	afu_top|pg_afu.port_gasket|pr_slot|afu_main|port_afu_instances|ofs_plat_afu|core|dma|csr_mgr_inst|dst_last_q[54]~.comb	reg	FF_X255_Y67_N34
NODE	destination_endpoint	afu_top|pg_afu.port_gasket|pr_slot|afu_main|port_afu_instances|ofs_plat_afu|core|dma|csr_mgr_inst|dst_last_q[56]~.comb	reg	FF_X255_Y67_N40
NODE	destination_endpoint	afu_top|pg_afu.port_gasket|pr_slot|afu_main|port_afu_instances|ofs_plat_afu|core|dma|csr_mgr_inst|dst_last_q[55]~.comb	reg	FF_X255_Y67_N37
NODE	destination_endpoint	afu_top|pg_afu.port_gasket|pr_slot|afu_main|port_afu_instances|ofs_plat_afu|core|dma|csr_mgr_inst|dst_last_q[39]~.comb	reg	FF_X255_Y68_N50
NODE	destination_endpoint	afu_top|pg_afu.port_gasket|pr_slot|afu_main|port_afu_instances|ofs_plat_afu|core|dma|csr_mgr_inst|dst_last_q[53]~.comb	reg	FF_X255_Y67_N31
NODE	destination_endpoint	afu_top|pg_afu.port_gasket|pr_slot|afu_main|port_afu_instances|ofs_plat_afu|core|dma|csr_mgr_inst|dst_last_q[37]~.comb	reg	FF_X255_Y68_N43
NODE	destination_endpoint	afu_top|pg_afu.port_gasket|pr_slot|afu_main|port_afu_instances|ofs_plat_afu|core|dma|csr_mgr_inst|dst_last_q[38]~.comb	reg	FF_X255_Y68_N47
NODE	destination_endpoint	afu_top|pg_afu.port_gasket|pr_slot|afu_main|port_afu_instances|ofs_plat_afu|core|dma|csr_mgr_inst|dst_last_q[52]~.comb	reg	FF_X255_Y67_N29
NODE	destination_endpoint	afu_top|pg_afu.port_gasket|pr_slot|afu_main|port_afu_instances|ofs_plat_afu|core|dma|csr_mgr_inst|dst_last_q[46]~.comb	reg	FF_X255_Y67_N10
NODE	destination_endpoint	afu_top|pg_afu.port_gasket|pr_slot|afu_main|port_afu_instances|ofs_plat_afu|core|dma|csr_mgr_inst|dst_last_q[48]~.comb	reg	FF_X255_Y67_N16
NODE	destination_endpoint	afu_top|pg_afu.port_gasket|pr_slot|afu_main|port_afu_instances|ofs_plat_afu|core|dma|csr_mgr_inst|dst_last_q[44]~.comb	reg	FF_X255_Y67_N4
NODE	destination_endpoint	afu_top|pg_afu.port_gasket|pr_slot|afu_main|port_afu_instances|ofs_plat_afu|core|dma|csr_mgr_inst|dst_last_q[64]~.comb	reg	FF_X255_Y67_N47
NODE	destination_endpoint	afu_top|pg_afu.port_gasket|pr_slot|afu_main|port_afu_instances|ofs_plat_afu|core|dma|csr_mgr_inst|dst_last_q[50]~.comb	reg	FF_X255_Y67_N22
NODE	destination_endpoint	afu_top|pg_afu.port_gasket|pr_slot|afu_main|port_afu_instances|ofs_plat_afu|core|dma|csr_mgr_inst|dst_last_q[57]~.comb	reg	FF_X255_Y67_N43
NODE	destination_endpoint	afu_top|pg_afu.port_gasket|pr_slot|afu_main|port_afu_instances|ofs_plat_afu|core|dma|csr_mgr_inst|dst_last_q[34]~.comb	reg	FF_X255_Y68_N35
NODE	destination_endpoint	afu_top|pg_afu.port_gasket|pr_slot|afu_main|port_afu_instances|ofs_plat_afu|core|dma|csr_mgr_inst|dst_last_q[34]~DUPLICATE.comb	reg	FF_X255_Y68_N34
NODE	destination_endpoint	afu_top|pg_afu.port_gasket|pr_slot|afu_main|port_afu_instances|ofs_plat_afu|core|dma|csr_mgr_inst|dst_last_q[34]~DUPLICATESCLR_dff	reg	FF_X255_Y68_N71
NODE	destination_endpoint	afu_top|pg_afu.port_gasket|pr_slot|afu_main|port_afu_instances|ofs_plat_afu|core|dma|csr_mgr_inst|dst_last_q[35]~SCLR_dff	reg	FF_X255_Y68_N73
NODE	destination_endpoint	afu_top|pg_afu.port_gasket|pr_slot|afu_main|port_afu_instances|ofs_plat_afu|core|dma|csr_mgr_inst|dst_last_q[38]~SCLR_dff	reg	FF_X255_Y68_N75
NODE	destination_endpoint	afu_top|pg_afu.port_gasket|pr_slot|afu_main|port_afu_instances|ofs_plat_afu|core|dma|csr_mgr_inst|dst_last_q[39]~SCLR_dff	reg	FF_X255_Y68_N77
NODE	destination_endpoint	afu_top|pg_afu.port_gasket|pr_slot|afu_main|port_afu_instances|ofs_plat_afu|core|dma|csr_mgr_inst|dst_last_q[41]~SCLR_dff	reg	FF_X255_Y68_N79
NODE	destination_endpoint	afu_top|pg_afu.port_gasket|pr_slot|afu_main|port_afu_instances|ofs_plat_afu|core|dma|csr_mgr_inst|dst_last_q[44]~SCLR_dff	reg	FF_X255_Y67_N61
NODE	destination_endpoint	afu_top|pg_afu.port_gasket|pr_slot|afu_main|port_afu_instances|ofs_plat_afu|core|dma|csr_mgr_inst|dst_last_q[46]~SCLR_dff	reg	FF_X255_Y67_N63
NODE	destination_endpoint	afu_top|pg_afu.port_gasket|pr_slot|afu_main|port_afu_instances|ofs_plat_afu|core|dma|csr_mgr_inst|dst_last_q[48]~SCLR_dff	reg	FF_X255_Y67_N65
NODE	destination_endpoint	afu_top|pg_afu.port_gasket|pr_slot|afu_main|port_afu_instances|ofs_plat_afu|core|dma|csr_mgr_inst|dst_last_q[50]~SCLR_dff	reg	FF_X255_Y67_N67
NODE	destination_endpoint	afu_top|pg_afu.port_gasket|pr_slot|afu_main|port_afu_instances|ofs_plat_afu|core|dma|csr_mgr_inst|dst_last_q[52]~SCLR_dff	reg	FF_X255_Y67_N69
NODE	destination_endpoint	afu_top|pg_afu.port_gasket|pr_slot|afu_main|port_afu_instances|ofs_plat_afu|core|dma|csr_mgr_inst|dst_last_q[53]~SCLR_dff	reg	FF_X255_Y67_N71
NODE	destination_endpoint	afu_top|pg_afu.port_gasket|pr_slot|afu_main|port_afu_instances|ofs_plat_afu|core|dma|csr_mgr_inst|dst_last_q[55]~SCLR_dff	reg	FF_X255_Y67_N73
NODE	destination_endpoint	afu_top|pg_afu.port_gasket|pr_slot|afu_main|port_afu_instances|ofs_plat_afu|core|dma|csr_mgr_inst|dst_last_q[57]~SCLR_dff	reg	FF_X255_Y67_N75
COUNT	descriptor_length	36	256
NODE	descriptor_length	afu_top|pg_afu.port_gasket|pr_slot|afu_main|port_afu_instances|ofs_plat_afu|core|dma|csr_mgr_inst|dma_csr_map.descriptor.length[17]~.comb	reg	FF_X260_Y65_N14
NODE	descriptor_length	afu_top|pg_afu.port_gasket|pr_slot|afu_main|port_afu_instances|ofs_plat_afu|core|dma|csr_mgr_inst|dma_csr_map.descriptor.length[18]~.comb	reg	FF_X259_Y66_N20
NODE	descriptor_length	afu_top|pg_afu.port_gasket|pr_slot|afu_main|port_afu_instances|ofs_plat_afu|core|dma|csr_mgr_inst|dma_csr_map.descriptor.length[19]~.comb	reg	FF_X259_Y66_N16
NODE	descriptor_length	afu_top|pg_afu.port_gasket|pr_slot|afu_main|port_afu_instances|ofs_plat_afu|core|dma|csr_mgr_inst|dma_csr_map.descriptor.length[0]~.comb	reg	FF_X259_Y69_N25
NODE	descriptor_length	afu_top|pg_afu.port_gasket|pr_slot|afu_main|port_afu_instances|ofs_plat_afu|core|dma|csr_mgr_inst|dma_csr_map.descriptor.length[1]~.comb	reg	FF_X259_Y69_N4
NODE	descriptor_length	afu_top|pg_afu.port_gasket|pr_slot|afu_main|port_afu_instances|ofs_plat_afu|core|dma|csr_mgr_inst|dma_csr_map.descriptor.length[2]~.comb	reg	FF_X259_Y69_N8
NODE	descriptor_length	afu_top|pg_afu.port_gasket|pr_slot|afu_main|port_afu_instances|ofs_plat_afu|core|dma|csr_mgr_inst|dma_csr_map.descriptor.length[3]~.comb	reg	FF_X259_Y69_N5
NODE	descriptor_length	afu_top|pg_afu.port_gasket|pr_slot|afu_main|port_afu_instances|ofs_plat_afu|core|dma|csr_mgr_inst|dma_csr_map.descriptor.length[4]~.comb	reg	FF_X259_Y69_N13
NODE	descriptor_length	afu_top|pg_afu.port_gasket|pr_slot|afu_main|port_afu_instances|ofs_plat_afu|core|dma|csr_mgr_inst|dma_csr_map.descriptor.length[5]~.comb	reg	FF_X261_Y69_N50
NODE	descriptor_length	afu_top|pg_afu.port_gasket|pr_slot|afu_main|port_afu_instances|ofs_plat_afu|core|dma|csr_mgr_inst|dma_csr_map.descriptor.length[6]~.comb	reg	FF_X261_Y69_N1
NODE	descriptor_length	afu_top|pg_afu.port_gasket|pr_slot|afu_main|port_afu_instances|ofs_plat_afu|core|dma|csr_mgr_inst|dma_csr_map.descriptor.length[7]~.comb	reg	FF_X259_Y69_N29
NODE	descriptor_length	afu_top|pg_afu.port_gasket|pr_slot|afu_main|port_afu_instances|ofs_plat_afu|core|dma|csr_mgr_inst|dma_csr_map.descriptor.length[12]~.comb	reg	FF_X259_Y69_N20
NODE	descriptor_length	afu_top|pg_afu.port_gasket|pr_slot|afu_main|port_afu_instances|ofs_plat_afu|core|dma|csr_mgr_inst|dma_csr_map.descriptor.length[13]~.comb	reg	FF_X259_Y69_N1
NODE	descriptor_length	afu_top|pg_afu.port_gasket|pr_slot|afu_main|port_afu_instances|ofs_plat_afu|core|dma|csr_mgr_inst|dma_csr_map.descriptor.length[14]~.comb	reg	FF_X259_Y66_N14
NODE	descriptor_length	afu_top|pg_afu.port_gasket|pr_slot|afu_main|port_afu_instances|ofs_plat_afu|core|dma|csr_mgr_inst|dma_csr_map.descriptor.length[15]~.comb	reg	FF_X259_Y69_N2
NODE	descriptor_length	afu_top|pg_afu.port_gasket|pr_slot|afu_main|port_afu_instances|ofs_plat_afu|core|dma|csr_mgr_inst|dma_csr_map.descriptor.length[10]~.comb	reg	FF_X261_Y69_N26
NODE	descriptor_length	afu_top|pg_afu.port_gasket|pr_slot|afu_main|port_afu_instances|ofs_plat_afu|core|dma|csr_mgr_inst|dma_csr_map.descriptor.length[11]~.comb	reg	FF_X261_Y69_N52
NODE	descriptor_length	afu_top|pg_afu.port_gasket|pr_slot|afu_main|port_afu_instances|ofs_plat_afu|core|dma|csr_mgr_inst|dma_csr_map.descriptor.length[16]~.comb	reg	FF_X261_Y69_N28
NODE	descriptor_length	afu_top|pg_afu.port_gasket|pr_slot|afu_main|port_afu_instances|ofs_plat_afu|core|dma|csr_mgr_inst|dma_csr_map.descriptor.length[8]~.comb	reg	FF_X261_Y69_N34
NODE	descriptor_length	afu_top|pg_afu.port_gasket|pr_slot|afu_main|port_afu_instances|ofs_plat_afu|core|dma|csr_mgr_inst|dma_csr_map.descriptor.length[9]~.comb	reg	FF_X261_Y69_N37
NODE	descriptor_length	afu_top|pg_afu.port_gasket|pr_slot|afu_main|port_afu_instances|ofs_plat_afu|core|dma|csr_mgr_inst|dma_csr_map.descriptor.length[18]~DUPLICATE.comb	reg	FF_X259_Y66_N19
NODE	descriptor_length	afu_top|pg_afu.port_gasket|pr_slot|afu_main|port_afu_instances|ofs_plat_afu|core|dma|csr_mgr_inst|dma_csr_map.descriptor.length[0]~DUPLICATE.comb	reg	FF_X259_Y69_N26
NODE	descriptor_length	afu_top|pg_afu.port_gasket|pr_slot|afu_main|port_afu_instances|ofs_plat_afu|core|dma|csr_mgr_inst|dma_csr_map.descriptor.length[4]~DUPLICATE.comb	reg	FF_X259_Y69_N14
NODE	descriptor_length	afu_top|pg_afu.port_gasket|pr_slot|afu_main|port_afu_instances|ofs_plat_afu|core|dma|csr_mgr_inst|dma_csr_map.descriptor.length[6]~DUPLICATE.comb	reg	FF_X261_Y69_N2
NODE	descriptor_length	afu_top|pg_afu.port_gasket|pr_slot|afu_main|port_afu_instances|ofs_plat_afu|core|dma|csr_mgr_inst|dma_csr_map.descriptor.length[12]~DUPLICATE.comb	reg	FF_X259_Y69_N19
NODE	descriptor_length	afu_top|pg_afu.port_gasket|pr_slot|afu_main|port_afu_instances|ofs_plat_afu|core|dma|csr_mgr_inst|dma_csr_map.descriptor.length[14]~DUPLICATE.comb	reg	FF_X259_Y66_N13
NODE	descriptor_length	afu_top|pg_afu.port_gasket|pr_slot|afu_main|port_afu_instances|ofs_plat_afu|core|dma|csr_mgr_inst|dma_csr_map.descriptor.length[8]~DUPLICATE.comb	reg	FF_X261_Y69_N35
NODE	descriptor_length	afu_top|pg_afu.port_gasket|pr_slot|afu_main|port_afu_instances|ofs_plat_afu|core|dma|csr_mgr_inst|dma_csr_map.descriptor.length[9]~DUPLICATE.comb	reg	FF_X261_Y69_N38
NODE	descriptor_length	afu_top|pg_afu.port_gasket|pr_slot|afu_main|port_afu_instances|ofs_plat_afu|core|dma|csr_mgr_inst|dma_csr_map.descriptor.length[15]~SCLR_dff	reg	FF_X259_Y69_N61
NODE	descriptor_length	afu_top|pg_afu.port_gasket|pr_slot|afu_main|port_afu_instances|ofs_plat_afu|core|dma|csr_mgr_inst|dma_csr_map.descriptor.length[2]~SCLR_dff	reg	FF_X259_Y69_N63
NODE	descriptor_length	afu_top|pg_afu.port_gasket|pr_slot|afu_main|port_afu_instances|ofs_plat_afu|core|dma|csr_mgr_inst|dma_csr_map.descriptor.length[4]~DUPLICATESCLR_dff	reg	FF_X259_Y69_N65
NODE	descriptor_length	afu_top|pg_afu.port_gasket|pr_slot|afu_main|port_afu_instances|ofs_plat_afu|core|dma|csr_mgr_inst|dma_csr_map.descriptor.length[12]~DUPLICATESCLR_dff	reg	FF_X259_Y69_N67
NODE	descriptor_length	afu_top|pg_afu.port_gasket|pr_slot|afu_main|port_afu_instances|ofs_plat_afu|core|dma|csr_mgr_inst|dma_csr_map.descriptor.length[0]~DUPLICATESCLR_dff	reg	FF_X259_Y69_N69
NODE	descriptor_length	afu_top|pg_afu.port_gasket|pr_slot|afu_main|port_afu_instances|ofs_plat_afu|core|dma|csr_mgr_inst|dma_csr_map.descriptor.length[14]~DUPLICATESCLR_dff	reg	FF_X259_Y66_N65
NODE	descriptor_length	afu_top|pg_afu.port_gasket|pr_slot|afu_main|port_afu_instances|ofs_plat_afu|core|dma|csr_mgr_inst|dma_csr_map.descriptor.length[18]~DUPLICATESCLR_dff	reg	FF_X259_Y66_N67
NODE	descriptor_length	afu_top|pg_afu.port_gasket|pr_slot|afu_main|port_afu_instances|ofs_plat_afu|core|dma|csr_mgr_inst|dma_csr_map.descriptor.length[17]~SCLR_dff	reg	FF_X260_Y65_N65
OLDLAUNCH	afu_top|pg_afu.port_gasket|pr_slot|afu_main|port_afu_instances|ofs_plat_afu|core|dma|csr_mgr_inst|dma_csr_map.descriptor.length[14]~ENA_dff	0
COUNT	old_launch	0	32
CORNERCOUNT	5
PATHCOUNT	1	any_to_src	setup	13	1024
PATH	1	any_to_src	setup	Slow vid2 100C Model	1.345	afu_top|pg_afu.port_gasket|pr_slot|afu_main|port_afu_instances|ofs_plat_afu|join_afu_reset|joined_reset_n	afu_top|pg_afu.port_gasket|pr_slot|afu_main|port_afu_instances|ofs_plat_afu|core|dma|csr_mgr_inst|src_last_q[42]~SCLR_dff	local_mem_wrapper|mem_ss_top|mem_ss_sv|mem_ss|mem_ss|emif_0|emif_0_core_usr_clk	local_mem_wrapper|mem_ss_top|mem_ss_sv|mem_ss|mem_ss|emif_0|emif_0_core_usr_clk	3.000	1.580	1	1	0	0
PATH	1	any_to_src	setup	Slow vid2 100C Model	1.345	afu_top|pg_afu.port_gasket|pr_slot|afu_main|port_afu_instances|ofs_plat_afu|join_afu_reset|joined_reset_n	afu_top|pg_afu.port_gasket|pr_slot|afu_main|port_afu_instances|ofs_plat_afu|core|dma|csr_mgr_inst|src_last_q[40]~SCLR_dff	local_mem_wrapper|mem_ss_top|mem_ss_sv|mem_ss|mem_ss|emif_0|emif_0_core_usr_clk	local_mem_wrapper|mem_ss_top|mem_ss_sv|mem_ss|mem_ss|emif_0|emif_0_core_usr_clk	3.000	1.580	1	1	0	0
PATH	1	any_to_src	setup	Slow vid2 100C Model	1.346	afu_top|pg_afu.port_gasket|pr_slot|afu_main|port_afu_instances|ofs_plat_afu|join_afu_reset|joined_reset_n	afu_top|pg_afu.port_gasket|pr_slot|afu_main|port_afu_instances|ofs_plat_afu|core|dma|csr_mgr_inst|src_last_q[37]~SCLR_dff	local_mem_wrapper|mem_ss_top|mem_ss_sv|mem_ss|mem_ss|emif_0|emif_0_core_usr_clk	local_mem_wrapper|mem_ss_top|mem_ss_sv|mem_ss|mem_ss|emif_0|emif_0_core_usr_clk	3.000	1.580	1	1	0	0
PATH	1	any_to_src	setup	Slow vid2 100C Model	1.346	afu_top|pg_afu.port_gasket|pr_slot|afu_main|port_afu_instances|ofs_plat_afu|join_afu_reset|joined_reset_n	afu_top|pg_afu.port_gasket|pr_slot|afu_main|port_afu_instances|ofs_plat_afu|core|dma|csr_mgr_inst|src_last_q[36]~SCLR_dff	local_mem_wrapper|mem_ss_top|mem_ss_sv|mem_ss|mem_ss|emif_0|emif_0_core_usr_clk	local_mem_wrapper|mem_ss_top|mem_ss_sv|mem_ss|mem_ss|emif_0|emif_0_core_usr_clk	3.000	1.580	1	1	0	0
PATH	1	any_to_src	setup	Slow vid2 100C Model	1.346	afu_top|pg_afu.port_gasket|pr_slot|afu_main|port_afu_instances|ofs_plat_afu|join_afu_reset|joined_reset_n	afu_top|pg_afu.port_gasket|pr_slot|afu_main|port_afu_instances|ofs_plat_afu|core|dma|csr_mgr_inst|src_last_q[34]~SCLR_dff	local_mem_wrapper|mem_ss_top|mem_ss_sv|mem_ss|mem_ss|emif_0|emif_0_core_usr_clk	local_mem_wrapper|mem_ss_top|mem_ss_sv|mem_ss|mem_ss|emif_0|emif_0_core_usr_clk	3.000	1.580	1	1	0	0
PATH	1	any_to_src	setup	Slow vid2 100C Model	1.447	afu_top|pg_afu.port_gasket|pr_slot|afu_main|port_afu_instances|ofs_plat_afu|join_afu_reset|joined_reset_n	afu_top|pg_afu.port_gasket|pr_slot|afu_main|port_afu_instances|ofs_plat_afu|core|dma|csr_mgr_inst|src_last_q[57]~SCLR_dff	local_mem_wrapper|mem_ss_top|mem_ss_sv|mem_ss|mem_ss|emif_0|emif_0_core_usr_clk	local_mem_wrapper|mem_ss_top|mem_ss_sv|mem_ss|mem_ss|emif_0|emif_0_core_usr_clk	3.000	1.468	1	1	0	0
PATH	1	any_to_src	setup	Slow vid2 100C Model	1.447	afu_top|pg_afu.port_gasket|pr_slot|afu_main|port_afu_instances|ofs_plat_afu|join_afu_reset|joined_reset_n	afu_top|pg_afu.port_gasket|pr_slot|afu_main|port_afu_instances|ofs_plat_afu|core|dma|csr_mgr_inst|src_last_q[56]~SCLR_dff	local_mem_wrapper|mem_ss_top|mem_ss_sv|mem_ss|mem_ss|emif_0|emif_0_core_usr_clk	local_mem_wrapper|mem_ss_top|mem_ss_sv|mem_ss|mem_ss|emif_0|emif_0_core_usr_clk	3.000	1.468	1	1	0	0
PATH	1	any_to_src	setup	Slow vid2 100C Model	1.447	afu_top|pg_afu.port_gasket|pr_slot|afu_main|port_afu_instances|ofs_plat_afu|join_afu_reset|joined_reset_n	afu_top|pg_afu.port_gasket|pr_slot|afu_main|port_afu_instances|ofs_plat_afu|core|dma|csr_mgr_inst|src_last_q[54]~SCLR_dff	local_mem_wrapper|mem_ss_top|mem_ss_sv|mem_ss|mem_ss|emif_0|emif_0_core_usr_clk	local_mem_wrapper|mem_ss_top|mem_ss_sv|mem_ss|mem_ss|emif_0|emif_0_core_usr_clk	3.000	1.468	1	1	0	0
PATH	1	any_to_src	setup	Slow vid2 100C Model	1.448	afu_top|pg_afu.port_gasket|pr_slot|afu_main|port_afu_instances|ofs_plat_afu|join_afu_reset|joined_reset_n	afu_top|pg_afu.port_gasket|pr_slot|afu_main|port_afu_instances|ofs_plat_afu|core|dma|csr_mgr_inst|src_last_q[52]~SCLR_dff	local_mem_wrapper|mem_ss_top|mem_ss_sv|mem_ss|mem_ss|emif_0|emif_0_core_usr_clk	local_mem_wrapper|mem_ss_top|mem_ss_sv|mem_ss|mem_ss|emif_0|emif_0_core_usr_clk	3.000	1.468	1	1	0	0
PATH	1	any_to_src	setup	Slow vid2 100C Model	1.448	afu_top|pg_afu.port_gasket|pr_slot|afu_main|port_afu_instances|ofs_plat_afu|join_afu_reset|joined_reset_n	afu_top|pg_afu.port_gasket|pr_slot|afu_main|port_afu_instances|ofs_plat_afu|core|dma|csr_mgr_inst|src_last_q[50]~SCLR_dff	local_mem_wrapper|mem_ss_top|mem_ss_sv|mem_ss|mem_ss|emif_0|emif_0_core_usr_clk	local_mem_wrapper|mem_ss_top|mem_ss_sv|mem_ss|mem_ss|emif_0|emif_0_core_usr_clk	3.000	1.468	1	1	0	0
PATH	1	any_to_src	setup	Slow vid2 100C Model	1.448	afu_top|pg_afu.port_gasket|pr_slot|afu_main|port_afu_instances|ofs_plat_afu|join_afu_reset|joined_reset_n	afu_top|pg_afu.port_gasket|pr_slot|afu_main|port_afu_instances|ofs_plat_afu|core|dma|csr_mgr_inst|src_last_q[48]~SCLR_dff	local_mem_wrapper|mem_ss_top|mem_ss_sv|mem_ss|mem_ss|emif_0|emif_0_core_usr_clk	local_mem_wrapper|mem_ss_top|mem_ss_sv|mem_ss|mem_ss|emif_0|emif_0_core_usr_clk	3.000	1.468	1	1	0	0
PATH	1	any_to_src	setup	Slow vid2 100C Model	1.448	afu_top|pg_afu.port_gasket|pr_slot|afu_main|port_afu_instances|ofs_plat_afu|join_afu_reset|joined_reset_n	afu_top|pg_afu.port_gasket|pr_slot|afu_main|port_afu_instances|ofs_plat_afu|core|dma|csr_mgr_inst|src_last_q[46]~SCLR_dff	local_mem_wrapper|mem_ss_top|mem_ss_sv|mem_ss|mem_ss|emif_0|emif_0_core_usr_clk	local_mem_wrapper|mem_ss_top|mem_ss_sv|mem_ss|mem_ss|emif_0|emif_0_core_usr_clk	3.000	1.468	1	1	0	0
PATH	1	any_to_src	setup	Slow vid2 100C Model	1.448	afu_top|pg_afu.port_gasket|pr_slot|afu_main|port_afu_instances|ofs_plat_afu|join_afu_reset|joined_reset_n	afu_top|pg_afu.port_gasket|pr_slot|afu_main|port_afu_instances|ofs_plat_afu|core|dma|csr_mgr_inst|src_last_q[44]~SCLR_dff	local_mem_wrapper|mem_ss_top|mem_ss_sv|mem_ss|mem_ss|emif_0|emif_0_core_usr_clk	local_mem_wrapper|mem_ss_top|mem_ss_sv|mem_ss|mem_ss|emif_0|emif_0_core_usr_clk	3.000	1.468	1	1	0	0
REPORT	1	any_to_src	setup	4	1.345
PATHCOUNT	1	any_to_dst	setup	13	1024
PATH	1	any_to_dst	setup	Slow vid2 100C Model	1.476	afu_top|pg_afu.port_gasket|pr_slot|afu_main|port_afu_instances|ofs_plat_afu|join_afu_reset|joined_reset_n	afu_top|pg_afu.port_gasket|pr_slot|afu_main|port_afu_instances|ofs_plat_afu|core|dma|csr_mgr_inst|dst_last_q[57]~SCLR_dff	local_mem_wrapper|mem_ss_top|mem_ss_sv|mem_ss|mem_ss|emif_0|emif_0_core_usr_clk	local_mem_wrapper|mem_ss_top|mem_ss_sv|mem_ss|mem_ss|emif_0|emif_0_core_usr_clk	3.000	1.421	1	1	0	0
PATH	1	any_to_dst	setup	Slow vid2 100C Model	1.477	afu_top|pg_afu.port_gasket|pr_slot|afu_main|port_afu_instances|ofs_plat_afu|join_afu_reset|joined_reset_n	afu_top|pg_afu.port_gasket|pr_slot|afu_main|port_afu_instances|ofs_plat_afu|core|dma|csr_mgr_inst|dst_last_q[50]~SCLR_dff	local_mem_wrapper|mem_ss_top|mem_ss_sv|mem_ss|mem_ss|emif_0|emif_0_core_usr_clk	local_mem_wrapper|mem_ss_top|mem_ss_sv|mem_ss|mem_ss|emif_0|emif_0_core_usr_clk	3.000	1.421	1	1	0	0
PATH	1	any_to_dst	setup	Slow vid2 100C Model	1.477	afu_top|pg_afu.port_gasket|pr_slot|afu_main|port_afu_instances|ofs_plat_afu|join_afu_reset|joined_reset_n	afu_top|pg_afu.port_gasket|pr_slot|afu_main|port_afu_instances|ofs_plat_afu|core|dma|csr_mgr_inst|dst_last_q[55]~SCLR_dff	local_mem_wrapper|mem_ss_top|mem_ss_sv|mem_ss|mem_ss|emif_0|emif_0_core_usr_clk	local_mem_wrapper|mem_ss_top|mem_ss_sv|mem_ss|mem_ss|emif_0|emif_0_core_usr_clk	3.000	1.421	1	1	0	0
PATH	1	any_to_dst	setup	Slow vid2 100C Model	1.477	afu_top|pg_afu.port_gasket|pr_slot|afu_main|port_afu_instances|ofs_plat_afu|join_afu_reset|joined_reset_n	afu_top|pg_afu.port_gasket|pr_slot|afu_main|port_afu_instances|ofs_plat_afu|core|dma|csr_mgr_inst|dst_last_q[53]~SCLR_dff	local_mem_wrapper|mem_ss_top|mem_ss_sv|mem_ss|mem_ss|emif_0|emif_0_core_usr_clk	local_mem_wrapper|mem_ss_top|mem_ss_sv|mem_ss|mem_ss|emif_0|emif_0_core_usr_clk	3.000	1.421	1	1	0	0
PATH	1	any_to_dst	setup	Slow vid2 100C Model	1.477	afu_top|pg_afu.port_gasket|pr_slot|afu_main|port_afu_instances|ofs_plat_afu|join_afu_reset|joined_reset_n	afu_top|pg_afu.port_gasket|pr_slot|afu_main|port_afu_instances|ofs_plat_afu|core|dma|csr_mgr_inst|dst_last_q[52]~SCLR_dff	local_mem_wrapper|mem_ss_top|mem_ss_sv|mem_ss|mem_ss|emif_0|emif_0_core_usr_clk	local_mem_wrapper|mem_ss_top|mem_ss_sv|mem_ss|mem_ss|emif_0|emif_0_core_usr_clk	3.000	1.421	1	1	0	0
PATH	1	any_to_dst	setup	Slow vid2 100C Model	1.478	afu_top|pg_afu.port_gasket|pr_slot|afu_main|port_afu_instances|ofs_plat_afu|join_afu_reset|joined_reset_n	afu_top|pg_afu.port_gasket|pr_slot|afu_main|port_afu_instances|ofs_plat_afu|core|dma|csr_mgr_inst|dst_last_q[48]~SCLR_dff	local_mem_wrapper|mem_ss_top|mem_ss_sv|mem_ss|mem_ss|emif_0|emif_0_core_usr_clk	local_mem_wrapper|mem_ss_top|mem_ss_sv|mem_ss|mem_ss|emif_0|emif_0_core_usr_clk	3.000	1.421	1	1	0	0
PATH	1	any_to_dst	setup	Slow vid2 100C Model	1.478	afu_top|pg_afu.port_gasket|pr_slot|afu_main|port_afu_instances|ofs_plat_afu|join_afu_reset|joined_reset_n	afu_top|pg_afu.port_gasket|pr_slot|afu_main|port_afu_instances|ofs_plat_afu|core|dma|csr_mgr_inst|dst_last_q[46]~SCLR_dff	local_mem_wrapper|mem_ss_top|mem_ss_sv|mem_ss|mem_ss|emif_0|emif_0_core_usr_clk	local_mem_wrapper|mem_ss_top|mem_ss_sv|mem_ss|mem_ss|emif_0|emif_0_core_usr_clk	3.000	1.421	1	1	0	0
PATH	1	any_to_dst	setup	Slow vid2 100C Model	1.478	afu_top|pg_afu.port_gasket|pr_slot|afu_main|port_afu_instances|ofs_plat_afu|join_afu_reset|joined_reset_n	afu_top|pg_afu.port_gasket|pr_slot|afu_main|port_afu_instances|ofs_plat_afu|core|dma|csr_mgr_inst|dst_last_q[44]~SCLR_dff	local_mem_wrapper|mem_ss_top|mem_ss_sv|mem_ss|mem_ss|emif_0|emif_0_core_usr_clk	local_mem_wrapper|mem_ss_top|mem_ss_sv|mem_ss|mem_ss|emif_0|emif_0_core_usr_clk	3.000	1.421	1	1	0	0
PATH	1	any_to_dst	setup	Slow vid2 100C Model	1.489	afu_top|pg_afu.port_gasket|pr_slot|afu_main|port_afu_instances|ofs_plat_afu|join_afu_reset|joined_reset_n	afu_top|pg_afu.port_gasket|pr_slot|afu_main|port_afu_instances|ofs_plat_afu|core|dma|csr_mgr_inst|dst_last_q[41]~SCLR_dff	local_mem_wrapper|mem_ss_top|mem_ss_sv|mem_ss|mem_ss|emif_0|emif_0_core_usr_clk	local_mem_wrapper|mem_ss_top|mem_ss_sv|mem_ss|mem_ss|emif_0|emif_0_core_usr_clk	3.000	1.412	1	1	0	0
PATH	1	any_to_dst	setup	Slow vid2 100C Model	1.490	afu_top|pg_afu.port_gasket|pr_slot|afu_main|port_afu_instances|ofs_plat_afu|join_afu_reset|joined_reset_n	afu_top|pg_afu.port_gasket|pr_slot|afu_main|port_afu_instances|ofs_plat_afu|core|dma|csr_mgr_inst|dst_last_q[39]~SCLR_dff	local_mem_wrapper|mem_ss_top|mem_ss_sv|mem_ss|mem_ss|emif_0|emif_0_core_usr_clk	local_mem_wrapper|mem_ss_top|mem_ss_sv|mem_ss|mem_ss|emif_0|emif_0_core_usr_clk	3.000	1.412	1	1	0	0
PATH	1	any_to_dst	setup	Slow vid2 100C Model	1.490	afu_top|pg_afu.port_gasket|pr_slot|afu_main|port_afu_instances|ofs_plat_afu|join_afu_reset|joined_reset_n	afu_top|pg_afu.port_gasket|pr_slot|afu_main|port_afu_instances|ofs_plat_afu|core|dma|csr_mgr_inst|dst_last_q[38]~SCLR_dff	local_mem_wrapper|mem_ss_top|mem_ss_sv|mem_ss|mem_ss|emif_0|emif_0_core_usr_clk	local_mem_wrapper|mem_ss_top|mem_ss_sv|mem_ss|mem_ss|emif_0|emif_0_core_usr_clk	3.000	1.412	1	1	0	0
PATH	1	any_to_dst	setup	Slow vid2 100C Model	1.491	afu_top|pg_afu.port_gasket|pr_slot|afu_main|port_afu_instances|ofs_plat_afu|join_afu_reset|joined_reset_n	afu_top|pg_afu.port_gasket|pr_slot|afu_main|port_afu_instances|ofs_plat_afu|core|dma|csr_mgr_inst|dst_last_q[35]~SCLR_dff	local_mem_wrapper|mem_ss_top|mem_ss_sv|mem_ss|mem_ss|emif_0|emif_0_core_usr_clk	local_mem_wrapper|mem_ss_top|mem_ss_sv|mem_ss|mem_ss|emif_0|emif_0_core_usr_clk	3.000	1.412	1	1	0	0
PATH	1	any_to_dst	setup	Slow vid2 100C Model	1.491	afu_top|pg_afu.port_gasket|pr_slot|afu_main|port_afu_instances|ofs_plat_afu|join_afu_reset|joined_reset_n	afu_top|pg_afu.port_gasket|pr_slot|afu_main|port_afu_instances|ofs_plat_afu|core|dma|csr_mgr_inst|dst_last_q[34]~DUPLICATESCLR_dff	local_mem_wrapper|mem_ss_top|mem_ss_sv|mem_ss|mem_ss|emif_0|emif_0_core_usr_clk	local_mem_wrapper|mem_ss_top|mem_ss_sv|mem_ss|mem_ss|emif_0|emif_0_core_usr_clk	3.000	1.412	1	1	0	0
REPORT	1	any_to_dst	setup	4	1.476
ALIASCOUNT	1	old0	afu_top|pg_afu.port_gasket|pr_slot|afu_main|port_afu_instances|ofs_plat_afu|core|dma|csr_mgr_inst|dma_csr_map.descriptor.length[0]	0
GAP	1	old0	setup	OLD_NAME_UNRESOLVED
ALIASCOUNT	1	old0dup	afu_top|pg_afu.port_gasket|pr_slot|afu_main|port_afu_instances|ofs_plat_afu|core|dma|csr_mgr_inst|dma_csr_map.descriptor.length[0]~DUPLICATE	0
GAP	1	old0dup	setup	OLD_NAME_UNRESOLVED
ALIASCOUNT	1	old17	afu_top|pg_afu.port_gasket|pr_slot|afu_main|port_afu_instances|ofs_plat_afu|core|dma|csr_mgr_inst|dma_csr_map.descriptor.length[17]	0
GAP	1	old17	setup	OLD_NAME_UNRESOLVED
ALIASCOUNT	1	old19	afu_top|pg_afu.port_gasket|pr_slot|afu_main|port_afu_instances|ofs_plat_afu|core|dma|csr_mgr_inst|dma_csr_map.descriptor.length[19]	0
GAP	1	old19	setup	OLD_NAME_UNRESOLVED
ALIASCOUNT	1	old3dup	afu_top|pg_afu.port_gasket|pr_slot|afu_main|port_afu_instances|ofs_plat_afu|core|dma|csr_mgr_inst|dma_csr_map.descriptor.length[3]~DUPLICATE	0
GAP	1	old3dup	setup	OLD_NAME_UNRESOLVED
ALIASCOUNT	1	old5dup	afu_top|pg_afu.port_gasket|pr_slot|afu_main|port_afu_instances|ofs_plat_afu|core|dma|csr_mgr_inst|dma_csr_map.descriptor.length[5]~DUPLICATE	0
GAP	1	old5dup	setup	OLD_NAME_UNRESOLVED
PATHCOUNT	1	any_to_src	hold	13	1024
PATH	1	any_to_src	hold	Slow vid2 100C Model	1.001	afu_top|pg_afu.port_gasket|pr_slot|afu_main|port_afu_instances|ofs_plat_afu|join_afu_reset|joined_reset_n	afu_top|pg_afu.port_gasket|pr_slot|afu_main|port_afu_instances|ofs_plat_afu|core|dma|csr_mgr_inst|src_last_q[44]~SCLR_dff	local_mem_wrapper|mem_ss_top|mem_ss_sv|mem_ss|mem_ss|emif_0|emif_0_core_usr_clk	local_mem_wrapper|mem_ss_top|mem_ss_sv|mem_ss|mem_ss|emif_0|emif_0_core_usr_clk	0.000	1.165	1	1	0	0
PATH	1	any_to_src	hold	Slow vid2 100C Model	1.002	afu_top|pg_afu.port_gasket|pr_slot|afu_main|port_afu_instances|ofs_plat_afu|join_afu_reset|joined_reset_n	afu_top|pg_afu.port_gasket|pr_slot|afu_main|port_afu_instances|ofs_plat_afu|core|dma|csr_mgr_inst|src_last_q[50]~SCLR_dff	local_mem_wrapper|mem_ss_top|mem_ss_sv|mem_ss|mem_ss|emif_0|emif_0_core_usr_clk	local_mem_wrapper|mem_ss_top|mem_ss_sv|mem_ss|mem_ss|emif_0|emif_0_core_usr_clk	0.000	1.165	1	1	0	0
PATH	1	any_to_src	hold	Slow vid2 100C Model	1.002	afu_top|pg_afu.port_gasket|pr_slot|afu_main|port_afu_instances|ofs_plat_afu|join_afu_reset|joined_reset_n	afu_top|pg_afu.port_gasket|pr_slot|afu_main|port_afu_instances|ofs_plat_afu|core|dma|csr_mgr_inst|src_last_q[48]~SCLR_dff	local_mem_wrapper|mem_ss_top|mem_ss_sv|mem_ss|mem_ss|emif_0|emif_0_core_usr_clk	local_mem_wrapper|mem_ss_top|mem_ss_sv|mem_ss|mem_ss|emif_0|emif_0_core_usr_clk	0.000	1.165	1	1	0	0
PATH	1	any_to_src	hold	Slow vid2 100C Model	1.002	afu_top|pg_afu.port_gasket|pr_slot|afu_main|port_afu_instances|ofs_plat_afu|join_afu_reset|joined_reset_n	afu_top|pg_afu.port_gasket|pr_slot|afu_main|port_afu_instances|ofs_plat_afu|core|dma|csr_mgr_inst|src_last_q[46]~SCLR_dff	local_mem_wrapper|mem_ss_top|mem_ss_sv|mem_ss|mem_ss|emif_0|emif_0_core_usr_clk	local_mem_wrapper|mem_ss_top|mem_ss_sv|mem_ss|mem_ss|emif_0|emif_0_core_usr_clk	0.000	1.165	1	1	0	0
PATH	1	any_to_src	hold	Slow vid2 100C Model	1.002	afu_top|pg_afu.port_gasket|pr_slot|afu_main|port_afu_instances|ofs_plat_afu|join_afu_reset|joined_reset_n	afu_top|pg_afu.port_gasket|pr_slot|afu_main|port_afu_instances|ofs_plat_afu|core|dma|csr_mgr_inst|src_last_q[52]~SCLR_dff	local_mem_wrapper|mem_ss_top|mem_ss_sv|mem_ss|mem_ss|emif_0|emif_0_core_usr_clk	local_mem_wrapper|mem_ss_top|mem_ss_sv|mem_ss|mem_ss|emif_0|emif_0_core_usr_clk	0.000	1.165	1	1	0	0
PATH	1	any_to_src	hold	Slow vid2 100C Model	1.003	afu_top|pg_afu.port_gasket|pr_slot|afu_main|port_afu_instances|ofs_plat_afu|join_afu_reset|joined_reset_n	afu_top|pg_afu.port_gasket|pr_slot|afu_main|port_afu_instances|ofs_plat_afu|core|dma|csr_mgr_inst|src_last_q[56]~SCLR_dff	local_mem_wrapper|mem_ss_top|mem_ss_sv|mem_ss|mem_ss|emif_0|emif_0_core_usr_clk	local_mem_wrapper|mem_ss_top|mem_ss_sv|mem_ss|mem_ss|emif_0|emif_0_core_usr_clk	0.000	1.165	1	1	0	0
PATH	1	any_to_src	hold	Slow vid2 100C Model	1.003	afu_top|pg_afu.port_gasket|pr_slot|afu_main|port_afu_instances|ofs_plat_afu|join_afu_reset|joined_reset_n	afu_top|pg_afu.port_gasket|pr_slot|afu_main|port_afu_instances|ofs_plat_afu|core|dma|csr_mgr_inst|src_last_q[54]~SCLR_dff	local_mem_wrapper|mem_ss_top|mem_ss_sv|mem_ss|mem_ss|emif_0|emif_0_core_usr_clk	local_mem_wrapper|mem_ss_top|mem_ss_sv|mem_ss|mem_ss|emif_0|emif_0_core_usr_clk	0.000	1.165	1	1	0	0
PATH	1	any_to_src	hold	Slow vid2 100C Model	1.003	afu_top|pg_afu.port_gasket|pr_slot|afu_main|port_afu_instances|ofs_plat_afu|join_afu_reset|joined_reset_n	afu_top|pg_afu.port_gasket|pr_slot|afu_main|port_afu_instances|ofs_plat_afu|core|dma|csr_mgr_inst|src_last_q[57]~SCLR_dff	local_mem_wrapper|mem_ss_top|mem_ss_sv|mem_ss|mem_ss|emif_0|emif_0_core_usr_clk	local_mem_wrapper|mem_ss_top|mem_ss_sv|mem_ss|mem_ss|emif_0|emif_0_core_usr_clk	0.000	1.165	1	1	0	0
PATH	1	any_to_src	hold	Slow vid2 100C Model	1.098	afu_top|pg_afu.port_gasket|pr_slot|afu_main|port_afu_instances|ofs_plat_afu|join_afu_reset|joined_reset_n	afu_top|pg_afu.port_gasket|pr_slot|afu_main|port_afu_instances|ofs_plat_afu|core|dma|csr_mgr_inst|src_last_q[36]~SCLR_dff	local_mem_wrapper|mem_ss_top|mem_ss_sv|mem_ss|mem_ss|emif_0|emif_0_core_usr_clk	local_mem_wrapper|mem_ss_top|mem_ss_sv|mem_ss|mem_ss|emif_0|emif_0_core_usr_clk	0.000	1.265	1	1	0	0
PATH	1	any_to_src	hold	Slow vid2 100C Model	1.098	afu_top|pg_afu.port_gasket|pr_slot|afu_main|port_afu_instances|ofs_plat_afu|join_afu_reset|joined_reset_n	afu_top|pg_afu.port_gasket|pr_slot|afu_main|port_afu_instances|ofs_plat_afu|core|dma|csr_mgr_inst|src_last_q[34]~SCLR_dff	local_mem_wrapper|mem_ss_top|mem_ss_sv|mem_ss|mem_ss|emif_0|emif_0_core_usr_clk	local_mem_wrapper|mem_ss_top|mem_ss_sv|mem_ss|mem_ss|emif_0|emif_0_core_usr_clk	0.000	1.265	1	1	0	0
PATH	1	any_to_src	hold	Slow vid2 100C Model	1.098	afu_top|pg_afu.port_gasket|pr_slot|afu_main|port_afu_instances|ofs_plat_afu|join_afu_reset|joined_reset_n	afu_top|pg_afu.port_gasket|pr_slot|afu_main|port_afu_instances|ofs_plat_afu|core|dma|csr_mgr_inst|src_last_q[37]~SCLR_dff	local_mem_wrapper|mem_ss_top|mem_ss_sv|mem_ss|mem_ss|emif_0|emif_0_core_usr_clk	local_mem_wrapper|mem_ss_top|mem_ss_sv|mem_ss|mem_ss|emif_0|emif_0_core_usr_clk	0.000	1.265	1	1	0	0
PATH	1	any_to_src	hold	Slow vid2 100C Model	1.099	afu_top|pg_afu.port_gasket|pr_slot|afu_main|port_afu_instances|ofs_plat_afu|join_afu_reset|joined_reset_n	afu_top|pg_afu.port_gasket|pr_slot|afu_main|port_afu_instances|ofs_plat_afu|core|dma|csr_mgr_inst|src_last_q[40]~SCLR_dff	local_mem_wrapper|mem_ss_top|mem_ss_sv|mem_ss|mem_ss|emif_0|emif_0_core_usr_clk	local_mem_wrapper|mem_ss_top|mem_ss_sv|mem_ss|mem_ss|emif_0|emif_0_core_usr_clk	0.000	1.265	1	1	0	0
PATH	1	any_to_src	hold	Slow vid2 100C Model	1.100	afu_top|pg_afu.port_gasket|pr_slot|afu_main|port_afu_instances|ofs_plat_afu|join_afu_reset|joined_reset_n	afu_top|pg_afu.port_gasket|pr_slot|afu_main|port_afu_instances|ofs_plat_afu|core|dma|csr_mgr_inst|src_last_q[42]~SCLR_dff	local_mem_wrapper|mem_ss_top|mem_ss_sv|mem_ss|mem_ss|emif_0|emif_0_core_usr_clk	local_mem_wrapper|mem_ss_top|mem_ss_sv|mem_ss|mem_ss|emif_0|emif_0_core_usr_clk	0.000	1.265	1	1	0	0
REPORT	1	any_to_src	hold	4	1.001
PATHCOUNT	1	any_to_dst	hold	13	1024
PATH	1	any_to_dst	hold	Slow vid2 100C Model	0.998	afu_top|pg_afu.port_gasket|pr_slot|afu_main|port_afu_instances|ofs_plat_afu|join_afu_reset|joined_reset_n	afu_top|pg_afu.port_gasket|pr_slot|afu_main|port_afu_instances|ofs_plat_afu|core|dma|csr_mgr_inst|dst_last_q[35]~SCLR_dff	local_mem_wrapper|mem_ss_top|mem_ss_sv|mem_ss|mem_ss|emif_0|emif_0_core_usr_clk	local_mem_wrapper|mem_ss_top|mem_ss_sv|mem_ss|mem_ss|emif_0|emif_0_core_usr_clk	0.000	1.147	1	1	0	0
PATH	1	any_to_dst	hold	Slow vid2 100C Model	0.998	afu_top|pg_afu.port_gasket|pr_slot|afu_main|port_afu_instances|ofs_plat_afu|join_afu_reset|joined_reset_n	afu_top|pg_afu.port_gasket|pr_slot|afu_main|port_afu_instances|ofs_plat_afu|core|dma|csr_mgr_inst|dst_last_q[34]~DUPLICATESCLR_dff	local_mem_wrapper|mem_ss_top|mem_ss_sv|mem_ss|mem_ss|emif_0|emif_0_core_usr_clk	local_mem_wrapper|mem_ss_top|mem_ss_sv|mem_ss|mem_ss|emif_0|emif_0_core_usr_clk	0.000	1.147	1	1	0	0
PATH	1	any_to_dst	hold	Slow vid2 100C Model	0.998	afu_top|pg_afu.port_gasket|pr_slot|afu_main|port_afu_instances|ofs_plat_afu|join_afu_reset|joined_reset_n	afu_top|pg_afu.port_gasket|pr_slot|afu_main|port_afu_instances|ofs_plat_afu|core|dma|csr_mgr_inst|dst_last_q[44]~SCLR_dff	local_mem_wrapper|mem_ss_top|mem_ss_sv|mem_ss|mem_ss|emif_0|emif_0_core_usr_clk	local_mem_wrapper|mem_ss_top|mem_ss_sv|mem_ss|mem_ss|emif_0|emif_0_core_usr_clk	0.000	1.144	1	1	0	0
PATH	1	any_to_dst	hold	Slow vid2 100C Model	0.999	afu_top|pg_afu.port_gasket|pr_slot|afu_main|port_afu_instances|ofs_plat_afu|join_afu_reset|joined_reset_n	afu_top|pg_afu.port_gasket|pr_slot|afu_main|port_afu_instances|ofs_plat_afu|core|dma|csr_mgr_inst|dst_last_q[39]~SCLR_dff	local_mem_wrapper|mem_ss_top|mem_ss_sv|mem_ss|mem_ss|emif_0|emif_0_core_usr_clk	local_mem_wrapper|mem_ss_top|mem_ss_sv|mem_ss|mem_ss|emif_0|emif_0_core_usr_clk	0.000	1.147	1	1	0	0
PATH	1	any_to_dst	hold	Slow vid2 100C Model	0.999	afu_top|pg_afu.port_gasket|pr_slot|afu_main|port_afu_instances|ofs_plat_afu|join_afu_reset|joined_reset_n	afu_top|pg_afu.port_gasket|pr_slot|afu_main|port_afu_instances|ofs_plat_afu|core|dma|csr_mgr_inst|dst_last_q[38]~SCLR_dff	local_mem_wrapper|mem_ss_top|mem_ss_sv|mem_ss|mem_ss|emif_0|emif_0_core_usr_clk	local_mem_wrapper|mem_ss_top|mem_ss_sv|mem_ss|mem_ss|emif_0|emif_0_core_usr_clk	0.000	1.147	1	1	0	0
PATH	1	any_to_dst	hold	Slow vid2 100C Model	0.999	afu_top|pg_afu.port_gasket|pr_slot|afu_main|port_afu_instances|ofs_plat_afu|join_afu_reset|joined_reset_n	afu_top|pg_afu.port_gasket|pr_slot|afu_main|port_afu_instances|ofs_plat_afu|core|dma|csr_mgr_inst|dst_last_q[52]~SCLR_dff	local_mem_wrapper|mem_ss_top|mem_ss_sv|mem_ss|mem_ss|emif_0|emif_0_core_usr_clk	local_mem_wrapper|mem_ss_top|mem_ss_sv|mem_ss|mem_ss|emif_0|emif_0_core_usr_clk	0.000	1.144	1	1	0	0
PATH	1	any_to_dst	hold	Slow vid2 100C Model	0.999	afu_top|pg_afu.port_gasket|pr_slot|afu_main|port_afu_instances|ofs_plat_afu|join_afu_reset|joined_reset_n	afu_top|pg_afu.port_gasket|pr_slot|afu_main|port_afu_instances|ofs_plat_afu|core|dma|csr_mgr_inst|dst_last_q[50]~SCLR_dff	local_mem_wrapper|mem_ss_top|mem_ss_sv|mem_ss|mem_ss|emif_0|emif_0_core_usr_clk	local_mem_wrapper|mem_ss_top|mem_ss_sv|mem_ss|mem_ss|emif_0|emif_0_core_usr_clk	0.000	1.144	1	1	0	0
PATH	1	any_to_dst	hold	Slow vid2 100C Model	0.999	afu_top|pg_afu.port_gasket|pr_slot|afu_main|port_afu_instances|ofs_plat_afu|join_afu_reset|joined_reset_n	afu_top|pg_afu.port_gasket|pr_slot|afu_main|port_afu_instances|ofs_plat_afu|core|dma|csr_mgr_inst|dst_last_q[48]~SCLR_dff	local_mem_wrapper|mem_ss_top|mem_ss_sv|mem_ss|mem_ss|emif_0|emif_0_core_usr_clk	local_mem_wrapper|mem_ss_top|mem_ss_sv|mem_ss|mem_ss|emif_0|emif_0_core_usr_clk	0.000	1.144	1	1	0	0
PATH	1	any_to_dst	hold	Slow vid2 100C Model	0.999	afu_top|pg_afu.port_gasket|pr_slot|afu_main|port_afu_instances|ofs_plat_afu|join_afu_reset|joined_reset_n	afu_top|pg_afu.port_gasket|pr_slot|afu_main|port_afu_instances|ofs_plat_afu|core|dma|csr_mgr_inst|dst_last_q[46]~SCLR_dff	local_mem_wrapper|mem_ss_top|mem_ss_sv|mem_ss|mem_ss|emif_0|emif_0_core_usr_clk	local_mem_wrapper|mem_ss_top|mem_ss_sv|mem_ss|mem_ss|emif_0|emif_0_core_usr_clk	0.000	1.144	1	1	0	0
PATH	1	any_to_dst	hold	Slow vid2 100C Model	1.000	afu_top|pg_afu.port_gasket|pr_slot|afu_main|port_afu_instances|ofs_plat_afu|join_afu_reset|joined_reset_n	afu_top|pg_afu.port_gasket|pr_slot|afu_main|port_afu_instances|ofs_plat_afu|core|dma|csr_mgr_inst|dst_last_q[41]~SCLR_dff	local_mem_wrapper|mem_ss_top|mem_ss_sv|mem_ss|mem_ss|emif_0|emif_0_core_usr_clk	local_mem_wrapper|mem_ss_top|mem_ss_sv|mem_ss|mem_ss|emif_0|emif_0_core_usr_clk	0.000	1.147	1	1	0	0
PATH	1	any_to_dst	hold	Slow vid2 100C Model	1.000	afu_top|pg_afu.port_gasket|pr_slot|afu_main|port_afu_instances|ofs_plat_afu|join_afu_reset|joined_reset_n	afu_top|pg_afu.port_gasket|pr_slot|afu_main|port_afu_instances|ofs_plat_afu|core|dma|csr_mgr_inst|dst_last_q[55]~SCLR_dff	local_mem_wrapper|mem_ss_top|mem_ss_sv|mem_ss|mem_ss|emif_0|emif_0_core_usr_clk	local_mem_wrapper|mem_ss_top|mem_ss_sv|mem_ss|mem_ss|emif_0|emif_0_core_usr_clk	0.000	1.144	1	1	0	0
PATH	1	any_to_dst	hold	Slow vid2 100C Model	1.000	afu_top|pg_afu.port_gasket|pr_slot|afu_main|port_afu_instances|ofs_plat_afu|join_afu_reset|joined_reset_n	afu_top|pg_afu.port_gasket|pr_slot|afu_main|port_afu_instances|ofs_plat_afu|core|dma|csr_mgr_inst|dst_last_q[53]~SCLR_dff	local_mem_wrapper|mem_ss_top|mem_ss_sv|mem_ss|mem_ss|emif_0|emif_0_core_usr_clk	local_mem_wrapper|mem_ss_top|mem_ss_sv|mem_ss|mem_ss|emif_0|emif_0_core_usr_clk	0.000	1.144	1	1	0	0
PATH	1	any_to_dst	hold	Slow vid2 100C Model	1.001	afu_top|pg_afu.port_gasket|pr_slot|afu_main|port_afu_instances|ofs_plat_afu|join_afu_reset|joined_reset_n	afu_top|pg_afu.port_gasket|pr_slot|afu_main|port_afu_instances|ofs_plat_afu|core|dma|csr_mgr_inst|dst_last_q[57]~SCLR_dff	local_mem_wrapper|mem_ss_top|mem_ss_sv|mem_ss|mem_ss|emif_0|emif_0_core_usr_clk	local_mem_wrapper|mem_ss_top|mem_ss_sv|mem_ss|mem_ss|emif_0|emif_0_core_usr_clk	0.000	1.144	1	1	0	0
REPORT	1	any_to_dst	hold	4	0.998
ALIASCOUNT	1	old0	afu_top|pg_afu.port_gasket|pr_slot|afu_main|port_afu_instances|ofs_plat_afu|core|dma|csr_mgr_inst|dma_csr_map.descriptor.length[0]	0
GAP	1	old0	hold	OLD_NAME_UNRESOLVED
ALIASCOUNT	1	old0dup	afu_top|pg_afu.port_gasket|pr_slot|afu_main|port_afu_instances|ofs_plat_afu|core|dma|csr_mgr_inst|dma_csr_map.descriptor.length[0]~DUPLICATE	0
GAP	1	old0dup	hold	OLD_NAME_UNRESOLVED
ALIASCOUNT	1	old17	afu_top|pg_afu.port_gasket|pr_slot|afu_main|port_afu_instances|ofs_plat_afu|core|dma|csr_mgr_inst|dma_csr_map.descriptor.length[17]	0
GAP	1	old17	hold	OLD_NAME_UNRESOLVED
ALIASCOUNT	1	old19	afu_top|pg_afu.port_gasket|pr_slot|afu_main|port_afu_instances|ofs_plat_afu|core|dma|csr_mgr_inst|dma_csr_map.descriptor.length[19]	0
GAP	1	old19	hold	OLD_NAME_UNRESOLVED
ALIASCOUNT	1	old3dup	afu_top|pg_afu.port_gasket|pr_slot|afu_main|port_afu_instances|ofs_plat_afu|core|dma|csr_mgr_inst|dma_csr_map.descriptor.length[3]~DUPLICATE	0
GAP	1	old3dup	hold	OLD_NAME_UNRESOLVED
ALIASCOUNT	1	old5dup	afu_top|pg_afu.port_gasket|pr_slot|afu_main|port_afu_instances|ofs_plat_afu|core|dma|csr_mgr_inst|dma_csr_map.descriptor.length[5]~DUPLICATE	0
GAP	1	old5dup	hold	OLD_NAME_UNRESOLVED
PATHCOUNT	2	any_to_src	setup	13	1024
PATH	2	any_to_src	setup	Slow vid2b 100C Model	1.359	afu_top|pg_afu.port_gasket|pr_slot|afu_main|port_afu_instances|ofs_plat_afu|join_afu_reset|joined_reset_n	afu_top|pg_afu.port_gasket|pr_slot|afu_main|port_afu_instances|ofs_plat_afu|core|dma|csr_mgr_inst|src_last_q[42]~SCLR_dff	local_mem_wrapper|mem_ss_top|mem_ss_sv|mem_ss|mem_ss|emif_0|emif_0_core_usr_clk	local_mem_wrapper|mem_ss_top|mem_ss_sv|mem_ss|mem_ss|emif_0|emif_0_core_usr_clk	3.000	1.572	1	1	0	0
PATH	2	any_to_src	setup	Slow vid2b 100C Model	1.359	afu_top|pg_afu.port_gasket|pr_slot|afu_main|port_afu_instances|ofs_plat_afu|join_afu_reset|joined_reset_n	afu_top|pg_afu.port_gasket|pr_slot|afu_main|port_afu_instances|ofs_plat_afu|core|dma|csr_mgr_inst|src_last_q[40]~SCLR_dff	local_mem_wrapper|mem_ss_top|mem_ss_sv|mem_ss|mem_ss|emif_0|emif_0_core_usr_clk	local_mem_wrapper|mem_ss_top|mem_ss_sv|mem_ss|mem_ss|emif_0|emif_0_core_usr_clk	3.000	1.572	1	1	0	0
PATH	2	any_to_src	setup	Slow vid2b 100C Model	1.360	afu_top|pg_afu.port_gasket|pr_slot|afu_main|port_afu_instances|ofs_plat_afu|join_afu_reset|joined_reset_n	afu_top|pg_afu.port_gasket|pr_slot|afu_main|port_afu_instances|ofs_plat_afu|core|dma|csr_mgr_inst|src_last_q[37]~SCLR_dff	local_mem_wrapper|mem_ss_top|mem_ss_sv|mem_ss|mem_ss|emif_0|emif_0_core_usr_clk	local_mem_wrapper|mem_ss_top|mem_ss_sv|mem_ss|mem_ss|emif_0|emif_0_core_usr_clk	3.000	1.572	1	1	0	0
PATH	2	any_to_src	setup	Slow vid2b 100C Model	1.360	afu_top|pg_afu.port_gasket|pr_slot|afu_main|port_afu_instances|ofs_plat_afu|join_afu_reset|joined_reset_n	afu_top|pg_afu.port_gasket|pr_slot|afu_main|port_afu_instances|ofs_plat_afu|core|dma|csr_mgr_inst|src_last_q[36]~SCLR_dff	local_mem_wrapper|mem_ss_top|mem_ss_sv|mem_ss|mem_ss|emif_0|emif_0_core_usr_clk	local_mem_wrapper|mem_ss_top|mem_ss_sv|mem_ss|mem_ss|emif_0|emif_0_core_usr_clk	3.000	1.572	1	1	0	0
PATH	2	any_to_src	setup	Slow vid2b 100C Model	1.360	afu_top|pg_afu.port_gasket|pr_slot|afu_main|port_afu_instances|ofs_plat_afu|join_afu_reset|joined_reset_n	afu_top|pg_afu.port_gasket|pr_slot|afu_main|port_afu_instances|ofs_plat_afu|core|dma|csr_mgr_inst|src_last_q[34]~SCLR_dff	local_mem_wrapper|mem_ss_top|mem_ss_sv|mem_ss|mem_ss|emif_0|emif_0_core_usr_clk	local_mem_wrapper|mem_ss_top|mem_ss_sv|mem_ss|mem_ss|emif_0|emif_0_core_usr_clk	3.000	1.572	1	1	0	0
PATH	2	any_to_src	setup	Slow vid2b 100C Model	1.460	afu_top|pg_afu.port_gasket|pr_slot|afu_main|port_afu_instances|ofs_plat_afu|join_afu_reset|joined_reset_n	afu_top|pg_afu.port_gasket|pr_slot|afu_main|port_afu_instances|ofs_plat_afu|core|dma|csr_mgr_inst|src_last_q[52]~SCLR_dff	local_mem_wrapper|mem_ss_top|mem_ss_sv|mem_ss|mem_ss|emif_0|emif_0_core_usr_clk	local_mem_wrapper|mem_ss_top|mem_ss_sv|mem_ss|mem_ss|emif_0|emif_0_core_usr_clk	3.000	1.468	1	1	0	0
PATH	2	any_to_src	setup	Slow vid2b 100C Model	1.460	afu_top|pg_afu.port_gasket|pr_slot|afu_main|port_afu_instances|ofs_plat_afu|join_afu_reset|joined_reset_n	afu_top|pg_afu.port_gasket|pr_slot|afu_main|port_afu_instances|ofs_plat_afu|core|dma|csr_mgr_inst|src_last_q[57]~SCLR_dff	local_mem_wrapper|mem_ss_top|mem_ss_sv|mem_ss|mem_ss|emif_0|emif_0_core_usr_clk	local_mem_wrapper|mem_ss_top|mem_ss_sv|mem_ss|mem_ss|emif_0|emif_0_core_usr_clk	3.000	1.468	1	1	0	0
PATH	2	any_to_src	setup	Slow vid2b 100C Model	1.460	afu_top|pg_afu.port_gasket|pr_slot|afu_main|port_afu_instances|ofs_plat_afu|join_afu_reset|joined_reset_n	afu_top|pg_afu.port_gasket|pr_slot|afu_main|port_afu_instances|ofs_plat_afu|core|dma|csr_mgr_inst|src_last_q[56]~SCLR_dff	local_mem_wrapper|mem_ss_top|mem_ss_sv|mem_ss|mem_ss|emif_0|emif_0_core_usr_clk	local_mem_wrapper|mem_ss_top|mem_ss_sv|mem_ss|mem_ss|emif_0|emif_0_core_usr_clk	3.000	1.468	1	1	0	0
PATH	2	any_to_src	setup	Slow vid2b 100C Model	1.460	afu_top|pg_afu.port_gasket|pr_slot|afu_main|port_afu_instances|ofs_plat_afu|join_afu_reset|joined_reset_n	afu_top|pg_afu.port_gasket|pr_slot|afu_main|port_afu_instances|ofs_plat_afu|core|dma|csr_mgr_inst|src_last_q[54]~SCLR_dff	local_mem_wrapper|mem_ss_top|mem_ss_sv|mem_ss|mem_ss|emif_0|emif_0_core_usr_clk	local_mem_wrapper|mem_ss_top|mem_ss_sv|mem_ss|mem_ss|emif_0|emif_0_core_usr_clk	3.000	1.468	1	1	0	0
PATH	2	any_to_src	setup	Slow vid2b 100C Model	1.461	afu_top|pg_afu.port_gasket|pr_slot|afu_main|port_afu_instances|ofs_plat_afu|join_afu_reset|joined_reset_n	afu_top|pg_afu.port_gasket|pr_slot|afu_main|port_afu_instances|ofs_plat_afu|core|dma|csr_mgr_inst|src_last_q[50]~SCLR_dff	local_mem_wrapper|mem_ss_top|mem_ss_sv|mem_ss|mem_ss|emif_0|emif_0_core_usr_clk	local_mem_wrapper|mem_ss_top|mem_ss_sv|mem_ss|mem_ss|emif_0|emif_0_core_usr_clk	3.000	1.468	1	1	0	0
PATH	2	any_to_src	setup	Slow vid2b 100C Model	1.461	afu_top|pg_afu.port_gasket|pr_slot|afu_main|port_afu_instances|ofs_plat_afu|join_afu_reset|joined_reset_n	afu_top|pg_afu.port_gasket|pr_slot|afu_main|port_afu_instances|ofs_plat_afu|core|dma|csr_mgr_inst|src_last_q[48]~SCLR_dff	local_mem_wrapper|mem_ss_top|mem_ss_sv|mem_ss|mem_ss|emif_0|emif_0_core_usr_clk	local_mem_wrapper|mem_ss_top|mem_ss_sv|mem_ss|mem_ss|emif_0|emif_0_core_usr_clk	3.000	1.468	1	1	0	0
PATH	2	any_to_src	setup	Slow vid2b 100C Model	1.461	afu_top|pg_afu.port_gasket|pr_slot|afu_main|port_afu_instances|ofs_plat_afu|join_afu_reset|joined_reset_n	afu_top|pg_afu.port_gasket|pr_slot|afu_main|port_afu_instances|ofs_plat_afu|core|dma|csr_mgr_inst|src_last_q[46]~SCLR_dff	local_mem_wrapper|mem_ss_top|mem_ss_sv|mem_ss|mem_ss|emif_0|emif_0_core_usr_clk	local_mem_wrapper|mem_ss_top|mem_ss_sv|mem_ss|mem_ss|emif_0|emif_0_core_usr_clk	3.000	1.468	1	1	0	0
PATH	2	any_to_src	setup	Slow vid2b 100C Model	1.461	afu_top|pg_afu.port_gasket|pr_slot|afu_main|port_afu_instances|ofs_plat_afu|join_afu_reset|joined_reset_n	afu_top|pg_afu.port_gasket|pr_slot|afu_main|port_afu_instances|ofs_plat_afu|core|dma|csr_mgr_inst|src_last_q[44]~SCLR_dff	local_mem_wrapper|mem_ss_top|mem_ss_sv|mem_ss|mem_ss|emif_0|emif_0_core_usr_clk	local_mem_wrapper|mem_ss_top|mem_ss_sv|mem_ss|mem_ss|emif_0|emif_0_core_usr_clk	3.000	1.468	1	1	0	0
REPORT	2	any_to_src	setup	4	1.359
PATHCOUNT	2	any_to_dst	setup	13	1024
PATH	2	any_to_dst	setup	Slow vid2b 100C Model	1.493	afu_top|pg_afu.port_gasket|pr_slot|afu_main|port_afu_instances|ofs_plat_afu|join_afu_reset|joined_reset_n	afu_top|pg_afu.port_gasket|pr_slot|afu_main|port_afu_instances|ofs_plat_afu|core|dma|csr_mgr_inst|dst_last_q[57]~SCLR_dff	local_mem_wrapper|mem_ss_top|mem_ss_sv|mem_ss|mem_ss|emif_0|emif_0_core_usr_clk	local_mem_wrapper|mem_ss_top|mem_ss_sv|mem_ss|mem_ss|emif_0|emif_0_core_usr_clk	3.000	1.421	1	1	0	0
PATH	2	any_to_dst	setup	Slow vid2b 100C Model	1.494	afu_top|pg_afu.port_gasket|pr_slot|afu_main|port_afu_instances|ofs_plat_afu|join_afu_reset|joined_reset_n	afu_top|pg_afu.port_gasket|pr_slot|afu_main|port_afu_instances|ofs_plat_afu|core|dma|csr_mgr_inst|dst_last_q[46]~SCLR_dff	local_mem_wrapper|mem_ss_top|mem_ss_sv|mem_ss|mem_ss|emif_0|emif_0_core_usr_clk	local_mem_wrapper|mem_ss_top|mem_ss_sv|mem_ss|mem_ss|emif_0|emif_0_core_usr_clk	3.000	1.421	1	1	0	0
PATH	2	any_to_dst	setup	Slow vid2b 100C Model	1.494	afu_top|pg_afu.port_gasket|pr_slot|afu_main|port_afu_instances|ofs_plat_afu|join_afu_reset|joined_reset_n	afu_top|pg_afu.port_gasket|pr_slot|afu_main|port_afu_instances|ofs_plat_afu|core|dma|csr_mgr_inst|dst_last_q[44]~SCLR_dff	local_mem_wrapper|mem_ss_top|mem_ss_sv|mem_ss|mem_ss|emif_0|emif_0_core_usr_clk	local_mem_wrapper|mem_ss_top|mem_ss_sv|mem_ss|mem_ss|emif_0|emif_0_core_usr_clk	3.000	1.421	1	1	0	0
PATH	2	any_to_dst	setup	Slow vid2b 100C Model	1.494	afu_top|pg_afu.port_gasket|pr_slot|afu_main|port_afu_instances|ofs_plat_afu|join_afu_reset|joined_reset_n	afu_top|pg_afu.port_gasket|pr_slot|afu_main|port_afu_instances|ofs_plat_afu|core|dma|csr_mgr_inst|dst_last_q[55]~SCLR_dff	local_mem_wrapper|mem_ss_top|mem_ss_sv|mem_ss|mem_ss|emif_0|emif_0_core_usr_clk	local_mem_wrapper|mem_ss_top|mem_ss_sv|mem_ss|mem_ss|emif_0|emif_0_core_usr_clk	3.000	1.421	1	1	0	0
PATH	2	any_to_dst	setup	Slow vid2b 100C Model	1.494	afu_top|pg_afu.port_gasket|pr_slot|afu_main|port_afu_instances|ofs_plat_afu|join_afu_reset|joined_reset_n	afu_top|pg_afu.port_gasket|pr_slot|afu_main|port_afu_instances|ofs_plat_afu|core|dma|csr_mgr_inst|dst_last_q[53]~SCLR_dff	local_mem_wrapper|mem_ss_top|mem_ss_sv|mem_ss|mem_ss|emif_0|emif_0_core_usr_clk	local_mem_wrapper|mem_ss_top|mem_ss_sv|mem_ss|mem_ss|emif_0|emif_0_core_usr_clk	3.000	1.421	1	1	0	0
PATH	2	any_to_dst	setup	Slow vid2b 100C Model	1.494	afu_top|pg_afu.port_gasket|pr_slot|afu_main|port_afu_instances|ofs_plat_afu|join_afu_reset|joined_reset_n	afu_top|pg_afu.port_gasket|pr_slot|afu_main|port_afu_instances|ofs_plat_afu|core|dma|csr_mgr_inst|dst_last_q[52]~SCLR_dff	local_mem_wrapper|mem_ss_top|mem_ss_sv|mem_ss|mem_ss|emif_0|emif_0_core_usr_clk	local_mem_wrapper|mem_ss_top|mem_ss_sv|mem_ss|mem_ss|emif_0|emif_0_core_usr_clk	3.000	1.421	1	1	0	0
PATH	2	any_to_dst	setup	Slow vid2b 100C Model	1.494	afu_top|pg_afu.port_gasket|pr_slot|afu_main|port_afu_instances|ofs_plat_afu|join_afu_reset|joined_reset_n	afu_top|pg_afu.port_gasket|pr_slot|afu_main|port_afu_instances|ofs_plat_afu|core|dma|csr_mgr_inst|dst_last_q[50]~SCLR_dff	local_mem_wrapper|mem_ss_top|mem_ss_sv|mem_ss|mem_ss|emif_0|emif_0_core_usr_clk	local_mem_wrapper|mem_ss_top|mem_ss_sv|mem_ss|mem_ss|emif_0|emif_0_core_usr_clk	3.000	1.421	1	1	0	0
PATH	2	any_to_dst	setup	Slow vid2b 100C Model	1.494	afu_top|pg_afu.port_gasket|pr_slot|afu_main|port_afu_instances|ofs_plat_afu|join_afu_reset|joined_reset_n	afu_top|pg_afu.port_gasket|pr_slot|afu_main|port_afu_instances|ofs_plat_afu|core|dma|csr_mgr_inst|dst_last_q[48]~SCLR_dff	local_mem_wrapper|mem_ss_top|mem_ss_sv|mem_ss|mem_ss|emif_0|emif_0_core_usr_clk	local_mem_wrapper|mem_ss_top|mem_ss_sv|mem_ss|mem_ss|emif_0|emif_0_core_usr_clk	3.000	1.421	1	1	0	0
PATH	2	any_to_dst	setup	Slow vid2b 100C Model	1.506	afu_top|pg_afu.port_gasket|pr_slot|afu_main|port_afu_instances|ofs_plat_afu|join_afu_reset|joined_reset_n	afu_top|pg_afu.port_gasket|pr_slot|afu_main|port_afu_instances|ofs_plat_afu|core|dma|csr_mgr_inst|dst_last_q[41]~SCLR_dff	local_mem_wrapper|mem_ss_top|mem_ss_sv|mem_ss|mem_ss|emif_0|emif_0_core_usr_clk	local_mem_wrapper|mem_ss_top|mem_ss_sv|mem_ss|mem_ss|emif_0|emif_0_core_usr_clk	3.000	1.412	1	1	0	0
PATH	2	any_to_dst	setup	Slow vid2b 100C Model	1.506	afu_top|pg_afu.port_gasket|pr_slot|afu_main|port_afu_instances|ofs_plat_afu|join_afu_reset|joined_reset_n	afu_top|pg_afu.port_gasket|pr_slot|afu_main|port_afu_instances|ofs_plat_afu|core|dma|csr_mgr_inst|dst_last_q[39]~SCLR_dff	local_mem_wrapper|mem_ss_top|mem_ss_sv|mem_ss|mem_ss|emif_0|emif_0_core_usr_clk	local_mem_wrapper|mem_ss_top|mem_ss_sv|mem_ss|mem_ss|emif_0|emif_0_core_usr_clk	3.000	1.412	1	1	0	0
PATH	2	any_to_dst	setup	Slow vid2b 100C Model	1.506	afu_top|pg_afu.port_gasket|pr_slot|afu_main|port_afu_instances|ofs_plat_afu|join_afu_reset|joined_reset_n	afu_top|pg_afu.port_gasket|pr_slot|afu_main|port_afu_instances|ofs_plat_afu|core|dma|csr_mgr_inst|dst_last_q[38]~SCLR_dff	local_mem_wrapper|mem_ss_top|mem_ss_sv|mem_ss|mem_ss|emif_0|emif_0_core_usr_clk	local_mem_wrapper|mem_ss_top|mem_ss_sv|mem_ss|mem_ss|emif_0|emif_0_core_usr_clk	3.000	1.412	1	1	0	0
PATH	2	any_to_dst	setup	Slow vid2b 100C Model	1.507	afu_top|pg_afu.port_gasket|pr_slot|afu_main|port_afu_instances|ofs_plat_afu|join_afu_reset|joined_reset_n	afu_top|pg_afu.port_gasket|pr_slot|afu_main|port_afu_instances|ofs_plat_afu|core|dma|csr_mgr_inst|dst_last_q[35]~SCLR_dff	local_mem_wrapper|mem_ss_top|mem_ss_sv|mem_ss|mem_ss|emif_0|emif_0_core_usr_clk	local_mem_wrapper|mem_ss_top|mem_ss_sv|mem_ss|mem_ss|emif_0|emif_0_core_usr_clk	3.000	1.412	1	1	0	0
PATH	2	any_to_dst	setup	Slow vid2b 100C Model	1.507	afu_top|pg_afu.port_gasket|pr_slot|afu_main|port_afu_instances|ofs_plat_afu|join_afu_reset|joined_reset_n	afu_top|pg_afu.port_gasket|pr_slot|afu_main|port_afu_instances|ofs_plat_afu|core|dma|csr_mgr_inst|dst_last_q[34]~DUPLICATESCLR_dff	local_mem_wrapper|mem_ss_top|mem_ss_sv|mem_ss|mem_ss|emif_0|emif_0_core_usr_clk	local_mem_wrapper|mem_ss_top|mem_ss_sv|mem_ss|mem_ss|emif_0|emif_0_core_usr_clk	3.000	1.412	1	1	0	0
REPORT	2	any_to_dst	setup	4	1.493
ALIASCOUNT	2	old0	afu_top|pg_afu.port_gasket|pr_slot|afu_main|port_afu_instances|ofs_plat_afu|core|dma|csr_mgr_inst|dma_csr_map.descriptor.length[0]	0
GAP	2	old0	setup	OLD_NAME_UNRESOLVED
ALIASCOUNT	2	old0dup	afu_top|pg_afu.port_gasket|pr_slot|afu_main|port_afu_instances|ofs_plat_afu|core|dma|csr_mgr_inst|dma_csr_map.descriptor.length[0]~DUPLICATE	0
GAP	2	old0dup	setup	OLD_NAME_UNRESOLVED
ALIASCOUNT	2	old17	afu_top|pg_afu.port_gasket|pr_slot|afu_main|port_afu_instances|ofs_plat_afu|core|dma|csr_mgr_inst|dma_csr_map.descriptor.length[17]	0
GAP	2	old17	setup	OLD_NAME_UNRESOLVED
ALIASCOUNT	2	old19	afu_top|pg_afu.port_gasket|pr_slot|afu_main|port_afu_instances|ofs_plat_afu|core|dma|csr_mgr_inst|dma_csr_map.descriptor.length[19]	0
GAP	2	old19	setup	OLD_NAME_UNRESOLVED
ALIASCOUNT	2	old3dup	afu_top|pg_afu.port_gasket|pr_slot|afu_main|port_afu_instances|ofs_plat_afu|core|dma|csr_mgr_inst|dma_csr_map.descriptor.length[3]~DUPLICATE	0
GAP	2	old3dup	setup	OLD_NAME_UNRESOLVED
ALIASCOUNT	2	old5dup	afu_top|pg_afu.port_gasket|pr_slot|afu_main|port_afu_instances|ofs_plat_afu|core|dma|csr_mgr_inst|dma_csr_map.descriptor.length[5]~DUPLICATE	0
GAP	2	old5dup	setup	OLD_NAME_UNRESOLVED
PATHCOUNT	2	any_to_src	hold	13	1024
PATH	2	any_to_src	hold	Slow vid2b 100C Model	0.993	afu_top|pg_afu.port_gasket|pr_slot|afu_main|port_afu_instances|ofs_plat_afu|join_afu_reset|joined_reset_n	afu_top|pg_afu.port_gasket|pr_slot|afu_main|port_afu_instances|ofs_plat_afu|core|dma|csr_mgr_inst|src_last_q[50]~SCLR_dff	local_mem_wrapper|mem_ss_top|mem_ss_sv|mem_ss|mem_ss|emif_0|emif_0_core_usr_clk	local_mem_wrapper|mem_ss_top|mem_ss_sv|mem_ss|mem_ss|emif_0|emif_0_core_usr_clk	0.000	1.165	1	1	0	0
PATH	2	any_to_src	hold	Slow vid2b 100C Model	0.993	afu_top|pg_afu.port_gasket|pr_slot|afu_main|port_afu_instances|ofs_plat_afu|join_afu_reset|joined_reset_n	afu_top|pg_afu.port_gasket|pr_slot|afu_main|port_afu_instances|ofs_plat_afu|core|dma|csr_mgr_inst|src_last_q[48]~SCLR_dff	local_mem_wrapper|mem_ss_top|mem_ss_sv|mem_ss|mem_ss|emif_0|emif_0_core_usr_clk	local_mem_wrapper|mem_ss_top|mem_ss_sv|mem_ss|mem_ss|emif_0|emif_0_core_usr_clk	0.000	1.165	1	1	0	0
PATH	2	any_to_src	hold	Slow vid2b 100C Model	0.993	afu_top|pg_afu.port_gasket|pr_slot|afu_main|port_afu_instances|ofs_plat_afu|join_afu_reset|joined_reset_n	afu_top|pg_afu.port_gasket|pr_slot|afu_main|port_afu_instances|ofs_plat_afu|core|dma|csr_mgr_inst|src_last_q[46]~SCLR_dff	local_mem_wrapper|mem_ss_top|mem_ss_sv|mem_ss|mem_ss|emif_0|emif_0_core_usr_clk	local_mem_wrapper|mem_ss_top|mem_ss_sv|mem_ss|mem_ss|emif_0|emif_0_core_usr_clk	0.000	1.165	1	1	0	0
PATH	2	any_to_src	hold	Slow vid2b 100C Model	0.993	afu_top|pg_afu.port_gasket|pr_slot|afu_main|port_afu_instances|ofs_plat_afu|join_afu_reset|joined_reset_n	afu_top|pg_afu.port_gasket|pr_slot|afu_main|port_afu_instances|ofs_plat_afu|core|dma|csr_mgr_inst|src_last_q[44]~SCLR_dff	local_mem_wrapper|mem_ss_top|mem_ss_sv|mem_ss|mem_ss|emif_0|emif_0_core_usr_clk	local_mem_wrapper|mem_ss_top|mem_ss_sv|mem_ss|mem_ss|emif_0|emif_0_core_usr_clk	0.000	1.165	1	1	0	0
PATH	2	any_to_src	hold	Slow vid2b 100C Model	0.993	afu_top|pg_afu.port_gasket|pr_slot|afu_main|port_afu_instances|ofs_plat_afu|join_afu_reset|joined_reset_n	afu_top|pg_afu.port_gasket|pr_slot|afu_main|port_afu_instances|ofs_plat_afu|core|dma|csr_mgr_inst|src_last_q[54]~SCLR_dff	local_mem_wrapper|mem_ss_top|mem_ss_sv|mem_ss|mem_ss|emif_0|emif_0_core_usr_clk	local_mem_wrapper|mem_ss_top|mem_ss_sv|mem_ss|mem_ss|emif_0|emif_0_core_usr_clk	0.000	1.165	1	1	0	0
PATH	2	any_to_src	hold	Slow vid2b 100C Model	0.993	afu_top|pg_afu.port_gasket|pr_slot|afu_main|port_afu_instances|ofs_plat_afu|join_afu_reset|joined_reset_n	afu_top|pg_afu.port_gasket|pr_slot|afu_main|port_afu_instances|ofs_plat_afu|core|dma|csr_mgr_inst|src_last_q[52]~SCLR_dff	local_mem_wrapper|mem_ss_top|mem_ss_sv|mem_ss|mem_ss|emif_0|emif_0_core_usr_clk	local_mem_wrapper|mem_ss_top|mem_ss_sv|mem_ss|mem_ss|emif_0|emif_0_core_usr_clk	0.000	1.165	1	1	0	0
PATH	2	any_to_src	hold	Slow vid2b 100C Model	0.994	afu_top|pg_afu.port_gasket|pr_slot|afu_main|port_afu_instances|ofs_plat_afu|join_afu_reset|joined_reset_n	afu_top|pg_afu.port_gasket|pr_slot|afu_main|port_afu_instances|ofs_plat_afu|core|dma|csr_mgr_inst|src_last_q[56]~SCLR_dff	local_mem_wrapper|mem_ss_top|mem_ss_sv|mem_ss|mem_ss|emif_0|emif_0_core_usr_clk	local_mem_wrapper|mem_ss_top|mem_ss_sv|mem_ss|mem_ss|emif_0|emif_0_core_usr_clk	0.000	1.165	1	1	0	0
PATH	2	any_to_src	hold	Slow vid2b 100C Model	0.994	afu_top|pg_afu.port_gasket|pr_slot|afu_main|port_afu_instances|ofs_plat_afu|join_afu_reset|joined_reset_n	afu_top|pg_afu.port_gasket|pr_slot|afu_main|port_afu_instances|ofs_plat_afu|core|dma|csr_mgr_inst|src_last_q[57]~SCLR_dff	local_mem_wrapper|mem_ss_top|mem_ss_sv|mem_ss|mem_ss|emif_0|emif_0_core_usr_clk	local_mem_wrapper|mem_ss_top|mem_ss_sv|mem_ss|mem_ss|emif_0|emif_0_core_usr_clk	0.000	1.165	1	1	0	0
PATH	2	any_to_src	hold	Slow vid2b 100C Model	1.089	afu_top|pg_afu.port_gasket|pr_slot|afu_main|port_afu_instances|ofs_plat_afu|join_afu_reset|joined_reset_n	afu_top|pg_afu.port_gasket|pr_slot|afu_main|port_afu_instances|ofs_plat_afu|core|dma|csr_mgr_inst|src_last_q[34]~SCLR_dff	local_mem_wrapper|mem_ss_top|mem_ss_sv|mem_ss|mem_ss|emif_0|emif_0_core_usr_clk	local_mem_wrapper|mem_ss_top|mem_ss_sv|mem_ss|mem_ss|emif_0|emif_0_core_usr_clk	0.000	1.265	1	1	0	0
PATH	2	any_to_src	hold	Slow vid2b 100C Model	1.090	afu_top|pg_afu.port_gasket|pr_slot|afu_main|port_afu_instances|ofs_plat_afu|join_afu_reset|joined_reset_n	afu_top|pg_afu.port_gasket|pr_slot|afu_main|port_afu_instances|ofs_plat_afu|core|dma|csr_mgr_inst|src_last_q[36]~SCLR_dff	local_mem_wrapper|mem_ss_top|mem_ss_sv|mem_ss|mem_ss|emif_0|emif_0_core_usr_clk	local_mem_wrapper|mem_ss_top|mem_ss_sv|mem_ss|mem_ss|emif_0|emif_0_core_usr_clk	0.000	1.265	1	1	0	0
PATH	2	any_to_src	hold	Slow vid2b 100C Model	1.090	afu_top|pg_afu.port_gasket|pr_slot|afu_main|port_afu_instances|ofs_plat_afu|join_afu_reset|joined_reset_n	afu_top|pg_afu.port_gasket|pr_slot|afu_main|port_afu_instances|ofs_plat_afu|core|dma|csr_mgr_inst|src_last_q[37]~SCLR_dff	local_mem_wrapper|mem_ss_top|mem_ss_sv|mem_ss|mem_ss|emif_0|emif_0_core_usr_clk	local_mem_wrapper|mem_ss_top|mem_ss_sv|mem_ss|mem_ss|emif_0|emif_0_core_usr_clk	0.000	1.265	1	1	0	0
PATH	2	any_to_src	hold	Slow vid2b 100C Model	1.091	afu_top|pg_afu.port_gasket|pr_slot|afu_main|port_afu_instances|ofs_plat_afu|join_afu_reset|joined_reset_n	afu_top|pg_afu.port_gasket|pr_slot|afu_main|port_afu_instances|ofs_plat_afu|core|dma|csr_mgr_inst|src_last_q[42]~SCLR_dff	local_mem_wrapper|mem_ss_top|mem_ss_sv|mem_ss|mem_ss|emif_0|emif_0_core_usr_clk	local_mem_wrapper|mem_ss_top|mem_ss_sv|mem_ss|mem_ss|emif_0|emif_0_core_usr_clk	0.000	1.265	1	1	0	0
PATH	2	any_to_src	hold	Slow vid2b 100C Model	1.091	afu_top|pg_afu.port_gasket|pr_slot|afu_main|port_afu_instances|ofs_plat_afu|join_afu_reset|joined_reset_n	afu_top|pg_afu.port_gasket|pr_slot|afu_main|port_afu_instances|ofs_plat_afu|core|dma|csr_mgr_inst|src_last_q[40]~SCLR_dff	local_mem_wrapper|mem_ss_top|mem_ss_sv|mem_ss|mem_ss|emif_0|emif_0_core_usr_clk	local_mem_wrapper|mem_ss_top|mem_ss_sv|mem_ss|mem_ss|emif_0|emif_0_core_usr_clk	0.000	1.265	1	1	0	0
REPORT	2	any_to_src	hold	4	0.993
PATHCOUNT	2	any_to_dst	hold	13	1024
PATH	2	any_to_dst	hold	Slow vid2b 100C Model	0.986	afu_top|pg_afu.port_gasket|pr_slot|afu_main|port_afu_instances|ofs_plat_afu|join_afu_reset|joined_reset_n	afu_top|pg_afu.port_gasket|pr_slot|afu_main|port_afu_instances|ofs_plat_afu|core|dma|csr_mgr_inst|dst_last_q[35]~SCLR_dff	local_mem_wrapper|mem_ss_top|mem_ss_sv|mem_ss|mem_ss|emif_0|emif_0_core_usr_clk	local_mem_wrapper|mem_ss_top|mem_ss_sv|mem_ss|mem_ss|emif_0|emif_0_core_usr_clk	0.000	1.147	1	1	0	0
PATH	2	any_to_dst	hold	Slow vid2b 100C Model	0.986	afu_top|pg_afu.port_gasket|pr_slot|afu_main|port_afu_instances|ofs_plat_afu|join_afu_reset|joined_reset_n	afu_top|pg_afu.port_gasket|pr_slot|afu_main|port_afu_instances|ofs_plat_afu|core|dma|csr_mgr_inst|dst_last_q[34]~DUPLICATESCLR_dff	local_mem_wrapper|mem_ss_top|mem_ss_sv|mem_ss|mem_ss|emif_0|emif_0_core_usr_clk	local_mem_wrapper|mem_ss_top|mem_ss_sv|mem_ss|mem_ss|emif_0|emif_0_core_usr_clk	0.000	1.147	1	1	0	0
PATH	2	any_to_dst	hold	Slow vid2b 100C Model	0.986	afu_top|pg_afu.port_gasket|pr_slot|afu_main|port_afu_instances|ofs_plat_afu|join_afu_reset|joined_reset_n	afu_top|pg_afu.port_gasket|pr_slot|afu_main|port_afu_instances|ofs_plat_afu|core|dma|csr_mgr_inst|dst_last_q[38]~SCLR_dff	local_mem_wrapper|mem_ss_top|mem_ss_sv|mem_ss|mem_ss|emif_0|emif_0_core_usr_clk	local_mem_wrapper|mem_ss_top|mem_ss_sv|mem_ss|mem_ss|emif_0|emif_0_core_usr_clk	0.000	1.147	1	1	0	0
PATH	2	any_to_dst	hold	Slow vid2b 100C Model	0.986	afu_top|pg_afu.port_gasket|pr_slot|afu_main|port_afu_instances|ofs_plat_afu|join_afu_reset|joined_reset_n	afu_top|pg_afu.port_gasket|pr_slot|afu_main|port_afu_instances|ofs_plat_afu|core|dma|csr_mgr_inst|dst_last_q[50]~SCLR_dff	local_mem_wrapper|mem_ss_top|mem_ss_sv|mem_ss|mem_ss|emif_0|emif_0_core_usr_clk	local_mem_wrapper|mem_ss_top|mem_ss_sv|mem_ss|mem_ss|emif_0|emif_0_core_usr_clk	0.000	1.144	1	1	0	0
PATH	2	any_to_dst	hold	Slow vid2b 100C Model	0.986	afu_top|pg_afu.port_gasket|pr_slot|afu_main|port_afu_instances|ofs_plat_afu|join_afu_reset|joined_reset_n	afu_top|pg_afu.port_gasket|pr_slot|afu_main|port_afu_instances|ofs_plat_afu|core|dma|csr_mgr_inst|dst_last_q[48]~SCLR_dff	local_mem_wrapper|mem_ss_top|mem_ss_sv|mem_ss|mem_ss|emif_0|emif_0_core_usr_clk	local_mem_wrapper|mem_ss_top|mem_ss_sv|mem_ss|mem_ss|emif_0|emif_0_core_usr_clk	0.000	1.144	1	1	0	0
PATH	2	any_to_dst	hold	Slow vid2b 100C Model	0.986	afu_top|pg_afu.port_gasket|pr_slot|afu_main|port_afu_instances|ofs_plat_afu|join_afu_reset|joined_reset_n	afu_top|pg_afu.port_gasket|pr_slot|afu_main|port_afu_instances|ofs_plat_afu|core|dma|csr_mgr_inst|dst_last_q[46]~SCLR_dff	local_mem_wrapper|mem_ss_top|mem_ss_sv|mem_ss|mem_ss|emif_0|emif_0_core_usr_clk	local_mem_wrapper|mem_ss_top|mem_ss_sv|mem_ss|mem_ss|emif_0|emif_0_core_usr_clk	0.000	1.144	1	1	0	0
PATH	2	any_to_dst	hold	Slow vid2b 100C Model	0.986	afu_top|pg_afu.port_gasket|pr_slot|afu_main|port_afu_instances|ofs_plat_afu|join_afu_reset|joined_reset_n	afu_top|pg_afu.port_gasket|pr_slot|afu_main|port_afu_instances|ofs_plat_afu|core|dma|csr_mgr_inst|dst_last_q[44]~SCLR_dff	local_mem_wrapper|mem_ss_top|mem_ss_sv|mem_ss|mem_ss|emif_0|emif_0_core_usr_clk	local_mem_wrapper|mem_ss_top|mem_ss_sv|mem_ss|mem_ss|emif_0|emif_0_core_usr_clk	0.000	1.144	1	1	0	0
PATH	2	any_to_dst	hold	Slow vid2b 100C Model	0.986	afu_top|pg_afu.port_gasket|pr_slot|afu_main|port_afu_instances|ofs_plat_afu|join_afu_reset|joined_reset_n	afu_top|pg_afu.port_gasket|pr_slot|afu_main|port_afu_instances|ofs_plat_afu|core|dma|csr_mgr_inst|dst_last_q[52]~SCLR_dff	local_mem_wrapper|mem_ss_top|mem_ss_sv|mem_ss|mem_ss|emif_0|emif_0_core_usr_clk	local_mem_wrapper|mem_ss_top|mem_ss_sv|mem_ss|mem_ss|emif_0|emif_0_core_usr_clk	0.000	1.144	1	1	0	0
PATH	2	any_to_dst	hold	Slow vid2b 100C Model	0.987	afu_top|pg_afu.port_gasket|pr_slot|afu_main|port_afu_instances|ofs_plat_afu|join_afu_reset|joined_reset_n	afu_top|pg_afu.port_gasket|pr_slot|afu_main|port_afu_instances|ofs_plat_afu|core|dma|csr_mgr_inst|dst_last_q[41]~SCLR_dff	local_mem_wrapper|mem_ss_top|mem_ss_sv|mem_ss|mem_ss|emif_0|emif_0_core_usr_clk	local_mem_wrapper|mem_ss_top|mem_ss_sv|mem_ss|mem_ss|emif_0|emif_0_core_usr_clk	0.000	1.147	1	1	0	0
PATH	2	any_to_dst	hold	Slow vid2b 100C Model	0.987	afu_top|pg_afu.port_gasket|pr_slot|afu_main|port_afu_instances|ofs_plat_afu|join_afu_reset|joined_reset_n	afu_top|pg_afu.port_gasket|pr_slot|afu_main|port_afu_instances|ofs_plat_afu|core|dma|csr_mgr_inst|dst_last_q[39]~SCLR_dff	local_mem_wrapper|mem_ss_top|mem_ss_sv|mem_ss|mem_ss|emif_0|emif_0_core_usr_clk	local_mem_wrapper|mem_ss_top|mem_ss_sv|mem_ss|mem_ss|emif_0|emif_0_core_usr_clk	0.000	1.147	1	1	0	0
PATH	2	any_to_dst	hold	Slow vid2b 100C Model	0.987	afu_top|pg_afu.port_gasket|pr_slot|afu_main|port_afu_instances|ofs_plat_afu|join_afu_reset|joined_reset_n	afu_top|pg_afu.port_gasket|pr_slot|afu_main|port_afu_instances|ofs_plat_afu|core|dma|csr_mgr_inst|dst_last_q[55]~SCLR_dff	local_mem_wrapper|mem_ss_top|mem_ss_sv|mem_ss|mem_ss|emif_0|emif_0_core_usr_clk	local_mem_wrapper|mem_ss_top|mem_ss_sv|mem_ss|mem_ss|emif_0|emif_0_core_usr_clk	0.000	1.144	1	1	0	0
PATH	2	any_to_dst	hold	Slow vid2b 100C Model	0.987	afu_top|pg_afu.port_gasket|pr_slot|afu_main|port_afu_instances|ofs_plat_afu|join_afu_reset|joined_reset_n	afu_top|pg_afu.port_gasket|pr_slot|afu_main|port_afu_instances|ofs_plat_afu|core|dma|csr_mgr_inst|dst_last_q[53]~SCLR_dff	local_mem_wrapper|mem_ss_top|mem_ss_sv|mem_ss|mem_ss|emif_0|emif_0_core_usr_clk	local_mem_wrapper|mem_ss_top|mem_ss_sv|mem_ss|mem_ss|emif_0|emif_0_core_usr_clk	0.000	1.144	1	1	0	0
PATH	2	any_to_dst	hold	Slow vid2b 100C Model	0.987	afu_top|pg_afu.port_gasket|pr_slot|afu_main|port_afu_instances|ofs_plat_afu|join_afu_reset|joined_reset_n	afu_top|pg_afu.port_gasket|pr_slot|afu_main|port_afu_instances|ofs_plat_afu|core|dma|csr_mgr_inst|dst_last_q[57]~SCLR_dff	local_mem_wrapper|mem_ss_top|mem_ss_sv|mem_ss|mem_ss|emif_0|emif_0_core_usr_clk	local_mem_wrapper|mem_ss_top|mem_ss_sv|mem_ss|mem_ss|emif_0|emif_0_core_usr_clk	0.000	1.144	1	1	0	0
REPORT	2	any_to_dst	hold	4	0.986
ALIASCOUNT	2	old0	afu_top|pg_afu.port_gasket|pr_slot|afu_main|port_afu_instances|ofs_plat_afu|core|dma|csr_mgr_inst|dma_csr_map.descriptor.length[0]	0
GAP	2	old0	hold	OLD_NAME_UNRESOLVED
ALIASCOUNT	2	old0dup	afu_top|pg_afu.port_gasket|pr_slot|afu_main|port_afu_instances|ofs_plat_afu|core|dma|csr_mgr_inst|dma_csr_map.descriptor.length[0]~DUPLICATE	0
GAP	2	old0dup	hold	OLD_NAME_UNRESOLVED
ALIASCOUNT	2	old17	afu_top|pg_afu.port_gasket|pr_slot|afu_main|port_afu_instances|ofs_plat_afu|core|dma|csr_mgr_inst|dma_csr_map.descriptor.length[17]	0
GAP	2	old17	hold	OLD_NAME_UNRESOLVED
ALIASCOUNT	2	old19	afu_top|pg_afu.port_gasket|pr_slot|afu_main|port_afu_instances|ofs_plat_afu|core|dma|csr_mgr_inst|dma_csr_map.descriptor.length[19]	0
GAP	2	old19	hold	OLD_NAME_UNRESOLVED
ALIASCOUNT	2	old3dup	afu_top|pg_afu.port_gasket|pr_slot|afu_main|port_afu_instances|ofs_plat_afu|core|dma|csr_mgr_inst|dma_csr_map.descriptor.length[3]~DUPLICATE	0
GAP	2	old3dup	hold	OLD_NAME_UNRESOLVED
ALIASCOUNT	2	old5dup	afu_top|pg_afu.port_gasket|pr_slot|afu_main|port_afu_instances|ofs_plat_afu|core|dma|csr_mgr_inst|dma_csr_map.descriptor.length[5]~DUPLICATE	0
GAP	2	old5dup	hold	OLD_NAME_UNRESOLVED
PATHCOUNT	3	any_to_src	setup	13	1024
PATH	3	any_to_src	setup	Fast vid2a 0C Model	1.764	afu_top|pg_afu.port_gasket|pr_slot|afu_main|port_afu_instances|ofs_plat_afu|join_afu_reset|joined_reset_n	afu_top|pg_afu.port_gasket|pr_slot|afu_main|port_afu_instances|ofs_plat_afu|core|dma|csr_mgr_inst|src_last_q[40]~SCLR_dff	local_mem_wrapper|mem_ss_top|mem_ss_sv|mem_ss|mem_ss|emif_0|emif_0_core_usr_clk	local_mem_wrapper|mem_ss_top|mem_ss_sv|mem_ss|mem_ss|emif_0|emif_0_core_usr_clk	3.000	1.188	1	1	0	0
PATH	3	any_to_src	setup	Fast vid2a 0C Model	1.764	afu_top|pg_afu.port_gasket|pr_slot|afu_main|port_afu_instances|ofs_plat_afu|join_afu_reset|joined_reset_n	afu_top|pg_afu.port_gasket|pr_slot|afu_main|port_afu_instances|ofs_plat_afu|core|dma|csr_mgr_inst|src_last_q[42]~SCLR_dff	local_mem_wrapper|mem_ss_top|mem_ss_sv|mem_ss|mem_ss|emif_0|emif_0_core_usr_clk	local_mem_wrapper|mem_ss_top|mem_ss_sv|mem_ss|mem_ss|emif_0|emif_0_core_usr_clk	3.000	1.188	1	1	0	0
PATH	3	any_to_src	setup	Fast vid2a 0C Model	1.765	afu_top|pg_afu.port_gasket|pr_slot|afu_main|port_afu_instances|ofs_plat_afu|join_afu_reset|joined_reset_n	afu_top|pg_afu.port_gasket|pr_slot|afu_main|port_afu_instances|ofs_plat_afu|core|dma|csr_mgr_inst|src_last_q[37]~SCLR_dff	local_mem_wrapper|mem_ss_top|mem_ss_sv|mem_ss|mem_ss|emif_0|emif_0_core_usr_clk	local_mem_wrapper|mem_ss_top|mem_ss_sv|mem_ss|mem_ss|emif_0|emif_0_core_usr_clk	3.000	1.188	1	1	0	0
PATH	3	any_to_src	setup	Fast vid2a 0C Model	1.765	afu_top|pg_afu.port_gasket|pr_slot|afu_main|port_afu_instances|ofs_plat_afu|join_afu_reset|joined_reset_n	afu_top|pg_afu.port_gasket|pr_slot|afu_main|port_afu_instances|ofs_plat_afu|core|dma|csr_mgr_inst|src_last_q[36]~SCLR_dff	local_mem_wrapper|mem_ss_top|mem_ss_sv|mem_ss|mem_ss|emif_0|emif_0_core_usr_clk	local_mem_wrapper|mem_ss_top|mem_ss_sv|mem_ss|mem_ss|emif_0|emif_0_core_usr_clk	3.000	1.188	1	1	0	0
PATH	3	any_to_src	setup	Fast vid2a 0C Model	1.765	afu_top|pg_afu.port_gasket|pr_slot|afu_main|port_afu_instances|ofs_plat_afu|join_afu_reset|joined_reset_n	afu_top|pg_afu.port_gasket|pr_slot|afu_main|port_afu_instances|ofs_plat_afu|core|dma|csr_mgr_inst|src_last_q[34]~SCLR_dff	local_mem_wrapper|mem_ss_top|mem_ss_sv|mem_ss|mem_ss|emif_0|emif_0_core_usr_clk	local_mem_wrapper|mem_ss_top|mem_ss_sv|mem_ss|mem_ss|emif_0|emif_0_core_usr_clk	3.000	1.188	1	1	0	0
PATH	3	any_to_src	setup	Fast vid2a 0C Model	1.858	afu_top|pg_afu.port_gasket|pr_slot|afu_main|port_afu_instances|ofs_plat_afu|join_afu_reset|joined_reset_n	afu_top|pg_afu.port_gasket|pr_slot|afu_main|port_afu_instances|ofs_plat_afu|core|dma|csr_mgr_inst|src_last_q[57]~SCLR_dff	local_mem_wrapper|mem_ss_top|mem_ss_sv|mem_ss|mem_ss|emif_0|emif_0_core_usr_clk	local_mem_wrapper|mem_ss_top|mem_ss_sv|mem_ss|mem_ss|emif_0|emif_0_core_usr_clk	3.000	1.093	1	1	0	0
PATH	3	any_to_src	setup	Fast vid2a 0C Model	1.858	afu_top|pg_afu.port_gasket|pr_slot|afu_main|port_afu_instances|ofs_plat_afu|join_afu_reset|joined_reset_n	afu_top|pg_afu.port_gasket|pr_slot|afu_main|port_afu_instances|ofs_plat_afu|core|dma|csr_mgr_inst|src_last_q[56]~SCLR_dff	local_mem_wrapper|mem_ss_top|mem_ss_sv|mem_ss|mem_ss|emif_0|emif_0_core_usr_clk	local_mem_wrapper|mem_ss_top|mem_ss_sv|mem_ss|mem_ss|emif_0|emif_0_core_usr_clk	3.000	1.093	1	1	0	0
PATH	3	any_to_src	setup	Fast vid2a 0C Model	1.858	afu_top|pg_afu.port_gasket|pr_slot|afu_main|port_afu_instances|ofs_plat_afu|join_afu_reset|joined_reset_n	afu_top|pg_afu.port_gasket|pr_slot|afu_main|port_afu_instances|ofs_plat_afu|core|dma|csr_mgr_inst|src_last_q[54]~SCLR_dff	local_mem_wrapper|mem_ss_top|mem_ss_sv|mem_ss|mem_ss|emif_0|emif_0_core_usr_clk	local_mem_wrapper|mem_ss_top|mem_ss_sv|mem_ss|mem_ss|emif_0|emif_0_core_usr_clk	3.000	1.093	1	1	0	0
PATH	3	any_to_src	setup	Fast vid2a 0C Model	1.858	afu_top|pg_afu.port_gasket|pr_slot|afu_main|port_afu_instances|ofs_plat_afu|join_afu_reset|joined_reset_n	afu_top|pg_afu.port_gasket|pr_slot|afu_main|port_afu_instances|ofs_plat_afu|core|dma|csr_mgr_inst|src_last_q[52]~SCLR_dff	local_mem_wrapper|mem_ss_top|mem_ss_sv|mem_ss|mem_ss|emif_0|emif_0_core_usr_clk	local_mem_wrapper|mem_ss_top|mem_ss_sv|mem_ss|mem_ss|emif_0|emif_0_core_usr_clk	3.000	1.093	1	1	0	0
PATH	3	any_to_src	setup	Fast vid2a 0C Model	1.858	afu_top|pg_afu.port_gasket|pr_slot|afu_main|port_afu_instances|ofs_plat_afu|join_afu_reset|joined_reset_n	afu_top|pg_afu.port_gasket|pr_slot|afu_main|port_afu_instances|ofs_plat_afu|core|dma|csr_mgr_inst|src_last_q[50]~SCLR_dff	local_mem_wrapper|mem_ss_top|mem_ss_sv|mem_ss|mem_ss|emif_0|emif_0_core_usr_clk	local_mem_wrapper|mem_ss_top|mem_ss_sv|mem_ss|mem_ss|emif_0|emif_0_core_usr_clk	3.000	1.093	1	1	0	0
PATH	3	any_to_src	setup	Fast vid2a 0C Model	1.858	afu_top|pg_afu.port_gasket|pr_slot|afu_main|port_afu_instances|ofs_plat_afu|join_afu_reset|joined_reset_n	afu_top|pg_afu.port_gasket|pr_slot|afu_main|port_afu_instances|ofs_plat_afu|core|dma|csr_mgr_inst|src_last_q[48]~SCLR_dff	local_mem_wrapper|mem_ss_top|mem_ss_sv|mem_ss|mem_ss|emif_0|emif_0_core_usr_clk	local_mem_wrapper|mem_ss_top|mem_ss_sv|mem_ss|mem_ss|emif_0|emif_0_core_usr_clk	3.000	1.093	1	1	0	0
PATH	3	any_to_src	setup	Fast vid2a 0C Model	1.858	afu_top|pg_afu.port_gasket|pr_slot|afu_main|port_afu_instances|ofs_plat_afu|join_afu_reset|joined_reset_n	afu_top|pg_afu.port_gasket|pr_slot|afu_main|port_afu_instances|ofs_plat_afu|core|dma|csr_mgr_inst|src_last_q[46]~SCLR_dff	local_mem_wrapper|mem_ss_top|mem_ss_sv|mem_ss|mem_ss|emif_0|emif_0_core_usr_clk	local_mem_wrapper|mem_ss_top|mem_ss_sv|mem_ss|mem_ss|emif_0|emif_0_core_usr_clk	3.000	1.093	1	1	0	0
PATH	3	any_to_src	setup	Fast vid2a 0C Model	1.858	afu_top|pg_afu.port_gasket|pr_slot|afu_main|port_afu_instances|ofs_plat_afu|join_afu_reset|joined_reset_n	afu_top|pg_afu.port_gasket|pr_slot|afu_main|port_afu_instances|ofs_plat_afu|core|dma|csr_mgr_inst|src_last_q[44]~SCLR_dff	local_mem_wrapper|mem_ss_top|mem_ss_sv|mem_ss|mem_ss|emif_0|emif_0_core_usr_clk	local_mem_wrapper|mem_ss_top|mem_ss_sv|mem_ss|mem_ss|emif_0|emif_0_core_usr_clk	3.000	1.093	1	1	0	0
REPORT	3	any_to_src	setup	4	1.764
PATHCOUNT	3	any_to_dst	setup	13	1024
PATH	3	any_to_dst	setup	Fast vid2a 0C Model	1.879	afu_top|pg_afu.port_gasket|pr_slot|afu_main|port_afu_instances|ofs_plat_afu|join_afu_reset|joined_reset_n	afu_top|pg_afu.port_gasket|pr_slot|afu_main|port_afu_instances|ofs_plat_afu|core|dma|csr_mgr_inst|dst_last_q[50]~SCLR_dff	local_mem_wrapper|mem_ss_top|mem_ss_sv|mem_ss|mem_ss|emif_0|emif_0_core_usr_clk	local_mem_wrapper|mem_ss_top|mem_ss_sv|mem_ss|mem_ss|emif_0|emif_0_core_usr_clk	3.000	1.063	1	1	0	0
PATH	3	any_to_dst	setup	Fast vid2a 0C Model	1.879	afu_top|pg_afu.port_gasket|pr_slot|afu_main|port_afu_instances|ofs_plat_afu|join_afu_reset|joined_reset_n	afu_top|pg_afu.port_gasket|pr_slot|afu_main|port_afu_instances|ofs_plat_afu|core|dma|csr_mgr_inst|dst_last_q[57]~SCLR_dff	local_mem_wrapper|mem_ss_top|mem_ss_sv|mem_ss|mem_ss|emif_0|emif_0_core_usr_clk	local_mem_wrapper|mem_ss_top|mem_ss_sv|mem_ss|mem_ss|emif_0|emif_0_core_usr_clk	3.000	1.063	1	1	0	0
PATH	3	any_to_dst	setup	Fast vid2a 0C Model	1.879	afu_top|pg_afu.port_gasket|pr_slot|afu_main|port_afu_instances|ofs_plat_afu|join_afu_reset|joined_reset_n	afu_top|pg_afu.port_gasket|pr_slot|afu_main|port_afu_instances|ofs_plat_afu|core|dma|csr_mgr_inst|dst_last_q[55]~SCLR_dff	local_mem_wrapper|mem_ss_top|mem_ss_sv|mem_ss|mem_ss|emif_0|emif_0_core_usr_clk	local_mem_wrapper|mem_ss_top|mem_ss_sv|mem_ss|mem_ss|emif_0|emif_0_core_usr_clk	3.000	1.063	1	1	0	0
PATH	3	any_to_dst	setup	Fast vid2a 0C Model	1.879	afu_top|pg_afu.port_gasket|pr_slot|afu_main|port_afu_instances|ofs_plat_afu|join_afu_reset|joined_reset_n	afu_top|pg_afu.port_gasket|pr_slot|afu_main|port_afu_instances|ofs_plat_afu|core|dma|csr_mgr_inst|dst_last_q[53]~SCLR_dff	local_mem_wrapper|mem_ss_top|mem_ss_sv|mem_ss|mem_ss|emif_0|emif_0_core_usr_clk	local_mem_wrapper|mem_ss_top|mem_ss_sv|mem_ss|mem_ss|emif_0|emif_0_core_usr_clk	3.000	1.063	1	1	0	0
PATH	3	any_to_dst	setup	Fast vid2a 0C Model	1.879	afu_top|pg_afu.port_gasket|pr_slot|afu_main|port_afu_instances|ofs_plat_afu|join_afu_reset|joined_reset_n	afu_top|pg_afu.port_gasket|pr_slot|afu_main|port_afu_instances|ofs_plat_afu|core|dma|csr_mgr_inst|dst_last_q[52]~SCLR_dff	local_mem_wrapper|mem_ss_top|mem_ss_sv|mem_ss|mem_ss|emif_0|emif_0_core_usr_clk	local_mem_wrapper|mem_ss_top|mem_ss_sv|mem_ss|mem_ss|emif_0|emif_0_core_usr_clk	3.000	1.063	1	1	0	0
PATH	3	any_to_dst	setup	Fast vid2a 0C Model	1.880	afu_top|pg_afu.port_gasket|pr_slot|afu_main|port_afu_instances|ofs_plat_afu|join_afu_reset|joined_reset_n	afu_top|pg_afu.port_gasket|pr_slot|afu_main|port_afu_instances|ofs_plat_afu|core|dma|csr_mgr_inst|dst_last_q[48]~SCLR_dff	local_mem_wrapper|mem_ss_top|mem_ss_sv|mem_ss|mem_ss|emif_0|emif_0_core_usr_clk	local_mem_wrapper|mem_ss_top|mem_ss_sv|mem_ss|mem_ss|emif_0|emif_0_core_usr_clk	3.000	1.063	1	1	0	0
PATH	3	any_to_dst	setup	Fast vid2a 0C Model	1.880	afu_top|pg_afu.port_gasket|pr_slot|afu_main|port_afu_instances|ofs_plat_afu|join_afu_reset|joined_reset_n	afu_top|pg_afu.port_gasket|pr_slot|afu_main|port_afu_instances|ofs_plat_afu|core|dma|csr_mgr_inst|dst_last_q[46]~SCLR_dff	local_mem_wrapper|mem_ss_top|mem_ss_sv|mem_ss|mem_ss|emif_0|emif_0_core_usr_clk	local_mem_wrapper|mem_ss_top|mem_ss_sv|mem_ss|mem_ss|emif_0|emif_0_core_usr_clk	3.000	1.063	1	1	0	0
PATH	3	any_to_dst	setup	Fast vid2a 0C Model	1.880	afu_top|pg_afu.port_gasket|pr_slot|afu_main|port_afu_instances|ofs_plat_afu|join_afu_reset|joined_reset_n	afu_top|pg_afu.port_gasket|pr_slot|afu_main|port_afu_instances|ofs_plat_afu|core|dma|csr_mgr_inst|dst_last_q[44]~SCLR_dff	local_mem_wrapper|mem_ss_top|mem_ss_sv|mem_ss|mem_ss|emif_0|emif_0_core_usr_clk	local_mem_wrapper|mem_ss_top|mem_ss_sv|mem_ss|mem_ss|emif_0|emif_0_core_usr_clk	3.000	1.063	1	1	0	0
PATH	3	any_to_dst	setup	Fast vid2a 0C Model	1.883	afu_top|pg_afu.port_gasket|pr_slot|afu_main|port_afu_instances|ofs_plat_afu|join_afu_reset|joined_reset_n	afu_top|pg_afu.port_gasket|pr_slot|afu_main|port_afu_instances|ofs_plat_afu|core|dma|csr_mgr_inst|dst_last_q[41]~SCLR_dff	local_mem_wrapper|mem_ss_top|mem_ss_sv|mem_ss|mem_ss|emif_0|emif_0_core_usr_clk	local_mem_wrapper|mem_ss_top|mem_ss_sv|mem_ss|mem_ss|emif_0|emif_0_core_usr_clk	3.000	1.060	1	1	0	0
PATH	3	any_to_dst	setup	Fast vid2a 0C Model	1.884	afu_top|pg_afu.port_gasket|pr_slot|afu_main|port_afu_instances|ofs_plat_afu|join_afu_reset|joined_reset_n	afu_top|pg_afu.port_gasket|pr_slot|afu_main|port_afu_instances|ofs_plat_afu|core|dma|csr_mgr_inst|dst_last_q[39]~SCLR_dff	local_mem_wrapper|mem_ss_top|mem_ss_sv|mem_ss|mem_ss|emif_0|emif_0_core_usr_clk	local_mem_wrapper|mem_ss_top|mem_ss_sv|mem_ss|mem_ss|emif_0|emif_0_core_usr_clk	3.000	1.060	1	1	0	0
PATH	3	any_to_dst	setup	Fast vid2a 0C Model	1.884	afu_top|pg_afu.port_gasket|pr_slot|afu_main|port_afu_instances|ofs_plat_afu|join_afu_reset|joined_reset_n	afu_top|pg_afu.port_gasket|pr_slot|afu_main|port_afu_instances|ofs_plat_afu|core|dma|csr_mgr_inst|dst_last_q[38]~SCLR_dff	local_mem_wrapper|mem_ss_top|mem_ss_sv|mem_ss|mem_ss|emif_0|emif_0_core_usr_clk	local_mem_wrapper|mem_ss_top|mem_ss_sv|mem_ss|mem_ss|emif_0|emif_0_core_usr_clk	3.000	1.060	1	1	0	0
PATH	3	any_to_dst	setup	Fast vid2a 0C Model	1.884	afu_top|pg_afu.port_gasket|pr_slot|afu_main|port_afu_instances|ofs_plat_afu|join_afu_reset|joined_reset_n	afu_top|pg_afu.port_gasket|pr_slot|afu_main|port_afu_instances|ofs_plat_afu|core|dma|csr_mgr_inst|dst_last_q[35]~SCLR_dff	local_mem_wrapper|mem_ss_top|mem_ss_sv|mem_ss|mem_ss|emif_0|emif_0_core_usr_clk	local_mem_wrapper|mem_ss_top|mem_ss_sv|mem_ss|mem_ss|emif_0|emif_0_core_usr_clk	3.000	1.060	1	1	0	0
PATH	3	any_to_dst	setup	Fast vid2a 0C Model	1.884	afu_top|pg_afu.port_gasket|pr_slot|afu_main|port_afu_instances|ofs_plat_afu|join_afu_reset|joined_reset_n	afu_top|pg_afu.port_gasket|pr_slot|afu_main|port_afu_instances|ofs_plat_afu|core|dma|csr_mgr_inst|dst_last_q[34]~DUPLICATESCLR_dff	local_mem_wrapper|mem_ss_top|mem_ss_sv|mem_ss|mem_ss|emif_0|emif_0_core_usr_clk	local_mem_wrapper|mem_ss_top|mem_ss_sv|mem_ss|mem_ss|emif_0|emif_0_core_usr_clk	3.000	1.060	1	1	0	0
REPORT	3	any_to_dst	setup	4	1.879
ALIASCOUNT	3	old0	afu_top|pg_afu.port_gasket|pr_slot|afu_main|port_afu_instances|ofs_plat_afu|core|dma|csr_mgr_inst|dma_csr_map.descriptor.length[0]	0
GAP	3	old0	setup	OLD_NAME_UNRESOLVED
ALIASCOUNT	3	old0dup	afu_top|pg_afu.port_gasket|pr_slot|afu_main|port_afu_instances|ofs_plat_afu|core|dma|csr_mgr_inst|dma_csr_map.descriptor.length[0]~DUPLICATE	0
GAP	3	old0dup	setup	OLD_NAME_UNRESOLVED
ALIASCOUNT	3	old17	afu_top|pg_afu.port_gasket|pr_slot|afu_main|port_afu_instances|ofs_plat_afu|core|dma|csr_mgr_inst|dma_csr_map.descriptor.length[17]	0
GAP	3	old17	setup	OLD_NAME_UNRESOLVED
ALIASCOUNT	3	old19	afu_top|pg_afu.port_gasket|pr_slot|afu_main|port_afu_instances|ofs_plat_afu|core|dma|csr_mgr_inst|dma_csr_map.descriptor.length[19]	0
GAP	3	old19	setup	OLD_NAME_UNRESOLVED
ALIASCOUNT	3	old3dup	afu_top|pg_afu.port_gasket|pr_slot|afu_main|port_afu_instances|ofs_plat_afu|core|dma|csr_mgr_inst|dma_csr_map.descriptor.length[3]~DUPLICATE	0
GAP	3	old3dup	setup	OLD_NAME_UNRESOLVED
ALIASCOUNT	3	old5dup	afu_top|pg_afu.port_gasket|pr_slot|afu_main|port_afu_instances|ofs_plat_afu|core|dma|csr_mgr_inst|dma_csr_map.descriptor.length[5]~DUPLICATE	0
GAP	3	old5dup	setup	OLD_NAME_UNRESOLVED
PATHCOUNT	3	any_to_src	hold	13	1024
PATH	3	any_to_src	hold	Fast vid2a 0C Model	0.688	afu_top|pg_afu.port_gasket|pr_slot|afu_main|port_afu_instances|ofs_plat_afu|join_afu_reset|joined_reset_n	afu_top|pg_afu.port_gasket|pr_slot|afu_main|port_afu_instances|ofs_plat_afu|core|dma|csr_mgr_inst|src_last_q[56]~SCLR_dff	local_mem_wrapper|mem_ss_top|mem_ss_sv|mem_ss|mem_ss|emif_0|emif_0_core_usr_clk	local_mem_wrapper|mem_ss_top|mem_ss_sv|mem_ss|mem_ss|emif_0|emif_0_core_usr_clk	0.000	0.812	1	1	0	0
PATH	3	any_to_src	hold	Fast vid2a 0C Model	0.688	afu_top|pg_afu.port_gasket|pr_slot|afu_main|port_afu_instances|ofs_plat_afu|join_afu_reset|joined_reset_n	afu_top|pg_afu.port_gasket|pr_slot|afu_main|port_afu_instances|ofs_plat_afu|core|dma|csr_mgr_inst|src_last_q[54]~SCLR_dff	local_mem_wrapper|mem_ss_top|mem_ss_sv|mem_ss|mem_ss|emif_0|emif_0_core_usr_clk	local_mem_wrapper|mem_ss_top|mem_ss_sv|mem_ss|mem_ss|emif_0|emif_0_core_usr_clk	0.000	0.812	1	1	0	0
PATH	3	any_to_src	hold	Fast vid2a 0C Model	0.688	afu_top|pg_afu.port_gasket|pr_slot|afu_main|port_afu_instances|ofs_plat_afu|join_afu_reset|joined_reset_n	afu_top|pg_afu.port_gasket|pr_slot|afu_main|port_afu_instances|ofs_plat_afu|core|dma|csr_mgr_inst|src_last_q[52]~SCLR_dff	local_mem_wrapper|mem_ss_top|mem_ss_sv|mem_ss|mem_ss|emif_0|emif_0_core_usr_clk	local_mem_wrapper|mem_ss_top|mem_ss_sv|mem_ss|mem_ss|emif_0|emif_0_core_usr_clk	0.000	0.812	1	1	0	0
PATH	3	any_to_src	hold	Fast vid2a 0C Model	0.688	afu_top|pg_afu.port_gasket|pr_slot|afu_main|port_afu_instances|ofs_plat_afu|join_afu_reset|joined_reset_n	afu_top|pg_afu.port_gasket|pr_slot|afu_main|port_afu_instances|ofs_plat_afu|core|dma|csr_mgr_inst|src_last_q[50]~SCLR_dff	local_mem_wrapper|mem_ss_top|mem_ss_sv|mem_ss|mem_ss|emif_0|emif_0_core_usr_clk	local_mem_wrapper|mem_ss_top|mem_ss_sv|mem_ss|mem_ss|emif_0|emif_0_core_usr_clk	0.000	0.812	1	1	0	0
PATH	3	any_to_src	hold	Fast vid2a 0C Model	0.688	afu_top|pg_afu.port_gasket|pr_slot|afu_main|port_afu_instances|ofs_plat_afu|join_afu_reset|joined_reset_n	afu_top|pg_afu.port_gasket|pr_slot|afu_main|port_afu_instances|ofs_plat_afu|core|dma|csr_mgr_inst|src_last_q[48]~SCLR_dff	local_mem_wrapper|mem_ss_top|mem_ss_sv|mem_ss|mem_ss|emif_0|emif_0_core_usr_clk	local_mem_wrapper|mem_ss_top|mem_ss_sv|mem_ss|mem_ss|emif_0|emif_0_core_usr_clk	0.000	0.812	1	1	0	0
PATH	3	any_to_src	hold	Fast vid2a 0C Model	0.688	afu_top|pg_afu.port_gasket|pr_slot|afu_main|port_afu_instances|ofs_plat_afu|join_afu_reset|joined_reset_n	afu_top|pg_afu.port_gasket|pr_slot|afu_main|port_afu_instances|ofs_plat_afu|core|dma|csr_mgr_inst|src_last_q[46]~SCLR_dff	local_mem_wrapper|mem_ss_top|mem_ss_sv|mem_ss|mem_ss|emif_0|emif_0_core_usr_clk	local_mem_wrapper|mem_ss_top|mem_ss_sv|mem_ss|mem_ss|emif_0|emif_0_core_usr_clk	0.000	0.812	1	1	0	0
PATH	3	any_to_src	hold	Fast vid2a 0C Model	0.688	afu_top|pg_afu.port_gasket|pr_slot|afu_main|port_afu_instances|ofs_plat_afu|join_afu_reset|joined_reset_n	afu_top|pg_afu.port_gasket|pr_slot|afu_main|port_afu_instances|ofs_plat_afu|core|dma|csr_mgr_inst|src_last_q[44]~SCLR_dff	local_mem_wrapper|mem_ss_top|mem_ss_sv|mem_ss|mem_ss|emif_0|emif_0_core_usr_clk	local_mem_wrapper|mem_ss_top|mem_ss_sv|mem_ss|mem_ss|emif_0|emif_0_core_usr_clk	0.000	0.812	1	1	0	0
PATH	3	any_to_src	hold	Fast vid2a 0C Model	0.689	afu_top|pg_afu.port_gasket|pr_slot|afu_main|port_afu_instances|ofs_plat_afu|join_afu_reset|joined_reset_n	afu_top|pg_afu.port_gasket|pr_slot|afu_main|port_afu_instances|ofs_plat_afu|core|dma|csr_mgr_inst|src_last_q[57]~SCLR_dff	local_mem_wrapper|mem_ss_top|mem_ss_sv|mem_ss|mem_ss|emif_0|emif_0_core_usr_clk	local_mem_wrapper|mem_ss_top|mem_ss_sv|mem_ss|mem_ss|emif_0|emif_0_core_usr_clk	0.000	0.812	1	1	0	0
PATH	3	any_to_src	hold	Fast vid2a 0C Model	0.763	afu_top|pg_afu.port_gasket|pr_slot|afu_main|port_afu_instances|ofs_plat_afu|join_afu_reset|joined_reset_n	afu_top|pg_afu.port_gasket|pr_slot|afu_main|port_afu_instances|ofs_plat_afu|core|dma|csr_mgr_inst|src_last_q[36]~SCLR_dff	local_mem_wrapper|mem_ss_top|mem_ss_sv|mem_ss|mem_ss|emif_0|emif_0_core_usr_clk	local_mem_wrapper|mem_ss_top|mem_ss_sv|mem_ss|mem_ss|emif_0|emif_0_core_usr_clk	0.000	0.889	1	1	0	0
PATH	3	any_to_src	hold	Fast vid2a 0C Model	0.763	afu_top|pg_afu.port_gasket|pr_slot|afu_main|port_afu_instances|ofs_plat_afu|join_afu_reset|joined_reset_n	afu_top|pg_afu.port_gasket|pr_slot|afu_main|port_afu_instances|ofs_plat_afu|core|dma|csr_mgr_inst|src_last_q[34]~SCLR_dff	local_mem_wrapper|mem_ss_top|mem_ss_sv|mem_ss|mem_ss|emif_0|emif_0_core_usr_clk	local_mem_wrapper|mem_ss_top|mem_ss_sv|mem_ss|mem_ss|emif_0|emif_0_core_usr_clk	0.000	0.889	1	1	0	0
PATH	3	any_to_src	hold	Fast vid2a 0C Model	0.764	afu_top|pg_afu.port_gasket|pr_slot|afu_main|port_afu_instances|ofs_plat_afu|join_afu_reset|joined_reset_n	afu_top|pg_afu.port_gasket|pr_slot|afu_main|port_afu_instances|ofs_plat_afu|core|dma|csr_mgr_inst|src_last_q[42]~SCLR_dff	local_mem_wrapper|mem_ss_top|mem_ss_sv|mem_ss|mem_ss|emif_0|emif_0_core_usr_clk	local_mem_wrapper|mem_ss_top|mem_ss_sv|mem_ss|mem_ss|emif_0|emif_0_core_usr_clk	0.000	0.889	1	1	0	0
PATH	3	any_to_src	hold	Fast vid2a 0C Model	0.764	afu_top|pg_afu.port_gasket|pr_slot|afu_main|port_afu_instances|ofs_plat_afu|join_afu_reset|joined_reset_n	afu_top|pg_afu.port_gasket|pr_slot|afu_main|port_afu_instances|ofs_plat_afu|core|dma|csr_mgr_inst|src_last_q[40]~SCLR_dff	local_mem_wrapper|mem_ss_top|mem_ss_sv|mem_ss|mem_ss|emif_0|emif_0_core_usr_clk	local_mem_wrapper|mem_ss_top|mem_ss_sv|mem_ss|mem_ss|emif_0|emif_0_core_usr_clk	0.000	0.889	1	1	0	0
PATH	3	any_to_src	hold	Fast vid2a 0C Model	0.764	afu_top|pg_afu.port_gasket|pr_slot|afu_main|port_afu_instances|ofs_plat_afu|join_afu_reset|joined_reset_n	afu_top|pg_afu.port_gasket|pr_slot|afu_main|port_afu_instances|ofs_plat_afu|core|dma|csr_mgr_inst|src_last_q[37]~SCLR_dff	local_mem_wrapper|mem_ss_top|mem_ss_sv|mem_ss|mem_ss|emif_0|emif_0_core_usr_clk	local_mem_wrapper|mem_ss_top|mem_ss_sv|mem_ss|mem_ss|emif_0|emif_0_core_usr_clk	0.000	0.889	1	1	0	0
REPORT	3	any_to_src	hold	4	0.688
PATHCOUNT	3	any_to_dst	hold	13	1024
PATH	3	any_to_dst	hold	Fast vid2a 0C Model	0.686	afu_top|pg_afu.port_gasket|pr_slot|afu_main|port_afu_instances|ofs_plat_afu|join_afu_reset|joined_reset_n	afu_top|pg_afu.port_gasket|pr_slot|afu_main|port_afu_instances|ofs_plat_afu|core|dma|csr_mgr_inst|dst_last_q[39]~SCLR_dff	local_mem_wrapper|mem_ss_top|mem_ss_sv|mem_ss|mem_ss|emif_0|emif_0_core_usr_clk	local_mem_wrapper|mem_ss_top|mem_ss_sv|mem_ss|mem_ss|emif_0|emif_0_core_usr_clk	0.000	0.803	1	1	0	0
PATH	3	any_to_dst	hold	Fast vid2a 0C Model	0.686	afu_top|pg_afu.port_gasket|pr_slot|afu_main|port_afu_instances|ofs_plat_afu|join_afu_reset|joined_reset_n	afu_top|pg_afu.port_gasket|pr_slot|afu_main|port_afu_instances|ofs_plat_afu|core|dma|csr_mgr_inst|dst_last_q[38]~SCLR_dff	local_mem_wrapper|mem_ss_top|mem_ss_sv|mem_ss|mem_ss|emif_0|emif_0_core_usr_clk	local_mem_wrapper|mem_ss_top|mem_ss_sv|mem_ss|mem_ss|emif_0|emif_0_core_usr_clk	0.000	0.803	1	1	0	0
PATH	3	any_to_dst	hold	Fast vid2a 0C Model	0.686	afu_top|pg_afu.port_gasket|pr_slot|afu_main|port_afu_instances|ofs_plat_afu|join_afu_reset|joined_reset_n	afu_top|pg_afu.port_gasket|pr_slot|afu_main|port_afu_instances|ofs_plat_afu|core|dma|csr_mgr_inst|dst_last_q[35]~SCLR_dff	local_mem_wrapper|mem_ss_top|mem_ss_sv|mem_ss|mem_ss|emif_0|emif_0_core_usr_clk	local_mem_wrapper|mem_ss_top|mem_ss_sv|mem_ss|mem_ss|emif_0|emif_0_core_usr_clk	0.000	0.803	1	1	0	0
PATH	3	any_to_dst	hold	Fast vid2a 0C Model	0.686	afu_top|pg_afu.port_gasket|pr_slot|afu_main|port_afu_instances|ofs_plat_afu|join_afu_reset|joined_reset_n	afu_top|pg_afu.port_gasket|pr_slot|afu_main|port_afu_instances|ofs_plat_afu|core|dma|csr_mgr_inst|dst_last_q[34]~DUPLICATESCLR_dff	local_mem_wrapper|mem_ss_top|mem_ss_sv|mem_ss|mem_ss|emif_0|emif_0_core_usr_clk	local_mem_wrapper|mem_ss_top|mem_ss_sv|mem_ss|mem_ss|emif_0|emif_0_core_usr_clk	0.000	0.803	1	1	0	0
PATH	3	any_to_dst	hold	Fast vid2a 0C Model	0.687	afu_top|pg_afu.port_gasket|pr_slot|afu_main|port_afu_instances|ofs_plat_afu|join_afu_reset|joined_reset_n	afu_top|pg_afu.port_gasket|pr_slot|afu_main|port_afu_instances|ofs_plat_afu|core|dma|csr_mgr_inst|dst_last_q[41]~SCLR_dff	local_mem_wrapper|mem_ss_top|mem_ss_sv|mem_ss|mem_ss|emif_0|emif_0_core_usr_clk	local_mem_wrapper|mem_ss_top|mem_ss_sv|mem_ss|mem_ss|emif_0|emif_0_core_usr_clk	0.000	0.803	1	1	0	0
PATH	3	any_to_dst	hold	Fast vid2a 0C Model	0.694	afu_top|pg_afu.port_gasket|pr_slot|afu_main|port_afu_instances|ofs_plat_afu|join_afu_reset|joined_reset_n	afu_top|pg_afu.port_gasket|pr_slot|afu_main|port_afu_instances|ofs_plat_afu|core|dma|csr_mgr_inst|dst_last_q[52]~SCLR_dff	local_mem_wrapper|mem_ss_top|mem_ss_sv|mem_ss|mem_ss|emif_0|emif_0_core_usr_clk	local_mem_wrapper|mem_ss_top|mem_ss_sv|mem_ss|mem_ss|emif_0|emif_0_core_usr_clk	0.000	0.809	1	1	0	0
PATH	3	any_to_dst	hold	Fast vid2a 0C Model	0.694	afu_top|pg_afu.port_gasket|pr_slot|afu_main|port_afu_instances|ofs_plat_afu|join_afu_reset|joined_reset_n	afu_top|pg_afu.port_gasket|pr_slot|afu_main|port_afu_instances|ofs_plat_afu|core|dma|csr_mgr_inst|dst_last_q[50]~SCLR_dff	local_mem_wrapper|mem_ss_top|mem_ss_sv|mem_ss|mem_ss|emif_0|emif_0_core_usr_clk	local_mem_wrapper|mem_ss_top|mem_ss_sv|mem_ss|mem_ss|emif_0|emif_0_core_usr_clk	0.000	0.809	1	1	0	0
PATH	3	any_to_dst	hold	Fast vid2a 0C Model	0.694	afu_top|pg_afu.port_gasket|pr_slot|afu_main|port_afu_instances|ofs_plat_afu|join_afu_reset|joined_reset_n	afu_top|pg_afu.port_gasket|pr_slot|afu_main|port_afu_instances|ofs_plat_afu|core|dma|csr_mgr_inst|dst_last_q[48]~SCLR_dff	local_mem_wrapper|mem_ss_top|mem_ss_sv|mem_ss|mem_ss|emif_0|emif_0_core_usr_clk	local_mem_wrapper|mem_ss_top|mem_ss_sv|mem_ss|mem_ss|emif_0|emif_0_core_usr_clk	0.000	0.809	1	1	0	0
PATH	3	any_to_dst	hold	Fast vid2a 0C Model	0.694	afu_top|pg_afu.port_gasket|pr_slot|afu_main|port_afu_instances|ofs_plat_afu|join_afu_reset|joined_reset_n	afu_top|pg_afu.port_gasket|pr_slot|afu_main|port_afu_instances|ofs_plat_afu|core|dma|csr_mgr_inst|dst_last_q[46]~SCLR_dff	local_mem_wrapper|mem_ss_top|mem_ss_sv|mem_ss|mem_ss|emif_0|emif_0_core_usr_clk	local_mem_wrapper|mem_ss_top|mem_ss_sv|mem_ss|mem_ss|emif_0|emif_0_core_usr_clk	0.000	0.809	1	1	0	0
PATH	3	any_to_dst	hold	Fast vid2a 0C Model	0.694	afu_top|pg_afu.port_gasket|pr_slot|afu_main|port_afu_instances|ofs_plat_afu|join_afu_reset|joined_reset_n	afu_top|pg_afu.port_gasket|pr_slot|afu_main|port_afu_instances|ofs_plat_afu|core|dma|csr_mgr_inst|dst_last_q[44]~SCLR_dff	local_mem_wrapper|mem_ss_top|mem_ss_sv|mem_ss|mem_ss|emif_0|emif_0_core_usr_clk	local_mem_wrapper|mem_ss_top|mem_ss_sv|mem_ss|mem_ss|emif_0|emif_0_core_usr_clk	0.000	0.809	1	1	0	0
PATH	3	any_to_dst	hold	Fast vid2a 0C Model	0.695	afu_top|pg_afu.port_gasket|pr_slot|afu_main|port_afu_instances|ofs_plat_afu|join_afu_reset|joined_reset_n	afu_top|pg_afu.port_gasket|pr_slot|afu_main|port_afu_instances|ofs_plat_afu|core|dma|csr_mgr_inst|dst_last_q[57]~SCLR_dff	local_mem_wrapper|mem_ss_top|mem_ss_sv|mem_ss|mem_ss|emif_0|emif_0_core_usr_clk	local_mem_wrapper|mem_ss_top|mem_ss_sv|mem_ss|mem_ss|emif_0|emif_0_core_usr_clk	0.000	0.809	1	1	0	0
PATH	3	any_to_dst	hold	Fast vid2a 0C Model	0.695	afu_top|pg_afu.port_gasket|pr_slot|afu_main|port_afu_instances|ofs_plat_afu|join_afu_reset|joined_reset_n	afu_top|pg_afu.port_gasket|pr_slot|afu_main|port_afu_instances|ofs_plat_afu|core|dma|csr_mgr_inst|dst_last_q[55]~SCLR_dff	local_mem_wrapper|mem_ss_top|mem_ss_sv|mem_ss|mem_ss|emif_0|emif_0_core_usr_clk	local_mem_wrapper|mem_ss_top|mem_ss_sv|mem_ss|mem_ss|emif_0|emif_0_core_usr_clk	0.000	0.809	1	1	0	0
PATH	3	any_to_dst	hold	Fast vid2a 0C Model	0.695	afu_top|pg_afu.port_gasket|pr_slot|afu_main|port_afu_instances|ofs_plat_afu|join_afu_reset|joined_reset_n	afu_top|pg_afu.port_gasket|pr_slot|afu_main|port_afu_instances|ofs_plat_afu|core|dma|csr_mgr_inst|dst_last_q[53]~SCLR_dff	local_mem_wrapper|mem_ss_top|mem_ss_sv|mem_ss|mem_ss|emif_0|emif_0_core_usr_clk	local_mem_wrapper|mem_ss_top|mem_ss_sv|mem_ss|mem_ss|emif_0|emif_0_core_usr_clk	0.000	0.809	1	1	0	0
REPORT	3	any_to_dst	hold	4	0.686
ALIASCOUNT	3	old0	afu_top|pg_afu.port_gasket|pr_slot|afu_main|port_afu_instances|ofs_plat_afu|core|dma|csr_mgr_inst|dma_csr_map.descriptor.length[0]	0
GAP	3	old0	hold	OLD_NAME_UNRESOLVED
ALIASCOUNT	3	old0dup	afu_top|pg_afu.port_gasket|pr_slot|afu_main|port_afu_instances|ofs_plat_afu|core|dma|csr_mgr_inst|dma_csr_map.descriptor.length[0]~DUPLICATE	0
GAP	3	old0dup	hold	OLD_NAME_UNRESOLVED
ALIASCOUNT	3	old17	afu_top|pg_afu.port_gasket|pr_slot|afu_main|port_afu_instances|ofs_plat_afu|core|dma|csr_mgr_inst|dma_csr_map.descriptor.length[17]	0
GAP	3	old17	hold	OLD_NAME_UNRESOLVED
ALIASCOUNT	3	old19	afu_top|pg_afu.port_gasket|pr_slot|afu_main|port_afu_instances|ofs_plat_afu|core|dma|csr_mgr_inst|dma_csr_map.descriptor.length[19]	0
GAP	3	old19	hold	OLD_NAME_UNRESOLVED
ALIASCOUNT	3	old3dup	afu_top|pg_afu.port_gasket|pr_slot|afu_main|port_afu_instances|ofs_plat_afu|core|dma|csr_mgr_inst|dma_csr_map.descriptor.length[3]~DUPLICATE	0
GAP	3	old3dup	hold	OLD_NAME_UNRESOLVED
ALIASCOUNT	3	old5dup	afu_top|pg_afu.port_gasket|pr_slot|afu_main|port_afu_instances|ofs_plat_afu|core|dma|csr_mgr_inst|dma_csr_map.descriptor.length[5]~DUPLICATE	0
GAP	3	old5dup	hold	OLD_NAME_UNRESOLVED
PATHCOUNT	4	any_to_src	setup	13	1024
PATH	4	any_to_src	setup	Fast vid2a 100C Model	1.654	afu_top|pg_afu.port_gasket|pr_slot|afu_main|port_afu_instances|ofs_plat_afu|join_afu_reset|joined_reset_n	afu_top|pg_afu.port_gasket|pr_slot|afu_main|port_afu_instances|ofs_plat_afu|core|dma|csr_mgr_inst|src_last_q[40]~SCLR_dff	local_mem_wrapper|mem_ss_top|mem_ss_sv|mem_ss|mem_ss|emif_0|emif_0_core_usr_clk	local_mem_wrapper|mem_ss_top|mem_ss_sv|mem_ss|mem_ss|emif_0|emif_0_core_usr_clk	3.000	1.286	1	1	0	0
PATH	4	any_to_src	setup	Fast vid2a 100C Model	1.654	afu_top|pg_afu.port_gasket|pr_slot|afu_main|port_afu_instances|ofs_plat_afu|join_afu_reset|joined_reset_n	afu_top|pg_afu.port_gasket|pr_slot|afu_main|port_afu_instances|ofs_plat_afu|core|dma|csr_mgr_inst|src_last_q[42]~SCLR_dff	local_mem_wrapper|mem_ss_top|mem_ss_sv|mem_ss|mem_ss|emif_0|emif_0_core_usr_clk	local_mem_wrapper|mem_ss_top|mem_ss_sv|mem_ss|mem_ss|emif_0|emif_0_core_usr_clk	3.000	1.286	1	1	0	0
PATH	4	any_to_src	setup	Fast vid2a 100C Model	1.655	afu_top|pg_afu.port_gasket|pr_slot|afu_main|port_afu_instances|ofs_plat_afu|join_afu_reset|joined_reset_n	afu_top|pg_afu.port_gasket|pr_slot|afu_main|port_afu_instances|ofs_plat_afu|core|dma|csr_mgr_inst|src_last_q[37]~SCLR_dff	local_mem_wrapper|mem_ss_top|mem_ss_sv|mem_ss|mem_ss|emif_0|emif_0_core_usr_clk	local_mem_wrapper|mem_ss_top|mem_ss_sv|mem_ss|mem_ss|emif_0|emif_0_core_usr_clk	3.000	1.286	1	1	0	0
PATH	4	any_to_src	setup	Fast vid2a 100C Model	1.655	afu_top|pg_afu.port_gasket|pr_slot|afu_main|port_afu_instances|ofs_plat_afu|join_afu_reset|joined_reset_n	afu_top|pg_afu.port_gasket|pr_slot|afu_main|port_afu_instances|ofs_plat_afu|core|dma|csr_mgr_inst|src_last_q[36]~SCLR_dff	local_mem_wrapper|mem_ss_top|mem_ss_sv|mem_ss|mem_ss|emif_0|emif_0_core_usr_clk	local_mem_wrapper|mem_ss_top|mem_ss_sv|mem_ss|mem_ss|emif_0|emif_0_core_usr_clk	3.000	1.286	1	1	0	0
PATH	4	any_to_src	setup	Fast vid2a 100C Model	1.655	afu_top|pg_afu.port_gasket|pr_slot|afu_main|port_afu_instances|ofs_plat_afu|join_afu_reset|joined_reset_n	afu_top|pg_afu.port_gasket|pr_slot|afu_main|port_afu_instances|ofs_plat_afu|core|dma|csr_mgr_inst|src_last_q[34]~SCLR_dff	local_mem_wrapper|mem_ss_top|mem_ss_sv|mem_ss|mem_ss|emif_0|emif_0_core_usr_clk	local_mem_wrapper|mem_ss_top|mem_ss_sv|mem_ss|mem_ss|emif_0|emif_0_core_usr_clk	3.000	1.286	1	1	0	0
PATH	4	any_to_src	setup	Fast vid2a 100C Model	1.758	afu_top|pg_afu.port_gasket|pr_slot|afu_main|port_afu_instances|ofs_plat_afu|join_afu_reset|joined_reset_n	afu_top|pg_afu.port_gasket|pr_slot|afu_main|port_afu_instances|ofs_plat_afu|core|dma|csr_mgr_inst|src_last_q[52]~SCLR_dff	local_mem_wrapper|mem_ss_top|mem_ss_sv|mem_ss|mem_ss|emif_0|emif_0_core_usr_clk	local_mem_wrapper|mem_ss_top|mem_ss_sv|mem_ss|mem_ss|emif_0|emif_0_core_usr_clk	3.000	1.180	1	1	0	0
PATH	4	any_to_src	setup	Fast vid2a 100C Model	1.758	afu_top|pg_afu.port_gasket|pr_slot|afu_main|port_afu_instances|ofs_plat_afu|join_afu_reset|joined_reset_n	afu_top|pg_afu.port_gasket|pr_slot|afu_main|port_afu_instances|ofs_plat_afu|core|dma|csr_mgr_inst|src_last_q[57]~SCLR_dff	local_mem_wrapper|mem_ss_top|mem_ss_sv|mem_ss|mem_ss|emif_0|emif_0_core_usr_clk	local_mem_wrapper|mem_ss_top|mem_ss_sv|mem_ss|mem_ss|emif_0|emif_0_core_usr_clk	3.000	1.180	1	1	0	0
PATH	4	any_to_src	setup	Fast vid2a 100C Model	1.758	afu_top|pg_afu.port_gasket|pr_slot|afu_main|port_afu_instances|ofs_plat_afu|join_afu_reset|joined_reset_n	afu_top|pg_afu.port_gasket|pr_slot|afu_main|port_afu_instances|ofs_plat_afu|core|dma|csr_mgr_inst|src_last_q[56]~SCLR_dff	local_mem_wrapper|mem_ss_top|mem_ss_sv|mem_ss|mem_ss|emif_0|emif_0_core_usr_clk	local_mem_wrapper|mem_ss_top|mem_ss_sv|mem_ss|mem_ss|emif_0|emif_0_core_usr_clk	3.000	1.180	1	1	0	0
PATH	4	any_to_src	setup	Fast vid2a 100C Model	1.758	afu_top|pg_afu.port_gasket|pr_slot|afu_main|port_afu_instances|ofs_plat_afu|join_afu_reset|joined_reset_n	afu_top|pg_afu.port_gasket|pr_slot|afu_main|port_afu_instances|ofs_plat_afu|core|dma|csr_mgr_inst|src_last_q[54]~SCLR_dff	local_mem_wrapper|mem_ss_top|mem_ss_sv|mem_ss|mem_ss|emif_0|emif_0_core_usr_clk	local_mem_wrapper|mem_ss_top|mem_ss_sv|mem_ss|mem_ss|emif_0|emif_0_core_usr_clk	3.000	1.180	1	1	0	0
PATH	4	any_to_src	setup	Fast vid2a 100C Model	1.759	afu_top|pg_afu.port_gasket|pr_slot|afu_main|port_afu_instances|ofs_plat_afu|join_afu_reset|joined_reset_n	afu_top|pg_afu.port_gasket|pr_slot|afu_main|port_afu_instances|ofs_plat_afu|core|dma|csr_mgr_inst|src_last_q[50]~SCLR_dff	local_mem_wrapper|mem_ss_top|mem_ss_sv|mem_ss|mem_ss|emif_0|emif_0_core_usr_clk	local_mem_wrapper|mem_ss_top|mem_ss_sv|mem_ss|mem_ss|emif_0|emif_0_core_usr_clk	3.000	1.180	1	1	0	0
PATH	4	any_to_src	setup	Fast vid2a 100C Model	1.759	afu_top|pg_afu.port_gasket|pr_slot|afu_main|port_afu_instances|ofs_plat_afu|join_afu_reset|joined_reset_n	afu_top|pg_afu.port_gasket|pr_slot|afu_main|port_afu_instances|ofs_plat_afu|core|dma|csr_mgr_inst|src_last_q[48]~SCLR_dff	local_mem_wrapper|mem_ss_top|mem_ss_sv|mem_ss|mem_ss|emif_0|emif_0_core_usr_clk	local_mem_wrapper|mem_ss_top|mem_ss_sv|mem_ss|mem_ss|emif_0|emif_0_core_usr_clk	3.000	1.180	1	1	0	0
PATH	4	any_to_src	setup	Fast vid2a 100C Model	1.759	afu_top|pg_afu.port_gasket|pr_slot|afu_main|port_afu_instances|ofs_plat_afu|join_afu_reset|joined_reset_n	afu_top|pg_afu.port_gasket|pr_slot|afu_main|port_afu_instances|ofs_plat_afu|core|dma|csr_mgr_inst|src_last_q[46]~SCLR_dff	local_mem_wrapper|mem_ss_top|mem_ss_sv|mem_ss|mem_ss|emif_0|emif_0_core_usr_clk	local_mem_wrapper|mem_ss_top|mem_ss_sv|mem_ss|mem_ss|emif_0|emif_0_core_usr_clk	3.000	1.180	1	1	0	0
PATH	4	any_to_src	setup	Fast vid2a 100C Model	1.759	afu_top|pg_afu.port_gasket|pr_slot|afu_main|port_afu_instances|ofs_plat_afu|join_afu_reset|joined_reset_n	afu_top|pg_afu.port_gasket|pr_slot|afu_main|port_afu_instances|ofs_plat_afu|core|dma|csr_mgr_inst|src_last_q[44]~SCLR_dff	local_mem_wrapper|mem_ss_top|mem_ss_sv|mem_ss|mem_ss|emif_0|emif_0_core_usr_clk	local_mem_wrapper|mem_ss_top|mem_ss_sv|mem_ss|mem_ss|emif_0|emif_0_core_usr_clk	3.000	1.180	1	1	0	0
REPORT	4	any_to_src	setup	4	1.654
PATHCOUNT	4	any_to_dst	setup	13	1024
PATH	4	any_to_dst	setup	Fast vid2a 100C Model	1.778	afu_top|pg_afu.port_gasket|pr_slot|afu_main|port_afu_instances|ofs_plat_afu|join_afu_reset|joined_reset_n	afu_top|pg_afu.port_gasket|pr_slot|afu_main|port_afu_instances|ofs_plat_afu|core|dma|csr_mgr_inst|dst_last_q[57]~SCLR_dff	local_mem_wrapper|mem_ss_top|mem_ss_sv|mem_ss|mem_ss|emif_0|emif_0_core_usr_clk	local_mem_wrapper|mem_ss_top|mem_ss_sv|mem_ss|mem_ss|emif_0|emif_0_core_usr_clk	3.000	1.147	1	1	0	0
PATH	4	any_to_dst	setup	Fast vid2a 100C Model	1.778	afu_top|pg_afu.port_gasket|pr_slot|afu_main|port_afu_instances|ofs_plat_afu|join_afu_reset|joined_reset_n	afu_top|pg_afu.port_gasket|pr_slot|afu_main|port_afu_instances|ofs_plat_afu|core|dma|csr_mgr_inst|dst_last_q[55]~SCLR_dff	local_mem_wrapper|mem_ss_top|mem_ss_sv|mem_ss|mem_ss|emif_0|emif_0_core_usr_clk	local_mem_wrapper|mem_ss_top|mem_ss_sv|mem_ss|mem_ss|emif_0|emif_0_core_usr_clk	3.000	1.147	1	1	0	0
PATH	4	any_to_dst	setup	Fast vid2a 100C Model	1.779	afu_top|pg_afu.port_gasket|pr_slot|afu_main|port_afu_instances|ofs_plat_afu|join_afu_reset|joined_reset_n	afu_top|pg_afu.port_gasket|pr_slot|afu_main|port_afu_instances|ofs_plat_afu|core|dma|csr_mgr_inst|dst_last_q[53]~SCLR_dff	local_mem_wrapper|mem_ss_top|mem_ss_sv|mem_ss|mem_ss|emif_0|emif_0_core_usr_clk	local_mem_wrapper|mem_ss_top|mem_ss_sv|mem_ss|mem_ss|emif_0|emif_0_core_usr_clk	3.000	1.147	1	1	0	0
PATH	4	any_to_dst	setup	Fast vid2a 100C Model	1.779	afu_top|pg_afu.port_gasket|pr_slot|afu_main|port_afu_instances|ofs_plat_afu|join_afu_reset|joined_reset_n	afu_top|pg_afu.port_gasket|pr_slot|afu_main|port_afu_instances|ofs_plat_afu|core|dma|csr_mgr_inst|dst_last_q[52]~SCLR_dff	local_mem_wrapper|mem_ss_top|mem_ss_sv|mem_ss|mem_ss|emif_0|emif_0_core_usr_clk	local_mem_wrapper|mem_ss_top|mem_ss_sv|mem_ss|mem_ss|emif_0|emif_0_core_usr_clk	3.000	1.147	1	1	0	0
PATH	4	any_to_dst	setup	Fast vid2a 100C Model	1.779	afu_top|pg_afu.port_gasket|pr_slot|afu_main|port_afu_instances|ofs_plat_afu|join_afu_reset|joined_reset_n	afu_top|pg_afu.port_gasket|pr_slot|afu_main|port_afu_instances|ofs_plat_afu|core|dma|csr_mgr_inst|dst_last_q[50]~SCLR_dff	local_mem_wrapper|mem_ss_top|mem_ss_sv|mem_ss|mem_ss|emif_0|emif_0_core_usr_clk	local_mem_wrapper|mem_ss_top|mem_ss_sv|mem_ss|mem_ss|emif_0|emif_0_core_usr_clk	3.000	1.147	1	1	0	0
PATH	4	any_to_dst	setup	Fast vid2a 100C Model	1.779	afu_top|pg_afu.port_gasket|pr_slot|afu_main|port_afu_instances|ofs_plat_afu|join_afu_reset|joined_reset_n	afu_top|pg_afu.port_gasket|pr_slot|afu_main|port_afu_instances|ofs_plat_afu|core|dma|csr_mgr_inst|dst_last_q[48]~SCLR_dff	local_mem_wrapper|mem_ss_top|mem_ss_sv|mem_ss|mem_ss|emif_0|emif_0_core_usr_clk	local_mem_wrapper|mem_ss_top|mem_ss_sv|mem_ss|mem_ss|emif_0|emif_0_core_usr_clk	3.000	1.147	1	1	0	0
PATH	4	any_to_dst	setup	Fast vid2a 100C Model	1.779	afu_top|pg_afu.port_gasket|pr_slot|afu_main|port_afu_instances|ofs_plat_afu|join_afu_reset|joined_reset_n	afu_top|pg_afu.port_gasket|pr_slot|afu_main|port_afu_instances|ofs_plat_afu|core|dma|csr_mgr_inst|dst_last_q[46]~SCLR_dff	local_mem_wrapper|mem_ss_top|mem_ss_sv|mem_ss|mem_ss|emif_0|emif_0_core_usr_clk	local_mem_wrapper|mem_ss_top|mem_ss_sv|mem_ss|mem_ss|emif_0|emif_0_core_usr_clk	3.000	1.147	1	1	0	0
PATH	4	any_to_dst	setup	Fast vid2a 100C Model	1.779	afu_top|pg_afu.port_gasket|pr_slot|afu_main|port_afu_instances|ofs_plat_afu|join_afu_reset|joined_reset_n	afu_top|pg_afu.port_gasket|pr_slot|afu_main|port_afu_instances|ofs_plat_afu|core|dma|csr_mgr_inst|dst_last_q[44]~SCLR_dff	local_mem_wrapper|mem_ss_top|mem_ss_sv|mem_ss|mem_ss|emif_0|emif_0_core_usr_clk	local_mem_wrapper|mem_ss_top|mem_ss_sv|mem_ss|mem_ss|emif_0|emif_0_core_usr_clk	3.000	1.147	1	1	0	0
PATH	4	any_to_dst	setup	Fast vid2a 100C Model	1.780	afu_top|pg_afu.port_gasket|pr_slot|afu_main|port_afu_instances|ofs_plat_afu|join_afu_reset|joined_reset_n	afu_top|pg_afu.port_gasket|pr_slot|afu_main|port_afu_instances|ofs_plat_afu|core|dma|csr_mgr_inst|dst_last_q[41]~SCLR_dff	local_mem_wrapper|mem_ss_top|mem_ss_sv|mem_ss|mem_ss|emif_0|emif_0_core_usr_clk	local_mem_wrapper|mem_ss_top|mem_ss_sv|mem_ss|mem_ss|emif_0|emif_0_core_usr_clk	3.000	1.147	1	1	0	0
PATH	4	any_to_dst	setup	Fast vid2a 100C Model	1.781	afu_top|pg_afu.port_gasket|pr_slot|afu_main|port_afu_instances|ofs_plat_afu|join_afu_reset|joined_reset_n	afu_top|pg_afu.port_gasket|pr_slot|afu_main|port_afu_instances|ofs_plat_afu|core|dma|csr_mgr_inst|dst_last_q[39]~SCLR_dff	local_mem_wrapper|mem_ss_top|mem_ss_sv|mem_ss|mem_ss|emif_0|emif_0_core_usr_clk	local_mem_wrapper|mem_ss_top|mem_ss_sv|mem_ss|mem_ss|emif_0|emif_0_core_usr_clk	3.000	1.147	1	1	0	0
PATH	4	any_to_dst	setup	Fast vid2a 100C Model	1.781	afu_top|pg_afu.port_gasket|pr_slot|afu_main|port_afu_instances|ofs_plat_afu|join_afu_reset|joined_reset_n	afu_top|pg_afu.port_gasket|pr_slot|afu_main|port_afu_instances|ofs_plat_afu|core|dma|csr_mgr_inst|dst_last_q[38]~SCLR_dff	local_mem_wrapper|mem_ss_top|mem_ss_sv|mem_ss|mem_ss|emif_0|emif_0_core_usr_clk	local_mem_wrapper|mem_ss_top|mem_ss_sv|mem_ss|mem_ss|emif_0|emif_0_core_usr_clk	3.000	1.147	1	1	0	0
PATH	4	any_to_dst	setup	Fast vid2a 100C Model	1.781	afu_top|pg_afu.port_gasket|pr_slot|afu_main|port_afu_instances|ofs_plat_afu|join_afu_reset|joined_reset_n	afu_top|pg_afu.port_gasket|pr_slot|afu_main|port_afu_instances|ofs_plat_afu|core|dma|csr_mgr_inst|dst_last_q[35]~SCLR_dff	local_mem_wrapper|mem_ss_top|mem_ss_sv|mem_ss|mem_ss|emif_0|emif_0_core_usr_clk	local_mem_wrapper|mem_ss_top|mem_ss_sv|mem_ss|mem_ss|emif_0|emif_0_core_usr_clk	3.000	1.147	1	1	0	0
PATH	4	any_to_dst	setup	Fast vid2a 100C Model	1.782	afu_top|pg_afu.port_gasket|pr_slot|afu_main|port_afu_instances|ofs_plat_afu|join_afu_reset|joined_reset_n	afu_top|pg_afu.port_gasket|pr_slot|afu_main|port_afu_instances|ofs_plat_afu|core|dma|csr_mgr_inst|dst_last_q[34]~DUPLICATESCLR_dff	local_mem_wrapper|mem_ss_top|mem_ss_sv|mem_ss|mem_ss|emif_0|emif_0_core_usr_clk	local_mem_wrapper|mem_ss_top|mem_ss_sv|mem_ss|mem_ss|emif_0|emif_0_core_usr_clk	3.000	1.147	1	1	0	0
REPORT	4	any_to_dst	setup	4	1.778
ALIASCOUNT	4	old0	afu_top|pg_afu.port_gasket|pr_slot|afu_main|port_afu_instances|ofs_plat_afu|core|dma|csr_mgr_inst|dma_csr_map.descriptor.length[0]	0
GAP	4	old0	setup	OLD_NAME_UNRESOLVED
ALIASCOUNT	4	old0dup	afu_top|pg_afu.port_gasket|pr_slot|afu_main|port_afu_instances|ofs_plat_afu|core|dma|csr_mgr_inst|dma_csr_map.descriptor.length[0]~DUPLICATE	0
GAP	4	old0dup	setup	OLD_NAME_UNRESOLVED
ALIASCOUNT	4	old17	afu_top|pg_afu.port_gasket|pr_slot|afu_main|port_afu_instances|ofs_plat_afu|core|dma|csr_mgr_inst|dma_csr_map.descriptor.length[17]	0
GAP	4	old17	setup	OLD_NAME_UNRESOLVED
ALIASCOUNT	4	old19	afu_top|pg_afu.port_gasket|pr_slot|afu_main|port_afu_instances|ofs_plat_afu|core|dma|csr_mgr_inst|dma_csr_map.descriptor.length[19]	0
GAP	4	old19	setup	OLD_NAME_UNRESOLVED
ALIASCOUNT	4	old3dup	afu_top|pg_afu.port_gasket|pr_slot|afu_main|port_afu_instances|ofs_plat_afu|core|dma|csr_mgr_inst|dma_csr_map.descriptor.length[3]~DUPLICATE	0
GAP	4	old3dup	setup	OLD_NAME_UNRESOLVED
ALIASCOUNT	4	old5dup	afu_top|pg_afu.port_gasket|pr_slot|afu_main|port_afu_instances|ofs_plat_afu|core|dma|csr_mgr_inst|dma_csr_map.descriptor.length[5]~DUPLICATE	0
GAP	4	old5dup	setup	OLD_NAME_UNRESOLVED
PATHCOUNT	4	any_to_src	hold	13	1024
PATH	4	any_to_src	hold	Fast vid2a 100C Model	0.747	afu_top|pg_afu.port_gasket|pr_slot|afu_main|port_afu_instances|ofs_plat_afu|join_afu_reset|joined_reset_n	afu_top|pg_afu.port_gasket|pr_slot|afu_main|port_afu_instances|ofs_plat_afu|core|dma|csr_mgr_inst|src_last_q[44]~SCLR_dff	local_mem_wrapper|mem_ss_top|mem_ss_sv|mem_ss|mem_ss|emif_0|emif_0_core_usr_clk	local_mem_wrapper|mem_ss_top|mem_ss_sv|mem_ss|mem_ss|emif_0|emif_0_core_usr_clk	0.000	0.865	1	1	0	0
PATH	4	any_to_src	hold	Fast vid2a 100C Model	0.747	afu_top|pg_afu.port_gasket|pr_slot|afu_main|port_afu_instances|ofs_plat_afu|join_afu_reset|joined_reset_n	afu_top|pg_afu.port_gasket|pr_slot|afu_main|port_afu_instances|ofs_plat_afu|core|dma|csr_mgr_inst|src_last_q[54]~SCLR_dff	local_mem_wrapper|mem_ss_top|mem_ss_sv|mem_ss|mem_ss|emif_0|emif_0_core_usr_clk	local_mem_wrapper|mem_ss_top|mem_ss_sv|mem_ss|mem_ss|emif_0|emif_0_core_usr_clk	0.000	0.865	1	1	0	0
PATH	4	any_to_src	hold	Fast vid2a 100C Model	0.747	afu_top|pg_afu.port_gasket|pr_slot|afu_main|port_afu_instances|ofs_plat_afu|join_afu_reset|joined_reset_n	afu_top|pg_afu.port_gasket|pr_slot|afu_main|port_afu_instances|ofs_plat_afu|core|dma|csr_mgr_inst|src_last_q[52]~SCLR_dff	local_mem_wrapper|mem_ss_top|mem_ss_sv|mem_ss|mem_ss|emif_0|emif_0_core_usr_clk	local_mem_wrapper|mem_ss_top|mem_ss_sv|mem_ss|mem_ss|emif_0|emif_0_core_usr_clk	0.000	0.865	1	1	0	0
PATH	4	any_to_src	hold	Fast vid2a 100C Model	0.747	afu_top|pg_afu.port_gasket|pr_slot|afu_main|port_afu_instances|ofs_plat_afu|join_afu_reset|joined_reset_n	afu_top|pg_afu.port_gasket|pr_slot|afu_main|port_afu_instances|ofs_plat_afu|core|dma|csr_mgr_inst|src_last_q[50]~SCLR_dff	local_mem_wrapper|mem_ss_top|mem_ss_sv|mem_ss|mem_ss|emif_0|emif_0_core_usr_clk	local_mem_wrapper|mem_ss_top|mem_ss_sv|mem_ss|mem_ss|emif_0|emif_0_core_usr_clk	0.000	0.865	1	1	0	0
PATH	4	any_to_src	hold	Fast vid2a 100C Model	0.747	afu_top|pg_afu.port_gasket|pr_slot|afu_main|port_afu_instances|ofs_plat_afu|join_afu_reset|joined_reset_n	afu_top|pg_afu.port_gasket|pr_slot|afu_main|port_afu_instances|ofs_plat_afu|core|dma|csr_mgr_inst|src_last_q[48]~SCLR_dff	local_mem_wrapper|mem_ss_top|mem_ss_sv|mem_ss|mem_ss|emif_0|emif_0_core_usr_clk	local_mem_wrapper|mem_ss_top|mem_ss_sv|mem_ss|mem_ss|emif_0|emif_0_core_usr_clk	0.000	0.865	1	1	0	0
PATH	4	any_to_src	hold	Fast vid2a 100C Model	0.747	afu_top|pg_afu.port_gasket|pr_slot|afu_main|port_afu_instances|ofs_plat_afu|join_afu_reset|joined_reset_n	afu_top|pg_afu.port_gasket|pr_slot|afu_main|port_afu_instances|ofs_plat_afu|core|dma|csr_mgr_inst|src_last_q[46]~SCLR_dff	local_mem_wrapper|mem_ss_top|mem_ss_sv|mem_ss|mem_ss|emif_0|emif_0_core_usr_clk	local_mem_wrapper|mem_ss_top|mem_ss_sv|mem_ss|mem_ss|emif_0|emif_0_core_usr_clk	0.000	0.865	1	1	0	0
PATH	4	any_to_src	hold	Fast vid2a 100C Model	0.748	afu_top|pg_afu.port_gasket|pr_slot|afu_main|port_afu_instances|ofs_plat_afu|join_afu_reset|joined_reset_n	afu_top|pg_afu.port_gasket|pr_slot|afu_main|port_afu_instances|ofs_plat_afu|core|dma|csr_mgr_inst|src_last_q[56]~SCLR_dff	local_mem_wrapper|mem_ss_top|mem_ss_sv|mem_ss|mem_ss|emif_0|emif_0_core_usr_clk	local_mem_wrapper|mem_ss_top|mem_ss_sv|mem_ss|mem_ss|emif_0|emif_0_core_usr_clk	0.000	0.865	1	1	0	0
PATH	4	any_to_src	hold	Fast vid2a 100C Model	0.748	afu_top|pg_afu.port_gasket|pr_slot|afu_main|port_afu_instances|ofs_plat_afu|join_afu_reset|joined_reset_n	afu_top|pg_afu.port_gasket|pr_slot|afu_main|port_afu_instances|ofs_plat_afu|core|dma|csr_mgr_inst|src_last_q[57]~SCLR_dff	local_mem_wrapper|mem_ss_top|mem_ss_sv|mem_ss|mem_ss|emif_0|emif_0_core_usr_clk	local_mem_wrapper|mem_ss_top|mem_ss_sv|mem_ss|mem_ss|emif_0|emif_0_core_usr_clk	0.000	0.865	1	1	0	0
PATH	4	any_to_src	hold	Fast vid2a 100C Model	0.826	afu_top|pg_afu.port_gasket|pr_slot|afu_main|port_afu_instances|ofs_plat_afu|join_afu_reset|joined_reset_n	afu_top|pg_afu.port_gasket|pr_slot|afu_main|port_afu_instances|ofs_plat_afu|core|dma|csr_mgr_inst|src_last_q[34]~SCLR_dff	local_mem_wrapper|mem_ss_top|mem_ss_sv|mem_ss|mem_ss|emif_0|emif_0_core_usr_clk	local_mem_wrapper|mem_ss_top|mem_ss_sv|mem_ss|mem_ss|emif_0|emif_0_core_usr_clk	0.000	0.947	1	1	0	0
PATH	4	any_to_src	hold	Fast vid2a 100C Model	0.827	afu_top|pg_afu.port_gasket|pr_slot|afu_main|port_afu_instances|ofs_plat_afu|join_afu_reset|joined_reset_n	afu_top|pg_afu.port_gasket|pr_slot|afu_main|port_afu_instances|ofs_plat_afu|core|dma|csr_mgr_inst|src_last_q[36]~SCLR_dff	local_mem_wrapper|mem_ss_top|mem_ss_sv|mem_ss|mem_ss|emif_0|emif_0_core_usr_clk	local_mem_wrapper|mem_ss_top|mem_ss_sv|mem_ss|mem_ss|emif_0|emif_0_core_usr_clk	0.000	0.947	1	1	0	0
PATH	4	any_to_src	hold	Fast vid2a 100C Model	0.827	afu_top|pg_afu.port_gasket|pr_slot|afu_main|port_afu_instances|ofs_plat_afu|join_afu_reset|joined_reset_n	afu_top|pg_afu.port_gasket|pr_slot|afu_main|port_afu_instances|ofs_plat_afu|core|dma|csr_mgr_inst|src_last_q[37]~SCLR_dff	local_mem_wrapper|mem_ss_top|mem_ss_sv|mem_ss|mem_ss|emif_0|emif_0_core_usr_clk	local_mem_wrapper|mem_ss_top|mem_ss_sv|mem_ss|mem_ss|emif_0|emif_0_core_usr_clk	0.000	0.947	1	1	0	0
PATH	4	any_to_src	hold	Fast vid2a 100C Model	0.828	afu_top|pg_afu.port_gasket|pr_slot|afu_main|port_afu_instances|ofs_plat_afu|join_afu_reset|joined_reset_n	afu_top|pg_afu.port_gasket|pr_slot|afu_main|port_afu_instances|ofs_plat_afu|core|dma|csr_mgr_inst|src_last_q[40]~SCLR_dff	local_mem_wrapper|mem_ss_top|mem_ss_sv|mem_ss|mem_ss|emif_0|emif_0_core_usr_clk	local_mem_wrapper|mem_ss_top|mem_ss_sv|mem_ss|mem_ss|emif_0|emif_0_core_usr_clk	0.000	0.947	1	1	0	0
PATH	4	any_to_src	hold	Fast vid2a 100C Model	0.828	afu_top|pg_afu.port_gasket|pr_slot|afu_main|port_afu_instances|ofs_plat_afu|join_afu_reset|joined_reset_n	afu_top|pg_afu.port_gasket|pr_slot|afu_main|port_afu_instances|ofs_plat_afu|core|dma|csr_mgr_inst|src_last_q[42]~SCLR_dff	local_mem_wrapper|mem_ss_top|mem_ss_sv|mem_ss|mem_ss|emif_0|emif_0_core_usr_clk	local_mem_wrapper|mem_ss_top|mem_ss_sv|mem_ss|mem_ss|emif_0|emif_0_core_usr_clk	0.000	0.947	1	1	0	0
REPORT	4	any_to_src	hold	4	0.747
PATHCOUNT	4	any_to_dst	hold	13	1024
PATH	4	any_to_dst	hold	Fast vid2a 100C Model	0.745	afu_top|pg_afu.port_gasket|pr_slot|afu_main|port_afu_instances|ofs_plat_afu|join_afu_reset|joined_reset_n	afu_top|pg_afu.port_gasket|pr_slot|afu_main|port_afu_instances|ofs_plat_afu|core|dma|csr_mgr_inst|dst_last_q[35]~SCLR_dff	local_mem_wrapper|mem_ss_top|mem_ss_sv|mem_ss|mem_ss|emif_0|emif_0_core_usr_clk	local_mem_wrapper|mem_ss_top|mem_ss_sv|mem_ss|mem_ss|emif_0|emif_0_core_usr_clk	0.000	0.853	1	1	0	0
PATH	4	any_to_dst	hold	Fast vid2a 100C Model	0.745	afu_top|pg_afu.port_gasket|pr_slot|afu_main|port_afu_instances|ofs_plat_afu|join_afu_reset|joined_reset_n	afu_top|pg_afu.port_gasket|pr_slot|afu_main|port_afu_instances|ofs_plat_afu|core|dma|csr_mgr_inst|dst_last_q[34]~DUPLICATESCLR_dff	local_mem_wrapper|mem_ss_top|mem_ss_sv|mem_ss|mem_ss|emif_0|emif_0_core_usr_clk	local_mem_wrapper|mem_ss_top|mem_ss_sv|mem_ss|mem_ss|emif_0|emif_0_core_usr_clk	0.000	0.853	1	1	0	0
PATH	4	any_to_dst	hold	Fast vid2a 100C Model	0.746	afu_top|pg_afu.port_gasket|pr_slot|afu_main|port_afu_instances|ofs_plat_afu|join_afu_reset|joined_reset_n	afu_top|pg_afu.port_gasket|pr_slot|afu_main|port_afu_instances|ofs_plat_afu|core|dma|csr_mgr_inst|dst_last_q[38]~SCLR_dff	local_mem_wrapper|mem_ss_top|mem_ss_sv|mem_ss|mem_ss|emif_0|emif_0_core_usr_clk	local_mem_wrapper|mem_ss_top|mem_ss_sv|mem_ss|mem_ss|emif_0|emif_0_core_usr_clk	0.000	0.853	1	1	0	0
PATH	4	any_to_dst	hold	Fast vid2a 100C Model	0.746	afu_top|pg_afu.port_gasket|pr_slot|afu_main|port_afu_instances|ofs_plat_afu|join_afu_reset|joined_reset_n	afu_top|pg_afu.port_gasket|pr_slot|afu_main|port_afu_instances|ofs_plat_afu|core|dma|csr_mgr_inst|dst_last_q[41]~SCLR_dff	local_mem_wrapper|mem_ss_top|mem_ss_sv|mem_ss|mem_ss|emif_0|emif_0_core_usr_clk	local_mem_wrapper|mem_ss_top|mem_ss_sv|mem_ss|mem_ss|emif_0|emif_0_core_usr_clk	0.000	0.853	1	1	0	0
PATH	4	any_to_dst	hold	Fast vid2a 100C Model	0.746	afu_top|pg_afu.port_gasket|pr_slot|afu_main|port_afu_instances|ofs_plat_afu|join_afu_reset|joined_reset_n	afu_top|pg_afu.port_gasket|pr_slot|afu_main|port_afu_instances|ofs_plat_afu|core|dma|csr_mgr_inst|dst_last_q[39]~SCLR_dff	local_mem_wrapper|mem_ss_top|mem_ss_sv|mem_ss|mem_ss|emif_0|emif_0_core_usr_clk	local_mem_wrapper|mem_ss_top|mem_ss_sv|mem_ss|mem_ss|emif_0|emif_0_core_usr_clk	0.000	0.853	1	1	0	0
PATH	4	any_to_dst	hold	Fast vid2a 100C Model	0.752	afu_top|pg_afu.port_gasket|pr_slot|afu_main|port_afu_instances|ofs_plat_afu|join_afu_reset|joined_reset_n	afu_top|pg_afu.port_gasket|pr_slot|afu_main|port_afu_instances|ofs_plat_afu|core|dma|csr_mgr_inst|dst_last_q[48]~SCLR_dff	local_mem_wrapper|mem_ss_top|mem_ss_sv|mem_ss|mem_ss|emif_0|emif_0_core_usr_clk	local_mem_wrapper|mem_ss_top|mem_ss_sv|mem_ss|mem_ss|emif_0|emif_0_core_usr_clk	0.000	0.857	1	1	0	0
PATH	4	any_to_dst	hold	Fast vid2a 100C Model	0.752	afu_top|pg_afu.port_gasket|pr_slot|afu_main|port_afu_instances|ofs_plat_afu|join_afu_reset|joined_reset_n	afu_top|pg_afu.port_gasket|pr_slot|afu_main|port_afu_instances|ofs_plat_afu|core|dma|csr_mgr_inst|dst_last_q[46]~SCLR_dff	local_mem_wrapper|mem_ss_top|mem_ss_sv|mem_ss|mem_ss|emif_0|emif_0_core_usr_clk	local_mem_wrapper|mem_ss_top|mem_ss_sv|mem_ss|mem_ss|emif_0|emif_0_core_usr_clk	0.000	0.857	1	1	0	0
PATH	4	any_to_dst	hold	Fast vid2a 100C Model	0.752	afu_top|pg_afu.port_gasket|pr_slot|afu_main|port_afu_instances|ofs_plat_afu|join_afu_reset|joined_reset_n	afu_top|pg_afu.port_gasket|pr_slot|afu_main|port_afu_instances|ofs_plat_afu|core|dma|csr_mgr_inst|dst_last_q[44]~SCLR_dff	local_mem_wrapper|mem_ss_top|mem_ss_sv|mem_ss|mem_ss|emif_0|emif_0_core_usr_clk	local_mem_wrapper|mem_ss_top|mem_ss_sv|mem_ss|mem_ss|emif_0|emif_0_core_usr_clk	0.000	0.857	1	1	0	0
PATH	4	any_to_dst	hold	Fast vid2a 100C Model	0.753	afu_top|pg_afu.port_gasket|pr_slot|afu_main|port_afu_instances|ofs_plat_afu|join_afu_reset|joined_reset_n	afu_top|pg_afu.port_gasket|pr_slot|afu_main|port_afu_instances|ofs_plat_afu|core|dma|csr_mgr_inst|dst_last_q[52]~SCLR_dff	local_mem_wrapper|mem_ss_top|mem_ss_sv|mem_ss|mem_ss|emif_0|emif_0_core_usr_clk	local_mem_wrapper|mem_ss_top|mem_ss_sv|mem_ss|mem_ss|emif_0|emif_0_core_usr_clk	0.000	0.857	1	1	0	0
PATH	4	any_to_dst	hold	Fast vid2a 100C Model	0.753	afu_top|pg_afu.port_gasket|pr_slot|afu_main|port_afu_instances|ofs_plat_afu|join_afu_reset|joined_reset_n	afu_top|pg_afu.port_gasket|pr_slot|afu_main|port_afu_instances|ofs_plat_afu|core|dma|csr_mgr_inst|dst_last_q[50]~SCLR_dff	local_mem_wrapper|mem_ss_top|mem_ss_sv|mem_ss|mem_ss|emif_0|emif_0_core_usr_clk	local_mem_wrapper|mem_ss_top|mem_ss_sv|mem_ss|mem_ss|emif_0|emif_0_core_usr_clk	0.000	0.857	1	1	0	0
PATH	4	any_to_dst	hold	Fast vid2a 100C Model	0.753	afu_top|pg_afu.port_gasket|pr_slot|afu_main|port_afu_instances|ofs_plat_afu|join_afu_reset|joined_reset_n	afu_top|pg_afu.port_gasket|pr_slot|afu_main|port_afu_instances|ofs_plat_afu|core|dma|csr_mgr_inst|dst_last_q[55]~SCLR_dff	local_mem_wrapper|mem_ss_top|mem_ss_sv|mem_ss|mem_ss|emif_0|emif_0_core_usr_clk	local_mem_wrapper|mem_ss_top|mem_ss_sv|mem_ss|mem_ss|emif_0|emif_0_core_usr_clk	0.000	0.857	1	1	0	0
PATH	4	any_to_dst	hold	Fast vid2a 100C Model	0.753	afu_top|pg_afu.port_gasket|pr_slot|afu_main|port_afu_instances|ofs_plat_afu|join_afu_reset|joined_reset_n	afu_top|pg_afu.port_gasket|pr_slot|afu_main|port_afu_instances|ofs_plat_afu|core|dma|csr_mgr_inst|dst_last_q[53]~SCLR_dff	local_mem_wrapper|mem_ss_top|mem_ss_sv|mem_ss|mem_ss|emif_0|emif_0_core_usr_clk	local_mem_wrapper|mem_ss_top|mem_ss_sv|mem_ss|mem_ss|emif_0|emif_0_core_usr_clk	0.000	0.857	1	1	0	0
PATH	4	any_to_dst	hold	Fast vid2a 100C Model	0.754	afu_top|pg_afu.port_gasket|pr_slot|afu_main|port_afu_instances|ofs_plat_afu|join_afu_reset|joined_reset_n	afu_top|pg_afu.port_gasket|pr_slot|afu_main|port_afu_instances|ofs_plat_afu|core|dma|csr_mgr_inst|dst_last_q[57]~SCLR_dff	local_mem_wrapper|mem_ss_top|mem_ss_sv|mem_ss|mem_ss|emif_0|emif_0_core_usr_clk	local_mem_wrapper|mem_ss_top|mem_ss_sv|mem_ss|mem_ss|emif_0|emif_0_core_usr_clk	0.000	0.857	1	1	0	0
REPORT	4	any_to_dst	hold	4	0.745
ALIASCOUNT	4	old0	afu_top|pg_afu.port_gasket|pr_slot|afu_main|port_afu_instances|ofs_plat_afu|core|dma|csr_mgr_inst|dma_csr_map.descriptor.length[0]	0
GAP	4	old0	hold	OLD_NAME_UNRESOLVED
ALIASCOUNT	4	old0dup	afu_top|pg_afu.port_gasket|pr_slot|afu_main|port_afu_instances|ofs_plat_afu|core|dma|csr_mgr_inst|dma_csr_map.descriptor.length[0]~DUPLICATE	0
GAP	4	old0dup	hold	OLD_NAME_UNRESOLVED
ALIASCOUNT	4	old17	afu_top|pg_afu.port_gasket|pr_slot|afu_main|port_afu_instances|ofs_plat_afu|core|dma|csr_mgr_inst|dma_csr_map.descriptor.length[17]	0
GAP	4	old17	hold	OLD_NAME_UNRESOLVED
ALIASCOUNT	4	old19	afu_top|pg_afu.port_gasket|pr_slot|afu_main|port_afu_instances|ofs_plat_afu|core|dma|csr_mgr_inst|dma_csr_map.descriptor.length[19]	0
GAP	4	old19	hold	OLD_NAME_UNRESOLVED
ALIASCOUNT	4	old3dup	afu_top|pg_afu.port_gasket|pr_slot|afu_main|port_afu_instances|ofs_plat_afu|core|dma|csr_mgr_inst|dma_csr_map.descriptor.length[3]~DUPLICATE	0
GAP	4	old3dup	hold	OLD_NAME_UNRESOLVED
ALIASCOUNT	4	old5dup	afu_top|pg_afu.port_gasket|pr_slot|afu_main|port_afu_instances|ofs_plat_afu|core|dma|csr_mgr_inst|dma_csr_map.descriptor.length[5]~DUPLICATE	0
GAP	4	old5dup	hold	OLD_NAME_UNRESOLVED
PATHCOUNT	5	any_to_src	setup	13	1024
PATH	5	any_to_src	setup	Fast vid2 100C Model	1.641	afu_top|pg_afu.port_gasket|pr_slot|afu_main|port_afu_instances|ofs_plat_afu|join_afu_reset|joined_reset_n	afu_top|pg_afu.port_gasket|pr_slot|afu_main|port_afu_instances|ofs_plat_afu|core|dma|csr_mgr_inst|src_last_q[42]~SCLR_dff	local_mem_wrapper|mem_ss_top|mem_ss_sv|mem_ss|mem_ss|emif_0|emif_0_core_usr_clk	local_mem_wrapper|mem_ss_top|mem_ss_sv|mem_ss|mem_ss|emif_0|emif_0_core_usr_clk	3.000	1.288	1	1	0	0
PATH	5	any_to_src	setup	Fast vid2 100C Model	1.641	afu_top|pg_afu.port_gasket|pr_slot|afu_main|port_afu_instances|ofs_plat_afu|join_afu_reset|joined_reset_n	afu_top|pg_afu.port_gasket|pr_slot|afu_main|port_afu_instances|ofs_plat_afu|core|dma|csr_mgr_inst|src_last_q[40]~SCLR_dff	local_mem_wrapper|mem_ss_top|mem_ss_sv|mem_ss|mem_ss|emif_0|emif_0_core_usr_clk	local_mem_wrapper|mem_ss_top|mem_ss_sv|mem_ss|mem_ss|emif_0|emif_0_core_usr_clk	3.000	1.288	1	1	0	0
PATH	5	any_to_src	setup	Fast vid2 100C Model	1.642	afu_top|pg_afu.port_gasket|pr_slot|afu_main|port_afu_instances|ofs_plat_afu|join_afu_reset|joined_reset_n	afu_top|pg_afu.port_gasket|pr_slot|afu_main|port_afu_instances|ofs_plat_afu|core|dma|csr_mgr_inst|src_last_q[37]~SCLR_dff	local_mem_wrapper|mem_ss_top|mem_ss_sv|mem_ss|mem_ss|emif_0|emif_0_core_usr_clk	local_mem_wrapper|mem_ss_top|mem_ss_sv|mem_ss|mem_ss|emif_0|emif_0_core_usr_clk	3.000	1.288	1	1	0	0
PATH	5	any_to_src	setup	Fast vid2 100C Model	1.642	afu_top|pg_afu.port_gasket|pr_slot|afu_main|port_afu_instances|ofs_plat_afu|join_afu_reset|joined_reset_n	afu_top|pg_afu.port_gasket|pr_slot|afu_main|port_afu_instances|ofs_plat_afu|core|dma|csr_mgr_inst|src_last_q[36]~SCLR_dff	local_mem_wrapper|mem_ss_top|mem_ss_sv|mem_ss|mem_ss|emif_0|emif_0_core_usr_clk	local_mem_wrapper|mem_ss_top|mem_ss_sv|mem_ss|mem_ss|emif_0|emif_0_core_usr_clk	3.000	1.288	1	1	0	0
PATH	5	any_to_src	setup	Fast vid2 100C Model	1.642	afu_top|pg_afu.port_gasket|pr_slot|afu_main|port_afu_instances|ofs_plat_afu|join_afu_reset|joined_reset_n	afu_top|pg_afu.port_gasket|pr_slot|afu_main|port_afu_instances|ofs_plat_afu|core|dma|csr_mgr_inst|src_last_q[34]~SCLR_dff	local_mem_wrapper|mem_ss_top|mem_ss_sv|mem_ss|mem_ss|emif_0|emif_0_core_usr_clk	local_mem_wrapper|mem_ss_top|mem_ss_sv|mem_ss|mem_ss|emif_0|emif_0_core_usr_clk	3.000	1.288	1	1	0	0
PATH	5	any_to_src	setup	Fast vid2 100C Model	1.744	afu_top|pg_afu.port_gasket|pr_slot|afu_main|port_afu_instances|ofs_plat_afu|join_afu_reset|joined_reset_n	afu_top|pg_afu.port_gasket|pr_slot|afu_main|port_afu_instances|ofs_plat_afu|core|dma|csr_mgr_inst|src_last_q[57]~SCLR_dff	local_mem_wrapper|mem_ss_top|mem_ss_sv|mem_ss|mem_ss|emif_0|emif_0_core_usr_clk	local_mem_wrapper|mem_ss_top|mem_ss_sv|mem_ss|mem_ss|emif_0|emif_0_core_usr_clk	3.000	1.182	1	1	0	0
PATH	5	any_to_src	setup	Fast vid2 100C Model	1.744	afu_top|pg_afu.port_gasket|pr_slot|afu_main|port_afu_instances|ofs_plat_afu|join_afu_reset|joined_reset_n	afu_top|pg_afu.port_gasket|pr_slot|afu_main|port_afu_instances|ofs_plat_afu|core|dma|csr_mgr_inst|src_last_q[56]~SCLR_dff	local_mem_wrapper|mem_ss_top|mem_ss_sv|mem_ss|mem_ss|emif_0|emif_0_core_usr_clk	local_mem_wrapper|mem_ss_top|mem_ss_sv|mem_ss|mem_ss|emif_0|emif_0_core_usr_clk	3.000	1.182	1	1	0	0
PATH	5	any_to_src	setup	Fast vid2 100C Model	1.744	afu_top|pg_afu.port_gasket|pr_slot|afu_main|port_afu_instances|ofs_plat_afu|join_afu_reset|joined_reset_n	afu_top|pg_afu.port_gasket|pr_slot|afu_main|port_afu_instances|ofs_plat_afu|core|dma|csr_mgr_inst|src_last_q[54]~SCLR_dff	local_mem_wrapper|mem_ss_top|mem_ss_sv|mem_ss|mem_ss|emif_0|emif_0_core_usr_clk	local_mem_wrapper|mem_ss_top|mem_ss_sv|mem_ss|mem_ss|emif_0|emif_0_core_usr_clk	3.000	1.182	1	1	0	0
PATH	5	any_to_src	setup	Fast vid2 100C Model	1.745	afu_top|pg_afu.port_gasket|pr_slot|afu_main|port_afu_instances|ofs_plat_afu|join_afu_reset|joined_reset_n	afu_top|pg_afu.port_gasket|pr_slot|afu_main|port_afu_instances|ofs_plat_afu|core|dma|csr_mgr_inst|src_last_q[52]~SCLR_dff	local_mem_wrapper|mem_ss_top|mem_ss_sv|mem_ss|mem_ss|emif_0|emif_0_core_usr_clk	local_mem_wrapper|mem_ss_top|mem_ss_sv|mem_ss|mem_ss|emif_0|emif_0_core_usr_clk	3.000	1.182	1	1	0	0
PATH	5	any_to_src	setup	Fast vid2 100C Model	1.745	afu_top|pg_afu.port_gasket|pr_slot|afu_main|port_afu_instances|ofs_plat_afu|join_afu_reset|joined_reset_n	afu_top|pg_afu.port_gasket|pr_slot|afu_main|port_afu_instances|ofs_plat_afu|core|dma|csr_mgr_inst|src_last_q[50]~SCLR_dff	local_mem_wrapper|mem_ss_top|mem_ss_sv|mem_ss|mem_ss|emif_0|emif_0_core_usr_clk	local_mem_wrapper|mem_ss_top|mem_ss_sv|mem_ss|mem_ss|emif_0|emif_0_core_usr_clk	3.000	1.182	1	1	0	0
PATH	5	any_to_src	setup	Fast vid2 100C Model	1.745	afu_top|pg_afu.port_gasket|pr_slot|afu_main|port_afu_instances|ofs_plat_afu|join_afu_reset|joined_reset_n	afu_top|pg_afu.port_gasket|pr_slot|afu_main|port_afu_instances|ofs_plat_afu|core|dma|csr_mgr_inst|src_last_q[48]~SCLR_dff	local_mem_wrapper|mem_ss_top|mem_ss_sv|mem_ss|mem_ss|emif_0|emif_0_core_usr_clk	local_mem_wrapper|mem_ss_top|mem_ss_sv|mem_ss|mem_ss|emif_0|emif_0_core_usr_clk	3.000	1.182	1	1	0	0
PATH	5	any_to_src	setup	Fast vid2 100C Model	1.745	afu_top|pg_afu.port_gasket|pr_slot|afu_main|port_afu_instances|ofs_plat_afu|join_afu_reset|joined_reset_n	afu_top|pg_afu.port_gasket|pr_slot|afu_main|port_afu_instances|ofs_plat_afu|core|dma|csr_mgr_inst|src_last_q[46]~SCLR_dff	local_mem_wrapper|mem_ss_top|mem_ss_sv|mem_ss|mem_ss|emif_0|emif_0_core_usr_clk	local_mem_wrapper|mem_ss_top|mem_ss_sv|mem_ss|mem_ss|emif_0|emif_0_core_usr_clk	3.000	1.182	1	1	0	0
PATH	5	any_to_src	setup	Fast vid2 100C Model	1.745	afu_top|pg_afu.port_gasket|pr_slot|afu_main|port_afu_instances|ofs_plat_afu|join_afu_reset|joined_reset_n	afu_top|pg_afu.port_gasket|pr_slot|afu_main|port_afu_instances|ofs_plat_afu|core|dma|csr_mgr_inst|src_last_q[44]~SCLR_dff	local_mem_wrapper|mem_ss_top|mem_ss_sv|mem_ss|mem_ss|emif_0|emif_0_core_usr_clk	local_mem_wrapper|mem_ss_top|mem_ss_sv|mem_ss|mem_ss|emif_0|emif_0_core_usr_clk	3.000	1.182	1	1	0	0
REPORT	5	any_to_src	setup	4	1.641
PATHCOUNT	5	any_to_dst	setup	13	1024
PATH	5	any_to_dst	setup	Fast vid2 100C Model	1.761	afu_top|pg_afu.port_gasket|pr_slot|afu_main|port_afu_instances|ofs_plat_afu|join_afu_reset|joined_reset_n	afu_top|pg_afu.port_gasket|pr_slot|afu_main|port_afu_instances|ofs_plat_afu|core|dma|csr_mgr_inst|dst_last_q[57]~SCLR_dff	local_mem_wrapper|mem_ss_top|mem_ss_sv|mem_ss|mem_ss|emif_0|emif_0_core_usr_clk	local_mem_wrapper|mem_ss_top|mem_ss_sv|mem_ss|mem_ss|emif_0|emif_0_core_usr_clk	3.000	1.149	1	1	0	0
PATH	5	any_to_dst	setup	Fast vid2 100C Model	1.761	afu_top|pg_afu.port_gasket|pr_slot|afu_main|port_afu_instances|ofs_plat_afu|join_afu_reset|joined_reset_n	afu_top|pg_afu.port_gasket|pr_slot|afu_main|port_afu_instances|ofs_plat_afu|core|dma|csr_mgr_inst|dst_last_q[55]~SCLR_dff	local_mem_wrapper|mem_ss_top|mem_ss_sv|mem_ss|mem_ss|emif_0|emif_0_core_usr_clk	local_mem_wrapper|mem_ss_top|mem_ss_sv|mem_ss|mem_ss|emif_0|emif_0_core_usr_clk	3.000	1.149	1	1	0	0
PATH	5	any_to_dst	setup	Fast vid2 100C Model	1.762	afu_top|pg_afu.port_gasket|pr_slot|afu_main|port_afu_instances|ofs_plat_afu|join_afu_reset|joined_reset_n	afu_top|pg_afu.port_gasket|pr_slot|afu_main|port_afu_instances|ofs_plat_afu|core|dma|csr_mgr_inst|dst_last_q[44]~SCLR_dff	local_mem_wrapper|mem_ss_top|mem_ss_sv|mem_ss|mem_ss|emif_0|emif_0_core_usr_clk	local_mem_wrapper|mem_ss_top|mem_ss_sv|mem_ss|mem_ss|emif_0|emif_0_core_usr_clk	3.000	1.149	1	1	0	0
PATH	5	any_to_dst	setup	Fast vid2 100C Model	1.762	afu_top|pg_afu.port_gasket|pr_slot|afu_main|port_afu_instances|ofs_plat_afu|join_afu_reset|joined_reset_n	afu_top|pg_afu.port_gasket|pr_slot|afu_main|port_afu_instances|ofs_plat_afu|core|dma|csr_mgr_inst|dst_last_q[53]~SCLR_dff	local_mem_wrapper|mem_ss_top|mem_ss_sv|mem_ss|mem_ss|emif_0|emif_0_core_usr_clk	local_mem_wrapper|mem_ss_top|mem_ss_sv|mem_ss|mem_ss|emif_0|emif_0_core_usr_clk	3.000	1.149	1	1	0	0
PATH	5	any_to_dst	setup	Fast vid2 100C Model	1.762	afu_top|pg_afu.port_gasket|pr_slot|afu_main|port_afu_instances|ofs_plat_afu|join_afu_reset|joined_reset_n	afu_top|pg_afu.port_gasket|pr_slot|afu_main|port_afu_instances|ofs_plat_afu|core|dma|csr_mgr_inst|dst_last_q[52]~SCLR_dff	local_mem_wrapper|mem_ss_top|mem_ss_sv|mem_ss|mem_ss|emif_0|emif_0_core_usr_clk	local_mem_wrapper|mem_ss_top|mem_ss_sv|mem_ss|mem_ss|emif_0|emif_0_core_usr_clk	3.000	1.149	1	1	0	0
PATH	5	any_to_dst	setup	Fast vid2 100C Model	1.762	afu_top|pg_afu.port_gasket|pr_slot|afu_main|port_afu_instances|ofs_plat_afu|join_afu_reset|joined_reset_n	afu_top|pg_afu.port_gasket|pr_slot|afu_main|port_afu_instances|ofs_plat_afu|core|dma|csr_mgr_inst|dst_last_q[50]~SCLR_dff	local_mem_wrapper|mem_ss_top|mem_ss_sv|mem_ss|mem_ss|emif_0|emif_0_core_usr_clk	local_mem_wrapper|mem_ss_top|mem_ss_sv|mem_ss|mem_ss|emif_0|emif_0_core_usr_clk	3.000	1.149	1	1	0	0
PATH	5	any_to_dst	setup	Fast vid2 100C Model	1.762	afu_top|pg_afu.port_gasket|pr_slot|afu_main|port_afu_instances|ofs_plat_afu|join_afu_reset|joined_reset_n	afu_top|pg_afu.port_gasket|pr_slot|afu_main|port_afu_instances|ofs_plat_afu|core|dma|csr_mgr_inst|dst_last_q[48]~SCLR_dff	local_mem_wrapper|mem_ss_top|mem_ss_sv|mem_ss|mem_ss|emif_0|emif_0_core_usr_clk	local_mem_wrapper|mem_ss_top|mem_ss_sv|mem_ss|mem_ss|emif_0|emif_0_core_usr_clk	3.000	1.149	1	1	0	0
PATH	5	any_to_dst	setup	Fast vid2 100C Model	1.762	afu_top|pg_afu.port_gasket|pr_slot|afu_main|port_afu_instances|ofs_plat_afu|join_afu_reset|joined_reset_n	afu_top|pg_afu.port_gasket|pr_slot|afu_main|port_afu_instances|ofs_plat_afu|core|dma|csr_mgr_inst|dst_last_q[46]~SCLR_dff	local_mem_wrapper|mem_ss_top|mem_ss_sv|mem_ss|mem_ss|emif_0|emif_0_core_usr_clk	local_mem_wrapper|mem_ss_top|mem_ss_sv|mem_ss|mem_ss|emif_0|emif_0_core_usr_clk	3.000	1.149	1	1	0	0
PATH	5	any_to_dst	setup	Fast vid2 100C Model	1.764	afu_top|pg_afu.port_gasket|pr_slot|afu_main|port_afu_instances|ofs_plat_afu|join_afu_reset|joined_reset_n	afu_top|pg_afu.port_gasket|pr_slot|afu_main|port_afu_instances|ofs_plat_afu|core|dma|csr_mgr_inst|dst_last_q[41]~SCLR_dff	local_mem_wrapper|mem_ss_top|mem_ss_sv|mem_ss|mem_ss|emif_0|emif_0_core_usr_clk	local_mem_wrapper|mem_ss_top|mem_ss_sv|mem_ss|mem_ss|emif_0|emif_0_core_usr_clk	3.000	1.149	1	1	0	0
PATH	5	any_to_dst	setup	Fast vid2 100C Model	1.765	afu_top|pg_afu.port_gasket|pr_slot|afu_main|port_afu_instances|ofs_plat_afu|join_afu_reset|joined_reset_n	afu_top|pg_afu.port_gasket|pr_slot|afu_main|port_afu_instances|ofs_plat_afu|core|dma|csr_mgr_inst|dst_last_q[39]~SCLR_dff	local_mem_wrapper|mem_ss_top|mem_ss_sv|mem_ss|mem_ss|emif_0|emif_0_core_usr_clk	local_mem_wrapper|mem_ss_top|mem_ss_sv|mem_ss|mem_ss|emif_0|emif_0_core_usr_clk	3.000	1.149	1	1	0	0
PATH	5	any_to_dst	setup	Fast vid2 100C Model	1.765	afu_top|pg_afu.port_gasket|pr_slot|afu_main|port_afu_instances|ofs_plat_afu|join_afu_reset|joined_reset_n	afu_top|pg_afu.port_gasket|pr_slot|afu_main|port_afu_instances|ofs_plat_afu|core|dma|csr_mgr_inst|dst_last_q[38]~SCLR_dff	local_mem_wrapper|mem_ss_top|mem_ss_sv|mem_ss|mem_ss|emif_0|emif_0_core_usr_clk	local_mem_wrapper|mem_ss_top|mem_ss_sv|mem_ss|mem_ss|emif_0|emif_0_core_usr_clk	3.000	1.149	1	1	0	0
PATH	5	any_to_dst	setup	Fast vid2 100C Model	1.765	afu_top|pg_afu.port_gasket|pr_slot|afu_main|port_afu_instances|ofs_plat_afu|join_afu_reset|joined_reset_n	afu_top|pg_afu.port_gasket|pr_slot|afu_main|port_afu_instances|ofs_plat_afu|core|dma|csr_mgr_inst|dst_last_q[35]~SCLR_dff	local_mem_wrapper|mem_ss_top|mem_ss_sv|mem_ss|mem_ss|emif_0|emif_0_core_usr_clk	local_mem_wrapper|mem_ss_top|mem_ss_sv|mem_ss|mem_ss|emif_0|emif_0_core_usr_clk	3.000	1.149	1	1	0	0
PATH	5	any_to_dst	setup	Fast vid2 100C Model	1.766	afu_top|pg_afu.port_gasket|pr_slot|afu_main|port_afu_instances|ofs_plat_afu|join_afu_reset|joined_reset_n	afu_top|pg_afu.port_gasket|pr_slot|afu_main|port_afu_instances|ofs_plat_afu|core|dma|csr_mgr_inst|dst_last_q[34]~DUPLICATESCLR_dff	local_mem_wrapper|mem_ss_top|mem_ss_sv|mem_ss|mem_ss|emif_0|emif_0_core_usr_clk	local_mem_wrapper|mem_ss_top|mem_ss_sv|mem_ss|mem_ss|emif_0|emif_0_core_usr_clk	3.000	1.149	1	1	0	0
REPORT	5	any_to_dst	setup	4	1.761
ALIASCOUNT	5	old0	afu_top|pg_afu.port_gasket|pr_slot|afu_main|port_afu_instances|ofs_plat_afu|core|dma|csr_mgr_inst|dma_csr_map.descriptor.length[0]	0
GAP	5	old0	setup	OLD_NAME_UNRESOLVED
ALIASCOUNT	5	old0dup	afu_top|pg_afu.port_gasket|pr_slot|afu_main|port_afu_instances|ofs_plat_afu|core|dma|csr_mgr_inst|dma_csr_map.descriptor.length[0]~DUPLICATE	0
GAP	5	old0dup	setup	OLD_NAME_UNRESOLVED
ALIASCOUNT	5	old17	afu_top|pg_afu.port_gasket|pr_slot|afu_main|port_afu_instances|ofs_plat_afu|core|dma|csr_mgr_inst|dma_csr_map.descriptor.length[17]	0
GAP	5	old17	setup	OLD_NAME_UNRESOLVED
ALIASCOUNT	5	old19	afu_top|pg_afu.port_gasket|pr_slot|afu_main|port_afu_instances|ofs_plat_afu|core|dma|csr_mgr_inst|dma_csr_map.descriptor.length[19]	0
GAP	5	old19	setup	OLD_NAME_UNRESOLVED
ALIASCOUNT	5	old3dup	afu_top|pg_afu.port_gasket|pr_slot|afu_main|port_afu_instances|ofs_plat_afu|core|dma|csr_mgr_inst|dma_csr_map.descriptor.length[3]~DUPLICATE	0
GAP	5	old3dup	setup	OLD_NAME_UNRESOLVED
ALIASCOUNT	5	old5dup	afu_top|pg_afu.port_gasket|pr_slot|afu_main|port_afu_instances|ofs_plat_afu|core|dma|csr_mgr_inst|dma_csr_map.descriptor.length[5]~DUPLICATE	0
GAP	5	old5dup	setup	OLD_NAME_UNRESOLVED
PATHCOUNT	5	any_to_src	hold	13	1024
PATH	5	any_to_src	hold	Fast vid2 100C Model	0.757	afu_top|pg_afu.port_gasket|pr_slot|afu_main|port_afu_instances|ofs_plat_afu|join_afu_reset|joined_reset_n	afu_top|pg_afu.port_gasket|pr_slot|afu_main|port_afu_instances|ofs_plat_afu|core|dma|csr_mgr_inst|src_last_q[50]~SCLR_dff	local_mem_wrapper|mem_ss_top|mem_ss_sv|mem_ss|mem_ss|emif_0|emif_0_core_usr_clk	local_mem_wrapper|mem_ss_top|mem_ss_sv|mem_ss|mem_ss|emif_0|emif_0_core_usr_clk	0.000	0.867	1	1	0	0
PATH	5	any_to_src	hold	Fast vid2 100C Model	0.757	afu_top|pg_afu.port_gasket|pr_slot|afu_main|port_afu_instances|ofs_plat_afu|join_afu_reset|joined_reset_n	afu_top|pg_afu.port_gasket|pr_slot|afu_main|port_afu_instances|ofs_plat_afu|core|dma|csr_mgr_inst|src_last_q[48]~SCLR_dff	local_mem_wrapper|mem_ss_top|mem_ss_sv|mem_ss|mem_ss|emif_0|emif_0_core_usr_clk	local_mem_wrapper|mem_ss_top|mem_ss_sv|mem_ss|mem_ss|emif_0|emif_0_core_usr_clk	0.000	0.867	1	1	0	0
PATH	5	any_to_src	hold	Fast vid2 100C Model	0.757	afu_top|pg_afu.port_gasket|pr_slot|afu_main|port_afu_instances|ofs_plat_afu|join_afu_reset|joined_reset_n	afu_top|pg_afu.port_gasket|pr_slot|afu_main|port_afu_instances|ofs_plat_afu|core|dma|csr_mgr_inst|src_last_q[46]~SCLR_dff	local_mem_wrapper|mem_ss_top|mem_ss_sv|mem_ss|mem_ss|emif_0|emif_0_core_usr_clk	local_mem_wrapper|mem_ss_top|mem_ss_sv|mem_ss|mem_ss|emif_0|emif_0_core_usr_clk	0.000	0.867	1	1	0	0
PATH	5	any_to_src	hold	Fast vid2 100C Model	0.757	afu_top|pg_afu.port_gasket|pr_slot|afu_main|port_afu_instances|ofs_plat_afu|join_afu_reset|joined_reset_n	afu_top|pg_afu.port_gasket|pr_slot|afu_main|port_afu_instances|ofs_plat_afu|core|dma|csr_mgr_inst|src_last_q[44]~SCLR_dff	local_mem_wrapper|mem_ss_top|mem_ss_sv|mem_ss|mem_ss|emif_0|emif_0_core_usr_clk	local_mem_wrapper|mem_ss_top|mem_ss_sv|mem_ss|mem_ss|emif_0|emif_0_core_usr_clk	0.000	0.867	1	1	0	0
PATH	5	any_to_src	hold	Fast vid2 100C Model	0.758	afu_top|pg_afu.port_gasket|pr_slot|afu_main|port_afu_instances|ofs_plat_afu|join_afu_reset|joined_reset_n	afu_top|pg_afu.port_gasket|pr_slot|afu_main|port_afu_instances|ofs_plat_afu|core|dma|csr_mgr_inst|src_last_q[52]~SCLR_dff	local_mem_wrapper|mem_ss_top|mem_ss_sv|mem_ss|mem_ss|emif_0|emif_0_core_usr_clk	local_mem_wrapper|mem_ss_top|mem_ss_sv|mem_ss|mem_ss|emif_0|emif_0_core_usr_clk	0.000	0.867	1	1	0	0
PATH	5	any_to_src	hold	Fast vid2 100C Model	0.758	afu_top|pg_afu.port_gasket|pr_slot|afu_main|port_afu_instances|ofs_plat_afu|join_afu_reset|joined_reset_n	afu_top|pg_afu.port_gasket|pr_slot|afu_main|port_afu_instances|ofs_plat_afu|core|dma|csr_mgr_inst|src_last_q[56]~SCLR_dff	local_mem_wrapper|mem_ss_top|mem_ss_sv|mem_ss|mem_ss|emif_0|emif_0_core_usr_clk	local_mem_wrapper|mem_ss_top|mem_ss_sv|mem_ss|mem_ss|emif_0|emif_0_core_usr_clk	0.000	0.867	1	1	0	0
PATH	5	any_to_src	hold	Fast vid2 100C Model	0.758	afu_top|pg_afu.port_gasket|pr_slot|afu_main|port_afu_instances|ofs_plat_afu|join_afu_reset|joined_reset_n	afu_top|pg_afu.port_gasket|pr_slot|afu_main|port_afu_instances|ofs_plat_afu|core|dma|csr_mgr_inst|src_last_q[54]~SCLR_dff	local_mem_wrapper|mem_ss_top|mem_ss_sv|mem_ss|mem_ss|emif_0|emif_0_core_usr_clk	local_mem_wrapper|mem_ss_top|mem_ss_sv|mem_ss|mem_ss|emif_0|emif_0_core_usr_clk	0.000	0.867	1	1	0	0
PATH	5	any_to_src	hold	Fast vid2 100C Model	0.759	afu_top|pg_afu.port_gasket|pr_slot|afu_main|port_afu_instances|ofs_plat_afu|join_afu_reset|joined_reset_n	afu_top|pg_afu.port_gasket|pr_slot|afu_main|port_afu_instances|ofs_plat_afu|core|dma|csr_mgr_inst|src_last_q[57]~SCLR_dff	local_mem_wrapper|mem_ss_top|mem_ss_sv|mem_ss|mem_ss|emif_0|emif_0_core_usr_clk	local_mem_wrapper|mem_ss_top|mem_ss_sv|mem_ss|mem_ss|emif_0|emif_0_core_usr_clk	0.000	0.867	1	1	0	0
PATH	5	any_to_src	hold	Fast vid2 100C Model	0.836	afu_top|pg_afu.port_gasket|pr_slot|afu_main|port_afu_instances|ofs_plat_afu|join_afu_reset|joined_reset_n	afu_top|pg_afu.port_gasket|pr_slot|afu_main|port_afu_instances|ofs_plat_afu|core|dma|csr_mgr_inst|src_last_q[36]~SCLR_dff	local_mem_wrapper|mem_ss_top|mem_ss_sv|mem_ss|mem_ss|emif_0|emif_0_core_usr_clk	local_mem_wrapper|mem_ss_top|mem_ss_sv|mem_ss|mem_ss|emif_0|emif_0_core_usr_clk	0.000	0.949	1	1	0	0
PATH	5	any_to_src	hold	Fast vid2 100C Model	0.836	afu_top|pg_afu.port_gasket|pr_slot|afu_main|port_afu_instances|ofs_plat_afu|join_afu_reset|joined_reset_n	afu_top|pg_afu.port_gasket|pr_slot|afu_main|port_afu_instances|ofs_plat_afu|core|dma|csr_mgr_inst|src_last_q[34]~SCLR_dff	local_mem_wrapper|mem_ss_top|mem_ss_sv|mem_ss|mem_ss|emif_0|emif_0_core_usr_clk	local_mem_wrapper|mem_ss_top|mem_ss_sv|mem_ss|mem_ss|emif_0|emif_0_core_usr_clk	0.000	0.949	1	1	0	0
PATH	5	any_to_src	hold	Fast vid2 100C Model	0.837	afu_top|pg_afu.port_gasket|pr_slot|afu_main|port_afu_instances|ofs_plat_afu|join_afu_reset|joined_reset_n	afu_top|pg_afu.port_gasket|pr_slot|afu_main|port_afu_instances|ofs_plat_afu|core|dma|csr_mgr_inst|src_last_q[37]~SCLR_dff	local_mem_wrapper|mem_ss_top|mem_ss_sv|mem_ss|mem_ss|emif_0|emif_0_core_usr_clk	local_mem_wrapper|mem_ss_top|mem_ss_sv|mem_ss|mem_ss|emif_0|emif_0_core_usr_clk	0.000	0.949	1	1	0	0
PATH	5	any_to_src	hold	Fast vid2 100C Model	0.837	afu_top|pg_afu.port_gasket|pr_slot|afu_main|port_afu_instances|ofs_plat_afu|join_afu_reset|joined_reset_n	afu_top|pg_afu.port_gasket|pr_slot|afu_main|port_afu_instances|ofs_plat_afu|core|dma|csr_mgr_inst|src_last_q[40]~SCLR_dff	local_mem_wrapper|mem_ss_top|mem_ss_sv|mem_ss|mem_ss|emif_0|emif_0_core_usr_clk	local_mem_wrapper|mem_ss_top|mem_ss_sv|mem_ss|mem_ss|emif_0|emif_0_core_usr_clk	0.000	0.949	1	1	0	0
PATH	5	any_to_src	hold	Fast vid2 100C Model	0.838	afu_top|pg_afu.port_gasket|pr_slot|afu_main|port_afu_instances|ofs_plat_afu|join_afu_reset|joined_reset_n	afu_top|pg_afu.port_gasket|pr_slot|afu_main|port_afu_instances|ofs_plat_afu|core|dma|csr_mgr_inst|src_last_q[42]~SCLR_dff	local_mem_wrapper|mem_ss_top|mem_ss_sv|mem_ss|mem_ss|emif_0|emif_0_core_usr_clk	local_mem_wrapper|mem_ss_top|mem_ss_sv|mem_ss|mem_ss|emif_0|emif_0_core_usr_clk	0.000	0.949	1	1	0	0
REPORT	5	any_to_src	hold	4	0.757
PATHCOUNT	5	any_to_dst	hold	13	1024
PATH	5	any_to_dst	hold	Fast vid2 100C Model	0.757	afu_top|pg_afu.port_gasket|pr_slot|afu_main|port_afu_instances|ofs_plat_afu|join_afu_reset|joined_reset_n	afu_top|pg_afu.port_gasket|pr_slot|afu_main|port_afu_instances|ofs_plat_afu|core|dma|csr_mgr_inst|dst_last_q[34]~DUPLICATESCLR_dff	local_mem_wrapper|mem_ss_top|mem_ss_sv|mem_ss|mem_ss|emif_0|emif_0_core_usr_clk	local_mem_wrapper|mem_ss_top|mem_ss_sv|mem_ss|mem_ss|emif_0|emif_0_core_usr_clk	0.000	0.855	1	1	0	0
PATH	5	any_to_dst	hold	Fast vid2 100C Model	0.758	afu_top|pg_afu.port_gasket|pr_slot|afu_main|port_afu_instances|ofs_plat_afu|join_afu_reset|joined_reset_n	afu_top|pg_afu.port_gasket|pr_slot|afu_main|port_afu_instances|ofs_plat_afu|core|dma|csr_mgr_inst|dst_last_q[35]~SCLR_dff	local_mem_wrapper|mem_ss_top|mem_ss_sv|mem_ss|mem_ss|emif_0|emif_0_core_usr_clk	local_mem_wrapper|mem_ss_top|mem_ss_sv|mem_ss|mem_ss|emif_0|emif_0_core_usr_clk	0.000	0.855	1	1	0	0
PATH	5	any_to_dst	hold	Fast vid2 100C Model	0.758	afu_top|pg_afu.port_gasket|pr_slot|afu_main|port_afu_instances|ofs_plat_afu|join_afu_reset|joined_reset_n	afu_top|pg_afu.port_gasket|pr_slot|afu_main|port_afu_instances|ofs_plat_afu|core|dma|csr_mgr_inst|dst_last_q[38]~SCLR_dff	local_mem_wrapper|mem_ss_top|mem_ss_sv|mem_ss|mem_ss|emif_0|emif_0_core_usr_clk	local_mem_wrapper|mem_ss_top|mem_ss_sv|mem_ss|mem_ss|emif_0|emif_0_core_usr_clk	0.000	0.855	1	1	0	0
PATH	5	any_to_dst	hold	Fast vid2 100C Model	0.759	afu_top|pg_afu.port_gasket|pr_slot|afu_main|port_afu_instances|ofs_plat_afu|join_afu_reset|joined_reset_n	afu_top|pg_afu.port_gasket|pr_slot|afu_main|port_afu_instances|ofs_plat_afu|core|dma|csr_mgr_inst|dst_last_q[39]~SCLR_dff	local_mem_wrapper|mem_ss_top|mem_ss_sv|mem_ss|mem_ss|emif_0|emif_0_core_usr_clk	local_mem_wrapper|mem_ss_top|mem_ss_sv|mem_ss|mem_ss|emif_0|emif_0_core_usr_clk	0.000	0.855	1	1	0	0
PATH	5	any_to_dst	hold	Fast vid2 100C Model	0.759	afu_top|pg_afu.port_gasket|pr_slot|afu_main|port_afu_instances|ofs_plat_afu|join_afu_reset|joined_reset_n	afu_top|pg_afu.port_gasket|pr_slot|afu_main|port_afu_instances|ofs_plat_afu|core|dma|csr_mgr_inst|dst_last_q[41]~SCLR_dff	local_mem_wrapper|mem_ss_top|mem_ss_sv|mem_ss|mem_ss|emif_0|emif_0_core_usr_clk	local_mem_wrapper|mem_ss_top|mem_ss_sv|mem_ss|mem_ss|emif_0|emif_0_core_usr_clk	0.000	0.855	1	1	0	0
PATH	5	any_to_dst	hold	Fast vid2 100C Model	0.765	afu_top|pg_afu.port_gasket|pr_slot|afu_main|port_afu_instances|ofs_plat_afu|join_afu_reset|joined_reset_n	afu_top|pg_afu.port_gasket|pr_slot|afu_main|port_afu_instances|ofs_plat_afu|core|dma|csr_mgr_inst|dst_last_q[48]~SCLR_dff	local_mem_wrapper|mem_ss_top|mem_ss_sv|mem_ss|mem_ss|emif_0|emif_0_core_usr_clk	local_mem_wrapper|mem_ss_top|mem_ss_sv|mem_ss|mem_ss|emif_0|emif_0_core_usr_clk	0.000	0.859	1	1	0	0
PATH	5	any_to_dst	hold	Fast vid2 100C Model	0.765	afu_top|pg_afu.port_gasket|pr_slot|afu_main|port_afu_instances|ofs_plat_afu|join_afu_reset|joined_reset_n	afu_top|pg_afu.port_gasket|pr_slot|afu_main|port_afu_instances|ofs_plat_afu|core|dma|csr_mgr_inst|dst_last_q[46]~SCLR_dff	local_mem_wrapper|mem_ss_top|mem_ss_sv|mem_ss|mem_ss|emif_0|emif_0_core_usr_clk	local_mem_wrapper|mem_ss_top|mem_ss_sv|mem_ss|mem_ss|emif_0|emif_0_core_usr_clk	0.000	0.859	1	1	0	0
PATH	5	any_to_dst	hold	Fast vid2 100C Model	0.765	afu_top|pg_afu.port_gasket|pr_slot|afu_main|port_afu_instances|ofs_plat_afu|join_afu_reset|joined_reset_n	afu_top|pg_afu.port_gasket|pr_slot|afu_main|port_afu_instances|ofs_plat_afu|core|dma|csr_mgr_inst|dst_last_q[44]~SCLR_dff	local_mem_wrapper|mem_ss_top|mem_ss_sv|mem_ss|mem_ss|emif_0|emif_0_core_usr_clk	local_mem_wrapper|mem_ss_top|mem_ss_sv|mem_ss|mem_ss|emif_0|emif_0_core_usr_clk	0.000	0.859	1	1	0	0
PATH	5	any_to_dst	hold	Fast vid2 100C Model	0.766	afu_top|pg_afu.port_gasket|pr_slot|afu_main|port_afu_instances|ofs_plat_afu|join_afu_reset|joined_reset_n	afu_top|pg_afu.port_gasket|pr_slot|afu_main|port_afu_instances|ofs_plat_afu|core|dma|csr_mgr_inst|dst_last_q[52]~SCLR_dff	local_mem_wrapper|mem_ss_top|mem_ss_sv|mem_ss|mem_ss|emif_0|emif_0_core_usr_clk	local_mem_wrapper|mem_ss_top|mem_ss_sv|mem_ss|mem_ss|emif_0|emif_0_core_usr_clk	0.000	0.859	1	1	0	0
PATH	5	any_to_dst	hold	Fast vid2 100C Model	0.766	afu_top|pg_afu.port_gasket|pr_slot|afu_main|port_afu_instances|ofs_plat_afu|join_afu_reset|joined_reset_n	afu_top|pg_afu.port_gasket|pr_slot|afu_main|port_afu_instances|ofs_plat_afu|core|dma|csr_mgr_inst|dst_last_q[50]~SCLR_dff	local_mem_wrapper|mem_ss_top|mem_ss_sv|mem_ss|mem_ss|emif_0|emif_0_core_usr_clk	local_mem_wrapper|mem_ss_top|mem_ss_sv|mem_ss|mem_ss|emif_0|emif_0_core_usr_clk	0.000	0.859	1	1	0	0
PATH	5	any_to_dst	hold	Fast vid2 100C Model	0.766	afu_top|pg_afu.port_gasket|pr_slot|afu_main|port_afu_instances|ofs_plat_afu|join_afu_reset|joined_reset_n	afu_top|pg_afu.port_gasket|pr_slot|afu_main|port_afu_instances|ofs_plat_afu|core|dma|csr_mgr_inst|dst_last_q[53]~SCLR_dff	local_mem_wrapper|mem_ss_top|mem_ss_sv|mem_ss|mem_ss|emif_0|emif_0_core_usr_clk	local_mem_wrapper|mem_ss_top|mem_ss_sv|mem_ss|mem_ss|emif_0|emif_0_core_usr_clk	0.000	0.859	1	1	0	0
PATH	5	any_to_dst	hold	Fast vid2 100C Model	0.767	afu_top|pg_afu.port_gasket|pr_slot|afu_main|port_afu_instances|ofs_plat_afu|join_afu_reset|joined_reset_n	afu_top|pg_afu.port_gasket|pr_slot|afu_main|port_afu_instances|ofs_plat_afu|core|dma|csr_mgr_inst|dst_last_q[55]~SCLR_dff	local_mem_wrapper|mem_ss_top|mem_ss_sv|mem_ss|mem_ss|emif_0|emif_0_core_usr_clk	local_mem_wrapper|mem_ss_top|mem_ss_sv|mem_ss|mem_ss|emif_0|emif_0_core_usr_clk	0.000	0.859	1	1	0	0
PATH	5	any_to_dst	hold	Fast vid2 100C Model	0.767	afu_top|pg_afu.port_gasket|pr_slot|afu_main|port_afu_instances|ofs_plat_afu|join_afu_reset|joined_reset_n	afu_top|pg_afu.port_gasket|pr_slot|afu_main|port_afu_instances|ofs_plat_afu|core|dma|csr_mgr_inst|dst_last_q[57]~SCLR_dff	local_mem_wrapper|mem_ss_top|mem_ss_sv|mem_ss|mem_ss|emif_0|emif_0_core_usr_clk	local_mem_wrapper|mem_ss_top|mem_ss_sv|mem_ss|mem_ss|emif_0|emif_0_core_usr_clk	0.000	0.859	1	1	0	0
REPORT	5	any_to_dst	hold	4	0.757
ALIASCOUNT	5	old0	afu_top|pg_afu.port_gasket|pr_slot|afu_main|port_afu_instances|ofs_plat_afu|core|dma|csr_mgr_inst|dma_csr_map.descriptor.length[0]	0
GAP	5	old0	hold	OLD_NAME_UNRESOLVED
ALIASCOUNT	5	old0dup	afu_top|pg_afu.port_gasket|pr_slot|afu_main|port_afu_instances|ofs_plat_afu|core|dma|csr_mgr_inst|dma_csr_map.descriptor.length[0]~DUPLICATE	0
GAP	5	old0dup	hold	OLD_NAME_UNRESOLVED
ALIASCOUNT	5	old17	afu_top|pg_afu.port_gasket|pr_slot|afu_main|port_afu_instances|ofs_plat_afu|core|dma|csr_mgr_inst|dma_csr_map.descriptor.length[17]	0
GAP	5	old17	hold	OLD_NAME_UNRESOLVED
ALIASCOUNT	5	old19	afu_top|pg_afu.port_gasket|pr_slot|afu_main|port_afu_instances|ofs_plat_afu|core|dma|csr_mgr_inst|dma_csr_map.descriptor.length[19]	0
GAP	5	old19	hold	OLD_NAME_UNRESOLVED
ALIASCOUNT	5	old3dup	afu_top|pg_afu.port_gasket|pr_slot|afu_main|port_afu_instances|ofs_plat_afu|core|dma|csr_mgr_inst|dma_csr_map.descriptor.length[3]~DUPLICATE	0
GAP	5	old3dup	hold	OLD_NAME_UNRESOLVED
ALIASCOUNT	5	old5dup	afu_top|pg_afu.port_gasket|pr_slot|afu_main|port_afu_instances|ofs_plat_afu|core|dma|csr_mgr_inst|dma_csr_map.descriptor.length[5]~DUPLICATE	0
GAP	5	old5dup	hold	OLD_NAME_UNRESOLVED
DONE	5
