COUNT	clocks	81	150
CLOCK	sys_pll|iopll_0_refclk	base	10.000	0.000 5.000 
CLOCK	pcie_wrapper|pcie_ss.top|host_pcie.pcie_ss|pcie_ss|gen_ptile.u_ptile|intel_pcie_ptile_ast_qhip|inst|inst|maib_and_tile|rx_pma_parallel_clk|ch15	base	1.000	0.000 0.500 
CLOCK	local_mem_wrapper|mem_ss_top|mem_ss_sv|mem_ss|mem_ss|emif_1|emif_1_ref_clock	base	30.000	0.000 15.000 
CLOCK	ddr4_mem[1].dqs[0]_IN	base	0.750	0.000 0.375 
CLOCK	ddr4_mem[1].dqs[1]_IN	base	0.750	0.000 0.375 
CLOCK	ddr4_mem[1].dqs[2]_IN	base	0.750	0.000 0.375 
CLOCK	ddr4_mem[1].dqs[3]_IN	base	0.750	0.000 0.375 
CLOCK	ddr4_mem[1].dqs[4]_IN	base	0.750	0.000 0.375 
CLOCK	ddr4_mem[1].dqs[5]_IN	base	0.750	0.000 0.375 
CLOCK	ddr4_mem[1].dqs[6]_IN	base	0.750	0.000 0.375 
CLOCK	ddr4_mem[1].dqs[7]_IN	base	0.750	0.000 0.375 
CLOCK	local_mem_wrapper|mem_ss_top|mem_ss_sv|mem_ss|mem_ss|emif_0|emif_0_ref_clock	base	30.000	0.000 15.000 
CLOCK	ddr4_mem[0].dqs[0]_IN	base	0.750	0.000 0.375 
CLOCK	ddr4_mem[0].dqs[1]_IN	base	0.750	0.000 0.375 
CLOCK	ddr4_mem[0].dqs[2]_IN	base	0.750	0.000 0.375 
CLOCK	ddr4_mem[0].dqs[3]_IN	base	0.750	0.000 0.375 
CLOCK	ddr4_mem[0].dqs[4]_IN	base	0.750	0.000 0.375 
CLOCK	ddr4_mem[0].dqs[5]_IN	base	0.750	0.000 0.375 
CLOCK	ddr4_mem[0].dqs[6]_IN	base	0.750	0.000 0.375 
CLOCK	ddr4_mem[0].dqs[7]_IN	base	0.750	0.000 0.375 
CLOCK	PCIE_REFCLK0	base	10.000	0.000 5.000 
CLOCK	PCIE_REFCLK1	base	10.000	0.000 5.000 
CLOCK	altera_reserved_tck	base	100.000	0.000 50.000 
CLOCK	qsfp_ref_clk	base	6.400	0.000 3.200 
CLOCK	bwbmc_fpga_max_sclk	base	200.000	0.000 100.000 
CLOCK	altera_int_osc_clk	base	4.000	0.000 2.000 
CLOCK	sys_pll|iopll_0_n_cnt_clk	generated	100.000	0.000 50.000 
CLOCK	sys_pll|iopll_0_m_cnt_clk	generated	14100.000	0.000 7050.000 
CLOCK	sys_pll|iopll_0_clk_sys	generated	2.127	0.000 1.063 
CLOCK	sys_pll|iopll_0_clk_100m	generated	9.929	0.000 4.964 
CLOCK	sys_pll|iopll_0_clk_sys_div2	generated	4.255	0.000 2.127 
CLOCK	sys_pll|iopll_0_clk_sys_div4	generated	8.510	0.000 4.255 
CLOCK	afu_top|pg_afu.port_gasket|user_clock|qph_user_clk|pll.qph_user_clk_iopll|iopll_0_n_cnt_clk	generated	20.000	0.000 10.000 
CLOCK	afu_top|pg_afu.port_gasket|user_clock|qph_user_clk|pll.qph_user_clk_iopll|iopll_0_m_cnt_clk	generated	500.000	0.000 250.000 
CLOCK	afu_top|pg_afu.port_gasket|user_clock|qph_user_clk|pll.qph_user_clk_iopll|iopll_0_outclk0	generated	5.000	0.000 2.500 
CLOCK	afu_top|pg_afu.port_gasket|user_clock|qph_user_clk|pll.qph_user_clk_iopll|iopll_0_outclk1	generated	10.000	0.000 5.000 
CLOCK	pcie_wrapper|pcie_ss.top|host_pcie.pcie_ss|pcie_ss|gen_ptile.u_ptile|intel_pcie_ptile_ast_qhip|inst|inst|maib_and_tile|rx_pcs_x2_clk|ch15	generated	2.000	0.000 1.000 
CLOCK	pcie_wrapper|pcie_ss.top|host_pcie.pcie_ss|pcie_ss|gen_ptile.u_ptile|intel_pcie_ptile_ast_qhip|inst|inst|maib_and_tile|xcvr_hip_native|rx_ch15	generated	2.000	0.000 1.000 
CLOCK	local_mem_wrapper|mem_ss_top|mem_ss_sv|mem_ss|mem_ss|emif_1|emif_1_vco_clk	generated	0.750	0.000 0.375 
CLOCK	local_mem_wrapper|mem_ss_top|mem_ss_sv|mem_ss|mem_ss|emif_1|emif_1_vco_clk_1	generated	0.750	0.000 0.375 
CLOCK	local_mem_wrapper|mem_ss_top|mem_ss_sv|mem_ss|mem_ss|emif_1|emif_1_vco_clk_2	generated	0.750	0.000 0.375 
CLOCK	local_mem_wrapper|mem_ss_top|mem_ss_sv|mem_ss|mem_ss|emif_1|emif_1_core_usr_clk	generated	3.000	0.000 1.500 
CLOCK	local_mem_wrapper|mem_ss_top|mem_ss_sv|mem_ss|mem_ss|emif_1|emif_1_phy_clk_0	generated	1.500	0.000 0.750 
CLOCK	local_mem_wrapper|mem_ss_top|mem_ss_sv|mem_ss|mem_ss|emif_1|emif_1_phy_clk_1	generated	1.500	0.000 0.750 
CLOCK	local_mem_wrapper|mem_ss_top|mem_ss_sv|mem_ss|mem_ss|emif_1|emif_1_phy_clk_2	generated	1.500	0.000 0.750 
CLOCK	local_mem_wrapper|mem_ss_top|mem_ss_sv|mem_ss|mem_ss|emif_1|emif_1_phy_clk_l_0	generated	3.000	0.000 1.500 
CLOCK	local_mem_wrapper|mem_ss_top|mem_ss_sv|mem_ss|mem_ss|emif_1|emif_1_phy_clk_l_1	generated	3.000	0.000 1.500 
CLOCK	local_mem_wrapper|mem_ss_top|mem_ss_sv|mem_ss|mem_ss|emif_1|emif_1_phy_clk_l_2	generated	3.000	0.000 1.500 
CLOCK	local_mem_wrapper|mem_ss_top|mem_ss_sv|mem_ss|mem_ss|emif_1|emif_1_wf_clk_0	generated	0.750	0.000 0.375 
CLOCK	local_mem_wrapper|mem_ss_top|mem_ss_sv|mem_ss|mem_ss|emif_1|emif_1_wf_clk_1	generated	0.750	0.000 0.375 
CLOCK	local_mem_wrapper|mem_ss_top|mem_ss_sv|mem_ss|mem_ss|emif_1|emif_1_wf_clk_2	generated	0.750	0.000 0.375 
CLOCK	local_mem_wrapper|mem_ss_top|mem_ss_sv|mem_ss|mem_ss|emif_1|emif_1_wf_clk_3	generated	0.750	0.000 0.375 
CLOCK	local_mem_wrapper|mem_ss_top|mem_ss_sv|mem_ss|mem_ss|emif_1|emif_1_wf_clk_4	generated	0.750	0.000 0.375 
CLOCK	local_mem_wrapper|mem_ss_top|mem_ss_sv|mem_ss|mem_ss|emif_1|emif_1_wf_clk_5	generated	0.750	0.000 0.375 
CLOCK	local_mem_wrapper|mem_ss_top|mem_ss_sv|mem_ss|mem_ss|emif_1|emif_1_wf_clk_6	generated	0.750	0.000 0.375 
CLOCK	local_mem_wrapper|mem_ss_top|mem_ss_sv|mem_ss|mem_ss|emif_1|emif_1_wf_clk_7	generated	0.750	0.000 0.375 
CLOCK	local_mem_wrapper|mem_ss_top|mem_ss_sv|mem_ss|mem_ss|emif_1|emif_1_wf_clk_8	generated	0.750	0.000 0.375 
CLOCK	local_mem_wrapper|mem_ss_top|mem_ss_sv|mem_ss|mem_ss|emif_1|emif_1_wf_clk_9	generated	0.750	0.000 0.375 
CLOCK	local_mem_wrapper|mem_ss_top|mem_ss_sv|mem_ss|mem_ss|emif_1|emif_1_wf_clk_10	generated	0.750	0.000 0.375 
CLOCK	local_mem_wrapper|mem_ss_top|mem_ss_sv|mem_ss|mem_ss|emif_0|emif_0_vco_clk	generated	0.750	0.000 0.375 
CLOCK	local_mem_wrapper|mem_ss_top|mem_ss_sv|mem_ss|mem_ss|emif_0|emif_0_vco_clk_1	generated	0.750	0.000 0.375 
CLOCK	local_mem_wrapper|mem_ss_top|mem_ss_sv|mem_ss|mem_ss|emif_0|emif_0_vco_clk_2	generated	0.750	0.000 0.375 
CLOCK	local_mem_wrapper|mem_ss_top|mem_ss_sv|mem_ss|mem_ss|emif_0|emif_0_core_usr_clk	generated	3.000	0.000 1.500 
CLOCK	local_mem_wrapper|mem_ss_top|mem_ss_sv|mem_ss|mem_ss|emif_0|emif_0_phy_clk_0	generated	1.500	0.000 0.750 
CLOCK	local_mem_wrapper|mem_ss_top|mem_ss_sv|mem_ss|mem_ss|emif_0|emif_0_phy_clk_1	generated	1.500	0.000 0.750 
CLOCK	local_mem_wrapper|mem_ss_top|mem_ss_sv|mem_ss|mem_ss|emif_0|emif_0_phy_clk_2	generated	1.500	0.000 0.750 
CLOCK	local_mem_wrapper|mem_ss_top|mem_ss_sv|mem_ss|mem_ss|emif_0|emif_0_phy_clk_l_0	generated	3.000	0.000 1.500 
CLOCK	local_mem_wrapper|mem_ss_top|mem_ss_sv|mem_ss|mem_ss|emif_0|emif_0_phy_clk_l_1	generated	3.000	0.000 1.500 
CLOCK	local_mem_wrapper|mem_ss_top|mem_ss_sv|mem_ss|mem_ss|emif_0|emif_0_phy_clk_l_2	generated	3.000	0.000 1.500 
CLOCK	local_mem_wrapper|mem_ss_top|mem_ss_sv|mem_ss|mem_ss|emif_0|emif_0_wf_clk_0	generated	0.750	0.000 0.375 
CLOCK	local_mem_wrapper|mem_ss_top|mem_ss_sv|mem_ss|mem_ss|emif_0|emif_0_wf_clk_1	generated	0.750	0.000 0.375 
CLOCK	local_mem_wrapper|mem_ss_top|mem_ss_sv|mem_ss|mem_ss|emif_0|emif_0_wf_clk_2	generated	0.750	0.000 0.375 
CLOCK	local_mem_wrapper|mem_ss_top|mem_ss_sv|mem_ss|mem_ss|emif_0|emif_0_wf_clk_3	generated	0.750	0.000 0.375 
CLOCK	local_mem_wrapper|mem_ss_top|mem_ss_sv|mem_ss|mem_ss|emif_0|emif_0_wf_clk_4	generated	0.750	0.000 0.375 
CLOCK	local_mem_wrapper|mem_ss_top|mem_ss_sv|mem_ss|mem_ss|emif_0|emif_0_wf_clk_5	generated	0.750	0.000 0.375 
CLOCK	local_mem_wrapper|mem_ss_top|mem_ss_sv|mem_ss|mem_ss|emif_0|emif_0_wf_clk_6	generated	0.750	0.000 0.375 
CLOCK	local_mem_wrapper|mem_ss_top|mem_ss_sv|mem_ss|mem_ss|emif_0|emif_0_wf_clk_7	generated	0.750	0.000 0.375 
CLOCK	local_mem_wrapper|mem_ss_top|mem_ss_sv|mem_ss|mem_ss|emif_0|emif_0_wf_clk_8	generated	0.750	0.000 0.375 
CLOCK	local_mem_wrapper|mem_ss_top|mem_ss_sv|mem_ss|mem_ss|emif_0|emif_0_wf_clk_9	generated	0.750	0.000 0.375 
CLOCK	local_mem_wrapper|mem_ss_top|mem_ss_sv|mem_ss|mem_ss|emif_0|emif_0_wf_clk_10	generated	0.750	0.000 0.375 
CLOCK	pcie_wrapper|pcie_ss.top|host_pcie.pcie_ss|pcie_ss|avmm_clock0	generated	19.858	0.000 9.929 
COUNT	all_csr	1139	2048
NODE	source38_seed	_quartus_sta_reg__517094	afu_top|pg_afu.port_gasket|pr_slot|afu_main|port_afu_instances|ofs_plat_afu|core|dma|csr_mgr_inst|src_last_q[38]~.comb	reg	FF_X261_Y68_N46
EDGECOUNT	source38_seed	_quartus_sta_reg__517094	synch_edges	0	2048
EDGECOUNT	source38_seed	_quartus_sta_reg__517094	asynch_edges	0	2048
EDGECOUNT	source38_seed	_quartus_sta_reg__517094	clock_edges	1	2048
EDGE	source38_seed	_quartus_sta_reg__517094	clock_edges	_quartus_sta_edge__474627	clock	CELL	0	_quartus_sta_pin__517090	afu_top|pg_afu.port_gasket|pr_slot|afu_main|port_afu_instances|ofs_plat_afu|core|dma|csr_mgr_inst|src_last_q[38]~.comb|clk	pin	_quartus_sta_reg__517094	afu_top|pg_afu.port_gasket|pr_slot|afu_main|port_afu_instances|ofs_plat_afu|core|dma|csr_mgr_inst|src_last_q[38]~.comb	reg
EDGECOUNT	source38_seed	_quartus_sta_reg__517094	fanout_edges	0	2048
CELL	source38	_quartus_sta_cell__365530	afu_top|pg_afu.port_gasket|pr_slot|afu_main|port_afu_instances|ofs_plat_afu|core|dma|csr_mgr_inst|src_last_q[38]~.comb	cell	tennm_ff	FF_X261_Y68_N46
PINNAMES	source38	IN	clk sclr d 
PINNAMES	source38	OUT	q 
COUNT	source38_pins	4	64
NODE	source38_pin	_quartus_sta_pin__517090	afu_top|pg_afu.port_gasket|pr_slot|afu_main|port_afu_instances|ofs_plat_afu|core|dma|csr_mgr_inst|src_last_q[38]~.comb|clk	pin	FF_X261_Y68_N46
EDGECOUNT	source38_pin	_quartus_sta_pin__517090	synch_edges	1	2048
EDGE	source38_pin	_quartus_sta_pin__517090	synch_edges	_quartus_sta_edge__2573401	synchronous	IC	0	_quartus_sta_pin__704799	afu_top|pg_afu.port_gasket|pr_slot|afu_main|ext_mem_if[0].clk	pin	_quartus_sta_pin__517090	afu_top|pg_afu.port_gasket|pr_slot|afu_main|port_afu_instances|ofs_plat_afu|core|dma|csr_mgr_inst|src_last_q[38]~.comb|clk	pin
EDGECOUNT	source38_pin	_quartus_sta_pin__517090	asynch_edges	1	2048
EDGE	source38_pin	_quartus_sta_pin__517090	asynch_edges	_quartus_sta_edge__2573401	synchronous	IC	0	_quartus_sta_pin__704799	afu_top|pg_afu.port_gasket|pr_slot|afu_main|ext_mem_if[0].clk	pin	_quartus_sta_pin__517090	afu_top|pg_afu.port_gasket|pr_slot|afu_main|port_afu_instances|ofs_plat_afu|core|dma|csr_mgr_inst|src_last_q[38]~.comb|clk	pin
EDGECOUNT	source38_pin	_quartus_sta_pin__517090	clock_edges	1	2048
EDGE	source38_pin	_quartus_sta_pin__517090	clock_edges	_quartus_sta_edge__2573401	synchronous	IC	0	_quartus_sta_pin__704799	afu_top|pg_afu.port_gasket|pr_slot|afu_main|ext_mem_if[0].clk	pin	_quartus_sta_pin__517090	afu_top|pg_afu.port_gasket|pr_slot|afu_main|port_afu_instances|ofs_plat_afu|core|dma|csr_mgr_inst|src_last_q[38]~.comb|clk	pin
EDGECOUNT	source38_pin	_quartus_sta_pin__517090	fanout_edges	1	2048
EDGE	source38_pin	_quartus_sta_pin__517090	fanout_edges	_quartus_sta_edge__474627	clock	CELL	0	_quartus_sta_pin__517090	afu_top|pg_afu.port_gasket|pr_slot|afu_main|port_afu_instances|ofs_plat_afu|core|dma|csr_mgr_inst|src_last_q[38]~.comb|clk	pin	_quartus_sta_reg__517094	afu_top|pg_afu.port_gasket|pr_slot|afu_main|port_afu_instances|ofs_plat_afu|core|dma|csr_mgr_inst|src_last_q[38]~.comb	reg
COUNT	source38_pin_lookup	0	32
GAP	source38	afu_top|pg_afu.port_gasket|pr_slot|afu_main|port_afu_instances|ofs_plat_afu|core|dma|csr_mgr_inst|src_last_q[38]~.comb|clk	PIN_LOOKUP_NOT_EXACT_SINGLETON
NODE	source38_pin	_quartus_sta_pin__517091	afu_top|pg_afu.port_gasket|pr_slot|afu_main|port_afu_instances|ofs_plat_afu|core|dma|csr_mgr_inst|src_last_q[38]~.comb|sclr	pin	FF_X261_Y68_N46
EDGECOUNT	source38_pin	_quartus_sta_pin__517091	synch_edges	1	2048
EDGE	source38_pin	_quartus_sta_pin__517091	synch_edges	_quartus_sta_edge__1233170	asynchronous	CELL	0	_quartus_sta_pin__1397986	afu_top|pg_afu.port_gasket|pr_slot|afu_main|port_afu_instances|ofs_plat_afu|core|dma|csr_mgr_inst|src_last_q[37]~SCLR_dff|q	pin	_quartus_sta_pin__517091	afu_top|pg_afu.port_gasket|pr_slot|afu_main|port_afu_instances|ofs_plat_afu|core|dma|csr_mgr_inst|src_last_q[38]~.comb|sclr	pin
EDGECOUNT	source38_pin	_quartus_sta_pin__517091	asynch_edges	1	2048
EDGE	source38_pin	_quartus_sta_pin__517091	asynch_edges	_quartus_sta_edge__1233170	asynchronous	CELL	0	_quartus_sta_pin__1397986	afu_top|pg_afu.port_gasket|pr_slot|afu_main|port_afu_instances|ofs_plat_afu|core|dma|csr_mgr_inst|src_last_q[37]~SCLR_dff|q	pin	_quartus_sta_pin__517091	afu_top|pg_afu.port_gasket|pr_slot|afu_main|port_afu_instances|ofs_plat_afu|core|dma|csr_mgr_inst|src_last_q[38]~.comb|sclr	pin
EDGECOUNT	source38_pin	_quartus_sta_pin__517091	clock_edges	1	2048
EDGE	source38_pin	_quartus_sta_pin__517091	clock_edges	_quartus_sta_edge__1233170	asynchronous	CELL	0	_quartus_sta_pin__1397986	afu_top|pg_afu.port_gasket|pr_slot|afu_main|port_afu_instances|ofs_plat_afu|core|dma|csr_mgr_inst|src_last_q[37]~SCLR_dff|q	pin	_quartus_sta_pin__517091	afu_top|pg_afu.port_gasket|pr_slot|afu_main|port_afu_instances|ofs_plat_afu|core|dma|csr_mgr_inst|src_last_q[38]~.comb|sclr	pin
EDGECOUNT	source38_pin	_quartus_sta_pin__517091	fanout_edges	1	2048
EDGE	source38_pin	_quartus_sta_pin__517091	fanout_edges	_quartus_sta_edge__474628	asynchronous	CELL	0	_quartus_sta_pin__517091	afu_top|pg_afu.port_gasket|pr_slot|afu_main|port_afu_instances|ofs_plat_afu|core|dma|csr_mgr_inst|src_last_q[38]~.comb|sclr	pin	_quartus_sta_pin__517093	afu_top|pg_afu.port_gasket|pr_slot|afu_main|port_afu_instances|ofs_plat_afu|core|dma|csr_mgr_inst|src_last_q[38]~.comb|q	pin
COUNT	source38_pin_lookup	0	32
GAP	source38	afu_top|pg_afu.port_gasket|pr_slot|afu_main|port_afu_instances|ofs_plat_afu|core|dma|csr_mgr_inst|src_last_q[38]~.comb|sclr	PIN_LOOKUP_NOT_EXACT_SINGLETON
NODE	source38_pin	_quartus_sta_pin__517092	afu_top|pg_afu.port_gasket|pr_slot|afu_main|port_afu_instances|ofs_plat_afu|core|dma|csr_mgr_inst|src_last_q[38]~.comb|d	pin	FF_X261_Y68_N46
EDGECOUNT	source38_pin	_quartus_sta_pin__517092	synch_edges	1	2048
EDGE	source38_pin	_quartus_sta_pin__517092	synch_edges	_quartus_sta_edge__478420	asynchronous	CELL	0	_quartus_sta_pin__520597	afu_top|pg_afu.port_gasket|pr_slot|afu_main|port_afu_instances|ofs_plat_afu|core|dma|csr_mgr_inst|add_1~26|sumout	pin	_quartus_sta_pin__517092	afu_top|pg_afu.port_gasket|pr_slot|afu_main|port_afu_instances|ofs_plat_afu|core|dma|csr_mgr_inst|src_last_q[38]~.comb|d	pin
EDGECOUNT	source38_pin	_quartus_sta_pin__517092	asynch_edges	1	2048
EDGE	source38_pin	_quartus_sta_pin__517092	asynch_edges	_quartus_sta_edge__478420	asynchronous	CELL	0	_quartus_sta_pin__520597	afu_top|pg_afu.port_gasket|pr_slot|afu_main|port_afu_instances|ofs_plat_afu|core|dma|csr_mgr_inst|add_1~26|sumout	pin	_quartus_sta_pin__517092	afu_top|pg_afu.port_gasket|pr_slot|afu_main|port_afu_instances|ofs_plat_afu|core|dma|csr_mgr_inst|src_last_q[38]~.comb|d	pin
EDGECOUNT	source38_pin	_quartus_sta_pin__517092	clock_edges	1	2048
EDGE	source38_pin	_quartus_sta_pin__517092	clock_edges	_quartus_sta_edge__478420	asynchronous	CELL	0	_quartus_sta_pin__520597	afu_top|pg_afu.port_gasket|pr_slot|afu_main|port_afu_instances|ofs_plat_afu|core|dma|csr_mgr_inst|add_1~26|sumout	pin	_quartus_sta_pin__517092	afu_top|pg_afu.port_gasket|pr_slot|afu_main|port_afu_instances|ofs_plat_afu|core|dma|csr_mgr_inst|src_last_q[38]~.comb|d	pin
EDGECOUNT	source38_pin	_quartus_sta_pin__517092	fanout_edges	1	2048
EDGE	source38_pin	_quartus_sta_pin__517092	fanout_edges	_quartus_sta_edge__474629	asynchronous	CELL	0	_quartus_sta_pin__517092	afu_top|pg_afu.port_gasket|pr_slot|afu_main|port_afu_instances|ofs_plat_afu|core|dma|csr_mgr_inst|src_last_q[38]~.comb|d	pin	_quartus_sta_pin__517093	afu_top|pg_afu.port_gasket|pr_slot|afu_main|port_afu_instances|ofs_plat_afu|core|dma|csr_mgr_inst|src_last_q[38]~.comb|q	pin
COUNT	source38_pin_lookup	0	32
GAP	source38	afu_top|pg_afu.port_gasket|pr_slot|afu_main|port_afu_instances|ofs_plat_afu|core|dma|csr_mgr_inst|src_last_q[38]~.comb|d	PIN_LOOKUP_NOT_EXACT_SINGLETON
NODE	source38_pin	_quartus_sta_pin__517093	afu_top|pg_afu.port_gasket|pr_slot|afu_main|port_afu_instances|ofs_plat_afu|core|dma|csr_mgr_inst|src_last_q[38]~.comb|q	pin	FF_X261_Y68_N46
EDGECOUNT	source38_pin	_quartus_sta_pin__517093	synch_edges	2	2048
EDGE	source38_pin	_quartus_sta_pin__517093	synch_edges	_quartus_sta_edge__474629	asynchronous	CELL	0	_quartus_sta_pin__517092	afu_top|pg_afu.port_gasket|pr_slot|afu_main|port_afu_instances|ofs_plat_afu|core|dma|csr_mgr_inst|src_last_q[38]~.comb|d	pin	_quartus_sta_pin__517093	afu_top|pg_afu.port_gasket|pr_slot|afu_main|port_afu_instances|ofs_plat_afu|core|dma|csr_mgr_inst|src_last_q[38]~.comb|q	pin
EDGE	source38_pin	_quartus_sta_pin__517093	synch_edges	_quartus_sta_edge__474628	asynchronous	CELL	0	_quartus_sta_pin__517091	afu_top|pg_afu.port_gasket|pr_slot|afu_main|port_afu_instances|ofs_plat_afu|core|dma|csr_mgr_inst|src_last_q[38]~.comb|sclr	pin	_quartus_sta_pin__517093	afu_top|pg_afu.port_gasket|pr_slot|afu_main|port_afu_instances|ofs_plat_afu|core|dma|csr_mgr_inst|src_last_q[38]~.comb|q	pin
EDGECOUNT	source38_pin	_quartus_sta_pin__517093	asynch_edges	2	2048
EDGE	source38_pin	_quartus_sta_pin__517093	asynch_edges	_quartus_sta_edge__474629	asynchronous	CELL	0	_quartus_sta_pin__517092	afu_top|pg_afu.port_gasket|pr_slot|afu_main|port_afu_instances|ofs_plat_afu|core|dma|csr_mgr_inst|src_last_q[38]~.comb|d	pin	_quartus_sta_pin__517093	afu_top|pg_afu.port_gasket|pr_slot|afu_main|port_afu_instances|ofs_plat_afu|core|dma|csr_mgr_inst|src_last_q[38]~.comb|q	pin
EDGE	source38_pin	_quartus_sta_pin__517093	asynch_edges	_quartus_sta_edge__474628	asynchronous	CELL	0	_quartus_sta_pin__517091	afu_top|pg_afu.port_gasket|pr_slot|afu_main|port_afu_instances|ofs_plat_afu|core|dma|csr_mgr_inst|src_last_q[38]~.comb|sclr	pin	_quartus_sta_pin__517093	afu_top|pg_afu.port_gasket|pr_slot|afu_main|port_afu_instances|ofs_plat_afu|core|dma|csr_mgr_inst|src_last_q[38]~.comb|q	pin
EDGECOUNT	source38_pin	_quartus_sta_pin__517093	clock_edges	2	2048
EDGE	source38_pin	_quartus_sta_pin__517093	clock_edges	_quartus_sta_edge__474629	asynchronous	CELL	0	_quartus_sta_pin__517092	afu_top|pg_afu.port_gasket|pr_slot|afu_main|port_afu_instances|ofs_plat_afu|core|dma|csr_mgr_inst|src_last_q[38]~.comb|d	pin	_quartus_sta_pin__517093	afu_top|pg_afu.port_gasket|pr_slot|afu_main|port_afu_instances|ofs_plat_afu|core|dma|csr_mgr_inst|src_last_q[38]~.comb|q	pin
EDGE	source38_pin	_quartus_sta_pin__517093	clock_edges	_quartus_sta_edge__474628	asynchronous	CELL	0	_quartus_sta_pin__517091	afu_top|pg_afu.port_gasket|pr_slot|afu_main|port_afu_instances|ofs_plat_afu|core|dma|csr_mgr_inst|src_last_q[38]~.comb|sclr	pin	_quartus_sta_pin__517093	afu_top|pg_afu.port_gasket|pr_slot|afu_main|port_afu_instances|ofs_plat_afu|core|dma|csr_mgr_inst|src_last_q[38]~.comb|q	pin
EDGECOUNT	source38_pin	_quartus_sta_pin__517093	fanout_edges	1	2048
EDGE	source38_pin	_quartus_sta_pin__517093	fanout_edges	_quartus_sta_edge__2777158	synchronous	IC	0	_quartus_sta_pin__517093	afu_top|pg_afu.port_gasket|pr_slot|afu_main|port_afu_instances|ofs_plat_afu|core|dma|csr_mgr_inst|src_last_q[38]~.comb|q	pin	_quartus_sta_pin__823610	afu_top|pg_afu.port_gasket|pr_slot|afu_main|port_afu_instances|ofs_plat_afu|core|dma|csr_mgr_inst|i919~24|datad	pin
COUNT	source38_pin_lookup	0	32
GAP	source38	afu_top|pg_afu.port_gasket|pr_slot|afu_main|port_afu_instances|ofs_plat_afu|core|dma|csr_mgr_inst|src_last_q[38]~.comb|q	PIN_LOOKUP_NOT_EXACT_SINGLETON
COUNT	source38_buried	1	64
NODE	source38_buried	_quartus_sta_node__517094	afu_top|pg_afu.port_gasket|pr_slot|afu_main|port_afu_instances|ofs_plat_afu|core|dma|csr_mgr_inst|src_last_q[38]~.comb	reg	FF_X261_Y68_N46
EDGECOUNT	source38_buried	_quartus_sta_node__517094	synch_edges	0	2048
EDGECOUNT	source38_buried	_quartus_sta_node__517094	asynch_edges	0	2048
EDGECOUNT	source38_buried	_quartus_sta_node__517094	clock_edges	1	2048
EDGE	source38_buried	_quartus_sta_node__517094	clock_edges	_quartus_sta_edge__474627	clock	CELL	0	_quartus_sta_pin__517090	afu_top|pg_afu.port_gasket|pr_slot|afu_main|port_afu_instances|ofs_plat_afu|core|dma|csr_mgr_inst|src_last_q[38]~.comb|clk	pin	_quartus_sta_reg__517094	afu_top|pg_afu.port_gasket|pr_slot|afu_main|port_afu_instances|ofs_plat_afu|core|dma|csr_mgr_inst|src_last_q[38]~.comb	reg
EDGECOUNT	source38_buried	_quartus_sta_node__517094	fanout_edges	0	2048
COUNT	source38_buried_regs	1	64
NODE	source38_buried_reg	_quartus_sta_reg__517094	afu_top|pg_afu.port_gasket|pr_slot|afu_main|port_afu_instances|ofs_plat_afu|core|dma|csr_mgr_inst|src_last_q[38]~.comb	reg	FF_X261_Y68_N46
COUNT	source38_input_union_fanins	41	2048
NODE	source38_input_union_fanins	_quartus_sta_kpr__1254792	afu_top|pg_afu.port_gasket|pr_slot|afu_main|port_afu_instances|ofs_plat_afu|core|dma|csr_mgr_inst|dma_csr_map.descriptor.src_addr[1]~BLOCK_INPUT_MUX_PASSTHROUGH_X261_Y68_N0_I5_dff	reg	BLOCK_INPUT_MUX_PASSTHROUGH_X261_Y68_N0_I5
NODE	source38_input_union_fanins	_quartus_sta_kpr__1254816	afu_top|pg_afu.port_gasket|pr_slot|afu_main|port_afu_instances|ofs_plat_afu|core|dma|csr_mgr_inst|dma_csr_map.descriptor.src_addr[2]~BLOCK_INPUT_MUX_PASSTHROUGH_X261_Y68_N0_I7_dff	reg	BLOCK_INPUT_MUX_PASSTHROUGH_X261_Y68_N0_I7
NODE	source38_input_union_fanins	_quartus_sta_kpr__1254828	afu_top|pg_afu.port_gasket|pr_slot|afu_main|port_afu_instances|ofs_plat_afu|core|dma|csr_mgr_inst|dma_csr_map.descriptor.src_addr[3]~BLOCK_INPUT_MUX_PASSTHROUGH_X261_Y68_N0_I0_dff	reg	BLOCK_INPUT_MUX_PASSTHROUGH_X261_Y68_N0_I0
NODE	source38_input_union_fanins	_quartus_sta_kpr__1254848	afu_top|pg_afu.port_gasket|pr_slot|afu_main|port_afu_instances|ofs_plat_afu|core|dma|csr_mgr_inst|dma_csr_map.descriptor.src_addr[0]~BLOCK_INPUT_MUX_PASSTHROUGH_X261_Y68_N0_I4_dff	reg	BLOCK_INPUT_MUX_PASSTHROUGH_X261_Y68_N0_I4
NODE	source38_input_union_fanins	_quartus_sta_kpr__1254852	afu_top|pg_afu.port_gasket|pr_slot|afu_main|port_afu_instances|ofs_plat_afu|core|dma|csr_mgr_inst|dma_csr_map.descriptor.src_addr[5]~BLOCK_INPUT_MUX_PASSTHROUGH_X261_Y68_N0_I6_dff	reg	BLOCK_INPUT_MUX_PASSTHROUGH_X261_Y68_N0_I6
NODE	source38_input_union_fanins	_quartus_sta_kpr__1254856	afu_top|pg_afu.port_gasket|pr_slot|afu_main|port_afu_instances|ofs_plat_afu|core|dma|csr_mgr_inst|dma_csr_map.descriptor.src_addr[4]~BLOCK_INPUT_MUX_PASSTHROUGH_X261_Y68_N0_I1_dff	reg	BLOCK_INPUT_MUX_PASSTHROUGH_X261_Y68_N0_I1
NODE	source38_input_union_fanins	_quartus_sta_kpr__1255084	afu_top|pg_afu.port_gasket|pr_slot|afu_main|port_afu_instances|ofs_plat_afu|core|dma|csr_mgr_inst|add_0~26_BLOCK_INPUT_MUX_PASSTHROUGH_X261_Y68_N0_I57_dff	reg	BLOCK_INPUT_MUX_PASSTHROUGH_X261_Y68_N0_I57
NODE	source38_input_union_fanins	_quartus_sta_kpr__1255144	afu_top|pg_afu.port_gasket|pr_slot|afu_main|port_afu_instances|ofs_plat_afu|core|dma|csr_mgr_inst|add_0~66_BLOCK_INPUT_MUX_PASSTHROUGH_X261_Y68_N0_I56_dff	reg	BLOCK_INPUT_MUX_PASSTHROUGH_X261_Y68_N0_I56
NODE	source38_input_union_fanins	_quartus_sta_kpr__1255156	afu_top|pg_afu.port_gasket|pr_slot|afu_main|port_afu_instances|ofs_plat_afu|core|dma|csr_mgr_inst|add_0~71_BLOCK_INPUT_MUX_PASSTHROUGH_X261_Y68_N0_I53_dff	reg	BLOCK_INPUT_MUX_PASSTHROUGH_X261_Y68_N0_I53
NODE	source38_input_union_fanins	_quartus_sta_kpr__1255168	afu_top|pg_afu.port_gasket|pr_slot|afu_main|port_afu_instances|ofs_plat_afu|core|dma|csr_mgr_inst|add_0~76_BLOCK_INPUT_MUX_PASSTHROUGH_X261_Y68_N0_I54_dff	reg	BLOCK_INPUT_MUX_PASSTHROUGH_X261_Y68_N0_I54
NODE	source38_input_union_fanins	_quartus_sta_kpr__1255188	afu_top|pg_afu.port_gasket|pr_slot|afu_main|port_afu_instances|ofs_plat_afu|core|dma|csr_mgr_inst|add_0~101_BLOCK_INPUT_MUX_PASSTHROUGH_X261_Y68_N0_I46_dff	reg	BLOCK_INPUT_MUX_PASSTHROUGH_X261_Y68_N0_I46
NODE	source38_input_union_fanins	_quartus_sta_kpr__1255668	afu_top|pg_afu.port_gasket|pr_slot|afu_main|port_afu_instances|ofs_plat_afu|core|dma|csr_mgr_inst|add_0~121_BLOCK_INPUT_MUX_PASSTHROUGH_X261_Y68_N0_I44_dff	reg	BLOCK_INPUT_MUX_PASSTHROUGH_X261_Y68_N0_I44
NODE	source38_input_union_fanins	_quartus_sta_kpr__1256032	afu_top|pg_afu.port_gasket|pr_slot|afu_main|port_afu_instances|ofs_plat_afu|core|dma|csr_mgr_inst|add_0~126_BLOCK_INPUT_MUX_PASSTHROUGH_X261_Y68_N0_I40_dff	reg	BLOCK_INPUT_MUX_PASSTHROUGH_X261_Y68_N0_I40
NODE	source38_input_union_fanins	_quartus_sta_kpr__1256188	afu_top|pg_afu.port_gasket|pr_slot|afu_main|port_afu_instances|ofs_plat_afu|core|dma|csr_mgr_inst|add_0~131_BLOCK_INPUT_MUX_PASSTHROUGH_X261_Y68_N0_I45_dff	reg	BLOCK_INPUT_MUX_PASSTHROUGH_X261_Y68_N0_I45
NODE	source38_input_union_fanins	_quartus_sta_kpr__1256368	afu_top|pg_afu.port_gasket|pr_slot|afu_main|port_afu_instances|ofs_plat_afu|core|dma|csr_mgr_inst|add_0~136_BLOCK_INPUT_MUX_PASSTHROUGH_X261_Y68_N0_I47_dff	reg	BLOCK_INPUT_MUX_PASSTHROUGH_X261_Y68_N0_I47
NODE	source38_input_union_fanins	_quartus_sta_kpr__1256564	afu_top|pg_afu.port_gasket|pr_slot|afu_main|port_afu_instances|ofs_plat_afu|core|dma|csr_mgr_inst|add_0~141_BLOCK_INPUT_MUX_PASSTHROUGH_X261_Y68_N0_I33_dff	reg	BLOCK_INPUT_MUX_PASSTHROUGH_X261_Y68_N0_I33
NODE	source38_input_union_fanins	_quartus_sta_kpr__1256608	afu_top|pg_afu.port_gasket|pr_slot|afu_main|port_afu_instances|ofs_plat_afu|core|dma|csr_mgr_inst|add_0~146_BLOCK_INPUT_MUX_PASSTHROUGH_X261_Y68_N0_I38_dff	reg	BLOCK_INPUT_MUX_PASSTHROUGH_X261_Y68_N0_I38
NODE	source38_input_union_fanins	_quartus_sta_kpr__1256952	afu_top|pg_afu.port_gasket|pr_slot|afu_main|port_afu_instances|ofs_plat_afu|core|dma|csr_mgr_inst|add_0~151_BLOCK_INPUT_MUX_PASSTHROUGH_X261_Y68_N0_I37_dff	reg	BLOCK_INPUT_MUX_PASSTHROUGH_X261_Y68_N0_I37
NODE	source38_input_union_fanins	_quartus_sta_kpr__1257364	afu_top|pg_afu.port_gasket|pr_slot|afu_main|port_afu_instances|ofs_plat_afu|core|dma|csr_mgr_inst|add_0~156_BLOCK_INPUT_MUX_PASSTHROUGH_X261_Y68_N0_I39_dff	reg	BLOCK_INPUT_MUX_PASSTHROUGH_X261_Y68_N0_I39
NODE	source38_input_union_fanins	_quartus_sta_kpr__1257372	afu_top|pg_afu.port_gasket|pr_slot|afu_main|port_afu_instances|ofs_plat_afu|core|dma|csr_mgr_inst|add_0~161_BLOCK_INPUT_MUX_PASSTHROUGH_X261_Y68_N0_I32_dff	reg	BLOCK_INPUT_MUX_PASSTHROUGH_X261_Y68_N0_I32
NODE	source38_input_union_fanins	_quartus_sta_kpr__1257380	afu_top|pg_afu.port_gasket|pr_slot|afu_main|port_afu_instances|ofs_plat_afu|core|dma|csr_mgr_inst|add_0~166_BLOCK_INPUT_MUX_PASSTHROUGH_X261_Y68_N0_I36_dff	reg	BLOCK_INPUT_MUX_PASSTHROUGH_X261_Y68_N0_I36
NODE	source38_input_union_fanins	_quartus_sta_kpr__1258992	afu_top|pg_afu.port_gasket|pr_slot|afu_main|port_afu_instances|ofs_plat_afu|core|dma|csr_mgr_inst|add_0~171_BLOCK_INPUT_MUX_PASSTHROUGH_X261_Y68_N0_I30_dff	reg	BLOCK_INPUT_MUX_PASSTHROUGH_X261_Y68_N0_I30
NODE	source38_input_union_fanins	_quartus_sta_kpr__1259000	afu_top|pg_afu.port_gasket|pr_slot|afu_main|port_afu_instances|ofs_plat_afu|core|dma|csr_mgr_inst|add_0~176_BLOCK_INPUT_MUX_PASSTHROUGH_X261_Y68_N0_I25_dff	reg	BLOCK_INPUT_MUX_PASSTHROUGH_X261_Y68_N0_I25
NODE	source38_input_union_fanins	_quartus_sta_kpr__1259352	afu_top|pg_afu.port_gasket|pr_slot|afu_main|port_afu_instances|ofs_plat_afu|core|dma|csr_mgr_inst|add_0~181_BLOCK_INPUT_MUX_PASSTHROUGH_X261_Y68_N0_I31_dff	reg	BLOCK_INPUT_MUX_PASSTHROUGH_X261_Y68_N0_I31
NODE	source38_input_union_fanins	_quartus_sta_kpr__1259360	afu_top|pg_afu.port_gasket|pr_slot|afu_main|port_afu_instances|ofs_plat_afu|core|dma|csr_mgr_inst|add_0~186_BLOCK_INPUT_MUX_PASSTHROUGH_X261_Y68_N0_I29_dff	reg	BLOCK_INPUT_MUX_PASSTHROUGH_X261_Y68_N0_I29
NODE	source38_input_union_fanins	_quartus_sta_kpr__1259368	afu_top|pg_afu.port_gasket|pr_slot|afu_main|port_afu_instances|ofs_plat_afu|core|dma|csr_mgr_inst|add_0~191_BLOCK_INPUT_MUX_PASSTHROUGH_X261_Y68_N0_I24_dff	reg	BLOCK_INPUT_MUX_PASSTHROUGH_X261_Y68_N0_I24
NODE	source38_input_union_fanins	_quartus_sta_kpr__1259376	afu_top|pg_afu.port_gasket|pr_slot|afu_main|port_afu_instances|ofs_plat_afu|core|dma|csr_mgr_inst|add_0~196_BLOCK_INPUT_MUX_PASSTHROUGH_X261_Y68_N0_I28_dff	reg	BLOCK_INPUT_MUX_PASSTHROUGH_X261_Y68_N0_I28
NODE	source38_input_union_fanins	_quartus_sta_kpr__1259384	afu_top|pg_afu.port_gasket|pr_slot|afu_main|port_afu_instances|ofs_plat_afu|core|dma|csr_mgr_inst|add_0~201_BLOCK_INPUT_MUX_PASSTHROUGH_X261_Y68_N0_I17_dff	reg	BLOCK_INPUT_MUX_PASSTHROUGH_X261_Y68_N0_I17
NODE	source38_input_union_fanins	_quartus_sta_kpr__1259392	afu_top|pg_afu.port_gasket|pr_slot|afu_main|port_afu_instances|ofs_plat_afu|core|dma|csr_mgr_inst|add_0~206_BLOCK_INPUT_MUX_PASSTHROUGH_X261_Y68_N0_I22_dff	reg	BLOCK_INPUT_MUX_PASSTHROUGH_X261_Y68_N0_I22
NODE	source38_input_union_fanins	_quartus_sta_kpr__1259400	afu_top|pg_afu.port_gasket|pr_slot|afu_main|port_afu_instances|ofs_plat_afu|core|dma|csr_mgr_inst|add_0~211_BLOCK_INPUT_MUX_PASSTHROUGH_X261_Y68_N0_I21_dff	reg	BLOCK_INPUT_MUX_PASSTHROUGH_X261_Y68_N0_I21
NODE	source38_input_union_fanins	_quartus_sta_kpr__1259408	afu_top|pg_afu.port_gasket|pr_slot|afu_main|port_afu_instances|ofs_plat_afu|core|dma|csr_mgr_inst|add_0~216_BLOCK_INPUT_MUX_PASSTHROUGH_X261_Y68_N0_I23_dff	reg	BLOCK_INPUT_MUX_PASSTHROUGH_X261_Y68_N0_I23
NODE	source38_input_union_fanins	_quartus_sta_kpr__1259416	afu_top|pg_afu.port_gasket|pr_slot|afu_main|port_afu_instances|ofs_plat_afu|core|dma|csr_mgr_inst|add_0~221_BLOCK_INPUT_MUX_PASSTHROUGH_X261_Y68_N0_I20_dff	reg	BLOCK_INPUT_MUX_PASSTHROUGH_X261_Y68_N0_I20
NODE	source38_input_union_fanins	_quartus_sta_kpr__1259424	afu_top|pg_afu.port_gasket|pr_slot|afu_main|port_afu_instances|ofs_plat_afu|core|dma|csr_mgr_inst|add_0~226_BLOCK_INPUT_MUX_PASSTHROUGH_X261_Y68_N0_I16_dff	reg	BLOCK_INPUT_MUX_PASSTHROUGH_X261_Y68_N0_I16
NODE	source38_input_union_fanins	_quartus_sta_kpr__1259432	afu_top|pg_afu.port_gasket|pr_slot|afu_main|port_afu_instances|ofs_plat_afu|core|dma|csr_mgr_inst|add_0~231_BLOCK_INPUT_MUX_PASSTHROUGH_X261_Y68_N0_I14_dff	reg	BLOCK_INPUT_MUX_PASSTHROUGH_X261_Y68_N0_I14
NODE	source38_input_union_fanins	_quartus_sta_kpr__1259440	afu_top|pg_afu.port_gasket|pr_slot|afu_main|port_afu_instances|ofs_plat_afu|core|dma|csr_mgr_inst|add_0~236_BLOCK_INPUT_MUX_PASSTHROUGH_X261_Y68_N0_I9_dff	reg	BLOCK_INPUT_MUX_PASSTHROUGH_X261_Y68_N0_I9
NODE	source38_input_union_fanins	_quartus_sta_kpr__1259448	afu_top|pg_afu.port_gasket|pr_slot|afu_main|port_afu_instances|ofs_plat_afu|core|dma|csr_mgr_inst|add_0~241_BLOCK_INPUT_MUX_PASSTHROUGH_X261_Y68_N0_I15_dff	reg	BLOCK_INPUT_MUX_PASSTHROUGH_X261_Y68_N0_I15
NODE	source38_input_union_fanins	_quartus_sta_kpr__1259456	afu_top|pg_afu.port_gasket|pr_slot|afu_main|port_afu_instances|ofs_plat_afu|core|dma|csr_mgr_inst|add_0~246_BLOCK_INPUT_MUX_PASSTHROUGH_X261_Y68_N0_I8_dff	reg	BLOCK_INPUT_MUX_PASSTHROUGH_X261_Y68_N0_I8
NODE	source38_input_union_fanins	_quartus_sta_kpr__1259464	afu_top|pg_afu.port_gasket|pr_slot|afu_main|port_afu_instances|ofs_plat_afu|core|dma|csr_mgr_inst|add_0~251_BLOCK_INPUT_MUX_PASSTHROUGH_X261_Y68_N0_I12_dff	reg	BLOCK_INPUT_MUX_PASSTHROUGH_X261_Y68_N0_I12
NODE	source38_input_union_fanins	_quartus_sta_kpr__1259472	afu_top|pg_afu.port_gasket|pr_slot|afu_main|port_afu_instances|ofs_plat_afu|core|dma|csr_mgr_inst|add_0~256_BLOCK_INPUT_MUX_PASSTHROUGH_X261_Y68_N0_I13_dff	reg	BLOCK_INPUT_MUX_PASSTHROUGH_X261_Y68_N0_I13
NODE	source38_input_union_fanins	_quartus_sta_kpr__1397987	afu_top|pg_afu.port_gasket|pr_slot|afu_main|port_afu_instances|ofs_plat_afu|core|dma|csr_mgr_inst|src_last_q[37]~SCLR_dff	reg	FF_X261_Y68_N75
NODE	source38_input_union_fanins	_quartus_sta_kpr__2240868	ddr4_mem_ref_clk[0].clk	port	PIN_HF23
COUNT	source38_input_union_fanouts	0	2048
COUNT	source38_output_union_fanins	40	2048
NODE	source38_output_union_fanins	_quartus_sta_kpr__1254792	afu_top|pg_afu.port_gasket|pr_slot|afu_main|port_afu_instances|ofs_plat_afu|core|dma|csr_mgr_inst|dma_csr_map.descriptor.src_addr[1]~BLOCK_INPUT_MUX_PASSTHROUGH_X261_Y68_N0_I5_dff	reg	BLOCK_INPUT_MUX_PASSTHROUGH_X261_Y68_N0_I5
NODE	source38_output_union_fanins	_quartus_sta_kpr__1254816	afu_top|pg_afu.port_gasket|pr_slot|afu_main|port_afu_instances|ofs_plat_afu|core|dma|csr_mgr_inst|dma_csr_map.descriptor.src_addr[2]~BLOCK_INPUT_MUX_PASSTHROUGH_X261_Y68_N0_I7_dff	reg	BLOCK_INPUT_MUX_PASSTHROUGH_X261_Y68_N0_I7
NODE	source38_output_union_fanins	_quartus_sta_kpr__1254828	afu_top|pg_afu.port_gasket|pr_slot|afu_main|port_afu_instances|ofs_plat_afu|core|dma|csr_mgr_inst|dma_csr_map.descriptor.src_addr[3]~BLOCK_INPUT_MUX_PASSTHROUGH_X261_Y68_N0_I0_dff	reg	BLOCK_INPUT_MUX_PASSTHROUGH_X261_Y68_N0_I0
NODE	source38_output_union_fanins	_quartus_sta_kpr__1254848	afu_top|pg_afu.port_gasket|pr_slot|afu_main|port_afu_instances|ofs_plat_afu|core|dma|csr_mgr_inst|dma_csr_map.descriptor.src_addr[0]~BLOCK_INPUT_MUX_PASSTHROUGH_X261_Y68_N0_I4_dff	reg	BLOCK_INPUT_MUX_PASSTHROUGH_X261_Y68_N0_I4
NODE	source38_output_union_fanins	_quartus_sta_kpr__1254852	afu_top|pg_afu.port_gasket|pr_slot|afu_main|port_afu_instances|ofs_plat_afu|core|dma|csr_mgr_inst|dma_csr_map.descriptor.src_addr[5]~BLOCK_INPUT_MUX_PASSTHROUGH_X261_Y68_N0_I6_dff	reg	BLOCK_INPUT_MUX_PASSTHROUGH_X261_Y68_N0_I6
NODE	source38_output_union_fanins	_quartus_sta_kpr__1254856	afu_top|pg_afu.port_gasket|pr_slot|afu_main|port_afu_instances|ofs_plat_afu|core|dma|csr_mgr_inst|dma_csr_map.descriptor.src_addr[4]~BLOCK_INPUT_MUX_PASSTHROUGH_X261_Y68_N0_I1_dff	reg	BLOCK_INPUT_MUX_PASSTHROUGH_X261_Y68_N0_I1
NODE	source38_output_union_fanins	_quartus_sta_kpr__1255084	afu_top|pg_afu.port_gasket|pr_slot|afu_main|port_afu_instances|ofs_plat_afu|core|dma|csr_mgr_inst|add_0~26_BLOCK_INPUT_MUX_PASSTHROUGH_X261_Y68_N0_I57_dff	reg	BLOCK_INPUT_MUX_PASSTHROUGH_X261_Y68_N0_I57
NODE	source38_output_union_fanins	_quartus_sta_kpr__1255144	afu_top|pg_afu.port_gasket|pr_slot|afu_main|port_afu_instances|ofs_plat_afu|core|dma|csr_mgr_inst|add_0~66_BLOCK_INPUT_MUX_PASSTHROUGH_X261_Y68_N0_I56_dff	reg	BLOCK_INPUT_MUX_PASSTHROUGH_X261_Y68_N0_I56
NODE	source38_output_union_fanins	_quartus_sta_kpr__1255156	afu_top|pg_afu.port_gasket|pr_slot|afu_main|port_afu_instances|ofs_plat_afu|core|dma|csr_mgr_inst|add_0~71_BLOCK_INPUT_MUX_PASSTHROUGH_X261_Y68_N0_I53_dff	reg	BLOCK_INPUT_MUX_PASSTHROUGH_X261_Y68_N0_I53
NODE	source38_output_union_fanins	_quartus_sta_kpr__1255168	afu_top|pg_afu.port_gasket|pr_slot|afu_main|port_afu_instances|ofs_plat_afu|core|dma|csr_mgr_inst|add_0~76_BLOCK_INPUT_MUX_PASSTHROUGH_X261_Y68_N0_I54_dff	reg	BLOCK_INPUT_MUX_PASSTHROUGH_X261_Y68_N0_I54
NODE	source38_output_union_fanins	_quartus_sta_kpr__1255188	afu_top|pg_afu.port_gasket|pr_slot|afu_main|port_afu_instances|ofs_plat_afu|core|dma|csr_mgr_inst|add_0~101_BLOCK_INPUT_MUX_PASSTHROUGH_X261_Y68_N0_I46_dff	reg	BLOCK_INPUT_MUX_PASSTHROUGH_X261_Y68_N0_I46
NODE	source38_output_union_fanins	_quartus_sta_kpr__1255668	afu_top|pg_afu.port_gasket|pr_slot|afu_main|port_afu_instances|ofs_plat_afu|core|dma|csr_mgr_inst|add_0~121_BLOCK_INPUT_MUX_PASSTHROUGH_X261_Y68_N0_I44_dff	reg	BLOCK_INPUT_MUX_PASSTHROUGH_X261_Y68_N0_I44
NODE	source38_output_union_fanins	_quartus_sta_kpr__1256032	afu_top|pg_afu.port_gasket|pr_slot|afu_main|port_afu_instances|ofs_plat_afu|core|dma|csr_mgr_inst|add_0~126_BLOCK_INPUT_MUX_PASSTHROUGH_X261_Y68_N0_I40_dff	reg	BLOCK_INPUT_MUX_PASSTHROUGH_X261_Y68_N0_I40
NODE	source38_output_union_fanins	_quartus_sta_kpr__1256188	afu_top|pg_afu.port_gasket|pr_slot|afu_main|port_afu_instances|ofs_plat_afu|core|dma|csr_mgr_inst|add_0~131_BLOCK_INPUT_MUX_PASSTHROUGH_X261_Y68_N0_I45_dff	reg	BLOCK_INPUT_MUX_PASSTHROUGH_X261_Y68_N0_I45
NODE	source38_output_union_fanins	_quartus_sta_kpr__1256368	afu_top|pg_afu.port_gasket|pr_slot|afu_main|port_afu_instances|ofs_plat_afu|core|dma|csr_mgr_inst|add_0~136_BLOCK_INPUT_MUX_PASSTHROUGH_X261_Y68_N0_I47_dff	reg	BLOCK_INPUT_MUX_PASSTHROUGH_X261_Y68_N0_I47
NODE	source38_output_union_fanins	_quartus_sta_kpr__1256564	afu_top|pg_afu.port_gasket|pr_slot|afu_main|port_afu_instances|ofs_plat_afu|core|dma|csr_mgr_inst|add_0~141_BLOCK_INPUT_MUX_PASSTHROUGH_X261_Y68_N0_I33_dff	reg	BLOCK_INPUT_MUX_PASSTHROUGH_X261_Y68_N0_I33
NODE	source38_output_union_fanins	_quartus_sta_kpr__1256608	afu_top|pg_afu.port_gasket|pr_slot|afu_main|port_afu_instances|ofs_plat_afu|core|dma|csr_mgr_inst|add_0~146_BLOCK_INPUT_MUX_PASSTHROUGH_X261_Y68_N0_I38_dff	reg	BLOCK_INPUT_MUX_PASSTHROUGH_X261_Y68_N0_I38
NODE	source38_output_union_fanins	_quartus_sta_kpr__1256952	afu_top|pg_afu.port_gasket|pr_slot|afu_main|port_afu_instances|ofs_plat_afu|core|dma|csr_mgr_inst|add_0~151_BLOCK_INPUT_MUX_PASSTHROUGH_X261_Y68_N0_I37_dff	reg	BLOCK_INPUT_MUX_PASSTHROUGH_X261_Y68_N0_I37
NODE	source38_output_union_fanins	_quartus_sta_kpr__1257364	afu_top|pg_afu.port_gasket|pr_slot|afu_main|port_afu_instances|ofs_plat_afu|core|dma|csr_mgr_inst|add_0~156_BLOCK_INPUT_MUX_PASSTHROUGH_X261_Y68_N0_I39_dff	reg	BLOCK_INPUT_MUX_PASSTHROUGH_X261_Y68_N0_I39
NODE	source38_output_union_fanins	_quartus_sta_kpr__1257372	afu_top|pg_afu.port_gasket|pr_slot|afu_main|port_afu_instances|ofs_plat_afu|core|dma|csr_mgr_inst|add_0~161_BLOCK_INPUT_MUX_PASSTHROUGH_X261_Y68_N0_I32_dff	reg	BLOCK_INPUT_MUX_PASSTHROUGH_X261_Y68_N0_I32
NODE	source38_output_union_fanins	_quartus_sta_kpr__1257380	afu_top|pg_afu.port_gasket|pr_slot|afu_main|port_afu_instances|ofs_plat_afu|core|dma|csr_mgr_inst|add_0~166_BLOCK_INPUT_MUX_PASSTHROUGH_X261_Y68_N0_I36_dff	reg	BLOCK_INPUT_MUX_PASSTHROUGH_X261_Y68_N0_I36
NODE	source38_output_union_fanins	_quartus_sta_kpr__1258992	afu_top|pg_afu.port_gasket|pr_slot|afu_main|port_afu_instances|ofs_plat_afu|core|dma|csr_mgr_inst|add_0~171_BLOCK_INPUT_MUX_PASSTHROUGH_X261_Y68_N0_I30_dff	reg	BLOCK_INPUT_MUX_PASSTHROUGH_X261_Y68_N0_I30
NODE	source38_output_union_fanins	_quartus_sta_kpr__1259000	afu_top|pg_afu.port_gasket|pr_slot|afu_main|port_afu_instances|ofs_plat_afu|core|dma|csr_mgr_inst|add_0~176_BLOCK_INPUT_MUX_PASSTHROUGH_X261_Y68_N0_I25_dff	reg	BLOCK_INPUT_MUX_PASSTHROUGH_X261_Y68_N0_I25
NODE	source38_output_union_fanins	_quartus_sta_kpr__1259352	afu_top|pg_afu.port_gasket|pr_slot|afu_main|port_afu_instances|ofs_plat_afu|core|dma|csr_mgr_inst|add_0~181_BLOCK_INPUT_MUX_PASSTHROUGH_X261_Y68_N0_I31_dff	reg	BLOCK_INPUT_MUX_PASSTHROUGH_X261_Y68_N0_I31
NODE	source38_output_union_fanins	_quartus_sta_kpr__1259360	afu_top|pg_afu.port_gasket|pr_slot|afu_main|port_afu_instances|ofs_plat_afu|core|dma|csr_mgr_inst|add_0~186_BLOCK_INPUT_MUX_PASSTHROUGH_X261_Y68_N0_I29_dff	reg	BLOCK_INPUT_MUX_PASSTHROUGH_X261_Y68_N0_I29
NODE	source38_output_union_fanins	_quartus_sta_kpr__1259368	afu_top|pg_afu.port_gasket|pr_slot|afu_main|port_afu_instances|ofs_plat_afu|core|dma|csr_mgr_inst|add_0~191_BLOCK_INPUT_MUX_PASSTHROUGH_X261_Y68_N0_I24_dff	reg	BLOCK_INPUT_MUX_PASSTHROUGH_X261_Y68_N0_I24
NODE	source38_output_union_fanins	_quartus_sta_kpr__1259376	afu_top|pg_afu.port_gasket|pr_slot|afu_main|port_afu_instances|ofs_plat_afu|core|dma|csr_mgr_inst|add_0~196_BLOCK_INPUT_MUX_PASSTHROUGH_X261_Y68_N0_I28_dff	reg	BLOCK_INPUT_MUX_PASSTHROUGH_X261_Y68_N0_I28
NODE	source38_output_union_fanins	_quartus_sta_kpr__1259384	afu_top|pg_afu.port_gasket|pr_slot|afu_main|port_afu_instances|ofs_plat_afu|core|dma|csr_mgr_inst|add_0~201_BLOCK_INPUT_MUX_PASSTHROUGH_X261_Y68_N0_I17_dff	reg	BLOCK_INPUT_MUX_PASSTHROUGH_X261_Y68_N0_I17
NODE	source38_output_union_fanins	_quartus_sta_kpr__1259392	afu_top|pg_afu.port_gasket|pr_slot|afu_main|port_afu_instances|ofs_plat_afu|core|dma|csr_mgr_inst|add_0~206_BLOCK_INPUT_MUX_PASSTHROUGH_X261_Y68_N0_I22_dff	reg	BLOCK_INPUT_MUX_PASSTHROUGH_X261_Y68_N0_I22
NODE	source38_output_union_fanins	_quartus_sta_kpr__1259400	afu_top|pg_afu.port_gasket|pr_slot|afu_main|port_afu_instances|ofs_plat_afu|core|dma|csr_mgr_inst|add_0~211_BLOCK_INPUT_MUX_PASSTHROUGH_X261_Y68_N0_I21_dff	reg	BLOCK_INPUT_MUX_PASSTHROUGH_X261_Y68_N0_I21
NODE	source38_output_union_fanins	_quartus_sta_kpr__1259408	afu_top|pg_afu.port_gasket|pr_slot|afu_main|port_afu_instances|ofs_plat_afu|core|dma|csr_mgr_inst|add_0~216_BLOCK_INPUT_MUX_PASSTHROUGH_X261_Y68_N0_I23_dff	reg	BLOCK_INPUT_MUX_PASSTHROUGH_X261_Y68_N0_I23
NODE	source38_output_union_fanins	_quartus_sta_kpr__1259416	afu_top|pg_afu.port_gasket|pr_slot|afu_main|port_afu_instances|ofs_plat_afu|core|dma|csr_mgr_inst|add_0~221_BLOCK_INPUT_MUX_PASSTHROUGH_X261_Y68_N0_I20_dff	reg	BLOCK_INPUT_MUX_PASSTHROUGH_X261_Y68_N0_I20
NODE	source38_output_union_fanins	_quartus_sta_kpr__1259424	afu_top|pg_afu.port_gasket|pr_slot|afu_main|port_afu_instances|ofs_plat_afu|core|dma|csr_mgr_inst|add_0~226_BLOCK_INPUT_MUX_PASSTHROUGH_X261_Y68_N0_I16_dff	reg	BLOCK_INPUT_MUX_PASSTHROUGH_X261_Y68_N0_I16
NODE	source38_output_union_fanins	_quartus_sta_kpr__1259432	afu_top|pg_afu.port_gasket|pr_slot|afu_main|port_afu_instances|ofs_plat_afu|core|dma|csr_mgr_inst|add_0~231_BLOCK_INPUT_MUX_PASSTHROUGH_X261_Y68_N0_I14_dff	reg	BLOCK_INPUT_MUX_PASSTHROUGH_X261_Y68_N0_I14
NODE	source38_output_union_fanins	_quartus_sta_kpr__1259440	afu_top|pg_afu.port_gasket|pr_slot|afu_main|port_afu_instances|ofs_plat_afu|core|dma|csr_mgr_inst|add_0~236_BLOCK_INPUT_MUX_PASSTHROUGH_X261_Y68_N0_I9_dff	reg	BLOCK_INPUT_MUX_PASSTHROUGH_X261_Y68_N0_I9
NODE	source38_output_union_fanins	_quartus_sta_kpr__1259448	afu_top|pg_afu.port_gasket|pr_slot|afu_main|port_afu_instances|ofs_plat_afu|core|dma|csr_mgr_inst|add_0~241_BLOCK_INPUT_MUX_PASSTHROUGH_X261_Y68_N0_I15_dff	reg	BLOCK_INPUT_MUX_PASSTHROUGH_X261_Y68_N0_I15
NODE	source38_output_union_fanins	_quartus_sta_kpr__1259456	afu_top|pg_afu.port_gasket|pr_slot|afu_main|port_afu_instances|ofs_plat_afu|core|dma|csr_mgr_inst|add_0~246_BLOCK_INPUT_MUX_PASSTHROUGH_X261_Y68_N0_I8_dff	reg	BLOCK_INPUT_MUX_PASSTHROUGH_X261_Y68_N0_I8
NODE	source38_output_union_fanins	_quartus_sta_kpr__1259464	afu_top|pg_afu.port_gasket|pr_slot|afu_main|port_afu_instances|ofs_plat_afu|core|dma|csr_mgr_inst|add_0~251_BLOCK_INPUT_MUX_PASSTHROUGH_X261_Y68_N0_I12_dff	reg	BLOCK_INPUT_MUX_PASSTHROUGH_X261_Y68_N0_I12
NODE	source38_output_union_fanins	_quartus_sta_kpr__1259472	afu_top|pg_afu.port_gasket|pr_slot|afu_main|port_afu_instances|ofs_plat_afu|core|dma|csr_mgr_inst|add_0~256_BLOCK_INPUT_MUX_PASSTHROUGH_X261_Y68_N0_I13_dff	reg	BLOCK_INPUT_MUX_PASSTHROUGH_X261_Y68_N0_I13
NODE	source38_output_union_fanins	_quartus_sta_kpr__1397987	afu_top|pg_afu.port_gasket|pr_slot|afu_main|port_afu_instances|ofs_plat_afu|core|dma|csr_mgr_inst|src_last_q[37]~SCLR_dff	reg	FF_X261_Y68_N75
COUNT	source38_output_union_fanouts	0	2048
SEEDCOUNT	source38	src_last_q[38]~.comb	1
NODE	destination37_seed	_quartus_sta_reg__517156	afu_top|pg_afu.port_gasket|pr_slot|afu_main|port_afu_instances|ofs_plat_afu|core|dma|csr_mgr_inst|dst_last_q[37]~.comb	reg	FF_X255_Y68_N43
EDGECOUNT	destination37_seed	_quartus_sta_reg__517156	synch_edges	0	2048
EDGECOUNT	destination37_seed	_quartus_sta_reg__517156	asynch_edges	0	2048
EDGECOUNT	destination37_seed	_quartus_sta_reg__517156	clock_edges	1	2048
EDGE	destination37_seed	_quartus_sta_reg__517156	clock_edges	_quartus_sta_edge__474672	clock	CELL	0	_quartus_sta_pin__517153	afu_top|pg_afu.port_gasket|pr_slot|afu_main|port_afu_instances|ofs_plat_afu|core|dma|csr_mgr_inst|dst_last_q[37]~.comb|clk	pin	_quartus_sta_reg__517156	afu_top|pg_afu.port_gasket|pr_slot|afu_main|port_afu_instances|ofs_plat_afu|core|dma|csr_mgr_inst|dst_last_q[37]~.comb	reg
EDGECOUNT	destination37_seed	_quartus_sta_reg__517156	fanout_edges	0	2048
CELL	destination37	_quartus_sta_cell__365542	afu_top|pg_afu.port_gasket|pr_slot|afu_main|port_afu_instances|ofs_plat_afu|core|dma|csr_mgr_inst|dst_last_q[37]~.comb	cell	tennm_ff	FF_X255_Y68_N43
PINNAMES	destination37	IN	sclr clk d 
PINNAMES	destination37	OUT	q 
COUNT	destination37_pins	4	64
NODE	destination37_pin	_quartus_sta_pin__517152	afu_top|pg_afu.port_gasket|pr_slot|afu_main|port_afu_instances|ofs_plat_afu|core|dma|csr_mgr_inst|dst_last_q[37]~.comb|sclr	pin	FF_X255_Y68_N43
EDGECOUNT	destination37_pin	_quartus_sta_pin__517152	synch_edges	1	2048
EDGE	destination37_pin	_quartus_sta_pin__517152	synch_edges	_quartus_sta_edge__1226266	asynchronous	CELL	0	_quartus_sta_pin__1392199	afu_top|pg_afu.port_gasket|pr_slot|afu_main|port_afu_instances|ofs_plat_afu|core|dma|csr_mgr_inst|dst_last_q[38]~SCLR_dff|q	pin	_quartus_sta_pin__517152	afu_top|pg_afu.port_gasket|pr_slot|afu_main|port_afu_instances|ofs_plat_afu|core|dma|csr_mgr_inst|dst_last_q[37]~.comb|sclr	pin
EDGECOUNT	destination37_pin	_quartus_sta_pin__517152	asynch_edges	1	2048
EDGE	destination37_pin	_quartus_sta_pin__517152	asynch_edges	_quartus_sta_edge__1226266	asynchronous	CELL	0	_quartus_sta_pin__1392199	afu_top|pg_afu.port_gasket|pr_slot|afu_main|port_afu_instances|ofs_plat_afu|core|dma|csr_mgr_inst|dst_last_q[38]~SCLR_dff|q	pin	_quartus_sta_pin__517152	afu_top|pg_afu.port_gasket|pr_slot|afu_main|port_afu_instances|ofs_plat_afu|core|dma|csr_mgr_inst|dst_last_q[37]~.comb|sclr	pin
EDGECOUNT	destination37_pin	_quartus_sta_pin__517152	clock_edges	1	2048
EDGE	destination37_pin	_quartus_sta_pin__517152	clock_edges	_quartus_sta_edge__1226266	asynchronous	CELL	0	_quartus_sta_pin__1392199	afu_top|pg_afu.port_gasket|pr_slot|afu_main|port_afu_instances|ofs_plat_afu|core|dma|csr_mgr_inst|dst_last_q[38]~SCLR_dff|q	pin	_quartus_sta_pin__517152	afu_top|pg_afu.port_gasket|pr_slot|afu_main|port_afu_instances|ofs_plat_afu|core|dma|csr_mgr_inst|dst_last_q[37]~.comb|sclr	pin
EDGECOUNT	destination37_pin	_quartus_sta_pin__517152	fanout_edges	1	2048
EDGE	destination37_pin	_quartus_sta_pin__517152	fanout_edges	_quartus_sta_edge__474671	asynchronous	CELL	0	_quartus_sta_pin__517152	afu_top|pg_afu.port_gasket|pr_slot|afu_main|port_afu_instances|ofs_plat_afu|core|dma|csr_mgr_inst|dst_last_q[37]~.comb|sclr	pin	_quartus_sta_pin__517155	afu_top|pg_afu.port_gasket|pr_slot|afu_main|port_afu_instances|ofs_plat_afu|core|dma|csr_mgr_inst|dst_last_q[37]~.comb|q	pin
COUNT	destination37_pin_lookup	0	32
GAP	destination37	afu_top|pg_afu.port_gasket|pr_slot|afu_main|port_afu_instances|ofs_plat_afu|core|dma|csr_mgr_inst|dst_last_q[37]~.comb|sclr	PIN_LOOKUP_NOT_EXACT_SINGLETON
NODE	destination37_pin	_quartus_sta_pin__517153	afu_top|pg_afu.port_gasket|pr_slot|afu_main|port_afu_instances|ofs_plat_afu|core|dma|csr_mgr_inst|dst_last_q[37]~.comb|clk	pin	FF_X255_Y68_N43
EDGECOUNT	destination37_pin	_quartus_sta_pin__517153	synch_edges	1	2048
EDGE	destination37_pin	_quartus_sta_pin__517153	synch_edges	_quartus_sta_edge__2573417	synchronous	IC	0	_quartus_sta_pin__704799	afu_top|pg_afu.port_gasket|pr_slot|afu_main|ext_mem_if[0].clk	pin	_quartus_sta_pin__517153	afu_top|pg_afu.port_gasket|pr_slot|afu_main|port_afu_instances|ofs_plat_afu|core|dma|csr_mgr_inst|dst_last_q[37]~.comb|clk	pin
EDGECOUNT	destination37_pin	_quartus_sta_pin__517153	asynch_edges	1	2048
EDGE	destination37_pin	_quartus_sta_pin__517153	asynch_edges	_quartus_sta_edge__2573417	synchronous	IC	0	_quartus_sta_pin__704799	afu_top|pg_afu.port_gasket|pr_slot|afu_main|ext_mem_if[0].clk	pin	_quartus_sta_pin__517153	afu_top|pg_afu.port_gasket|pr_slot|afu_main|port_afu_instances|ofs_plat_afu|core|dma|csr_mgr_inst|dst_last_q[37]~.comb|clk	pin
EDGECOUNT	destination37_pin	_quartus_sta_pin__517153	clock_edges	1	2048
EDGE	destination37_pin	_quartus_sta_pin__517153	clock_edges	_quartus_sta_edge__2573417	synchronous	IC	0	_quartus_sta_pin__704799	afu_top|pg_afu.port_gasket|pr_slot|afu_main|ext_mem_if[0].clk	pin	_quartus_sta_pin__517153	afu_top|pg_afu.port_gasket|pr_slot|afu_main|port_afu_instances|ofs_plat_afu|core|dma|csr_mgr_inst|dst_last_q[37]~.comb|clk	pin
EDGECOUNT	destination37_pin	_quartus_sta_pin__517153	fanout_edges	1	2048
EDGE	destination37_pin	_quartus_sta_pin__517153	fanout_edges	_quartus_sta_edge__474672	clock	CELL	0	_quartus_sta_pin__517153	afu_top|pg_afu.port_gasket|pr_slot|afu_main|port_afu_instances|ofs_plat_afu|core|dma|csr_mgr_inst|dst_last_q[37]~.comb|clk	pin	_quartus_sta_reg__517156	afu_top|pg_afu.port_gasket|pr_slot|afu_main|port_afu_instances|ofs_plat_afu|core|dma|csr_mgr_inst|dst_last_q[37]~.comb	reg
COUNT	destination37_pin_lookup	0	32
GAP	destination37	afu_top|pg_afu.port_gasket|pr_slot|afu_main|port_afu_instances|ofs_plat_afu|core|dma|csr_mgr_inst|dst_last_q[37]~.comb|clk	PIN_LOOKUP_NOT_EXACT_SINGLETON
NODE	destination37_pin	_quartus_sta_pin__517154	afu_top|pg_afu.port_gasket|pr_slot|afu_main|port_afu_instances|ofs_plat_afu|core|dma|csr_mgr_inst|dst_last_q[37]~.comb|d	pin	FF_X255_Y68_N43
EDGECOUNT	destination37_pin	_quartus_sta_pin__517154	synch_edges	1	2048
EDGE	destination37_pin	_quartus_sta_pin__517154	synch_edges	_quartus_sta_edge__478487	asynchronous	CELL	0	_quartus_sta_pin__520628	afu_top|pg_afu.port_gasket|pr_slot|afu_main|port_afu_instances|ofs_plat_afu|core|dma|csr_mgr_inst|add_3~76|sumout	pin	_quartus_sta_pin__517154	afu_top|pg_afu.port_gasket|pr_slot|afu_main|port_afu_instances|ofs_plat_afu|core|dma|csr_mgr_inst|dst_last_q[37]~.comb|d	pin
EDGECOUNT	destination37_pin	_quartus_sta_pin__517154	asynch_edges	1	2048
EDGE	destination37_pin	_quartus_sta_pin__517154	asynch_edges	_quartus_sta_edge__478487	asynchronous	CELL	0	_quartus_sta_pin__520628	afu_top|pg_afu.port_gasket|pr_slot|afu_main|port_afu_instances|ofs_plat_afu|core|dma|csr_mgr_inst|add_3~76|sumout	pin	_quartus_sta_pin__517154	afu_top|pg_afu.port_gasket|pr_slot|afu_main|port_afu_instances|ofs_plat_afu|core|dma|csr_mgr_inst|dst_last_q[37]~.comb|d	pin
EDGECOUNT	destination37_pin	_quartus_sta_pin__517154	clock_edges	1	2048
EDGE	destination37_pin	_quartus_sta_pin__517154	clock_edges	_quartus_sta_edge__478487	asynchronous	CELL	0	_quartus_sta_pin__520628	afu_top|pg_afu.port_gasket|pr_slot|afu_main|port_afu_instances|ofs_plat_afu|core|dma|csr_mgr_inst|add_3~76|sumout	pin	_quartus_sta_pin__517154	afu_top|pg_afu.port_gasket|pr_slot|afu_main|port_afu_instances|ofs_plat_afu|core|dma|csr_mgr_inst|dst_last_q[37]~.comb|d	pin
EDGECOUNT	destination37_pin	_quartus_sta_pin__517154	fanout_edges	1	2048
EDGE	destination37_pin	_quartus_sta_pin__517154	fanout_edges	_quartus_sta_edge__474673	asynchronous	CELL	0	_quartus_sta_pin__517154	afu_top|pg_afu.port_gasket|pr_slot|afu_main|port_afu_instances|ofs_plat_afu|core|dma|csr_mgr_inst|dst_last_q[37]~.comb|d	pin	_quartus_sta_pin__517155	afu_top|pg_afu.port_gasket|pr_slot|afu_main|port_afu_instances|ofs_plat_afu|core|dma|csr_mgr_inst|dst_last_q[37]~.comb|q	pin
COUNT	destination37_pin_lookup	0	32
GAP	destination37	afu_top|pg_afu.port_gasket|pr_slot|afu_main|port_afu_instances|ofs_plat_afu|core|dma|csr_mgr_inst|dst_last_q[37]~.comb|d	PIN_LOOKUP_NOT_EXACT_SINGLETON
NODE	destination37_pin	_quartus_sta_pin__517155	afu_top|pg_afu.port_gasket|pr_slot|afu_main|port_afu_instances|ofs_plat_afu|core|dma|csr_mgr_inst|dst_last_q[37]~.comb|q	pin	FF_X255_Y68_N43
EDGECOUNT	destination37_pin	_quartus_sta_pin__517155	synch_edges	2	2048
EDGE	destination37_pin	_quartus_sta_pin__517155	synch_edges	_quartus_sta_edge__474673	asynchronous	CELL	0	_quartus_sta_pin__517154	afu_top|pg_afu.port_gasket|pr_slot|afu_main|port_afu_instances|ofs_plat_afu|core|dma|csr_mgr_inst|dst_last_q[37]~.comb|d	pin	_quartus_sta_pin__517155	afu_top|pg_afu.port_gasket|pr_slot|afu_main|port_afu_instances|ofs_plat_afu|core|dma|csr_mgr_inst|dst_last_q[37]~.comb|q	pin
EDGE	destination37_pin	_quartus_sta_pin__517155	synch_edges	_quartus_sta_edge__474671	asynchronous	CELL	0	_quartus_sta_pin__517152	afu_top|pg_afu.port_gasket|pr_slot|afu_main|port_afu_instances|ofs_plat_afu|core|dma|csr_mgr_inst|dst_last_q[37]~.comb|sclr	pin	_quartus_sta_pin__517155	afu_top|pg_afu.port_gasket|pr_slot|afu_main|port_afu_instances|ofs_plat_afu|core|dma|csr_mgr_inst|dst_last_q[37]~.comb|q	pin
EDGECOUNT	destination37_pin	_quartus_sta_pin__517155	asynch_edges	2	2048
EDGE	destination37_pin	_quartus_sta_pin__517155	asynch_edges	_quartus_sta_edge__474673	asynchronous	CELL	0	_quartus_sta_pin__517154	afu_top|pg_afu.port_gasket|pr_slot|afu_main|port_afu_instances|ofs_plat_afu|core|dma|csr_mgr_inst|dst_last_q[37]~.comb|d	pin	_quartus_sta_pin__517155	afu_top|pg_afu.port_gasket|pr_slot|afu_main|port_afu_instances|ofs_plat_afu|core|dma|csr_mgr_inst|dst_last_q[37]~.comb|q	pin
EDGE	destination37_pin	_quartus_sta_pin__517155	asynch_edges	_quartus_sta_edge__474671	asynchronous	CELL	0	_quartus_sta_pin__517152	afu_top|pg_afu.port_gasket|pr_slot|afu_main|port_afu_instances|ofs_plat_afu|core|dma|csr_mgr_inst|dst_last_q[37]~.comb|sclr	pin	_quartus_sta_pin__517155	afu_top|pg_afu.port_gasket|pr_slot|afu_main|port_afu_instances|ofs_plat_afu|core|dma|csr_mgr_inst|dst_last_q[37]~.comb|q	pin
EDGECOUNT	destination37_pin	_quartus_sta_pin__517155	clock_edges	2	2048
EDGE	destination37_pin	_quartus_sta_pin__517155	clock_edges	_quartus_sta_edge__474673	asynchronous	CELL	0	_quartus_sta_pin__517154	afu_top|pg_afu.port_gasket|pr_slot|afu_main|port_afu_instances|ofs_plat_afu|core|dma|csr_mgr_inst|dst_last_q[37]~.comb|d	pin	_quartus_sta_pin__517155	afu_top|pg_afu.port_gasket|pr_slot|afu_main|port_afu_instances|ofs_plat_afu|core|dma|csr_mgr_inst|dst_last_q[37]~.comb|q	pin
EDGE	destination37_pin	_quartus_sta_pin__517155	clock_edges	_quartus_sta_edge__474671	asynchronous	CELL	0	_quartus_sta_pin__517152	afu_top|pg_afu.port_gasket|pr_slot|afu_main|port_afu_instances|ofs_plat_afu|core|dma|csr_mgr_inst|dst_last_q[37]~.comb|sclr	pin	_quartus_sta_pin__517155	afu_top|pg_afu.port_gasket|pr_slot|afu_main|port_afu_instances|ofs_plat_afu|core|dma|csr_mgr_inst|dst_last_q[37]~.comb|q	pin
EDGECOUNT	destination37_pin	_quartus_sta_pin__517155	fanout_edges	1	2048
EDGE	destination37_pin	_quartus_sta_pin__517155	fanout_edges	_quartus_sta_edge__2777173	synchronous	IC	0	_quartus_sta_pin__517155	afu_top|pg_afu.port_gasket|pr_slot|afu_main|port_afu_instances|ofs_plat_afu|core|dma|csr_mgr_inst|dst_last_q[37]~.comb|q	pin	_quartus_sta_pin__823628	afu_top|pg_afu.port_gasket|pr_slot|afu_main|port_afu_instances|ofs_plat_afu|core|dma|csr_mgr_inst|i919~27|dataa	pin
COUNT	destination37_pin_lookup	0	32
GAP	destination37	afu_top|pg_afu.port_gasket|pr_slot|afu_main|port_afu_instances|ofs_plat_afu|core|dma|csr_mgr_inst|dst_last_q[37]~.comb|q	PIN_LOOKUP_NOT_EXACT_SINGLETON
COUNT	destination37_buried	1	64
NODE	destination37_buried	_quartus_sta_node__517156	afu_top|pg_afu.port_gasket|pr_slot|afu_main|port_afu_instances|ofs_plat_afu|core|dma|csr_mgr_inst|dst_last_q[37]~.comb	reg	FF_X255_Y68_N43
EDGECOUNT	destination37_buried	_quartus_sta_node__517156	synch_edges	0	2048
EDGECOUNT	destination37_buried	_quartus_sta_node__517156	asynch_edges	0	2048
EDGECOUNT	destination37_buried	_quartus_sta_node__517156	clock_edges	1	2048
EDGE	destination37_buried	_quartus_sta_node__517156	clock_edges	_quartus_sta_edge__474672	clock	CELL	0	_quartus_sta_pin__517153	afu_top|pg_afu.port_gasket|pr_slot|afu_main|port_afu_instances|ofs_plat_afu|core|dma|csr_mgr_inst|dst_last_q[37]~.comb|clk	pin	_quartus_sta_reg__517156	afu_top|pg_afu.port_gasket|pr_slot|afu_main|port_afu_instances|ofs_plat_afu|core|dma|csr_mgr_inst|dst_last_q[37]~.comb	reg
EDGECOUNT	destination37_buried	_quartus_sta_node__517156	fanout_edges	0	2048
COUNT	destination37_buried_regs	1	64
NODE	destination37_buried_reg	_quartus_sta_reg__517156	afu_top|pg_afu.port_gasket|pr_slot|afu_main|port_afu_instances|ofs_plat_afu|core|dma|csr_mgr_inst|dst_last_q[37]~.comb	reg	FF_X255_Y68_N43
COUNT	destination37_input_union_fanins	40	2048
NODE	destination37_input_union_fanins	_quartus_sta_kpr__1254796	afu_top|pg_afu.port_gasket|pr_slot|afu_main|port_afu_instances|ofs_plat_afu|core|dma|csr_mgr_inst|dma_csr_map.descriptor.dest_addr[4]~BLOCK_INPUT_MUX_PASSTHROUGH_X255_Y68_N0_I1_dff	reg	BLOCK_INPUT_MUX_PASSTHROUGH_X255_Y68_N0_I1
NODE	destination37_input_union_fanins	_quartus_sta_kpr__1254800	afu_top|pg_afu.port_gasket|pr_slot|afu_main|port_afu_instances|ofs_plat_afu|core|dma|csr_mgr_inst|dma_csr_map.descriptor.dest_addr[3]~BLOCK_INPUT_MUX_PASSTHROUGH_X255_Y68_N0_I7_dff	reg	BLOCK_INPUT_MUX_PASSTHROUGH_X255_Y68_N0_I7
NODE	destination37_input_union_fanins	_quartus_sta_kpr__1254808	afu_top|pg_afu.port_gasket|pr_slot|afu_main|port_afu_instances|ofs_plat_afu|core|dma|csr_mgr_inst|dma_csr_map.descriptor.dest_addr[1]~BLOCK_INPUT_MUX_PASSTHROUGH_X255_Y68_N0_I5_dff	reg	BLOCK_INPUT_MUX_PASSTHROUGH_X255_Y68_N0_I5
NODE	destination37_input_union_fanins	_quartus_sta_kpr__1254820	afu_top|pg_afu.port_gasket|pr_slot|afu_main|port_afu_instances|ofs_plat_afu|core|dma|csr_mgr_inst|dma_csr_map.descriptor.dest_addr[2]~BLOCK_INPUT_MUX_PASSTHROUGH_X255_Y68_N0_I0_dff	reg	BLOCK_INPUT_MUX_PASSTHROUGH_X255_Y68_N0_I0
NODE	destination37_input_union_fanins	_quartus_sta_kpr__1254832	afu_top|pg_afu.port_gasket|pr_slot|afu_main|port_afu_instances|ofs_plat_afu|core|dma|csr_mgr_inst|dma_csr_map.descriptor.dest_addr[0]~BLOCK_INPUT_MUX_PASSTHROUGH_X255_Y68_N0_I4_dff	reg	BLOCK_INPUT_MUX_PASSTHROUGH_X255_Y68_N0_I4
NODE	destination37_input_union_fanins	_quartus_sta_kpr__1254840	afu_top|pg_afu.port_gasket|pr_slot|afu_main|port_afu_instances|ofs_plat_afu|core|dma|csr_mgr_inst|dma_csr_map.descriptor.dest_addr[5]~BLOCK_INPUT_MUX_PASSTHROUGH_X255_Y68_N0_I6_dff	reg	BLOCK_INPUT_MUX_PASSTHROUGH_X255_Y68_N0_I6
NODE	destination37_input_union_fanins	_quartus_sta_kpr__1255024	afu_top|pg_afu.port_gasket|pr_slot|afu_main|port_afu_instances|ofs_plat_afu|core|dma|csr_mgr_inst|add_2~11_BLOCK_INPUT_MUX_PASSTHROUGH_X255_Y68_N0_I54_dff	reg	BLOCK_INPUT_MUX_PASSTHROUGH_X255_Y68_N0_I54
NODE	destination37_input_union_fanins	_quartus_sta_kpr__1255032	afu_top|pg_afu.port_gasket|pr_slot|afu_main|port_afu_instances|ofs_plat_afu|core|dma|csr_mgr_inst|add_2~21_BLOCK_INPUT_MUX_PASSTHROUGH_X255_Y68_N0_I48_dff	reg	BLOCK_INPUT_MUX_PASSTHROUGH_X255_Y68_N0_I48
NODE	destination37_input_union_fanins	_quartus_sta_kpr__1255124	afu_top|pg_afu.port_gasket|pr_slot|afu_main|port_afu_instances|ofs_plat_afu|core|dma|csr_mgr_inst|add_2~76_BLOCK_INPUT_MUX_PASSTHROUGH_X255_Y68_N0_I63_dff	reg	BLOCK_INPUT_MUX_PASSTHROUGH_X255_Y68_N0_I63
NODE	destination37_input_union_fanins	_quartus_sta_kpr__1255192	afu_top|pg_afu.port_gasket|pr_slot|afu_main|port_afu_instances|ofs_plat_afu|core|dma|csr_mgr_inst|add_2~116_BLOCK_INPUT_MUX_PASSTHROUGH_X255_Y68_N0_I46_dff	reg	BLOCK_INPUT_MUX_PASSTHROUGH_X255_Y68_N0_I46
NODE	destination37_input_union_fanins	_quartus_sta_kpr__1255672	afu_top|pg_afu.port_gasket|pr_slot|afu_main|port_afu_instances|ofs_plat_afu|core|dma|csr_mgr_inst|add_2~121_BLOCK_INPUT_MUX_PASSTHROUGH_X255_Y68_N0_I44_dff	reg	BLOCK_INPUT_MUX_PASSTHROUGH_X255_Y68_N0_I44
NODE	destination37_input_union_fanins	_quartus_sta_kpr__1256036	afu_top|pg_afu.port_gasket|pr_slot|afu_main|port_afu_instances|ofs_plat_afu|core|dma|csr_mgr_inst|add_2~126_BLOCK_INPUT_MUX_PASSTHROUGH_X255_Y68_N0_I45_dff	reg	BLOCK_INPUT_MUX_PASSTHROUGH_X255_Y68_N0_I45
NODE	destination37_input_union_fanins	_quartus_sta_kpr__1256192	afu_top|pg_afu.port_gasket|pr_slot|afu_main|port_afu_instances|ofs_plat_afu|core|dma|csr_mgr_inst|add_2~131_BLOCK_INPUT_MUX_PASSTHROUGH_X255_Y68_N0_I40_dff	reg	BLOCK_INPUT_MUX_PASSTHROUGH_X255_Y68_N0_I40
NODE	destination37_input_union_fanins	_quartus_sta_kpr__1256372	afu_top|pg_afu.port_gasket|pr_slot|afu_main|port_afu_instances|ofs_plat_afu|core|dma|csr_mgr_inst|add_2~136_BLOCK_INPUT_MUX_PASSTHROUGH_X255_Y68_N0_I47_dff	reg	BLOCK_INPUT_MUX_PASSTHROUGH_X255_Y68_N0_I47
NODE	destination37_input_union_fanins	_quartus_sta_kpr__1256568	afu_top|pg_afu.port_gasket|pr_slot|afu_main|port_afu_instances|ofs_plat_afu|core|dma|csr_mgr_inst|add_2~141_BLOCK_INPUT_MUX_PASSTHROUGH_X255_Y68_N0_I38_dff	reg	BLOCK_INPUT_MUX_PASSTHROUGH_X255_Y68_N0_I38
NODE	destination37_input_union_fanins	_quartus_sta_kpr__1256612	afu_top|pg_afu.port_gasket|pr_slot|afu_main|port_afu_instances|ofs_plat_afu|core|dma|csr_mgr_inst|add_2~146_BLOCK_INPUT_MUX_PASSTHROUGH_X255_Y68_N0_I33_dff	reg	BLOCK_INPUT_MUX_PASSTHROUGH_X255_Y68_N0_I33
NODE	destination37_input_union_fanins	_quartus_sta_kpr__1256956	afu_top|pg_afu.port_gasket|pr_slot|afu_main|port_afu_instances|ofs_plat_afu|core|dma|csr_mgr_inst|add_2~151_BLOCK_INPUT_MUX_PASSTHROUGH_X255_Y68_N0_I36_dff	reg	BLOCK_INPUT_MUX_PASSTHROUGH_X255_Y68_N0_I36
NODE	destination37_input_union_fanins	_quartus_sta_kpr__1257368	afu_top|pg_afu.port_gasket|pr_slot|afu_main|port_afu_instances|ofs_plat_afu|core|dma|csr_mgr_inst|add_2~156_BLOCK_INPUT_MUX_PASSTHROUGH_X255_Y68_N0_I37_dff	reg	BLOCK_INPUT_MUX_PASSTHROUGH_X255_Y68_N0_I37
NODE	destination37_input_union_fanins	_quartus_sta_kpr__1257376	afu_top|pg_afu.port_gasket|pr_slot|afu_main|port_afu_instances|ofs_plat_afu|core|dma|csr_mgr_inst|add_2~161_BLOCK_INPUT_MUX_PASSTHROUGH_X255_Y68_N0_I32_dff	reg	BLOCK_INPUT_MUX_PASSTHROUGH_X255_Y68_N0_I32
NODE	destination37_input_union_fanins	_quartus_sta_kpr__1257384	afu_top|pg_afu.port_gasket|pr_slot|afu_main|port_afu_instances|ofs_plat_afu|core|dma|csr_mgr_inst|add_2~166_BLOCK_INPUT_MUX_PASSTHROUGH_X255_Y68_N0_I39_dff	reg	BLOCK_INPUT_MUX_PASSTHROUGH_X255_Y68_N0_I39
NODE	destination37_input_union_fanins	_quartus_sta_kpr__1258996	afu_top|pg_afu.port_gasket|pr_slot|afu_main|port_afu_instances|ofs_plat_afu|core|dma|csr_mgr_inst|add_2~171_BLOCK_INPUT_MUX_PASSTHROUGH_X255_Y68_N0_I25_dff	reg	BLOCK_INPUT_MUX_PASSTHROUGH_X255_Y68_N0_I25
NODE	destination37_input_union_fanins	_quartus_sta_kpr__1259004	afu_top|pg_afu.port_gasket|pr_slot|afu_main|port_afu_instances|ofs_plat_afu|core|dma|csr_mgr_inst|add_2~176_BLOCK_INPUT_MUX_PASSTHROUGH_X255_Y68_N0_I30_dff	reg	BLOCK_INPUT_MUX_PASSTHROUGH_X255_Y68_N0_I30
NODE	destination37_input_union_fanins	_quartus_sta_kpr__1259356	afu_top|pg_afu.port_gasket|pr_slot|afu_main|port_afu_instances|ofs_plat_afu|core|dma|csr_mgr_inst|add_2~181_BLOCK_INPUT_MUX_PASSTHROUGH_X255_Y68_N0_I29_dff	reg	BLOCK_INPUT_MUX_PASSTHROUGH_X255_Y68_N0_I29
NODE	destination37_input_union_fanins	_quartus_sta_kpr__1259364	afu_top|pg_afu.port_gasket|pr_slot|afu_main|port_afu_instances|ofs_plat_afu|core|dma|csr_mgr_inst|add_2~186_BLOCK_INPUT_MUX_PASSTHROUGH_X255_Y68_N0_I31_dff	reg	BLOCK_INPUT_MUX_PASSTHROUGH_X255_Y68_N0_I31
NODE	destination37_input_union_fanins	_quartus_sta_kpr__1259372	afu_top|pg_afu.port_gasket|pr_slot|afu_main|port_afu_instances|ofs_plat_afu|core|dma|csr_mgr_inst|add_2~191_BLOCK_INPUT_MUX_PASSTHROUGH_X255_Y68_N0_I24_dff	reg	BLOCK_INPUT_MUX_PASSTHROUGH_X255_Y68_N0_I24
NODE	destination37_input_union_fanins	_quartus_sta_kpr__1259380	afu_top|pg_afu.port_gasket|pr_slot|afu_main|port_afu_instances|ofs_plat_afu|core|dma|csr_mgr_inst|add_2~196_BLOCK_INPUT_MUX_PASSTHROUGH_X255_Y68_N0_I28_dff	reg	BLOCK_INPUT_MUX_PASSTHROUGH_X255_Y68_N0_I28
NODE	destination37_input_union_fanins	_quartus_sta_kpr__1259388	afu_top|pg_afu.port_gasket|pr_slot|afu_main|port_afu_instances|ofs_plat_afu|core|dma|csr_mgr_inst|add_2~201_BLOCK_INPUT_MUX_PASSTHROUGH_X255_Y68_N0_I17_dff	reg	BLOCK_INPUT_MUX_PASSTHROUGH_X255_Y68_N0_I17
NODE	destination37_input_union_fanins	_quartus_sta_kpr__1259396	afu_top|pg_afu.port_gasket|pr_slot|afu_main|port_afu_instances|ofs_plat_afu|core|dma|csr_mgr_inst|add_2~206_BLOCK_INPUT_MUX_PASSTHROUGH_X255_Y68_N0_I22_dff	reg	BLOCK_INPUT_MUX_PASSTHROUGH_X255_Y68_N0_I22
NODE	destination37_input_union_fanins	_quartus_sta_kpr__1259404	afu_top|pg_afu.port_gasket|pr_slot|afu_main|port_afu_instances|ofs_plat_afu|core|dma|csr_mgr_inst|add_2~211_BLOCK_INPUT_MUX_PASSTHROUGH_X255_Y68_N0_I16_dff	reg	BLOCK_INPUT_MUX_PASSTHROUGH_X255_Y68_N0_I16
NODE	destination37_input_union_fanins	_quartus_sta_kpr__1259412	afu_top|pg_afu.port_gasket|pr_slot|afu_main|port_afu_instances|ofs_plat_afu|core|dma|csr_mgr_inst|add_2~216_BLOCK_INPUT_MUX_PASSTHROUGH_X255_Y68_N0_I20_dff	reg	BLOCK_INPUT_MUX_PASSTHROUGH_X255_Y68_N0_I20
NODE	destination37_input_union_fanins	_quartus_sta_kpr__1259420	afu_top|pg_afu.port_gasket|pr_slot|afu_main|port_afu_instances|ofs_plat_afu|core|dma|csr_mgr_inst|add_2~221_BLOCK_INPUT_MUX_PASSTHROUGH_X255_Y68_N0_I23_dff	reg	BLOCK_INPUT_MUX_PASSTHROUGH_X255_Y68_N0_I23
NODE	destination37_input_union_fanins	_quartus_sta_kpr__1259428	afu_top|pg_afu.port_gasket|pr_slot|afu_main|port_afu_instances|ofs_plat_afu|core|dma|csr_mgr_inst|add_2~226_BLOCK_INPUT_MUX_PASSTHROUGH_X255_Y68_N0_I21_dff	reg	BLOCK_INPUT_MUX_PASSTHROUGH_X255_Y68_N0_I21
NODE	destination37_input_union_fanins	_quartus_sta_kpr__1259436	afu_top|pg_afu.port_gasket|pr_slot|afu_main|port_afu_instances|ofs_plat_afu|core|dma|csr_mgr_inst|add_2~231_BLOCK_INPUT_MUX_PASSTHROUGH_X255_Y68_N0_I14_dff	reg	BLOCK_INPUT_MUX_PASSTHROUGH_X255_Y68_N0_I14
NODE	destination37_input_union_fanins	_quartus_sta_kpr__1259444	afu_top|pg_afu.port_gasket|pr_slot|afu_main|port_afu_instances|ofs_plat_afu|core|dma|csr_mgr_inst|add_2~236_BLOCK_INPUT_MUX_PASSTHROUGH_X255_Y68_N0_I9_dff	reg	BLOCK_INPUT_MUX_PASSTHROUGH_X255_Y68_N0_I9
NODE	destination37_input_union_fanins	_quartus_sta_kpr__1259452	afu_top|pg_afu.port_gasket|pr_slot|afu_main|port_afu_instances|ofs_plat_afu|core|dma|csr_mgr_inst|add_2~241_BLOCK_INPUT_MUX_PASSTHROUGH_X255_Y68_N0_I8_dff	reg	BLOCK_INPUT_MUX_PASSTHROUGH_X255_Y68_N0_I8
NODE	destination37_input_union_fanins	_quartus_sta_kpr__1259460	afu_top|pg_afu.port_gasket|pr_slot|afu_main|port_afu_instances|ofs_plat_afu|core|dma|csr_mgr_inst|add_2~246_BLOCK_INPUT_MUX_PASSTHROUGH_X255_Y68_N0_I12_dff	reg	BLOCK_INPUT_MUX_PASSTHROUGH_X255_Y68_N0_I12
NODE	destination37_input_union_fanins	_quartus_sta_kpr__1259468	afu_top|pg_afu.port_gasket|pr_slot|afu_main|port_afu_instances|ofs_plat_afu|core|dma|csr_mgr_inst|add_2~251_BLOCK_INPUT_MUX_PASSTHROUGH_X255_Y68_N0_I15_dff	reg	BLOCK_INPUT_MUX_PASSTHROUGH_X255_Y68_N0_I15
NODE	destination37_input_union_fanins	_quartus_sta_kpr__1259476	afu_top|pg_afu.port_gasket|pr_slot|afu_main|port_afu_instances|ofs_plat_afu|core|dma|csr_mgr_inst|add_2~256_BLOCK_INPUT_MUX_PASSTHROUGH_X255_Y68_N0_I13_dff	reg	BLOCK_INPUT_MUX_PASSTHROUGH_X255_Y68_N0_I13
NODE	destination37_input_union_fanins	_quartus_sta_kpr__1392200	afu_top|pg_afu.port_gasket|pr_slot|afu_main|port_afu_instances|ofs_plat_afu|core|dma|csr_mgr_inst|dst_last_q[38]~SCLR_dff	reg	FF_X255_Y68_N75
NODE	destination37_input_union_fanins	_quartus_sta_kpr__2240868	ddr4_mem_ref_clk[0].clk	port	PIN_HF23
COUNT	destination37_input_union_fanouts	0	2048
COUNT	destination37_output_union_fanins	39	2048
NODE	destination37_output_union_fanins	_quartus_sta_kpr__1254796	afu_top|pg_afu.port_gasket|pr_slot|afu_main|port_afu_instances|ofs_plat_afu|core|dma|csr_mgr_inst|dma_csr_map.descriptor.dest_addr[4]~BLOCK_INPUT_MUX_PASSTHROUGH_X255_Y68_N0_I1_dff	reg	BLOCK_INPUT_MUX_PASSTHROUGH_X255_Y68_N0_I1
NODE	destination37_output_union_fanins	_quartus_sta_kpr__1254800	afu_top|pg_afu.port_gasket|pr_slot|afu_main|port_afu_instances|ofs_plat_afu|core|dma|csr_mgr_inst|dma_csr_map.descriptor.dest_addr[3]~BLOCK_INPUT_MUX_PASSTHROUGH_X255_Y68_N0_I7_dff	reg	BLOCK_INPUT_MUX_PASSTHROUGH_X255_Y68_N0_I7
NODE	destination37_output_union_fanins	_quartus_sta_kpr__1254808	afu_top|pg_afu.port_gasket|pr_slot|afu_main|port_afu_instances|ofs_plat_afu|core|dma|csr_mgr_inst|dma_csr_map.descriptor.dest_addr[1]~BLOCK_INPUT_MUX_PASSTHROUGH_X255_Y68_N0_I5_dff	reg	BLOCK_INPUT_MUX_PASSTHROUGH_X255_Y68_N0_I5
NODE	destination37_output_union_fanins	_quartus_sta_kpr__1254820	afu_top|pg_afu.port_gasket|pr_slot|afu_main|port_afu_instances|ofs_plat_afu|core|dma|csr_mgr_inst|dma_csr_map.descriptor.dest_addr[2]~BLOCK_INPUT_MUX_PASSTHROUGH_X255_Y68_N0_I0_dff	reg	BLOCK_INPUT_MUX_PASSTHROUGH_X255_Y68_N0_I0
NODE	destination37_output_union_fanins	_quartus_sta_kpr__1254832	afu_top|pg_afu.port_gasket|pr_slot|afu_main|port_afu_instances|ofs_plat_afu|core|dma|csr_mgr_inst|dma_csr_map.descriptor.dest_addr[0]~BLOCK_INPUT_MUX_PASSTHROUGH_X255_Y68_N0_I4_dff	reg	BLOCK_INPUT_MUX_PASSTHROUGH_X255_Y68_N0_I4
NODE	destination37_output_union_fanins	_quartus_sta_kpr__1254840	afu_top|pg_afu.port_gasket|pr_slot|afu_main|port_afu_instances|ofs_plat_afu|core|dma|csr_mgr_inst|dma_csr_map.descriptor.dest_addr[5]~BLOCK_INPUT_MUX_PASSTHROUGH_X255_Y68_N0_I6_dff	reg	BLOCK_INPUT_MUX_PASSTHROUGH_X255_Y68_N0_I6
NODE	destination37_output_union_fanins	_quartus_sta_kpr__1255024	afu_top|pg_afu.port_gasket|pr_slot|afu_main|port_afu_instances|ofs_plat_afu|core|dma|csr_mgr_inst|add_2~11_BLOCK_INPUT_MUX_PASSTHROUGH_X255_Y68_N0_I54_dff	reg	BLOCK_INPUT_MUX_PASSTHROUGH_X255_Y68_N0_I54
NODE	destination37_output_union_fanins	_quartus_sta_kpr__1255032	afu_top|pg_afu.port_gasket|pr_slot|afu_main|port_afu_instances|ofs_plat_afu|core|dma|csr_mgr_inst|add_2~21_BLOCK_INPUT_MUX_PASSTHROUGH_X255_Y68_N0_I48_dff	reg	BLOCK_INPUT_MUX_PASSTHROUGH_X255_Y68_N0_I48
NODE	destination37_output_union_fanins	_quartus_sta_kpr__1255124	afu_top|pg_afu.port_gasket|pr_slot|afu_main|port_afu_instances|ofs_plat_afu|core|dma|csr_mgr_inst|add_2~76_BLOCK_INPUT_MUX_PASSTHROUGH_X255_Y68_N0_I63_dff	reg	BLOCK_INPUT_MUX_PASSTHROUGH_X255_Y68_N0_I63
NODE	destination37_output_union_fanins	_quartus_sta_kpr__1255192	afu_top|pg_afu.port_gasket|pr_slot|afu_main|port_afu_instances|ofs_plat_afu|core|dma|csr_mgr_inst|add_2~116_BLOCK_INPUT_MUX_PASSTHROUGH_X255_Y68_N0_I46_dff	reg	BLOCK_INPUT_MUX_PASSTHROUGH_X255_Y68_N0_I46
NODE	destination37_output_union_fanins	_quartus_sta_kpr__1255672	afu_top|pg_afu.port_gasket|pr_slot|afu_main|port_afu_instances|ofs_plat_afu|core|dma|csr_mgr_inst|add_2~121_BLOCK_INPUT_MUX_PASSTHROUGH_X255_Y68_N0_I44_dff	reg	BLOCK_INPUT_MUX_PASSTHROUGH_X255_Y68_N0_I44
NODE	destination37_output_union_fanins	_quartus_sta_kpr__1256036	afu_top|pg_afu.port_gasket|pr_slot|afu_main|port_afu_instances|ofs_plat_afu|core|dma|csr_mgr_inst|add_2~126_BLOCK_INPUT_MUX_PASSTHROUGH_X255_Y68_N0_I45_dff	reg	BLOCK_INPUT_MUX_PASSTHROUGH_X255_Y68_N0_I45
NODE	destination37_output_union_fanins	_quartus_sta_kpr__1256192	afu_top|pg_afu.port_gasket|pr_slot|afu_main|port_afu_instances|ofs_plat_afu|core|dma|csr_mgr_inst|add_2~131_BLOCK_INPUT_MUX_PASSTHROUGH_X255_Y68_N0_I40_dff	reg	BLOCK_INPUT_MUX_PASSTHROUGH_X255_Y68_N0_I40
NODE	destination37_output_union_fanins	_quartus_sta_kpr__1256372	afu_top|pg_afu.port_gasket|pr_slot|afu_main|port_afu_instances|ofs_plat_afu|core|dma|csr_mgr_inst|add_2~136_BLOCK_INPUT_MUX_PASSTHROUGH_X255_Y68_N0_I47_dff	reg	BLOCK_INPUT_MUX_PASSTHROUGH_X255_Y68_N0_I47
NODE	destination37_output_union_fanins	_quartus_sta_kpr__1256568	afu_top|pg_afu.port_gasket|pr_slot|afu_main|port_afu_instances|ofs_plat_afu|core|dma|csr_mgr_inst|add_2~141_BLOCK_INPUT_MUX_PASSTHROUGH_X255_Y68_N0_I38_dff	reg	BLOCK_INPUT_MUX_PASSTHROUGH_X255_Y68_N0_I38
NODE	destination37_output_union_fanins	_quartus_sta_kpr__1256612	afu_top|pg_afu.port_gasket|pr_slot|afu_main|port_afu_instances|ofs_plat_afu|core|dma|csr_mgr_inst|add_2~146_BLOCK_INPUT_MUX_PASSTHROUGH_X255_Y68_N0_I33_dff	reg	BLOCK_INPUT_MUX_PASSTHROUGH_X255_Y68_N0_I33
NODE	destination37_output_union_fanins	_quartus_sta_kpr__1256956	afu_top|pg_afu.port_gasket|pr_slot|afu_main|port_afu_instances|ofs_plat_afu|core|dma|csr_mgr_inst|add_2~151_BLOCK_INPUT_MUX_PASSTHROUGH_X255_Y68_N0_I36_dff	reg	BLOCK_INPUT_MUX_PASSTHROUGH_X255_Y68_N0_I36
NODE	destination37_output_union_fanins	_quartus_sta_kpr__1257368	afu_top|pg_afu.port_gasket|pr_slot|afu_main|port_afu_instances|ofs_plat_afu|core|dma|csr_mgr_inst|add_2~156_BLOCK_INPUT_MUX_PASSTHROUGH_X255_Y68_N0_I37_dff	reg	BLOCK_INPUT_MUX_PASSTHROUGH_X255_Y68_N0_I37
NODE	destination37_output_union_fanins	_quartus_sta_kpr__1257376	afu_top|pg_afu.port_gasket|pr_slot|afu_main|port_afu_instances|ofs_plat_afu|core|dma|csr_mgr_inst|add_2~161_BLOCK_INPUT_MUX_PASSTHROUGH_X255_Y68_N0_I32_dff	reg	BLOCK_INPUT_MUX_PASSTHROUGH_X255_Y68_N0_I32
NODE	destination37_output_union_fanins	_quartus_sta_kpr__1257384	afu_top|pg_afu.port_gasket|pr_slot|afu_main|port_afu_instances|ofs_plat_afu|core|dma|csr_mgr_inst|add_2~166_BLOCK_INPUT_MUX_PASSTHROUGH_X255_Y68_N0_I39_dff	reg	BLOCK_INPUT_MUX_PASSTHROUGH_X255_Y68_N0_I39
NODE	destination37_output_union_fanins	_quartus_sta_kpr__1258996	afu_top|pg_afu.port_gasket|pr_slot|afu_main|port_afu_instances|ofs_plat_afu|core|dma|csr_mgr_inst|add_2~171_BLOCK_INPUT_MUX_PASSTHROUGH_X255_Y68_N0_I25_dff	reg	BLOCK_INPUT_MUX_PASSTHROUGH_X255_Y68_N0_I25
NODE	destination37_output_union_fanins	_quartus_sta_kpr__1259004	afu_top|pg_afu.port_gasket|pr_slot|afu_main|port_afu_instances|ofs_plat_afu|core|dma|csr_mgr_inst|add_2~176_BLOCK_INPUT_MUX_PASSTHROUGH_X255_Y68_N0_I30_dff	reg	BLOCK_INPUT_MUX_PASSTHROUGH_X255_Y68_N0_I30
NODE	destination37_output_union_fanins	_quartus_sta_kpr__1259356	afu_top|pg_afu.port_gasket|pr_slot|afu_main|port_afu_instances|ofs_plat_afu|core|dma|csr_mgr_inst|add_2~181_BLOCK_INPUT_MUX_PASSTHROUGH_X255_Y68_N0_I29_dff	reg	BLOCK_INPUT_MUX_PASSTHROUGH_X255_Y68_N0_I29
NODE	destination37_output_union_fanins	_quartus_sta_kpr__1259364	afu_top|pg_afu.port_gasket|pr_slot|afu_main|port_afu_instances|ofs_plat_afu|core|dma|csr_mgr_inst|add_2~186_BLOCK_INPUT_MUX_PASSTHROUGH_X255_Y68_N0_I31_dff	reg	BLOCK_INPUT_MUX_PASSTHROUGH_X255_Y68_N0_I31
NODE	destination37_output_union_fanins	_quartus_sta_kpr__1259372	afu_top|pg_afu.port_gasket|pr_slot|afu_main|port_afu_instances|ofs_plat_afu|core|dma|csr_mgr_inst|add_2~191_BLOCK_INPUT_MUX_PASSTHROUGH_X255_Y68_N0_I24_dff	reg	BLOCK_INPUT_MUX_PASSTHROUGH_X255_Y68_N0_I24
NODE	destination37_output_union_fanins	_quartus_sta_kpr__1259380	afu_top|pg_afu.port_gasket|pr_slot|afu_main|port_afu_instances|ofs_plat_afu|core|dma|csr_mgr_inst|add_2~196_BLOCK_INPUT_MUX_PASSTHROUGH_X255_Y68_N0_I28_dff	reg	BLOCK_INPUT_MUX_PASSTHROUGH_X255_Y68_N0_I28
NODE	destination37_output_union_fanins	_quartus_sta_kpr__1259388	afu_top|pg_afu.port_gasket|pr_slot|afu_main|port_afu_instances|ofs_plat_afu|core|dma|csr_mgr_inst|add_2~201_BLOCK_INPUT_MUX_PASSTHROUGH_X255_Y68_N0_I17_dff	reg	BLOCK_INPUT_MUX_PASSTHROUGH_X255_Y68_N0_I17
NODE	destination37_output_union_fanins	_quartus_sta_kpr__1259396	afu_top|pg_afu.port_gasket|pr_slot|afu_main|port_afu_instances|ofs_plat_afu|core|dma|csr_mgr_inst|add_2~206_BLOCK_INPUT_MUX_PASSTHROUGH_X255_Y68_N0_I22_dff	reg	BLOCK_INPUT_MUX_PASSTHROUGH_X255_Y68_N0_I22
NODE	destination37_output_union_fanins	_quartus_sta_kpr__1259404	afu_top|pg_afu.port_gasket|pr_slot|afu_main|port_afu_instances|ofs_plat_afu|core|dma|csr_mgr_inst|add_2~211_BLOCK_INPUT_MUX_PASSTHROUGH_X255_Y68_N0_I16_dff	reg	BLOCK_INPUT_MUX_PASSTHROUGH_X255_Y68_N0_I16
NODE	destination37_output_union_fanins	_quartus_sta_kpr__1259412	afu_top|pg_afu.port_gasket|pr_slot|afu_main|port_afu_instances|ofs_plat_afu|core|dma|csr_mgr_inst|add_2~216_BLOCK_INPUT_MUX_PASSTHROUGH_X255_Y68_N0_I20_dff	reg	BLOCK_INPUT_MUX_PASSTHROUGH_X255_Y68_N0_I20
NODE	destination37_output_union_fanins	_quartus_sta_kpr__1259420	afu_top|pg_afu.port_gasket|pr_slot|afu_main|port_afu_instances|ofs_plat_afu|core|dma|csr_mgr_inst|add_2~221_BLOCK_INPUT_MUX_PASSTHROUGH_X255_Y68_N0_I23_dff	reg	BLOCK_INPUT_MUX_PASSTHROUGH_X255_Y68_N0_I23
NODE	destination37_output_union_fanins	_quartus_sta_kpr__1259428	afu_top|pg_afu.port_gasket|pr_slot|afu_main|port_afu_instances|ofs_plat_afu|core|dma|csr_mgr_inst|add_2~226_BLOCK_INPUT_MUX_PASSTHROUGH_X255_Y68_N0_I21_dff	reg	BLOCK_INPUT_MUX_PASSTHROUGH_X255_Y68_N0_I21
NODE	destination37_output_union_fanins	_quartus_sta_kpr__1259436	afu_top|pg_afu.port_gasket|pr_slot|afu_main|port_afu_instances|ofs_plat_afu|core|dma|csr_mgr_inst|add_2~231_BLOCK_INPUT_MUX_PASSTHROUGH_X255_Y68_N0_I14_dff	reg	BLOCK_INPUT_MUX_PASSTHROUGH_X255_Y68_N0_I14
NODE	destination37_output_union_fanins	_quartus_sta_kpr__1259444	afu_top|pg_afu.port_gasket|pr_slot|afu_main|port_afu_instances|ofs_plat_afu|core|dma|csr_mgr_inst|add_2~236_BLOCK_INPUT_MUX_PASSTHROUGH_X255_Y68_N0_I9_dff	reg	BLOCK_INPUT_MUX_PASSTHROUGH_X255_Y68_N0_I9
NODE	destination37_output_union_fanins	_quartus_sta_kpr__1259452	afu_top|pg_afu.port_gasket|pr_slot|afu_main|port_afu_instances|ofs_plat_afu|core|dma|csr_mgr_inst|add_2~241_BLOCK_INPUT_MUX_PASSTHROUGH_X255_Y68_N0_I8_dff	reg	BLOCK_INPUT_MUX_PASSTHROUGH_X255_Y68_N0_I8
NODE	destination37_output_union_fanins	_quartus_sta_kpr__1259460	afu_top|pg_afu.port_gasket|pr_slot|afu_main|port_afu_instances|ofs_plat_afu|core|dma|csr_mgr_inst|add_2~246_BLOCK_INPUT_MUX_PASSTHROUGH_X255_Y68_N0_I12_dff	reg	BLOCK_INPUT_MUX_PASSTHROUGH_X255_Y68_N0_I12
NODE	destination37_output_union_fanins	_quartus_sta_kpr__1259468	afu_top|pg_afu.port_gasket|pr_slot|afu_main|port_afu_instances|ofs_plat_afu|core|dma|csr_mgr_inst|add_2~251_BLOCK_INPUT_MUX_PASSTHROUGH_X255_Y68_N0_I15_dff	reg	BLOCK_INPUT_MUX_PASSTHROUGH_X255_Y68_N0_I15
NODE	destination37_output_union_fanins	_quartus_sta_kpr__1259476	afu_top|pg_afu.port_gasket|pr_slot|afu_main|port_afu_instances|ofs_plat_afu|core|dma|csr_mgr_inst|add_2~256_BLOCK_INPUT_MUX_PASSTHROUGH_X255_Y68_N0_I13_dff	reg	BLOCK_INPUT_MUX_PASSTHROUGH_X255_Y68_N0_I13
NODE	destination37_output_union_fanins	_quartus_sta_kpr__1392200	afu_top|pg_afu.port_gasket|pr_slot|afu_main|port_afu_instances|ofs_plat_afu|core|dma|csr_mgr_inst|dst_last_q[38]~SCLR_dff	reg	FF_X255_Y68_N75
COUNT	destination37_output_union_fanouts	0	2048
SEEDCOUNT	destination37	dst_last_q[37]~.comb	1
NODE	length14_seed	_quartus_sta_reg__517397	afu_top|pg_afu.port_gasket|pr_slot|afu_main|port_afu_instances|ofs_plat_afu|core|dma|csr_mgr_inst|dma_csr_map.descriptor.length[14]~.comb	reg	FF_X259_Y66_N14
EDGECOUNT	length14_seed	_quartus_sta_reg__517397	synch_edges	3	2048
EDGE	length14_seed	_quartus_sta_reg__517397	synch_edges	_quartus_sta_edge__474921	synchronous	CELL	0	_quartus_sta_pin__517394	afu_top|pg_afu.port_gasket|pr_slot|afu_main|port_afu_instances|ofs_plat_afu|core|dma|csr_mgr_inst|dma_csr_map.descriptor.length[14]~.comb|d	pin	_quartus_sta_reg__517397	afu_top|pg_afu.port_gasket|pr_slot|afu_main|port_afu_instances|ofs_plat_afu|core|dma|csr_mgr_inst|dma_csr_map.descriptor.length[14]~.comb	reg
EDGE	length14_seed	_quartus_sta_reg__517397	synch_edges	_quartus_sta_edge__474919	synchronous	CELL	0	_quartus_sta_pin__517393	afu_top|pg_afu.port_gasket|pr_slot|afu_main|port_afu_instances|ofs_plat_afu|core|dma|csr_mgr_inst|dma_csr_map.descriptor.length[14]~.comb|ena	pin	_quartus_sta_reg__517397	afu_top|pg_afu.port_gasket|pr_slot|afu_main|port_afu_instances|ofs_plat_afu|core|dma|csr_mgr_inst|dma_csr_map.descriptor.length[14]~.comb	reg
EDGE	length14_seed	_quartus_sta_reg__517397	synch_edges	_quartus_sta_edge__474917	synchronous	CELL	0	_quartus_sta_pin__517392	afu_top|pg_afu.port_gasket|pr_slot|afu_main|port_afu_instances|ofs_plat_afu|core|dma|csr_mgr_inst|dma_csr_map.descriptor.length[14]~.comb|sclr	pin	_quartus_sta_reg__517397	afu_top|pg_afu.port_gasket|pr_slot|afu_main|port_afu_instances|ofs_plat_afu|core|dma|csr_mgr_inst|dma_csr_map.descriptor.length[14]~.comb	reg
EDGECOUNT	length14_seed	_quartus_sta_reg__517397	asynch_edges	0	2048
EDGECOUNT	length14_seed	_quartus_sta_reg__517397	clock_edges	1	2048
EDGE	length14_seed	_quartus_sta_reg__517397	clock_edges	_quartus_sta_edge__474923	clock	CELL	0	_quartus_sta_pin__517395	afu_top|pg_afu.port_gasket|pr_slot|afu_main|port_afu_instances|ofs_plat_afu|core|dma|csr_mgr_inst|dma_csr_map.descriptor.length[14]~.comb|clk	pin	_quartus_sta_reg__517397	afu_top|pg_afu.port_gasket|pr_slot|afu_main|port_afu_instances|ofs_plat_afu|core|dma|csr_mgr_inst|dma_csr_map.descriptor.length[14]~.comb	reg
EDGECOUNT	length14_seed	_quartus_sta_reg__517397	fanout_edges	0	2048
CELL	length14	_quartus_sta_cell__365584	afu_top|pg_afu.port_gasket|pr_slot|afu_main|port_afu_instances|ofs_plat_afu|core|dma|csr_mgr_inst|dma_csr_map.descriptor.length[14]~.comb	cell	tennm_ff	FF_X259_Y66_N14
PINNAMES	length14	IN	sclr ena d clk 
PINNAMES	length14	OUT	q 
COUNT	length14_pins	5	64
NODE	length14_pin	_quartus_sta_pin__517392	afu_top|pg_afu.port_gasket|pr_slot|afu_main|port_afu_instances|ofs_plat_afu|core|dma|csr_mgr_inst|dma_csr_map.descriptor.length[14]~.comb|sclr	pin	FF_X259_Y66_N14
EDGECOUNT	length14_pin	_quartus_sta_pin__517392	synch_edges	1	2048
EDGE	length14_pin	_quartus_sta_pin__517392	synch_edges	_quartus_sta_edge__1234928	asynchronous	CELL	0	_quartus_sta_pin__1399410	afu_top|pg_afu.port_gasket|pr_slot|afu_main|port_afu_instances|ofs_plat_afu|core|dma|csr_mgr_inst|dma_csr_map.descriptor.length[14]~DUPLICATESCLR_dff|q	pin	_quartus_sta_pin__517392	afu_top|pg_afu.port_gasket|pr_slot|afu_main|port_afu_instances|ofs_plat_afu|core|dma|csr_mgr_inst|dma_csr_map.descriptor.length[14]~.comb|sclr	pin
EDGECOUNT	length14_pin	_quartus_sta_pin__517392	asynch_edges	1	2048
EDGE	length14_pin	_quartus_sta_pin__517392	asynch_edges	_quartus_sta_edge__1234928	asynchronous	CELL	0	_quartus_sta_pin__1399410	afu_top|pg_afu.port_gasket|pr_slot|afu_main|port_afu_instances|ofs_plat_afu|core|dma|csr_mgr_inst|dma_csr_map.descriptor.length[14]~DUPLICATESCLR_dff|q	pin	_quartus_sta_pin__517392	afu_top|pg_afu.port_gasket|pr_slot|afu_main|port_afu_instances|ofs_plat_afu|core|dma|csr_mgr_inst|dma_csr_map.descriptor.length[14]~.comb|sclr	pin
EDGECOUNT	length14_pin	_quartus_sta_pin__517392	clock_edges	1	2048
EDGE	length14_pin	_quartus_sta_pin__517392	clock_edges	_quartus_sta_edge__1234928	asynchronous	CELL	0	_quartus_sta_pin__1399410	afu_top|pg_afu.port_gasket|pr_slot|afu_main|port_afu_instances|ofs_plat_afu|core|dma|csr_mgr_inst|dma_csr_map.descriptor.length[14]~DUPLICATESCLR_dff|q	pin	_quartus_sta_pin__517392	afu_top|pg_afu.port_gasket|pr_slot|afu_main|port_afu_instances|ofs_plat_afu|core|dma|csr_mgr_inst|dma_csr_map.descriptor.length[14]~.comb|sclr	pin
EDGECOUNT	length14_pin	_quartus_sta_pin__517392	fanout_edges	2	2048
EDGE	length14_pin	_quartus_sta_pin__517392	fanout_edges	_quartus_sta_edge__474917	synchronous	CELL	0	_quartus_sta_pin__517392	afu_top|pg_afu.port_gasket|pr_slot|afu_main|port_afu_instances|ofs_plat_afu|core|dma|csr_mgr_inst|dma_csr_map.descriptor.length[14]~.comb|sclr	pin	_quartus_sta_reg__517397	afu_top|pg_afu.port_gasket|pr_slot|afu_main|port_afu_instances|ofs_plat_afu|core|dma|csr_mgr_inst|dma_csr_map.descriptor.length[14]~.comb	reg
EDGE	length14_pin	_quartus_sta_pin__517392	fanout_edges	_quartus_sta_edge__474918	asynchronous	CELL	0	_quartus_sta_pin__517392	afu_top|pg_afu.port_gasket|pr_slot|afu_main|port_afu_instances|ofs_plat_afu|core|dma|csr_mgr_inst|dma_csr_map.descriptor.length[14]~.comb|sclr	pin	_quartus_sta_pin__517396	afu_top|pg_afu.port_gasket|pr_slot|afu_main|port_afu_instances|ofs_plat_afu|core|dma|csr_mgr_inst|dma_csr_map.descriptor.length[14]~.comb|q	pin
COUNT	length14_pin_lookup	0	32
GAP	length14	afu_top|pg_afu.port_gasket|pr_slot|afu_main|port_afu_instances|ofs_plat_afu|core|dma|csr_mgr_inst|dma_csr_map.descriptor.length[14]~.comb|sclr	PIN_LOOKUP_NOT_EXACT_SINGLETON
NODE	length14_pin	_quartus_sta_pin__517393	afu_top|pg_afu.port_gasket|pr_slot|afu_main|port_afu_instances|ofs_plat_afu|core|dma|csr_mgr_inst|dma_csr_map.descriptor.length[14]~.comb|ena	pin	FF_X259_Y66_N14
EDGECOUNT	length14_pin	_quartus_sta_pin__517393	synch_edges	1	2048
EDGE	length14_pin	_quartus_sta_pin__517393	synch_edges	_quartus_sta_edge__2573524	synchronous	IC	0	_quartus_sta_comb__854802	afu_top|pg_afu.port_gasket|pr_slot|afu_main|port_afu_instances|ofs_plat_afu|core|dma|csr_mgr_inst|i2852~0~cw_ml_mlab/laboutt[8]	comb	_quartus_sta_pin__517393	afu_top|pg_afu.port_gasket|pr_slot|afu_main|port_afu_instances|ofs_plat_afu|core|dma|csr_mgr_inst|dma_csr_map.descriptor.length[14]~.comb|ena	pin
EDGECOUNT	length14_pin	_quartus_sta_pin__517393	asynch_edges	1	2048
EDGE	length14_pin	_quartus_sta_pin__517393	asynch_edges	_quartus_sta_edge__2573524	synchronous	IC	0	_quartus_sta_comb__854802	afu_top|pg_afu.port_gasket|pr_slot|afu_main|port_afu_instances|ofs_plat_afu|core|dma|csr_mgr_inst|i2852~0~cw_ml_mlab/laboutt[8]	comb	_quartus_sta_pin__517393	afu_top|pg_afu.port_gasket|pr_slot|afu_main|port_afu_instances|ofs_plat_afu|core|dma|csr_mgr_inst|dma_csr_map.descriptor.length[14]~.comb|ena	pin
EDGECOUNT	length14_pin	_quartus_sta_pin__517393	clock_edges	1	2048
EDGE	length14_pin	_quartus_sta_pin__517393	clock_edges	_quartus_sta_edge__2573524	synchronous	IC	0	_quartus_sta_comb__854802	afu_top|pg_afu.port_gasket|pr_slot|afu_main|port_afu_instances|ofs_plat_afu|core|dma|csr_mgr_inst|i2852~0~cw_ml_mlab/laboutt[8]	comb	_quartus_sta_pin__517393	afu_top|pg_afu.port_gasket|pr_slot|afu_main|port_afu_instances|ofs_plat_afu|core|dma|csr_mgr_inst|dma_csr_map.descriptor.length[14]~.comb|ena	pin
EDGECOUNT	length14_pin	_quartus_sta_pin__517393	fanout_edges	2	2048
EDGE	length14_pin	_quartus_sta_pin__517393	fanout_edges	_quartus_sta_edge__474919	synchronous	CELL	0	_quartus_sta_pin__517393	afu_top|pg_afu.port_gasket|pr_slot|afu_main|port_afu_instances|ofs_plat_afu|core|dma|csr_mgr_inst|dma_csr_map.descriptor.length[14]~.comb|ena	pin	_quartus_sta_reg__517397	afu_top|pg_afu.port_gasket|pr_slot|afu_main|port_afu_instances|ofs_plat_afu|core|dma|csr_mgr_inst|dma_csr_map.descriptor.length[14]~.comb	reg
EDGE	length14_pin	_quartus_sta_pin__517393	fanout_edges	_quartus_sta_edge__474920	asynchronous	CELL	0	_quartus_sta_pin__517393	afu_top|pg_afu.port_gasket|pr_slot|afu_main|port_afu_instances|ofs_plat_afu|core|dma|csr_mgr_inst|dma_csr_map.descriptor.length[14]~.comb|ena	pin	_quartus_sta_pin__517396	afu_top|pg_afu.port_gasket|pr_slot|afu_main|port_afu_instances|ofs_plat_afu|core|dma|csr_mgr_inst|dma_csr_map.descriptor.length[14]~.comb|q	pin
COUNT	length14_pin_lookup	0	32
GAP	length14	afu_top|pg_afu.port_gasket|pr_slot|afu_main|port_afu_instances|ofs_plat_afu|core|dma|csr_mgr_inst|dma_csr_map.descriptor.length[14]~.comb|ena	PIN_LOOKUP_NOT_EXACT_SINGLETON
NODE	length14_pin	_quartus_sta_pin__517394	afu_top|pg_afu.port_gasket|pr_slot|afu_main|port_afu_instances|ofs_plat_afu|core|dma|csr_mgr_inst|dma_csr_map.descriptor.length[14]~.comb|d	pin	FF_X259_Y66_N14
EDGECOUNT	length14_pin	_quartus_sta_pin__517394	synch_edges	1	2048
EDGE	length14_pin	_quartus_sta_pin__517394	synch_edges	_quartus_sta_edge__2573523	synchronous	IC	0	_quartus_sta_pin__1384195	afu_top|pg_afu.port_gasket|pr_slot|afu_main|port_afu_instances|ofs_plat_afu|core|dma|csr_mgr_inst|mmio64_reg.w.data[14]~DUPLICATE_BLOCK_INPUT_MUX_PASSTHROUGH_X259_Y66_N0_I16_dff|q	pin	_quartus_sta_pin__517394	afu_top|pg_afu.port_gasket|pr_slot|afu_main|port_afu_instances|ofs_plat_afu|core|dma|csr_mgr_inst|dma_csr_map.descriptor.length[14]~.comb|d	pin
EDGECOUNT	length14_pin	_quartus_sta_pin__517394	asynch_edges	1	2048
EDGE	length14_pin	_quartus_sta_pin__517394	asynch_edges	_quartus_sta_edge__2573523	synchronous	IC	0	_quartus_sta_pin__1384195	afu_top|pg_afu.port_gasket|pr_slot|afu_main|port_afu_instances|ofs_plat_afu|core|dma|csr_mgr_inst|mmio64_reg.w.data[14]~DUPLICATE_BLOCK_INPUT_MUX_PASSTHROUGH_X259_Y66_N0_I16_dff|q	pin	_quartus_sta_pin__517394	afu_top|pg_afu.port_gasket|pr_slot|afu_main|port_afu_instances|ofs_plat_afu|core|dma|csr_mgr_inst|dma_csr_map.descriptor.length[14]~.comb|d	pin
EDGECOUNT	length14_pin	_quartus_sta_pin__517394	clock_edges	1	2048
EDGE	length14_pin	_quartus_sta_pin__517394	clock_edges	_quartus_sta_edge__2573523	synchronous	IC	0	_quartus_sta_pin__1384195	afu_top|pg_afu.port_gasket|pr_slot|afu_main|port_afu_instances|ofs_plat_afu|core|dma|csr_mgr_inst|mmio64_reg.w.data[14]~DUPLICATE_BLOCK_INPUT_MUX_PASSTHROUGH_X259_Y66_N0_I16_dff|q	pin	_quartus_sta_pin__517394	afu_top|pg_afu.port_gasket|pr_slot|afu_main|port_afu_instances|ofs_plat_afu|core|dma|csr_mgr_inst|dma_csr_map.descriptor.length[14]~.comb|d	pin
EDGECOUNT	length14_pin	_quartus_sta_pin__517394	fanout_edges	2	2048
EDGE	length14_pin	_quartus_sta_pin__517394	fanout_edges	_quartus_sta_edge__474921	synchronous	CELL	0	_quartus_sta_pin__517394	afu_top|pg_afu.port_gasket|pr_slot|afu_main|port_afu_instances|ofs_plat_afu|core|dma|csr_mgr_inst|dma_csr_map.descriptor.length[14]~.comb|d	pin	_quartus_sta_reg__517397	afu_top|pg_afu.port_gasket|pr_slot|afu_main|port_afu_instances|ofs_plat_afu|core|dma|csr_mgr_inst|dma_csr_map.descriptor.length[14]~.comb	reg
EDGE	length14_pin	_quartus_sta_pin__517394	fanout_edges	_quartus_sta_edge__474922	asynchronous	CELL	0	_quartus_sta_pin__517394	afu_top|pg_afu.port_gasket|pr_slot|afu_main|port_afu_instances|ofs_plat_afu|core|dma|csr_mgr_inst|dma_csr_map.descriptor.length[14]~.comb|d	pin	_quartus_sta_pin__517396	afu_top|pg_afu.port_gasket|pr_slot|afu_main|port_afu_instances|ofs_plat_afu|core|dma|csr_mgr_inst|dma_csr_map.descriptor.length[14]~.comb|q	pin
COUNT	length14_pin_lookup	0	32
GAP	length14	afu_top|pg_afu.port_gasket|pr_slot|afu_main|port_afu_instances|ofs_plat_afu|core|dma|csr_mgr_inst|dma_csr_map.descriptor.length[14]~.comb|d	PIN_LOOKUP_NOT_EXACT_SINGLETON
NODE	length14_pin	_quartus_sta_pin__517395	afu_top|pg_afu.port_gasket|pr_slot|afu_main|port_afu_instances|ofs_plat_afu|core|dma|csr_mgr_inst|dma_csr_map.descriptor.length[14]~.comb|clk	pin	FF_X259_Y66_N14
EDGECOUNT	length14_pin	_quartus_sta_pin__517395	synch_edges	1	2048
EDGE	length14_pin	_quartus_sta_pin__517395	synch_edges	_quartus_sta_edge__2573522	synchronous	IC	0	_quartus_sta_pin__704799	afu_top|pg_afu.port_gasket|pr_slot|afu_main|ext_mem_if[0].clk	pin	_quartus_sta_pin__517395	afu_top|pg_afu.port_gasket|pr_slot|afu_main|port_afu_instances|ofs_plat_afu|core|dma|csr_mgr_inst|dma_csr_map.descriptor.length[14]~.comb|clk	pin
EDGECOUNT	length14_pin	_quartus_sta_pin__517395	asynch_edges	1	2048
EDGE	length14_pin	_quartus_sta_pin__517395	asynch_edges	_quartus_sta_edge__2573522	synchronous	IC	0	_quartus_sta_pin__704799	afu_top|pg_afu.port_gasket|pr_slot|afu_main|ext_mem_if[0].clk	pin	_quartus_sta_pin__517395	afu_top|pg_afu.port_gasket|pr_slot|afu_main|port_afu_instances|ofs_plat_afu|core|dma|csr_mgr_inst|dma_csr_map.descriptor.length[14]~.comb|clk	pin
EDGECOUNT	length14_pin	_quartus_sta_pin__517395	clock_edges	1	2048
EDGE	length14_pin	_quartus_sta_pin__517395	clock_edges	_quartus_sta_edge__2573522	synchronous	IC	0	_quartus_sta_pin__704799	afu_top|pg_afu.port_gasket|pr_slot|afu_main|ext_mem_if[0].clk	pin	_quartus_sta_pin__517395	afu_top|pg_afu.port_gasket|pr_slot|afu_main|port_afu_instances|ofs_plat_afu|core|dma|csr_mgr_inst|dma_csr_map.descriptor.length[14]~.comb|clk	pin
EDGECOUNT	length14_pin	_quartus_sta_pin__517395	fanout_edges	1	2048
EDGE	length14_pin	_quartus_sta_pin__517395	fanout_edges	_quartus_sta_edge__474923	clock	CELL	0	_quartus_sta_pin__517395	afu_top|pg_afu.port_gasket|pr_slot|afu_main|port_afu_instances|ofs_plat_afu|core|dma|csr_mgr_inst|dma_csr_map.descriptor.length[14]~.comb|clk	pin	_quartus_sta_reg__517397	afu_top|pg_afu.port_gasket|pr_slot|afu_main|port_afu_instances|ofs_plat_afu|core|dma|csr_mgr_inst|dma_csr_map.descriptor.length[14]~.comb	reg
COUNT	length14_pin_lookup	0	32
GAP	length14	afu_top|pg_afu.port_gasket|pr_slot|afu_main|port_afu_instances|ofs_plat_afu|core|dma|csr_mgr_inst|dma_csr_map.descriptor.length[14]~.comb|clk	PIN_LOOKUP_NOT_EXACT_SINGLETON
NODE	length14_pin	_quartus_sta_pin__517396	afu_top|pg_afu.port_gasket|pr_slot|afu_main|port_afu_instances|ofs_plat_afu|core|dma|csr_mgr_inst|dma_csr_map.descriptor.length[14]~.comb|q	pin	FF_X259_Y66_N14
EDGECOUNT	length14_pin	_quartus_sta_pin__517396	synch_edges	3	2048
EDGE	length14_pin	_quartus_sta_pin__517396	synch_edges	_quartus_sta_edge__474920	asynchronous	CELL	0	_quartus_sta_pin__517393	afu_top|pg_afu.port_gasket|pr_slot|afu_main|port_afu_instances|ofs_plat_afu|core|dma|csr_mgr_inst|dma_csr_map.descriptor.length[14]~.comb|ena	pin	_quartus_sta_pin__517396	afu_top|pg_afu.port_gasket|pr_slot|afu_main|port_afu_instances|ofs_plat_afu|core|dma|csr_mgr_inst|dma_csr_map.descriptor.length[14]~.comb|q	pin
EDGE	length14_pin	_quartus_sta_pin__517396	synch_edges	_quartus_sta_edge__474918	asynchronous	CELL	0	_quartus_sta_pin__517392	afu_top|pg_afu.port_gasket|pr_slot|afu_main|port_afu_instances|ofs_plat_afu|core|dma|csr_mgr_inst|dma_csr_map.descriptor.length[14]~.comb|sclr	pin	_quartus_sta_pin__517396	afu_top|pg_afu.port_gasket|pr_slot|afu_main|port_afu_instances|ofs_plat_afu|core|dma|csr_mgr_inst|dma_csr_map.descriptor.length[14]~.comb|q	pin
EDGE	length14_pin	_quartus_sta_pin__517396	synch_edges	_quartus_sta_edge__474922	asynchronous	CELL	0	_quartus_sta_pin__517394	afu_top|pg_afu.port_gasket|pr_slot|afu_main|port_afu_instances|ofs_plat_afu|core|dma|csr_mgr_inst|dma_csr_map.descriptor.length[14]~.comb|d	pin	_quartus_sta_pin__517396	afu_top|pg_afu.port_gasket|pr_slot|afu_main|port_afu_instances|ofs_plat_afu|core|dma|csr_mgr_inst|dma_csr_map.descriptor.length[14]~.comb|q	pin
EDGECOUNT	length14_pin	_quartus_sta_pin__517396	asynch_edges	3	2048
EDGE	length14_pin	_quartus_sta_pin__517396	asynch_edges	_quartus_sta_edge__474920	asynchronous	CELL	0	_quartus_sta_pin__517393	afu_top|pg_afu.port_gasket|pr_slot|afu_main|port_afu_instances|ofs_plat_afu|core|dma|csr_mgr_inst|dma_csr_map.descriptor.length[14]~.comb|ena	pin	_quartus_sta_pin__517396	afu_top|pg_afu.port_gasket|pr_slot|afu_main|port_afu_instances|ofs_plat_afu|core|dma|csr_mgr_inst|dma_csr_map.descriptor.length[14]~.comb|q	pin
EDGE	length14_pin	_quartus_sta_pin__517396	asynch_edges	_quartus_sta_edge__474918	asynchronous	CELL	0	_quartus_sta_pin__517392	afu_top|pg_afu.port_gasket|pr_slot|afu_main|port_afu_instances|ofs_plat_afu|core|dma|csr_mgr_inst|dma_csr_map.descriptor.length[14]~.comb|sclr	pin	_quartus_sta_pin__517396	afu_top|pg_afu.port_gasket|pr_slot|afu_main|port_afu_instances|ofs_plat_afu|core|dma|csr_mgr_inst|dma_csr_map.descriptor.length[14]~.comb|q	pin
EDGE	length14_pin	_quartus_sta_pin__517396	asynch_edges	_quartus_sta_edge__474922	asynchronous	CELL	0	_quartus_sta_pin__517394	afu_top|pg_afu.port_gasket|pr_slot|afu_main|port_afu_instances|ofs_plat_afu|core|dma|csr_mgr_inst|dma_csr_map.descriptor.length[14]~.comb|d	pin	_quartus_sta_pin__517396	afu_top|pg_afu.port_gasket|pr_slot|afu_main|port_afu_instances|ofs_plat_afu|core|dma|csr_mgr_inst|dma_csr_map.descriptor.length[14]~.comb|q	pin
EDGECOUNT	length14_pin	_quartus_sta_pin__517396	clock_edges	3	2048
EDGE	length14_pin	_quartus_sta_pin__517396	clock_edges	_quartus_sta_edge__474920	asynchronous	CELL	0	_quartus_sta_pin__517393	afu_top|pg_afu.port_gasket|pr_slot|afu_main|port_afu_instances|ofs_plat_afu|core|dma|csr_mgr_inst|dma_csr_map.descriptor.length[14]~.comb|ena	pin	_quartus_sta_pin__517396	afu_top|pg_afu.port_gasket|pr_slot|afu_main|port_afu_instances|ofs_plat_afu|core|dma|csr_mgr_inst|dma_csr_map.descriptor.length[14]~.comb|q	pin
EDGE	length14_pin	_quartus_sta_pin__517396	clock_edges	_quartus_sta_edge__474918	asynchronous	CELL	0	_quartus_sta_pin__517392	afu_top|pg_afu.port_gasket|pr_slot|afu_main|port_afu_instances|ofs_plat_afu|core|dma|csr_mgr_inst|dma_csr_map.descriptor.length[14]~.comb|sclr	pin	_quartus_sta_pin__517396	afu_top|pg_afu.port_gasket|pr_slot|afu_main|port_afu_instances|ofs_plat_afu|core|dma|csr_mgr_inst|dma_csr_map.descriptor.length[14]~.comb|q	pin
EDGE	length14_pin	_quartus_sta_pin__517396	clock_edges	_quartus_sta_edge__474922	asynchronous	CELL	0	_quartus_sta_pin__517394	afu_top|pg_afu.port_gasket|pr_slot|afu_main|port_afu_instances|ofs_plat_afu|core|dma|csr_mgr_inst|dma_csr_map.descriptor.length[14]~.comb|d	pin	_quartus_sta_pin__517396	afu_top|pg_afu.port_gasket|pr_slot|afu_main|port_afu_instances|ofs_plat_afu|core|dma|csr_mgr_inst|dma_csr_map.descriptor.length[14]~.comb|q	pin
EDGECOUNT	length14_pin	_quartus_sta_pin__517396	fanout_edges	2	2048
EDGE	length14_pin	_quartus_sta_pin__517396	fanout_edges	_quartus_sta_edge__2658297	synchronous	IC	0	_quartus_sta_pin__517396	afu_top|pg_afu.port_gasket|pr_slot|afu_main|port_afu_instances|ofs_plat_afu|core|dma|csr_mgr_inst|dma_csr_map.descriptor.length[14]~.comb|q	pin	_quartus_sta_pin__625274	afu_top|pg_afu.port_gasket|pr_slot|afu_main|port_afu_instances|ofs_plat_afu|core|dma|csr_mgr_inst|add_2~186|datac	pin
EDGE	length14_pin	_quartus_sta_pin__517396	fanout_edges	_quartus_sta_edge__2577535	synchronous	IC	0	_quartus_sta_pin__517396	afu_top|pg_afu.port_gasket|pr_slot|afu_main|port_afu_instances|ofs_plat_afu|core|dma|csr_mgr_inst|dma_csr_map.descriptor.length[14]~.comb|q	pin	_quartus_sta_pin__523987	afu_top|pg_afu.port_gasket|pr_slot|afu_main|port_afu_instances|ofs_plat_afu|core|dma|descriptor_fifo_inst|scfifo_component|auto_generated|dpfifo|FIFOram|altera_syncram_impl1|ram_block2a46|portadatain[0]	pin
COUNT	length14_pin_lookup	0	32
GAP	length14	afu_top|pg_afu.port_gasket|pr_slot|afu_main|port_afu_instances|ofs_plat_afu|core|dma|csr_mgr_inst|dma_csr_map.descriptor.length[14]~.comb|q	PIN_LOOKUP_NOT_EXACT_SINGLETON
COUNT	length14_buried	1	64
NODE	length14_buried	_quartus_sta_node__517397	afu_top|pg_afu.port_gasket|pr_slot|afu_main|port_afu_instances|ofs_plat_afu|core|dma|csr_mgr_inst|dma_csr_map.descriptor.length[14]~.comb	reg	FF_X259_Y66_N14
EDGECOUNT	length14_buried	_quartus_sta_node__517397	synch_edges	3	2048
EDGE	length14_buried	_quartus_sta_node__517397	synch_edges	_quartus_sta_edge__474921	synchronous	CELL	0	_quartus_sta_pin__517394	afu_top|pg_afu.port_gasket|pr_slot|afu_main|port_afu_instances|ofs_plat_afu|core|dma|csr_mgr_inst|dma_csr_map.descriptor.length[14]~.comb|d	pin	_quartus_sta_reg__517397	afu_top|pg_afu.port_gasket|pr_slot|afu_main|port_afu_instances|ofs_plat_afu|core|dma|csr_mgr_inst|dma_csr_map.descriptor.length[14]~.comb	reg
EDGE	length14_buried	_quartus_sta_node__517397	synch_edges	_quartus_sta_edge__474919	synchronous	CELL	0	_quartus_sta_pin__517393	afu_top|pg_afu.port_gasket|pr_slot|afu_main|port_afu_instances|ofs_plat_afu|core|dma|csr_mgr_inst|dma_csr_map.descriptor.length[14]~.comb|ena	pin	_quartus_sta_reg__517397	afu_top|pg_afu.port_gasket|pr_slot|afu_main|port_afu_instances|ofs_plat_afu|core|dma|csr_mgr_inst|dma_csr_map.descriptor.length[14]~.comb	reg
EDGE	length14_buried	_quartus_sta_node__517397	synch_edges	_quartus_sta_edge__474917	synchronous	CELL	0	_quartus_sta_pin__517392	afu_top|pg_afu.port_gasket|pr_slot|afu_main|port_afu_instances|ofs_plat_afu|core|dma|csr_mgr_inst|dma_csr_map.descriptor.length[14]~.comb|sclr	pin	_quartus_sta_reg__517397	afu_top|pg_afu.port_gasket|pr_slot|afu_main|port_afu_instances|ofs_plat_afu|core|dma|csr_mgr_inst|dma_csr_map.descriptor.length[14]~.comb	reg
EDGECOUNT	length14_buried	_quartus_sta_node__517397	asynch_edges	0	2048
EDGECOUNT	length14_buried	_quartus_sta_node__517397	clock_edges	1	2048
EDGE	length14_buried	_quartus_sta_node__517397	clock_edges	_quartus_sta_edge__474923	clock	CELL	0	_quartus_sta_pin__517395	afu_top|pg_afu.port_gasket|pr_slot|afu_main|port_afu_instances|ofs_plat_afu|core|dma|csr_mgr_inst|dma_csr_map.descriptor.length[14]~.comb|clk	pin	_quartus_sta_reg__517397	afu_top|pg_afu.port_gasket|pr_slot|afu_main|port_afu_instances|ofs_plat_afu|core|dma|csr_mgr_inst|dma_csr_map.descriptor.length[14]~.comb	reg
EDGECOUNT	length14_buried	_quartus_sta_node__517397	fanout_edges	0	2048
COUNT	length14_buried_regs	1	64
NODE	length14_buried_reg	_quartus_sta_reg__517397	afu_top|pg_afu.port_gasket|pr_slot|afu_main|port_afu_instances|ofs_plat_afu|core|dma|csr_mgr_inst|dma_csr_map.descriptor.length[14]~.comb	reg	FF_X259_Y66_N14
COUNT	length14_input_union_fanins	9	2048
NODE	length14_input_union_fanins	_quartus_sta_kpr__1271552	afu_top|pg_afu.port_gasket|pr_slot|afu_main|port_afu_instances|ofs_plat_afu|join_afu_reset|joined_reset_n~BLOCK_INPUT_MUX_PASSTHROUGH_X260_Y70_N0_I18_dff	reg	BLOCK_INPUT_MUX_PASSTHROUGH_X260_Y70_N0_I18
NODE	length14_input_union_fanins	_quartus_sta_kpr__1302036	afu_top|pg_afu.port_gasket|pr_slot|afu_main|port_afu_instances|ofs_plat_afu|core|dma|csr_mgr_inst|reduce_nor_7~BLOCK_INPUT_MUX_PASSTHROUGH_X260_Y70_N0_I16_dff	reg	BLOCK_INPUT_MUX_PASSTHROUGH_X260_Y70_N0_I16
NODE	length14_input_union_fanins	_quartus_sta_kpr__1371424	afu_top|pg_afu.port_gasket|pr_slot|afu_main|port_afu_instances|ofs_plat_afu|core|dma|csr_mgr_inst|i611~0xsyn_BLOCK_INPUT_MUX_PASSTHROUGH_X260_Y70_N0_I23_dff	reg	BLOCK_INPUT_MUX_PASSTHROUGH_X260_Y70_N0_I23
NODE	length14_input_union_fanins	_quartus_sta_kpr__1372592	afu_top|pg_afu.port_gasket|pr_slot|afu_main|port_afu_instances|ofs_plat_afu|core|dma|csr_mgr_inst|Select_0~10xsyn_20_BLOCK_INPUT_MUX_PASSTHROUGH_X260_Y70_N0_I19_dff	reg	BLOCK_INPUT_MUX_PASSTHROUGH_X260_Y70_N0_I19
NODE	length14_input_union_fanins	_quartus_sta_kpr__1373184	afu_top|pg_afu.port_gasket|pr_slot|afu_main|port_afu_instances|ofs_plat_afu|core|dma|csr_mgr_inst|i2852~0xsyn_BLOCK_INPUT_MUX_PASSTHROUGH_X260_Y70_N0_I20_dff	reg	BLOCK_INPUT_MUX_PASSTHROUGH_X260_Y70_N0_I20
NODE	length14_input_union_fanins	_quartus_sta_kpr__1373188	afu_top|pg_afu.port_gasket|pr_slot|afu_main|port_afu_instances|ofs_plat_afu|core|dma|csr_mgr_inst|i2852~0xsyn_2_BLOCK_INPUT_MUX_PASSTHROUGH_X260_Y70_N0_I21_dff	reg	BLOCK_INPUT_MUX_PASSTHROUGH_X260_Y70_N0_I21
NODE	length14_input_union_fanins	_quartus_sta_kpr__1384196	afu_top|pg_afu.port_gasket|pr_slot|afu_main|port_afu_instances|ofs_plat_afu|core|dma|csr_mgr_inst|mmio64_reg.w.data[14]~DUPLICATE_BLOCK_INPUT_MUX_PASSTHROUGH_X259_Y66_N0_I16_dff	reg	BLOCK_INPUT_MUX_PASSTHROUGH_X259_Y66_N0_I16
NODE	length14_input_union_fanins	_quartus_sta_kpr__1399411	afu_top|pg_afu.port_gasket|pr_slot|afu_main|port_afu_instances|ofs_plat_afu|core|dma|csr_mgr_inst|dma_csr_map.descriptor.length[14]~DUPLICATESCLR_dff	reg	FF_X259_Y66_N65
NODE	length14_input_union_fanins	_quartus_sta_kpr__2240868	ddr4_mem_ref_clk[0].clk	port	PIN_HF23
COUNT	length14_input_union_fanouts	1	2048
NODE	length14_input_union_fanouts	_quartus_sta_kpr__517397	afu_top|pg_afu.port_gasket|pr_slot|afu_main|port_afu_instances|ofs_plat_afu|core|dma|csr_mgr_inst|dma_csr_map.descriptor.length[14]~.comb	reg	FF_X259_Y66_N14
COUNT	length14_output_union_fanins	8	2048
NODE	length14_output_union_fanins	_quartus_sta_kpr__1271552	afu_top|pg_afu.port_gasket|pr_slot|afu_main|port_afu_instances|ofs_plat_afu|join_afu_reset|joined_reset_n~BLOCK_INPUT_MUX_PASSTHROUGH_X260_Y70_N0_I18_dff	reg	BLOCK_INPUT_MUX_PASSTHROUGH_X260_Y70_N0_I18
NODE	length14_output_union_fanins	_quartus_sta_kpr__1302036	afu_top|pg_afu.port_gasket|pr_slot|afu_main|port_afu_instances|ofs_plat_afu|core|dma|csr_mgr_inst|reduce_nor_7~BLOCK_INPUT_MUX_PASSTHROUGH_X260_Y70_N0_I16_dff	reg	BLOCK_INPUT_MUX_PASSTHROUGH_X260_Y70_N0_I16
NODE	length14_output_union_fanins	_quartus_sta_kpr__1371424	afu_top|pg_afu.port_gasket|pr_slot|afu_main|port_afu_instances|ofs_plat_afu|core|dma|csr_mgr_inst|i611~0xsyn_BLOCK_INPUT_MUX_PASSTHROUGH_X260_Y70_N0_I23_dff	reg	BLOCK_INPUT_MUX_PASSTHROUGH_X260_Y70_N0_I23
NODE	length14_output_union_fanins	_quartus_sta_kpr__1372592	afu_top|pg_afu.port_gasket|pr_slot|afu_main|port_afu_instances|ofs_plat_afu|core|dma|csr_mgr_inst|Select_0~10xsyn_20_BLOCK_INPUT_MUX_PASSTHROUGH_X260_Y70_N0_I19_dff	reg	BLOCK_INPUT_MUX_PASSTHROUGH_X260_Y70_N0_I19
NODE	length14_output_union_fanins	_quartus_sta_kpr__1373184	afu_top|pg_afu.port_gasket|pr_slot|afu_main|port_afu_instances|ofs_plat_afu|core|dma|csr_mgr_inst|i2852~0xsyn_BLOCK_INPUT_MUX_PASSTHROUGH_X260_Y70_N0_I20_dff	reg	BLOCK_INPUT_MUX_PASSTHROUGH_X260_Y70_N0_I20
NODE	length14_output_union_fanins	_quartus_sta_kpr__1373188	afu_top|pg_afu.port_gasket|pr_slot|afu_main|port_afu_instances|ofs_plat_afu|core|dma|csr_mgr_inst|i2852~0xsyn_2_BLOCK_INPUT_MUX_PASSTHROUGH_X260_Y70_N0_I21_dff	reg	BLOCK_INPUT_MUX_PASSTHROUGH_X260_Y70_N0_I21
NODE	length14_output_union_fanins	_quartus_sta_kpr__1384196	afu_top|pg_afu.port_gasket|pr_slot|afu_main|port_afu_instances|ofs_plat_afu|core|dma|csr_mgr_inst|mmio64_reg.w.data[14]~DUPLICATE_BLOCK_INPUT_MUX_PASSTHROUGH_X259_Y66_N0_I16_dff	reg	BLOCK_INPUT_MUX_PASSTHROUGH_X259_Y66_N0_I16
NODE	length14_output_union_fanins	_quartus_sta_kpr__1399411	afu_top|pg_afu.port_gasket|pr_slot|afu_main|port_afu_instances|ofs_plat_afu|core|dma|csr_mgr_inst|dma_csr_map.descriptor.length[14]~DUPLICATESCLR_dff	reg	FF_X259_Y66_N65
COUNT	length14_output_union_fanouts	1	2048
NODE	length14_output_union_fanouts	_quartus_sta_kpr__524001	afu_top|pg_afu.port_gasket|pr_slot|afu_main|port_afu_instances|ofs_plat_afu|core|dma|descriptor_fifo_inst|scfifo_component|auto_generated|dpfifo|FIFOram|altera_syncram_impl1|ram_block2a46~reg0	reg	EC_X257_Y64_N17
SEEDCOUNT	length14	dma_csr_map.descriptor.length[14]~.comb	1
NODE	length0_seed	_quartus_sta_reg__517337	afu_top|pg_afu.port_gasket|pr_slot|afu_main|port_afu_instances|ofs_plat_afu|core|dma|csr_mgr_inst|dma_csr_map.descriptor.length[0]~.comb	reg	FF_X259_Y69_N25
EDGECOUNT	length0_seed	_quartus_sta_reg__517337	synch_edges	3	2048
EDGE	length0_seed	_quartus_sta_reg__517337	synch_edges	_quartus_sta_edge__474852	synchronous	CELL	0	_quartus_sta_pin__517335	afu_top|pg_afu.port_gasket|pr_slot|afu_main|port_afu_instances|ofs_plat_afu|core|dma|csr_mgr_inst|dma_csr_map.descriptor.length[0]~.comb|d	pin	_quartus_sta_reg__517337	afu_top|pg_afu.port_gasket|pr_slot|afu_main|port_afu_instances|ofs_plat_afu|core|dma|csr_mgr_inst|dma_csr_map.descriptor.length[0]~.comb	reg
EDGE	length0_seed	_quartus_sta_reg__517337	synch_edges	_quartus_sta_edge__474850	synchronous	CELL	0	_quartus_sta_pin__517334	afu_top|pg_afu.port_gasket|pr_slot|afu_main|port_afu_instances|ofs_plat_afu|core|dma|csr_mgr_inst|dma_csr_map.descriptor.length[0]~.comb|ena	pin	_quartus_sta_reg__517337	afu_top|pg_afu.port_gasket|pr_slot|afu_main|port_afu_instances|ofs_plat_afu|core|dma|csr_mgr_inst|dma_csr_map.descriptor.length[0]~.comb	reg
EDGE	length0_seed	_quartus_sta_reg__517337	synch_edges	_quartus_sta_edge__474848	synchronous	CELL	0	_quartus_sta_pin__517333	afu_top|pg_afu.port_gasket|pr_slot|afu_main|port_afu_instances|ofs_plat_afu|core|dma|csr_mgr_inst|dma_csr_map.descriptor.length[0]~.comb|sclr	pin	_quartus_sta_reg__517337	afu_top|pg_afu.port_gasket|pr_slot|afu_main|port_afu_instances|ofs_plat_afu|core|dma|csr_mgr_inst|dma_csr_map.descriptor.length[0]~.comb	reg
EDGECOUNT	length0_seed	_quartus_sta_reg__517337	asynch_edges	0	2048
EDGECOUNT	length0_seed	_quartus_sta_reg__517337	clock_edges	1	2048
EDGE	length0_seed	_quartus_sta_reg__517337	clock_edges	_quartus_sta_edge__474847	clock	CELL	0	_quartus_sta_pin__517332	afu_top|pg_afu.port_gasket|pr_slot|afu_main|port_afu_instances|ofs_plat_afu|core|dma|csr_mgr_inst|dma_csr_map.descriptor.length[0]~.comb|clk	pin	_quartus_sta_reg__517337	afu_top|pg_afu.port_gasket|pr_slot|afu_main|port_afu_instances|ofs_plat_afu|core|dma|csr_mgr_inst|dma_csr_map.descriptor.length[0]~.comb	reg
EDGECOUNT	length0_seed	_quartus_sta_reg__517337	fanout_edges	0	2048
CELL	length0	_quartus_sta_cell__365574	afu_top|pg_afu.port_gasket|pr_slot|afu_main|port_afu_instances|ofs_plat_afu|core|dma|csr_mgr_inst|dma_csr_map.descriptor.length[0]~.comb	cell	tennm_ff	FF_X259_Y69_N25
PINNAMES	length0	IN	clk sclr ena d 
PINNAMES	length0	OUT	q 
COUNT	length0_pins	5	64
NODE	length0_pin	_quartus_sta_pin__517332	afu_top|pg_afu.port_gasket|pr_slot|afu_main|port_afu_instances|ofs_plat_afu|core|dma|csr_mgr_inst|dma_csr_map.descriptor.length[0]~.comb|clk	pin	FF_X259_Y69_N25
EDGECOUNT	length0_pin	_quartus_sta_pin__517332	synch_edges	1	2048
EDGE	length0_pin	_quartus_sta_pin__517332	synch_edges	_quartus_sta_edge__2573490	synchronous	IC	0	_quartus_sta_pin__704799	afu_top|pg_afu.port_gasket|pr_slot|afu_main|ext_mem_if[0].clk	pin	_quartus_sta_pin__517332	afu_top|pg_afu.port_gasket|pr_slot|afu_main|port_afu_instances|ofs_plat_afu|core|dma|csr_mgr_inst|dma_csr_map.descriptor.length[0]~.comb|clk	pin
EDGECOUNT	length0_pin	_quartus_sta_pin__517332	asynch_edges	1	2048
EDGE	length0_pin	_quartus_sta_pin__517332	asynch_edges	_quartus_sta_edge__2573490	synchronous	IC	0	_quartus_sta_pin__704799	afu_top|pg_afu.port_gasket|pr_slot|afu_main|ext_mem_if[0].clk	pin	_quartus_sta_pin__517332	afu_top|pg_afu.port_gasket|pr_slot|afu_main|port_afu_instances|ofs_plat_afu|core|dma|csr_mgr_inst|dma_csr_map.descriptor.length[0]~.comb|clk	pin
EDGECOUNT	length0_pin	_quartus_sta_pin__517332	clock_edges	1	2048
EDGE	length0_pin	_quartus_sta_pin__517332	clock_edges	_quartus_sta_edge__2573490	synchronous	IC	0	_quartus_sta_pin__704799	afu_top|pg_afu.port_gasket|pr_slot|afu_main|ext_mem_if[0].clk	pin	_quartus_sta_pin__517332	afu_top|pg_afu.port_gasket|pr_slot|afu_main|port_afu_instances|ofs_plat_afu|core|dma|csr_mgr_inst|dma_csr_map.descriptor.length[0]~.comb|clk	pin
EDGECOUNT	length0_pin	_quartus_sta_pin__517332	fanout_edges	1	2048
EDGE	length0_pin	_quartus_sta_pin__517332	fanout_edges	_quartus_sta_edge__474847	clock	CELL	0	_quartus_sta_pin__517332	afu_top|pg_afu.port_gasket|pr_slot|afu_main|port_afu_instances|ofs_plat_afu|core|dma|csr_mgr_inst|dma_csr_map.descriptor.length[0]~.comb|clk	pin	_quartus_sta_reg__517337	afu_top|pg_afu.port_gasket|pr_slot|afu_main|port_afu_instances|ofs_plat_afu|core|dma|csr_mgr_inst|dma_csr_map.descriptor.length[0]~.comb	reg
COUNT	length0_pin_lookup	0	32
GAP	length0	afu_top|pg_afu.port_gasket|pr_slot|afu_main|port_afu_instances|ofs_plat_afu|core|dma|csr_mgr_inst|dma_csr_map.descriptor.length[0]~.comb|clk	PIN_LOOKUP_NOT_EXACT_SINGLETON
NODE	length0_pin	_quartus_sta_pin__517333	afu_top|pg_afu.port_gasket|pr_slot|afu_main|port_afu_instances|ofs_plat_afu|core|dma|csr_mgr_inst|dma_csr_map.descriptor.length[0]~.comb|sclr	pin	FF_X259_Y69_N25
EDGECOUNT	length0_pin	_quartus_sta_pin__517333	synch_edges	1	2048
EDGE	length0_pin	_quartus_sta_pin__517333	synch_edges	_quartus_sta_edge__1231178	asynchronous	CELL	0	_quartus_sta_pin__1396282	afu_top|pg_afu.port_gasket|pr_slot|afu_main|port_afu_instances|ofs_plat_afu|core|dma|csr_mgr_inst|dma_csr_map.descriptor.length[0]~DUPLICATESCLR_dff|q	pin	_quartus_sta_pin__517333	afu_top|pg_afu.port_gasket|pr_slot|afu_main|port_afu_instances|ofs_plat_afu|core|dma|csr_mgr_inst|dma_csr_map.descriptor.length[0]~.comb|sclr	pin
EDGECOUNT	length0_pin	_quartus_sta_pin__517333	asynch_edges	1	2048
EDGE	length0_pin	_quartus_sta_pin__517333	asynch_edges	_quartus_sta_edge__1231178	asynchronous	CELL	0	_quartus_sta_pin__1396282	afu_top|pg_afu.port_gasket|pr_slot|afu_main|port_afu_instances|ofs_plat_afu|core|dma|csr_mgr_inst|dma_csr_map.descriptor.length[0]~DUPLICATESCLR_dff|q	pin	_quartus_sta_pin__517333	afu_top|pg_afu.port_gasket|pr_slot|afu_main|port_afu_instances|ofs_plat_afu|core|dma|csr_mgr_inst|dma_csr_map.descriptor.length[0]~.comb|sclr	pin
EDGECOUNT	length0_pin	_quartus_sta_pin__517333	clock_edges	1	2048
EDGE	length0_pin	_quartus_sta_pin__517333	clock_edges	_quartus_sta_edge__1231178	asynchronous	CELL	0	_quartus_sta_pin__1396282	afu_top|pg_afu.port_gasket|pr_slot|afu_main|port_afu_instances|ofs_plat_afu|core|dma|csr_mgr_inst|dma_csr_map.descriptor.length[0]~DUPLICATESCLR_dff|q	pin	_quartus_sta_pin__517333	afu_top|pg_afu.port_gasket|pr_slot|afu_main|port_afu_instances|ofs_plat_afu|core|dma|csr_mgr_inst|dma_csr_map.descriptor.length[0]~.comb|sclr	pin
EDGECOUNT	length0_pin	_quartus_sta_pin__517333	fanout_edges	2	2048
EDGE	length0_pin	_quartus_sta_pin__517333	fanout_edges	_quartus_sta_edge__474848	synchronous	CELL	0	_quartus_sta_pin__517333	afu_top|pg_afu.port_gasket|pr_slot|afu_main|port_afu_instances|ofs_plat_afu|core|dma|csr_mgr_inst|dma_csr_map.descriptor.length[0]~.comb|sclr	pin	_quartus_sta_reg__517337	afu_top|pg_afu.port_gasket|pr_slot|afu_main|port_afu_instances|ofs_plat_afu|core|dma|csr_mgr_inst|dma_csr_map.descriptor.length[0]~.comb	reg
EDGE	length0_pin	_quartus_sta_pin__517333	fanout_edges	_quartus_sta_edge__474849	asynchronous	CELL	0	_quartus_sta_pin__517333	afu_top|pg_afu.port_gasket|pr_slot|afu_main|port_afu_instances|ofs_plat_afu|core|dma|csr_mgr_inst|dma_csr_map.descriptor.length[0]~.comb|sclr	pin	_quartus_sta_pin__517336	afu_top|pg_afu.port_gasket|pr_slot|afu_main|port_afu_instances|ofs_plat_afu|core|dma|csr_mgr_inst|dma_csr_map.descriptor.length[0]~.comb|q	pin
COUNT	length0_pin_lookup	0	32
GAP	length0	afu_top|pg_afu.port_gasket|pr_slot|afu_main|port_afu_instances|ofs_plat_afu|core|dma|csr_mgr_inst|dma_csr_map.descriptor.length[0]~.comb|sclr	PIN_LOOKUP_NOT_EXACT_SINGLETON
NODE	length0_pin	_quartus_sta_pin__517334	afu_top|pg_afu.port_gasket|pr_slot|afu_main|port_afu_instances|ofs_plat_afu|core|dma|csr_mgr_inst|dma_csr_map.descriptor.length[0]~.comb|ena	pin	FF_X259_Y69_N25
EDGECOUNT	length0_pin	_quartus_sta_pin__517334	synch_edges	1	2048
EDGE	length0_pin	_quartus_sta_pin__517334	synch_edges	_quartus_sta_edge__2573492	synchronous	IC	0	_quartus_sta_comb__854799	afu_top|pg_afu.port_gasket|pr_slot|afu_main|port_afu_instances|ofs_plat_afu|core|dma|csr_mgr_inst|i2852~0~cw_ml_mlab/lab_lut6outt[2]	comb	_quartus_sta_pin__517334	afu_top|pg_afu.port_gasket|pr_slot|afu_main|port_afu_instances|ofs_plat_afu|core|dma|csr_mgr_inst|dma_csr_map.descriptor.length[0]~.comb|ena	pin
EDGECOUNT	length0_pin	_quartus_sta_pin__517334	asynch_edges	1	2048
EDGE	length0_pin	_quartus_sta_pin__517334	asynch_edges	_quartus_sta_edge__2573492	synchronous	IC	0	_quartus_sta_comb__854799	afu_top|pg_afu.port_gasket|pr_slot|afu_main|port_afu_instances|ofs_plat_afu|core|dma|csr_mgr_inst|i2852~0~cw_ml_mlab/lab_lut6outt[2]	comb	_quartus_sta_pin__517334	afu_top|pg_afu.port_gasket|pr_slot|afu_main|port_afu_instances|ofs_plat_afu|core|dma|csr_mgr_inst|dma_csr_map.descriptor.length[0]~.comb|ena	pin
EDGECOUNT	length0_pin	_quartus_sta_pin__517334	clock_edges	1	2048
EDGE	length0_pin	_quartus_sta_pin__517334	clock_edges	_quartus_sta_edge__2573492	synchronous	IC	0	_quartus_sta_comb__854799	afu_top|pg_afu.port_gasket|pr_slot|afu_main|port_afu_instances|ofs_plat_afu|core|dma|csr_mgr_inst|i2852~0~cw_ml_mlab/lab_lut6outt[2]	comb	_quartus_sta_pin__517334	afu_top|pg_afu.port_gasket|pr_slot|afu_main|port_afu_instances|ofs_plat_afu|core|dma|csr_mgr_inst|dma_csr_map.descriptor.length[0]~.comb|ena	pin
EDGECOUNT	length0_pin	_quartus_sta_pin__517334	fanout_edges	2	2048
EDGE	length0_pin	_quartus_sta_pin__517334	fanout_edges	_quartus_sta_edge__474850	synchronous	CELL	0	_quartus_sta_pin__517334	afu_top|pg_afu.port_gasket|pr_slot|afu_main|port_afu_instances|ofs_plat_afu|core|dma|csr_mgr_inst|dma_csr_map.descriptor.length[0]~.comb|ena	pin	_quartus_sta_reg__517337	afu_top|pg_afu.port_gasket|pr_slot|afu_main|port_afu_instances|ofs_plat_afu|core|dma|csr_mgr_inst|dma_csr_map.descriptor.length[0]~.comb	reg
EDGE	length0_pin	_quartus_sta_pin__517334	fanout_edges	_quartus_sta_edge__474851	asynchronous	CELL	0	_quartus_sta_pin__517334	afu_top|pg_afu.port_gasket|pr_slot|afu_main|port_afu_instances|ofs_plat_afu|core|dma|csr_mgr_inst|dma_csr_map.descriptor.length[0]~.comb|ena	pin	_quartus_sta_pin__517336	afu_top|pg_afu.port_gasket|pr_slot|afu_main|port_afu_instances|ofs_plat_afu|core|dma|csr_mgr_inst|dma_csr_map.descriptor.length[0]~.comb|q	pin
COUNT	length0_pin_lookup	0	32
GAP	length0	afu_top|pg_afu.port_gasket|pr_slot|afu_main|port_afu_instances|ofs_plat_afu|core|dma|csr_mgr_inst|dma_csr_map.descriptor.length[0]~.comb|ena	PIN_LOOKUP_NOT_EXACT_SINGLETON
NODE	length0_pin	_quartus_sta_pin__517335	afu_top|pg_afu.port_gasket|pr_slot|afu_main|port_afu_instances|ofs_plat_afu|core|dma|csr_mgr_inst|dma_csr_map.descriptor.length[0]~.comb|d	pin	FF_X259_Y69_N25
EDGECOUNT	length0_pin	_quartus_sta_pin__517335	synch_edges	1	2048
EDGE	length0_pin	_quartus_sta_pin__517335	synch_edges	_quartus_sta_edge__2573491	synchronous	IC	0	_quartus_sta_pin__1384139	afu_top|pg_afu.port_gasket|pr_slot|afu_main|port_afu_instances|ofs_plat_afu|core|dma|csr_mgr_inst|mmio64_reg.w.data[0]~DUPLICATE_BLOCK_INPUT_MUX_PASSTHROUGH_X259_Y69_N0_I36_dff|q	pin	_quartus_sta_pin__517335	afu_top|pg_afu.port_gasket|pr_slot|afu_main|port_afu_instances|ofs_plat_afu|core|dma|csr_mgr_inst|dma_csr_map.descriptor.length[0]~.comb|d	pin
EDGECOUNT	length0_pin	_quartus_sta_pin__517335	asynch_edges	1	2048
EDGE	length0_pin	_quartus_sta_pin__517335	asynch_edges	_quartus_sta_edge__2573491	synchronous	IC	0	_quartus_sta_pin__1384139	afu_top|pg_afu.port_gasket|pr_slot|afu_main|port_afu_instances|ofs_plat_afu|core|dma|csr_mgr_inst|mmio64_reg.w.data[0]~DUPLICATE_BLOCK_INPUT_MUX_PASSTHROUGH_X259_Y69_N0_I36_dff|q	pin	_quartus_sta_pin__517335	afu_top|pg_afu.port_gasket|pr_slot|afu_main|port_afu_instances|ofs_plat_afu|core|dma|csr_mgr_inst|dma_csr_map.descriptor.length[0]~.comb|d	pin
EDGECOUNT	length0_pin	_quartus_sta_pin__517335	clock_edges	1	2048
EDGE	length0_pin	_quartus_sta_pin__517335	clock_edges	_quartus_sta_edge__2573491	synchronous	IC	0	_quartus_sta_pin__1384139	afu_top|pg_afu.port_gasket|pr_slot|afu_main|port_afu_instances|ofs_plat_afu|core|dma|csr_mgr_inst|mmio64_reg.w.data[0]~DUPLICATE_BLOCK_INPUT_MUX_PASSTHROUGH_X259_Y69_N0_I36_dff|q	pin	_quartus_sta_pin__517335	afu_top|pg_afu.port_gasket|pr_slot|afu_main|port_afu_instances|ofs_plat_afu|core|dma|csr_mgr_inst|dma_csr_map.descriptor.length[0]~.comb|d	pin
EDGECOUNT	length0_pin	_quartus_sta_pin__517335	fanout_edges	2	2048
EDGE	length0_pin	_quartus_sta_pin__517335	fanout_edges	_quartus_sta_edge__474852	synchronous	CELL	0	_quartus_sta_pin__517335	afu_top|pg_afu.port_gasket|pr_slot|afu_main|port_afu_instances|ofs_plat_afu|core|dma|csr_mgr_inst|dma_csr_map.descriptor.length[0]~.comb|d	pin	_quartus_sta_reg__517337	afu_top|pg_afu.port_gasket|pr_slot|afu_main|port_afu_instances|ofs_plat_afu|core|dma|csr_mgr_inst|dma_csr_map.descriptor.length[0]~.comb	reg
EDGE	length0_pin	_quartus_sta_pin__517335	fanout_edges	_quartus_sta_edge__474853	asynchronous	CELL	0	_quartus_sta_pin__517335	afu_top|pg_afu.port_gasket|pr_slot|afu_main|port_afu_instances|ofs_plat_afu|core|dma|csr_mgr_inst|dma_csr_map.descriptor.length[0]~.comb|d	pin	_quartus_sta_pin__517336	afu_top|pg_afu.port_gasket|pr_slot|afu_main|port_afu_instances|ofs_plat_afu|core|dma|csr_mgr_inst|dma_csr_map.descriptor.length[0]~.comb|q	pin
COUNT	length0_pin_lookup	0	32
GAP	length0	afu_top|pg_afu.port_gasket|pr_slot|afu_main|port_afu_instances|ofs_plat_afu|core|dma|csr_mgr_inst|dma_csr_map.descriptor.length[0]~.comb|d	PIN_LOOKUP_NOT_EXACT_SINGLETON
NODE	length0_pin	_quartus_sta_pin__517336	afu_top|pg_afu.port_gasket|pr_slot|afu_main|port_afu_instances|ofs_plat_afu|core|dma|csr_mgr_inst|dma_csr_map.descriptor.length[0]~.comb|q	pin	FF_X259_Y69_N25
EDGECOUNT	length0_pin	_quartus_sta_pin__517336	synch_edges	3	2048
EDGE	length0_pin	_quartus_sta_pin__517336	synch_edges	_quartus_sta_edge__474851	asynchronous	CELL	0	_quartus_sta_pin__517334	afu_top|pg_afu.port_gasket|pr_slot|afu_main|port_afu_instances|ofs_plat_afu|core|dma|csr_mgr_inst|dma_csr_map.descriptor.length[0]~.comb|ena	pin	_quartus_sta_pin__517336	afu_top|pg_afu.port_gasket|pr_slot|afu_main|port_afu_instances|ofs_plat_afu|core|dma|csr_mgr_inst|dma_csr_map.descriptor.length[0]~.comb|q	pin
EDGE	length0_pin	_quartus_sta_pin__517336	synch_edges	_quartus_sta_edge__474849	asynchronous	CELL	0	_quartus_sta_pin__517333	afu_top|pg_afu.port_gasket|pr_slot|afu_main|port_afu_instances|ofs_plat_afu|core|dma|csr_mgr_inst|dma_csr_map.descriptor.length[0]~.comb|sclr	pin	_quartus_sta_pin__517336	afu_top|pg_afu.port_gasket|pr_slot|afu_main|port_afu_instances|ofs_plat_afu|core|dma|csr_mgr_inst|dma_csr_map.descriptor.length[0]~.comb|q	pin
EDGE	length0_pin	_quartus_sta_pin__517336	synch_edges	_quartus_sta_edge__474853	asynchronous	CELL	0	_quartus_sta_pin__517335	afu_top|pg_afu.port_gasket|pr_slot|afu_main|port_afu_instances|ofs_plat_afu|core|dma|csr_mgr_inst|dma_csr_map.descriptor.length[0]~.comb|d	pin	_quartus_sta_pin__517336	afu_top|pg_afu.port_gasket|pr_slot|afu_main|port_afu_instances|ofs_plat_afu|core|dma|csr_mgr_inst|dma_csr_map.descriptor.length[0]~.comb|q	pin
EDGECOUNT	length0_pin	_quartus_sta_pin__517336	asynch_edges	3	2048
EDGE	length0_pin	_quartus_sta_pin__517336	asynch_edges	_quartus_sta_edge__474851	asynchronous	CELL	0	_quartus_sta_pin__517334	afu_top|pg_afu.port_gasket|pr_slot|afu_main|port_afu_instances|ofs_plat_afu|core|dma|csr_mgr_inst|dma_csr_map.descriptor.length[0]~.comb|ena	pin	_quartus_sta_pin__517336	afu_top|pg_afu.port_gasket|pr_slot|afu_main|port_afu_instances|ofs_plat_afu|core|dma|csr_mgr_inst|dma_csr_map.descriptor.length[0]~.comb|q	pin
EDGE	length0_pin	_quartus_sta_pin__517336	asynch_edges	_quartus_sta_edge__474849	asynchronous	CELL	0	_quartus_sta_pin__517333	afu_top|pg_afu.port_gasket|pr_slot|afu_main|port_afu_instances|ofs_plat_afu|core|dma|csr_mgr_inst|dma_csr_map.descriptor.length[0]~.comb|sclr	pin	_quartus_sta_pin__517336	afu_top|pg_afu.port_gasket|pr_slot|afu_main|port_afu_instances|ofs_plat_afu|core|dma|csr_mgr_inst|dma_csr_map.descriptor.length[0]~.comb|q	pin
EDGE	length0_pin	_quartus_sta_pin__517336	asynch_edges	_quartus_sta_edge__474853	asynchronous	CELL	0	_quartus_sta_pin__517335	afu_top|pg_afu.port_gasket|pr_slot|afu_main|port_afu_instances|ofs_plat_afu|core|dma|csr_mgr_inst|dma_csr_map.descriptor.length[0]~.comb|d	pin	_quartus_sta_pin__517336	afu_top|pg_afu.port_gasket|pr_slot|afu_main|port_afu_instances|ofs_plat_afu|core|dma|csr_mgr_inst|dma_csr_map.descriptor.length[0]~.comb|q	pin
EDGECOUNT	length0_pin	_quartus_sta_pin__517336	clock_edges	3	2048
EDGE	length0_pin	_quartus_sta_pin__517336	clock_edges	_quartus_sta_edge__474851	asynchronous	CELL	0	_quartus_sta_pin__517334	afu_top|pg_afu.port_gasket|pr_slot|afu_main|port_afu_instances|ofs_plat_afu|core|dma|csr_mgr_inst|dma_csr_map.descriptor.length[0]~.comb|ena	pin	_quartus_sta_pin__517336	afu_top|pg_afu.port_gasket|pr_slot|afu_main|port_afu_instances|ofs_plat_afu|core|dma|csr_mgr_inst|dma_csr_map.descriptor.length[0]~.comb|q	pin
EDGE	length0_pin	_quartus_sta_pin__517336	clock_edges	_quartus_sta_edge__474849	asynchronous	CELL	0	_quartus_sta_pin__517333	afu_top|pg_afu.port_gasket|pr_slot|afu_main|port_afu_instances|ofs_plat_afu|core|dma|csr_mgr_inst|dma_csr_map.descriptor.length[0]~.comb|sclr	pin	_quartus_sta_pin__517336	afu_top|pg_afu.port_gasket|pr_slot|afu_main|port_afu_instances|ofs_plat_afu|core|dma|csr_mgr_inst|dma_csr_map.descriptor.length[0]~.comb|q	pin
EDGE	length0_pin	_quartus_sta_pin__517336	clock_edges	_quartus_sta_edge__474853	asynchronous	CELL	0	_quartus_sta_pin__517335	afu_top|pg_afu.port_gasket|pr_slot|afu_main|port_afu_instances|ofs_plat_afu|core|dma|csr_mgr_inst|dma_csr_map.descriptor.length[0]~.comb|d	pin	_quartus_sta_pin__517336	afu_top|pg_afu.port_gasket|pr_slot|afu_main|port_afu_instances|ofs_plat_afu|core|dma|csr_mgr_inst|dma_csr_map.descriptor.length[0]~.comb|q	pin
EDGECOUNT	length0_pin	_quartus_sta_pin__517336	fanout_edges	3	2048
EDGE	length0_pin	_quartus_sta_pin__517336	fanout_edges	_quartus_sta_edge__3002067	synchronous	IC	0	_quartus_sta_pin__517336	afu_top|pg_afu.port_gasket|pr_slot|afu_main|port_afu_instances|ofs_plat_afu|core|dma|csr_mgr_inst|dma_csr_map.descriptor.length[0]~.comb|q	pin	_quartus_sta_pin__1234362	afu_top|pg_afu.port_gasket|pr_slot|afu_main|port_afu_instances|ofs_plat_afu|core|dma|csr_mgr_inst|i1458~212xsyn|datac	pin
EDGE	length0_pin	_quartus_sta_pin__517336	fanout_edges	_quartus_sta_edge__2682441	synchronous	IC	0	_quartus_sta_pin__517336	afu_top|pg_afu.port_gasket|pr_slot|afu_main|port_afu_instances|ofs_plat_afu|core|dma|csr_mgr_inst|dma_csr_map.descriptor.length[0]~.comb|q	pin	_quartus_sta_pin__655088	afu_top|pg_afu.port_gasket|pr_slot|afu_main|port_afu_instances|ofs_plat_afu|core|dma|csr_mgr_inst|add_2~256|datad	pin
EDGE	length0_pin	_quartus_sta_pin__517336	fanout_edges	_quartus_sta_edge__2682439	synchronous	IC	0	_quartus_sta_pin__517336	afu_top|pg_afu.port_gasket|pr_slot|afu_main|port_afu_instances|ofs_plat_afu|core|dma|csr_mgr_inst|dma_csr_map.descriptor.length[0]~.comb|q	pin	_quartus_sta_pin__655085	afu_top|pg_afu.port_gasket|pr_slot|afu_main|port_afu_instances|ofs_plat_afu|core|dma|csr_mgr_inst|add_0~256|datad	pin
COUNT	length0_pin_lookup	0	32
GAP	length0	afu_top|pg_afu.port_gasket|pr_slot|afu_main|port_afu_instances|ofs_plat_afu|core|dma|csr_mgr_inst|dma_csr_map.descriptor.length[0]~.comb|q	PIN_LOOKUP_NOT_EXACT_SINGLETON
COUNT	length0_buried	1	64
NODE	length0_buried	_quartus_sta_node__517337	afu_top|pg_afu.port_gasket|pr_slot|afu_main|port_afu_instances|ofs_plat_afu|core|dma|csr_mgr_inst|dma_csr_map.descriptor.length[0]~.comb	reg	FF_X259_Y69_N25
EDGECOUNT	length0_buried	_quartus_sta_node__517337	synch_edges	3	2048
EDGE	length0_buried	_quartus_sta_node__517337	synch_edges	_quartus_sta_edge__474852	synchronous	CELL	0	_quartus_sta_pin__517335	afu_top|pg_afu.port_gasket|pr_slot|afu_main|port_afu_instances|ofs_plat_afu|core|dma|csr_mgr_inst|dma_csr_map.descriptor.length[0]~.comb|d	pin	_quartus_sta_reg__517337	afu_top|pg_afu.port_gasket|pr_slot|afu_main|port_afu_instances|ofs_plat_afu|core|dma|csr_mgr_inst|dma_csr_map.descriptor.length[0]~.comb	reg
EDGE	length0_buried	_quartus_sta_node__517337	synch_edges	_quartus_sta_edge__474850	synchronous	CELL	0	_quartus_sta_pin__517334	afu_top|pg_afu.port_gasket|pr_slot|afu_main|port_afu_instances|ofs_plat_afu|core|dma|csr_mgr_inst|dma_csr_map.descriptor.length[0]~.comb|ena	pin	_quartus_sta_reg__517337	afu_top|pg_afu.port_gasket|pr_slot|afu_main|port_afu_instances|ofs_plat_afu|core|dma|csr_mgr_inst|dma_csr_map.descriptor.length[0]~.comb	reg
EDGE	length0_buried	_quartus_sta_node__517337	synch_edges	_quartus_sta_edge__474848	synchronous	CELL	0	_quartus_sta_pin__517333	afu_top|pg_afu.port_gasket|pr_slot|afu_main|port_afu_instances|ofs_plat_afu|core|dma|csr_mgr_inst|dma_csr_map.descriptor.length[0]~.comb|sclr	pin	_quartus_sta_reg__517337	afu_top|pg_afu.port_gasket|pr_slot|afu_main|port_afu_instances|ofs_plat_afu|core|dma|csr_mgr_inst|dma_csr_map.descriptor.length[0]~.comb	reg
EDGECOUNT	length0_buried	_quartus_sta_node__517337	asynch_edges	0	2048
EDGECOUNT	length0_buried	_quartus_sta_node__517337	clock_edges	1	2048
EDGE	length0_buried	_quartus_sta_node__517337	clock_edges	_quartus_sta_edge__474847	clock	CELL	0	_quartus_sta_pin__517332	afu_top|pg_afu.port_gasket|pr_slot|afu_main|port_afu_instances|ofs_plat_afu|core|dma|csr_mgr_inst|dma_csr_map.descriptor.length[0]~.comb|clk	pin	_quartus_sta_reg__517337	afu_top|pg_afu.port_gasket|pr_slot|afu_main|port_afu_instances|ofs_plat_afu|core|dma|csr_mgr_inst|dma_csr_map.descriptor.length[0]~.comb	reg
EDGECOUNT	length0_buried	_quartus_sta_node__517337	fanout_edges	0	2048
COUNT	length0_buried_regs	1	64
NODE	length0_buried_reg	_quartus_sta_reg__517337	afu_top|pg_afu.port_gasket|pr_slot|afu_main|port_afu_instances|ofs_plat_afu|core|dma|csr_mgr_inst|dma_csr_map.descriptor.length[0]~.comb	reg	FF_X259_Y69_N25
COUNT	length0_input_union_fanins	9	2048
NODE	length0_input_union_fanins	_quartus_sta_kpr__1271552	afu_top|pg_afu.port_gasket|pr_slot|afu_main|port_afu_instances|ofs_plat_afu|join_afu_reset|joined_reset_n~BLOCK_INPUT_MUX_PASSTHROUGH_X260_Y70_N0_I18_dff	reg	BLOCK_INPUT_MUX_PASSTHROUGH_X260_Y70_N0_I18
NODE	length0_input_union_fanins	_quartus_sta_kpr__1302036	afu_top|pg_afu.port_gasket|pr_slot|afu_main|port_afu_instances|ofs_plat_afu|core|dma|csr_mgr_inst|reduce_nor_7~BLOCK_INPUT_MUX_PASSTHROUGH_X260_Y70_N0_I16_dff	reg	BLOCK_INPUT_MUX_PASSTHROUGH_X260_Y70_N0_I16
NODE	length0_input_union_fanins	_quartus_sta_kpr__1371424	afu_top|pg_afu.port_gasket|pr_slot|afu_main|port_afu_instances|ofs_plat_afu|core|dma|csr_mgr_inst|i611~0xsyn_BLOCK_INPUT_MUX_PASSTHROUGH_X260_Y70_N0_I23_dff	reg	BLOCK_INPUT_MUX_PASSTHROUGH_X260_Y70_N0_I23
NODE	length0_input_union_fanins	_quartus_sta_kpr__1372592	afu_top|pg_afu.port_gasket|pr_slot|afu_main|port_afu_instances|ofs_plat_afu|core|dma|csr_mgr_inst|Select_0~10xsyn_20_BLOCK_INPUT_MUX_PASSTHROUGH_X260_Y70_N0_I19_dff	reg	BLOCK_INPUT_MUX_PASSTHROUGH_X260_Y70_N0_I19
NODE	length0_input_union_fanins	_quartus_sta_kpr__1373184	afu_top|pg_afu.port_gasket|pr_slot|afu_main|port_afu_instances|ofs_plat_afu|core|dma|csr_mgr_inst|i2852~0xsyn_BLOCK_INPUT_MUX_PASSTHROUGH_X260_Y70_N0_I20_dff	reg	BLOCK_INPUT_MUX_PASSTHROUGH_X260_Y70_N0_I20
NODE	length0_input_union_fanins	_quartus_sta_kpr__1373188	afu_top|pg_afu.port_gasket|pr_slot|afu_main|port_afu_instances|ofs_plat_afu|core|dma|csr_mgr_inst|i2852~0xsyn_2_BLOCK_INPUT_MUX_PASSTHROUGH_X260_Y70_N0_I21_dff	reg	BLOCK_INPUT_MUX_PASSTHROUGH_X260_Y70_N0_I21
NODE	length0_input_union_fanins	_quartus_sta_kpr__1384140	afu_top|pg_afu.port_gasket|pr_slot|afu_main|port_afu_instances|ofs_plat_afu|core|dma|csr_mgr_inst|mmio64_reg.w.data[0]~DUPLICATE_BLOCK_INPUT_MUX_PASSTHROUGH_X259_Y69_N0_I36_dff	reg	BLOCK_INPUT_MUX_PASSTHROUGH_X259_Y69_N0_I36
NODE	length0_input_union_fanins	_quartus_sta_kpr__1396283	afu_top|pg_afu.port_gasket|pr_slot|afu_main|port_afu_instances|ofs_plat_afu|core|dma|csr_mgr_inst|dma_csr_map.descriptor.length[0]~DUPLICATESCLR_dff	reg	FF_X259_Y69_N69
NODE	length0_input_union_fanins	_quartus_sta_kpr__2240868	ddr4_mem_ref_clk[0].clk	port	PIN_HF23
COUNT	length0_input_union_fanouts	1	2048
NODE	length0_input_union_fanouts	_quartus_sta_kpr__517337	afu_top|pg_afu.port_gasket|pr_slot|afu_main|port_afu_instances|ofs_plat_afu|core|dma|csr_mgr_inst|dma_csr_map.descriptor.length[0]~.comb	reg	FF_X259_Y69_N25
COUNT	length0_output_union_fanins	8	2048
NODE	length0_output_union_fanins	_quartus_sta_kpr__1271552	afu_top|pg_afu.port_gasket|pr_slot|afu_main|port_afu_instances|ofs_plat_afu|join_afu_reset|joined_reset_n~BLOCK_INPUT_MUX_PASSTHROUGH_X260_Y70_N0_I18_dff	reg	BLOCK_INPUT_MUX_PASSTHROUGH_X260_Y70_N0_I18
NODE	length0_output_union_fanins	_quartus_sta_kpr__1302036	afu_top|pg_afu.port_gasket|pr_slot|afu_main|port_afu_instances|ofs_plat_afu|core|dma|csr_mgr_inst|reduce_nor_7~BLOCK_INPUT_MUX_PASSTHROUGH_X260_Y70_N0_I16_dff	reg	BLOCK_INPUT_MUX_PASSTHROUGH_X260_Y70_N0_I16
NODE	length0_output_union_fanins	_quartus_sta_kpr__1371424	afu_top|pg_afu.port_gasket|pr_slot|afu_main|port_afu_instances|ofs_plat_afu|core|dma|csr_mgr_inst|i611~0xsyn_BLOCK_INPUT_MUX_PASSTHROUGH_X260_Y70_N0_I23_dff	reg	BLOCK_INPUT_MUX_PASSTHROUGH_X260_Y70_N0_I23
NODE	length0_output_union_fanins	_quartus_sta_kpr__1372592	afu_top|pg_afu.port_gasket|pr_slot|afu_main|port_afu_instances|ofs_plat_afu|core|dma|csr_mgr_inst|Select_0~10xsyn_20_BLOCK_INPUT_MUX_PASSTHROUGH_X260_Y70_N0_I19_dff	reg	BLOCK_INPUT_MUX_PASSTHROUGH_X260_Y70_N0_I19
NODE	length0_output_union_fanins	_quartus_sta_kpr__1373184	afu_top|pg_afu.port_gasket|pr_slot|afu_main|port_afu_instances|ofs_plat_afu|core|dma|csr_mgr_inst|i2852~0xsyn_BLOCK_INPUT_MUX_PASSTHROUGH_X260_Y70_N0_I20_dff	reg	BLOCK_INPUT_MUX_PASSTHROUGH_X260_Y70_N0_I20
NODE	length0_output_union_fanins	_quartus_sta_kpr__1373188	afu_top|pg_afu.port_gasket|pr_slot|afu_main|port_afu_instances|ofs_plat_afu|core|dma|csr_mgr_inst|i2852~0xsyn_2_BLOCK_INPUT_MUX_PASSTHROUGH_X260_Y70_N0_I21_dff	reg	BLOCK_INPUT_MUX_PASSTHROUGH_X260_Y70_N0_I21
NODE	length0_output_union_fanins	_quartus_sta_kpr__1384140	afu_top|pg_afu.port_gasket|pr_slot|afu_main|port_afu_instances|ofs_plat_afu|core|dma|csr_mgr_inst|mmio64_reg.w.data[0]~DUPLICATE_BLOCK_INPUT_MUX_PASSTHROUGH_X259_Y69_N0_I36_dff	reg	BLOCK_INPUT_MUX_PASSTHROUGH_X259_Y69_N0_I36
NODE	length0_output_union_fanins	_quartus_sta_kpr__1396283	afu_top|pg_afu.port_gasket|pr_slot|afu_main|port_afu_instances|ofs_plat_afu|core|dma|csr_mgr_inst|dma_csr_map.descriptor.length[0]~DUPLICATESCLR_dff	reg	FF_X259_Y69_N69
COUNT	length0_output_union_fanouts	0	2048
SEEDCOUNT	length0	dma_csr_map.descriptor.length[0]~.comb	1
DONE	4
