----------------
; Command Info ;
----------------
Report Timing: Found 4 setup paths (0 violated).  Worst case slack is 0.954 

Tcl Command:
    report_timing -setup -show_routing -file /home/uwb_student00/ahls/new_BSP/work_ahls_persona_work21_csr02/csr-paths07/csr-path-reports/1_length14_duplicate_ena_setup.rpt -through [remove_from_collection [get_pins {}] [remove_from_collection [get_pins {}] [get_pins -compatibility_mode -no_duplicates {afu_top|pg_afu.port_gasket|pr_slot|afu_main|port_afu_instances|ofs_plat_afu|core|dma|csr_mgr_inst|*|ena}]]] -nworst 1 -npaths 4 -detail full_path

Options:
    -through [remove_from_collection [get_pins {}] [remove_from_collection [get_pins {}] [get_pins -compatibility_mode -no_duplicates {afu_top|pg_afu.port_gasket|pr_slot|afu_main|port_afu_instances|ofs_plat_afu|core|dma|csr_mgr_inst|*|ena}]]] 
    -setup 
    -nworst 1 
    -npaths 4 
    -show_routing 
    -detail full_path 
    -file {/home/uwb_student00/ahls/new_BSP/work_ahls_persona_work21_csr02/csr-paths07/csr-path-reports/1_length14_duplicate_ena_setup.rpt} 

Snapshot:
    final

Delay Model:
    Slow vid2 100C Model

+-----------------------------------------------------------------------------------------------------------------------------------------------------------------------------------------------------------------------------------------------------------------------------------------------------------------------------------------------------------------------------------------------------------------------------------------------------------------------------------------------------------------------------------------------------------+
; Summary of Paths                                                                                                                                                                                                                                                                                                                                                                                                                                                                                                                                          ;
+-------+---------------------------------------------------------------------------------------------------------------------------------------------------------------+----------------------------------------------------------------------------------------------------------------------------------------------------------------------+---------------------------------------------------------------------------------+---------------------------------------------------------------------------------+--------------+------------+------------+
; Slack ; From Node                                                                                                                                                     ; To Node                                                                                                                                                              ; Launch Clock                                                                    ; Latch Clock                                                                     ; Relationship ; Clock Skew ; Data Delay ;
+-------+---------------------------------------------------------------------------------------------------------------------------------------------------------------+----------------------------------------------------------------------------------------------------------------------------------------------------------------------+---------------------------------------------------------------------------------+---------------------------------------------------------------------------------+--------------+------------+------------+
; 0.954 ; afu_top|pg_afu.port_gasket|pr_slot|afu_main|port_afu_instances|ofs_plat_afu|core|dma|csr_mgr_inst|i2852~0xsyn_BLOCK_INPUT_MUX_PASSTHROUGH_X260_Y70_N0_I20_dff ; afu_top|pg_afu.port_gasket|pr_slot|afu_main|port_afu_instances|ofs_plat_afu|core|dma|csr_mgr_inst|Select_0~10xsyn_20_BLOCK_INPUT_MUX_PASSTHROUGH_X260_Y70_N0_I19_dff ; local_mem_wrapper|mem_ss_top|mem_ss_sv|mem_ss|mem_ss|emif_0|emif_0_core_usr_clk ; local_mem_wrapper|mem_ss_top|mem_ss_sv|mem_ss|mem_ss|emif_0|emif_0_core_usr_clk ; 3.000        ; -0.035     ; 2.111      ;
; 0.956 ; afu_top|pg_afu.port_gasket|pr_slot|afu_main|port_afu_instances|ofs_plat_afu|core|dma|csr_mgr_inst|i2852~0xsyn_BLOCK_INPUT_MUX_PASSTHROUGH_X260_Y70_N0_I20_dff ; afu_top|pg_afu.port_gasket|pr_slot|afu_main|port_afu_instances|ofs_plat_afu|core|dma|csr_mgr_inst|Select_0~10xsyn_20_BLOCK_INPUT_MUX_PASSTHROUGH_X260_Y70_N0_I10_dff ; local_mem_wrapper|mem_ss_top|mem_ss_sv|mem_ss|mem_ss|emif_0|emif_0_core_usr_clk ; local_mem_wrapper|mem_ss_top|mem_ss_sv|mem_ss|mem_ss|emif_0|emif_0_core_usr_clk ; 3.000        ; -0.035     ; 2.109      ;
; 0.978 ; afu_top|pg_afu.port_gasket|pr_slot|afu_main|port_afu_instances|ofs_plat_afu|core|dma|csr_mgr_inst|i2852~0xsyn_BLOCK_INPUT_MUX_PASSTHROUGH_X260_Y70_N0_I20_dff ; afu_top|pg_afu.port_gasket|pr_slot|afu_main|port_afu_instances|ofs_plat_afu|core|dma|csr_mgr_inst|Select_0~10xsyn_20_BLOCK_INPUT_MUX_PASSTHROUGH_X258_Y70_N0_I42_dff ; local_mem_wrapper|mem_ss_top|mem_ss_sv|mem_ss|mem_ss|emif_0|emif_0_core_usr_clk ; local_mem_wrapper|mem_ss_top|mem_ss_sv|mem_ss|mem_ss|emif_0|emif_0_core_usr_clk ; 3.000        ; -0.060     ; 2.064      ;
; 0.999 ; afu_top|pg_afu.port_gasket|pr_slot|afu_main|port_afu_instances|ofs_plat_afu|core|dma|csr_mgr_inst|i2852~0xsyn_BLOCK_INPUT_MUX_PASSTHROUGH_X260_Y70_N0_I20_dff ; afu_top|pg_afu.port_gasket|pr_slot|afu_main|port_afu_instances|ofs_plat_afu|core|dma|csr_mgr_inst|add_0~31_BLOCK_INPUT_MUX_PASSTHROUGH_X261_Y67_N0_I8_dff            ; local_mem_wrapper|mem_ss_top|mem_ss_sv|mem_ss|mem_ss|emif_0|emif_0_core_usr_clk ; local_mem_wrapper|mem_ss_top|mem_ss_sv|mem_ss|mem_ss|emif_0|emif_0_core_usr_clk ; 3.000        ; -0.094     ; 2.013      ;
+-------+---------------------------------------------------------------------------------------------------------------------------------------------------------------+----------------------------------------------------------------------------------------------------------------------------------------------------------------------+---------------------------------------------------------------------------------+---------------------------------------------------------------------------------+--------------+------------+------------+

Path #1: Setup slack is 0.954 
===============================================================================
+--------------------------------------------------------------------------------------------------------------------------------------------------------------------------------------------------------+
; Path Summary                                                                                                                                                                                           ;
+---------------------------------+----------------------------------------------------------------------------------------------------------------------------------------------------------------------+
; Property                        ; Value                                                                                                                                                                ;
+---------------------------------+----------------------------------------------------------------------------------------------------------------------------------------------------------------------+
; From Node                       ; afu_top|pg_afu.port_gasket|pr_slot|afu_main|port_afu_instances|ofs_plat_afu|core|dma|csr_mgr_inst|i2852~0xsyn_BLOCK_INPUT_MUX_PASSTHROUGH_X260_Y70_N0_I20_dff        ;
; To Node                         ; afu_top|pg_afu.port_gasket|pr_slot|afu_main|port_afu_instances|ofs_plat_afu|core|dma|csr_mgr_inst|Select_0~10xsyn_20_BLOCK_INPUT_MUX_PASSTHROUGH_X260_Y70_N0_I19_dff ;
; Launch Clock                    ; local_mem_wrapper|mem_ss_top|mem_ss_sv|mem_ss|mem_ss|emif_0|emif_0_core_usr_clk                                                                                      ;
; Latch Clock                     ; local_mem_wrapper|mem_ss_top|mem_ss_sv|mem_ss|mem_ss|emif_0|emif_0_core_usr_clk                                                                                      ;
; SDC Exception                   ; No SDC Exception on Path                                                                                                                                             ;
; Data Arrival Time               ; 6.317                                                                                                                                                                ;
; Data Required Time              ; 7.271                                                                                                                                                                ;
; Slack                           ; 0.954                                                                                                                                                                ;
; Worst-Case Operating Conditions ; Slow vid2 100C Model                                                                                                                                                 ;
+---------------------------------+----------------------------------------------------------------------------------------------------------------------------------------------------------------------+

+--------------------------------------------------------------------------------------+
; Statistics                                                                           ;
+------------------------+--------+-------+-------------+------------+--------+--------+
; Property               ; Value  ; Count ; Total Delay ; % of Total ; Min    ; Max    ;
+------------------------+--------+-------+-------------+------------+--------+--------+
; Setup Relationship     ; 3.000  ;       ;             ;            ;        ;        ;
; Clock Skew             ; -0.035 ;       ;             ;            ;        ;        ;
; Data Delay             ; 2.111  ;       ;             ;            ;        ;        ;
; Number of Logic Levels ;        ; 5     ;             ;            ;        ;        ;
; Physical Delays        ;        ;       ;             ;            ;        ;        ;
;  Arrival Path          ;        ;       ;             ;            ;        ;        ;
;   Clock                ;        ;       ;             ;            ;        ;        ;
;    IC                  ;        ; 3     ; 0.000       ; 0          ; 0.000  ; 0.000  ;
;    Cell                ;        ; 15    ; 3.475       ; 45         ; 0.000  ; 1.131  ;
;    PLL Compensation    ;        ; 2     ; -3.497      ; 0          ; -2.694 ; -0.803 ;
;    Routing Element     ;        ; 58    ; 4.228       ; 55         ; 0.000  ; 0.295  ;
;   Data                 ;        ;       ;             ;            ;        ;        ;
;    IC                  ;        ; 7     ; 0.000       ; 0          ; 0.000  ; 0.000  ;
;    Cell                ;        ; 9     ; 0.884       ; 42         ; 0.000  ; 0.179  ;
;    uTco                ;        ; 1     ; 0.257       ; 12         ; 0.257  ; 0.257  ;
;    Routing Element     ;        ; 41    ; 0.970       ; 46         ; 0.000  ; 0.100  ;
;  Required Path         ;        ;       ;             ;            ;        ;        ;
;   Clock                ;        ;       ;             ;            ;        ;        ;
;    IC                  ;        ; 3     ; 0.000       ; 0          ; 0.000  ; 0.000  ;
;    Cell                ;        ; 15    ; 3.021       ; 44         ; 0.000  ; 0.961  ;
;    PLL Compensation    ;        ; 2     ; -3.822      ; 0          ; -2.907 ; -0.915 ;
;    Routing Element     ;        ; 58    ; 3.833       ; 56         ; 0.000  ; 0.258  ;
+------------------------+--------+-------+-------------+------------+--------+--------+
Note: Negative delays are omitted from totals when calculating percentages

+------------------------------------------------------------------------------------------------------------------------------------------------------------------------------------------------------------------------------------------------------------------------------------------------------------------------------------+
; Data Arrival Path                                                                                                                                                                                                                                                                                                                  ;
+----------+----------+----+------+--------+---------------------------------------------+----------------------------+--------------------------------------------------------------------------------------------------------------------------------------------------------------------------------------------------------------+
; Total    ; Incr     ; RF ; Type ; Fanout ; Location                                    ; Element Type               ; Element                                                                                                                                                                                                      ;
+----------+----------+----+------+--------+---------------------------------------------+----------------------------+--------------------------------------------------------------------------------------------------------------------------------------------------------------------------------------------------------------+
; 0.000    ; 0.000    ;    ;      ;        ;                                             ;                            ; launch edge time                                                                                                                                                                                             ;
; 4.206    ; 4.206    ;    ;      ;        ;                                             ;                            ; clock path                                                                                                                                                                                                   ;
;   0.000  ;   0.000  ;    ;      ;        ;                                             ;                            ; source latency                                                                                                                                                                                               ;
;   0.000  ;   0.000  ;    ;      ; 1      ; PIN_HF23                                    ; I/O pad                    ; ddr4_mem_ref_clk[0].clk                                                                                                                                                                                      ;
;   0.000  ;   0.000  ;    ; IC   ; 1      ; IOIBUF_X280_Y0_N376                         ; I/O input buffer           ; ddr4_mem_ref_clk[0].clk~input|i                                                                                                                                                                              ;
;   0.129  ;   0.129  ; RR ; CELL ; 2      ; IOIBUF_X280_Y0_N376                         ; I/O input buffer           ; ddr4_mem_ref_clk[0].clk~input|o                                                                                                                                                                              ;
;   1.260  ;   1.131  ; RR ; CELL ; 1      ; REFCLKINPUT_X281_Y0_N301                    ; I/O reference clock tree   ; local_mem_wrapper|mem_ss_top|mem_ss_sv|mem_ss|mem_ss|emif_0|emif_0|arch|arch_inst|pll_inst|pll_inst~refclk|ref_clk_in                                                                                        ;
;   1.451  ;   0.191  ; RR ; CELL ; 3      ; REFCLKINPUT_X281_Y0_N301                    ; I/O reference clock tree   ; local_mem_wrapper|mem_ss_top|mem_ss_sv|mem_ss|mem_ss|emif_0|emif_0|arch|arch_inst|pll_inst|pll_inst~refclk|ref0_to_btm                                                                                       ;
;   1.999  ;   0.548  ; RR ; CELL ; 1      ; REFCLKINPUT_X281_Y0_N301                    ; I/O reference clock tree   ; local_mem_wrapper|mem_ss_top|mem_ss_sv|mem_ss|mem_ss|emif_0|emif_0|arch|arch_inst|pll_inst|pll_inst~refclk|clk_out                                                                                           ;
;   1.999  ;   0.000  ; RR ; CELL ; 1      ; IOPLL_X281_Y0_N303                          ; IOPLL                      ; local_mem_wrapper|mem_ss_top|mem_ss_sv|mem_ss|mem_ss|emif_0|emif_0|arch|arch_inst|pll_inst|pll_inst|pll_cascade_in                                                                                           ;
;   2.220  ;   0.221  ; RR ; CELL ; 2      ; IOPLL_X281_Y0_N303                          ; IOPLL                      ; local_mem_wrapper|mem_ss_top|mem_ss_sv|mem_ss|mem_ss|emif_0|emif_0|arch|arch_inst|pll_inst|pll_inst~fmio96fs_wr/x0/fmio96_core_inst/fmio48tile_top/x5/u4_3/x0/xiopll_custom/xclkin_sw/xpm_pll_so/clk[0]      ;
;   2.416  ;   0.196  ; RR ; CELL ; 2      ; IOPLL_X281_Y0_N303                          ; IOPLL                      ; local_mem_wrapper|mem_ss_top|mem_ss_sv|mem_ss|mem_ss|emif_0|emif_0|arch|arch_inst|pll_inst|pll_inst~fmio96fs_wr/x0/fmio96_core_inst/fmio48tile_top/x5/u4_3/x0/xiopll_custom/xiopll_core/xncnt_iopll/clk      ;
;   2.596  ;   0.180  ; RR ; CELL ; 3      ; IOPLL_X281_Y0_N303                          ; IOPLL                      ; local_mem_wrapper|mem_ss_top|mem_ss_sv|mem_ss|mem_ss|emif_0|emif_0|arch|arch_inst|pll_inst|pll_inst~pllnout                                                                                                  ;
;   2.745  ;   0.149  ; RF ; CELL ; 1      ; IOPLL_X281_Y0_N303                          ; IOPLL                      ; local_mem_wrapper|mem_ss_top|mem_ss_sv|mem_ss|mem_ss|emif_0|emif_0|arch|arch_inst|pll_inst|pll_inst~vco_refclk                                                                                               ;
;   2.757  ;   0.012  ; FR ; CELL ; 1      ; IOPLL_X281_Y0_N303                          ; IOPLL                      ; local_mem_wrapper|mem_ss_top|mem_ss_sv|mem_ss|mem_ss|emif_0|emif_0|arch|arch_inst|pll_inst|pll_inst~vctrl                                                                                                    ;
;   1.954  ;   -0.803 ; RR ; COMP ; 1      ; IOPLL_X281_Y0_N303                          ; IOPLL                      ; local_mem_wrapper|mem_ss_top|mem_ss_sv|mem_ss|mem_ss|emif_0|emif_0|arch|arch_inst|pll_inst|pll_inst~vcoph[0]                                                                                                 ;
;   1.954  ;   0.000  ; RR ; CELL ; 10     ; IOPLL_X281_Y0_N303                          ; IOPLL                      ; local_mem_wrapper|mem_ss_top|mem_ss_sv|mem_ss|mem_ss|emif_0|emif_0|arch|arch_inst|pll_inst|pll_inst|vcoph[0]                                                                                                 ;
;   1.954  ;   0.000  ; RR ; CELL ; 3      ; TILECTRL_X281_Y0_N298                       ; I/O tile control logic     ; local_mem_wrapper|mem_ss_top|mem_ss_sv|mem_ss|mem_ss|emif_0|emif_0|arch|arch_inst|io_tiles_wrap_inst|io_tiles_inst|tile_gen[1].tile_ctrl_inst|pll_vco_in[0]                                                  ;
;   -0.740 ;   -2.694 ; RR ; COMP ; 1      ; TILECTRL_X281_Y0_N298                       ; I/O tile control logic     ; local_mem_wrapper|mem_ss_top|mem_ss_sv|mem_ss|mem_ss|emif_0|emif_0|arch|arch_inst|io_tiles_wrap_inst|io_tiles_inst|tile_gen[1].tile_ctrl_inst|pa_core_clk_out[0]                                             ;
;   -0.022 ;   0.718  ; RR ; CELL ; 16258  ; TILECTRL_X281_Y0_N298                       ; I/O tile control logic     ; local_mem_wrapper|mem_ss_top|mem_ss_sv|mem_ss|mem_ss|emif_0|emif_0|arch|arch_inst|io_tiles_wrap_inst|io_tiles_inst|tile_gen[1].tile_ctrl_inst~fmio96fs_wr/m32_0_29__iophasealignment_to_dcm__core_clk_out[1] ;
;   -0.022 ;   0.000  ;    ; IC   ; 1      ; Boundary Port                               ; N/A                        ; afu_top|pg_afu.port_gasket|pr_slot|afu_main|ext_mem_if[0].clk|input                                                                                                                                          ;
;   -0.022 ;   0.000  ; RR ; CELL ; 105325 ; Boundary Port                               ; N/A                        ; afu_top|pg_afu.port_gasket|pr_slot|afu_main|ext_mem_if[0].clk                                                                                                                                                ;
;   -0.022 ;   0.000  ; RR ; RE   ; 1      ; TILECTRL_X281_Y0_N298                       ; I/O tile control logic     ; TILE_CTRL                                                                                                                                                                                                    ;
;   0.052  ;   0.074  ; RR ; RE   ; 1      ; IO96FSWRRE_X280_Y0_N0_I3537                 ; IO96FS_WR_RE               ; IO96FS_WR_RE                                                                                                                                                                                                 ;
;   0.156  ;   0.104  ; RR ; RE   ; 1      ; DCM_mux_X307_Y2_N0_I29                      ; DCM_mux                    ; CC_DCM_GMUX_RE                                                                                                                                                                                               ;
;   0.234  ;   0.078  ; RR ; RE   ; 1      ; IO_P2C_RE_X280_Y2_N150_I75                  ; IO_P2C_RE                  ; IO_P2C_RE                                                                                                                                                                                                    ;
;   0.262  ;   0.028  ; RR ; RE   ; 1      ; IO_P2C_RE_X280_Y2_N150_I26                  ; IO_P2C_RE                  ; IO_P2C_RE                                                                                                                                                                                                    ;
;   0.315  ;   0.053  ; RR ; RE   ; 1      ; Switchbox_clock_mux_X280_Y2_N0_I197         ; Switchbox_clock_mux        ; CLOCK_SEGMENT_MUX                                                                                                                                                                                            ;
;   0.428  ;   0.113  ; RR ; RE   ; 1      ; Switchbox_clock_mux_X280_Y2_N0_I105         ; Switchbox_clock_mux        ; CLOCK_SEGMENT_MUX                                                                                                                                                                                            ;
;   0.464  ;   0.036  ; RF ; RE   ; 1      ; Vertical_seam_tap_mux_X280_Y23_N0_I165      ; Vertical_seam_tap_mux      ; CLOCK_SEGMENT_TAP_MUX                                                                                                                                                                                        ;
;   0.534  ;   0.070  ; FR ; RE   ; 1      ; Vertical_seam_tap_mux_X280_Y23_N0_I53       ; Vertical_seam_tap_mux      ; CLOCK_SEGMENT_TAP_MUX                                                                                                                                                                                        ;
;   0.584  ;   0.050  ; RR ; RE   ; 1      ; Switchbox_clock_mux_X280_Y43_N0_I197        ; Switchbox_clock_mux        ; CLOCK_SEGMENT_MUX                                                                                                                                                                                            ;
;   0.696  ;   0.112  ; RR ; RE   ; 1      ; Switchbox_clock_mux_X280_Y43_N0_I105        ; Switchbox_clock_mux        ; CLOCK_SEGMENT_MUX                                                                                                                                                                                            ;
;   0.732  ;   0.036  ; RF ; RE   ; 1      ; Vertical_seam_tap_mux_X280_Y64_N0_I165      ; Vertical_seam_tap_mux      ; CLOCK_SEGMENT_TAP_MUX                                                                                                                                                                                        ;
;   0.802  ;   0.070  ; FR ; RE   ; 1      ; Vertical_seam_tap_mux_X280_Y64_N0_I53       ; Vertical_seam_tap_mux      ; CLOCK_SEGMENT_TAP_MUX                                                                                                                                                                                        ;
;   0.852  ;   0.050  ; RR ; RE   ; 1      ; Switchbox_clock_mux_X280_Y84_N0_I197        ; Switchbox_clock_mux        ; CLOCK_SEGMENT_MUX                                                                                                                                                                                            ;
;   0.956  ;   0.104  ; RR ; RE   ; 1      ; Switchbox_clock_mux_X280_Y84_N0_I105        ; Switchbox_clock_mux        ; CLOCK_SEGMENT_MUX                                                                                                                                                                                            ;
;   0.992  ;   0.036  ; RF ; RE   ; 1      ; Vertical_seam_tap_mux_X280_Y105_N0_I165     ; Vertical_seam_tap_mux      ; CLOCK_SEGMENT_TAP_MUX                                                                                                                                                                                        ;
;   1.062  ;   0.070  ; FR ; RE   ; 1      ; Vertical_seam_tap_mux_X280_Y105_N0_I53      ; Vertical_seam_tap_mux      ; CLOCK_SEGMENT_TAP_MUX                                                                                                                                                                                        ;
;   1.112  ;   0.050  ; RR ; RE   ; 1      ; Switchbox_clock_mux_X280_Y125_N0_I197       ; Switchbox_clock_mux        ; CLOCK_SEGMENT_MUX                                                                                                                                                                                            ;
;   1.216  ;   0.104  ; RR ; RE   ; 1      ; Switchbox_clock_mux_X280_Y125_N0_I105       ; Switchbox_clock_mux        ; CLOCK_SEGMENT_MUX                                                                                                                                                                                            ;
;   1.252  ;   0.036  ; RF ; RE   ; 1      ; Vertical_seam_tap_mux_X280_Y146_N0_I165     ; Vertical_seam_tap_mux      ; CLOCK_SEGMENT_TAP_MUX                                                                                                                                                                                        ;
;   1.323  ;   0.071  ; FR ; RE   ; 1      ; Vertical_seam_tap_mux_X280_Y146_N0_I53      ; Vertical_seam_tap_mux      ; CLOCK_SEGMENT_TAP_MUX                                                                                                                                                                                        ;
;   1.373  ;   0.050  ; RR ; RE   ; 1      ; Switchbox_clock_mux_X280_Y166_N0_I197       ; Switchbox_clock_mux        ; CLOCK_SEGMENT_MUX                                                                                                                                                                                            ;
;   1.599  ;   0.226  ; RR ; RE   ; 1      ; Switchbox_clock_mux_X280_Y166_N0_I106       ; Switchbox_clock_mux        ; CLOCK_SEGMENT_MUX                                                                                                                                                                                            ;
;   1.650  ;   0.051  ; RR ; RE   ; 1      ; Switchbox_clock_mux_X226_Y166_N0_I229       ; Switchbox_clock_mux        ; CLOCK_SEGMENT_MUX                                                                                                                                                                                            ;
;   1.699  ;   0.049  ; RR ; RE   ; 2      ; Switchbox_clock_mux_X226_Y166_N0_I153       ; Switchbox_clock_mux        ; CLOCK_SEGMENT_MUX                                                                                                                                                                                            ;
;   1.803  ;   0.104  ; RR ; RE   ; 1      ; Switchbox_clock_mux_X226_Y166_N0_I103       ; Switchbox_clock_mux        ; CLOCK_SEGMENT_MUX                                                                                                                                                                                            ;
;   1.839  ;   0.036  ; RF ; RE   ; 1      ; Vertical_seam_tap_mux_X226_Y146_N0_I134     ; Vertical_seam_tap_mux      ; CLOCK_SEGMENT_TAP_MUX                                                                                                                                                                                        ;
;   1.910  ;   0.071  ; FR ; RE   ; 1      ; Vertical_seam_tap_mux_X226_Y146_N0_I50      ; Vertical_seam_tap_mux      ; CLOCK_SEGMENT_TAP_MUX                                                                                                                                                                                        ;
;   1.964  ;   0.054  ; RR ; RE   ; 1      ; Switchbox_clock_mux_X226_Y125_N0_I166       ; Switchbox_clock_mux        ; CLOCK_SEGMENT_MUX                                                                                                                                                                                            ;
;   2.067  ;   0.103  ; RR ; RE   ; 1      ; Switchbox_clock_mux_X226_Y125_N0_I103       ; Switchbox_clock_mux        ; CLOCK_SEGMENT_MUX                                                                                                                                                                                            ;
;   2.103  ;   0.036  ; RF ; RE   ; 1      ; Vertical_seam_tap_mux_X226_Y105_N0_I134     ; Vertical_seam_tap_mux      ; CLOCK_SEGMENT_TAP_MUX                                                                                                                                                                                        ;
;   2.174  ;   0.071  ; FR ; RE   ; 1      ; Vertical_seam_tap_mux_X226_Y105_N0_I50      ; Vertical_seam_tap_mux      ; CLOCK_SEGMENT_TAP_MUX                                                                                                                                                                                        ;
;   2.227  ;   0.053  ; RR ; RE   ; 2      ; Switchbox_clock_mux_X226_Y84_N0_I166        ; Switchbox_clock_mux        ; CLOCK_SEGMENT_MUX                                                                                                                                                                                            ;
;   2.465  ;   0.238  ; RR ; RE   ; 1      ; Switchbox_clock_mux_X226_Y84_N0_I102        ; Switchbox_clock_mux        ; CLOCK_SEGMENT_MUX                                                                                                                                                                                            ;
;   2.516  ;   0.051  ; RR ; RE   ; 1      ; Switchbox_clock_mux_X280_Y84_N0_I230        ; Switchbox_clock_mux        ; CLOCK_SEGMENT_MUX                                                                                                                                                                                            ;
;   2.742  ;   0.226  ; RR ; RE   ; 1      ; Switchbox_clock_mux_X280_Y84_N0_I100        ; Switchbox_clock_mux        ; CLOCK_SEGMENT_MUX                                                                                                                                                                                            ;
;   2.794  ;   0.052  ; RR ; RE   ; 2      ; Switchbox_clock_mux_X334_Y84_N0_I230        ; Switchbox_clock_mux        ; CLOCK_SEGMENT_MUX                                                                                                                                                                                            ;
;   2.898  ;   0.104  ; RR ; RE   ; 1      ; Switchbox_clock_mux_X334_Y84_N0_I103        ; Switchbox_clock_mux        ; CLOCK_SEGMENT_MUX                                                                                                                                                                                            ;
;   2.934  ;   0.036  ; RF ; RE   ; 1      ; Vertical_seam_tap_mux_X334_Y64_N0_I134      ; Vertical_seam_tap_mux      ; CLOCK_SEGMENT_TAP_MUX                                                                                                                                                                                        ;
;   3.003  ;   0.069  ; FR ; RE   ; 1      ; Vertical_seam_tap_mux_X334_Y64_N0_I50       ; Vertical_seam_tap_mux      ; CLOCK_SEGMENT_TAP_MUX                                                                                                                                                                                        ;
;   3.056  ;   0.053  ; RR ; RE   ; 2      ; Switchbox_clock_mux_X334_Y43_N0_I166        ; Switchbox_clock_mux        ; CLOCK_SEGMENT_MUX                                                                                                                                                                                            ;
;   3.293  ;   0.237  ; RR ; RE   ; 1      ; Switchbox_clock_mux_X334_Y43_N0_I102        ; Switchbox_clock_mux        ; CLOCK_SEGMENT_MUX                                                                                                                                                                                            ;
;   3.346  ;   0.053  ; RR ; RE   ; 2      ; Switchbox_clock_mux_X280_Y43_N0_I262        ; Switchbox_clock_mux        ; CLOCK_SEGMENT_MUX                                                                                                                                                                                            ;
;   3.458  ;   0.112  ; RR ; RE   ; 1      ; Switchbox_clock_mux_X280_Y43_N0_I101        ; Switchbox_clock_mux        ; CLOCK_SEGMENT_MUX                                                                                                                                                                                            ;
;   3.509  ;   0.051  ; RR ; RE   ; 2      ; Vertical_seam_tap_mux_X280_Y64_N0_I166      ; Vertical_seam_tap_mux      ; CLOCK_SEGMENT_TAP_MUX                                                                                                                                                                                        ;
;   3.614  ;   0.105  ; RR ; RE   ; 1      ; Vertical_seam_tap_mux_X280_Y64_N0_I115      ; Vertical_seam_tap_mux      ; CLOCK_SEGMENT_TAP_MUX                                                                                                                                                                                        ;
;   3.750  ;   0.136  ; RR ; RE   ; 1      ; SPINE_TAP_RE_X253_Y64_N103_I89              ; SPINE_TAP_RE               ; SPINE_TAP_RE                                                                                                                                                                                                 ;
;   3.773  ;   0.023  ; RR ; RE   ; 41     ; SPINE_TAP_RE_X253_Y64_N103_I25              ; SPINE_TAP_RE               ; SPINE_TAP_RE                                                                                                                                                                                                 ;
;   4.068  ;   0.295  ; RR ; RE   ; 2      ; SCLKMUX_RE_X253_Y70_N188_I25                ; SCLKMUX_RE                 ; SCLKMUX_RE                                                                                                                                                                                                   ;
;   4.094  ;   0.026  ; RR ; RE   ; 16     ; SCLKMUX_RE_X253_Y70_N188_I40                ; SCLKMUX_RE                 ; SCLKMUX_RE                                                                                                                                                                                                   ;
;   4.137  ;   0.043  ; RR ; RE   ; 1      ; ROWCLK_TAPOFF_X260_Y70_N0_I3                ; Row Clock Tap-Off          ; ROWCLK_TAPOFF                                                                                                                                                                                                ;
;   4.180  ;   0.043  ; RR ; RE   ; 1      ; GLOBAL_LOCAL_SEL_X260_Y70_N0_I3             ; GLOBAL_LOCAL_SEL           ; GLOBAL_LOCAL_SEL                                                                                                                                                                                             ;
;   4.206  ;   0.026  ; RR ; RE   ; 1      ; RPII_X260_Y70_N0_I3                         ; Programmable Invert Input  ; RPII                                                                                                                                                                                                         ;
;   4.206  ;   0.000  ; RR ; RE   ; 1      ; RPI_X260_Y70_N0_I3                          ; Programmable Invert        ; RPI                                                                                                                                                                                                          ;
;   4.206  ;   0.000  ; RR ; RE   ; 1      ; LAB_RE_X260_Y70_N0_I84                      ; LAB_RE                     ; clkb                                                                                                                                                                                                         ;
;   4.206  ;   0.000  ; RR ; RE   ; 1      ; LAB_RE_X260_Y70_N0_I152                     ; LAB_RE                     ; LAB_RE                                                                                                                                                                                                       ;
;   4.206  ;   0.000  ; RR ; RE   ; 12     ; LEIMCLKALE_X260_Y70_N0_I0                   ; LEIMCLKALE                 ; LEIMCLKALE                                                                                                                                                                                                   ;
;   4.206  ;   0.000  ; RR ; RE   ; 1      ; HYPERFLEX_CLK_M_MUX_X260_Y70_N0_I22         ; Hyperflex clocking network ; HIPI_M_MUX                                                                                                                                                                                                   ;
;   4.206  ;   0.000  ;    ; IC   ; 1      ; BLOCK_INPUT_MUX_PASSTHROUGH_X260_Y70_N0_I20 ; Hyper-Register             ; afu_top|pg_afu.port_gasket|pr_slot|afu_main|port_afu_instances|ofs_plat_afu|core|dma|csr_mgr_inst|i2852~0xsyn_BLOCK_INPUT_MUX_PASSTHROUGH_X260_Y70_N0_I20_dff|clk                                            ;
;   4.206  ;   0.000  ; RR ; CELL ; 1      ; BLOCK_INPUT_MUX_PASSTHROUGH_X260_Y70_N0_I20 ; Hyper-Register             ; afu_top|pg_afu.port_gasket|pr_slot|afu_main|port_afu_instances|ofs_plat_afu|core|dma|csr_mgr_inst|i2852~0xsyn_BLOCK_INPUT_MUX_PASSTHROUGH_X260_Y70_N0_I20_dff                                                ;
; 6.317    ; 2.111    ;    ;      ;        ;                                             ;                            ; data path                                                                                                                                                                                                    ;
;   4.463  ;   0.257  ; RR ; uTco ; 1      ; BLOCK_INPUT_MUX_PASSTHROUGH_X260_Y70_N0_I20 ; Hyper-Register             ; afu_top|pg_afu.port_gasket|pr_slot|afu_main|port_afu_instances|ofs_plat_afu|core|dma|csr_mgr_inst|i2852~0xsyn_BLOCK_INPUT_MUX_PASSTHROUGH_X260_Y70_N0_I20_dff|q                                              ;
;   4.463  ;   0.000  ; RR ; RE   ; 1      ; BLOCK_INPUT_MUX_PASSTHROUGH_X260_Y70_N0_I20 ; Hyper-Register             ; LEIM                                                                                                                                                                                                         ;
;   4.464  ;   0.001  ; RR ; RE   ; 1      ; BLOCK_INPUT_MUX_PASSTHROUGH_X260_Y70_N0_I20 ; Block Input Mux            ; LEIM                                                                                                                                                                                                         ;
;   4.464  ;   0.000  ; RR ; RE   ; 1      ; LAB_RE_X260_Y70_N0_I19                      ; LAB_RE                     ; leima[2]                                                                                                                                                                                                     ;
;   4.464  ;   0.000  ;    ; IC   ; 1      ; MLABCELL_X260_Y70_N15                       ; Combinational cell         ; afu_top|pg_afu.port_gasket|pr_slot|afu_main|port_afu_instances|ofs_plat_afu|core|dma|csr_mgr_inst|i2852~0|dataa                                                                                              ;
;   4.589  ;   0.125  ; RR ; CELL ; 4      ; MLABCELL_X260_Y70_N15                       ; Combinational cell         ; afu_top|pg_afu.port_gasket|pr_slot|afu_main|port_afu_instances|ofs_plat_afu|core|dma|csr_mgr_inst|i2852~0|combout                                                                                            ;
;   4.666  ;   0.077  ; RF ; CELL ; 5      ; MLABCELL_X260_Y70_N15                       ; Combinational cell         ; afu_top|pg_afu.port_gasket|pr_slot|afu_main|port_afu_instances|ofs_plat_afu|core|dma|csr_mgr_inst|i2852~0~cw_ml_mlab/laboutt[8]                                                                              ;
;   4.666  ;   0.000  ; FF ; RE   ; 1      ; MLABCELL_X260_Y70_N15                       ; Combinational cell         ; MP_MLAB_COMB                                                                                                                                                                                                 ;
;   4.672  ;   0.006  ; FF ; RE   ; 1      ; LAB_RE_X260_Y70_N0_I97                      ; LAB_RE                     ; LAB_RE                                                                                                                                                                                                       ;
;   4.764  ;   0.092  ; FF ; RE   ; 1      ; C4_X260_Y66_N0_I9                           ; C4 interconnect            ; V4                                                                                                                                                                                                           ;
;   4.818  ;   0.054  ; FF ; RE   ; 1      ; R1_X260_Y66_N0_I11                          ; R1 interconnect            ; H1                                                                                                                                                                                                           ;
;   4.856  ;   0.038  ; FR ; RE   ; 1      ; LOCAL_INTERCONNECT_X259_Y66_N0_I25          ; Block interconnect         ; LAB_LINE                                                                                                                                                                                                     ;
;   4.897  ;   0.041  ; RF ; RE   ; 1      ; BLOCK_INPUT_MUX_PASSTHROUGH_X259_Y66_N0_I82 ; Block Input Mux            ; LEIM                                                                                                                                                                                                         ;
;   4.897  ;   0.000  ; FF ; RE   ; 5      ; LAB_RE_X259_Y66_N0_I80                      ; LAB_RE                     ; lsim[0]                                                                                                                                                                                                      ;
;   4.897  ;   0.000  ;    ; IC   ; 2      ; FF_X259_Y66_N13                             ; Bypassed ALM Register      ; afu_top|pg_afu.port_gasket|pr_slot|afu_main|port_afu_instances|ofs_plat_afu|core|dma|csr_mgr_inst|dma_csr_map.descriptor.length[14]~DUPLICATE.comb|ena                                                       ;
;   5.074  ;   0.177  ; FR ; CELL ; 4      ; FF_X259_Y66_N13                             ; Bypassed ALM Register      ; afu_top|pg_afu.port_gasket|pr_slot|afu_main|port_afu_instances|ofs_plat_afu|core|dma|csr_mgr_inst|dma_csr_map.descriptor.length[14]~DUPLICATE.comb|q                                                         ;
;   5.074  ;   0.000  ; RR ; RE   ; 1      ; FF_X259_Y66_N13                             ; Bypassed ALM Register      ; FF                                                                                                                                                                                                           ;
;   5.083  ;   0.009  ; RR ; RE   ; 3      ; LAB_RE_X259_Y66_N0_I97                      ; LAB_RE                     ; LAB_RE                                                                                                                                                                                                       ;
;   5.133  ;   0.050  ; RR ; RE   ; 1      ; C1_X259_Y66_N0_I8                           ; C1 interconnect            ; V1                                                                                                                                                                                                           ;
;   5.167  ;   0.034  ; RR ; RE   ; 1      ; C1_X259_Y67_N0_I8                           ; C1 interconnect            ; V1                                                                                                                                                                                                           ;
;   5.240  ;   0.073  ; RR ; RE   ; 1      ; C1_X259_Y68_N0_I8                           ; C1 interconnect            ; V1                                                                                                                                                                                                           ;
;   5.274  ;   0.034  ; RF ; RE   ; 4      ; LOCAL_INTERCONNECT_X259_Y69_N0_I20          ; Block interconnect         ; LAB_LINE                                                                                                                                                                                                     ;
;   5.304  ;   0.030  ; FR ; RE   ; 1      ; BLOCK_INPUT_MUX_PASSTHROUGH_X259_Y69_N0_I23 ; Block Input Mux            ; LEIM                                                                                                                                                                                                         ;
;   5.304  ;   0.000  ; RR ; RE   ; 1      ; LAB_RE_X259_Y69_N0_I17                      ; LAB_RE                     ; leimd0[2]                                                                                                                                                                                                    ;
;   5.304  ;   0.000  ;    ; IC   ; 1      ; LABCELL_X259_Y69_N15                        ; Combinational cell         ; afu_top|pg_afu.port_gasket|pr_slot|afu_main|port_afu_instances|ofs_plat_afu|core|dma|csr_mgr_inst|LessThan_3~2|datad                                                                                         ;
;   5.378  ;   0.074  ; RF ; CELL ; 2      ; LABCELL_X259_Y69_N15                        ; Combinational cell         ; afu_top|pg_afu.port_gasket|pr_slot|afu_main|port_afu_instances|ofs_plat_afu|core|dma|csr_mgr_inst|LessThan_3~2|combout                                                                                       ;
;   5.378  ;   0.000  ; FF ; RE   ; 1      ; LABCELL_X259_Y69_N15                        ; Combinational cell         ; MP_LAB_COMB                                                                                                                                                                                                  ;
;   5.381  ;   0.003  ; FF ; RE   ; 1      ; LAB_RE_X259_Y69_N0_I136                     ; LAB_RE                     ; LAB_RE                                                                                                                                                                                                       ;
;   5.425  ;   0.044  ; FR ; RE   ; 3      ; LOCAL_INTERCONNECT_X259_Y69_N0_I19          ; Block interconnect         ; LAB_LINE                                                                                                                                                                                                     ;
;   5.460  ;   0.035  ; RF ; RE   ; 1      ; BLOCK_INPUT_MUX_PASSTHROUGH_X259_Y69_N0_I76 ; Block Input Mux            ; LEIM                                                                                                                                                                                                         ;
;   5.460  ;   0.000  ; FF ; RE   ; 1      ; LAB_RE_X259_Y69_N0_I75                      ; LAB_RE                     ; leima[9]                                                                                                                                                                                                     ;
;   5.460  ;   0.000  ;    ; IC   ; 1      ; LABCELL_X259_Y69_N57                        ; Combinational cell         ; afu_top|pg_afu.port_gasket|pr_slot|afu_main|port_afu_instances|ofs_plat_afu|core|dma|csr_mgr_inst|i919~41xsyn_48|dataa                                                                                       ;
;   5.639  ;   0.179  ; FR ; CELL ; 1      ; LABCELL_X259_Y69_N57                        ; Combinational cell         ; afu_top|pg_afu.port_gasket|pr_slot|afu_main|port_afu_instances|ofs_plat_afu|core|dma|csr_mgr_inst|i919~41xsyn_48|combout                                                                                     ;
;   5.639  ;   0.000  ; RR ; RE   ; 1      ; LABCELL_X259_Y69_N57                        ; Combinational cell         ; MP_LAB_COMB                                                                                                                                                                                                  ;
;   5.645  ;   0.006  ; RR ; RE   ; 1      ; LAB_RE_X259_Y69_N0_I126                     ; LAB_RE                     ; LAB_RE                                                                                                                                                                                                       ;
;   5.683  ;   0.038  ; RR ; RE   ; 1      ; R1_X259_Y69_N0_I39                          ; R1 interconnect            ; H1                                                                                                                                                                                                           ;
;   5.711  ;   0.028  ; RF ; RE   ; 1      ; LOCAL_INTERCONNECT_X258_Y69_N0_I64          ; Block interconnect         ; LAB_LINE                                                                                                                                                                                                     ;
;   5.741  ;   0.030  ; FR ; RE   ; 1      ; BLOCK_INPUT_MUX_PASSTHROUGH_X258_Y69_N0_I60 ; Block Input Mux            ; LEIM                                                                                                                                                                                                         ;
;   5.741  ;   0.000  ; RR ; RE   ; 1      ; LAB_RE_X258_Y69_N0_I59                      ; LAB_RE                     ; leima[7]                                                                                                                                                                                                     ;
;   5.741  ;   0.000  ;    ; IC   ; 1      ; MLABCELL_X258_Y69_N45                       ; Combinational cell         ; afu_top|pg_afu.port_gasket|pr_slot|afu_main|port_afu_instances|ofs_plat_afu|core|dma|csr_mgr_inst|i919~42xsyn_50|dataa                                                                                       ;
;   5.909  ;   0.168  ; RR ; CELL ; 1      ; MLABCELL_X258_Y69_N45                       ; Combinational cell         ; afu_top|pg_afu.port_gasket|pr_slot|afu_main|port_afu_instances|ofs_plat_afu|core|dma|csr_mgr_inst|i919~42xsyn_50|combout                                                                                     ;
;   5.909  ;   0.000  ; RR ; RE   ; 1      ; MLABCELL_X258_Y69_N45                       ; Combinational cell         ; MP_MLAB_COMB                                                                                                                                                                                                 ;
;   5.917  ;   0.008  ; RR ; RE   ; 1      ; LAB_RE_X258_Y69_N0_I118                     ; LAB_RE                     ; LAB_RE                                                                                                                                                                                                       ;
;   5.950  ;   0.033  ; RF ; RE   ; 2      ; LOCAL_INTERCONNECT_X258_Y69_N0_I62          ; Block interconnect         ; LAB_LINE                                                                                                                                                                                                     ;
;   5.979  ;   0.029  ; FR ; RE   ; 1      ; BLOCK_INPUT_MUX_PASSTHROUGH_X258_Y69_N0_I79 ; Block Input Mux            ; LEIM                                                                                                                                                                                                         ;
;   5.979  ;   0.000  ; RR ; RE   ; 1      ; LAB_RE_X258_Y69_N0_I73                      ; LAB_RE                     ; leimd0[9]                                                                                                                                                                                                    ;
;   5.979  ;   0.000  ;    ; IC   ; 1      ; MLABCELL_X258_Y69_N57                       ; Combinational cell         ; afu_top|pg_afu.port_gasket|pr_slot|afu_main|port_afu_instances|ofs_plat_afu|core|dma|csr_mgr_inst|Select_0~10xsyn_20|datad                                                                                   ;
;   6.039  ;   0.060  ; RF ; CELL ; 2      ; MLABCELL_X258_Y69_N57                       ; Combinational cell         ; afu_top|pg_afu.port_gasket|pr_slot|afu_main|port_afu_instances|ofs_plat_afu|core|dma|csr_mgr_inst|Select_0~10xsyn_20|combout                                                                                 ;
;   6.063  ;   0.024  ; FR ; CELL ; 3      ; MLABCELL_X258_Y69_N57                       ; Combinational cell         ; afu_top|pg_afu.port_gasket|pr_slot|afu_main|port_afu_instances|ofs_plat_afu|core|dma|csr_mgr_inst|Select_0~10xsyn_20~cw_ml_mlab/lab_lut6outb[4]                                                              ;
;   6.063  ;   0.000  ; RR ; RE   ; 1      ; MLABCELL_X258_Y69_N57                       ; Combinational cell         ; MP_MLAB_COMB                                                                                                                                                                                                 ;
;   6.068  ;   0.005  ; RR ; RE   ; 1      ; LAB_RE_X258_Y69_N0_I148                     ; LAB_RE                     ; LAB_RE                                                                                                                                                                                                       ;
;   6.168  ;   0.100  ; RR ; RE   ; 2      ; C1_X258_Y69_N0_I34                          ; C1 interconnect            ; V1                                                                                                                                                                                                           ;
;   6.215  ;   0.047  ; RR ; RE   ; 1      ; R2_X259_Y70_N0_I16                          ; R2 interconnect            ; H2                                                                                                                                                                                                           ;
;   6.250  ;   0.035  ; RR ; RE   ; 1      ; R0_X260_Y70_N0_I58                          ; R0 interconnect            ; H0                                                                                                                                                                                                           ;
;   6.286  ;   0.036  ; RR ; RE   ; 1      ; R0_X260_Y70_N0_I40                          ; R0 interconnect            ; H0                                                                                                                                                                                                           ;
;   6.317  ;   0.031  ; RF ; RE   ; 2      ; LOCAL_INTERCONNECT_X260_Y70_N0_I11          ; Block interconnect         ; LAB_LINE                                                                                                                                                                                                     ;
;   6.317  ;   0.000  ;    ; IC   ; 1      ; BLOCK_INPUT_MUX_PASSTHROUGH_X260_Y70_N0_I19 ; Hyper-Register             ; afu_top|pg_afu.port_gasket|pr_slot|afu_main|port_afu_instances|ofs_plat_afu|core|dma|csr_mgr_inst|Select_0~10xsyn_20_BLOCK_INPUT_MUX_PASSTHROUGH_X260_Y70_N0_I19_dff|d                                       ;
;   6.317  ;   0.000  ; FF ; CELL ; 1      ; BLOCK_INPUT_MUX_PASSTHROUGH_X260_Y70_N0_I19 ; Hyper-Register             ; afu_top|pg_afu.port_gasket|pr_slot|afu_main|port_afu_instances|ofs_plat_afu|core|dma|csr_mgr_inst|Select_0~10xsyn_20_BLOCK_INPUT_MUX_PASSTHROUGH_X260_Y70_N0_I19_dff                                         ;
+----------+----------+----+------+--------+---------------------------------------------+----------------------------+--------------------------------------------------------------------------------------------------------------------------------------------------------------------------------------------------------------+

+-----------------------------------------------------------------------------------------------------------------------------------------------------------------------------------------------------------------------------------------------------------------------------------------------------------------------------------+
; Data Required Path                                                                                                                                                                                                                                                                                                                ;
+---------+----------+----+------+--------+---------------------------------------------+----------------------------+--------------------------------------------------------------------------------------------------------------------------------------------------------------------------------------------------------------+
; Total   ; Incr     ; RF ; Type ; Fanout ; Location                                    ; Element Type               ; Element                                                                                                                                                                                                      ;
+---------+----------+----+------+--------+---------------------------------------------+----------------------------+--------------------------------------------------------------------------------------------------------------------------------------------------------------------------------------------------------------+
; 3.000   ; 3.000    ;    ;      ;        ;                                             ;                            ; latch edge time                                                                                                                                                                                              ;
; 7.171   ; 4.171    ;    ;      ;        ;                                             ;                            ; clock path                                                                                                                                                                                                   ;
;   3.000 ;   0.000  ;    ;      ;        ;                                             ;                            ; source latency                                                                                                                                                                                               ;
;   3.000 ;   0.000  ;    ;      ; 1      ; PIN_HF23                                    ; I/O pad                    ; ddr4_mem_ref_clk[0].clk                                                                                                                                                                                      ;
;   3.000 ;   0.000  ;    ; IC   ; 1      ; IOIBUF_X280_Y0_N376                         ; I/O input buffer           ; ddr4_mem_ref_clk[0].clk~input|i                                                                                                                                                                              ;
;   3.129 ;   0.129  ; RR ; CELL ; 2      ; IOIBUF_X280_Y0_N376                         ; I/O input buffer           ; ddr4_mem_ref_clk[0].clk~input|o                                                                                                                                                                              ;
;   4.090 ;   0.961  ; RR ; CELL ; 1      ; REFCLKINPUT_X281_Y0_N301                    ; I/O reference clock tree   ; local_mem_wrapper|mem_ss_top|mem_ss_sv|mem_ss|mem_ss|emif_0|emif_0|arch|arch_inst|pll_inst|pll_inst~refclk|ref_clk_in                                                                                        ;
;   4.251 ;   0.161  ; RR ; CELL ; 3      ; REFCLKINPUT_X281_Y0_N301                    ; I/O reference clock tree   ; local_mem_wrapper|mem_ss_top|mem_ss_sv|mem_ss|mem_ss|emif_0|emif_0|arch|arch_inst|pll_inst|pll_inst~refclk|ref0_to_btm                                                                                       ;
;   4.736 ;   0.485  ; RR ; CELL ; 1      ; REFCLKINPUT_X281_Y0_N301                    ; I/O reference clock tree   ; local_mem_wrapper|mem_ss_top|mem_ss_sv|mem_ss|mem_ss|emif_0|emif_0|arch|arch_inst|pll_inst|pll_inst~refclk|clk_out                                                                                           ;
;   4.736 ;   0.000  ; RR ; CELL ; 1      ; IOPLL_X281_Y0_N303                          ; IOPLL                      ; local_mem_wrapper|mem_ss_top|mem_ss_sv|mem_ss|mem_ss|emif_0|emif_0|arch|arch_inst|pll_inst|pll_inst|pll_cascade_in                                                                                           ;
;   4.929 ;   0.193  ; RR ; CELL ; 2      ; IOPLL_X281_Y0_N303                          ; IOPLL                      ; local_mem_wrapper|mem_ss_top|mem_ss_sv|mem_ss|mem_ss|emif_0|emif_0|arch|arch_inst|pll_inst|pll_inst~fmio96fs_wr/x0/fmio96_core_inst/fmio48tile_top/x5/u4_3/x0/xiopll_custom/xclkin_sw/xpm_pll_so/clk[0]      ;
;   5.101 ;   0.172  ; RR ; CELL ; 2      ; IOPLL_X281_Y0_N303                          ; IOPLL                      ; local_mem_wrapper|mem_ss_top|mem_ss_sv|mem_ss|mem_ss|emif_0|emif_0|arch|arch_inst|pll_inst|pll_inst~fmio96fs_wr/x0/fmio96_core_inst/fmio48tile_top/x5/u4_3/x0/xiopll_custom/xiopll_core/xncnt_iopll/clk      ;
;   5.259 ;   0.158  ; RR ; CELL ; 3      ; IOPLL_X281_Y0_N303                          ; IOPLL                      ; local_mem_wrapper|mem_ss_top|mem_ss_sv|mem_ss|mem_ss|emif_0|emif_0|arch|arch_inst|pll_inst|pll_inst~pllnout                                                                                                  ;
;   5.389 ;   0.130  ; RF ; CELL ; 1      ; IOPLL_X281_Y0_N303                          ; IOPLL                      ; local_mem_wrapper|mem_ss_top|mem_ss_sv|mem_ss|mem_ss|emif_0|emif_0|arch|arch_inst|pll_inst|pll_inst~vco_refclk                                                                                               ;
;   5.397 ;   0.008  ; FR ; CELL ; 1      ; IOPLL_X281_Y0_N303                          ; IOPLL                      ; local_mem_wrapper|mem_ss_top|mem_ss_sv|mem_ss|mem_ss|emif_0|emif_0|arch|arch_inst|pll_inst|pll_inst~vctrl                                                                                                    ;
;   4.482 ;   -0.915 ; RR ; COMP ; 1      ; IOPLL_X281_Y0_N303                          ; IOPLL                      ; local_mem_wrapper|mem_ss_top|mem_ss_sv|mem_ss|mem_ss|emif_0|emif_0|arch|arch_inst|pll_inst|pll_inst~vcoph[0]                                                                                                 ;
;   4.482 ;   0.000  ; RR ; CELL ; 10     ; IOPLL_X281_Y0_N303                          ; IOPLL                      ; local_mem_wrapper|mem_ss_top|mem_ss_sv|mem_ss|mem_ss|emif_0|emif_0|arch|arch_inst|pll_inst|pll_inst|vcoph[0]                                                                                                 ;
;   4.482 ;   0.000  ; RR ; CELL ; 3      ; TILECTRL_X281_Y0_N298                       ; I/O tile control logic     ; local_mem_wrapper|mem_ss_top|mem_ss_sv|mem_ss|mem_ss|emif_0|emif_0|arch|arch_inst|io_tiles_wrap_inst|io_tiles_inst|tile_gen[1].tile_ctrl_inst|pll_vco_in[0]                                                  ;
;   1.575 ;   -2.907 ; RR ; COMP ; 1      ; TILECTRL_X281_Y0_N298                       ; I/O tile control logic     ; local_mem_wrapper|mem_ss_top|mem_ss_sv|mem_ss|mem_ss|emif_0|emif_0|arch|arch_inst|io_tiles_wrap_inst|io_tiles_inst|tile_gen[1].tile_ctrl_inst|pa_core_clk_out[0]                                             ;
;   2.199 ;   0.624  ; RR ; CELL ; 16258  ; TILECTRL_X281_Y0_N298                       ; I/O tile control logic     ; local_mem_wrapper|mem_ss_top|mem_ss_sv|mem_ss|mem_ss|emif_0|emif_0|arch|arch_inst|io_tiles_wrap_inst|io_tiles_inst|tile_gen[1].tile_ctrl_inst~fmio96fs_wr/m32_0_29__iophasealignment_to_dcm__core_clk_out[1] ;
;   2.199 ;   0.000  ;    ; IC   ; 1      ; Boundary Port                               ; N/A                        ; afu_top|pg_afu.port_gasket|pr_slot|afu_main|ext_mem_if[0].clk|input                                                                                                                                          ;
;   2.199 ;   0.000  ; RR ; CELL ; 105325 ; Boundary Port                               ; N/A                        ; afu_top|pg_afu.port_gasket|pr_slot|afu_main|ext_mem_if[0].clk                                                                                                                                                ;
;   2.199 ;   0.000  ; RR ; RE   ; 1      ; TILECTRL_X281_Y0_N298                       ; I/O tile control logic     ; TILE_CTRL                                                                                                                                                                                                    ;
;   2.265 ;   0.066  ; RR ; RE   ; 1      ; IO96FSWRRE_X280_Y0_N0_I3537                 ; IO96FS_WR_RE               ; IO96FS_WR_RE                                                                                                                                                                                                 ;
;   2.361 ;   0.096  ; RR ; RE   ; 1      ; DCM_mux_X307_Y2_N0_I29                      ; DCM_mux                    ; CC_DCM_GMUX_RE                                                                                                                                                                                               ;
;   2.430 ;   0.069  ; RR ; RE   ; 1      ; IO_P2C_RE_X280_Y2_N150_I75                  ; IO_P2C_RE                  ; IO_P2C_RE                                                                                                                                                                                                    ;
;   2.456 ;   0.026  ; RR ; RE   ; 1      ; IO_P2C_RE_X280_Y2_N150_I26                  ; IO_P2C_RE                  ; IO_P2C_RE                                                                                                                                                                                                    ;
;   2.504 ;   0.048  ; RR ; RE   ; 1      ; Switchbox_clock_mux_X280_Y2_N0_I197         ; Switchbox_clock_mux        ; CLOCK_SEGMENT_MUX                                                                                                                                                                                            ;
;   2.607 ;   0.103  ; RR ; RE   ; 1      ; Switchbox_clock_mux_X280_Y2_N0_I105         ; Switchbox_clock_mux        ; CLOCK_SEGMENT_MUX                                                                                                                                                                                            ;
;   2.639 ;   0.032  ; RF ; RE   ; 1      ; Vertical_seam_tap_mux_X280_Y23_N0_I165      ; Vertical_seam_tap_mux      ; CLOCK_SEGMENT_TAP_MUX                                                                                                                                                                                        ;
;   2.705 ;   0.066  ; FR ; RE   ; 1      ; Vertical_seam_tap_mux_X280_Y23_N0_I53       ; Vertical_seam_tap_mux      ; CLOCK_SEGMENT_TAP_MUX                                                                                                                                                                                        ;
;   2.749 ;   0.044  ; RR ; RE   ; 1      ; Switchbox_clock_mux_X280_Y43_N0_I197        ; Switchbox_clock_mux        ; CLOCK_SEGMENT_MUX                                                                                                                                                                                            ;
;   2.852 ;   0.103  ; RR ; RE   ; 1      ; Switchbox_clock_mux_X280_Y43_N0_I105        ; Switchbox_clock_mux        ; CLOCK_SEGMENT_MUX                                                                                                                                                                                            ;
;   2.884 ;   0.032  ; RF ; RE   ; 1      ; Vertical_seam_tap_mux_X280_Y64_N0_I165      ; Vertical_seam_tap_mux      ; CLOCK_SEGMENT_TAP_MUX                                                                                                                                                                                        ;
;   2.950 ;   0.066  ; FR ; RE   ; 1      ; Vertical_seam_tap_mux_X280_Y64_N0_I53       ; Vertical_seam_tap_mux      ; CLOCK_SEGMENT_TAP_MUX                                                                                                                                                                                        ;
;   2.993 ;   0.043  ; RR ; RE   ; 1      ; Switchbox_clock_mux_X280_Y84_N0_I197        ; Switchbox_clock_mux        ; CLOCK_SEGMENT_MUX                                                                                                                                                                                            ;
;   3.090 ;   0.097  ; RR ; RE   ; 1      ; Switchbox_clock_mux_X280_Y84_N0_I105        ; Switchbox_clock_mux        ; CLOCK_SEGMENT_MUX                                                                                                                                                                                            ;
;   3.122 ;   0.032  ; RF ; RE   ; 1      ; Vertical_seam_tap_mux_X280_Y105_N0_I165     ; Vertical_seam_tap_mux      ; CLOCK_SEGMENT_TAP_MUX                                                                                                                                                                                        ;
;   3.187 ;   0.065  ; FR ; RE   ; 1      ; Vertical_seam_tap_mux_X280_Y105_N0_I53      ; Vertical_seam_tap_mux      ; CLOCK_SEGMENT_TAP_MUX                                                                                                                                                                                        ;
;   3.231 ;   0.044  ; RR ; RE   ; 1      ; Switchbox_clock_mux_X280_Y125_N0_I197       ; Switchbox_clock_mux        ; CLOCK_SEGMENT_MUX                                                                                                                                                                                            ;
;   3.327 ;   0.096  ; RR ; RE   ; 1      ; Switchbox_clock_mux_X280_Y125_N0_I105       ; Switchbox_clock_mux        ; CLOCK_SEGMENT_MUX                                                                                                                                                                                            ;
;   3.359 ;   0.032  ; RF ; RE   ; 1      ; Vertical_seam_tap_mux_X280_Y146_N0_I165     ; Vertical_seam_tap_mux      ; CLOCK_SEGMENT_TAP_MUX                                                                                                                                                                                        ;
;   3.424 ;   0.065  ; FR ; RE   ; 1      ; Vertical_seam_tap_mux_X280_Y146_N0_I53      ; Vertical_seam_tap_mux      ; CLOCK_SEGMENT_TAP_MUX                                                                                                                                                                                        ;
;   3.469 ;   0.045  ; RR ; RE   ; 1      ; Switchbox_clock_mux_X280_Y166_N0_I197       ; Switchbox_clock_mux        ; CLOCK_SEGMENT_MUX                                                                                                                                                                                            ;
;   3.677 ;   0.208  ; RR ; RE   ; 1      ; Switchbox_clock_mux_X280_Y166_N0_I106       ; Switchbox_clock_mux        ; CLOCK_SEGMENT_MUX                                                                                                                                                                                            ;
;   3.723 ;   0.046  ; RR ; RE   ; 1      ; Switchbox_clock_mux_X226_Y166_N0_I229       ; Switchbox_clock_mux        ; CLOCK_SEGMENT_MUX                                                                                                                                                                                            ;
;   3.767 ;   0.044  ; RR ; RE   ; 2      ; Switchbox_clock_mux_X226_Y166_N0_I153       ; Switchbox_clock_mux        ; CLOCK_SEGMENT_MUX                                                                                                                                                                                            ;
;   3.862 ;   0.095  ; RR ; RE   ; 1      ; Switchbox_clock_mux_X226_Y166_N0_I103       ; Switchbox_clock_mux        ; CLOCK_SEGMENT_MUX                                                                                                                                                                                            ;
;   3.894 ;   0.032  ; RF ; RE   ; 1      ; Vertical_seam_tap_mux_X226_Y146_N0_I134     ; Vertical_seam_tap_mux      ; CLOCK_SEGMENT_TAP_MUX                                                                                                                                                                                        ;
;   3.960 ;   0.066  ; FR ; RE   ; 1      ; Vertical_seam_tap_mux_X226_Y146_N0_I50      ; Vertical_seam_tap_mux      ; CLOCK_SEGMENT_TAP_MUX                                                                                                                                                                                        ;
;   4.008 ;   0.048  ; RR ; RE   ; 1      ; Switchbox_clock_mux_X226_Y125_N0_I166       ; Switchbox_clock_mux        ; CLOCK_SEGMENT_MUX                                                                                                                                                                                            ;
;   4.103 ;   0.095  ; RR ; RE   ; 1      ; Switchbox_clock_mux_X226_Y125_N0_I103       ; Switchbox_clock_mux        ; CLOCK_SEGMENT_MUX                                                                                                                                                                                            ;
;   4.135 ;   0.032  ; RF ; RE   ; 1      ; Vertical_seam_tap_mux_X226_Y105_N0_I134     ; Vertical_seam_tap_mux      ; CLOCK_SEGMENT_TAP_MUX                                                                                                                                                                                        ;
;   4.201 ;   0.066  ; FR ; RE   ; 1      ; Vertical_seam_tap_mux_X226_Y105_N0_I50      ; Vertical_seam_tap_mux      ; CLOCK_SEGMENT_TAP_MUX                                                                                                                                                                                        ;
;   4.248 ;   0.047  ; RR ; RE   ; 2      ; Switchbox_clock_mux_X226_Y84_N0_I166        ; Switchbox_clock_mux        ; CLOCK_SEGMENT_MUX                                                                                                                                                                                            ;
;   4.467 ;   0.219  ; RR ; RE   ; 1      ; Switchbox_clock_mux_X226_Y84_N0_I102        ; Switchbox_clock_mux        ; CLOCK_SEGMENT_MUX                                                                                                                                                                                            ;
;   4.512 ;   0.045  ; RR ; RE   ; 1      ; Switchbox_clock_mux_X280_Y84_N0_I230        ; Switchbox_clock_mux        ; CLOCK_SEGMENT_MUX                                                                                                                                                                                            ;
;   4.720 ;   0.208  ; RR ; RE   ; 1      ; Switchbox_clock_mux_X280_Y84_N0_I100        ; Switchbox_clock_mux        ; CLOCK_SEGMENT_MUX                                                                                                                                                                                            ;
;   4.766 ;   0.046  ; RR ; RE   ; 2      ; Switchbox_clock_mux_X334_Y84_N0_I230        ; Switchbox_clock_mux        ; CLOCK_SEGMENT_MUX                                                                                                                                                                                            ;
;   4.862 ;   0.096  ; RR ; RE   ; 1      ; Switchbox_clock_mux_X334_Y84_N0_I103        ; Switchbox_clock_mux        ; CLOCK_SEGMENT_MUX                                                                                                                                                                                            ;
;   4.894 ;   0.032  ; RF ; RE   ; 1      ; Vertical_seam_tap_mux_X334_Y64_N0_I134      ; Vertical_seam_tap_mux      ; CLOCK_SEGMENT_TAP_MUX                                                                                                                                                                                        ;
;   4.958 ;   0.064  ; FR ; RE   ; 1      ; Vertical_seam_tap_mux_X334_Y64_N0_I50       ; Vertical_seam_tap_mux      ; CLOCK_SEGMENT_TAP_MUX                                                                                                                                                                                        ;
;   5.005 ;   0.047  ; RR ; RE   ; 2      ; Switchbox_clock_mux_X334_Y43_N0_I166        ; Switchbox_clock_mux        ; CLOCK_SEGMENT_MUX                                                                                                                                                                                            ;
;   5.223 ;   0.218  ; RR ; RE   ; 1      ; Switchbox_clock_mux_X334_Y43_N0_I102        ; Switchbox_clock_mux        ; CLOCK_SEGMENT_MUX                                                                                                                                                                                            ;
;   5.270 ;   0.047  ; RR ; RE   ; 2      ; Switchbox_clock_mux_X280_Y43_N0_I262        ; Switchbox_clock_mux        ; CLOCK_SEGMENT_MUX                                                                                                                                                                                            ;
;   5.373 ;   0.103  ; RR ; RE   ; 1      ; Switchbox_clock_mux_X280_Y43_N0_I101        ; Switchbox_clock_mux        ; CLOCK_SEGMENT_MUX                                                                                                                                                                                            ;
;   5.418 ;   0.045  ; RR ; RE   ; 2      ; Vertical_seam_tap_mux_X280_Y64_N0_I166      ; Vertical_seam_tap_mux      ; CLOCK_SEGMENT_TAP_MUX                                                                                                                                                                                        ;
;   5.515 ;   0.097  ; RR ; RE   ; 1      ; Vertical_seam_tap_mux_X280_Y64_N0_I115      ; Vertical_seam_tap_mux      ; CLOCK_SEGMENT_TAP_MUX                                                                                                                                                                                        ;
;   5.635 ;   0.120  ; RR ; RE   ; 1      ; SPINE_TAP_RE_X253_Y64_N103_I89              ; SPINE_TAP_RE               ; SPINE_TAP_RE                                                                                                                                                                                                 ;
;   5.657 ;   0.022  ; RR ; RE   ; 41     ; SPINE_TAP_RE_X253_Y64_N103_I25              ; SPINE_TAP_RE               ; SPINE_TAP_RE                                                                                                                                                                                                 ;
;   5.915 ;   0.258  ; RR ; RE   ; 2      ; SCLKMUX_RE_X253_Y70_N188_I25                ; SCLKMUX_RE                 ; SCLKMUX_RE                                                                                                                                                                                                   ;
;   5.940 ;   0.025  ; RR ; RE   ; 16     ; SCLKMUX_RE_X253_Y70_N188_I40                ; SCLKMUX_RE                 ; SCLKMUX_RE                                                                                                                                                                                                   ;
;   5.978 ;   0.038  ; RR ; RE   ; 1      ; ROWCLK_TAPOFF_X260_Y70_N0_I3                ; Row Clock Tap-Off          ; ROWCLK_TAPOFF                                                                                                                                                                                                ;
;   6.011 ;   0.033  ; RR ; RE   ; 1      ; GLOBAL_LOCAL_SEL_X260_Y70_N0_I3             ; GLOBAL_LOCAL_SEL           ; GLOBAL_LOCAL_SEL                                                                                                                                                                                             ;
;   6.032 ;   0.021  ; RR ; RE   ; 1      ; RPII_X260_Y70_N0_I3                         ; Programmable Invert Input  ; RPII                                                                                                                                                                                                         ;
;   6.032 ;   0.000  ; RR ; RE   ; 1      ; RPI_X260_Y70_N0_I3                          ; Programmable Invert        ; RPI                                                                                                                                                                                                          ;
;   6.032 ;   0.000  ; RR ; RE   ; 1      ; LAB_RE_X260_Y70_N0_I84                      ; LAB_RE                     ; clkb                                                                                                                                                                                                         ;
;   6.032 ;   0.000  ; RR ; RE   ; 1      ; LAB_RE_X260_Y70_N0_I152                     ; LAB_RE                     ; LAB_RE                                                                                                                                                                                                       ;
;   6.032 ;   0.000  ; RR ; RE   ; 12     ; LEIMCLKALE_X260_Y70_N0_I0                   ; LEIMCLKALE                 ; LEIMCLKALE                                                                                                                                                                                                   ;
;   6.032 ;   0.000  ; RR ; RE   ; 1      ; HYPERFLEX_CLK_M_MUX_X260_Y70_N0_I21         ; Hyperflex clocking network ; HIPI_M_MUX                                                                                                                                                                                                   ;
;   6.032 ;   0.000  ;    ; IC   ; 1      ; BLOCK_INPUT_MUX_PASSTHROUGH_X260_Y70_N0_I19 ; Hyper-Register             ; afu_top|pg_afu.port_gasket|pr_slot|afu_main|port_afu_instances|ofs_plat_afu|core|dma|csr_mgr_inst|Select_0~10xsyn_20_BLOCK_INPUT_MUX_PASSTHROUGH_X260_Y70_N0_I19_dff|clk                                     ;
;   6.032 ;   0.000  ; RR ; CELL ; 1      ; BLOCK_INPUT_MUX_PASSTHROUGH_X260_Y70_N0_I19 ; Hyper-Register             ; afu_top|pg_afu.port_gasket|pr_slot|afu_main|port_afu_instances|ofs_plat_afu|core|dma|csr_mgr_inst|Select_0~10xsyn_20_BLOCK_INPUT_MUX_PASSTHROUGH_X260_Y70_N0_I19_dff                                         ;
;   7.206 ;   1.174  ;    ;      ;        ;                                             ;                            ; clock pessimism removed                                                                                                                                                                                      ;
;   7.171 ;   -0.035 ;    ;      ;        ;                                             ;                            ; advanced clock effects                                                                                                                                                                                       ;
; 7.141   ; -0.030   ;    ;      ;        ;                                             ;                            ; clock uncertainty                                                                                                                                                                                            ;
; 7.271   ; 0.130    ;    ; uTsu ; 1      ; BLOCK_INPUT_MUX_PASSTHROUGH_X260_Y70_N0_I19 ; Hyper-Register             ; afu_top|pg_afu.port_gasket|pr_slot|afu_main|port_afu_instances|ofs_plat_afu|core|dma|csr_mgr_inst|Select_0~10xsyn_20_BLOCK_INPUT_MUX_PASSTHROUGH_X260_Y70_N0_I19_dff                                         ;
+---------+----------+----+------+--------+---------------------------------------------+----------------------------+--------------------------------------------------------------------------------------------------------------------------------------------------------------------------------------------------------------+


Path #2: Setup slack is 0.956 
===============================================================================
+--------------------------------------------------------------------------------------------------------------------------------------------------------------------------------------------------------+
; Path Summary                                                                                                                                                                                           ;
+---------------------------------+----------------------------------------------------------------------------------------------------------------------------------------------------------------------+
; Property                        ; Value                                                                                                                                                                ;
+---------------------------------+----------------------------------------------------------------------------------------------------------------------------------------------------------------------+
; From Node                       ; afu_top|pg_afu.port_gasket|pr_slot|afu_main|port_afu_instances|ofs_plat_afu|core|dma|csr_mgr_inst|i2852~0xsyn_BLOCK_INPUT_MUX_PASSTHROUGH_X260_Y70_N0_I20_dff        ;
; To Node                         ; afu_top|pg_afu.port_gasket|pr_slot|afu_main|port_afu_instances|ofs_plat_afu|core|dma|csr_mgr_inst|Select_0~10xsyn_20_BLOCK_INPUT_MUX_PASSTHROUGH_X260_Y70_N0_I10_dff ;
; Launch Clock                    ; local_mem_wrapper|mem_ss_top|mem_ss_sv|mem_ss|mem_ss|emif_0|emif_0_core_usr_clk                                                                                      ;
; Latch Clock                     ; local_mem_wrapper|mem_ss_top|mem_ss_sv|mem_ss|mem_ss|emif_0|emif_0_core_usr_clk                                                                                      ;
; SDC Exception                   ; No SDC Exception on Path                                                                                                                                             ;
; Data Arrival Time               ; 6.315                                                                                                                                                                ;
; Data Required Time              ; 7.271                                                                                                                                                                ;
; Slack                           ; 0.956                                                                                                                                                                ;
; Worst-Case Operating Conditions ; Slow vid2 100C Model                                                                                                                                                 ;
+---------------------------------+----------------------------------------------------------------------------------------------------------------------------------------------------------------------+

+--------------------------------------------------------------------------------------+
; Statistics                                                                           ;
+------------------------+--------+-------+-------------+------------+--------+--------+
; Property               ; Value  ; Count ; Total Delay ; % of Total ; Min    ; Max    ;
+------------------------+--------+-------+-------------+------------+--------+--------+
; Setup Relationship     ; 3.000  ;       ;             ;            ;        ;        ;
; Clock Skew             ; -0.035 ;       ;             ;            ;        ;        ;
; Data Delay             ; 2.109  ;       ;             ;            ;        ;        ;
; Number of Logic Levels ;        ; 5     ;             ;            ;        ;        ;
; Physical Delays        ;        ;       ;             ;            ;        ;        ;
;  Arrival Path          ;        ;       ;             ;            ;        ;        ;
;   Clock                ;        ;       ;             ;            ;        ;        ;
;    IC                  ;        ; 3     ; 0.000       ; 0          ; 0.000  ; 0.000  ;
;    Cell                ;        ; 15    ; 3.475       ; 45         ; 0.000  ; 1.131  ;
;    PLL Compensation    ;        ; 2     ; -3.497      ; 0          ; -2.694 ; -0.803 ;
;    Routing Element     ;        ; 58    ; 4.228       ; 55         ; 0.000  ; 0.295  ;
;   Data                 ;        ;       ;             ;            ;        ;        ;
;    IC                  ;        ; 7     ; 0.000       ; 0          ; 0.000  ; 0.000  ;
;    Cell                ;        ; 9     ; 0.884       ; 42         ; 0.000  ; 0.179  ;
;    uTco                ;        ; 1     ; 0.257       ; 12         ; 0.257  ; 0.257  ;
;    Routing Element     ;        ; 41    ; 0.968       ; 46         ; 0.000  ; 0.100  ;
;  Required Path         ;        ;       ;             ;            ;        ;        ;
;   Clock                ;        ;       ;             ;            ;        ;        ;
;    IC                  ;        ; 3     ; 0.000       ; 0          ; 0.000  ; 0.000  ;
;    Cell                ;        ; 15    ; 3.021       ; 44         ; 0.000  ; 0.961  ;
;    PLL Compensation    ;        ; 2     ; -3.822      ; 0          ; -2.907 ; -0.915 ;
;    Routing Element     ;        ; 58    ; 3.833       ; 56         ; 0.000  ; 0.258  ;
+------------------------+--------+-------+-------------+------------+--------+--------+
Note: Negative delays are omitted from totals when calculating percentages

+------------------------------------------------------------------------------------------------------------------------------------------------------------------------------------------------------------------------------------------------------------------------------------------------------------------------------------+
; Data Arrival Path                                                                                                                                                                                                                                                                                                                  ;
+----------+----------+----+------+--------+---------------------------------------------+----------------------------+--------------------------------------------------------------------------------------------------------------------------------------------------------------------------------------------------------------+
; Total    ; Incr     ; RF ; Type ; Fanout ; Location                                    ; Element Type               ; Element                                                                                                                                                                                                      ;
+----------+----------+----+------+--------+---------------------------------------------+----------------------------+--------------------------------------------------------------------------------------------------------------------------------------------------------------------------------------------------------------+
; 0.000    ; 0.000    ;    ;      ;        ;                                             ;                            ; launch edge time                                                                                                                                                                                             ;
; 4.206    ; 4.206    ;    ;      ;        ;                                             ;                            ; clock path                                                                                                                                                                                                   ;
;   0.000  ;   0.000  ;    ;      ;        ;                                             ;                            ; source latency                                                                                                                                                                                               ;
;   0.000  ;   0.000  ;    ;      ; 1      ; PIN_HF23                                    ; I/O pad                    ; ddr4_mem_ref_clk[0].clk                                                                                                                                                                                      ;
;   0.000  ;   0.000  ;    ; IC   ; 1      ; IOIBUF_X280_Y0_N376                         ; I/O input buffer           ; ddr4_mem_ref_clk[0].clk~input|i                                                                                                                                                                              ;
;   0.129  ;   0.129  ; RR ; CELL ; 2      ; IOIBUF_X280_Y0_N376                         ; I/O input buffer           ; ddr4_mem_ref_clk[0].clk~input|o                                                                                                                                                                              ;
;   1.260  ;   1.131  ; RR ; CELL ; 1      ; REFCLKINPUT_X281_Y0_N301                    ; I/O reference clock tree   ; local_mem_wrapper|mem_ss_top|mem_ss_sv|mem_ss|mem_ss|emif_0|emif_0|arch|arch_inst|pll_inst|pll_inst~refclk|ref_clk_in                                                                                        ;
;   1.451  ;   0.191  ; RR ; CELL ; 3      ; REFCLKINPUT_X281_Y0_N301                    ; I/O reference clock tree   ; local_mem_wrapper|mem_ss_top|mem_ss_sv|mem_ss|mem_ss|emif_0|emif_0|arch|arch_inst|pll_inst|pll_inst~refclk|ref0_to_btm                                                                                       ;
;   1.999  ;   0.548  ; RR ; CELL ; 1      ; REFCLKINPUT_X281_Y0_N301                    ; I/O reference clock tree   ; local_mem_wrapper|mem_ss_top|mem_ss_sv|mem_ss|mem_ss|emif_0|emif_0|arch|arch_inst|pll_inst|pll_inst~refclk|clk_out                                                                                           ;
;   1.999  ;   0.000  ; RR ; CELL ; 1      ; IOPLL_X281_Y0_N303                          ; IOPLL                      ; local_mem_wrapper|mem_ss_top|mem_ss_sv|mem_ss|mem_ss|emif_0|emif_0|arch|arch_inst|pll_inst|pll_inst|pll_cascade_in                                                                                           ;
;   2.220  ;   0.221  ; RR ; CELL ; 2      ; IOPLL_X281_Y0_N303                          ; IOPLL                      ; local_mem_wrapper|mem_ss_top|mem_ss_sv|mem_ss|mem_ss|emif_0|emif_0|arch|arch_inst|pll_inst|pll_inst~fmio96fs_wr/x0/fmio96_core_inst/fmio48tile_top/x5/u4_3/x0/xiopll_custom/xclkin_sw/xpm_pll_so/clk[0]      ;
;   2.416  ;   0.196  ; RR ; CELL ; 2      ; IOPLL_X281_Y0_N303                          ; IOPLL                      ; local_mem_wrapper|mem_ss_top|mem_ss_sv|mem_ss|mem_ss|emif_0|emif_0|arch|arch_inst|pll_inst|pll_inst~fmio96fs_wr/x0/fmio96_core_inst/fmio48tile_top/x5/u4_3/x0/xiopll_custom/xiopll_core/xncnt_iopll/clk      ;
;   2.596  ;   0.180  ; RR ; CELL ; 3      ; IOPLL_X281_Y0_N303                          ; IOPLL                      ; local_mem_wrapper|mem_ss_top|mem_ss_sv|mem_ss|mem_ss|emif_0|emif_0|arch|arch_inst|pll_inst|pll_inst~pllnout                                                                                                  ;
;   2.745  ;   0.149  ; RF ; CELL ; 1      ; IOPLL_X281_Y0_N303                          ; IOPLL                      ; local_mem_wrapper|mem_ss_top|mem_ss_sv|mem_ss|mem_ss|emif_0|emif_0|arch|arch_inst|pll_inst|pll_inst~vco_refclk                                                                                               ;
;   2.757  ;   0.012  ; FR ; CELL ; 1      ; IOPLL_X281_Y0_N303                          ; IOPLL                      ; local_mem_wrapper|mem_ss_top|mem_ss_sv|mem_ss|mem_ss|emif_0|emif_0|arch|arch_inst|pll_inst|pll_inst~vctrl                                                                                                    ;
;   1.954  ;   -0.803 ; RR ; COMP ; 1      ; IOPLL_X281_Y0_N303                          ; IOPLL                      ; local_mem_wrapper|mem_ss_top|mem_ss_sv|mem_ss|mem_ss|emif_0|emif_0|arch|arch_inst|pll_inst|pll_inst~vcoph[0]                                                                                                 ;
;   1.954  ;   0.000  ; RR ; CELL ; 10     ; IOPLL_X281_Y0_N303                          ; IOPLL                      ; local_mem_wrapper|mem_ss_top|mem_ss_sv|mem_ss|mem_ss|emif_0|emif_0|arch|arch_inst|pll_inst|pll_inst|vcoph[0]                                                                                                 ;
;   1.954  ;   0.000  ; RR ; CELL ; 3      ; TILECTRL_X281_Y0_N298                       ; I/O tile control logic     ; local_mem_wrapper|mem_ss_top|mem_ss_sv|mem_ss|mem_ss|emif_0|emif_0|arch|arch_inst|io_tiles_wrap_inst|io_tiles_inst|tile_gen[1].tile_ctrl_inst|pll_vco_in[0]                                                  ;
;   -0.740 ;   -2.694 ; RR ; COMP ; 1      ; TILECTRL_X281_Y0_N298                       ; I/O tile control logic     ; local_mem_wrapper|mem_ss_top|mem_ss_sv|mem_ss|mem_ss|emif_0|emif_0|arch|arch_inst|io_tiles_wrap_inst|io_tiles_inst|tile_gen[1].tile_ctrl_inst|pa_core_clk_out[0]                                             ;
;   -0.022 ;   0.718  ; RR ; CELL ; 16258  ; TILECTRL_X281_Y0_N298                       ; I/O tile control logic     ; local_mem_wrapper|mem_ss_top|mem_ss_sv|mem_ss|mem_ss|emif_0|emif_0|arch|arch_inst|io_tiles_wrap_inst|io_tiles_inst|tile_gen[1].tile_ctrl_inst~fmio96fs_wr/m32_0_29__iophasealignment_to_dcm__core_clk_out[1] ;
;   -0.022 ;   0.000  ;    ; IC   ; 1      ; Boundary Port                               ; N/A                        ; afu_top|pg_afu.port_gasket|pr_slot|afu_main|ext_mem_if[0].clk|input                                                                                                                                          ;
;   -0.022 ;   0.000  ; RR ; CELL ; 105325 ; Boundary Port                               ; N/A                        ; afu_top|pg_afu.port_gasket|pr_slot|afu_main|ext_mem_if[0].clk                                                                                                                                                ;
;   -0.022 ;   0.000  ; RR ; RE   ; 1      ; TILECTRL_X281_Y0_N298                       ; I/O tile control logic     ; TILE_CTRL                                                                                                                                                                                                    ;
;   0.052  ;   0.074  ; RR ; RE   ; 1      ; IO96FSWRRE_X280_Y0_N0_I3537                 ; IO96FS_WR_RE               ; IO96FS_WR_RE                                                                                                                                                                                                 ;
;   0.156  ;   0.104  ; RR ; RE   ; 1      ; DCM_mux_X307_Y2_N0_I29                      ; DCM_mux                    ; CC_DCM_GMUX_RE                                                                                                                                                                                               ;
;   0.234  ;   0.078  ; RR ; RE   ; 1      ; IO_P2C_RE_X280_Y2_N150_I75                  ; IO_P2C_RE                  ; IO_P2C_RE                                                                                                                                                                                                    ;
;   0.262  ;   0.028  ; RR ; RE   ; 1      ; IO_P2C_RE_X280_Y2_N150_I26                  ; IO_P2C_RE                  ; IO_P2C_RE                                                                                                                                                                                                    ;
;   0.315  ;   0.053  ; RR ; RE   ; 1      ; Switchbox_clock_mux_X280_Y2_N0_I197         ; Switchbox_clock_mux        ; CLOCK_SEGMENT_MUX                                                                                                                                                                                            ;
;   0.428  ;   0.113  ; RR ; RE   ; 1      ; Switchbox_clock_mux_X280_Y2_N0_I105         ; Switchbox_clock_mux        ; CLOCK_SEGMENT_MUX                                                                                                                                                                                            ;
;   0.464  ;   0.036  ; RF ; RE   ; 1      ; Vertical_seam_tap_mux_X280_Y23_N0_I165      ; Vertical_seam_tap_mux      ; CLOCK_SEGMENT_TAP_MUX                                                                                                                                                                                        ;
;   0.534  ;   0.070  ; FR ; RE   ; 1      ; Vertical_seam_tap_mux_X280_Y23_N0_I53       ; Vertical_seam_tap_mux      ; CLOCK_SEGMENT_TAP_MUX                                                                                                                                                                                        ;
;   0.584  ;   0.050  ; RR ; RE   ; 1      ; Switchbox_clock_mux_X280_Y43_N0_I197        ; Switchbox_clock_mux        ; CLOCK_SEGMENT_MUX                                                                                                                                                                                            ;
;   0.696  ;   0.112  ; RR ; RE   ; 1      ; Switchbox_clock_mux_X280_Y43_N0_I105        ; Switchbox_clock_mux        ; CLOCK_SEGMENT_MUX                                                                                                                                                                                            ;
;   0.732  ;   0.036  ; RF ; RE   ; 1      ; Vertical_seam_tap_mux_X280_Y64_N0_I165      ; Vertical_seam_tap_mux      ; CLOCK_SEGMENT_TAP_MUX                                                                                                                                                                                        ;
;   0.802  ;   0.070  ; FR ; RE   ; 1      ; Vertical_seam_tap_mux_X280_Y64_N0_I53       ; Vertical_seam_tap_mux      ; CLOCK_SEGMENT_TAP_MUX                                                                                                                                                                                        ;
;   0.852  ;   0.050  ; RR ; RE   ; 1      ; Switchbox_clock_mux_X280_Y84_N0_I197        ; Switchbox_clock_mux        ; CLOCK_SEGMENT_MUX                                                                                                                                                                                            ;
;   0.956  ;   0.104  ; RR ; RE   ; 1      ; Switchbox_clock_mux_X280_Y84_N0_I105        ; Switchbox_clock_mux        ; CLOCK_SEGMENT_MUX                                                                                                                                                                                            ;
;   0.992  ;   0.036  ; RF ; RE   ; 1      ; Vertical_seam_tap_mux_X280_Y105_N0_I165     ; Vertical_seam_tap_mux      ; CLOCK_SEGMENT_TAP_MUX                                                                                                                                                                                        ;
;   1.062  ;   0.070  ; FR ; RE   ; 1      ; Vertical_seam_tap_mux_X280_Y105_N0_I53      ; Vertical_seam_tap_mux      ; CLOCK_SEGMENT_TAP_MUX                                                                                                                                                                                        ;
;   1.112  ;   0.050  ; RR ; RE   ; 1      ; Switchbox_clock_mux_X280_Y125_N0_I197       ; Switchbox_clock_mux        ; CLOCK_SEGMENT_MUX                                                                                                                                                                                            ;
;   1.216  ;   0.104  ; RR ; RE   ; 1      ; Switchbox_clock_mux_X280_Y125_N0_I105       ; Switchbox_clock_mux        ; CLOCK_SEGMENT_MUX                                                                                                                                                                                            ;
;   1.252  ;   0.036  ; RF ; RE   ; 1      ; Vertical_seam_tap_mux_X280_Y146_N0_I165     ; Vertical_seam_tap_mux      ; CLOCK_SEGMENT_TAP_MUX                                                                                                                                                                                        ;
;   1.323  ;   0.071  ; FR ; RE   ; 1      ; Vertical_seam_tap_mux_X280_Y146_N0_I53      ; Vertical_seam_tap_mux      ; CLOCK_SEGMENT_TAP_MUX                                                                                                                                                                                        ;
;   1.373  ;   0.050  ; RR ; RE   ; 1      ; Switchbox_clock_mux_X280_Y166_N0_I197       ; Switchbox_clock_mux        ; CLOCK_SEGMENT_MUX                                                                                                                                                                                            ;
;   1.599  ;   0.226  ; RR ; RE   ; 1      ; Switchbox_clock_mux_X280_Y166_N0_I106       ; Switchbox_clock_mux        ; CLOCK_SEGMENT_MUX                                                                                                                                                                                            ;
;   1.650  ;   0.051  ; RR ; RE   ; 1      ; Switchbox_clock_mux_X226_Y166_N0_I229       ; Switchbox_clock_mux        ; CLOCK_SEGMENT_MUX                                                                                                                                                                                            ;
;   1.699  ;   0.049  ; RR ; RE   ; 2      ; Switchbox_clock_mux_X226_Y166_N0_I153       ; Switchbox_clock_mux        ; CLOCK_SEGMENT_MUX                                                                                                                                                                                            ;
;   1.803  ;   0.104  ; RR ; RE   ; 1      ; Switchbox_clock_mux_X226_Y166_N0_I103       ; Switchbox_clock_mux        ; CLOCK_SEGMENT_MUX                                                                                                                                                                                            ;
;   1.839  ;   0.036  ; RF ; RE   ; 1      ; Vertical_seam_tap_mux_X226_Y146_N0_I134     ; Vertical_seam_tap_mux      ; CLOCK_SEGMENT_TAP_MUX                                                                                                                                                                                        ;
;   1.910  ;   0.071  ; FR ; RE   ; 1      ; Vertical_seam_tap_mux_X226_Y146_N0_I50      ; Vertical_seam_tap_mux      ; CLOCK_SEGMENT_TAP_MUX                                                                                                                                                                                        ;
;   1.964  ;   0.054  ; RR ; RE   ; 1      ; Switchbox_clock_mux_X226_Y125_N0_I166       ; Switchbox_clock_mux        ; CLOCK_SEGMENT_MUX                                                                                                                                                                                            ;
;   2.067  ;   0.103  ; RR ; RE   ; 1      ; Switchbox_clock_mux_X226_Y125_N0_I103       ; Switchbox_clock_mux        ; CLOCK_SEGMENT_MUX                                                                                                                                                                                            ;
;   2.103  ;   0.036  ; RF ; RE   ; 1      ; Vertical_seam_tap_mux_X226_Y105_N0_I134     ; Vertical_seam_tap_mux      ; CLOCK_SEGMENT_TAP_MUX                                                                                                                                                                                        ;
;   2.174  ;   0.071  ; FR ; RE   ; 1      ; Vertical_seam_tap_mux_X226_Y105_N0_I50      ; Vertical_seam_tap_mux      ; CLOCK_SEGMENT_TAP_MUX                                                                                                                                                                                        ;
;   2.227  ;   0.053  ; RR ; RE   ; 2      ; Switchbox_clock_mux_X226_Y84_N0_I166        ; Switchbox_clock_mux        ; CLOCK_SEGMENT_MUX                                                                                                                                                                                            ;
;   2.465  ;   0.238  ; RR ; RE   ; 1      ; Switchbox_clock_mux_X226_Y84_N0_I102        ; Switchbox_clock_mux        ; CLOCK_SEGMENT_MUX                                                                                                                                                                                            ;
;   2.516  ;   0.051  ; RR ; RE   ; 1      ; Switchbox_clock_mux_X280_Y84_N0_I230        ; Switchbox_clock_mux        ; CLOCK_SEGMENT_MUX                                                                                                                                                                                            ;
;   2.742  ;   0.226  ; RR ; RE   ; 1      ; Switchbox_clock_mux_X280_Y84_N0_I100        ; Switchbox_clock_mux        ; CLOCK_SEGMENT_MUX                                                                                                                                                                                            ;
;   2.794  ;   0.052  ; RR ; RE   ; 2      ; Switchbox_clock_mux_X334_Y84_N0_I230        ; Switchbox_clock_mux        ; CLOCK_SEGMENT_MUX                                                                                                                                                                                            ;
;   2.898  ;   0.104  ; RR ; RE   ; 1      ; Switchbox_clock_mux_X334_Y84_N0_I103        ; Switchbox_clock_mux        ; CLOCK_SEGMENT_MUX                                                                                                                                                                                            ;
;   2.934  ;   0.036  ; RF ; RE   ; 1      ; Vertical_seam_tap_mux_X334_Y64_N0_I134      ; Vertical_seam_tap_mux      ; CLOCK_SEGMENT_TAP_MUX                                                                                                                                                                                        ;
;   3.003  ;   0.069  ; FR ; RE   ; 1      ; Vertical_seam_tap_mux_X334_Y64_N0_I50       ; Vertical_seam_tap_mux      ; CLOCK_SEGMENT_TAP_MUX                                                                                                                                                                                        ;
;   3.056  ;   0.053  ; RR ; RE   ; 2      ; Switchbox_clock_mux_X334_Y43_N0_I166        ; Switchbox_clock_mux        ; CLOCK_SEGMENT_MUX                                                                                                                                                                                            ;
;   3.293  ;   0.237  ; RR ; RE   ; 1      ; Switchbox_clock_mux_X334_Y43_N0_I102        ; Switchbox_clock_mux        ; CLOCK_SEGMENT_MUX                                                                                                                                                                                            ;
;   3.346  ;   0.053  ; RR ; RE   ; 2      ; Switchbox_clock_mux_X280_Y43_N0_I262        ; Switchbox_clock_mux        ; CLOCK_SEGMENT_MUX                                                                                                                                                                                            ;
;   3.458  ;   0.112  ; RR ; RE   ; 1      ; Switchbox_clock_mux_X280_Y43_N0_I101        ; Switchbox_clock_mux        ; CLOCK_SEGMENT_MUX                                                                                                                                                                                            ;
;   3.509  ;   0.051  ; RR ; RE   ; 2      ; Vertical_seam_tap_mux_X280_Y64_N0_I166      ; Vertical_seam_tap_mux      ; CLOCK_SEGMENT_TAP_MUX                                                                                                                                                                                        ;
;   3.614  ;   0.105  ; RR ; RE   ; 1      ; Vertical_seam_tap_mux_X280_Y64_N0_I115      ; Vertical_seam_tap_mux      ; CLOCK_SEGMENT_TAP_MUX                                                                                                                                                                                        ;
;   3.750  ;   0.136  ; RR ; RE   ; 1      ; SPINE_TAP_RE_X253_Y64_N103_I89              ; SPINE_TAP_RE               ; SPINE_TAP_RE                                                                                                                                                                                                 ;
;   3.773  ;   0.023  ; RR ; RE   ; 41     ; SPINE_TAP_RE_X253_Y64_N103_I25              ; SPINE_TAP_RE               ; SPINE_TAP_RE                                                                                                                                                                                                 ;
;   4.068  ;   0.295  ; RR ; RE   ; 2      ; SCLKMUX_RE_X253_Y70_N188_I25                ; SCLKMUX_RE                 ; SCLKMUX_RE                                                                                                                                                                                                   ;
;   4.094  ;   0.026  ; RR ; RE   ; 16     ; SCLKMUX_RE_X253_Y70_N188_I40                ; SCLKMUX_RE                 ; SCLKMUX_RE                                                                                                                                                                                                   ;
;   4.137  ;   0.043  ; RR ; RE   ; 1      ; ROWCLK_TAPOFF_X260_Y70_N0_I3                ; Row Clock Tap-Off          ; ROWCLK_TAPOFF                                                                                                                                                                                                ;
;   4.180  ;   0.043  ; RR ; RE   ; 1      ; GLOBAL_LOCAL_SEL_X260_Y70_N0_I3             ; GLOBAL_LOCAL_SEL           ; GLOBAL_LOCAL_SEL                                                                                                                                                                                             ;
;   4.206  ;   0.026  ; RR ; RE   ; 1      ; RPII_X260_Y70_N0_I3                         ; Programmable Invert Input  ; RPII                                                                                                                                                                                                         ;
;   4.206  ;   0.000  ; RR ; RE   ; 1      ; RPI_X260_Y70_N0_I3                          ; Programmable Invert        ; RPI                                                                                                                                                                                                          ;
;   4.206  ;   0.000  ; RR ; RE   ; 1      ; LAB_RE_X260_Y70_N0_I84                      ; LAB_RE                     ; clkb                                                                                                                                                                                                         ;
;   4.206  ;   0.000  ; RR ; RE   ; 1      ; LAB_RE_X260_Y70_N0_I152                     ; LAB_RE                     ; LAB_RE                                                                                                                                                                                                       ;
;   4.206  ;   0.000  ; RR ; RE   ; 12     ; LEIMCLKALE_X260_Y70_N0_I0                   ; LEIMCLKALE                 ; LEIMCLKALE                                                                                                                                                                                                   ;
;   4.206  ;   0.000  ; RR ; RE   ; 1      ; HYPERFLEX_CLK_M_MUX_X260_Y70_N0_I22         ; Hyperflex clocking network ; HIPI_M_MUX                                                                                                                                                                                                   ;
;   4.206  ;   0.000  ;    ; IC   ; 1      ; BLOCK_INPUT_MUX_PASSTHROUGH_X260_Y70_N0_I20 ; Hyper-Register             ; afu_top|pg_afu.port_gasket|pr_slot|afu_main|port_afu_instances|ofs_plat_afu|core|dma|csr_mgr_inst|i2852~0xsyn_BLOCK_INPUT_MUX_PASSTHROUGH_X260_Y70_N0_I20_dff|clk                                            ;
;   4.206  ;   0.000  ; RR ; CELL ; 1      ; BLOCK_INPUT_MUX_PASSTHROUGH_X260_Y70_N0_I20 ; Hyper-Register             ; afu_top|pg_afu.port_gasket|pr_slot|afu_main|port_afu_instances|ofs_plat_afu|core|dma|csr_mgr_inst|i2852~0xsyn_BLOCK_INPUT_MUX_PASSTHROUGH_X260_Y70_N0_I20_dff                                                ;
; 6.315    ; 2.109    ;    ;      ;        ;                                             ;                            ; data path                                                                                                                                                                                                    ;
;   4.463  ;   0.257  ; RR ; uTco ; 1      ; BLOCK_INPUT_MUX_PASSTHROUGH_X260_Y70_N0_I20 ; Hyper-Register             ; afu_top|pg_afu.port_gasket|pr_slot|afu_main|port_afu_instances|ofs_plat_afu|core|dma|csr_mgr_inst|i2852~0xsyn_BLOCK_INPUT_MUX_PASSTHROUGH_X260_Y70_N0_I20_dff|q                                              ;
;   4.463  ;   0.000  ; RR ; RE   ; 1      ; BLOCK_INPUT_MUX_PASSTHROUGH_X260_Y70_N0_I20 ; Hyper-Register             ; LEIM                                                                                                                                                                                                         ;
;   4.464  ;   0.001  ; RR ; RE   ; 1      ; BLOCK_INPUT_MUX_PASSTHROUGH_X260_Y70_N0_I20 ; Block Input Mux            ; LEIM                                                                                                                                                                                                         ;
;   4.464  ;   0.000  ; RR ; RE   ; 1      ; LAB_RE_X260_Y70_N0_I19                      ; LAB_RE                     ; leima[2]                                                                                                                                                                                                     ;
;   4.464  ;   0.000  ;    ; IC   ; 1      ; MLABCELL_X260_Y70_N15                       ; Combinational cell         ; afu_top|pg_afu.port_gasket|pr_slot|afu_main|port_afu_instances|ofs_plat_afu|core|dma|csr_mgr_inst|i2852~0|dataa                                                                                              ;
;   4.589  ;   0.125  ; RR ; CELL ; 4      ; MLABCELL_X260_Y70_N15                       ; Combinational cell         ; afu_top|pg_afu.port_gasket|pr_slot|afu_main|port_afu_instances|ofs_plat_afu|core|dma|csr_mgr_inst|i2852~0|combout                                                                                            ;
;   4.666  ;   0.077  ; RF ; CELL ; 5      ; MLABCELL_X260_Y70_N15                       ; Combinational cell         ; afu_top|pg_afu.port_gasket|pr_slot|afu_main|port_afu_instances|ofs_plat_afu|core|dma|csr_mgr_inst|i2852~0~cw_ml_mlab/laboutt[8]                                                                              ;
;   4.666  ;   0.000  ; FF ; RE   ; 1      ; MLABCELL_X260_Y70_N15                       ; Combinational cell         ; MP_MLAB_COMB                                                                                                                                                                                                 ;
;   4.672  ;   0.006  ; FF ; RE   ; 1      ; LAB_RE_X260_Y70_N0_I97                      ; LAB_RE                     ; LAB_RE                                                                                                                                                                                                       ;
;   4.764  ;   0.092  ; FF ; RE   ; 1      ; C4_X260_Y66_N0_I9                           ; C4 interconnect            ; V4                                                                                                                                                                                                           ;
;   4.818  ;   0.054  ; FF ; RE   ; 1      ; R1_X260_Y66_N0_I11                          ; R1 interconnect            ; H1                                                                                                                                                                                                           ;
;   4.856  ;   0.038  ; FR ; RE   ; 1      ; LOCAL_INTERCONNECT_X259_Y66_N0_I25          ; Block interconnect         ; LAB_LINE                                                                                                                                                                                                     ;
;   4.897  ;   0.041  ; RF ; RE   ; 1      ; BLOCK_INPUT_MUX_PASSTHROUGH_X259_Y66_N0_I82 ; Block Input Mux            ; LEIM                                                                                                                                                                                                         ;
;   4.897  ;   0.000  ; FF ; RE   ; 5      ; LAB_RE_X259_Y66_N0_I80                      ; LAB_RE                     ; lsim[0]                                                                                                                                                                                                      ;
;   4.897  ;   0.000  ;    ; IC   ; 2      ; FF_X259_Y66_N13                             ; Bypassed ALM Register      ; afu_top|pg_afu.port_gasket|pr_slot|afu_main|port_afu_instances|ofs_plat_afu|core|dma|csr_mgr_inst|dma_csr_map.descriptor.length[14]~DUPLICATE.comb|ena                                                       ;
;   5.074  ;   0.177  ; FR ; CELL ; 4      ; FF_X259_Y66_N13                             ; Bypassed ALM Register      ; afu_top|pg_afu.port_gasket|pr_slot|afu_main|port_afu_instances|ofs_plat_afu|core|dma|csr_mgr_inst|dma_csr_map.descriptor.length[14]~DUPLICATE.comb|q                                                         ;
;   5.074  ;   0.000  ; RR ; RE   ; 1      ; FF_X259_Y66_N13                             ; Bypassed ALM Register      ; FF                                                                                                                                                                                                           ;
;   5.083  ;   0.009  ; RR ; RE   ; 3      ; LAB_RE_X259_Y66_N0_I97                      ; LAB_RE                     ; LAB_RE                                                                                                                                                                                                       ;
;   5.133  ;   0.050  ; RR ; RE   ; 1      ; C1_X259_Y66_N0_I8                           ; C1 interconnect            ; V1                                                                                                                                                                                                           ;
;   5.167  ;   0.034  ; RR ; RE   ; 1      ; C1_X259_Y67_N0_I8                           ; C1 interconnect            ; V1                                                                                                                                                                                                           ;
;   5.240  ;   0.073  ; RR ; RE   ; 1      ; C1_X259_Y68_N0_I8                           ; C1 interconnect            ; V1                                                                                                                                                                                                           ;
;   5.274  ;   0.034  ; RF ; RE   ; 4      ; LOCAL_INTERCONNECT_X259_Y69_N0_I20          ; Block interconnect         ; LAB_LINE                                                                                                                                                                                                     ;
;   5.304  ;   0.030  ; FR ; RE   ; 1      ; BLOCK_INPUT_MUX_PASSTHROUGH_X259_Y69_N0_I23 ; Block Input Mux            ; LEIM                                                                                                                                                                                                         ;
;   5.304  ;   0.000  ; RR ; RE   ; 1      ; LAB_RE_X259_Y69_N0_I17                      ; LAB_RE                     ; leimd0[2]                                                                                                                                                                                                    ;
;   5.304  ;   0.000  ;    ; IC   ; 1      ; LABCELL_X259_Y69_N15                        ; Combinational cell         ; afu_top|pg_afu.port_gasket|pr_slot|afu_main|port_afu_instances|ofs_plat_afu|core|dma|csr_mgr_inst|LessThan_3~2|datad                                                                                         ;
;   5.378  ;   0.074  ; RF ; CELL ; 2      ; LABCELL_X259_Y69_N15                        ; Combinational cell         ; afu_top|pg_afu.port_gasket|pr_slot|afu_main|port_afu_instances|ofs_plat_afu|core|dma|csr_mgr_inst|LessThan_3~2|combout                                                                                       ;
;   5.378  ;   0.000  ; FF ; RE   ; 1      ; LABCELL_X259_Y69_N15                        ; Combinational cell         ; MP_LAB_COMB                                                                                                                                                                                                  ;
;   5.381  ;   0.003  ; FF ; RE   ; 1      ; LAB_RE_X259_Y69_N0_I136                     ; LAB_RE                     ; LAB_RE                                                                                                                                                                                                       ;
;   5.425  ;   0.044  ; FR ; RE   ; 3      ; LOCAL_INTERCONNECT_X259_Y69_N0_I19          ; Block interconnect         ; LAB_LINE                                                                                                                                                                                                     ;
;   5.460  ;   0.035  ; RF ; RE   ; 1      ; BLOCK_INPUT_MUX_PASSTHROUGH_X259_Y69_N0_I76 ; Block Input Mux            ; LEIM                                                                                                                                                                                                         ;
;   5.460  ;   0.000  ; FF ; RE   ; 1      ; LAB_RE_X259_Y69_N0_I75                      ; LAB_RE                     ; leima[9]                                                                                                                                                                                                     ;
;   5.460  ;   0.000  ;    ; IC   ; 1      ; LABCELL_X259_Y69_N57                        ; Combinational cell         ; afu_top|pg_afu.port_gasket|pr_slot|afu_main|port_afu_instances|ofs_plat_afu|core|dma|csr_mgr_inst|i919~41xsyn_48|dataa                                                                                       ;
;   5.639  ;   0.179  ; FR ; CELL ; 1      ; LABCELL_X259_Y69_N57                        ; Combinational cell         ; afu_top|pg_afu.port_gasket|pr_slot|afu_main|port_afu_instances|ofs_plat_afu|core|dma|csr_mgr_inst|i919~41xsyn_48|combout                                                                                     ;
;   5.639  ;   0.000  ; RR ; RE   ; 1      ; LABCELL_X259_Y69_N57                        ; Combinational cell         ; MP_LAB_COMB                                                                                                                                                                                                  ;
;   5.645  ;   0.006  ; RR ; RE   ; 1      ; LAB_RE_X259_Y69_N0_I126                     ; LAB_RE                     ; LAB_RE                                                                                                                                                                                                       ;
;   5.683  ;   0.038  ; RR ; RE   ; 1      ; R1_X259_Y69_N0_I39                          ; R1 interconnect            ; H1                                                                                                                                                                                                           ;
;   5.711  ;   0.028  ; RF ; RE   ; 1      ; LOCAL_INTERCONNECT_X258_Y69_N0_I64          ; Block interconnect         ; LAB_LINE                                                                                                                                                                                                     ;
;   5.741  ;   0.030  ; FR ; RE   ; 1      ; BLOCK_INPUT_MUX_PASSTHROUGH_X258_Y69_N0_I60 ; Block Input Mux            ; LEIM                                                                                                                                                                                                         ;
;   5.741  ;   0.000  ; RR ; RE   ; 1      ; LAB_RE_X258_Y69_N0_I59                      ; LAB_RE                     ; leima[7]                                                                                                                                                                                                     ;
;   5.741  ;   0.000  ;    ; IC   ; 1      ; MLABCELL_X258_Y69_N45                       ; Combinational cell         ; afu_top|pg_afu.port_gasket|pr_slot|afu_main|port_afu_instances|ofs_plat_afu|core|dma|csr_mgr_inst|i919~42xsyn_50|dataa                                                                                       ;
;   5.909  ;   0.168  ; RR ; CELL ; 1      ; MLABCELL_X258_Y69_N45                       ; Combinational cell         ; afu_top|pg_afu.port_gasket|pr_slot|afu_main|port_afu_instances|ofs_plat_afu|core|dma|csr_mgr_inst|i919~42xsyn_50|combout                                                                                     ;
;   5.909  ;   0.000  ; RR ; RE   ; 1      ; MLABCELL_X258_Y69_N45                       ; Combinational cell         ; MP_MLAB_COMB                                                                                                                                                                                                 ;
;   5.917  ;   0.008  ; RR ; RE   ; 1      ; LAB_RE_X258_Y69_N0_I118                     ; LAB_RE                     ; LAB_RE                                                                                                                                                                                                       ;
;   5.950  ;   0.033  ; RF ; RE   ; 2      ; LOCAL_INTERCONNECT_X258_Y69_N0_I62          ; Block interconnect         ; LAB_LINE                                                                                                                                                                                                     ;
;   5.979  ;   0.029  ; FR ; RE   ; 1      ; BLOCK_INPUT_MUX_PASSTHROUGH_X258_Y69_N0_I79 ; Block Input Mux            ; LEIM                                                                                                                                                                                                         ;
;   5.979  ;   0.000  ; RR ; RE   ; 1      ; LAB_RE_X258_Y69_N0_I73                      ; LAB_RE                     ; leimd0[9]                                                                                                                                                                                                    ;
;   5.979  ;   0.000  ;    ; IC   ; 1      ; MLABCELL_X258_Y69_N57                       ; Combinational cell         ; afu_top|pg_afu.port_gasket|pr_slot|afu_main|port_afu_instances|ofs_plat_afu|core|dma|csr_mgr_inst|Select_0~10xsyn_20|datad                                                                                   ;
;   6.039  ;   0.060  ; RF ; CELL ; 2      ; MLABCELL_X258_Y69_N57                       ; Combinational cell         ; afu_top|pg_afu.port_gasket|pr_slot|afu_main|port_afu_instances|ofs_plat_afu|core|dma|csr_mgr_inst|Select_0~10xsyn_20|combout                                                                                 ;
;   6.063  ;   0.024  ; FR ; CELL ; 3      ; MLABCELL_X258_Y69_N57                       ; Combinational cell         ; afu_top|pg_afu.port_gasket|pr_slot|afu_main|port_afu_instances|ofs_plat_afu|core|dma|csr_mgr_inst|Select_0~10xsyn_20~cw_ml_mlab/lab_lut6outb[4]                                                              ;
;   6.063  ;   0.000  ; RR ; RE   ; 1      ; MLABCELL_X258_Y69_N57                       ; Combinational cell         ; MP_MLAB_COMB                                                                                                                                                                                                 ;
;   6.068  ;   0.005  ; RR ; RE   ; 1      ; LAB_RE_X258_Y69_N0_I148                     ; LAB_RE                     ; LAB_RE                                                                                                                                                                                                       ;
;   6.168  ;   0.100  ; RR ; RE   ; 2      ; C1_X258_Y69_N0_I34                          ; C1 interconnect            ; V1                                                                                                                                                                                                           ;
;   6.215  ;   0.047  ; RR ; RE   ; 1      ; R2_X259_Y70_N0_I16                          ; R2 interconnect            ; H2                                                                                                                                                                                                           ;
;   6.250  ;   0.035  ; RR ; RE   ; 1      ; R0_X260_Y70_N0_I58                          ; R0 interconnect            ; H0                                                                                                                                                                                                           ;
;   6.286  ;   0.036  ; RR ; RE   ; 1      ; R0_X260_Y70_N0_I40                          ; R0 interconnect            ; H0                                                                                                                                                                                                           ;
;   6.315  ;   0.029  ; RF ; RE   ; 2      ; LOCAL_INTERCONNECT_X260_Y70_N0_I11          ; Block interconnect         ; LAB_LINE                                                                                                                                                                                                     ;
;   6.315  ;   0.000  ;    ; IC   ; 1      ; BLOCK_INPUT_MUX_PASSTHROUGH_X260_Y70_N0_I10 ; Hyper-Register             ; afu_top|pg_afu.port_gasket|pr_slot|afu_main|port_afu_instances|ofs_plat_afu|core|dma|csr_mgr_inst|Select_0~10xsyn_20_BLOCK_INPUT_MUX_PASSTHROUGH_X260_Y70_N0_I10_dff|d                                       ;
;   6.315  ;   0.000  ; FF ; CELL ; 1      ; BLOCK_INPUT_MUX_PASSTHROUGH_X260_Y70_N0_I10 ; Hyper-Register             ; afu_top|pg_afu.port_gasket|pr_slot|afu_main|port_afu_instances|ofs_plat_afu|core|dma|csr_mgr_inst|Select_0~10xsyn_20_BLOCK_INPUT_MUX_PASSTHROUGH_X260_Y70_N0_I10_dff                                         ;
+----------+----------+----+------+--------+---------------------------------------------+----------------------------+--------------------------------------------------------------------------------------------------------------------------------------------------------------------------------------------------------------+

+-----------------------------------------------------------------------------------------------------------------------------------------------------------------------------------------------------------------------------------------------------------------------------------------------------------------------------------+
; Data Required Path                                                                                                                                                                                                                                                                                                                ;
+---------+----------+----+------+--------+---------------------------------------------+----------------------------+--------------------------------------------------------------------------------------------------------------------------------------------------------------------------------------------------------------+
; Total   ; Incr     ; RF ; Type ; Fanout ; Location                                    ; Element Type               ; Element                                                                                                                                                                                                      ;
+---------+----------+----+------+--------+---------------------------------------------+----------------------------+--------------------------------------------------------------------------------------------------------------------------------------------------------------------------------------------------------------+
; 3.000   ; 3.000    ;    ;      ;        ;                                             ;                            ; latch edge time                                                                                                                                                                                              ;
; 7.171   ; 4.171    ;    ;      ;        ;                                             ;                            ; clock path                                                                                                                                                                                                   ;
;   3.000 ;   0.000  ;    ;      ;        ;                                             ;                            ; source latency                                                                                                                                                                                               ;
;   3.000 ;   0.000  ;    ;      ; 1      ; PIN_HF23                                    ; I/O pad                    ; ddr4_mem_ref_clk[0].clk                                                                                                                                                                                      ;
;   3.000 ;   0.000  ;    ; IC   ; 1      ; IOIBUF_X280_Y0_N376                         ; I/O input buffer           ; ddr4_mem_ref_clk[0].clk~input|i                                                                                                                                                                              ;
;   3.129 ;   0.129  ; RR ; CELL ; 2      ; IOIBUF_X280_Y0_N376                         ; I/O input buffer           ; ddr4_mem_ref_clk[0].clk~input|o                                                                                                                                                                              ;
;   4.090 ;   0.961  ; RR ; CELL ; 1      ; REFCLKINPUT_X281_Y0_N301                    ; I/O reference clock tree   ; local_mem_wrapper|mem_ss_top|mem_ss_sv|mem_ss|mem_ss|emif_0|emif_0|arch|arch_inst|pll_inst|pll_inst~refclk|ref_clk_in                                                                                        ;
;   4.251 ;   0.161  ; RR ; CELL ; 3      ; REFCLKINPUT_X281_Y0_N301                    ; I/O reference clock tree   ; local_mem_wrapper|mem_ss_top|mem_ss_sv|mem_ss|mem_ss|emif_0|emif_0|arch|arch_inst|pll_inst|pll_inst~refclk|ref0_to_btm                                                                                       ;
;   4.736 ;   0.485  ; RR ; CELL ; 1      ; REFCLKINPUT_X281_Y0_N301                    ; I/O reference clock tree   ; local_mem_wrapper|mem_ss_top|mem_ss_sv|mem_ss|mem_ss|emif_0|emif_0|arch|arch_inst|pll_inst|pll_inst~refclk|clk_out                                                                                           ;
;   4.736 ;   0.000  ; RR ; CELL ; 1      ; IOPLL_X281_Y0_N303                          ; IOPLL                      ; local_mem_wrapper|mem_ss_top|mem_ss_sv|mem_ss|mem_ss|emif_0|emif_0|arch|arch_inst|pll_inst|pll_inst|pll_cascade_in                                                                                           ;
;   4.929 ;   0.193  ; RR ; CELL ; 2      ; IOPLL_X281_Y0_N303                          ; IOPLL                      ; local_mem_wrapper|mem_ss_top|mem_ss_sv|mem_ss|mem_ss|emif_0|emif_0|arch|arch_inst|pll_inst|pll_inst~fmio96fs_wr/x0/fmio96_core_inst/fmio48tile_top/x5/u4_3/x0/xiopll_custom/xclkin_sw/xpm_pll_so/clk[0]      ;
;   5.101 ;   0.172  ; RR ; CELL ; 2      ; IOPLL_X281_Y0_N303                          ; IOPLL                      ; local_mem_wrapper|mem_ss_top|mem_ss_sv|mem_ss|mem_ss|emif_0|emif_0|arch|arch_inst|pll_inst|pll_inst~fmio96fs_wr/x0/fmio96_core_inst/fmio48tile_top/x5/u4_3/x0/xiopll_custom/xiopll_core/xncnt_iopll/clk      ;
;   5.259 ;   0.158  ; RR ; CELL ; 3      ; IOPLL_X281_Y0_N303                          ; IOPLL                      ; local_mem_wrapper|mem_ss_top|mem_ss_sv|mem_ss|mem_ss|emif_0|emif_0|arch|arch_inst|pll_inst|pll_inst~pllnout                                                                                                  ;
;   5.389 ;   0.130  ; RF ; CELL ; 1      ; IOPLL_X281_Y0_N303                          ; IOPLL                      ; local_mem_wrapper|mem_ss_top|mem_ss_sv|mem_ss|mem_ss|emif_0|emif_0|arch|arch_inst|pll_inst|pll_inst~vco_refclk                                                                                               ;
;   5.397 ;   0.008  ; FR ; CELL ; 1      ; IOPLL_X281_Y0_N303                          ; IOPLL                      ; local_mem_wrapper|mem_ss_top|mem_ss_sv|mem_ss|mem_ss|emif_0|emif_0|arch|arch_inst|pll_inst|pll_inst~vctrl                                                                                                    ;
;   4.482 ;   -0.915 ; RR ; COMP ; 1      ; IOPLL_X281_Y0_N303                          ; IOPLL                      ; local_mem_wrapper|mem_ss_top|mem_ss_sv|mem_ss|mem_ss|emif_0|emif_0|arch|arch_inst|pll_inst|pll_inst~vcoph[0]                                                                                                 ;
;   4.482 ;   0.000  ; RR ; CELL ; 10     ; IOPLL_X281_Y0_N303                          ; IOPLL                      ; local_mem_wrapper|mem_ss_top|mem_ss_sv|mem_ss|mem_ss|emif_0|emif_0|arch|arch_inst|pll_inst|pll_inst|vcoph[0]                                                                                                 ;
;   4.482 ;   0.000  ; RR ; CELL ; 3      ; TILECTRL_X281_Y0_N298                       ; I/O tile control logic     ; local_mem_wrapper|mem_ss_top|mem_ss_sv|mem_ss|mem_ss|emif_0|emif_0|arch|arch_inst|io_tiles_wrap_inst|io_tiles_inst|tile_gen[1].tile_ctrl_inst|pll_vco_in[0]                                                  ;
;   1.575 ;   -2.907 ; RR ; COMP ; 1      ; TILECTRL_X281_Y0_N298                       ; I/O tile control logic     ; local_mem_wrapper|mem_ss_top|mem_ss_sv|mem_ss|mem_ss|emif_0|emif_0|arch|arch_inst|io_tiles_wrap_inst|io_tiles_inst|tile_gen[1].tile_ctrl_inst|pa_core_clk_out[0]                                             ;
;   2.199 ;   0.624  ; RR ; CELL ; 16258  ; TILECTRL_X281_Y0_N298                       ; I/O tile control logic     ; local_mem_wrapper|mem_ss_top|mem_ss_sv|mem_ss|mem_ss|emif_0|emif_0|arch|arch_inst|io_tiles_wrap_inst|io_tiles_inst|tile_gen[1].tile_ctrl_inst~fmio96fs_wr/m32_0_29__iophasealignment_to_dcm__core_clk_out[1] ;
;   2.199 ;   0.000  ;    ; IC   ; 1      ; Boundary Port                               ; N/A                        ; afu_top|pg_afu.port_gasket|pr_slot|afu_main|ext_mem_if[0].clk|input                                                                                                                                          ;
;   2.199 ;   0.000  ; RR ; CELL ; 105325 ; Boundary Port                               ; N/A                        ; afu_top|pg_afu.port_gasket|pr_slot|afu_main|ext_mem_if[0].clk                                                                                                                                                ;
;   2.199 ;   0.000  ; RR ; RE   ; 1      ; TILECTRL_X281_Y0_N298                       ; I/O tile control logic     ; TILE_CTRL                                                                                                                                                                                                    ;
;   2.265 ;   0.066  ; RR ; RE   ; 1      ; IO96FSWRRE_X280_Y0_N0_I3537                 ; IO96FS_WR_RE               ; IO96FS_WR_RE                                                                                                                                                                                                 ;
;   2.361 ;   0.096  ; RR ; RE   ; 1      ; DCM_mux_X307_Y2_N0_I29                      ; DCM_mux                    ; CC_DCM_GMUX_RE                                                                                                                                                                                               ;
;   2.430 ;   0.069  ; RR ; RE   ; 1      ; IO_P2C_RE_X280_Y2_N150_I75                  ; IO_P2C_RE                  ; IO_P2C_RE                                                                                                                                                                                                    ;
;   2.456 ;   0.026  ; RR ; RE   ; 1      ; IO_P2C_RE_X280_Y2_N150_I26                  ; IO_P2C_RE                  ; IO_P2C_RE                                                                                                                                                                                                    ;
;   2.504 ;   0.048  ; RR ; RE   ; 1      ; Switchbox_clock_mux_X280_Y2_N0_I197         ; Switchbox_clock_mux        ; CLOCK_SEGMENT_MUX                                                                                                                                                                                            ;
;   2.607 ;   0.103  ; RR ; RE   ; 1      ; Switchbox_clock_mux_X280_Y2_N0_I105         ; Switchbox_clock_mux        ; CLOCK_SEGMENT_MUX                                                                                                                                                                                            ;
;   2.639 ;   0.032  ; RF ; RE   ; 1      ; Vertical_seam_tap_mux_X280_Y23_N0_I165      ; Vertical_seam_tap_mux      ; CLOCK_SEGMENT_TAP_MUX                                                                                                                                                                                        ;
;   2.705 ;   0.066  ; FR ; RE   ; 1      ; Vertical_seam_tap_mux_X280_Y23_N0_I53       ; Vertical_seam_tap_mux      ; CLOCK_SEGMENT_TAP_MUX                                                                                                                                                                                        ;
;   2.749 ;   0.044  ; RR ; RE   ; 1      ; Switchbox_clock_mux_X280_Y43_N0_I197        ; Switchbox_clock_mux        ; CLOCK_SEGMENT_MUX                                                                                                                                                                                            ;
;   2.852 ;   0.103  ; RR ; RE   ; 1      ; Switchbox_clock_mux_X280_Y43_N0_I105        ; Switchbox_clock_mux        ; CLOCK_SEGMENT_MUX                                                                                                                                                                                            ;
;   2.884 ;   0.032  ; RF ; RE   ; 1      ; Vertical_seam_tap_mux_X280_Y64_N0_I165      ; Vertical_seam_tap_mux      ; CLOCK_SEGMENT_TAP_MUX                                                                                                                                                                                        ;
;   2.950 ;   0.066  ; FR ; RE   ; 1      ; Vertical_seam_tap_mux_X280_Y64_N0_I53       ; Vertical_seam_tap_mux      ; CLOCK_SEGMENT_TAP_MUX                                                                                                                                                                                        ;
;   2.993 ;   0.043  ; RR ; RE   ; 1      ; Switchbox_clock_mux_X280_Y84_N0_I197        ; Switchbox_clock_mux        ; CLOCK_SEGMENT_MUX                                                                                                                                                                                            ;
;   3.090 ;   0.097  ; RR ; RE   ; 1      ; Switchbox_clock_mux_X280_Y84_N0_I105        ; Switchbox_clock_mux        ; CLOCK_SEGMENT_MUX                                                                                                                                                                                            ;
;   3.122 ;   0.032  ; RF ; RE   ; 1      ; Vertical_seam_tap_mux_X280_Y105_N0_I165     ; Vertical_seam_tap_mux      ; CLOCK_SEGMENT_TAP_MUX                                                                                                                                                                                        ;
;   3.187 ;   0.065  ; FR ; RE   ; 1      ; Vertical_seam_tap_mux_X280_Y105_N0_I53      ; Vertical_seam_tap_mux      ; CLOCK_SEGMENT_TAP_MUX                                                                                                                                                                                        ;
;   3.231 ;   0.044  ; RR ; RE   ; 1      ; Switchbox_clock_mux_X280_Y125_N0_I197       ; Switchbox_clock_mux        ; CLOCK_SEGMENT_MUX                                                                                                                                                                                            ;
;   3.327 ;   0.096  ; RR ; RE   ; 1      ; Switchbox_clock_mux_X280_Y125_N0_I105       ; Switchbox_clock_mux        ; CLOCK_SEGMENT_MUX                                                                                                                                                                                            ;
;   3.359 ;   0.032  ; RF ; RE   ; 1      ; Vertical_seam_tap_mux_X280_Y146_N0_I165     ; Vertical_seam_tap_mux      ; CLOCK_SEGMENT_TAP_MUX                                                                                                                                                                                        ;
;   3.424 ;   0.065  ; FR ; RE   ; 1      ; Vertical_seam_tap_mux_X280_Y146_N0_I53      ; Vertical_seam_tap_mux      ; CLOCK_SEGMENT_TAP_MUX                                                                                                                                                                                        ;
;   3.469 ;   0.045  ; RR ; RE   ; 1      ; Switchbox_clock_mux_X280_Y166_N0_I197       ; Switchbox_clock_mux        ; CLOCK_SEGMENT_MUX                                                                                                                                                                                            ;
;   3.677 ;   0.208  ; RR ; RE   ; 1      ; Switchbox_clock_mux_X280_Y166_N0_I106       ; Switchbox_clock_mux        ; CLOCK_SEGMENT_MUX                                                                                                                                                                                            ;
;   3.723 ;   0.046  ; RR ; RE   ; 1      ; Switchbox_clock_mux_X226_Y166_N0_I229       ; Switchbox_clock_mux        ; CLOCK_SEGMENT_MUX                                                                                                                                                                                            ;
;   3.767 ;   0.044  ; RR ; RE   ; 2      ; Switchbox_clock_mux_X226_Y166_N0_I153       ; Switchbox_clock_mux        ; CLOCK_SEGMENT_MUX                                                                                                                                                                                            ;
;   3.862 ;   0.095  ; RR ; RE   ; 1      ; Switchbox_clock_mux_X226_Y166_N0_I103       ; Switchbox_clock_mux        ; CLOCK_SEGMENT_MUX                                                                                                                                                                                            ;
;   3.894 ;   0.032  ; RF ; RE   ; 1      ; Vertical_seam_tap_mux_X226_Y146_N0_I134     ; Vertical_seam_tap_mux      ; CLOCK_SEGMENT_TAP_MUX                                                                                                                                                                                        ;
;   3.960 ;   0.066  ; FR ; RE   ; 1      ; Vertical_seam_tap_mux_X226_Y146_N0_I50      ; Vertical_seam_tap_mux      ; CLOCK_SEGMENT_TAP_MUX                                                                                                                                                                                        ;
;   4.008 ;   0.048  ; RR ; RE   ; 1      ; Switchbox_clock_mux_X226_Y125_N0_I166       ; Switchbox_clock_mux        ; CLOCK_SEGMENT_MUX                                                                                                                                                                                            ;
;   4.103 ;   0.095  ; RR ; RE   ; 1      ; Switchbox_clock_mux_X226_Y125_N0_I103       ; Switchbox_clock_mux        ; CLOCK_SEGMENT_MUX                                                                                                                                                                                            ;
;   4.135 ;   0.032  ; RF ; RE   ; 1      ; Vertical_seam_tap_mux_X226_Y105_N0_I134     ; Vertical_seam_tap_mux      ; CLOCK_SEGMENT_TAP_MUX                                                                                                                                                                                        ;
;   4.201 ;   0.066  ; FR ; RE   ; 1      ; Vertical_seam_tap_mux_X226_Y105_N0_I50      ; Vertical_seam_tap_mux      ; CLOCK_SEGMENT_TAP_MUX                                                                                                                                                                                        ;
;   4.248 ;   0.047  ; RR ; RE   ; 2      ; Switchbox_clock_mux_X226_Y84_N0_I166        ; Switchbox_clock_mux        ; CLOCK_SEGMENT_MUX                                                                                                                                                                                            ;
;   4.467 ;   0.219  ; RR ; RE   ; 1      ; Switchbox_clock_mux_X226_Y84_N0_I102        ; Switchbox_clock_mux        ; CLOCK_SEGMENT_MUX                                                                                                                                                                                            ;
;   4.512 ;   0.045  ; RR ; RE   ; 1      ; Switchbox_clock_mux_X280_Y84_N0_I230        ; Switchbox_clock_mux        ; CLOCK_SEGMENT_MUX                                                                                                                                                                                            ;
;   4.720 ;   0.208  ; RR ; RE   ; 1      ; Switchbox_clock_mux_X280_Y84_N0_I100        ; Switchbox_clock_mux        ; CLOCK_SEGMENT_MUX                                                                                                                                                                                            ;
;   4.766 ;   0.046  ; RR ; RE   ; 2      ; Switchbox_clock_mux_X334_Y84_N0_I230        ; Switchbox_clock_mux        ; CLOCK_SEGMENT_MUX                                                                                                                                                                                            ;
;   4.862 ;   0.096  ; RR ; RE   ; 1      ; Switchbox_clock_mux_X334_Y84_N0_I103        ; Switchbox_clock_mux        ; CLOCK_SEGMENT_MUX                                                                                                                                                                                            ;
;   4.894 ;   0.032  ; RF ; RE   ; 1      ; Vertical_seam_tap_mux_X334_Y64_N0_I134      ; Vertical_seam_tap_mux      ; CLOCK_SEGMENT_TAP_MUX                                                                                                                                                                                        ;
;   4.958 ;   0.064  ; FR ; RE   ; 1      ; Vertical_seam_tap_mux_X334_Y64_N0_I50       ; Vertical_seam_tap_mux      ; CLOCK_SEGMENT_TAP_MUX                                                                                                                                                                                        ;
;   5.005 ;   0.047  ; RR ; RE   ; 2      ; Switchbox_clock_mux_X334_Y43_N0_I166        ; Switchbox_clock_mux        ; CLOCK_SEGMENT_MUX                                                                                                                                                                                            ;
;   5.223 ;   0.218  ; RR ; RE   ; 1      ; Switchbox_clock_mux_X334_Y43_N0_I102        ; Switchbox_clock_mux        ; CLOCK_SEGMENT_MUX                                                                                                                                                                                            ;
;   5.270 ;   0.047  ; RR ; RE   ; 2      ; Switchbox_clock_mux_X280_Y43_N0_I262        ; Switchbox_clock_mux        ; CLOCK_SEGMENT_MUX                                                                                                                                                                                            ;
;   5.373 ;   0.103  ; RR ; RE   ; 1      ; Switchbox_clock_mux_X280_Y43_N0_I101        ; Switchbox_clock_mux        ; CLOCK_SEGMENT_MUX                                                                                                                                                                                            ;
;   5.418 ;   0.045  ; RR ; RE   ; 2      ; Vertical_seam_tap_mux_X280_Y64_N0_I166      ; Vertical_seam_tap_mux      ; CLOCK_SEGMENT_TAP_MUX                                                                                                                                                                                        ;
;   5.515 ;   0.097  ; RR ; RE   ; 1      ; Vertical_seam_tap_mux_X280_Y64_N0_I115      ; Vertical_seam_tap_mux      ; CLOCK_SEGMENT_TAP_MUX                                                                                                                                                                                        ;
;   5.635 ;   0.120  ; RR ; RE   ; 1      ; SPINE_TAP_RE_X253_Y64_N103_I89              ; SPINE_TAP_RE               ; SPINE_TAP_RE                                                                                                                                                                                                 ;
;   5.657 ;   0.022  ; RR ; RE   ; 41     ; SPINE_TAP_RE_X253_Y64_N103_I25              ; SPINE_TAP_RE               ; SPINE_TAP_RE                                                                                                                                                                                                 ;
;   5.915 ;   0.258  ; RR ; RE   ; 2      ; SCLKMUX_RE_X253_Y70_N188_I25                ; SCLKMUX_RE                 ; SCLKMUX_RE                                                                                                                                                                                                   ;
;   5.940 ;   0.025  ; RR ; RE   ; 16     ; SCLKMUX_RE_X253_Y70_N188_I40                ; SCLKMUX_RE                 ; SCLKMUX_RE                                                                                                                                                                                                   ;
;   5.978 ;   0.038  ; RR ; RE   ; 1      ; ROWCLK_TAPOFF_X260_Y70_N0_I3                ; Row Clock Tap-Off          ; ROWCLK_TAPOFF                                                                                                                                                                                                ;
;   6.011 ;   0.033  ; RR ; RE   ; 1      ; GLOBAL_LOCAL_SEL_X260_Y70_N0_I3             ; GLOBAL_LOCAL_SEL           ; GLOBAL_LOCAL_SEL                                                                                                                                                                                             ;
;   6.032 ;   0.021  ; RR ; RE   ; 1      ; RPII_X260_Y70_N0_I3                         ; Programmable Invert Input  ; RPII                                                                                                                                                                                                         ;
;   6.032 ;   0.000  ; RR ; RE   ; 1      ; RPI_X260_Y70_N0_I3                          ; Programmable Invert        ; RPI                                                                                                                                                                                                          ;
;   6.032 ;   0.000  ; RR ; RE   ; 1      ; LAB_RE_X260_Y70_N0_I84                      ; LAB_RE                     ; clkb                                                                                                                                                                                                         ;
;   6.032 ;   0.000  ; RR ; RE   ; 1      ; LAB_RE_X260_Y70_N0_I152                     ; LAB_RE                     ; LAB_RE                                                                                                                                                                                                       ;
;   6.032 ;   0.000  ; RR ; RE   ; 12     ; LEIMCLKALE_X260_Y70_N0_I0                   ; LEIMCLKALE                 ; LEIMCLKALE                                                                                                                                                                                                   ;
;   6.032 ;   0.000  ; RR ; RE   ; 1      ; HYPERFLEX_CLK_M_MUX_X260_Y70_N0_I11         ; Hyperflex clocking network ; HIPI_M_MUX                                                                                                                                                                                                   ;
;   6.032 ;   0.000  ;    ; IC   ; 1      ; BLOCK_INPUT_MUX_PASSTHROUGH_X260_Y70_N0_I10 ; Hyper-Register             ; afu_top|pg_afu.port_gasket|pr_slot|afu_main|port_afu_instances|ofs_plat_afu|core|dma|csr_mgr_inst|Select_0~10xsyn_20_BLOCK_INPUT_MUX_PASSTHROUGH_X260_Y70_N0_I10_dff|clk                                     ;
;   6.032 ;   0.000  ; RR ; CELL ; 1      ; BLOCK_INPUT_MUX_PASSTHROUGH_X260_Y70_N0_I10 ; Hyper-Register             ; afu_top|pg_afu.port_gasket|pr_slot|afu_main|port_afu_instances|ofs_plat_afu|core|dma|csr_mgr_inst|Select_0~10xsyn_20_BLOCK_INPUT_MUX_PASSTHROUGH_X260_Y70_N0_I10_dff                                         ;
;   7.206 ;   1.174  ;    ;      ;        ;                                             ;                            ; clock pessimism removed                                                                                                                                                                                      ;
;   7.171 ;   -0.035 ;    ;      ;        ;                                             ;                            ; advanced clock effects                                                                                                                                                                                       ;
; 7.141   ; -0.030   ;    ;      ;        ;                                             ;                            ; clock uncertainty                                                                                                                                                                                            ;
; 7.271   ; 0.130    ;    ; uTsu ; 1      ; BLOCK_INPUT_MUX_PASSTHROUGH_X260_Y70_N0_I10 ; Hyper-Register             ; afu_top|pg_afu.port_gasket|pr_slot|afu_main|port_afu_instances|ofs_plat_afu|core|dma|csr_mgr_inst|Select_0~10xsyn_20_BLOCK_INPUT_MUX_PASSTHROUGH_X260_Y70_N0_I10_dff                                         ;
+---------+----------+----+------+--------+---------------------------------------------+----------------------------+--------------------------------------------------------------------------------------------------------------------------------------------------------------------------------------------------------------+


Path #3: Setup slack is 0.978 
===============================================================================
+--------------------------------------------------------------------------------------------------------------------------------------------------------------------------------------------------------+
; Path Summary                                                                                                                                                                                           ;
+---------------------------------+----------------------------------------------------------------------------------------------------------------------------------------------------------------------+
; Property                        ; Value                                                                                                                                                                ;
+---------------------------------+----------------------------------------------------------------------------------------------------------------------------------------------------------------------+
; From Node                       ; afu_top|pg_afu.port_gasket|pr_slot|afu_main|port_afu_instances|ofs_plat_afu|core|dma|csr_mgr_inst|i2852~0xsyn_BLOCK_INPUT_MUX_PASSTHROUGH_X260_Y70_N0_I20_dff        ;
; To Node                         ; afu_top|pg_afu.port_gasket|pr_slot|afu_main|port_afu_instances|ofs_plat_afu|core|dma|csr_mgr_inst|Select_0~10xsyn_20_BLOCK_INPUT_MUX_PASSTHROUGH_X258_Y70_N0_I42_dff ;
; Launch Clock                    ; local_mem_wrapper|mem_ss_top|mem_ss_sv|mem_ss|mem_ss|emif_0|emif_0_core_usr_clk                                                                                      ;
; Latch Clock                     ; local_mem_wrapper|mem_ss_top|mem_ss_sv|mem_ss|mem_ss|emif_0|emif_0_core_usr_clk                                                                                      ;
; SDC Exception                   ; No SDC Exception on Path                                                                                                                                             ;
; Data Arrival Time               ; 6.270                                                                                                                                                                ;
; Data Required Time              ; 7.248                                                                                                                                                                ;
; Slack                           ; 0.978                                                                                                                                                                ;
; Worst-Case Operating Conditions ; Slow vid2 100C Model                                                                                                                                                 ;
+---------------------------------+----------------------------------------------------------------------------------------------------------------------------------------------------------------------+

+--------------------------------------------------------------------------------------+
; Statistics                                                                           ;
+------------------------+--------+-------+-------------+------------+--------+--------+
; Property               ; Value  ; Count ; Total Delay ; % of Total ; Min    ; Max    ;
+------------------------+--------+-------+-------------+------------+--------+--------+
; Setup Relationship     ; 3.000  ;       ;             ;            ;        ;        ;
; Clock Skew             ; -0.060 ;       ;             ;            ;        ;        ;
; Data Delay             ; 2.064  ;       ;             ;            ;        ;        ;
; Number of Logic Levels ;        ; 5     ;             ;            ;        ;        ;
; Physical Delays        ;        ;       ;             ;            ;        ;        ;
;  Arrival Path          ;        ;       ;             ;            ;        ;        ;
;   Clock                ;        ;       ;             ;            ;        ;        ;
;    IC                  ;        ; 3     ; 0.000       ; 0          ; 0.000  ; 0.000  ;
;    Cell                ;        ; 15    ; 3.475       ; 45         ; 0.000  ; 1.131  ;
;    PLL Compensation    ;        ; 2     ; -3.497      ; 0          ; -2.694 ; -0.803 ;
;    Routing Element     ;        ; 58    ; 4.228       ; 55         ; 0.000  ; 0.295  ;
;   Data                 ;        ;       ;             ;            ;        ;        ;
;    IC                  ;        ; 7     ; 0.000       ; 0          ; 0.000  ; 0.000  ;
;    Cell                ;        ; 9     ; 0.924       ; 45         ; 0.000  ; 0.179  ;
;    uTco                ;        ; 1     ; 0.257       ; 12         ; 0.257  ; 0.257  ;
;    Routing Element     ;        ; 39    ; 0.883       ; 43         ; 0.000  ; 0.093  ;
;  Required Path         ;        ;       ;             ;            ;        ;        ;
;   Clock                ;        ;       ;             ;            ;        ;        ;
;    IC                  ;        ; 3     ; 0.000       ; 0          ; 0.000  ; 0.000  ;
;    Cell                ;        ; 15    ; 3.021       ; 44         ; 0.000  ; 0.961  ;
;    PLL Compensation    ;        ; 2     ; -3.822      ; 0          ; -2.907 ; -0.915 ;
;    Routing Element     ;        ; 58    ; 3.828       ; 56         ; 0.000  ; 0.258  ;
+------------------------+--------+-------+-------------+------------+--------+--------+
Note: Negative delays are omitted from totals when calculating percentages

+------------------------------------------------------------------------------------------------------------------------------------------------------------------------------------------------------------------------------------------------------------------------------------------------------------------------------------+
; Data Arrival Path                                                                                                                                                                                                                                                                                                                  ;
+----------+----------+----+------+--------+---------------------------------------------+----------------------------+--------------------------------------------------------------------------------------------------------------------------------------------------------------------------------------------------------------+
; Total    ; Incr     ; RF ; Type ; Fanout ; Location                                    ; Element Type               ; Element                                                                                                                                                                                                      ;
+----------+----------+----+------+--------+---------------------------------------------+----------------------------+--------------------------------------------------------------------------------------------------------------------------------------------------------------------------------------------------------------+
; 0.000    ; 0.000    ;    ;      ;        ;                                             ;                            ; launch edge time                                                                                                                                                                                             ;
; 4.206    ; 4.206    ;    ;      ;        ;                                             ;                            ; clock path                                                                                                                                                                                                   ;
;   0.000  ;   0.000  ;    ;      ;        ;                                             ;                            ; source latency                                                                                                                                                                                               ;
;   0.000  ;   0.000  ;    ;      ; 1      ; PIN_HF23                                    ; I/O pad                    ; ddr4_mem_ref_clk[0].clk                                                                                                                                                                                      ;
;   0.000  ;   0.000  ;    ; IC   ; 1      ; IOIBUF_X280_Y0_N376                         ; I/O input buffer           ; ddr4_mem_ref_clk[0].clk~input|i                                                                                                                                                                              ;
;   0.129  ;   0.129  ; RR ; CELL ; 2      ; IOIBUF_X280_Y0_N376                         ; I/O input buffer           ; ddr4_mem_ref_clk[0].clk~input|o                                                                                                                                                                              ;
;   1.260  ;   1.131  ; RR ; CELL ; 1      ; REFCLKINPUT_X281_Y0_N301                    ; I/O reference clock tree   ; local_mem_wrapper|mem_ss_top|mem_ss_sv|mem_ss|mem_ss|emif_0|emif_0|arch|arch_inst|pll_inst|pll_inst~refclk|ref_clk_in                                                                                        ;
;   1.451  ;   0.191  ; RR ; CELL ; 3      ; REFCLKINPUT_X281_Y0_N301                    ; I/O reference clock tree   ; local_mem_wrapper|mem_ss_top|mem_ss_sv|mem_ss|mem_ss|emif_0|emif_0|arch|arch_inst|pll_inst|pll_inst~refclk|ref0_to_btm                                                                                       ;
;   1.999  ;   0.548  ; RR ; CELL ; 1      ; REFCLKINPUT_X281_Y0_N301                    ; I/O reference clock tree   ; local_mem_wrapper|mem_ss_top|mem_ss_sv|mem_ss|mem_ss|emif_0|emif_0|arch|arch_inst|pll_inst|pll_inst~refclk|clk_out                                                                                           ;
;   1.999  ;   0.000  ; RR ; CELL ; 1      ; IOPLL_X281_Y0_N303                          ; IOPLL                      ; local_mem_wrapper|mem_ss_top|mem_ss_sv|mem_ss|mem_ss|emif_0|emif_0|arch|arch_inst|pll_inst|pll_inst|pll_cascade_in                                                                                           ;
;   2.220  ;   0.221  ; RR ; CELL ; 2      ; IOPLL_X281_Y0_N303                          ; IOPLL                      ; local_mem_wrapper|mem_ss_top|mem_ss_sv|mem_ss|mem_ss|emif_0|emif_0|arch|arch_inst|pll_inst|pll_inst~fmio96fs_wr/x0/fmio96_core_inst/fmio48tile_top/x5/u4_3/x0/xiopll_custom/xclkin_sw/xpm_pll_so/clk[0]      ;
;   2.416  ;   0.196  ; RR ; CELL ; 2      ; IOPLL_X281_Y0_N303                          ; IOPLL                      ; local_mem_wrapper|mem_ss_top|mem_ss_sv|mem_ss|mem_ss|emif_0|emif_0|arch|arch_inst|pll_inst|pll_inst~fmio96fs_wr/x0/fmio96_core_inst/fmio48tile_top/x5/u4_3/x0/xiopll_custom/xiopll_core/xncnt_iopll/clk      ;
;   2.596  ;   0.180  ; RR ; CELL ; 3      ; IOPLL_X281_Y0_N303                          ; IOPLL                      ; local_mem_wrapper|mem_ss_top|mem_ss_sv|mem_ss|mem_ss|emif_0|emif_0|arch|arch_inst|pll_inst|pll_inst~pllnout                                                                                                  ;
;   2.745  ;   0.149  ; RF ; CELL ; 1      ; IOPLL_X281_Y0_N303                          ; IOPLL                      ; local_mem_wrapper|mem_ss_top|mem_ss_sv|mem_ss|mem_ss|emif_0|emif_0|arch|arch_inst|pll_inst|pll_inst~vco_refclk                                                                                               ;
;   2.757  ;   0.012  ; FR ; CELL ; 1      ; IOPLL_X281_Y0_N303                          ; IOPLL                      ; local_mem_wrapper|mem_ss_top|mem_ss_sv|mem_ss|mem_ss|emif_0|emif_0|arch|arch_inst|pll_inst|pll_inst~vctrl                                                                                                    ;
;   1.954  ;   -0.803 ; RR ; COMP ; 1      ; IOPLL_X281_Y0_N303                          ; IOPLL                      ; local_mem_wrapper|mem_ss_top|mem_ss_sv|mem_ss|mem_ss|emif_0|emif_0|arch|arch_inst|pll_inst|pll_inst~vcoph[0]                                                                                                 ;
;   1.954  ;   0.000  ; RR ; CELL ; 10     ; IOPLL_X281_Y0_N303                          ; IOPLL                      ; local_mem_wrapper|mem_ss_top|mem_ss_sv|mem_ss|mem_ss|emif_0|emif_0|arch|arch_inst|pll_inst|pll_inst|vcoph[0]                                                                                                 ;
;   1.954  ;   0.000  ; RR ; CELL ; 3      ; TILECTRL_X281_Y0_N298                       ; I/O tile control logic     ; local_mem_wrapper|mem_ss_top|mem_ss_sv|mem_ss|mem_ss|emif_0|emif_0|arch|arch_inst|io_tiles_wrap_inst|io_tiles_inst|tile_gen[1].tile_ctrl_inst|pll_vco_in[0]                                                  ;
;   -0.740 ;   -2.694 ; RR ; COMP ; 1      ; TILECTRL_X281_Y0_N298                       ; I/O tile control logic     ; local_mem_wrapper|mem_ss_top|mem_ss_sv|mem_ss|mem_ss|emif_0|emif_0|arch|arch_inst|io_tiles_wrap_inst|io_tiles_inst|tile_gen[1].tile_ctrl_inst|pa_core_clk_out[0]                                             ;
;   -0.022 ;   0.718  ; RR ; CELL ; 16258  ; TILECTRL_X281_Y0_N298                       ; I/O tile control logic     ; local_mem_wrapper|mem_ss_top|mem_ss_sv|mem_ss|mem_ss|emif_0|emif_0|arch|arch_inst|io_tiles_wrap_inst|io_tiles_inst|tile_gen[1].tile_ctrl_inst~fmio96fs_wr/m32_0_29__iophasealignment_to_dcm__core_clk_out[1] ;
;   -0.022 ;   0.000  ;    ; IC   ; 1      ; Boundary Port                               ; N/A                        ; afu_top|pg_afu.port_gasket|pr_slot|afu_main|ext_mem_if[0].clk|input                                                                                                                                          ;
;   -0.022 ;   0.000  ; RR ; CELL ; 105325 ; Boundary Port                               ; N/A                        ; afu_top|pg_afu.port_gasket|pr_slot|afu_main|ext_mem_if[0].clk                                                                                                                                                ;
;   -0.022 ;   0.000  ; RR ; RE   ; 1      ; TILECTRL_X281_Y0_N298                       ; I/O tile control logic     ; TILE_CTRL                                                                                                                                                                                                    ;
;   0.052  ;   0.074  ; RR ; RE   ; 1      ; IO96FSWRRE_X280_Y0_N0_I3537                 ; IO96FS_WR_RE               ; IO96FS_WR_RE                                                                                                                                                                                                 ;
;   0.156  ;   0.104  ; RR ; RE   ; 1      ; DCM_mux_X307_Y2_N0_I29                      ; DCM_mux                    ; CC_DCM_GMUX_RE                                                                                                                                                                                               ;
;   0.234  ;   0.078  ; RR ; RE   ; 1      ; IO_P2C_RE_X280_Y2_N150_I75                  ; IO_P2C_RE                  ; IO_P2C_RE                                                                                                                                                                                                    ;
;   0.262  ;   0.028  ; RR ; RE   ; 1      ; IO_P2C_RE_X280_Y2_N150_I26                  ; IO_P2C_RE                  ; IO_P2C_RE                                                                                                                                                                                                    ;
;   0.315  ;   0.053  ; RR ; RE   ; 1      ; Switchbox_clock_mux_X280_Y2_N0_I197         ; Switchbox_clock_mux        ; CLOCK_SEGMENT_MUX                                                                                                                                                                                            ;
;   0.428  ;   0.113  ; RR ; RE   ; 1      ; Switchbox_clock_mux_X280_Y2_N0_I105         ; Switchbox_clock_mux        ; CLOCK_SEGMENT_MUX                                                                                                                                                                                            ;
;   0.464  ;   0.036  ; RF ; RE   ; 1      ; Vertical_seam_tap_mux_X280_Y23_N0_I165      ; Vertical_seam_tap_mux      ; CLOCK_SEGMENT_TAP_MUX                                                                                                                                                                                        ;
;   0.534  ;   0.070  ; FR ; RE   ; 1      ; Vertical_seam_tap_mux_X280_Y23_N0_I53       ; Vertical_seam_tap_mux      ; CLOCK_SEGMENT_TAP_MUX                                                                                                                                                                                        ;
;   0.584  ;   0.050  ; RR ; RE   ; 1      ; Switchbox_clock_mux_X280_Y43_N0_I197        ; Switchbox_clock_mux        ; CLOCK_SEGMENT_MUX                                                                                                                                                                                            ;
;   0.696  ;   0.112  ; RR ; RE   ; 1      ; Switchbox_clock_mux_X280_Y43_N0_I105        ; Switchbox_clock_mux        ; CLOCK_SEGMENT_MUX                                                                                                                                                                                            ;
;   0.732  ;   0.036  ; RF ; RE   ; 1      ; Vertical_seam_tap_mux_X280_Y64_N0_I165      ; Vertical_seam_tap_mux      ; CLOCK_SEGMENT_TAP_MUX                                                                                                                                                                                        ;
;   0.802  ;   0.070  ; FR ; RE   ; 1      ; Vertical_seam_tap_mux_X280_Y64_N0_I53       ; Vertical_seam_tap_mux      ; CLOCK_SEGMENT_TAP_MUX                                                                                                                                                                                        ;
;   0.852  ;   0.050  ; RR ; RE   ; 1      ; Switchbox_clock_mux_X280_Y84_N0_I197        ; Switchbox_clock_mux        ; CLOCK_SEGMENT_MUX                                                                                                                                                                                            ;
;   0.956  ;   0.104  ; RR ; RE   ; 1      ; Switchbox_clock_mux_X280_Y84_N0_I105        ; Switchbox_clock_mux        ; CLOCK_SEGMENT_MUX                                                                                                                                                                                            ;
;   0.992  ;   0.036  ; RF ; RE   ; 1      ; Vertical_seam_tap_mux_X280_Y105_N0_I165     ; Vertical_seam_tap_mux      ; CLOCK_SEGMENT_TAP_MUX                                                                                                                                                                                        ;
;   1.062  ;   0.070  ; FR ; RE   ; 1      ; Vertical_seam_tap_mux_X280_Y105_N0_I53      ; Vertical_seam_tap_mux      ; CLOCK_SEGMENT_TAP_MUX                                                                                                                                                                                        ;
;   1.112  ;   0.050  ; RR ; RE   ; 1      ; Switchbox_clock_mux_X280_Y125_N0_I197       ; Switchbox_clock_mux        ; CLOCK_SEGMENT_MUX                                                                                                                                                                                            ;
;   1.216  ;   0.104  ; RR ; RE   ; 1      ; Switchbox_clock_mux_X280_Y125_N0_I105       ; Switchbox_clock_mux        ; CLOCK_SEGMENT_MUX                                                                                                                                                                                            ;
;   1.252  ;   0.036  ; RF ; RE   ; 1      ; Vertical_seam_tap_mux_X280_Y146_N0_I165     ; Vertical_seam_tap_mux      ; CLOCK_SEGMENT_TAP_MUX                                                                                                                                                                                        ;
;   1.323  ;   0.071  ; FR ; RE   ; 1      ; Vertical_seam_tap_mux_X280_Y146_N0_I53      ; Vertical_seam_tap_mux      ; CLOCK_SEGMENT_TAP_MUX                                                                                                                                                                                        ;
;   1.373  ;   0.050  ; RR ; RE   ; 1      ; Switchbox_clock_mux_X280_Y166_N0_I197       ; Switchbox_clock_mux        ; CLOCK_SEGMENT_MUX                                                                                                                                                                                            ;
;   1.599  ;   0.226  ; RR ; RE   ; 1      ; Switchbox_clock_mux_X280_Y166_N0_I106       ; Switchbox_clock_mux        ; CLOCK_SEGMENT_MUX                                                                                                                                                                                            ;
;   1.650  ;   0.051  ; RR ; RE   ; 1      ; Switchbox_clock_mux_X226_Y166_N0_I229       ; Switchbox_clock_mux        ; CLOCK_SEGMENT_MUX                                                                                                                                                                                            ;
;   1.699  ;   0.049  ; RR ; RE   ; 2      ; Switchbox_clock_mux_X226_Y166_N0_I153       ; Switchbox_clock_mux        ; CLOCK_SEGMENT_MUX                                                                                                                                                                                            ;
;   1.803  ;   0.104  ; RR ; RE   ; 1      ; Switchbox_clock_mux_X226_Y166_N0_I103       ; Switchbox_clock_mux        ; CLOCK_SEGMENT_MUX                                                                                                                                                                                            ;
;   1.839  ;   0.036  ; RF ; RE   ; 1      ; Vertical_seam_tap_mux_X226_Y146_N0_I134     ; Vertical_seam_tap_mux      ; CLOCK_SEGMENT_TAP_MUX                                                                                                                                                                                        ;
;   1.910  ;   0.071  ; FR ; RE   ; 1      ; Vertical_seam_tap_mux_X226_Y146_N0_I50      ; Vertical_seam_tap_mux      ; CLOCK_SEGMENT_TAP_MUX                                                                                                                                                                                        ;
;   1.964  ;   0.054  ; RR ; RE   ; 1      ; Switchbox_clock_mux_X226_Y125_N0_I166       ; Switchbox_clock_mux        ; CLOCK_SEGMENT_MUX                                                                                                                                                                                            ;
;   2.067  ;   0.103  ; RR ; RE   ; 1      ; Switchbox_clock_mux_X226_Y125_N0_I103       ; Switchbox_clock_mux        ; CLOCK_SEGMENT_MUX                                                                                                                                                                                            ;
;   2.103  ;   0.036  ; RF ; RE   ; 1      ; Vertical_seam_tap_mux_X226_Y105_N0_I134     ; Vertical_seam_tap_mux      ; CLOCK_SEGMENT_TAP_MUX                                                                                                                                                                                        ;
;   2.174  ;   0.071  ; FR ; RE   ; 1      ; Vertical_seam_tap_mux_X226_Y105_N0_I50      ; Vertical_seam_tap_mux      ; CLOCK_SEGMENT_TAP_MUX                                                                                                                                                                                        ;
;   2.227  ;   0.053  ; RR ; RE   ; 2      ; Switchbox_clock_mux_X226_Y84_N0_I166        ; Switchbox_clock_mux        ; CLOCK_SEGMENT_MUX                                                                                                                                                                                            ;
;   2.465  ;   0.238  ; RR ; RE   ; 1      ; Switchbox_clock_mux_X226_Y84_N0_I102        ; Switchbox_clock_mux        ; CLOCK_SEGMENT_MUX                                                                                                                                                                                            ;
;   2.516  ;   0.051  ; RR ; RE   ; 1      ; Switchbox_clock_mux_X280_Y84_N0_I230        ; Switchbox_clock_mux        ; CLOCK_SEGMENT_MUX                                                                                                                                                                                            ;
;   2.742  ;   0.226  ; RR ; RE   ; 1      ; Switchbox_clock_mux_X280_Y84_N0_I100        ; Switchbox_clock_mux        ; CLOCK_SEGMENT_MUX                                                                                                                                                                                            ;
;   2.794  ;   0.052  ; RR ; RE   ; 2      ; Switchbox_clock_mux_X334_Y84_N0_I230        ; Switchbox_clock_mux        ; CLOCK_SEGMENT_MUX                                                                                                                                                                                            ;
;   2.898  ;   0.104  ; RR ; RE   ; 1      ; Switchbox_clock_mux_X334_Y84_N0_I103        ; Switchbox_clock_mux        ; CLOCK_SEGMENT_MUX                                                                                                                                                                                            ;
;   2.934  ;   0.036  ; RF ; RE   ; 1      ; Vertical_seam_tap_mux_X334_Y64_N0_I134      ; Vertical_seam_tap_mux      ; CLOCK_SEGMENT_TAP_MUX                                                                                                                                                                                        ;
;   3.003  ;   0.069  ; FR ; RE   ; 1      ; Vertical_seam_tap_mux_X334_Y64_N0_I50       ; Vertical_seam_tap_mux      ; CLOCK_SEGMENT_TAP_MUX                                                                                                                                                                                        ;
;   3.056  ;   0.053  ; RR ; RE   ; 2      ; Switchbox_clock_mux_X334_Y43_N0_I166        ; Switchbox_clock_mux        ; CLOCK_SEGMENT_MUX                                                                                                                                                                                            ;
;   3.293  ;   0.237  ; RR ; RE   ; 1      ; Switchbox_clock_mux_X334_Y43_N0_I102        ; Switchbox_clock_mux        ; CLOCK_SEGMENT_MUX                                                                                                                                                                                            ;
;   3.346  ;   0.053  ; RR ; RE   ; 2      ; Switchbox_clock_mux_X280_Y43_N0_I262        ; Switchbox_clock_mux        ; CLOCK_SEGMENT_MUX                                                                                                                                                                                            ;
;   3.458  ;   0.112  ; RR ; RE   ; 1      ; Switchbox_clock_mux_X280_Y43_N0_I101        ; Switchbox_clock_mux        ; CLOCK_SEGMENT_MUX                                                                                                                                                                                            ;
;   3.509  ;   0.051  ; RR ; RE   ; 2      ; Vertical_seam_tap_mux_X280_Y64_N0_I166      ; Vertical_seam_tap_mux      ; CLOCK_SEGMENT_TAP_MUX                                                                                                                                                                                        ;
;   3.614  ;   0.105  ; RR ; RE   ; 1      ; Vertical_seam_tap_mux_X280_Y64_N0_I115      ; Vertical_seam_tap_mux      ; CLOCK_SEGMENT_TAP_MUX                                                                                                                                                                                        ;
;   3.750  ;   0.136  ; RR ; RE   ; 1      ; SPINE_TAP_RE_X253_Y64_N103_I89              ; SPINE_TAP_RE               ; SPINE_TAP_RE                                                                                                                                                                                                 ;
;   3.773  ;   0.023  ; RR ; RE   ; 41     ; SPINE_TAP_RE_X253_Y64_N103_I25              ; SPINE_TAP_RE               ; SPINE_TAP_RE                                                                                                                                                                                                 ;
;   4.068  ;   0.295  ; RR ; RE   ; 2      ; SCLKMUX_RE_X253_Y70_N188_I25                ; SCLKMUX_RE                 ; SCLKMUX_RE                                                                                                                                                                                                   ;
;   4.094  ;   0.026  ; RR ; RE   ; 16     ; SCLKMUX_RE_X253_Y70_N188_I40                ; SCLKMUX_RE                 ; SCLKMUX_RE                                                                                                                                                                                                   ;
;   4.137  ;   0.043  ; RR ; RE   ; 1      ; ROWCLK_TAPOFF_X260_Y70_N0_I3                ; Row Clock Tap-Off          ; ROWCLK_TAPOFF                                                                                                                                                                                                ;
;   4.180  ;   0.043  ; RR ; RE   ; 1      ; GLOBAL_LOCAL_SEL_X260_Y70_N0_I3             ; GLOBAL_LOCAL_SEL           ; GLOBAL_LOCAL_SEL                                                                                                                                                                                             ;
;   4.206  ;   0.026  ; RR ; RE   ; 1      ; RPII_X260_Y70_N0_I3                         ; Programmable Invert Input  ; RPII                                                                                                                                                                                                         ;
;   4.206  ;   0.000  ; RR ; RE   ; 1      ; RPI_X260_Y70_N0_I3                          ; Programmable Invert        ; RPI                                                                                                                                                                                                          ;
;   4.206  ;   0.000  ; RR ; RE   ; 1      ; LAB_RE_X260_Y70_N0_I84                      ; LAB_RE                     ; clkb                                                                                                                                                                                                         ;
;   4.206  ;   0.000  ; RR ; RE   ; 1      ; LAB_RE_X260_Y70_N0_I152                     ; LAB_RE                     ; LAB_RE                                                                                                                                                                                                       ;
;   4.206  ;   0.000  ; RR ; RE   ; 12     ; LEIMCLKALE_X260_Y70_N0_I0                   ; LEIMCLKALE                 ; LEIMCLKALE                                                                                                                                                                                                   ;
;   4.206  ;   0.000  ; RR ; RE   ; 1      ; HYPERFLEX_CLK_M_MUX_X260_Y70_N0_I22         ; Hyperflex clocking network ; HIPI_M_MUX                                                                                                                                                                                                   ;
;   4.206  ;   0.000  ;    ; IC   ; 1      ; BLOCK_INPUT_MUX_PASSTHROUGH_X260_Y70_N0_I20 ; Hyper-Register             ; afu_top|pg_afu.port_gasket|pr_slot|afu_main|port_afu_instances|ofs_plat_afu|core|dma|csr_mgr_inst|i2852~0xsyn_BLOCK_INPUT_MUX_PASSTHROUGH_X260_Y70_N0_I20_dff|clk                                            ;
;   4.206  ;   0.000  ; RR ; CELL ; 1      ; BLOCK_INPUT_MUX_PASSTHROUGH_X260_Y70_N0_I20 ; Hyper-Register             ; afu_top|pg_afu.port_gasket|pr_slot|afu_main|port_afu_instances|ofs_plat_afu|core|dma|csr_mgr_inst|i2852~0xsyn_BLOCK_INPUT_MUX_PASSTHROUGH_X260_Y70_N0_I20_dff                                                ;
; 6.270    ; 2.064    ;    ;      ;        ;                                             ;                            ; data path                                                                                                                                                                                                    ;
;   4.463  ;   0.257  ; RR ; uTco ; 1      ; BLOCK_INPUT_MUX_PASSTHROUGH_X260_Y70_N0_I20 ; Hyper-Register             ; afu_top|pg_afu.port_gasket|pr_slot|afu_main|port_afu_instances|ofs_plat_afu|core|dma|csr_mgr_inst|i2852~0xsyn_BLOCK_INPUT_MUX_PASSTHROUGH_X260_Y70_N0_I20_dff|q                                              ;
;   4.463  ;   0.000  ; RR ; RE   ; 1      ; BLOCK_INPUT_MUX_PASSTHROUGH_X260_Y70_N0_I20 ; Hyper-Register             ; LEIM                                                                                                                                                                                                         ;
;   4.464  ;   0.001  ; RR ; RE   ; 1      ; BLOCK_INPUT_MUX_PASSTHROUGH_X260_Y70_N0_I20 ; Block Input Mux            ; LEIM                                                                                                                                                                                                         ;
;   4.464  ;   0.000  ; RR ; RE   ; 1      ; LAB_RE_X260_Y70_N0_I19                      ; LAB_RE                     ; leima[2]                                                                                                                                                                                                     ;
;   4.464  ;   0.000  ;    ; IC   ; 1      ; MLABCELL_X260_Y70_N15                       ; Combinational cell         ; afu_top|pg_afu.port_gasket|pr_slot|afu_main|port_afu_instances|ofs_plat_afu|core|dma|csr_mgr_inst|i2852~0|dataa                                                                                              ;
;   4.589  ;   0.125  ; RR ; CELL ; 4      ; MLABCELL_X260_Y70_N15                       ; Combinational cell         ; afu_top|pg_afu.port_gasket|pr_slot|afu_main|port_afu_instances|ofs_plat_afu|core|dma|csr_mgr_inst|i2852~0|combout                                                                                            ;
;   4.666  ;   0.077  ; RF ; CELL ; 5      ; MLABCELL_X260_Y70_N15                       ; Combinational cell         ; afu_top|pg_afu.port_gasket|pr_slot|afu_main|port_afu_instances|ofs_plat_afu|core|dma|csr_mgr_inst|i2852~0~cw_ml_mlab/laboutt[8]                                                                              ;
;   4.666  ;   0.000  ; FF ; RE   ; 1      ; MLABCELL_X260_Y70_N15                       ; Combinational cell         ; MP_MLAB_COMB                                                                                                                                                                                                 ;
;   4.672  ;   0.006  ; FF ; RE   ; 1      ; LAB_RE_X260_Y70_N0_I97                      ; LAB_RE                     ; LAB_RE                                                                                                                                                                                                       ;
;   4.764  ;   0.092  ; FF ; RE   ; 1      ; C4_X260_Y66_N0_I9                           ; C4 interconnect            ; V4                                                                                                                                                                                                           ;
;   4.818  ;   0.054  ; FF ; RE   ; 1      ; R1_X260_Y66_N0_I11                          ; R1 interconnect            ; H1                                                                                                                                                                                                           ;
;   4.856  ;   0.038  ; FR ; RE   ; 1      ; LOCAL_INTERCONNECT_X259_Y66_N0_I25          ; Block interconnect         ; LAB_LINE                                                                                                                                                                                                     ;
;   4.897  ;   0.041  ; RF ; RE   ; 1      ; BLOCK_INPUT_MUX_PASSTHROUGH_X259_Y66_N0_I82 ; Block Input Mux            ; LEIM                                                                                                                                                                                                         ;
;   4.897  ;   0.000  ; FF ; RE   ; 5      ; LAB_RE_X259_Y66_N0_I80                      ; LAB_RE                     ; lsim[0]                                                                                                                                                                                                      ;
;   4.897  ;   0.000  ;    ; IC   ; 2      ; FF_X259_Y66_N13                             ; Bypassed ALM Register      ; afu_top|pg_afu.port_gasket|pr_slot|afu_main|port_afu_instances|ofs_plat_afu|core|dma|csr_mgr_inst|dma_csr_map.descriptor.length[14]~DUPLICATE.comb|ena                                                       ;
;   5.074  ;   0.177  ; FR ; CELL ; 4      ; FF_X259_Y66_N13                             ; Bypassed ALM Register      ; afu_top|pg_afu.port_gasket|pr_slot|afu_main|port_afu_instances|ofs_plat_afu|core|dma|csr_mgr_inst|dma_csr_map.descriptor.length[14]~DUPLICATE.comb|q                                                         ;
;   5.074  ;   0.000  ; RR ; RE   ; 1      ; FF_X259_Y66_N13                             ; Bypassed ALM Register      ; FF                                                                                                                                                                                                           ;
;   5.083  ;   0.009  ; RR ; RE   ; 3      ; LAB_RE_X259_Y66_N0_I97                      ; LAB_RE                     ; LAB_RE                                                                                                                                                                                                       ;
;   5.133  ;   0.050  ; RR ; RE   ; 1      ; C1_X259_Y66_N0_I8                           ; C1 interconnect            ; V1                                                                                                                                                                                                           ;
;   5.167  ;   0.034  ; RR ; RE   ; 1      ; C1_X259_Y67_N0_I8                           ; C1 interconnect            ; V1                                                                                                                                                                                                           ;
;   5.240  ;   0.073  ; RR ; RE   ; 1      ; C1_X259_Y68_N0_I8                           ; C1 interconnect            ; V1                                                                                                                                                                                                           ;
;   5.274  ;   0.034  ; RF ; RE   ; 4      ; LOCAL_INTERCONNECT_X259_Y69_N0_I20          ; Block interconnect         ; LAB_LINE                                                                                                                                                                                                     ;
;   5.304  ;   0.030  ; FR ; RE   ; 1      ; BLOCK_INPUT_MUX_PASSTHROUGH_X259_Y69_N0_I23 ; Block Input Mux            ; LEIM                                                                                                                                                                                                         ;
;   5.304  ;   0.000  ; RR ; RE   ; 1      ; LAB_RE_X259_Y69_N0_I17                      ; LAB_RE                     ; leimd0[2]                                                                                                                                                                                                    ;
;   5.304  ;   0.000  ;    ; IC   ; 1      ; LABCELL_X259_Y69_N15                        ; Combinational cell         ; afu_top|pg_afu.port_gasket|pr_slot|afu_main|port_afu_instances|ofs_plat_afu|core|dma|csr_mgr_inst|LessThan_3~2|datad                                                                                         ;
;   5.378  ;   0.074  ; RF ; CELL ; 2      ; LABCELL_X259_Y69_N15                        ; Combinational cell         ; afu_top|pg_afu.port_gasket|pr_slot|afu_main|port_afu_instances|ofs_plat_afu|core|dma|csr_mgr_inst|LessThan_3~2|combout                                                                                       ;
;   5.378  ;   0.000  ; FF ; RE   ; 1      ; LABCELL_X259_Y69_N15                        ; Combinational cell         ; MP_LAB_COMB                                                                                                                                                                                                  ;
;   5.381  ;   0.003  ; FF ; RE   ; 1      ; LAB_RE_X259_Y69_N0_I136                     ; LAB_RE                     ; LAB_RE                                                                                                                                                                                                       ;
;   5.425  ;   0.044  ; FR ; RE   ; 3      ; LOCAL_INTERCONNECT_X259_Y69_N0_I19          ; Block interconnect         ; LAB_LINE                                                                                                                                                                                                     ;
;   5.460  ;   0.035  ; RF ; RE   ; 1      ; BLOCK_INPUT_MUX_PASSTHROUGH_X259_Y69_N0_I76 ; Block Input Mux            ; LEIM                                                                                                                                                                                                         ;
;   5.460  ;   0.000  ; FF ; RE   ; 1      ; LAB_RE_X259_Y69_N0_I75                      ; LAB_RE                     ; leima[9]                                                                                                                                                                                                     ;
;   5.460  ;   0.000  ;    ; IC   ; 1      ; LABCELL_X259_Y69_N57                        ; Combinational cell         ; afu_top|pg_afu.port_gasket|pr_slot|afu_main|port_afu_instances|ofs_plat_afu|core|dma|csr_mgr_inst|i919~41xsyn_48|dataa                                                                                       ;
;   5.639  ;   0.179  ; FR ; CELL ; 1      ; LABCELL_X259_Y69_N57                        ; Combinational cell         ; afu_top|pg_afu.port_gasket|pr_slot|afu_main|port_afu_instances|ofs_plat_afu|core|dma|csr_mgr_inst|i919~41xsyn_48|combout                                                                                     ;
;   5.639  ;   0.000  ; RR ; RE   ; 1      ; LABCELL_X259_Y69_N57                        ; Combinational cell         ; MP_LAB_COMB                                                                                                                                                                                                  ;
;   5.645  ;   0.006  ; RR ; RE   ; 1      ; LAB_RE_X259_Y69_N0_I126                     ; LAB_RE                     ; LAB_RE                                                                                                                                                                                                       ;
;   5.683  ;   0.038  ; RR ; RE   ; 1      ; R1_X259_Y69_N0_I39                          ; R1 interconnect            ; H1                                                                                                                                                                                                           ;
;   5.711  ;   0.028  ; RF ; RE   ; 1      ; LOCAL_INTERCONNECT_X258_Y69_N0_I64          ; Block interconnect         ; LAB_LINE                                                                                                                                                                                                     ;
;   5.741  ;   0.030  ; FR ; RE   ; 1      ; BLOCK_INPUT_MUX_PASSTHROUGH_X258_Y69_N0_I60 ; Block Input Mux            ; LEIM                                                                                                                                                                                                         ;
;   5.741  ;   0.000  ; RR ; RE   ; 1      ; LAB_RE_X258_Y69_N0_I59                      ; LAB_RE                     ; leima[7]                                                                                                                                                                                                     ;
;   5.741  ;   0.000  ;    ; IC   ; 1      ; MLABCELL_X258_Y69_N45                       ; Combinational cell         ; afu_top|pg_afu.port_gasket|pr_slot|afu_main|port_afu_instances|ofs_plat_afu|core|dma|csr_mgr_inst|i919~42xsyn_50|dataa                                                                                       ;
;   5.909  ;   0.168  ; RR ; CELL ; 1      ; MLABCELL_X258_Y69_N45                       ; Combinational cell         ; afu_top|pg_afu.port_gasket|pr_slot|afu_main|port_afu_instances|ofs_plat_afu|core|dma|csr_mgr_inst|i919~42xsyn_50|combout                                                                                     ;
;   5.909  ;   0.000  ; RR ; RE   ; 1      ; MLABCELL_X258_Y69_N45                       ; Combinational cell         ; MP_MLAB_COMB                                                                                                                                                                                                 ;
;   5.917  ;   0.008  ; RR ; RE   ; 1      ; LAB_RE_X258_Y69_N0_I118                     ; LAB_RE                     ; LAB_RE                                                                                                                                                                                                       ;
;   5.950  ;   0.033  ; RF ; RE   ; 2      ; LOCAL_INTERCONNECT_X258_Y69_N0_I62          ; Block interconnect         ; LAB_LINE                                                                                                                                                                                                     ;
;   5.979  ;   0.029  ; FR ; RE   ; 1      ; BLOCK_INPUT_MUX_PASSTHROUGH_X258_Y69_N0_I79 ; Block Input Mux            ; LEIM                                                                                                                                                                                                         ;
;   5.979  ;   0.000  ; RR ; RE   ; 1      ; LAB_RE_X258_Y69_N0_I73                      ; LAB_RE                     ; leimd0[9]                                                                                                                                                                                                    ;
;   5.979  ;   0.000  ;    ; IC   ; 1      ; MLABCELL_X258_Y69_N57                       ; Combinational cell         ; afu_top|pg_afu.port_gasket|pr_slot|afu_main|port_afu_instances|ofs_plat_afu|core|dma|csr_mgr_inst|Select_0~10xsyn_20|datad                                                                                   ;
;   6.039  ;   0.060  ; RF ; CELL ; 2      ; MLABCELL_X258_Y69_N57                       ; Combinational cell         ; afu_top|pg_afu.port_gasket|pr_slot|afu_main|port_afu_instances|ofs_plat_afu|core|dma|csr_mgr_inst|Select_0~10xsyn_20|combout                                                                                 ;
;   6.103  ;   0.064  ; FR ; CELL ; 1      ; MLABCELL_X258_Y69_N57                       ; Combinational cell         ; afu_top|pg_afu.port_gasket|pr_slot|afu_main|port_afu_instances|ofs_plat_afu|core|dma|csr_mgr_inst|Select_0~10xsyn_20~cw_ml_mlab/laboutb[17]                                                                  ;
;   6.103  ;   0.000  ; RR ; RE   ; 1      ; MLABCELL_X258_Y69_N57                       ; Combinational cell         ; MP_MLAB_COMB                                                                                                                                                                                                 ;
;   6.109  ;   0.006  ; RR ; RE   ; 1      ; LAB_RE_X258_Y69_N0_I126                     ; LAB_RE                     ; LAB_RE                                                                                                                                                                                                       ;
;   6.149  ;   0.040  ; RR ; RE   ; 1      ; R0_X258_Y69_N0_I65                          ; R0 interconnect            ; H0                                                                                                                                                                                                           ;
;   6.242  ;   0.093  ; RR ; RE   ; 1      ; C1_X258_Y69_N0_I26                          ; C1 interconnect            ; V1                                                                                                                                                                                                           ;
;   6.270  ;   0.028  ; RF ; RE   ; 1      ; LOCAL_INTERCONNECT_X258_Y70_N0_I46          ; Block interconnect         ; LAB_LINE                                                                                                                                                                                                     ;
;   6.270  ;   0.000  ;    ; IC   ; 1      ; BLOCK_INPUT_MUX_PASSTHROUGH_X258_Y70_N0_I42 ; Hyper-Register             ; afu_top|pg_afu.port_gasket|pr_slot|afu_main|port_afu_instances|ofs_plat_afu|core|dma|csr_mgr_inst|Select_0~10xsyn_20_BLOCK_INPUT_MUX_PASSTHROUGH_X258_Y70_N0_I42_dff|d                                       ;
;   6.270  ;   0.000  ; FF ; CELL ; 1      ; BLOCK_INPUT_MUX_PASSTHROUGH_X258_Y70_N0_I42 ; Hyper-Register             ; afu_top|pg_afu.port_gasket|pr_slot|afu_main|port_afu_instances|ofs_plat_afu|core|dma|csr_mgr_inst|Select_0~10xsyn_20_BLOCK_INPUT_MUX_PASSTHROUGH_X258_Y70_N0_I42_dff                                         ;
+----------+----------+----+------+--------+---------------------------------------------+----------------------------+--------------------------------------------------------------------------------------------------------------------------------------------------------------------------------------------------------------+

+-----------------------------------------------------------------------------------------------------------------------------------------------------------------------------------------------------------------------------------------------------------------------------------------------------------------------------------+
; Data Required Path                                                                                                                                                                                                                                                                                                                ;
+---------+----------+----+------+--------+---------------------------------------------+----------------------------+--------------------------------------------------------------------------------------------------------------------------------------------------------------------------------------------------------------+
; Total   ; Incr     ; RF ; Type ; Fanout ; Location                                    ; Element Type               ; Element                                                                                                                                                                                                      ;
+---------+----------+----+------+--------+---------------------------------------------+----------------------------+--------------------------------------------------------------------------------------------------------------------------------------------------------------------------------------------------------------+
; 3.000   ; 3.000    ;    ;      ;        ;                                             ;                            ; latch edge time                                                                                                                                                                                              ;
; 7.146   ; 4.146    ;    ;      ;        ;                                             ;                            ; clock path                                                                                                                                                                                                   ;
;   3.000 ;   0.000  ;    ;      ;        ;                                             ;                            ; source latency                                                                                                                                                                                               ;
;   3.000 ;   0.000  ;    ;      ; 1      ; PIN_HF23                                    ; I/O pad                    ; ddr4_mem_ref_clk[0].clk                                                                                                                                                                                      ;
;   3.000 ;   0.000  ;    ; IC   ; 1      ; IOIBUF_X280_Y0_N376                         ; I/O input buffer           ; ddr4_mem_ref_clk[0].clk~input|i                                                                                                                                                                              ;
;   3.129 ;   0.129  ; RR ; CELL ; 2      ; IOIBUF_X280_Y0_N376                         ; I/O input buffer           ; ddr4_mem_ref_clk[0].clk~input|o                                                                                                                                                                              ;
;   4.090 ;   0.961  ; RR ; CELL ; 1      ; REFCLKINPUT_X281_Y0_N301                    ; I/O reference clock tree   ; local_mem_wrapper|mem_ss_top|mem_ss_sv|mem_ss|mem_ss|emif_0|emif_0|arch|arch_inst|pll_inst|pll_inst~refclk|ref_clk_in                                                                                        ;
;   4.251 ;   0.161  ; RR ; CELL ; 3      ; REFCLKINPUT_X281_Y0_N301                    ; I/O reference clock tree   ; local_mem_wrapper|mem_ss_top|mem_ss_sv|mem_ss|mem_ss|emif_0|emif_0|arch|arch_inst|pll_inst|pll_inst~refclk|ref0_to_btm                                                                                       ;
;   4.736 ;   0.485  ; RR ; CELL ; 1      ; REFCLKINPUT_X281_Y0_N301                    ; I/O reference clock tree   ; local_mem_wrapper|mem_ss_top|mem_ss_sv|mem_ss|mem_ss|emif_0|emif_0|arch|arch_inst|pll_inst|pll_inst~refclk|clk_out                                                                                           ;
;   4.736 ;   0.000  ; RR ; CELL ; 1      ; IOPLL_X281_Y0_N303                          ; IOPLL                      ; local_mem_wrapper|mem_ss_top|mem_ss_sv|mem_ss|mem_ss|emif_0|emif_0|arch|arch_inst|pll_inst|pll_inst|pll_cascade_in                                                                                           ;
;   4.929 ;   0.193  ; RR ; CELL ; 2      ; IOPLL_X281_Y0_N303                          ; IOPLL                      ; local_mem_wrapper|mem_ss_top|mem_ss_sv|mem_ss|mem_ss|emif_0|emif_0|arch|arch_inst|pll_inst|pll_inst~fmio96fs_wr/x0/fmio96_core_inst/fmio48tile_top/x5/u4_3/x0/xiopll_custom/xclkin_sw/xpm_pll_so/clk[0]      ;
;   5.101 ;   0.172  ; RR ; CELL ; 2      ; IOPLL_X281_Y0_N303                          ; IOPLL                      ; local_mem_wrapper|mem_ss_top|mem_ss_sv|mem_ss|mem_ss|emif_0|emif_0|arch|arch_inst|pll_inst|pll_inst~fmio96fs_wr/x0/fmio96_core_inst/fmio48tile_top/x5/u4_3/x0/xiopll_custom/xiopll_core/xncnt_iopll/clk      ;
;   5.259 ;   0.158  ; RR ; CELL ; 3      ; IOPLL_X281_Y0_N303                          ; IOPLL                      ; local_mem_wrapper|mem_ss_top|mem_ss_sv|mem_ss|mem_ss|emif_0|emif_0|arch|arch_inst|pll_inst|pll_inst~pllnout                                                                                                  ;
;   5.389 ;   0.130  ; RF ; CELL ; 1      ; IOPLL_X281_Y0_N303                          ; IOPLL                      ; local_mem_wrapper|mem_ss_top|mem_ss_sv|mem_ss|mem_ss|emif_0|emif_0|arch|arch_inst|pll_inst|pll_inst~vco_refclk                                                                                               ;
;   5.397 ;   0.008  ; FR ; CELL ; 1      ; IOPLL_X281_Y0_N303                          ; IOPLL                      ; local_mem_wrapper|mem_ss_top|mem_ss_sv|mem_ss|mem_ss|emif_0|emif_0|arch|arch_inst|pll_inst|pll_inst~vctrl                                                                                                    ;
;   4.482 ;   -0.915 ; RR ; COMP ; 1      ; IOPLL_X281_Y0_N303                          ; IOPLL                      ; local_mem_wrapper|mem_ss_top|mem_ss_sv|mem_ss|mem_ss|emif_0|emif_0|arch|arch_inst|pll_inst|pll_inst~vcoph[0]                                                                                                 ;
;   4.482 ;   0.000  ; RR ; CELL ; 10     ; IOPLL_X281_Y0_N303                          ; IOPLL                      ; local_mem_wrapper|mem_ss_top|mem_ss_sv|mem_ss|mem_ss|emif_0|emif_0|arch|arch_inst|pll_inst|pll_inst|vcoph[0]                                                                                                 ;
;   4.482 ;   0.000  ; RR ; CELL ; 3      ; TILECTRL_X281_Y0_N298                       ; I/O tile control logic     ; local_mem_wrapper|mem_ss_top|mem_ss_sv|mem_ss|mem_ss|emif_0|emif_0|arch|arch_inst|io_tiles_wrap_inst|io_tiles_inst|tile_gen[1].tile_ctrl_inst|pll_vco_in[0]                                                  ;
;   1.575 ;   -2.907 ; RR ; COMP ; 1      ; TILECTRL_X281_Y0_N298                       ; I/O tile control logic     ; local_mem_wrapper|mem_ss_top|mem_ss_sv|mem_ss|mem_ss|emif_0|emif_0|arch|arch_inst|io_tiles_wrap_inst|io_tiles_inst|tile_gen[1].tile_ctrl_inst|pa_core_clk_out[0]                                             ;
;   2.199 ;   0.624  ; RR ; CELL ; 16258  ; TILECTRL_X281_Y0_N298                       ; I/O tile control logic     ; local_mem_wrapper|mem_ss_top|mem_ss_sv|mem_ss|mem_ss|emif_0|emif_0|arch|arch_inst|io_tiles_wrap_inst|io_tiles_inst|tile_gen[1].tile_ctrl_inst~fmio96fs_wr/m32_0_29__iophasealignment_to_dcm__core_clk_out[1] ;
;   2.199 ;   0.000  ;    ; IC   ; 1      ; Boundary Port                               ; N/A                        ; afu_top|pg_afu.port_gasket|pr_slot|afu_main|ext_mem_if[0].clk|input                                                                                                                                          ;
;   2.199 ;   0.000  ; RR ; CELL ; 105325 ; Boundary Port                               ; N/A                        ; afu_top|pg_afu.port_gasket|pr_slot|afu_main|ext_mem_if[0].clk                                                                                                                                                ;
;   2.199 ;   0.000  ; RR ; RE   ; 1      ; TILECTRL_X281_Y0_N298                       ; I/O tile control logic     ; TILE_CTRL                                                                                                                                                                                                    ;
;   2.265 ;   0.066  ; RR ; RE   ; 1      ; IO96FSWRRE_X280_Y0_N0_I3537                 ; IO96FS_WR_RE               ; IO96FS_WR_RE                                                                                                                                                                                                 ;
;   2.361 ;   0.096  ; RR ; RE   ; 1      ; DCM_mux_X307_Y2_N0_I29                      ; DCM_mux                    ; CC_DCM_GMUX_RE                                                                                                                                                                                               ;
;   2.430 ;   0.069  ; RR ; RE   ; 1      ; IO_P2C_RE_X280_Y2_N150_I75                  ; IO_P2C_RE                  ; IO_P2C_RE                                                                                                                                                                                                    ;
;   2.456 ;   0.026  ; RR ; RE   ; 1      ; IO_P2C_RE_X280_Y2_N150_I26                  ; IO_P2C_RE                  ; IO_P2C_RE                                                                                                                                                                                                    ;
;   2.504 ;   0.048  ; RR ; RE   ; 1      ; Switchbox_clock_mux_X280_Y2_N0_I197         ; Switchbox_clock_mux        ; CLOCK_SEGMENT_MUX                                                                                                                                                                                            ;
;   2.607 ;   0.103  ; RR ; RE   ; 1      ; Switchbox_clock_mux_X280_Y2_N0_I105         ; Switchbox_clock_mux        ; CLOCK_SEGMENT_MUX                                                                                                                                                                                            ;
;   2.639 ;   0.032  ; RF ; RE   ; 1      ; Vertical_seam_tap_mux_X280_Y23_N0_I165      ; Vertical_seam_tap_mux      ; CLOCK_SEGMENT_TAP_MUX                                                                                                                                                                                        ;
;   2.705 ;   0.066  ; FR ; RE   ; 1      ; Vertical_seam_tap_mux_X280_Y23_N0_I53       ; Vertical_seam_tap_mux      ; CLOCK_SEGMENT_TAP_MUX                                                                                                                                                                                        ;
;   2.749 ;   0.044  ; RR ; RE   ; 1      ; Switchbox_clock_mux_X280_Y43_N0_I197        ; Switchbox_clock_mux        ; CLOCK_SEGMENT_MUX                                                                                                                                                                                            ;
;   2.852 ;   0.103  ; RR ; RE   ; 1      ; Switchbox_clock_mux_X280_Y43_N0_I105        ; Switchbox_clock_mux        ; CLOCK_SEGMENT_MUX                                                                                                                                                                                            ;
;   2.884 ;   0.032  ; RF ; RE   ; 1      ; Vertical_seam_tap_mux_X280_Y64_N0_I165      ; Vertical_seam_tap_mux      ; CLOCK_SEGMENT_TAP_MUX                                                                                                                                                                                        ;
;   2.950 ;   0.066  ; FR ; RE   ; 1      ; Vertical_seam_tap_mux_X280_Y64_N0_I53       ; Vertical_seam_tap_mux      ; CLOCK_SEGMENT_TAP_MUX                                                                                                                                                                                        ;
;   2.993 ;   0.043  ; RR ; RE   ; 1      ; Switchbox_clock_mux_X280_Y84_N0_I197        ; Switchbox_clock_mux        ; CLOCK_SEGMENT_MUX                                                                                                                                                                                            ;
;   3.090 ;   0.097  ; RR ; RE   ; 1      ; Switchbox_clock_mux_X280_Y84_N0_I105        ; Switchbox_clock_mux        ; CLOCK_SEGMENT_MUX                                                                                                                                                                                            ;
;   3.122 ;   0.032  ; RF ; RE   ; 1      ; Vertical_seam_tap_mux_X280_Y105_N0_I165     ; Vertical_seam_tap_mux      ; CLOCK_SEGMENT_TAP_MUX                                                                                                                                                                                        ;
;   3.187 ;   0.065  ; FR ; RE   ; 1      ; Vertical_seam_tap_mux_X280_Y105_N0_I53      ; Vertical_seam_tap_mux      ; CLOCK_SEGMENT_TAP_MUX                                                                                                                                                                                        ;
;   3.231 ;   0.044  ; RR ; RE   ; 1      ; Switchbox_clock_mux_X280_Y125_N0_I197       ; Switchbox_clock_mux        ; CLOCK_SEGMENT_MUX                                                                                                                                                                                            ;
;   3.327 ;   0.096  ; RR ; RE   ; 1      ; Switchbox_clock_mux_X280_Y125_N0_I105       ; Switchbox_clock_mux        ; CLOCK_SEGMENT_MUX                                                                                                                                                                                            ;
;   3.359 ;   0.032  ; RF ; RE   ; 1      ; Vertical_seam_tap_mux_X280_Y146_N0_I165     ; Vertical_seam_tap_mux      ; CLOCK_SEGMENT_TAP_MUX                                                                                                                                                                                        ;
;   3.424 ;   0.065  ; FR ; RE   ; 1      ; Vertical_seam_tap_mux_X280_Y146_N0_I53      ; Vertical_seam_tap_mux      ; CLOCK_SEGMENT_TAP_MUX                                                                                                                                                                                        ;
;   3.469 ;   0.045  ; RR ; RE   ; 1      ; Switchbox_clock_mux_X280_Y166_N0_I197       ; Switchbox_clock_mux        ; CLOCK_SEGMENT_MUX                                                                                                                                                                                            ;
;   3.677 ;   0.208  ; RR ; RE   ; 1      ; Switchbox_clock_mux_X280_Y166_N0_I106       ; Switchbox_clock_mux        ; CLOCK_SEGMENT_MUX                                                                                                                                                                                            ;
;   3.723 ;   0.046  ; RR ; RE   ; 1      ; Switchbox_clock_mux_X226_Y166_N0_I229       ; Switchbox_clock_mux        ; CLOCK_SEGMENT_MUX                                                                                                                                                                                            ;
;   3.767 ;   0.044  ; RR ; RE   ; 2      ; Switchbox_clock_mux_X226_Y166_N0_I153       ; Switchbox_clock_mux        ; CLOCK_SEGMENT_MUX                                                                                                                                                                                            ;
;   3.862 ;   0.095  ; RR ; RE   ; 1      ; Switchbox_clock_mux_X226_Y166_N0_I103       ; Switchbox_clock_mux        ; CLOCK_SEGMENT_MUX                                                                                                                                                                                            ;
;   3.894 ;   0.032  ; RF ; RE   ; 1      ; Vertical_seam_tap_mux_X226_Y146_N0_I134     ; Vertical_seam_tap_mux      ; CLOCK_SEGMENT_TAP_MUX                                                                                                                                                                                        ;
;   3.960 ;   0.066  ; FR ; RE   ; 1      ; Vertical_seam_tap_mux_X226_Y146_N0_I50      ; Vertical_seam_tap_mux      ; CLOCK_SEGMENT_TAP_MUX                                                                                                                                                                                        ;
;   4.008 ;   0.048  ; RR ; RE   ; 1      ; Switchbox_clock_mux_X226_Y125_N0_I166       ; Switchbox_clock_mux        ; CLOCK_SEGMENT_MUX                                                                                                                                                                                            ;
;   4.103 ;   0.095  ; RR ; RE   ; 1      ; Switchbox_clock_mux_X226_Y125_N0_I103       ; Switchbox_clock_mux        ; CLOCK_SEGMENT_MUX                                                                                                                                                                                            ;
;   4.135 ;   0.032  ; RF ; RE   ; 1      ; Vertical_seam_tap_mux_X226_Y105_N0_I134     ; Vertical_seam_tap_mux      ; CLOCK_SEGMENT_TAP_MUX                                                                                                                                                                                        ;
;   4.201 ;   0.066  ; FR ; RE   ; 1      ; Vertical_seam_tap_mux_X226_Y105_N0_I50      ; Vertical_seam_tap_mux      ; CLOCK_SEGMENT_TAP_MUX                                                                                                                                                                                        ;
;   4.248 ;   0.047  ; RR ; RE   ; 2      ; Switchbox_clock_mux_X226_Y84_N0_I166        ; Switchbox_clock_mux        ; CLOCK_SEGMENT_MUX                                                                                                                                                                                            ;
;   4.467 ;   0.219  ; RR ; RE   ; 1      ; Switchbox_clock_mux_X226_Y84_N0_I102        ; Switchbox_clock_mux        ; CLOCK_SEGMENT_MUX                                                                                                                                                                                            ;
;   4.512 ;   0.045  ; RR ; RE   ; 1      ; Switchbox_clock_mux_X280_Y84_N0_I230        ; Switchbox_clock_mux        ; CLOCK_SEGMENT_MUX                                                                                                                                                                                            ;
;   4.720 ;   0.208  ; RR ; RE   ; 1      ; Switchbox_clock_mux_X280_Y84_N0_I100        ; Switchbox_clock_mux        ; CLOCK_SEGMENT_MUX                                                                                                                                                                                            ;
;   4.766 ;   0.046  ; RR ; RE   ; 2      ; Switchbox_clock_mux_X334_Y84_N0_I230        ; Switchbox_clock_mux        ; CLOCK_SEGMENT_MUX                                                                                                                                                                                            ;
;   4.862 ;   0.096  ; RR ; RE   ; 1      ; Switchbox_clock_mux_X334_Y84_N0_I103        ; Switchbox_clock_mux        ; CLOCK_SEGMENT_MUX                                                                                                                                                                                            ;
;   4.894 ;   0.032  ; RF ; RE   ; 1      ; Vertical_seam_tap_mux_X334_Y64_N0_I134      ; Vertical_seam_tap_mux      ; CLOCK_SEGMENT_TAP_MUX                                                                                                                                                                                        ;
;   4.958 ;   0.064  ; FR ; RE   ; 1      ; Vertical_seam_tap_mux_X334_Y64_N0_I50       ; Vertical_seam_tap_mux      ; CLOCK_SEGMENT_TAP_MUX                                                                                                                                                                                        ;
;   5.005 ;   0.047  ; RR ; RE   ; 2      ; Switchbox_clock_mux_X334_Y43_N0_I166        ; Switchbox_clock_mux        ; CLOCK_SEGMENT_MUX                                                                                                                                                                                            ;
;   5.223 ;   0.218  ; RR ; RE   ; 1      ; Switchbox_clock_mux_X334_Y43_N0_I102        ; Switchbox_clock_mux        ; CLOCK_SEGMENT_MUX                                                                                                                                                                                            ;
;   5.270 ;   0.047  ; RR ; RE   ; 2      ; Switchbox_clock_mux_X280_Y43_N0_I262        ; Switchbox_clock_mux        ; CLOCK_SEGMENT_MUX                                                                                                                                                                                            ;
;   5.373 ;   0.103  ; RR ; RE   ; 1      ; Switchbox_clock_mux_X280_Y43_N0_I101        ; Switchbox_clock_mux        ; CLOCK_SEGMENT_MUX                                                                                                                                                                                            ;
;   5.418 ;   0.045  ; RR ; RE   ; 2      ; Vertical_seam_tap_mux_X280_Y64_N0_I166      ; Vertical_seam_tap_mux      ; CLOCK_SEGMENT_TAP_MUX                                                                                                                                                                                        ;
;   5.515 ;   0.097  ; RR ; RE   ; 1      ; Vertical_seam_tap_mux_X280_Y64_N0_I115      ; Vertical_seam_tap_mux      ; CLOCK_SEGMENT_TAP_MUX                                                                                                                                                                                        ;
;   5.635 ;   0.120  ; RR ; RE   ; 1      ; SPINE_TAP_RE_X253_Y64_N103_I89              ; SPINE_TAP_RE               ; SPINE_TAP_RE                                                                                                                                                                                                 ;
;   5.657 ;   0.022  ; RR ; RE   ; 41     ; SPINE_TAP_RE_X253_Y64_N103_I25              ; SPINE_TAP_RE               ; SPINE_TAP_RE                                                                                                                                                                                                 ;
;   5.915 ;   0.258  ; RR ; RE   ; 2      ; SCLKMUX_RE_X253_Y70_N188_I25                ; SCLKMUX_RE                 ; SCLKMUX_RE                                                                                                                                                                                                   ;
;   5.936 ;   0.021  ; RR ; RE   ; 16     ; SCLKMUX_RE_X253_Y70_N188_I40                ; SCLKMUX_RE                 ; SCLKMUX_RE                                                                                                                                                                                                   ;
;   5.973 ;   0.037  ; RR ; RE   ; 1      ; ROWCLK_TAPOFF_X258_Y70_N0_I3                ; Row Clock Tap-Off          ; ROWCLK_TAPOFF                                                                                                                                                                                                ;
;   6.006 ;   0.033  ; RR ; RE   ; 1      ; GLOBAL_LOCAL_SEL_X258_Y70_N0_I2             ; GLOBAL_LOCAL_SEL           ; GLOBAL_LOCAL_SEL                                                                                                                                                                                             ;
;   6.027 ;   0.021  ; RR ; RE   ; 1      ; RPII_X258_Y70_N0_I2                         ; Programmable Invert Input  ; RPII                                                                                                                                                                                                         ;
;   6.027 ;   0.000  ; RR ; RE   ; 1      ; RPI_X258_Y70_N0_I2                          ; Programmable Invert        ; RPI                                                                                                                                                                                                          ;
;   6.027 ;   0.000  ; RR ; RE   ; 11     ; LAB_RE_X258_Y70_N0_I83                      ; LAB_RE                     ; clka                                                                                                                                                                                                         ;
;   6.027 ;   0.000  ; RR ; RE   ; 1      ; LAB_RE_X258_Y70_N0_I150                     ; LAB_RE                     ; LAB_RE                                                                                                                                                                                                       ;
;   6.027 ;   0.000  ; RR ; RE   ; 52     ; LEIMCLKALE_X258_Y70_N0_I0                   ; LEIMCLKALE                 ; LEIMCLKALE                                                                                                                                                                                                   ;
;   6.027 ;   0.000  ; RR ; RE   ; 1      ; HYPERFLEX_CLK_M_MUX_X258_Y70_N0_I47         ; Hyperflex clocking network ; HIPI_M_MUX                                                                                                                                                                                                   ;
;   6.027 ;   0.000  ;    ; IC   ; 1      ; BLOCK_INPUT_MUX_PASSTHROUGH_X258_Y70_N0_I42 ; Hyper-Register             ; afu_top|pg_afu.port_gasket|pr_slot|afu_main|port_afu_instances|ofs_plat_afu|core|dma|csr_mgr_inst|Select_0~10xsyn_20_BLOCK_INPUT_MUX_PASSTHROUGH_X258_Y70_N0_I42_dff|clk                                     ;
;   6.027 ;   0.000  ; RR ; CELL ; 1      ; BLOCK_INPUT_MUX_PASSTHROUGH_X258_Y70_N0_I42 ; Hyper-Register             ; afu_top|pg_afu.port_gasket|pr_slot|afu_main|port_afu_instances|ofs_plat_afu|core|dma|csr_mgr_inst|Select_0~10xsyn_20_BLOCK_INPUT_MUX_PASSTHROUGH_X258_Y70_N0_I42_dff                                         ;
;   7.180 ;   1.153  ;    ;      ;        ;                                             ;                            ; clock pessimism removed                                                                                                                                                                                      ;
;   7.146 ;   -0.034 ;    ;      ;        ;                                             ;                            ; advanced clock effects                                                                                                                                                                                       ;
; 7.116   ; -0.030   ;    ;      ;        ;                                             ;                            ; clock uncertainty                                                                                                                                                                                            ;
; 7.248   ; 0.132    ;    ; uTsu ; 1      ; BLOCK_INPUT_MUX_PASSTHROUGH_X258_Y70_N0_I42 ; Hyper-Register             ; afu_top|pg_afu.port_gasket|pr_slot|afu_main|port_afu_instances|ofs_plat_afu|core|dma|csr_mgr_inst|Select_0~10xsyn_20_BLOCK_INPUT_MUX_PASSTHROUGH_X258_Y70_N0_I42_dff                                         ;
+---------+----------+----+------+--------+---------------------------------------------+----------------------------+--------------------------------------------------------------------------------------------------------------------------------------------------------------------------------------------------------------+


Path #4: Setup slack is 0.999 
===============================================================================
+-------------------------------------------------------------------------------------------------------------------------------------------------------------------------------------------------+
; Path Summary                                                                                                                                                                                    ;
+---------------------------------+---------------------------------------------------------------------------------------------------------------------------------------------------------------+
; Property                        ; Value                                                                                                                                                         ;
+---------------------------------+---------------------------------------------------------------------------------------------------------------------------------------------------------------+
; From Node                       ; afu_top|pg_afu.port_gasket|pr_slot|afu_main|port_afu_instances|ofs_plat_afu|core|dma|csr_mgr_inst|i2852~0xsyn_BLOCK_INPUT_MUX_PASSTHROUGH_X260_Y70_N0_I20_dff ;
; To Node                         ; afu_top|pg_afu.port_gasket|pr_slot|afu_main|port_afu_instances|ofs_plat_afu|core|dma|csr_mgr_inst|add_0~31_BLOCK_INPUT_MUX_PASSTHROUGH_X261_Y67_N0_I8_dff     ;
; Launch Clock                    ; local_mem_wrapper|mem_ss_top|mem_ss_sv|mem_ss|mem_ss|emif_0|emif_0_core_usr_clk                                                                               ;
; Latch Clock                     ; local_mem_wrapper|mem_ss_top|mem_ss_sv|mem_ss|mem_ss|emif_0|emif_0_core_usr_clk                                                                               ;
; SDC Exception                   ; No SDC Exception on Path                                                                                                                                      ;
; Data Arrival Time               ; 6.219                                                                                                                                                         ;
; Data Required Time              ; 7.218                                                                                                                                                         ;
; Slack                           ; 0.999                                                                                                                                                         ;
; Worst-Case Operating Conditions ; Slow vid2 100C Model                                                                                                                                          ;
+---------------------------------+---------------------------------------------------------------------------------------------------------------------------------------------------------------+

+--------------------------------------------------------------------------------------+
; Statistics                                                                           ;
+------------------------+--------+-------+-------------+------------+--------+--------+
; Property               ; Value  ; Count ; Total Delay ; % of Total ; Min    ; Max    ;
+------------------------+--------+-------+-------------+------------+--------+--------+
; Setup Relationship     ; 3.000  ;       ;             ;            ;        ;        ;
; Clock Skew             ; -0.094 ;       ;             ;            ;        ;        ;
; Data Delay             ; 2.013  ;       ;             ;            ;        ;        ;
; Number of Logic Levels ;        ; 2     ;             ;            ;        ;        ;
; Physical Delays        ;        ;       ;             ;            ;        ;        ;
;  Arrival Path          ;        ;       ;             ;            ;        ;        ;
;   Clock                ;        ;       ;             ;            ;        ;        ;
;    IC                  ;        ; 3     ; 0.000       ; 0          ; 0.000  ; 0.000  ;
;    Cell                ;        ; 15    ; 3.475       ; 45         ; 0.000  ; 1.131  ;
;    PLL Compensation    ;        ; 2     ; -3.497      ; 0          ; -2.694 ; -0.803 ;
;    Routing Element     ;        ; 58    ; 4.228       ; 55         ; 0.000  ; 0.295  ;
;   Data                 ;        ;       ;             ;            ;        ;        ;
;    IC                  ;        ; 5     ; 0.000       ; 0          ; 0.000  ; 0.000  ;
;    Cell                ;        ; 16    ; 0.950       ; 47         ; 0.000  ; 0.307  ;
;    uTco                ;        ; 1     ; 0.257       ; 13         ; 0.257  ; 0.257  ;
;    Routing Element     ;        ; 29    ; 0.806       ; 40         ; 0.000  ; 0.092  ;
;  Required Path         ;        ;       ;             ;            ;        ;        ;
;   Clock                ;        ;       ;             ;            ;        ;        ;
;    IC                  ;        ; 3     ; 0.000       ; 0          ; 0.000  ; 0.000  ;
;    Cell                ;        ; 15    ; 3.021       ; 44         ; 0.000  ; 0.961  ;
;    PLL Compensation    ;        ; 2     ; -3.822      ; 0          ; -2.907 ; -0.915 ;
;    Routing Element     ;        ; 58    ; 3.820       ; 56         ; 0.000  ; 0.254  ;
+------------------------+--------+-------+-------------+------------+--------+--------+
Note: Negative delays are omitted from totals when calculating percentages

+------------------------------------------------------------------------------------------------------------------------------------------------------------------------------------------------------------------------------------------------------------------------------------------------------------------------------------+
; Data Arrival Path                                                                                                                                                                                                                                                                                                                  ;
+----------+----------+----+------+--------+---------------------------------------------+----------------------------+--------------------------------------------------------------------------------------------------------------------------------------------------------------------------------------------------------------+
; Total    ; Incr     ; RF ; Type ; Fanout ; Location                                    ; Element Type               ; Element                                                                                                                                                                                                      ;
+----------+----------+----+------+--------+---------------------------------------------+----------------------------+--------------------------------------------------------------------------------------------------------------------------------------------------------------------------------------------------------------+
; 0.000    ; 0.000    ;    ;      ;        ;                                             ;                            ; launch edge time                                                                                                                                                                                             ;
; 4.206    ; 4.206    ;    ;      ;        ;                                             ;                            ; clock path                                                                                                                                                                                                   ;
;   0.000  ;   0.000  ;    ;      ;        ;                                             ;                            ; source latency                                                                                                                                                                                               ;
;   0.000  ;   0.000  ;    ;      ; 1      ; PIN_HF23                                    ; I/O pad                    ; ddr4_mem_ref_clk[0].clk                                                                                                                                                                                      ;
;   0.000  ;   0.000  ;    ; IC   ; 1      ; IOIBUF_X280_Y0_N376                         ; I/O input buffer           ; ddr4_mem_ref_clk[0].clk~input|i                                                                                                                                                                              ;
;   0.129  ;   0.129  ; RR ; CELL ; 2      ; IOIBUF_X280_Y0_N376                         ; I/O input buffer           ; ddr4_mem_ref_clk[0].clk~input|o                                                                                                                                                                              ;
;   1.260  ;   1.131  ; RR ; CELL ; 1      ; REFCLKINPUT_X281_Y0_N301                    ; I/O reference clock tree   ; local_mem_wrapper|mem_ss_top|mem_ss_sv|mem_ss|mem_ss|emif_0|emif_0|arch|arch_inst|pll_inst|pll_inst~refclk|ref_clk_in                                                                                        ;
;   1.451  ;   0.191  ; RR ; CELL ; 3      ; REFCLKINPUT_X281_Y0_N301                    ; I/O reference clock tree   ; local_mem_wrapper|mem_ss_top|mem_ss_sv|mem_ss|mem_ss|emif_0|emif_0|arch|arch_inst|pll_inst|pll_inst~refclk|ref0_to_btm                                                                                       ;
;   1.999  ;   0.548  ; RR ; CELL ; 1      ; REFCLKINPUT_X281_Y0_N301                    ; I/O reference clock tree   ; local_mem_wrapper|mem_ss_top|mem_ss_sv|mem_ss|mem_ss|emif_0|emif_0|arch|arch_inst|pll_inst|pll_inst~refclk|clk_out                                                                                           ;
;   1.999  ;   0.000  ; RR ; CELL ; 1      ; IOPLL_X281_Y0_N303                          ; IOPLL                      ; local_mem_wrapper|mem_ss_top|mem_ss_sv|mem_ss|mem_ss|emif_0|emif_0|arch|arch_inst|pll_inst|pll_inst|pll_cascade_in                                                                                           ;
;   2.220  ;   0.221  ; RR ; CELL ; 2      ; IOPLL_X281_Y0_N303                          ; IOPLL                      ; local_mem_wrapper|mem_ss_top|mem_ss_sv|mem_ss|mem_ss|emif_0|emif_0|arch|arch_inst|pll_inst|pll_inst~fmio96fs_wr/x0/fmio96_core_inst/fmio48tile_top/x5/u4_3/x0/xiopll_custom/xclkin_sw/xpm_pll_so/clk[0]      ;
;   2.416  ;   0.196  ; RR ; CELL ; 2      ; IOPLL_X281_Y0_N303                          ; IOPLL                      ; local_mem_wrapper|mem_ss_top|mem_ss_sv|mem_ss|mem_ss|emif_0|emif_0|arch|arch_inst|pll_inst|pll_inst~fmio96fs_wr/x0/fmio96_core_inst/fmio48tile_top/x5/u4_3/x0/xiopll_custom/xiopll_core/xncnt_iopll/clk      ;
;   2.596  ;   0.180  ; RR ; CELL ; 3      ; IOPLL_X281_Y0_N303                          ; IOPLL                      ; local_mem_wrapper|mem_ss_top|mem_ss_sv|mem_ss|mem_ss|emif_0|emif_0|arch|arch_inst|pll_inst|pll_inst~pllnout                                                                                                  ;
;   2.745  ;   0.149  ; RF ; CELL ; 1      ; IOPLL_X281_Y0_N303                          ; IOPLL                      ; local_mem_wrapper|mem_ss_top|mem_ss_sv|mem_ss|mem_ss|emif_0|emif_0|arch|arch_inst|pll_inst|pll_inst~vco_refclk                                                                                               ;
;   2.757  ;   0.012  ; FR ; CELL ; 1      ; IOPLL_X281_Y0_N303                          ; IOPLL                      ; local_mem_wrapper|mem_ss_top|mem_ss_sv|mem_ss|mem_ss|emif_0|emif_0|arch|arch_inst|pll_inst|pll_inst~vctrl                                                                                                    ;
;   1.954  ;   -0.803 ; RR ; COMP ; 1      ; IOPLL_X281_Y0_N303                          ; IOPLL                      ; local_mem_wrapper|mem_ss_top|mem_ss_sv|mem_ss|mem_ss|emif_0|emif_0|arch|arch_inst|pll_inst|pll_inst~vcoph[0]                                                                                                 ;
;   1.954  ;   0.000  ; RR ; CELL ; 10     ; IOPLL_X281_Y0_N303                          ; IOPLL                      ; local_mem_wrapper|mem_ss_top|mem_ss_sv|mem_ss|mem_ss|emif_0|emif_0|arch|arch_inst|pll_inst|pll_inst|vcoph[0]                                                                                                 ;
;   1.954  ;   0.000  ; RR ; CELL ; 3      ; TILECTRL_X281_Y0_N298                       ; I/O tile control logic     ; local_mem_wrapper|mem_ss_top|mem_ss_sv|mem_ss|mem_ss|emif_0|emif_0|arch|arch_inst|io_tiles_wrap_inst|io_tiles_inst|tile_gen[1].tile_ctrl_inst|pll_vco_in[0]                                                  ;
;   -0.740 ;   -2.694 ; RR ; COMP ; 1      ; TILECTRL_X281_Y0_N298                       ; I/O tile control logic     ; local_mem_wrapper|mem_ss_top|mem_ss_sv|mem_ss|mem_ss|emif_0|emif_0|arch|arch_inst|io_tiles_wrap_inst|io_tiles_inst|tile_gen[1].tile_ctrl_inst|pa_core_clk_out[0]                                             ;
;   -0.022 ;   0.718  ; RR ; CELL ; 16258  ; TILECTRL_X281_Y0_N298                       ; I/O tile control logic     ; local_mem_wrapper|mem_ss_top|mem_ss_sv|mem_ss|mem_ss|emif_0|emif_0|arch|arch_inst|io_tiles_wrap_inst|io_tiles_inst|tile_gen[1].tile_ctrl_inst~fmio96fs_wr/m32_0_29__iophasealignment_to_dcm__core_clk_out[1] ;
;   -0.022 ;   0.000  ;    ; IC   ; 1      ; Boundary Port                               ; N/A                        ; afu_top|pg_afu.port_gasket|pr_slot|afu_main|ext_mem_if[0].clk|input                                                                                                                                          ;
;   -0.022 ;   0.000  ; RR ; CELL ; 105325 ; Boundary Port                               ; N/A                        ; afu_top|pg_afu.port_gasket|pr_slot|afu_main|ext_mem_if[0].clk                                                                                                                                                ;
;   -0.022 ;   0.000  ; RR ; RE   ; 1      ; TILECTRL_X281_Y0_N298                       ; I/O tile control logic     ; TILE_CTRL                                                                                                                                                                                                    ;
;   0.052  ;   0.074  ; RR ; RE   ; 1      ; IO96FSWRRE_X280_Y0_N0_I3537                 ; IO96FS_WR_RE               ; IO96FS_WR_RE                                                                                                                                                                                                 ;
;   0.156  ;   0.104  ; RR ; RE   ; 1      ; DCM_mux_X307_Y2_N0_I29                      ; DCM_mux                    ; CC_DCM_GMUX_RE                                                                                                                                                                                               ;
;   0.234  ;   0.078  ; RR ; RE   ; 1      ; IO_P2C_RE_X280_Y2_N150_I75                  ; IO_P2C_RE                  ; IO_P2C_RE                                                                                                                                                                                                    ;
;   0.262  ;   0.028  ; RR ; RE   ; 1      ; IO_P2C_RE_X280_Y2_N150_I26                  ; IO_P2C_RE                  ; IO_P2C_RE                                                                                                                                                                                                    ;
;   0.315  ;   0.053  ; RR ; RE   ; 1      ; Switchbox_clock_mux_X280_Y2_N0_I197         ; Switchbox_clock_mux        ; CLOCK_SEGMENT_MUX                                                                                                                                                                                            ;
;   0.428  ;   0.113  ; RR ; RE   ; 1      ; Switchbox_clock_mux_X280_Y2_N0_I105         ; Switchbox_clock_mux        ; CLOCK_SEGMENT_MUX                                                                                                                                                                                            ;
;   0.464  ;   0.036  ; RF ; RE   ; 1      ; Vertical_seam_tap_mux_X280_Y23_N0_I165      ; Vertical_seam_tap_mux      ; CLOCK_SEGMENT_TAP_MUX                                                                                                                                                                                        ;
;   0.534  ;   0.070  ; FR ; RE   ; 1      ; Vertical_seam_tap_mux_X280_Y23_N0_I53       ; Vertical_seam_tap_mux      ; CLOCK_SEGMENT_TAP_MUX                                                                                                                                                                                        ;
;   0.584  ;   0.050  ; RR ; RE   ; 1      ; Switchbox_clock_mux_X280_Y43_N0_I197        ; Switchbox_clock_mux        ; CLOCK_SEGMENT_MUX                                                                                                                                                                                            ;
;   0.696  ;   0.112  ; RR ; RE   ; 1      ; Switchbox_clock_mux_X280_Y43_N0_I105        ; Switchbox_clock_mux        ; CLOCK_SEGMENT_MUX                                                                                                                                                                                            ;
;   0.732  ;   0.036  ; RF ; RE   ; 1      ; Vertical_seam_tap_mux_X280_Y64_N0_I165      ; Vertical_seam_tap_mux      ; CLOCK_SEGMENT_TAP_MUX                                                                                                                                                                                        ;
;   0.802  ;   0.070  ; FR ; RE   ; 1      ; Vertical_seam_tap_mux_X280_Y64_N0_I53       ; Vertical_seam_tap_mux      ; CLOCK_SEGMENT_TAP_MUX                                                                                                                                                                                        ;
;   0.852  ;   0.050  ; RR ; RE   ; 1      ; Switchbox_clock_mux_X280_Y84_N0_I197        ; Switchbox_clock_mux        ; CLOCK_SEGMENT_MUX                                                                                                                                                                                            ;
;   0.956  ;   0.104  ; RR ; RE   ; 1      ; Switchbox_clock_mux_X280_Y84_N0_I105        ; Switchbox_clock_mux        ; CLOCK_SEGMENT_MUX                                                                                                                                                                                            ;
;   0.992  ;   0.036  ; RF ; RE   ; 1      ; Vertical_seam_tap_mux_X280_Y105_N0_I165     ; Vertical_seam_tap_mux      ; CLOCK_SEGMENT_TAP_MUX                                                                                                                                                                                        ;
;   1.062  ;   0.070  ; FR ; RE   ; 1      ; Vertical_seam_tap_mux_X280_Y105_N0_I53      ; Vertical_seam_tap_mux      ; CLOCK_SEGMENT_TAP_MUX                                                                                                                                                                                        ;
;   1.112  ;   0.050  ; RR ; RE   ; 1      ; Switchbox_clock_mux_X280_Y125_N0_I197       ; Switchbox_clock_mux        ; CLOCK_SEGMENT_MUX                                                                                                                                                                                            ;
;   1.216  ;   0.104  ; RR ; RE   ; 1      ; Switchbox_clock_mux_X280_Y125_N0_I105       ; Switchbox_clock_mux        ; CLOCK_SEGMENT_MUX                                                                                                                                                                                            ;
;   1.252  ;   0.036  ; RF ; RE   ; 1      ; Vertical_seam_tap_mux_X280_Y146_N0_I165     ; Vertical_seam_tap_mux      ; CLOCK_SEGMENT_TAP_MUX                                                                                                                                                                                        ;
;   1.323  ;   0.071  ; FR ; RE   ; 1      ; Vertical_seam_tap_mux_X280_Y146_N0_I53      ; Vertical_seam_tap_mux      ; CLOCK_SEGMENT_TAP_MUX                                                                                                                                                                                        ;
;   1.373  ;   0.050  ; RR ; RE   ; 1      ; Switchbox_clock_mux_X280_Y166_N0_I197       ; Switchbox_clock_mux        ; CLOCK_SEGMENT_MUX                                                                                                                                                                                            ;
;   1.599  ;   0.226  ; RR ; RE   ; 1      ; Switchbox_clock_mux_X280_Y166_N0_I106       ; Switchbox_clock_mux        ; CLOCK_SEGMENT_MUX                                                                                                                                                                                            ;
;   1.650  ;   0.051  ; RR ; RE   ; 1      ; Switchbox_clock_mux_X226_Y166_N0_I229       ; Switchbox_clock_mux        ; CLOCK_SEGMENT_MUX                                                                                                                                                                                            ;
;   1.699  ;   0.049  ; RR ; RE   ; 2      ; Switchbox_clock_mux_X226_Y166_N0_I153       ; Switchbox_clock_mux        ; CLOCK_SEGMENT_MUX                                                                                                                                                                                            ;
;   1.803  ;   0.104  ; RR ; RE   ; 1      ; Switchbox_clock_mux_X226_Y166_N0_I103       ; Switchbox_clock_mux        ; CLOCK_SEGMENT_MUX                                                                                                                                                                                            ;
;   1.839  ;   0.036  ; RF ; RE   ; 1      ; Vertical_seam_tap_mux_X226_Y146_N0_I134     ; Vertical_seam_tap_mux      ; CLOCK_SEGMENT_TAP_MUX                                                                                                                                                                                        ;
;   1.910  ;   0.071  ; FR ; RE   ; 1      ; Vertical_seam_tap_mux_X226_Y146_N0_I50      ; Vertical_seam_tap_mux      ; CLOCK_SEGMENT_TAP_MUX                                                                                                                                                                                        ;
;   1.964  ;   0.054  ; RR ; RE   ; 1      ; Switchbox_clock_mux_X226_Y125_N0_I166       ; Switchbox_clock_mux        ; CLOCK_SEGMENT_MUX                                                                                                                                                                                            ;
;   2.067  ;   0.103  ; RR ; RE   ; 1      ; Switchbox_clock_mux_X226_Y125_N0_I103       ; Switchbox_clock_mux        ; CLOCK_SEGMENT_MUX                                                                                                                                                                                            ;
;   2.103  ;   0.036  ; RF ; RE   ; 1      ; Vertical_seam_tap_mux_X226_Y105_N0_I134     ; Vertical_seam_tap_mux      ; CLOCK_SEGMENT_TAP_MUX                                                                                                                                                                                        ;
;   2.174  ;   0.071  ; FR ; RE   ; 1      ; Vertical_seam_tap_mux_X226_Y105_N0_I50      ; Vertical_seam_tap_mux      ; CLOCK_SEGMENT_TAP_MUX                                                                                                                                                                                        ;
;   2.227  ;   0.053  ; RR ; RE   ; 2      ; Switchbox_clock_mux_X226_Y84_N0_I166        ; Switchbox_clock_mux        ; CLOCK_SEGMENT_MUX                                                                                                                                                                                            ;
;   2.465  ;   0.238  ; RR ; RE   ; 1      ; Switchbox_clock_mux_X226_Y84_N0_I102        ; Switchbox_clock_mux        ; CLOCK_SEGMENT_MUX                                                                                                                                                                                            ;
;   2.516  ;   0.051  ; RR ; RE   ; 1      ; Switchbox_clock_mux_X280_Y84_N0_I230        ; Switchbox_clock_mux        ; CLOCK_SEGMENT_MUX                                                                                                                                                                                            ;
;   2.742  ;   0.226  ; RR ; RE   ; 1      ; Switchbox_clock_mux_X280_Y84_N0_I100        ; Switchbox_clock_mux        ; CLOCK_SEGMENT_MUX                                                                                                                                                                                            ;
;   2.794  ;   0.052  ; RR ; RE   ; 2      ; Switchbox_clock_mux_X334_Y84_N0_I230        ; Switchbox_clock_mux        ; CLOCK_SEGMENT_MUX                                                                                                                                                                                            ;
;   2.898  ;   0.104  ; RR ; RE   ; 1      ; Switchbox_clock_mux_X334_Y84_N0_I103        ; Switchbox_clock_mux        ; CLOCK_SEGMENT_MUX                                                                                                                                                                                            ;
;   2.934  ;   0.036  ; RF ; RE   ; 1      ; Vertical_seam_tap_mux_X334_Y64_N0_I134      ; Vertical_seam_tap_mux      ; CLOCK_SEGMENT_TAP_MUX                                                                                                                                                                                        ;
;   3.003  ;   0.069  ; FR ; RE   ; 1      ; Vertical_seam_tap_mux_X334_Y64_N0_I50       ; Vertical_seam_tap_mux      ; CLOCK_SEGMENT_TAP_MUX                                                                                                                                                                                        ;
;   3.056  ;   0.053  ; RR ; RE   ; 2      ; Switchbox_clock_mux_X334_Y43_N0_I166        ; Switchbox_clock_mux        ; CLOCK_SEGMENT_MUX                                                                                                                                                                                            ;
;   3.293  ;   0.237  ; RR ; RE   ; 1      ; Switchbox_clock_mux_X334_Y43_N0_I102        ; Switchbox_clock_mux        ; CLOCK_SEGMENT_MUX                                                                                                                                                                                            ;
;   3.346  ;   0.053  ; RR ; RE   ; 2      ; Switchbox_clock_mux_X280_Y43_N0_I262        ; Switchbox_clock_mux        ; CLOCK_SEGMENT_MUX                                                                                                                                                                                            ;
;   3.458  ;   0.112  ; RR ; RE   ; 1      ; Switchbox_clock_mux_X280_Y43_N0_I101        ; Switchbox_clock_mux        ; CLOCK_SEGMENT_MUX                                                                                                                                                                                            ;
;   3.509  ;   0.051  ; RR ; RE   ; 2      ; Vertical_seam_tap_mux_X280_Y64_N0_I166      ; Vertical_seam_tap_mux      ; CLOCK_SEGMENT_TAP_MUX                                                                                                                                                                                        ;
;   3.614  ;   0.105  ; RR ; RE   ; 1      ; Vertical_seam_tap_mux_X280_Y64_N0_I115      ; Vertical_seam_tap_mux      ; CLOCK_SEGMENT_TAP_MUX                                                                                                                                                                                        ;
;   3.750  ;   0.136  ; RR ; RE   ; 1      ; SPINE_TAP_RE_X253_Y64_N103_I89              ; SPINE_TAP_RE               ; SPINE_TAP_RE                                                                                                                                                                                                 ;
;   3.773  ;   0.023  ; RR ; RE   ; 41     ; SPINE_TAP_RE_X253_Y64_N103_I25              ; SPINE_TAP_RE               ; SPINE_TAP_RE                                                                                                                                                                                                 ;
;   4.068  ;   0.295  ; RR ; RE   ; 2      ; SCLKMUX_RE_X253_Y70_N188_I25                ; SCLKMUX_RE                 ; SCLKMUX_RE                                                                                                                                                                                                   ;
;   4.094  ;   0.026  ; RR ; RE   ; 16     ; SCLKMUX_RE_X253_Y70_N188_I40                ; SCLKMUX_RE                 ; SCLKMUX_RE                                                                                                                                                                                                   ;
;   4.137  ;   0.043  ; RR ; RE   ; 1      ; ROWCLK_TAPOFF_X260_Y70_N0_I3                ; Row Clock Tap-Off          ; ROWCLK_TAPOFF                                                                                                                                                                                                ;
;   4.180  ;   0.043  ; RR ; RE   ; 1      ; GLOBAL_LOCAL_SEL_X260_Y70_N0_I3             ; GLOBAL_LOCAL_SEL           ; GLOBAL_LOCAL_SEL                                                                                                                                                                                             ;
;   4.206  ;   0.026  ; RR ; RE   ; 1      ; RPII_X260_Y70_N0_I3                         ; Programmable Invert Input  ; RPII                                                                                                                                                                                                         ;
;   4.206  ;   0.000  ; RR ; RE   ; 1      ; RPI_X260_Y70_N0_I3                          ; Programmable Invert        ; RPI                                                                                                                                                                                                          ;
;   4.206  ;   0.000  ; RR ; RE   ; 1      ; LAB_RE_X260_Y70_N0_I84                      ; LAB_RE                     ; clkb                                                                                                                                                                                                         ;
;   4.206  ;   0.000  ; RR ; RE   ; 1      ; LAB_RE_X260_Y70_N0_I152                     ; LAB_RE                     ; LAB_RE                                                                                                                                                                                                       ;
;   4.206  ;   0.000  ; RR ; RE   ; 12     ; LEIMCLKALE_X260_Y70_N0_I0                   ; LEIMCLKALE                 ; LEIMCLKALE                                                                                                                                                                                                   ;
;   4.206  ;   0.000  ; RR ; RE   ; 1      ; HYPERFLEX_CLK_M_MUX_X260_Y70_N0_I22         ; Hyperflex clocking network ; HIPI_M_MUX                                                                                                                                                                                                   ;
;   4.206  ;   0.000  ;    ; IC   ; 1      ; BLOCK_INPUT_MUX_PASSTHROUGH_X260_Y70_N0_I20 ; Hyper-Register             ; afu_top|pg_afu.port_gasket|pr_slot|afu_main|port_afu_instances|ofs_plat_afu|core|dma|csr_mgr_inst|i2852~0xsyn_BLOCK_INPUT_MUX_PASSTHROUGH_X260_Y70_N0_I20_dff|clk                                            ;
;   4.206  ;   0.000  ; RR ; CELL ; 1      ; BLOCK_INPUT_MUX_PASSTHROUGH_X260_Y70_N0_I20 ; Hyper-Register             ; afu_top|pg_afu.port_gasket|pr_slot|afu_main|port_afu_instances|ofs_plat_afu|core|dma|csr_mgr_inst|i2852~0xsyn_BLOCK_INPUT_MUX_PASSTHROUGH_X260_Y70_N0_I20_dff                                                ;
; 6.219    ; 2.013    ;    ;      ;        ;                                             ;                            ; data path                                                                                                                                                                                                    ;
;   4.463  ;   0.257  ; RR ; uTco ; 1      ; BLOCK_INPUT_MUX_PASSTHROUGH_X260_Y70_N0_I20 ; Hyper-Register             ; afu_top|pg_afu.port_gasket|pr_slot|afu_main|port_afu_instances|ofs_plat_afu|core|dma|csr_mgr_inst|i2852~0xsyn_BLOCK_INPUT_MUX_PASSTHROUGH_X260_Y70_N0_I20_dff|q                                              ;
;   4.463  ;   0.000  ; RR ; RE   ; 1      ; BLOCK_INPUT_MUX_PASSTHROUGH_X260_Y70_N0_I20 ; Hyper-Register             ; LEIM                                                                                                                                                                                                         ;
;   4.464  ;   0.001  ; RR ; RE   ; 1      ; BLOCK_INPUT_MUX_PASSTHROUGH_X260_Y70_N0_I20 ; Block Input Mux            ; LEIM                                                                                                                                                                                                         ;
;   4.464  ;   0.000  ; RR ; RE   ; 1      ; LAB_RE_X260_Y70_N0_I19                      ; LAB_RE                     ; leima[2]                                                                                                                                                                                                     ;
;   4.464  ;   0.000  ;    ; IC   ; 1      ; MLABCELL_X260_Y70_N15                       ; Combinational cell         ; afu_top|pg_afu.port_gasket|pr_slot|afu_main|port_afu_instances|ofs_plat_afu|core|dma|csr_mgr_inst|i2852~0|dataa                                                                                              ;
;   4.589  ;   0.125  ; RR ; CELL ; 4      ; MLABCELL_X260_Y70_N15                       ; Combinational cell         ; afu_top|pg_afu.port_gasket|pr_slot|afu_main|port_afu_instances|ofs_plat_afu|core|dma|csr_mgr_inst|i2852~0|combout                                                                                            ;
;   4.666  ;   0.077  ; RF ; CELL ; 5      ; MLABCELL_X260_Y70_N15                       ; Combinational cell         ; afu_top|pg_afu.port_gasket|pr_slot|afu_main|port_afu_instances|ofs_plat_afu|core|dma|csr_mgr_inst|i2852~0~cw_ml_mlab/laboutt[8]                                                                              ;
;   4.666  ;   0.000  ; FF ; RE   ; 1      ; MLABCELL_X260_Y70_N15                       ; Combinational cell         ; MP_MLAB_COMB                                                                                                                                                                                                 ;
;   4.672  ;   0.006  ; FF ; RE   ; 1      ; LAB_RE_X260_Y70_N0_I97                      ; LAB_RE                     ; LAB_RE                                                                                                                                                                                                       ;
;   4.764  ;   0.092  ; FF ; RE   ; 1      ; C4_X260_Y66_N0_I9                           ; C4 interconnect            ; V4                                                                                                                                                                                                           ;
;   4.818  ;   0.054  ; FF ; RE   ; 1      ; R1_X260_Y66_N0_I11                          ; R1 interconnect            ; H1                                                                                                                                                                                                           ;
;   4.856  ;   0.038  ; FR ; RE   ; 1      ; LOCAL_INTERCONNECT_X259_Y66_N0_I25          ; Block interconnect         ; LAB_LINE                                                                                                                                                                                                     ;
;   4.897  ;   0.041  ; RF ; RE   ; 1      ; BLOCK_INPUT_MUX_PASSTHROUGH_X259_Y66_N0_I82 ; Block Input Mux            ; LEIM                                                                                                                                                                                                         ;
;   4.897  ;   0.000  ; FF ; RE   ; 5      ; LAB_RE_X259_Y66_N0_I80                      ; LAB_RE                     ; lsim[0]                                                                                                                                                                                                      ;
;   4.897  ;   0.000  ;    ; IC   ; 2      ; FF_X259_Y66_N13                             ; Bypassed ALM Register      ; afu_top|pg_afu.port_gasket|pr_slot|afu_main|port_afu_instances|ofs_plat_afu|core|dma|csr_mgr_inst|dma_csr_map.descriptor.length[14]~DUPLICATE.comb|ena                                                       ;
;   5.074  ;   0.177  ; FR ; CELL ; 4      ; FF_X259_Y66_N13                             ; Bypassed ALM Register      ; afu_top|pg_afu.port_gasket|pr_slot|afu_main|port_afu_instances|ofs_plat_afu|core|dma|csr_mgr_inst|dma_csr_map.descriptor.length[14]~DUPLICATE.comb|q                                                         ;
;   5.074  ;   0.000  ; RR ; RE   ; 1      ; FF_X259_Y66_N13                             ; Bypassed ALM Register      ; FF                                                                                                                                                                                                           ;
;   5.083  ;   0.009  ; RR ; RE   ; 3      ; LAB_RE_X259_Y66_N0_I97                      ; LAB_RE                     ; LAB_RE                                                                                                                                                                                                       ;
;   5.124  ;   0.041  ; RR ; RE   ; 1      ; R1_X260_Y66_N0_I8                           ; R1 interconnect            ; H1                                                                                                                                                                                                           ;
;   5.173  ;   0.049  ; RR ; RE   ; 1      ; C1_X260_Y66_N0_I8                           ; C1 interconnect            ; V1                                                                                                                                                                                                           ;
;   5.208  ;   0.035  ; RR ; RE   ; 1      ; C1_X260_Y67_N0_I8                           ; C1 interconnect            ; V1                                                                                                                                                                                                           ;
;   5.282  ;   0.074  ; RR ; RE   ; 1      ; C1_X260_Y68_N0_I8                           ; C1 interconnect            ; V1                                                                                                                                                                                                           ;
;   5.320  ;   0.038  ; RF ; RE   ; 1      ; LOCAL_INTERCONNECT_X260_Y69_N0_I19          ; Block interconnect         ; LAB_LINE                                                                                                                                                                                                     ;
;   5.348  ;   0.028  ; FR ; RE   ; 1      ; BLOCK_INPUT_MUX_PASSTHROUGH_X260_Y69_N0_I56 ; Block Input Mux            ; LEIM                                                                                                                                                                                                         ;
;   5.348  ;   0.000  ; RR ; RE   ; 1      ; LAB_RE_X260_Y69_N0_I58                      ; LAB_RE                     ; leimc0[7]                                                                                                                                                                                                    ;
;   5.348  ;   0.000  ;    ; IC   ; 4      ; MLABCELL_X260_Y69_N42                       ; Combinational cell         ; afu_top|pg_afu.port_gasket|pr_slot|afu_main|port_afu_instances|ofs_plat_afu|core|dma|csr_mgr_inst|add_0~186|datac                                                                                            ;
;   5.655  ;   0.307  ; RR ; CELL ; 1      ; MLABCELL_X260_Y69_N57                       ; Combinational cell         ; afu_top|pg_afu.port_gasket|pr_slot|afu_main|port_afu_instances|ofs_plat_afu|core|dma|csr_mgr_inst|add_0~161|cout                                                                                             ;
;   5.655  ;   0.000  ; RR ; RE   ; 1      ; MLABCELL_X260_Y69_N57                       ; Combinational cell         ; MP_MLAB_COMB                                                                                                                                                                                                 ;
;   5.719  ;   0.064  ; RR ; RE   ; 1      ; LAB_RE_X260_Y69_N0_I154                     ; LAB_RE                     ; LAB_RE                                                                                                                                                                                                       ;
;   5.719  ;   0.000  ; RR ; RE   ; 1      ; LAB_RE_X260_Y68_N0_I153                     ; LAB_RE                     ; t_mlabncc                                                                                                                                                                                                    ;
;   5.719  ;   0.000  ;    ; IC   ; 5      ; MLABCELL_X260_Y68_N0                        ; Combinational cell         ; afu_top|pg_afu.port_gasket|pr_slot|afu_main|port_afu_instances|ofs_plat_afu|core|dma|csr_mgr_inst|add_0~156|cin                                                                                              ;
;   5.747  ;   0.028  ; RF ; CELL ; 1      ; MLABCELL_X260_Y68_N27                       ; Combinational cell         ; afu_top|pg_afu.port_gasket|pr_slot|afu_main|port_afu_instances|ofs_plat_afu|core|dma|csr_mgr_inst|add_0~71|cout                                                                                              ;
;   5.747  ;   0.000  ; FF ; CELL ; 3      ; MLABCELL_X260_Y68_N30                       ; Combinational cell         ; afu_top|pg_afu.port_gasket|pr_slot|afu_main|port_afu_instances|ofs_plat_afu|core|dma|csr_mgr_inst|add_0~76|cin                                                                                               ;
;   5.776  ;   0.029  ; FR ; CELL ; 1      ; MLABCELL_X260_Y68_N33                       ; Combinational cell         ; afu_top|pg_afu.port_gasket|pr_slot|afu_main|port_afu_instances|ofs_plat_afu|core|dma|csr_mgr_inst|add_0~66|cout                                                                                              ;
;   5.776  ;   0.000  ; RR ; CELL ; 3      ; MLABCELL_X260_Y68_N36                       ; Combinational cell         ; afu_top|pg_afu.port_gasket|pr_slot|afu_main|port_afu_instances|ofs_plat_afu|core|dma|csr_mgr_inst|add_0~26|cin                                                                                               ;
;   5.803  ;   0.027  ; RF ; CELL ; 1      ; MLABCELL_X260_Y68_N39                       ; Combinational cell         ; afu_top|pg_afu.port_gasket|pr_slot|afu_main|port_afu_instances|ofs_plat_afu|core|dma|csr_mgr_inst|add_0~106|cout                                                                                             ;
;   5.803  ;   0.000  ; FF ; CELL ; 3      ; MLABCELL_X260_Y68_N42                       ; Combinational cell         ; afu_top|pg_afu.port_gasket|pr_slot|afu_main|port_afu_instances|ofs_plat_afu|core|dma|csr_mgr_inst|add_0~111|cin                                                                                              ;
;   5.827  ;   0.024  ; FR ; CELL ; 1      ; MLABCELL_X260_Y68_N45                       ; Combinational cell         ; afu_top|pg_afu.port_gasket|pr_slot|afu_main|port_afu_instances|ofs_plat_afu|core|dma|csr_mgr_inst|add_0~51|cout                                                                                              ;
;   5.827  ;   0.000  ; RR ; CELL ; 3      ; MLABCELL_X260_Y68_N48                       ; Combinational cell         ; afu_top|pg_afu.port_gasket|pr_slot|afu_main|port_afu_instances|ofs_plat_afu|core|dma|csr_mgr_inst|add_0~56|cin                                                                                               ;
;   5.854  ;   0.027  ; RF ; CELL ; 1      ; MLABCELL_X260_Y68_N51                       ; Combinational cell         ; afu_top|pg_afu.port_gasket|pr_slot|afu_main|port_afu_instances|ofs_plat_afu|core|dma|csr_mgr_inst|add_0~41|cout                                                                                              ;
;   5.854  ;   0.000  ; FF ; CELL ; 2      ; MLABCELL_X260_Y68_N54                       ; Combinational cell         ; afu_top|pg_afu.port_gasket|pr_slot|afu_main|port_afu_instances|ofs_plat_afu|core|dma|csr_mgr_inst|add_0~46|cin                                                                                               ;
;   5.983  ;   0.129  ; FF ; CELL ; 1      ; MLABCELL_X260_Y68_N57                       ; Combinational cell         ; afu_top|pg_afu.port_gasket|pr_slot|afu_main|port_afu_instances|ofs_plat_afu|core|dma|csr_mgr_inst|add_0~31|sumout                                                                                            ;
;   5.983  ;   0.000  ; FF ; RE   ; 1      ; MLABCELL_X260_Y68_N57                       ; Combinational cell         ; MP_MLAB_COMB                                                                                                                                                                                                 ;
;   5.989  ;   0.006  ; FF ; RE   ; 1      ; LAB_RE_X260_Y68_N0_I127                     ; LAB_RE                     ; LAB_RE                                                                                                                                                                                                       ;
;   6.024  ;   0.035  ; FF ; RE   ; 1      ; R1_X261_Y68_N0_I38                          ; R1 interconnect            ; H1                                                                                                                                                                                                           ;
;   6.102  ;   0.078  ; FF ; RE   ; 1      ; C1_X261_Y67_N0_I39                          ; C1 interconnect            ; V1                                                                                                                                                                                                           ;
;   6.147  ;   0.045  ; FF ; RE   ; 1      ; R0_X261_Y67_N0_I69                          ; R0 interconnect            ; H0                                                                                                                                                                                                           ;
;   6.192  ;   0.045  ; FF ; RE   ; 1      ; R0_X261_Y67_N0_I50                          ; R0 interconnect            ; H0                                                                                                                                                                                                           ;
;   6.219  ;   0.027  ; FR ; RE   ; 1      ; LOCAL_INTERCONNECT_X261_Y67_N0_I15          ; Block interconnect         ; LAB_LINE                                                                                                                                                                                                     ;
;   6.219  ;   0.000  ;    ; IC   ; 1      ; BLOCK_INPUT_MUX_PASSTHROUGH_X261_Y67_N0_I8  ; Hyper-Register             ; afu_top|pg_afu.port_gasket|pr_slot|afu_main|port_afu_instances|ofs_plat_afu|core|dma|csr_mgr_inst|add_0~31_BLOCK_INPUT_MUX_PASSTHROUGH_X261_Y67_N0_I8_dff|d                                                  ;
;   6.219  ;   0.000  ; RR ; CELL ; 1      ; BLOCK_INPUT_MUX_PASSTHROUGH_X261_Y67_N0_I8  ; Hyper-Register             ; afu_top|pg_afu.port_gasket|pr_slot|afu_main|port_afu_instances|ofs_plat_afu|core|dma|csr_mgr_inst|add_0~31_BLOCK_INPUT_MUX_PASSTHROUGH_X261_Y67_N0_I8_dff                                                    ;
+----------+----------+----+------+--------+---------------------------------------------+----------------------------+--------------------------------------------------------------------------------------------------------------------------------------------------------------------------------------------------------------+

+----------------------------------------------------------------------------------------------------------------------------------------------------------------------------------------------------------------------------------------------------------------------------------------------------------------------------------+
; Data Required Path                                                                                                                                                                                                                                                                                                               ;
+---------+----------+----+------+--------+--------------------------------------------+----------------------------+--------------------------------------------------------------------------------------------------------------------------------------------------------------------------------------------------------------+
; Total   ; Incr     ; RF ; Type ; Fanout ; Location                                   ; Element Type               ; Element                                                                                                                                                                                                      ;
+---------+----------+----+------+--------+--------------------------------------------+----------------------------+--------------------------------------------------------------------------------------------------------------------------------------------------------------------------------------------------------------+
; 3.000   ; 3.000    ;    ;      ;        ;                                            ;                            ; latch edge time                                                                                                                                                                                              ;
; 7.112   ; 4.112    ;    ;      ;        ;                                            ;                            ; clock path                                                                                                                                                                                                   ;
;   3.000 ;   0.000  ;    ;      ;        ;                                            ;                            ; source latency                                                                                                                                                                                               ;
;   3.000 ;   0.000  ;    ;      ; 1      ; PIN_HF23                                   ; I/O pad                    ; ddr4_mem_ref_clk[0].clk                                                                                                                                                                                      ;
;   3.000 ;   0.000  ;    ; IC   ; 1      ; IOIBUF_X280_Y0_N376                        ; I/O input buffer           ; ddr4_mem_ref_clk[0].clk~input|i                                                                                                                                                                              ;
;   3.129 ;   0.129  ; RR ; CELL ; 2      ; IOIBUF_X280_Y0_N376                        ; I/O input buffer           ; ddr4_mem_ref_clk[0].clk~input|o                                                                                                                                                                              ;
;   4.090 ;   0.961  ; RR ; CELL ; 1      ; REFCLKINPUT_X281_Y0_N301                   ; I/O reference clock tree   ; local_mem_wrapper|mem_ss_top|mem_ss_sv|mem_ss|mem_ss|emif_0|emif_0|arch|arch_inst|pll_inst|pll_inst~refclk|ref_clk_in                                                                                        ;
;   4.251 ;   0.161  ; RR ; CELL ; 3      ; REFCLKINPUT_X281_Y0_N301                   ; I/O reference clock tree   ; local_mem_wrapper|mem_ss_top|mem_ss_sv|mem_ss|mem_ss|emif_0|emif_0|arch|arch_inst|pll_inst|pll_inst~refclk|ref0_to_btm                                                                                       ;
;   4.736 ;   0.485  ; RR ; CELL ; 1      ; REFCLKINPUT_X281_Y0_N301                   ; I/O reference clock tree   ; local_mem_wrapper|mem_ss_top|mem_ss_sv|mem_ss|mem_ss|emif_0|emif_0|arch|arch_inst|pll_inst|pll_inst~refclk|clk_out                                                                                           ;
;   4.736 ;   0.000  ; RR ; CELL ; 1      ; IOPLL_X281_Y0_N303                         ; IOPLL                      ; local_mem_wrapper|mem_ss_top|mem_ss_sv|mem_ss|mem_ss|emif_0|emif_0|arch|arch_inst|pll_inst|pll_inst|pll_cascade_in                                                                                           ;
;   4.929 ;   0.193  ; RR ; CELL ; 2      ; IOPLL_X281_Y0_N303                         ; IOPLL                      ; local_mem_wrapper|mem_ss_top|mem_ss_sv|mem_ss|mem_ss|emif_0|emif_0|arch|arch_inst|pll_inst|pll_inst~fmio96fs_wr/x0/fmio96_core_inst/fmio48tile_top/x5/u4_3/x0/xiopll_custom/xclkin_sw/xpm_pll_so/clk[0]      ;
;   5.101 ;   0.172  ; RR ; CELL ; 2      ; IOPLL_X281_Y0_N303                         ; IOPLL                      ; local_mem_wrapper|mem_ss_top|mem_ss_sv|mem_ss|mem_ss|emif_0|emif_0|arch|arch_inst|pll_inst|pll_inst~fmio96fs_wr/x0/fmio96_core_inst/fmio48tile_top/x5/u4_3/x0/xiopll_custom/xiopll_core/xncnt_iopll/clk      ;
;   5.259 ;   0.158  ; RR ; CELL ; 3      ; IOPLL_X281_Y0_N303                         ; IOPLL                      ; local_mem_wrapper|mem_ss_top|mem_ss_sv|mem_ss|mem_ss|emif_0|emif_0|arch|arch_inst|pll_inst|pll_inst~pllnout                                                                                                  ;
;   5.389 ;   0.130  ; RF ; CELL ; 1      ; IOPLL_X281_Y0_N303                         ; IOPLL                      ; local_mem_wrapper|mem_ss_top|mem_ss_sv|mem_ss|mem_ss|emif_0|emif_0|arch|arch_inst|pll_inst|pll_inst~vco_refclk                                                                                               ;
;   5.397 ;   0.008  ; FR ; CELL ; 1      ; IOPLL_X281_Y0_N303                         ; IOPLL                      ; local_mem_wrapper|mem_ss_top|mem_ss_sv|mem_ss|mem_ss|emif_0|emif_0|arch|arch_inst|pll_inst|pll_inst~vctrl                                                                                                    ;
;   4.482 ;   -0.915 ; RR ; COMP ; 1      ; IOPLL_X281_Y0_N303                         ; IOPLL                      ; local_mem_wrapper|mem_ss_top|mem_ss_sv|mem_ss|mem_ss|emif_0|emif_0|arch|arch_inst|pll_inst|pll_inst~vcoph[0]                                                                                                 ;
;   4.482 ;   0.000  ; RR ; CELL ; 10     ; IOPLL_X281_Y0_N303                         ; IOPLL                      ; local_mem_wrapper|mem_ss_top|mem_ss_sv|mem_ss|mem_ss|emif_0|emif_0|arch|arch_inst|pll_inst|pll_inst|vcoph[0]                                                                                                 ;
;   4.482 ;   0.000  ; RR ; CELL ; 3      ; TILECTRL_X281_Y0_N298                      ; I/O tile control logic     ; local_mem_wrapper|mem_ss_top|mem_ss_sv|mem_ss|mem_ss|emif_0|emif_0|arch|arch_inst|io_tiles_wrap_inst|io_tiles_inst|tile_gen[1].tile_ctrl_inst|pll_vco_in[0]                                                  ;
;   1.575 ;   -2.907 ; RR ; COMP ; 1      ; TILECTRL_X281_Y0_N298                      ; I/O tile control logic     ; local_mem_wrapper|mem_ss_top|mem_ss_sv|mem_ss|mem_ss|emif_0|emif_0|arch|arch_inst|io_tiles_wrap_inst|io_tiles_inst|tile_gen[1].tile_ctrl_inst|pa_core_clk_out[0]                                             ;
;   2.199 ;   0.624  ; RR ; CELL ; 16258  ; TILECTRL_X281_Y0_N298                      ; I/O tile control logic     ; local_mem_wrapper|mem_ss_top|mem_ss_sv|mem_ss|mem_ss|emif_0|emif_0|arch|arch_inst|io_tiles_wrap_inst|io_tiles_inst|tile_gen[1].tile_ctrl_inst~fmio96fs_wr/m32_0_29__iophasealignment_to_dcm__core_clk_out[1] ;
;   2.199 ;   0.000  ;    ; IC   ; 1      ; Boundary Port                              ; N/A                        ; afu_top|pg_afu.port_gasket|pr_slot|afu_main|ext_mem_if[0].clk|input                                                                                                                                          ;
;   2.199 ;   0.000  ; RR ; CELL ; 105325 ; Boundary Port                              ; N/A                        ; afu_top|pg_afu.port_gasket|pr_slot|afu_main|ext_mem_if[0].clk                                                                                                                                                ;
;   2.199 ;   0.000  ; RR ; RE   ; 1      ; TILECTRL_X281_Y0_N298                      ; I/O tile control logic     ; TILE_CTRL                                                                                                                                                                                                    ;
;   2.265 ;   0.066  ; RR ; RE   ; 1      ; IO96FSWRRE_X280_Y0_N0_I3537                ; IO96FS_WR_RE               ; IO96FS_WR_RE                                                                                                                                                                                                 ;
;   2.361 ;   0.096  ; RR ; RE   ; 1      ; DCM_mux_X307_Y2_N0_I29                     ; DCM_mux                    ; CC_DCM_GMUX_RE                                                                                                                                                                                               ;
;   2.430 ;   0.069  ; RR ; RE   ; 1      ; IO_P2C_RE_X280_Y2_N150_I75                 ; IO_P2C_RE                  ; IO_P2C_RE                                                                                                                                                                                                    ;
;   2.456 ;   0.026  ; RR ; RE   ; 1      ; IO_P2C_RE_X280_Y2_N150_I26                 ; IO_P2C_RE                  ; IO_P2C_RE                                                                                                                                                                                                    ;
;   2.504 ;   0.048  ; RR ; RE   ; 1      ; Switchbox_clock_mux_X280_Y2_N0_I197        ; Switchbox_clock_mux        ; CLOCK_SEGMENT_MUX                                                                                                                                                                                            ;
;   2.607 ;   0.103  ; RR ; RE   ; 1      ; Switchbox_clock_mux_X280_Y2_N0_I105        ; Switchbox_clock_mux        ; CLOCK_SEGMENT_MUX                                                                                                                                                                                            ;
;   2.639 ;   0.032  ; RF ; RE   ; 1      ; Vertical_seam_tap_mux_X280_Y23_N0_I165     ; Vertical_seam_tap_mux      ; CLOCK_SEGMENT_TAP_MUX                                                                                                                                                                                        ;
;   2.705 ;   0.066  ; FR ; RE   ; 1      ; Vertical_seam_tap_mux_X280_Y23_N0_I53      ; Vertical_seam_tap_mux      ; CLOCK_SEGMENT_TAP_MUX                                                                                                                                                                                        ;
;   2.749 ;   0.044  ; RR ; RE   ; 1      ; Switchbox_clock_mux_X280_Y43_N0_I197       ; Switchbox_clock_mux        ; CLOCK_SEGMENT_MUX                                                                                                                                                                                            ;
;   2.852 ;   0.103  ; RR ; RE   ; 1      ; Switchbox_clock_mux_X280_Y43_N0_I105       ; Switchbox_clock_mux        ; CLOCK_SEGMENT_MUX                                                                                                                                                                                            ;
;   2.884 ;   0.032  ; RF ; RE   ; 1      ; Vertical_seam_tap_mux_X280_Y64_N0_I165     ; Vertical_seam_tap_mux      ; CLOCK_SEGMENT_TAP_MUX                                                                                                                                                                                        ;
;   2.950 ;   0.066  ; FR ; RE   ; 1      ; Vertical_seam_tap_mux_X280_Y64_N0_I53      ; Vertical_seam_tap_mux      ; CLOCK_SEGMENT_TAP_MUX                                                                                                                                                                                        ;
;   2.993 ;   0.043  ; RR ; RE   ; 1      ; Switchbox_clock_mux_X280_Y84_N0_I197       ; Switchbox_clock_mux        ; CLOCK_SEGMENT_MUX                                                                                                                                                                                            ;
;   3.090 ;   0.097  ; RR ; RE   ; 1      ; Switchbox_clock_mux_X280_Y84_N0_I105       ; Switchbox_clock_mux        ; CLOCK_SEGMENT_MUX                                                                                                                                                                                            ;
;   3.122 ;   0.032  ; RF ; RE   ; 1      ; Vertical_seam_tap_mux_X280_Y105_N0_I165    ; Vertical_seam_tap_mux      ; CLOCK_SEGMENT_TAP_MUX                                                                                                                                                                                        ;
;   3.187 ;   0.065  ; FR ; RE   ; 1      ; Vertical_seam_tap_mux_X280_Y105_N0_I53     ; Vertical_seam_tap_mux      ; CLOCK_SEGMENT_TAP_MUX                                                                                                                                                                                        ;
;   3.231 ;   0.044  ; RR ; RE   ; 1      ; Switchbox_clock_mux_X280_Y125_N0_I197      ; Switchbox_clock_mux        ; CLOCK_SEGMENT_MUX                                                                                                                                                                                            ;
;   3.327 ;   0.096  ; RR ; RE   ; 1      ; Switchbox_clock_mux_X280_Y125_N0_I105      ; Switchbox_clock_mux        ; CLOCK_SEGMENT_MUX                                                                                                                                                                                            ;
;   3.359 ;   0.032  ; RF ; RE   ; 1      ; Vertical_seam_tap_mux_X280_Y146_N0_I165    ; Vertical_seam_tap_mux      ; CLOCK_SEGMENT_TAP_MUX                                                                                                                                                                                        ;
;   3.424 ;   0.065  ; FR ; RE   ; 1      ; Vertical_seam_tap_mux_X280_Y146_N0_I53     ; Vertical_seam_tap_mux      ; CLOCK_SEGMENT_TAP_MUX                                                                                                                                                                                        ;
;   3.469 ;   0.045  ; RR ; RE   ; 1      ; Switchbox_clock_mux_X280_Y166_N0_I197      ; Switchbox_clock_mux        ; CLOCK_SEGMENT_MUX                                                                                                                                                                                            ;
;   3.677 ;   0.208  ; RR ; RE   ; 1      ; Switchbox_clock_mux_X280_Y166_N0_I106      ; Switchbox_clock_mux        ; CLOCK_SEGMENT_MUX                                                                                                                                                                                            ;
;   3.723 ;   0.046  ; RR ; RE   ; 1      ; Switchbox_clock_mux_X226_Y166_N0_I229      ; Switchbox_clock_mux        ; CLOCK_SEGMENT_MUX                                                                                                                                                                                            ;
;   3.767 ;   0.044  ; RR ; RE   ; 2      ; Switchbox_clock_mux_X226_Y166_N0_I153      ; Switchbox_clock_mux        ; CLOCK_SEGMENT_MUX                                                                                                                                                                                            ;
;   3.862 ;   0.095  ; RR ; RE   ; 1      ; Switchbox_clock_mux_X226_Y166_N0_I103      ; Switchbox_clock_mux        ; CLOCK_SEGMENT_MUX                                                                                                                                                                                            ;
;   3.894 ;   0.032  ; RF ; RE   ; 1      ; Vertical_seam_tap_mux_X226_Y146_N0_I134    ; Vertical_seam_tap_mux      ; CLOCK_SEGMENT_TAP_MUX                                                                                                                                                                                        ;
;   3.960 ;   0.066  ; FR ; RE   ; 1      ; Vertical_seam_tap_mux_X226_Y146_N0_I50     ; Vertical_seam_tap_mux      ; CLOCK_SEGMENT_TAP_MUX                                                                                                                                                                                        ;
;   4.008 ;   0.048  ; RR ; RE   ; 1      ; Switchbox_clock_mux_X226_Y125_N0_I166      ; Switchbox_clock_mux        ; CLOCK_SEGMENT_MUX                                                                                                                                                                                            ;
;   4.103 ;   0.095  ; RR ; RE   ; 1      ; Switchbox_clock_mux_X226_Y125_N0_I103      ; Switchbox_clock_mux        ; CLOCK_SEGMENT_MUX                                                                                                                                                                                            ;
;   4.135 ;   0.032  ; RF ; RE   ; 1      ; Vertical_seam_tap_mux_X226_Y105_N0_I134    ; Vertical_seam_tap_mux      ; CLOCK_SEGMENT_TAP_MUX                                                                                                                                                                                        ;
;   4.201 ;   0.066  ; FR ; RE   ; 1      ; Vertical_seam_tap_mux_X226_Y105_N0_I50     ; Vertical_seam_tap_mux      ; CLOCK_SEGMENT_TAP_MUX                                                                                                                                                                                        ;
;   4.248 ;   0.047  ; RR ; RE   ; 2      ; Switchbox_clock_mux_X226_Y84_N0_I166       ; Switchbox_clock_mux        ; CLOCK_SEGMENT_MUX                                                                                                                                                                                            ;
;   4.467 ;   0.219  ; RR ; RE   ; 1      ; Switchbox_clock_mux_X226_Y84_N0_I102       ; Switchbox_clock_mux        ; CLOCK_SEGMENT_MUX                                                                                                                                                                                            ;
;   4.512 ;   0.045  ; RR ; RE   ; 1      ; Switchbox_clock_mux_X280_Y84_N0_I230       ; Switchbox_clock_mux        ; CLOCK_SEGMENT_MUX                                                                                                                                                                                            ;
;   4.720 ;   0.208  ; RR ; RE   ; 1      ; Switchbox_clock_mux_X280_Y84_N0_I100       ; Switchbox_clock_mux        ; CLOCK_SEGMENT_MUX                                                                                                                                                                                            ;
;   4.766 ;   0.046  ; RR ; RE   ; 2      ; Switchbox_clock_mux_X334_Y84_N0_I230       ; Switchbox_clock_mux        ; CLOCK_SEGMENT_MUX                                                                                                                                                                                            ;
;   4.862 ;   0.096  ; RR ; RE   ; 1      ; Switchbox_clock_mux_X334_Y84_N0_I103       ; Switchbox_clock_mux        ; CLOCK_SEGMENT_MUX                                                                                                                                                                                            ;
;   4.894 ;   0.032  ; RF ; RE   ; 1      ; Vertical_seam_tap_mux_X334_Y64_N0_I134     ; Vertical_seam_tap_mux      ; CLOCK_SEGMENT_TAP_MUX                                                                                                                                                                                        ;
;   4.958 ;   0.064  ; FR ; RE   ; 1      ; Vertical_seam_tap_mux_X334_Y64_N0_I50      ; Vertical_seam_tap_mux      ; CLOCK_SEGMENT_TAP_MUX                                                                                                                                                                                        ;
;   5.005 ;   0.047  ; RR ; RE   ; 2      ; Switchbox_clock_mux_X334_Y43_N0_I166       ; Switchbox_clock_mux        ; CLOCK_SEGMENT_MUX                                                                                                                                                                                            ;
;   5.223 ;   0.218  ; RR ; RE   ; 1      ; Switchbox_clock_mux_X334_Y43_N0_I102       ; Switchbox_clock_mux        ; CLOCK_SEGMENT_MUX                                                                                                                                                                                            ;
;   5.270 ;   0.047  ; RR ; RE   ; 2      ; Switchbox_clock_mux_X280_Y43_N0_I262       ; Switchbox_clock_mux        ; CLOCK_SEGMENT_MUX                                                                                                                                                                                            ;
;   5.373 ;   0.103  ; RR ; RE   ; 1      ; Switchbox_clock_mux_X280_Y43_N0_I101       ; Switchbox_clock_mux        ; CLOCK_SEGMENT_MUX                                                                                                                                                                                            ;
;   5.418 ;   0.045  ; RR ; RE   ; 2      ; Vertical_seam_tap_mux_X280_Y64_N0_I166     ; Vertical_seam_tap_mux      ; CLOCK_SEGMENT_TAP_MUX                                                                                                                                                                                        ;
;   5.515 ;   0.097  ; RR ; RE   ; 1      ; Vertical_seam_tap_mux_X280_Y64_N0_I115     ; Vertical_seam_tap_mux      ; CLOCK_SEGMENT_TAP_MUX                                                                                                                                                                                        ;
;   5.635 ;   0.120  ; RR ; RE   ; 1      ; SPINE_TAP_RE_X253_Y64_N103_I89             ; SPINE_TAP_RE               ; SPINE_TAP_RE                                                                                                                                                                                                 ;
;   5.647 ;   0.012  ; RR ; RE   ; 41     ; SPINE_TAP_RE_X253_Y64_N103_I25             ; SPINE_TAP_RE               ; SPINE_TAP_RE                                                                                                                                                                                                 ;
;   5.901 ;   0.254  ; RR ; RE   ; 2      ; SCLKMUX_RE_X253_Y67_N188_I25               ; SCLKMUX_RE                 ; SCLKMUX_RE                                                                                                                                                                                                   ;
;   5.927 ;   0.026  ; RR ; RE   ; 16     ; SCLKMUX_RE_X253_Y67_N188_I40               ; SCLKMUX_RE                 ; SCLKMUX_RE                                                                                                                                                                                                   ;
;   5.965 ;   0.038  ; RR ; RE   ; 1      ; ROWCLK_TAPOFF_X261_Y67_N0_I3               ; Row Clock Tap-Off          ; ROWCLK_TAPOFF                                                                                                                                                                                                ;
;   5.998 ;   0.033  ; RR ; RE   ; 1      ; GLOBAL_LOCAL_SEL_X261_Y67_N0_I2            ; GLOBAL_LOCAL_SEL           ; GLOBAL_LOCAL_SEL                                                                                                                                                                                             ;
;   6.019 ;   0.021  ; RR ; RE   ; 1      ; RPII_X261_Y67_N0_I2                        ; Programmable Invert Input  ; RPII                                                                                                                                                                                                         ;
;   6.019 ;   0.000  ; RR ; RE   ; 1      ; RPI_X261_Y67_N0_I2                         ; Programmable Invert        ; RPI                                                                                                                                                                                                          ;
;   6.019 ;   0.000  ; RR ; RE   ; 25     ; LAB_RE_X261_Y67_N0_I83                     ; LAB_RE                     ; clka                                                                                                                                                                                                         ;
;   6.019 ;   0.000  ; RR ; RE   ; 1      ; LAB_RE_X261_Y67_N0_I150                    ; LAB_RE                     ; LAB_RE                                                                                                                                                                                                       ;
;   6.019 ;   0.000  ; RR ; RE   ; 15     ; LEIMCLKALE_X261_Y67_N0_I0                  ; LEIMCLKALE                 ; LEIMCLKALE                                                                                                                                                                                                   ;
;   6.019 ;   0.000  ; RR ; RE   ; 1      ; HYPERFLEX_CLK_M_MUX_X261_Y67_N0_I9         ; Hyperflex clocking network ; HIPI_M_MUX                                                                                                                                                                                                   ;
;   6.019 ;   0.000  ;    ; IC   ; 1      ; BLOCK_INPUT_MUX_PASSTHROUGH_X261_Y67_N0_I8 ; Hyper-Register             ; afu_top|pg_afu.port_gasket|pr_slot|afu_main|port_afu_instances|ofs_plat_afu|core|dma|csr_mgr_inst|add_0~31_BLOCK_INPUT_MUX_PASSTHROUGH_X261_Y67_N0_I8_dff|clk                                                ;
;   6.019 ;   0.000  ; RR ; CELL ; 1      ; BLOCK_INPUT_MUX_PASSTHROUGH_X261_Y67_N0_I8 ; Hyper-Register             ; afu_top|pg_afu.port_gasket|pr_slot|afu_main|port_afu_instances|ofs_plat_afu|core|dma|csr_mgr_inst|add_0~31_BLOCK_INPUT_MUX_PASSTHROUGH_X261_Y67_N0_I8_dff                                                    ;
;   7.134 ;   1.115  ;    ;      ;        ;                                            ;                            ; clock pessimism removed                                                                                                                                                                                      ;
;   7.112 ;   -0.022 ;    ;      ;        ;                                            ;                            ; advanced clock effects                                                                                                                                                                                       ;
; 7.082   ; -0.030   ;    ;      ;        ;                                            ;                            ; clock uncertainty                                                                                                                                                                                            ;
; 7.218   ; 0.136    ;    ; uTsu ; 1      ; BLOCK_INPUT_MUX_PASSTHROUGH_X261_Y67_N0_I8 ; Hyper-Register             ; afu_top|pg_afu.port_gasket|pr_slot|afu_main|port_afu_instances|ofs_plat_afu|core|dma|csr_mgr_inst|add_0~31_BLOCK_INPUT_MUX_PASSTHROUGH_X261_Y67_N0_I8_dff                                                    ;
+---------+----------+----+------+--------+--------------------------------------------+----------------------------+--------------------------------------------------------------------------------------------------------------------------------------------------------------------------------------------------------------+


