----------------
; Command Info ;
----------------
Report Timing: Found 4 hold paths (0 violated).  Worst case slack is 0.268 

Tcl Command:
    report_timing -hold -show_routing -file /home/uwb_student00/ahls/new_BSP/work_ahls_persona_work21_csr02/csr-paths07/csr-path-reports/3_length14_duplicate_ena_hold.rpt -through [remove_from_collection [get_pins {}] [remove_from_collection [get_pins {}] [get_pins -compatibility_mode -no_duplicates {afu_top|pg_afu.port_gasket|pr_slot|afu_main|port_afu_instances|ofs_plat_afu|core|dma|csr_mgr_inst|*|ena}]]] -nworst 1 -npaths 4 -detail full_path

Options:
    -through [remove_from_collection [get_pins {}] [remove_from_collection [get_pins {}] [get_pins -compatibility_mode -no_duplicates {afu_top|pg_afu.port_gasket|pr_slot|afu_main|port_afu_instances|ofs_plat_afu|core|dma|csr_mgr_inst|*|ena}]]] 
    -hold 
    -nworst 1 
    -npaths 4 
    -show_routing 
    -detail full_path 
    -file {/home/uwb_student00/ahls/new_BSP/work_ahls_persona_work21_csr02/csr-paths07/csr-path-reports/3_length14_duplicate_ena_hold.rpt} 

Snapshot:
    final

Delay Model:
    Fast vid2a 0C Model

+---------------------------------------------------------------------------------------------------------------------------------------------------------------------------------------------------------------------------------------------------------------------------------------------------------------------------------------------------------------------------------------------------------------------------------------------------------------------------------------------------------------------------------------------------------+
; Summary of Paths                                                                                                                                                                                                                                                                                                                                                                                                                                                                                                                                        ;
+-------+----------------------------------------------------------------------------------------------------------------------------------------------------------------------+-------------------------------------------------------------------------------------------------------------------------------------------------------------+---------------------------------------------------------------------------------+---------------------------------------------------------------------------------+--------------+------------+------------+
; Slack ; From Node                                                                                                                                                            ; To Node                                                                                                                                                     ; Launch Clock                                                                    ; Latch Clock                                                                     ; Relationship ; Clock Skew ; Data Delay ;
+-------+----------------------------------------------------------------------------------------------------------------------------------------------------------------------+-------------------------------------------------------------------------------------------------------------------------------------------------------------+---------------------------------------------------------------------------------+---------------------------------------------------------------------------------+--------------+------------+------------+
; 0.268 ; afu_top|pg_afu.port_gasket|pr_slot|afu_main|port_afu_instances|ofs_plat_afu|core|dma|csr_mgr_inst|Select_0~10xsyn_20_BLOCK_INPUT_MUX_PASSTHROUGH_X260_Y70_N0_I19_dff ; afu_top|pg_afu.port_gasket|pr_slot|afu_main|port_afu_instances|ofs_plat_afu|core|dma|csr_mgr_inst|dma_csr_map.descriptor.length[14]~DUPLICATE.comb          ; local_mem_wrapper|mem_ss_top|mem_ss_sv|mem_ss|mem_ss|emif_0|emif_0_core_usr_clk ; local_mem_wrapper|mem_ss_top|mem_ss_sv|mem_ss|mem_ss|emif_0|emif_0_core_usr_clk ; 0.000        ; 0.021      ; 0.326      ;
; 0.575 ; afu_top|pg_afu.port_gasket|pr_slot|afu_main|port_afu_instances|ofs_plat_afu|core|dma|csr_mgr_inst|Select_0~10xsyn_20_BLOCK_INPUT_MUX_PASSTHROUGH_X260_Y70_N0_I19_dff ; afu_top|pg_afu.port_gasket|pr_slot|afu_main|port_afu_instances|ofs_plat_afu|core|dma|csr_mgr_inst|add_0~181_BLOCK_INPUT_MUX_PASSTHROUGH_X261_Y68_N0_I31_dff ; local_mem_wrapper|mem_ss_top|mem_ss_sv|mem_ss|mem_ss|emif_0|emif_0_core_usr_clk ; local_mem_wrapper|mem_ss_top|mem_ss_sv|mem_ss|mem_ss|emif_0|emif_0_core_usr_clk ; 0.000        ; 0.028      ; 0.732      ;
; 0.593 ; afu_top|pg_afu.port_gasket|pr_slot|afu_main|port_afu_instances|ofs_plat_afu|core|dma|csr_mgr_inst|Select_0~10xsyn_20_BLOCK_INPUT_MUX_PASSTHROUGH_X260_Y70_N0_I19_dff ; afu_top|pg_afu.port_gasket|pr_slot|afu_main|port_afu_instances|ofs_plat_afu|core|dma|csr_mgr_inst|add_0~186_BLOCK_INPUT_MUX_PASSTHROUGH_X261_Y68_N0_I29_dff ; local_mem_wrapper|mem_ss_top|mem_ss_sv|mem_ss|mem_ss|emif_0|emif_0_core_usr_clk ; local_mem_wrapper|mem_ss_top|mem_ss_sv|mem_ss|mem_ss|emif_0|emif_0_core_usr_clk ; 0.000        ; 0.028      ; 0.750      ;
; 0.600 ; afu_top|pg_afu.port_gasket|pr_slot|afu_main|port_afu_instances|ofs_plat_afu|core|dma|csr_mgr_inst|Select_0~10xsyn_20_BLOCK_INPUT_MUX_PASSTHROUGH_X260_Y70_N0_I19_dff ; afu_top|pg_afu.port_gasket|pr_slot|afu_main|port_afu_instances|ofs_plat_afu|core|dma|csr_mgr_inst|add_0~176_BLOCK_INPUT_MUX_PASSTHROUGH_X261_Y68_N0_I25_dff ; local_mem_wrapper|mem_ss_top|mem_ss_sv|mem_ss|mem_ss|emif_0|emif_0_core_usr_clk ; local_mem_wrapper|mem_ss_top|mem_ss_sv|mem_ss|mem_ss|emif_0|emif_0_core_usr_clk ; 0.000        ; 0.028      ; 0.757      ;
+-------+----------------------------------------------------------------------------------------------------------------------------------------------------------------------+-------------------------------------------------------------------------------------------------------------------------------------------------------------+---------------------------------------------------------------------------------+---------------------------------------------------------------------------------+--------------+------------+------------+

Path #1: Hold slack is 0.268 
===============================================================================
+--------------------------------------------------------------------------------------------------------------------------------------------------------------------------------------------------------+
; Path Summary                                                                                                                                                                                           ;
+---------------------------------+----------------------------------------------------------------------------------------------------------------------------------------------------------------------+
; Property                        ; Value                                                                                                                                                                ;
+---------------------------------+----------------------------------------------------------------------------------------------------------------------------------------------------------------------+
; From Node                       ; afu_top|pg_afu.port_gasket|pr_slot|afu_main|port_afu_instances|ofs_plat_afu|core|dma|csr_mgr_inst|Select_0~10xsyn_20_BLOCK_INPUT_MUX_PASSTHROUGH_X260_Y70_N0_I19_dff ;
; To Node                         ; afu_top|pg_afu.port_gasket|pr_slot|afu_main|port_afu_instances|ofs_plat_afu|core|dma|csr_mgr_inst|dma_csr_map.descriptor.length[14]~DUPLICATE.comb                   ;
; Launch Clock                    ; local_mem_wrapper|mem_ss_top|mem_ss_sv|mem_ss|mem_ss|emif_0|emif_0_core_usr_clk                                                                                      ;
; Latch Clock                     ; local_mem_wrapper|mem_ss_top|mem_ss_sv|mem_ss|mem_ss|emif_0|emif_0_core_usr_clk                                                                                      ;
; SDC Exception                   ; No SDC Exception on Path                                                                                                                                             ;
; Data Arrival Time               ; 2.297                                                                                                                                                                ;
; Data Required Time              ; 2.029                                                                                                                                                                ;
; Slack                           ; 0.268                                                                                                                                                                ;
; Worst-Case Operating Conditions ; Fast vid2a 0C Model                                                                                                                                                  ;
+---------------------------------+----------------------------------------------------------------------------------------------------------------------------------------------------------------------+

+-------------------------------------------------------------------------------------+
; Statistics                                                                          ;
+------------------------+-------+-------+-------------+------------+--------+--------+
; Property               ; Value ; Count ; Total Delay ; % of Total ; Min    ; Max    ;
+------------------------+-------+-------+-------------+------------+--------+--------+
; Hold Relationship      ; 0.000 ;       ;             ;            ;        ;        ;
; Clock Skew             ; 0.021 ;       ;             ;            ;        ;        ;
; Data Delay             ; 0.326 ;       ;             ;            ;        ;        ;
; Number of Logic Levels ;       ; 0     ;             ;            ;        ;        ;
; Physical Delays        ;       ;       ;             ;            ;        ;        ;
;  Arrival Path          ;       ;       ;             ;            ;        ;        ;
;   Clock                ;       ;       ;             ;            ;        ;        ;
;    IC                  ;       ; 3     ; 0.000       ; 0          ; 0.000  ; 0.000  ;
;    Cell                ;       ; 15    ; 2.011       ; 46         ; 0.000  ; 0.664  ;
;    PLL Compensation    ;       ; 2     ; -2.385      ; 0          ; -1.793 ; -0.592 ;
;    Routing Element     ;       ; 58    ; 2.345       ; 54         ; 0.000  ; 0.169  ;
;   Data                 ;       ;       ;             ;            ;        ;        ;
;    IC                  ;       ; 2     ; 0.000       ; 0          ; 0.000  ; 0.000  ;
;    Cell                ;       ; 3     ; 0.059       ; 18         ; 0.000  ; 0.045  ;
;    uTco                ;       ; 1     ; 0.137       ; 42         ; 0.137  ; 0.137  ;
;    Routing Element     ;       ; 10    ; 0.130       ; 40         ; 0.000  ; 0.049  ;
;  Required Path         ;       ;       ;             ;            ;        ;        ;
;   Clock                ;       ;       ;             ;            ;        ;        ;
;    IC                  ;       ; 3     ; 0.000       ; 0          ; 0.000  ; 0.000  ;
;    Cell                ;       ; 15    ; 2.278       ; 47         ; 0.000  ; 0.749  ;
;    PLL Compensation    ;       ; 2     ; -2.179      ; 0          ; -1.661 ; -0.518 ;
;    Routing Element     ;       ; 55    ; 2.594       ; 53         ; 0.000  ; 0.190  ;
+------------------------+-------+-------+-------------+------------+--------+--------+
Note: Negative delays are omitted from totals when calculating percentages

+------------------------------------------------------------------------------------------------------------------------------------------------------------------------------------------------------------------------------------------------------------------------------------------------------------------------------------+
; Data Arrival Path                                                                                                                                                                                                                                                                                                                  ;
+----------+----------+----+------+--------+---------------------------------------------+----------------------------+--------------------------------------------------------------------------------------------------------------------------------------------------------------------------------------------------------------+
; Total    ; Incr     ; RF ; Type ; Fanout ; Location                                    ; Element Type               ; Element                                                                                                                                                                                                      ;
+----------+----------+----+------+--------+---------------------------------------------+----------------------------+--------------------------------------------------------------------------------------------------------------------------------------------------------------------------------------------------------------+
; 0.000    ; 0.000    ;    ;      ;        ;                                             ;                            ; launch edge time                                                                                                                                                                                             ;
; 1.971    ; 1.971    ;    ;      ;        ;                                             ;                            ; clock path                                                                                                                                                                                                   ;
;   0.000  ;   0.000  ;    ;      ;        ;                                             ;                            ; source latency                                                                                                                                                                                               ;
;   0.000  ;   0.000  ;    ;      ; 1      ; PIN_HF23                                    ; I/O pad                    ; ddr4_mem_ref_clk[0].clk                                                                                                                                                                                      ;
;   0.000  ;   0.000  ;    ; IC   ; 1      ; IOIBUF_X280_Y0_N376                         ; I/O input buffer           ; ddr4_mem_ref_clk[0].clk~input|i                                                                                                                                                                              ;
;   0.129  ;   0.129  ; RR ; CELL ; 2      ; IOIBUF_X280_Y0_N376                         ; I/O input buffer           ; ddr4_mem_ref_clk[0].clk~input|o                                                                                                                                                                              ;
;   0.793  ;   0.664  ; RR ; CELL ; 1      ; REFCLKINPUT_X281_Y0_N301                    ; I/O reference clock tree   ; local_mem_wrapper|mem_ss_top|mem_ss_sv|mem_ss|mem_ss|emif_0|emif_0|arch|arch_inst|pll_inst|pll_inst~refclk|ref_clk_in                                                                                        ;
;   0.896  ;   0.103  ; RR ; CELL ; 3      ; REFCLKINPUT_X281_Y0_N301                    ; I/O reference clock tree   ; local_mem_wrapper|mem_ss_top|mem_ss_sv|mem_ss|mem_ss|emif_0|emif_0|arch|arch_inst|pll_inst|pll_inst~refclk|ref0_to_btm                                                                                       ;
;   1.193  ;   0.297  ; RR ; CELL ; 1      ; REFCLKINPUT_X281_Y0_N301                    ; I/O reference clock tree   ; local_mem_wrapper|mem_ss_top|mem_ss_sv|mem_ss|mem_ss|emif_0|emif_0|arch|arch_inst|pll_inst|pll_inst~refclk|clk_out                                                                                           ;
;   1.193  ;   0.000  ; RR ; CELL ; 1      ; IOPLL_X281_Y0_N303                          ; IOPLL                      ; local_mem_wrapper|mem_ss_top|mem_ss_sv|mem_ss|mem_ss|emif_0|emif_0|arch|arch_inst|pll_inst|pll_inst|pll_cascade_in                                                                                           ;
;   1.313  ;   0.120  ; RR ; CELL ; 2      ; IOPLL_X281_Y0_N303                          ; IOPLL                      ; local_mem_wrapper|mem_ss_top|mem_ss_sv|mem_ss|mem_ss|emif_0|emif_0|arch|arch_inst|pll_inst|pll_inst~fmio96fs_wr/x0/fmio96_core_inst/fmio48tile_top/x5/u4_3/x0/xiopll_custom/xclkin_sw/xpm_pll_so/clk[0]      ;
;   1.424  ;   0.111  ; RR ; CELL ; 2      ; IOPLL_X281_Y0_N303                          ; IOPLL                      ; local_mem_wrapper|mem_ss_top|mem_ss_sv|mem_ss|mem_ss|emif_0|emif_0|arch|arch_inst|pll_inst|pll_inst~fmio96fs_wr/x0/fmio96_core_inst/fmio48tile_top/x5/u4_3/x0/xiopll_custom/xiopll_core/xncnt_iopll/clk      ;
;   1.527  ;   0.103  ; RR ; CELL ; 3      ; IOPLL_X281_Y0_N303                          ; IOPLL                      ; local_mem_wrapper|mem_ss_top|mem_ss_sv|mem_ss|mem_ss|emif_0|emif_0|arch|arch_inst|pll_inst|pll_inst~pllnout                                                                                                  ;
;   1.611  ;   0.084  ; RF ; CELL ; 1      ; IOPLL_X281_Y0_N303                          ; IOPLL                      ; local_mem_wrapper|mem_ss_top|mem_ss_sv|mem_ss|mem_ss|emif_0|emif_0|arch|arch_inst|pll_inst|pll_inst~vco_refclk                                                                                               ;
;   1.615  ;   0.004  ; FR ; CELL ; 1      ; IOPLL_X281_Y0_N303                          ; IOPLL                      ; local_mem_wrapper|mem_ss_top|mem_ss_sv|mem_ss|mem_ss|emif_0|emif_0|arch|arch_inst|pll_inst|pll_inst~vctrl                                                                                                    ;
;   1.023  ;   -0.592 ; RR ; COMP ; 1      ; IOPLL_X281_Y0_N303                          ; IOPLL                      ; local_mem_wrapper|mem_ss_top|mem_ss_sv|mem_ss|mem_ss|emif_0|emif_0|arch|arch_inst|pll_inst|pll_inst~vcoph[0]                                                                                                 ;
;   1.023  ;   0.000  ; RR ; CELL ; 10     ; IOPLL_X281_Y0_N303                          ; IOPLL                      ; local_mem_wrapper|mem_ss_top|mem_ss_sv|mem_ss|mem_ss|emif_0|emif_0|arch|arch_inst|pll_inst|pll_inst|vcoph[0]                                                                                                 ;
;   1.023  ;   0.000  ; RR ; CELL ; 3      ; TILECTRL_X281_Y0_N298                       ; I/O tile control logic     ; local_mem_wrapper|mem_ss_top|mem_ss_sv|mem_ss|mem_ss|emif_0|emif_0|arch|arch_inst|io_tiles_wrap_inst|io_tiles_inst|tile_gen[1].tile_ctrl_inst|pll_vco_in[0]                                                  ;
;   -0.770 ;   -1.793 ; RR ; COMP ; 1      ; TILECTRL_X281_Y0_N298                       ; I/O tile control logic     ; local_mem_wrapper|mem_ss_top|mem_ss_sv|mem_ss|mem_ss|emif_0|emif_0|arch|arch_inst|io_tiles_wrap_inst|io_tiles_inst|tile_gen[1].tile_ctrl_inst|pa_core_clk_out[0]                                             ;
;   -0.374 ;   0.396  ; RR ; CELL ; 16258  ; TILECTRL_X281_Y0_N298                       ; I/O tile control logic     ; local_mem_wrapper|mem_ss_top|mem_ss_sv|mem_ss|mem_ss|emif_0|emif_0|arch|arch_inst|io_tiles_wrap_inst|io_tiles_inst|tile_gen[1].tile_ctrl_inst~fmio96fs_wr/m32_0_29__iophasealignment_to_dcm__core_clk_out[1] ;
;   -0.374 ;   0.000  ;    ; IC   ; 1      ; Boundary Port                               ; N/A                        ; afu_top|pg_afu.port_gasket|pr_slot|afu_main|ext_mem_if[0].clk|input                                                                                                                                          ;
;   -0.374 ;   0.000  ; RR ; CELL ; 105325 ; Boundary Port                               ; N/A                        ; afu_top|pg_afu.port_gasket|pr_slot|afu_main|ext_mem_if[0].clk                                                                                                                                                ;
;   -0.374 ;   0.000  ; RR ; RE   ; 1      ; TILECTRL_X281_Y0_N298                       ; I/O tile control logic     ; TILE_CTRL                                                                                                                                                                                                    ;
;   -0.332 ;   0.042  ; RR ; RE   ; 1      ; IO96FSWRRE_X280_Y0_N0_I3537                 ; IO96FS_WR_RE               ; IO96FS_WR_RE                                                                                                                                                                                                 ;
;   -0.273 ;   0.059  ; RR ; RE   ; 1      ; DCM_mux_X307_Y2_N0_I29                      ; DCM_mux                    ; CC_DCM_GMUX_RE                                                                                                                                                                                               ;
;   -0.228 ;   0.045  ; RR ; RE   ; 1      ; IO_P2C_RE_X280_Y2_N150_I75                  ; IO_P2C_RE                  ; IO_P2C_RE                                                                                                                                                                                                    ;
;   -0.215 ;   0.013  ; RR ; RE   ; 1      ; IO_P2C_RE_X280_Y2_N150_I26                  ; IO_P2C_RE                  ; IO_P2C_RE                                                                                                                                                                                                    ;
;   -0.186 ;   0.029  ; RR ; RE   ; 1      ; Switchbox_clock_mux_X280_Y2_N0_I197         ; Switchbox_clock_mux        ; CLOCK_SEGMENT_MUX                                                                                                                                                                                            ;
;   -0.125 ;   0.061  ; RR ; RE   ; 1      ; Switchbox_clock_mux_X280_Y2_N0_I105         ; Switchbox_clock_mux        ; CLOCK_SEGMENT_MUX                                                                                                                                                                                            ;
;   -0.105 ;   0.020  ; RF ; RE   ; 1      ; Vertical_seam_tap_mux_X280_Y23_N0_I165      ; Vertical_seam_tap_mux      ; CLOCK_SEGMENT_TAP_MUX                                                                                                                                                                                        ;
;   -0.068 ;   0.037  ; FR ; RE   ; 1      ; Vertical_seam_tap_mux_X280_Y23_N0_I53       ; Vertical_seam_tap_mux      ; CLOCK_SEGMENT_TAP_MUX                                                                                                                                                                                        ;
;   -0.041 ;   0.027  ; RR ; RE   ; 1      ; Switchbox_clock_mux_X280_Y43_N0_I197        ; Switchbox_clock_mux        ; CLOCK_SEGMENT_MUX                                                                                                                                                                                            ;
;   0.020  ;   0.061  ; RR ; RE   ; 1      ; Switchbox_clock_mux_X280_Y43_N0_I105        ; Switchbox_clock_mux        ; CLOCK_SEGMENT_MUX                                                                                                                                                                                            ;
;   0.040  ;   0.020  ; RF ; RE   ; 1      ; Vertical_seam_tap_mux_X280_Y64_N0_I165      ; Vertical_seam_tap_mux      ; CLOCK_SEGMENT_TAP_MUX                                                                                                                                                                                        ;
;   0.077  ;   0.037  ; FR ; RE   ; 1      ; Vertical_seam_tap_mux_X280_Y64_N0_I53       ; Vertical_seam_tap_mux      ; CLOCK_SEGMENT_TAP_MUX                                                                                                                                                                                        ;
;   0.104  ;   0.027  ; RR ; RE   ; 1      ; Switchbox_clock_mux_X280_Y84_N0_I197        ; Switchbox_clock_mux        ; CLOCK_SEGMENT_MUX                                                                                                                                                                                            ;
;   0.161  ;   0.057  ; RR ; RE   ; 1      ; Switchbox_clock_mux_X280_Y84_N0_I105        ; Switchbox_clock_mux        ; CLOCK_SEGMENT_MUX                                                                                                                                                                                            ;
;   0.181  ;   0.020  ; RF ; RE   ; 1      ; Vertical_seam_tap_mux_X280_Y105_N0_I165     ; Vertical_seam_tap_mux      ; CLOCK_SEGMENT_TAP_MUX                                                                                                                                                                                        ;
;   0.218  ;   0.037  ; FR ; RE   ; 1      ; Vertical_seam_tap_mux_X280_Y105_N0_I53      ; Vertical_seam_tap_mux      ; CLOCK_SEGMENT_TAP_MUX                                                                                                                                                                                        ;
;   0.245  ;   0.027  ; RR ; RE   ; 1      ; Switchbox_clock_mux_X280_Y125_N0_I197       ; Switchbox_clock_mux        ; CLOCK_SEGMENT_MUX                                                                                                                                                                                            ;
;   0.301  ;   0.056  ; RR ; RE   ; 1      ; Switchbox_clock_mux_X280_Y125_N0_I105       ; Switchbox_clock_mux        ; CLOCK_SEGMENT_MUX                                                                                                                                                                                            ;
;   0.322  ;   0.021  ; RF ; RE   ; 1      ; Vertical_seam_tap_mux_X280_Y146_N0_I165     ; Vertical_seam_tap_mux      ; CLOCK_SEGMENT_TAP_MUX                                                                                                                                                                                        ;
;   0.359  ;   0.037  ; FR ; RE   ; 1      ; Vertical_seam_tap_mux_X280_Y146_N0_I53      ; Vertical_seam_tap_mux      ; CLOCK_SEGMENT_TAP_MUX                                                                                                                                                                                        ;
;   0.386  ;   0.027  ; RR ; RE   ; 1      ; Switchbox_clock_mux_X280_Y166_N0_I197       ; Switchbox_clock_mux        ; CLOCK_SEGMENT_MUX                                                                                                                                                                                            ;
;   0.517  ;   0.131  ; RR ; RE   ; 1      ; Switchbox_clock_mux_X280_Y166_N0_I106       ; Switchbox_clock_mux        ; CLOCK_SEGMENT_MUX                                                                                                                                                                                            ;
;   0.546  ;   0.029  ; RR ; RE   ; 1      ; Switchbox_clock_mux_X226_Y166_N0_I229       ; Switchbox_clock_mux        ; CLOCK_SEGMENT_MUX                                                                                                                                                                                            ;
;   0.574  ;   0.028  ; RR ; RE   ; 2      ; Switchbox_clock_mux_X226_Y166_N0_I153       ; Switchbox_clock_mux        ; CLOCK_SEGMENT_MUX                                                                                                                                                                                            ;
;   0.630  ;   0.056  ; RR ; RE   ; 1      ; Switchbox_clock_mux_X226_Y166_N0_I103       ; Switchbox_clock_mux        ; CLOCK_SEGMENT_MUX                                                                                                                                                                                            ;
;   0.650  ;   0.020  ; RF ; RE   ; 1      ; Vertical_seam_tap_mux_X226_Y146_N0_I134     ; Vertical_seam_tap_mux      ; CLOCK_SEGMENT_TAP_MUX                                                                                                                                                                                        ;
;   0.688  ;   0.038  ; FR ; RE   ; 1      ; Vertical_seam_tap_mux_X226_Y146_N0_I50      ; Vertical_seam_tap_mux      ; CLOCK_SEGMENT_TAP_MUX                                                                                                                                                                                        ;
;   0.717  ;   0.029  ; RR ; RE   ; 1      ; Switchbox_clock_mux_X226_Y125_N0_I166       ; Switchbox_clock_mux        ; CLOCK_SEGMENT_MUX                                                                                                                                                                                            ;
;   0.773  ;   0.056  ; RR ; RE   ; 1      ; Switchbox_clock_mux_X226_Y125_N0_I103       ; Switchbox_clock_mux        ; CLOCK_SEGMENT_MUX                                                                                                                                                                                            ;
;   0.794  ;   0.021  ; RF ; RE   ; 1      ; Vertical_seam_tap_mux_X226_Y105_N0_I134     ; Vertical_seam_tap_mux      ; CLOCK_SEGMENT_TAP_MUX                                                                                                                                                                                        ;
;   0.831  ;   0.037  ; FR ; RE   ; 1      ; Vertical_seam_tap_mux_X226_Y105_N0_I50      ; Vertical_seam_tap_mux      ; CLOCK_SEGMENT_TAP_MUX                                                                                                                                                                                        ;
;   0.860  ;   0.029  ; RR ; RE   ; 2      ; Switchbox_clock_mux_X226_Y84_N0_I166        ; Switchbox_clock_mux        ; CLOCK_SEGMENT_MUX                                                                                                                                                                                            ;
;   0.996  ;   0.136  ; RR ; RE   ; 1      ; Switchbox_clock_mux_X226_Y84_N0_I102        ; Switchbox_clock_mux        ; CLOCK_SEGMENT_MUX                                                                                                                                                                                            ;
;   1.025  ;   0.029  ; RR ; RE   ; 1      ; Switchbox_clock_mux_X280_Y84_N0_I230        ; Switchbox_clock_mux        ; CLOCK_SEGMENT_MUX                                                                                                                                                                                            ;
;   1.155  ;   0.130  ; RR ; RE   ; 1      ; Switchbox_clock_mux_X280_Y84_N0_I100        ; Switchbox_clock_mux        ; CLOCK_SEGMENT_MUX                                                                                                                                                                                            ;
;   1.184  ;   0.029  ; RR ; RE   ; 2      ; Switchbox_clock_mux_X334_Y84_N0_I230        ; Switchbox_clock_mux        ; CLOCK_SEGMENT_MUX                                                                                                                                                                                            ;
;   1.240  ;   0.056  ; RR ; RE   ; 1      ; Switchbox_clock_mux_X334_Y84_N0_I103        ; Switchbox_clock_mux        ; CLOCK_SEGMENT_MUX                                                                                                                                                                                            ;
;   1.260  ;   0.020  ; RF ; RE   ; 1      ; Vertical_seam_tap_mux_X334_Y64_N0_I134      ; Vertical_seam_tap_mux      ; CLOCK_SEGMENT_TAP_MUX                                                                                                                                                                                        ;
;   1.297  ;   0.037  ; FR ; RE   ; 1      ; Vertical_seam_tap_mux_X334_Y64_N0_I50       ; Vertical_seam_tap_mux      ; CLOCK_SEGMENT_TAP_MUX                                                                                                                                                                                        ;
;   1.326  ;   0.029  ; RR ; RE   ; 2      ; Switchbox_clock_mux_X334_Y43_N0_I166        ; Switchbox_clock_mux        ; CLOCK_SEGMENT_MUX                                                                                                                                                                                            ;
;   1.461  ;   0.135  ; RR ; RE   ; 1      ; Switchbox_clock_mux_X334_Y43_N0_I102        ; Switchbox_clock_mux        ; CLOCK_SEGMENT_MUX                                                                                                                                                                                            ;
;   1.490  ;   0.029  ; RR ; RE   ; 2      ; Switchbox_clock_mux_X280_Y43_N0_I262        ; Switchbox_clock_mux        ; CLOCK_SEGMENT_MUX                                                                                                                                                                                            ;
;   1.550  ;   0.060  ; RR ; RE   ; 1      ; Switchbox_clock_mux_X280_Y43_N0_I101        ; Switchbox_clock_mux        ; CLOCK_SEGMENT_MUX                                                                                                                                                                                            ;
;   1.577  ;   0.027  ; RR ; RE   ; 2      ; Vertical_seam_tap_mux_X280_Y64_N0_I166      ; Vertical_seam_tap_mux      ; CLOCK_SEGMENT_TAP_MUX                                                                                                                                                                                        ;
;   1.637  ;   0.060  ; RR ; RE   ; 1      ; Vertical_seam_tap_mux_X280_Y64_N0_I115      ; Vertical_seam_tap_mux      ; CLOCK_SEGMENT_TAP_MUX                                                                                                                                                                                        ;
;   1.717  ;   0.080  ; RR ; RE   ; 1      ; SPINE_TAP_RE_X253_Y64_N103_I89              ; SPINE_TAP_RE               ; SPINE_TAP_RE                                                                                                                                                                                                 ;
;   1.729  ;   0.012  ; RR ; RE   ; 41     ; SPINE_TAP_RE_X253_Y64_N103_I25              ; SPINE_TAP_RE               ; SPINE_TAP_RE                                                                                                                                                                                                 ;
;   1.898  ;   0.169  ; RR ; RE   ; 2      ; SCLKMUX_RE_X253_Y70_N188_I25                ; SCLKMUX_RE                 ; SCLKMUX_RE                                                                                                                                                                                                   ;
;   1.911  ;   0.013  ; RR ; RE   ; 16     ; SCLKMUX_RE_X253_Y70_N188_I40                ; SCLKMUX_RE                 ; SCLKMUX_RE                                                                                                                                                                                                   ;
;   1.935  ;   0.024  ; RR ; RE   ; 1      ; ROWCLK_TAPOFF_X260_Y70_N0_I3                ; Row Clock Tap-Off          ; ROWCLK_TAPOFF                                                                                                                                                                                                ;
;   1.957  ;   0.022  ; RR ; RE   ; 1      ; GLOBAL_LOCAL_SEL_X260_Y70_N0_I3             ; GLOBAL_LOCAL_SEL           ; GLOBAL_LOCAL_SEL                                                                                                                                                                                             ;
;   1.971  ;   0.014  ; RR ; RE   ; 1      ; RPII_X260_Y70_N0_I3                         ; Programmable Invert Input  ; RPII                                                                                                                                                                                                         ;
;   1.971  ;   0.000  ; RR ; RE   ; 1      ; RPI_X260_Y70_N0_I3                          ; Programmable Invert        ; RPI                                                                                                                                                                                                          ;
;   1.971  ;   0.000  ; RR ; RE   ; 1      ; LAB_RE_X260_Y70_N0_I84                      ; LAB_RE                     ; clkb                                                                                                                                                                                                         ;
;   1.971  ;   0.000  ; RR ; RE   ; 1      ; LAB_RE_X260_Y70_N0_I152                     ; LAB_RE                     ; LAB_RE                                                                                                                                                                                                       ;
;   1.971  ;   0.000  ; RR ; RE   ; 12     ; LEIMCLKALE_X260_Y70_N0_I0                   ; LEIMCLKALE                 ; LEIMCLKALE                                                                                                                                                                                                   ;
;   1.971  ;   0.000  ; RR ; RE   ; 1      ; HYPERFLEX_CLK_M_MUX_X260_Y70_N0_I21         ; Hyperflex clocking network ; HIPI_M_MUX                                                                                                                                                                                                   ;
;   1.971  ;   0.000  ;    ; IC   ; 1      ; BLOCK_INPUT_MUX_PASSTHROUGH_X260_Y70_N0_I19 ; Hyper-Register             ; afu_top|pg_afu.port_gasket|pr_slot|afu_main|port_afu_instances|ofs_plat_afu|core|dma|csr_mgr_inst|Select_0~10xsyn_20_BLOCK_INPUT_MUX_PASSTHROUGH_X260_Y70_N0_I19_dff|clk                                     ;
;   1.971  ;   0.000  ; RR ; CELL ; 1      ; BLOCK_INPUT_MUX_PASSTHROUGH_X260_Y70_N0_I19 ; Hyper-Register             ; afu_top|pg_afu.port_gasket|pr_slot|afu_main|port_afu_instances|ofs_plat_afu|core|dma|csr_mgr_inst|Select_0~10xsyn_20_BLOCK_INPUT_MUX_PASSTHROUGH_X260_Y70_N0_I19_dff                                         ;
; 2.297    ; 0.326    ;    ;      ;        ;                                             ;                            ; data path                                                                                                                                                                                                    ;
;   2.108  ;   0.137  ; FF ; uTco ; 1      ; BLOCK_INPUT_MUX_PASSTHROUGH_X260_Y70_N0_I19 ; Hyper-Register             ; afu_top|pg_afu.port_gasket|pr_slot|afu_main|port_afu_instances|ofs_plat_afu|core|dma|csr_mgr_inst|Select_0~10xsyn_20_BLOCK_INPUT_MUX_PASSTHROUGH_X260_Y70_N0_I19_dff|q                                       ;
;   2.108  ;   0.000  ; FF ; RE   ; 1      ; BLOCK_INPUT_MUX_PASSTHROUGH_X260_Y70_N0_I19 ; Hyper-Register             ; LEIM                                                                                                                                                                                                         ;
;   2.109  ;   0.001  ; FF ; RE   ; 1      ; BLOCK_INPUT_MUX_PASSTHROUGH_X260_Y70_N0_I19 ; Block Input Mux            ; LEIM                                                                                                                                                                                                         ;
;   2.109  ;   0.000  ; FF ; RE   ; 1      ; LAB_RE_X260_Y70_N0_I23                      ; LAB_RE                     ; leimf[2]                                                                                                                                                                                                     ;
;   2.109  ;   0.000  ;    ; IC   ; 1      ; MLABCELL_X260_Y70_N15                       ; Combinational cell         ; afu_top|pg_afu.port_gasket|pr_slot|afu_main|port_afu_instances|ofs_plat_afu|core|dma|csr_mgr_inst|i2852~0|dataf                                                                                              ;
;   2.123  ;   0.014  ; FF ; CELL ; 4      ; MLABCELL_X260_Y70_N15                       ; Combinational cell         ; afu_top|pg_afu.port_gasket|pr_slot|afu_main|port_afu_instances|ofs_plat_afu|core|dma|csr_mgr_inst|i2852~0|combout                                                                                            ;
;   2.168  ;   0.045  ; FR ; CELL ; 5      ; MLABCELL_X260_Y70_N15                       ; Combinational cell         ; afu_top|pg_afu.port_gasket|pr_slot|afu_main|port_afu_instances|ofs_plat_afu|core|dma|csr_mgr_inst|i2852~0~cw_ml_mlab/laboutt[8]                                                                              ;
;   2.168  ;   0.000  ; RR ; RE   ; 1      ; MLABCELL_X260_Y70_N15                       ; Combinational cell         ; MP_MLAB_COMB                                                                                                                                                                                                 ;
;   2.172  ;   0.004  ; RR ; RE   ; 1      ; LAB_RE_X260_Y70_N0_I97                      ; LAB_RE                     ; LAB_RE                                                                                                                                                                                                       ;
;   2.221  ;   0.049  ; RR ; RE   ; 1      ; C4_X260_Y66_N0_I9                           ; C4 interconnect            ; V4                                                                                                                                                                                                           ;
;   2.248  ;   0.027  ; RR ; RE   ; 1      ; R1_X260_Y66_N0_I11                          ; R1 interconnect            ; H1                                                                                                                                                                                                           ;
;   2.271  ;   0.023  ; RF ; RE   ; 1      ; LOCAL_INTERCONNECT_X259_Y66_N0_I25          ; Block interconnect         ; LAB_LINE                                                                                                                                                                                                     ;
;   2.297  ;   0.026  ; FR ; RE   ; 1      ; BLOCK_INPUT_MUX_PASSTHROUGH_X259_Y66_N0_I82 ; Block Input Mux            ; LEIM                                                                                                                                                                                                         ;
;   2.297  ;   0.000  ; RR ; RE   ; 5      ; LAB_RE_X259_Y66_N0_I80                      ; LAB_RE                     ; lsim[0]                                                                                                                                                                                                      ;
;   2.297  ;   0.000  ;    ; IC   ; 2      ; FF_X259_Y66_N13                             ; Bypassed ALM Register      ; afu_top|pg_afu.port_gasket|pr_slot|afu_main|port_afu_instances|ofs_plat_afu|core|dma|csr_mgr_inst|dma_csr_map.descriptor.length[14]~DUPLICATE.comb|ena                                                       ;
;   2.297  ;   0.000  ; RR ; CELL ; 0      ; FF_X259_Y66_N13                             ; Bypassed ALM Register      ; afu_top|pg_afu.port_gasket|pr_slot|afu_main|port_afu_instances|ofs_plat_afu|core|dma|csr_mgr_inst|dma_csr_map.descriptor.length[14]~DUPLICATE.comb                                                           ;
+----------+----------+----+------+--------+---------------------------------------------+----------------------------+--------------------------------------------------------------------------------------------------------------------------------------------------------------------------------------------------------------+

+-------------------------------------------------------------------------------------------------------------------------------------------------------------------------------------------------------------------------------------------------------------------------------------------------------------------------------+
; Data Required Path                                                                                                                                                                                                                                                                                                            ;
+----------+----------+----+------+--------+-----------------------------------------+---------------------------+--------------------------------------------------------------------------------------------------------------------------------------------------------------------------------------------------------------+
; Total    ; Incr     ; RF ; Type ; Fanout ; Location                                ; Element Type              ; Element                                                                                                                                                                                                      ;
+----------+----------+----+------+--------+-----------------------------------------+---------------------------+--------------------------------------------------------------------------------------------------------------------------------------------------------------------------------------------------------------+
; 0.000    ; 0.000    ;    ;      ;        ;                                         ;                           ; latch edge time                                                                                                                                                                                              ;
; 1.992    ; 1.992    ;    ;      ;        ;                                         ;                           ; clock path                                                                                                                                                                                                   ;
;   0.000  ;   0.000  ;    ;      ;        ;                                         ;                           ; source latency                                                                                                                                                                                               ;
;   0.000  ;   0.000  ;    ;      ; 1      ; PIN_HF23                                ; I/O pad                   ; ddr4_mem_ref_clk[0].clk                                                                                                                                                                                      ;
;   0.000  ;   0.000  ;    ; IC   ; 1      ; IOIBUF_X280_Y0_N376                     ; I/O input buffer          ; ddr4_mem_ref_clk[0].clk~input|i                                                                                                                                                                              ;
;   0.129  ;   0.129  ; RR ; CELL ; 2      ; IOIBUF_X280_Y0_N376                     ; I/O input buffer          ; ddr4_mem_ref_clk[0].clk~input|o                                                                                                                                                                              ;
;   0.878  ;   0.749  ; RR ; CELL ; 1      ; REFCLKINPUT_X281_Y0_N301                ; I/O reference clock tree  ; local_mem_wrapper|mem_ss_top|mem_ss_sv|mem_ss|mem_ss|emif_0|emif_0|arch|arch_inst|pll_inst|pll_inst~refclk|ref_clk_in                                                                                        ;
;   1.000  ;   0.122  ; RR ; CELL ; 3      ; REFCLKINPUT_X281_Y0_N301                ; I/O reference clock tree  ; local_mem_wrapper|mem_ss_top|mem_ss_sv|mem_ss|mem_ss|emif_0|emif_0|arch|arch_inst|pll_inst|pll_inst~refclk|ref0_to_btm                                                                                       ;
;   1.337  ;   0.337  ; RR ; CELL ; 1      ; REFCLKINPUT_X281_Y0_N301                ; I/O reference clock tree  ; local_mem_wrapper|mem_ss_top|mem_ss_sv|mem_ss|mem_ss|emif_0|emif_0|arch|arch_inst|pll_inst|pll_inst~refclk|clk_out                                                                                           ;
;   1.337  ;   0.000  ; RR ; CELL ; 1      ; IOPLL_X281_Y0_N303                      ; IOPLL                     ; local_mem_wrapper|mem_ss_top|mem_ss_sv|mem_ss|mem_ss|emif_0|emif_0|arch|arch_inst|pll_inst|pll_inst|pll_cascade_in                                                                                           ;
;   1.474  ;   0.137  ; RR ; CELL ; 2      ; IOPLL_X281_Y0_N303                      ; IOPLL                     ; local_mem_wrapper|mem_ss_top|mem_ss_sv|mem_ss|mem_ss|emif_0|emif_0|arch|arch_inst|pll_inst|pll_inst~fmio96fs_wr/x0/fmio96_core_inst/fmio48tile_top/x5/u4_3/x0/xiopll_custom/xclkin_sw/xpm_pll_so/clk[0]      ;
;   1.600  ;   0.126  ; RR ; CELL ; 2      ; IOPLL_X281_Y0_N303                      ; IOPLL                     ; local_mem_wrapper|mem_ss_top|mem_ss_sv|mem_ss|mem_ss|emif_0|emif_0|arch|arch_inst|pll_inst|pll_inst~fmio96fs_wr/x0/fmio96_core_inst/fmio48tile_top/x5/u4_3/x0/xiopll_custom/xiopll_core/xncnt_iopll/clk      ;
;   1.718  ;   0.118  ; RR ; CELL ; 3      ; IOPLL_X281_Y0_N303                      ; IOPLL                     ; local_mem_wrapper|mem_ss_top|mem_ss_sv|mem_ss|mem_ss|emif_0|emif_0|arch|arch_inst|pll_inst|pll_inst~pllnout                                                                                                  ;
;   1.815  ;   0.097  ; RF ; CELL ; 1      ; IOPLL_X281_Y0_N303                      ; IOPLL                     ; local_mem_wrapper|mem_ss_top|mem_ss_sv|mem_ss|mem_ss|emif_0|emif_0|arch|arch_inst|pll_inst|pll_inst~vco_refclk                                                                                               ;
;   1.822  ;   0.007  ; FR ; CELL ; 1      ; IOPLL_X281_Y0_N303                      ; IOPLL                     ; local_mem_wrapper|mem_ss_top|mem_ss_sv|mem_ss|mem_ss|emif_0|emif_0|arch|arch_inst|pll_inst|pll_inst~vctrl                                                                                                    ;
;   1.304  ;   -0.518 ; RR ; COMP ; 1      ; IOPLL_X281_Y0_N303                      ; IOPLL                     ; local_mem_wrapper|mem_ss_top|mem_ss_sv|mem_ss|mem_ss|emif_0|emif_0|arch|arch_inst|pll_inst|pll_inst~vcoph[0]                                                                                                 ;
;   1.304  ;   0.000  ; RR ; CELL ; 10     ; IOPLL_X281_Y0_N303                      ; IOPLL                     ; local_mem_wrapper|mem_ss_top|mem_ss_sv|mem_ss|mem_ss|emif_0|emif_0|arch|arch_inst|pll_inst|pll_inst|vcoph[0]                                                                                                 ;
;   1.304  ;   0.000  ; RR ; CELL ; 3      ; TILECTRL_X281_Y0_N298                   ; I/O tile control logic    ; local_mem_wrapper|mem_ss_top|mem_ss_sv|mem_ss|mem_ss|emif_0|emif_0|arch|arch_inst|io_tiles_wrap_inst|io_tiles_inst|tile_gen[1].tile_ctrl_inst|pll_vco_in[0]                                                  ;
;   -0.357 ;   -1.661 ; RR ; COMP ; 1      ; TILECTRL_X281_Y0_N298                   ; I/O tile control logic    ; local_mem_wrapper|mem_ss_top|mem_ss_sv|mem_ss|mem_ss|emif_0|emif_0|arch|arch_inst|io_tiles_wrap_inst|io_tiles_inst|tile_gen[1].tile_ctrl_inst|pa_core_clk_out[0]                                             ;
;   0.099  ;   0.456  ; RR ; CELL ; 16258  ; TILECTRL_X281_Y0_N298                   ; I/O tile control logic    ; local_mem_wrapper|mem_ss_top|mem_ss_sv|mem_ss|mem_ss|emif_0|emif_0|arch|arch_inst|io_tiles_wrap_inst|io_tiles_inst|tile_gen[1].tile_ctrl_inst~fmio96fs_wr/m32_0_29__iophasealignment_to_dcm__core_clk_out[1] ;
;   0.099  ;   0.000  ;    ; IC   ; 1      ; Boundary Port                           ; N/A                       ; afu_top|pg_afu.port_gasket|pr_slot|afu_main|ext_mem_if[0].clk|input                                                                                                                                          ;
;   0.099  ;   0.000  ; RR ; CELL ; 105325 ; Boundary Port                           ; N/A                       ; afu_top|pg_afu.port_gasket|pr_slot|afu_main|ext_mem_if[0].clk                                                                                                                                                ;
;   0.099  ;   0.000  ; RR ; RE   ; 1      ; TILECTRL_X281_Y0_N298                   ; I/O tile control logic    ; TILE_CTRL                                                                                                                                                                                                    ;
;   0.147  ;   0.048  ; RR ; RE   ; 1      ; IO96FSWRRE_X280_Y0_N0_I3537             ; IO96FS_WR_RE              ; IO96FS_WR_RE                                                                                                                                                                                                 ;
;   0.210  ;   0.063  ; RR ; RE   ; 1      ; DCM_mux_X307_Y2_N0_I29                  ; DCM_mux                   ; CC_DCM_GMUX_RE                                                                                                                                                                                               ;
;   0.262  ;   0.052  ; RR ; RE   ; 1      ; IO_P2C_RE_X280_Y2_N150_I75              ; IO_P2C_RE                 ; IO_P2C_RE                                                                                                                                                                                                    ;
;   0.276  ;   0.014  ; RR ; RE   ; 1      ; IO_P2C_RE_X280_Y2_N150_I26              ; IO_P2C_RE                 ; IO_P2C_RE                                                                                                                                                                                                    ;
;   0.309  ;   0.033  ; RR ; RE   ; 1      ; Switchbox_clock_mux_X280_Y2_N0_I197     ; Switchbox_clock_mux       ; CLOCK_SEGMENT_MUX                                                                                                                                                                                            ;
;   0.375  ;   0.066  ; RR ; RE   ; 1      ; Switchbox_clock_mux_X280_Y2_N0_I105     ; Switchbox_clock_mux       ; CLOCK_SEGMENT_MUX                                                                                                                                                                                            ;
;   0.398  ;   0.023  ; RF ; RE   ; 1      ; Vertical_seam_tap_mux_X280_Y23_N0_I165  ; Vertical_seam_tap_mux     ; CLOCK_SEGMENT_TAP_MUX                                                                                                                                                                                        ;
;   0.438  ;   0.040  ; FR ; RE   ; 1      ; Vertical_seam_tap_mux_X280_Y23_N0_I53   ; Vertical_seam_tap_mux     ; CLOCK_SEGMENT_TAP_MUX                                                                                                                                                                                        ;
;   0.469  ;   0.031  ; RR ; RE   ; 1      ; Switchbox_clock_mux_X280_Y43_N0_I197    ; Switchbox_clock_mux       ; CLOCK_SEGMENT_MUX                                                                                                                                                                                            ;
;   0.535  ;   0.066  ; RR ; RE   ; 1      ; Switchbox_clock_mux_X280_Y43_N0_I105    ; Switchbox_clock_mux       ; CLOCK_SEGMENT_MUX                                                                                                                                                                                            ;
;   0.558  ;   0.023  ; RF ; RE   ; 1      ; Vertical_seam_tap_mux_X280_Y64_N0_I165  ; Vertical_seam_tap_mux     ; CLOCK_SEGMENT_TAP_MUX                                                                                                                                                                                        ;
;   0.598  ;   0.040  ; FR ; RE   ; 1      ; Vertical_seam_tap_mux_X280_Y64_N0_I53   ; Vertical_seam_tap_mux     ; CLOCK_SEGMENT_TAP_MUX                                                                                                                                                                                        ;
;   0.629  ;   0.031  ; RR ; RE   ; 1      ; Switchbox_clock_mux_X280_Y84_N0_I197    ; Switchbox_clock_mux       ; CLOCK_SEGMENT_MUX                                                                                                                                                                                            ;
;   0.691  ;   0.062  ; RR ; RE   ; 1      ; Switchbox_clock_mux_X280_Y84_N0_I105    ; Switchbox_clock_mux       ; CLOCK_SEGMENT_MUX                                                                                                                                                                                            ;
;   0.714  ;   0.023  ; RF ; RE   ; 1      ; Vertical_seam_tap_mux_X280_Y105_N0_I165 ; Vertical_seam_tap_mux     ; CLOCK_SEGMENT_TAP_MUX                                                                                                                                                                                        ;
;   0.754  ;   0.040  ; FR ; RE   ; 1      ; Vertical_seam_tap_mux_X280_Y105_N0_I53  ; Vertical_seam_tap_mux     ; CLOCK_SEGMENT_TAP_MUX                                                                                                                                                                                        ;
;   0.785  ;   0.031  ; RR ; RE   ; 1      ; Switchbox_clock_mux_X280_Y125_N0_I197   ; Switchbox_clock_mux       ; CLOCK_SEGMENT_MUX                                                                                                                                                                                            ;
;   0.847  ;   0.062  ; RR ; RE   ; 1      ; Switchbox_clock_mux_X280_Y125_N0_I105   ; Switchbox_clock_mux       ; CLOCK_SEGMENT_MUX                                                                                                                                                                                            ;
;   0.870  ;   0.023  ; RF ; RE   ; 1      ; Vertical_seam_tap_mux_X280_Y146_N0_I165 ; Vertical_seam_tap_mux     ; CLOCK_SEGMENT_TAP_MUX                                                                                                                                                                                        ;
;   0.910  ;   0.040  ; FR ; RE   ; 1      ; Vertical_seam_tap_mux_X280_Y146_N0_I53  ; Vertical_seam_tap_mux     ; CLOCK_SEGMENT_TAP_MUX                                                                                                                                                                                        ;
;   0.941  ;   0.031  ; RR ; RE   ; 1      ; Switchbox_clock_mux_X280_Y166_N0_I197   ; Switchbox_clock_mux       ; CLOCK_SEGMENT_MUX                                                                                                                                                                                            ;
;   1.084  ;   0.143  ; RR ; RE   ; 1      ; Switchbox_clock_mux_X280_Y166_N0_I106   ; Switchbox_clock_mux       ; CLOCK_SEGMENT_MUX                                                                                                                                                                                            ;
;   1.117  ;   0.033  ; RR ; RE   ; 1      ; Switchbox_clock_mux_X226_Y166_N0_I229   ; Switchbox_clock_mux       ; CLOCK_SEGMENT_MUX                                                                                                                                                                                            ;
;   1.148  ;   0.031  ; RR ; RE   ; 2      ; Switchbox_clock_mux_X226_Y166_N0_I153   ; Switchbox_clock_mux       ; CLOCK_SEGMENT_MUX                                                                                                                                                                                            ;
;   1.210  ;   0.062  ; RR ; RE   ; 1      ; Switchbox_clock_mux_X226_Y166_N0_I103   ; Switchbox_clock_mux       ; CLOCK_SEGMENT_MUX                                                                                                                                                                                            ;
;   1.233  ;   0.023  ; RF ; RE   ; 1      ; Vertical_seam_tap_mux_X226_Y146_N0_I134 ; Vertical_seam_tap_mux     ; CLOCK_SEGMENT_TAP_MUX                                                                                                                                                                                        ;
;   1.274  ;   0.041  ; FR ; RE   ; 1      ; Vertical_seam_tap_mux_X226_Y146_N0_I50  ; Vertical_seam_tap_mux     ; CLOCK_SEGMENT_TAP_MUX                                                                                                                                                                                        ;
;   1.306  ;   0.032  ; RR ; RE   ; 1      ; Switchbox_clock_mux_X226_Y125_N0_I166   ; Switchbox_clock_mux       ; CLOCK_SEGMENT_MUX                                                                                                                                                                                            ;
;   1.368  ;   0.062  ; RR ; RE   ; 1      ; Switchbox_clock_mux_X226_Y125_N0_I103   ; Switchbox_clock_mux       ; CLOCK_SEGMENT_MUX                                                                                                                                                                                            ;
;   1.391  ;   0.023  ; RF ; RE   ; 1      ; Vertical_seam_tap_mux_X226_Y105_N0_I134 ; Vertical_seam_tap_mux     ; CLOCK_SEGMENT_TAP_MUX                                                                                                                                                                                        ;
;   1.432  ;   0.041  ; FR ; RE   ; 1      ; Vertical_seam_tap_mux_X226_Y105_N0_I50  ; Vertical_seam_tap_mux     ; CLOCK_SEGMENT_TAP_MUX                                                                                                                                                                                        ;
;   1.464  ;   0.032  ; RR ; RE   ; 2      ; Switchbox_clock_mux_X226_Y84_N0_I166    ; Switchbox_clock_mux       ; CLOCK_SEGMENT_MUX                                                                                                                                                                                            ;
;   1.614  ;   0.150  ; RR ; RE   ; 1      ; Switchbox_clock_mux_X226_Y84_N0_I102    ; Switchbox_clock_mux       ; CLOCK_SEGMENT_MUX                                                                                                                                                                                            ;
;   1.646  ;   0.032  ; RR ; RE   ; 1      ; Switchbox_clock_mux_X280_Y84_N0_I230    ; Switchbox_clock_mux       ; CLOCK_SEGMENT_MUX                                                                                                                                                                                            ;
;   1.789  ;   0.143  ; RR ; RE   ; 1      ; Switchbox_clock_mux_X280_Y84_N0_I100    ; Switchbox_clock_mux       ; CLOCK_SEGMENT_MUX                                                                                                                                                                                            ;
;   1.821  ;   0.032  ; RR ; RE   ; 2      ; Switchbox_clock_mux_X334_Y84_N0_I230    ; Switchbox_clock_mux       ; CLOCK_SEGMENT_MUX                                                                                                                                                                                            ;
;   1.883  ;   0.062  ; RR ; RE   ; 1      ; Switchbox_clock_mux_X334_Y84_N0_I103    ; Switchbox_clock_mux       ; CLOCK_SEGMENT_MUX                                                                                                                                                                                            ;
;   1.906  ;   0.023  ; RF ; RE   ; 1      ; Vertical_seam_tap_mux_X334_Y64_N0_I134  ; Vertical_seam_tap_mux     ; CLOCK_SEGMENT_TAP_MUX                                                                                                                                                                                        ;
;   1.946  ;   0.040  ; FR ; RE   ; 1      ; Vertical_seam_tap_mux_X334_Y64_N0_I50   ; Vertical_seam_tap_mux     ; CLOCK_SEGMENT_TAP_MUX                                                                                                                                                                                        ;
;   1.978  ;   0.032  ; RR ; RE   ; 2      ; Switchbox_clock_mux_X334_Y43_N0_I166    ; Switchbox_clock_mux       ; CLOCK_SEGMENT_MUX                                                                                                                                                                                            ;
;   2.126  ;   0.148  ; RR ; RE   ; 1      ; Switchbox_clock_mux_X334_Y43_N0_I102    ; Switchbox_clock_mux       ; CLOCK_SEGMENT_MUX                                                                                                                                                                                            ;
;   2.159  ;   0.033  ; RR ; RE   ; 2      ; Switchbox_clock_mux_X280_Y43_N0_I262    ; Switchbox_clock_mux       ; CLOCK_SEGMENT_MUX                                                                                                                                                                                            ;
;   2.225  ;   0.066  ; RR ; RE   ; 1      ; Switchbox_clock_mux_X280_Y43_N0_I101    ; Switchbox_clock_mux       ; CLOCK_SEGMENT_MUX                                                                                                                                                                                            ;
;   2.256  ;   0.031  ; RR ; RE   ; 2      ; Vertical_seam_tap_mux_X280_Y64_N0_I166  ; Vertical_seam_tap_mux     ; CLOCK_SEGMENT_TAP_MUX                                                                                                                                                                                        ;
;   2.322  ;   0.066  ; RR ; RE   ; 1      ; Vertical_seam_tap_mux_X280_Y64_N0_I115  ; Vertical_seam_tap_mux     ; CLOCK_SEGMENT_TAP_MUX                                                                                                                                                                                        ;
;   2.413  ;   0.091  ; RR ; RE   ; 1      ; SPINE_TAP_RE_X253_Y64_N103_I89          ; SPINE_TAP_RE              ; SPINE_TAP_RE                                                                                                                                                                                                 ;
;   2.418  ;   0.005  ; RR ; RE   ; 41     ; SPINE_TAP_RE_X253_Y64_N103_I25          ; SPINE_TAP_RE              ; SPINE_TAP_RE                                                                                                                                                                                                 ;
;   2.608  ;   0.190  ; RR ; RE   ; 2      ; SCLKMUX_RE_X253_Y66_N188_I25            ; SCLKMUX_RE                ; SCLKMUX_RE                                                                                                                                                                                                   ;
;   2.620  ;   0.012  ; RR ; RE   ; 16     ; SCLKMUX_RE_X253_Y66_N188_I40            ; SCLKMUX_RE                ; SCLKMUX_RE                                                                                                                                                                                                   ;
;   2.646  ;   0.026  ; RR ; RE   ; 1      ; ROWCLK_TAPOFF_X259_Y66_N0_I3            ; Row Clock Tap-Off         ; ROWCLK_TAPOFF                                                                                                                                                                                                ;
;   2.675  ;   0.029  ; RR ; RE   ; 1      ; GLOBAL_LOCAL_SEL_X259_Y66_N0_I2         ; GLOBAL_LOCAL_SEL          ; GLOBAL_LOCAL_SEL                                                                                                                                                                                             ;
;   2.693  ;   0.018  ; RR ; RE   ; 1      ; RPII_X259_Y66_N0_I2                     ; Programmable Invert Input ; RPII                                                                                                                                                                                                         ;
;   2.693  ;   0.000  ; RR ; RE   ; 1      ; RPI_X259_Y66_N0_I2                      ; Programmable Invert       ; RPI                                                                                                                                                                                                          ;
;   2.693  ;   0.000  ; RR ; RE   ; 18     ; LAB_RE_X259_Y66_N0_I83                  ; LAB_RE                    ; clka                                                                                                                                                                                                         ;
;   2.693  ;   0.000  ;    ; IC   ; 1      ; FF_X259_Y66_N13                         ; Bypassed ALM Register     ; afu_top|pg_afu.port_gasket|pr_slot|afu_main|port_afu_instances|ofs_plat_afu|core|dma|csr_mgr_inst|dma_csr_map.descriptor.length[14]~DUPLICATE.comb|clk                                                       ;
;   2.693  ;   0.000  ; RR ; CELL ; 0      ; FF_X259_Y66_N13                         ; Bypassed ALM Register     ; afu_top|pg_afu.port_gasket|pr_slot|afu_main|port_afu_instances|ofs_plat_afu|core|dma|csr_mgr_inst|dma_csr_map.descriptor.length[14]~DUPLICATE.comb                                                           ;
;   1.998  ;   -0.695 ;    ;      ;        ;                                         ;                           ; clock pessimism removed                                                                                                                                                                                      ;
;   1.992  ;   -0.006 ;    ;      ;        ;                                         ;                           ; advanced clock effects                                                                                                                                                                                       ;
; 1.992    ; 0.000    ;    ;      ;        ;                                         ;                           ; clock uncertainty                                                                                                                                                                                            ;
; 2.029    ; 0.037    ;    ; uTh  ; 0      ; FF_X259_Y66_N13                         ; Bypassed ALM Register     ; afu_top|pg_afu.port_gasket|pr_slot|afu_main|port_afu_instances|ofs_plat_afu|core|dma|csr_mgr_inst|dma_csr_map.descriptor.length[14]~DUPLICATE.comb                                                           ;
+----------+----------+----+------+--------+-----------------------------------------+---------------------------+--------------------------------------------------------------------------------------------------------------------------------------------------------------------------------------------------------------+


Path #2: Hold slack is 0.575 
===============================================================================
+--------------------------------------------------------------------------------------------------------------------------------------------------------------------------------------------------------+
; Path Summary                                                                                                                                                                                           ;
+---------------------------------+----------------------------------------------------------------------------------------------------------------------------------------------------------------------+
; Property                        ; Value                                                                                                                                                                ;
+---------------------------------+----------------------------------------------------------------------------------------------------------------------------------------------------------------------+
; From Node                       ; afu_top|pg_afu.port_gasket|pr_slot|afu_main|port_afu_instances|ofs_plat_afu|core|dma|csr_mgr_inst|Select_0~10xsyn_20_BLOCK_INPUT_MUX_PASSTHROUGH_X260_Y70_N0_I19_dff ;
; To Node                         ; afu_top|pg_afu.port_gasket|pr_slot|afu_main|port_afu_instances|ofs_plat_afu|core|dma|csr_mgr_inst|add_0~181_BLOCK_INPUT_MUX_PASSTHROUGH_X261_Y68_N0_I31_dff          ;
; Launch Clock                    ; local_mem_wrapper|mem_ss_top|mem_ss_sv|mem_ss|mem_ss|emif_0|emif_0_core_usr_clk                                                                                      ;
; Latch Clock                     ; local_mem_wrapper|mem_ss_top|mem_ss_sv|mem_ss|mem_ss|emif_0|emif_0_core_usr_clk                                                                                      ;
; SDC Exception                   ; No SDC Exception on Path                                                                                                                                             ;
; Data Arrival Time               ; 2.703                                                                                                                                                                ;
; Data Required Time              ; 2.128                                                                                                                                                                ;
; Slack                           ; 0.575                                                                                                                                                                ;
; Worst-Case Operating Conditions ; Fast vid2a 0C Model                                                                                                                                                  ;
+---------------------------------+----------------------------------------------------------------------------------------------------------------------------------------------------------------------+

+-------------------------------------------------------------------------------------+
; Statistics                                                                          ;
+------------------------+-------+-------+-------------+------------+--------+--------+
; Property               ; Value ; Count ; Total Delay ; % of Total ; Min    ; Max    ;
+------------------------+-------+-------+-------------+------------+--------+--------+
; Hold Relationship      ; 0.000 ;       ;             ;            ;        ;        ;
; Clock Skew             ; 0.028 ;       ;             ;            ;        ;        ;
; Data Delay             ; 0.732 ;       ;             ;            ;        ;        ;
; Number of Logic Levels ;       ; 2     ;             ;            ;        ;        ;
; Physical Delays        ;       ;       ;             ;            ;        ;        ;
;  Arrival Path          ;       ;       ;             ;            ;        ;        ;
;   Clock                ;       ;       ;             ;            ;        ;        ;
;    IC                  ;       ; 3     ; 0.000       ; 0          ; 0.000  ; 0.000  ;
;    Cell                ;       ; 15    ; 2.011       ; 46         ; 0.000  ; 0.664  ;
;    PLL Compensation    ;       ; 2     ; -2.385      ; 0          ; -1.793 ; -0.592 ;
;    Routing Element     ;       ; 58    ; 2.345       ; 54         ; 0.000  ; 0.169  ;
;   Data                 ;       ;       ;             ;            ;        ;        ;
;    IC                  ;       ; 4     ; 0.000       ; 0          ; 0.000  ; 0.000  ;
;    Cell                ;       ; 5     ; 0.234       ; 32         ; 0.000  ; 0.098  ;
;    uTco                ;       ; 1     ; 0.137       ; 19         ; 0.137  ; 0.137  ;
;    Routing Element     ;       ; 24    ; 0.361       ; 49         ; 0.000  ; 0.049  ;
;  Required Path         ;       ;       ;             ;            ;        ;        ;
;   Clock                ;       ;       ;             ;            ;        ;        ;
;    IC                  ;       ; 3     ; 0.000       ; 0          ; 0.000  ; 0.000  ;
;    Cell                ;       ; 15    ; 2.278       ; 47         ; 0.000  ; 0.749  ;
;    PLL Compensation    ;       ; 2     ; -2.179      ; 0          ; -1.661 ; -0.518 ;
;    Routing Element     ;       ; 58    ; 2.601       ; 53         ; 0.000  ; 0.192  ;
+------------------------+-------+-------+-------------+------------+--------+--------+
Note: Negative delays are omitted from totals when calculating percentages

+------------------------------------------------------------------------------------------------------------------------------------------------------------------------------------------------------------------------------------------------------------------------------------------------------------------------------------+
; Data Arrival Path                                                                                                                                                                                                                                                                                                                  ;
+----------+----------+----+------+--------+---------------------------------------------+----------------------------+--------------------------------------------------------------------------------------------------------------------------------------------------------------------------------------------------------------+
; Total    ; Incr     ; RF ; Type ; Fanout ; Location                                    ; Element Type               ; Element                                                                                                                                                                                                      ;
+----------+----------+----+------+--------+---------------------------------------------+----------------------------+--------------------------------------------------------------------------------------------------------------------------------------------------------------------------------------------------------------+
; 0.000    ; 0.000    ;    ;      ;        ;                                             ;                            ; launch edge time                                                                                                                                                                                             ;
; 1.971    ; 1.971    ;    ;      ;        ;                                             ;                            ; clock path                                                                                                                                                                                                   ;
;   0.000  ;   0.000  ;    ;      ;        ;                                             ;                            ; source latency                                                                                                                                                                                               ;
;   0.000  ;   0.000  ;    ;      ; 1      ; PIN_HF23                                    ; I/O pad                    ; ddr4_mem_ref_clk[0].clk                                                                                                                                                                                      ;
;   0.000  ;   0.000  ;    ; IC   ; 1      ; IOIBUF_X280_Y0_N376                         ; I/O input buffer           ; ddr4_mem_ref_clk[0].clk~input|i                                                                                                                                                                              ;
;   0.129  ;   0.129  ; RR ; CELL ; 2      ; IOIBUF_X280_Y0_N376                         ; I/O input buffer           ; ddr4_mem_ref_clk[0].clk~input|o                                                                                                                                                                              ;
;   0.793  ;   0.664  ; RR ; CELL ; 1      ; REFCLKINPUT_X281_Y0_N301                    ; I/O reference clock tree   ; local_mem_wrapper|mem_ss_top|mem_ss_sv|mem_ss|mem_ss|emif_0|emif_0|arch|arch_inst|pll_inst|pll_inst~refclk|ref_clk_in                                                                                        ;
;   0.896  ;   0.103  ; RR ; CELL ; 3      ; REFCLKINPUT_X281_Y0_N301                    ; I/O reference clock tree   ; local_mem_wrapper|mem_ss_top|mem_ss_sv|mem_ss|mem_ss|emif_0|emif_0|arch|arch_inst|pll_inst|pll_inst~refclk|ref0_to_btm                                                                                       ;
;   1.193  ;   0.297  ; RR ; CELL ; 1      ; REFCLKINPUT_X281_Y0_N301                    ; I/O reference clock tree   ; local_mem_wrapper|mem_ss_top|mem_ss_sv|mem_ss|mem_ss|emif_0|emif_0|arch|arch_inst|pll_inst|pll_inst~refclk|clk_out                                                                                           ;
;   1.193  ;   0.000  ; RR ; CELL ; 1      ; IOPLL_X281_Y0_N303                          ; IOPLL                      ; local_mem_wrapper|mem_ss_top|mem_ss_sv|mem_ss|mem_ss|emif_0|emif_0|arch|arch_inst|pll_inst|pll_inst|pll_cascade_in                                                                                           ;
;   1.313  ;   0.120  ; RR ; CELL ; 2      ; IOPLL_X281_Y0_N303                          ; IOPLL                      ; local_mem_wrapper|mem_ss_top|mem_ss_sv|mem_ss|mem_ss|emif_0|emif_0|arch|arch_inst|pll_inst|pll_inst~fmio96fs_wr/x0/fmio96_core_inst/fmio48tile_top/x5/u4_3/x0/xiopll_custom/xclkin_sw/xpm_pll_so/clk[0]      ;
;   1.424  ;   0.111  ; RR ; CELL ; 2      ; IOPLL_X281_Y0_N303                          ; IOPLL                      ; local_mem_wrapper|mem_ss_top|mem_ss_sv|mem_ss|mem_ss|emif_0|emif_0|arch|arch_inst|pll_inst|pll_inst~fmio96fs_wr/x0/fmio96_core_inst/fmio48tile_top/x5/u4_3/x0/xiopll_custom/xiopll_core/xncnt_iopll/clk      ;
;   1.527  ;   0.103  ; RR ; CELL ; 3      ; IOPLL_X281_Y0_N303                          ; IOPLL                      ; local_mem_wrapper|mem_ss_top|mem_ss_sv|mem_ss|mem_ss|emif_0|emif_0|arch|arch_inst|pll_inst|pll_inst~pllnout                                                                                                  ;
;   1.611  ;   0.084  ; RF ; CELL ; 1      ; IOPLL_X281_Y0_N303                          ; IOPLL                      ; local_mem_wrapper|mem_ss_top|mem_ss_sv|mem_ss|mem_ss|emif_0|emif_0|arch|arch_inst|pll_inst|pll_inst~vco_refclk                                                                                               ;
;   1.615  ;   0.004  ; FR ; CELL ; 1      ; IOPLL_X281_Y0_N303                          ; IOPLL                      ; local_mem_wrapper|mem_ss_top|mem_ss_sv|mem_ss|mem_ss|emif_0|emif_0|arch|arch_inst|pll_inst|pll_inst~vctrl                                                                                                    ;
;   1.023  ;   -0.592 ; RR ; COMP ; 1      ; IOPLL_X281_Y0_N303                          ; IOPLL                      ; local_mem_wrapper|mem_ss_top|mem_ss_sv|mem_ss|mem_ss|emif_0|emif_0|arch|arch_inst|pll_inst|pll_inst~vcoph[0]                                                                                                 ;
;   1.023  ;   0.000  ; RR ; CELL ; 10     ; IOPLL_X281_Y0_N303                          ; IOPLL                      ; local_mem_wrapper|mem_ss_top|mem_ss_sv|mem_ss|mem_ss|emif_0|emif_0|arch|arch_inst|pll_inst|pll_inst|vcoph[0]                                                                                                 ;
;   1.023  ;   0.000  ; RR ; CELL ; 3      ; TILECTRL_X281_Y0_N298                       ; I/O tile control logic     ; local_mem_wrapper|mem_ss_top|mem_ss_sv|mem_ss|mem_ss|emif_0|emif_0|arch|arch_inst|io_tiles_wrap_inst|io_tiles_inst|tile_gen[1].tile_ctrl_inst|pll_vco_in[0]                                                  ;
;   -0.770 ;   -1.793 ; RR ; COMP ; 1      ; TILECTRL_X281_Y0_N298                       ; I/O tile control logic     ; local_mem_wrapper|mem_ss_top|mem_ss_sv|mem_ss|mem_ss|emif_0|emif_0|arch|arch_inst|io_tiles_wrap_inst|io_tiles_inst|tile_gen[1].tile_ctrl_inst|pa_core_clk_out[0]                                             ;
;   -0.374 ;   0.396  ; RR ; CELL ; 16258  ; TILECTRL_X281_Y0_N298                       ; I/O tile control logic     ; local_mem_wrapper|mem_ss_top|mem_ss_sv|mem_ss|mem_ss|emif_0|emif_0|arch|arch_inst|io_tiles_wrap_inst|io_tiles_inst|tile_gen[1].tile_ctrl_inst~fmio96fs_wr/m32_0_29__iophasealignment_to_dcm__core_clk_out[1] ;
;   -0.374 ;   0.000  ;    ; IC   ; 1      ; Boundary Port                               ; N/A                        ; afu_top|pg_afu.port_gasket|pr_slot|afu_main|ext_mem_if[0].clk|input                                                                                                                                          ;
;   -0.374 ;   0.000  ; RR ; CELL ; 105325 ; Boundary Port                               ; N/A                        ; afu_top|pg_afu.port_gasket|pr_slot|afu_main|ext_mem_if[0].clk                                                                                                                                                ;
;   -0.374 ;   0.000  ; RR ; RE   ; 1      ; TILECTRL_X281_Y0_N298                       ; I/O tile control logic     ; TILE_CTRL                                                                                                                                                                                                    ;
;   -0.332 ;   0.042  ; RR ; RE   ; 1      ; IO96FSWRRE_X280_Y0_N0_I3537                 ; IO96FS_WR_RE               ; IO96FS_WR_RE                                                                                                                                                                                                 ;
;   -0.273 ;   0.059  ; RR ; RE   ; 1      ; DCM_mux_X307_Y2_N0_I29                      ; DCM_mux                    ; CC_DCM_GMUX_RE                                                                                                                                                                                               ;
;   -0.228 ;   0.045  ; RR ; RE   ; 1      ; IO_P2C_RE_X280_Y2_N150_I75                  ; IO_P2C_RE                  ; IO_P2C_RE                                                                                                                                                                                                    ;
;   -0.215 ;   0.013  ; RR ; RE   ; 1      ; IO_P2C_RE_X280_Y2_N150_I26                  ; IO_P2C_RE                  ; IO_P2C_RE                                                                                                                                                                                                    ;
;   -0.186 ;   0.029  ; RR ; RE   ; 1      ; Switchbox_clock_mux_X280_Y2_N0_I197         ; Switchbox_clock_mux        ; CLOCK_SEGMENT_MUX                                                                                                                                                                                            ;
;   -0.125 ;   0.061  ; RR ; RE   ; 1      ; Switchbox_clock_mux_X280_Y2_N0_I105         ; Switchbox_clock_mux        ; CLOCK_SEGMENT_MUX                                                                                                                                                                                            ;
;   -0.105 ;   0.020  ; RF ; RE   ; 1      ; Vertical_seam_tap_mux_X280_Y23_N0_I165      ; Vertical_seam_tap_mux      ; CLOCK_SEGMENT_TAP_MUX                                                                                                                                                                                        ;
;   -0.068 ;   0.037  ; FR ; RE   ; 1      ; Vertical_seam_tap_mux_X280_Y23_N0_I53       ; Vertical_seam_tap_mux      ; CLOCK_SEGMENT_TAP_MUX                                                                                                                                                                                        ;
;   -0.041 ;   0.027  ; RR ; RE   ; 1      ; Switchbox_clock_mux_X280_Y43_N0_I197        ; Switchbox_clock_mux        ; CLOCK_SEGMENT_MUX                                                                                                                                                                                            ;
;   0.020  ;   0.061  ; RR ; RE   ; 1      ; Switchbox_clock_mux_X280_Y43_N0_I105        ; Switchbox_clock_mux        ; CLOCK_SEGMENT_MUX                                                                                                                                                                                            ;
;   0.040  ;   0.020  ; RF ; RE   ; 1      ; Vertical_seam_tap_mux_X280_Y64_N0_I165      ; Vertical_seam_tap_mux      ; CLOCK_SEGMENT_TAP_MUX                                                                                                                                                                                        ;
;   0.077  ;   0.037  ; FR ; RE   ; 1      ; Vertical_seam_tap_mux_X280_Y64_N0_I53       ; Vertical_seam_tap_mux      ; CLOCK_SEGMENT_TAP_MUX                                                                                                                                                                                        ;
;   0.104  ;   0.027  ; RR ; RE   ; 1      ; Switchbox_clock_mux_X280_Y84_N0_I197        ; Switchbox_clock_mux        ; CLOCK_SEGMENT_MUX                                                                                                                                                                                            ;
;   0.161  ;   0.057  ; RR ; RE   ; 1      ; Switchbox_clock_mux_X280_Y84_N0_I105        ; Switchbox_clock_mux        ; CLOCK_SEGMENT_MUX                                                                                                                                                                                            ;
;   0.181  ;   0.020  ; RF ; RE   ; 1      ; Vertical_seam_tap_mux_X280_Y105_N0_I165     ; Vertical_seam_tap_mux      ; CLOCK_SEGMENT_TAP_MUX                                                                                                                                                                                        ;
;   0.218  ;   0.037  ; FR ; RE   ; 1      ; Vertical_seam_tap_mux_X280_Y105_N0_I53      ; Vertical_seam_tap_mux      ; CLOCK_SEGMENT_TAP_MUX                                                                                                                                                                                        ;
;   0.245  ;   0.027  ; RR ; RE   ; 1      ; Switchbox_clock_mux_X280_Y125_N0_I197       ; Switchbox_clock_mux        ; CLOCK_SEGMENT_MUX                                                                                                                                                                                            ;
;   0.301  ;   0.056  ; RR ; RE   ; 1      ; Switchbox_clock_mux_X280_Y125_N0_I105       ; Switchbox_clock_mux        ; CLOCK_SEGMENT_MUX                                                                                                                                                                                            ;
;   0.322  ;   0.021  ; RF ; RE   ; 1      ; Vertical_seam_tap_mux_X280_Y146_N0_I165     ; Vertical_seam_tap_mux      ; CLOCK_SEGMENT_TAP_MUX                                                                                                                                                                                        ;
;   0.359  ;   0.037  ; FR ; RE   ; 1      ; Vertical_seam_tap_mux_X280_Y146_N0_I53      ; Vertical_seam_tap_mux      ; CLOCK_SEGMENT_TAP_MUX                                                                                                                                                                                        ;
;   0.386  ;   0.027  ; RR ; RE   ; 1      ; Switchbox_clock_mux_X280_Y166_N0_I197       ; Switchbox_clock_mux        ; CLOCK_SEGMENT_MUX                                                                                                                                                                                            ;
;   0.517  ;   0.131  ; RR ; RE   ; 1      ; Switchbox_clock_mux_X280_Y166_N0_I106       ; Switchbox_clock_mux        ; CLOCK_SEGMENT_MUX                                                                                                                                                                                            ;
;   0.546  ;   0.029  ; RR ; RE   ; 1      ; Switchbox_clock_mux_X226_Y166_N0_I229       ; Switchbox_clock_mux        ; CLOCK_SEGMENT_MUX                                                                                                                                                                                            ;
;   0.574  ;   0.028  ; RR ; RE   ; 2      ; Switchbox_clock_mux_X226_Y166_N0_I153       ; Switchbox_clock_mux        ; CLOCK_SEGMENT_MUX                                                                                                                                                                                            ;
;   0.630  ;   0.056  ; RR ; RE   ; 1      ; Switchbox_clock_mux_X226_Y166_N0_I103       ; Switchbox_clock_mux        ; CLOCK_SEGMENT_MUX                                                                                                                                                                                            ;
;   0.650  ;   0.020  ; RF ; RE   ; 1      ; Vertical_seam_tap_mux_X226_Y146_N0_I134     ; Vertical_seam_tap_mux      ; CLOCK_SEGMENT_TAP_MUX                                                                                                                                                                                        ;
;   0.688  ;   0.038  ; FR ; RE   ; 1      ; Vertical_seam_tap_mux_X226_Y146_N0_I50      ; Vertical_seam_tap_mux      ; CLOCK_SEGMENT_TAP_MUX                                                                                                                                                                                        ;
;   0.717  ;   0.029  ; RR ; RE   ; 1      ; Switchbox_clock_mux_X226_Y125_N0_I166       ; Switchbox_clock_mux        ; CLOCK_SEGMENT_MUX                                                                                                                                                                                            ;
;   0.773  ;   0.056  ; RR ; RE   ; 1      ; Switchbox_clock_mux_X226_Y125_N0_I103       ; Switchbox_clock_mux        ; CLOCK_SEGMENT_MUX                                                                                                                                                                                            ;
;   0.794  ;   0.021  ; RF ; RE   ; 1      ; Vertical_seam_tap_mux_X226_Y105_N0_I134     ; Vertical_seam_tap_mux      ; CLOCK_SEGMENT_TAP_MUX                                                                                                                                                                                        ;
;   0.831  ;   0.037  ; FR ; RE   ; 1      ; Vertical_seam_tap_mux_X226_Y105_N0_I50      ; Vertical_seam_tap_mux      ; CLOCK_SEGMENT_TAP_MUX                                                                                                                                                                                        ;
;   0.860  ;   0.029  ; RR ; RE   ; 2      ; Switchbox_clock_mux_X226_Y84_N0_I166        ; Switchbox_clock_mux        ; CLOCK_SEGMENT_MUX                                                                                                                                                                                            ;
;   0.996  ;   0.136  ; RR ; RE   ; 1      ; Switchbox_clock_mux_X226_Y84_N0_I102        ; Switchbox_clock_mux        ; CLOCK_SEGMENT_MUX                                                                                                                                                                                            ;
;   1.025  ;   0.029  ; RR ; RE   ; 1      ; Switchbox_clock_mux_X280_Y84_N0_I230        ; Switchbox_clock_mux        ; CLOCK_SEGMENT_MUX                                                                                                                                                                                            ;
;   1.155  ;   0.130  ; RR ; RE   ; 1      ; Switchbox_clock_mux_X280_Y84_N0_I100        ; Switchbox_clock_mux        ; CLOCK_SEGMENT_MUX                                                                                                                                                                                            ;
;   1.184  ;   0.029  ; RR ; RE   ; 2      ; Switchbox_clock_mux_X334_Y84_N0_I230        ; Switchbox_clock_mux        ; CLOCK_SEGMENT_MUX                                                                                                                                                                                            ;
;   1.240  ;   0.056  ; RR ; RE   ; 1      ; Switchbox_clock_mux_X334_Y84_N0_I103        ; Switchbox_clock_mux        ; CLOCK_SEGMENT_MUX                                                                                                                                                                                            ;
;   1.260  ;   0.020  ; RF ; RE   ; 1      ; Vertical_seam_tap_mux_X334_Y64_N0_I134      ; Vertical_seam_tap_mux      ; CLOCK_SEGMENT_TAP_MUX                                                                                                                                                                                        ;
;   1.297  ;   0.037  ; FR ; RE   ; 1      ; Vertical_seam_tap_mux_X334_Y64_N0_I50       ; Vertical_seam_tap_mux      ; CLOCK_SEGMENT_TAP_MUX                                                                                                                                                                                        ;
;   1.326  ;   0.029  ; RR ; RE   ; 2      ; Switchbox_clock_mux_X334_Y43_N0_I166        ; Switchbox_clock_mux        ; CLOCK_SEGMENT_MUX                                                                                                                                                                                            ;
;   1.461  ;   0.135  ; RR ; RE   ; 1      ; Switchbox_clock_mux_X334_Y43_N0_I102        ; Switchbox_clock_mux        ; CLOCK_SEGMENT_MUX                                                                                                                                                                                            ;
;   1.490  ;   0.029  ; RR ; RE   ; 2      ; Switchbox_clock_mux_X280_Y43_N0_I262        ; Switchbox_clock_mux        ; CLOCK_SEGMENT_MUX                                                                                                                                                                                            ;
;   1.550  ;   0.060  ; RR ; RE   ; 1      ; Switchbox_clock_mux_X280_Y43_N0_I101        ; Switchbox_clock_mux        ; CLOCK_SEGMENT_MUX                                                                                                                                                                                            ;
;   1.577  ;   0.027  ; RR ; RE   ; 2      ; Vertical_seam_tap_mux_X280_Y64_N0_I166      ; Vertical_seam_tap_mux      ; CLOCK_SEGMENT_TAP_MUX                                                                                                                                                                                        ;
;   1.637  ;   0.060  ; RR ; RE   ; 1      ; Vertical_seam_tap_mux_X280_Y64_N0_I115      ; Vertical_seam_tap_mux      ; CLOCK_SEGMENT_TAP_MUX                                                                                                                                                                                        ;
;   1.717  ;   0.080  ; RR ; RE   ; 1      ; SPINE_TAP_RE_X253_Y64_N103_I89              ; SPINE_TAP_RE               ; SPINE_TAP_RE                                                                                                                                                                                                 ;
;   1.729  ;   0.012  ; RR ; RE   ; 41     ; SPINE_TAP_RE_X253_Y64_N103_I25              ; SPINE_TAP_RE               ; SPINE_TAP_RE                                                                                                                                                                                                 ;
;   1.898  ;   0.169  ; RR ; RE   ; 2      ; SCLKMUX_RE_X253_Y70_N188_I25                ; SCLKMUX_RE                 ; SCLKMUX_RE                                                                                                                                                                                                   ;
;   1.911  ;   0.013  ; RR ; RE   ; 16     ; SCLKMUX_RE_X253_Y70_N188_I40                ; SCLKMUX_RE                 ; SCLKMUX_RE                                                                                                                                                                                                   ;
;   1.935  ;   0.024  ; RR ; RE   ; 1      ; ROWCLK_TAPOFF_X260_Y70_N0_I3                ; Row Clock Tap-Off          ; ROWCLK_TAPOFF                                                                                                                                                                                                ;
;   1.957  ;   0.022  ; RR ; RE   ; 1      ; GLOBAL_LOCAL_SEL_X260_Y70_N0_I3             ; GLOBAL_LOCAL_SEL           ; GLOBAL_LOCAL_SEL                                                                                                                                                                                             ;
;   1.971  ;   0.014  ; RR ; RE   ; 1      ; RPII_X260_Y70_N0_I3                         ; Programmable Invert Input  ; RPII                                                                                                                                                                                                         ;
;   1.971  ;   0.000  ; RR ; RE   ; 1      ; RPI_X260_Y70_N0_I3                          ; Programmable Invert        ; RPI                                                                                                                                                                                                          ;
;   1.971  ;   0.000  ; RR ; RE   ; 1      ; LAB_RE_X260_Y70_N0_I84                      ; LAB_RE                     ; clkb                                                                                                                                                                                                         ;
;   1.971  ;   0.000  ; RR ; RE   ; 1      ; LAB_RE_X260_Y70_N0_I152                     ; LAB_RE                     ; LAB_RE                                                                                                                                                                                                       ;
;   1.971  ;   0.000  ; RR ; RE   ; 12     ; LEIMCLKALE_X260_Y70_N0_I0                   ; LEIMCLKALE                 ; LEIMCLKALE                                                                                                                                                                                                   ;
;   1.971  ;   0.000  ; RR ; RE   ; 1      ; HYPERFLEX_CLK_M_MUX_X260_Y70_N0_I21         ; Hyperflex clocking network ; HIPI_M_MUX                                                                                                                                                                                                   ;
;   1.971  ;   0.000  ;    ; IC   ; 1      ; BLOCK_INPUT_MUX_PASSTHROUGH_X260_Y70_N0_I19 ; Hyper-Register             ; afu_top|pg_afu.port_gasket|pr_slot|afu_main|port_afu_instances|ofs_plat_afu|core|dma|csr_mgr_inst|Select_0~10xsyn_20_BLOCK_INPUT_MUX_PASSTHROUGH_X260_Y70_N0_I19_dff|clk                                     ;
;   1.971  ;   0.000  ; RR ; CELL ; 1      ; BLOCK_INPUT_MUX_PASSTHROUGH_X260_Y70_N0_I19 ; Hyper-Register             ; afu_top|pg_afu.port_gasket|pr_slot|afu_main|port_afu_instances|ofs_plat_afu|core|dma|csr_mgr_inst|Select_0~10xsyn_20_BLOCK_INPUT_MUX_PASSTHROUGH_X260_Y70_N0_I19_dff                                         ;
; 2.703    ; 0.732    ;    ;      ;        ;                                             ;                            ; data path                                                                                                                                                                                                    ;
;   2.108  ;   0.137  ; FF ; uTco ; 1      ; BLOCK_INPUT_MUX_PASSTHROUGH_X260_Y70_N0_I19 ; Hyper-Register             ; afu_top|pg_afu.port_gasket|pr_slot|afu_main|port_afu_instances|ofs_plat_afu|core|dma|csr_mgr_inst|Select_0~10xsyn_20_BLOCK_INPUT_MUX_PASSTHROUGH_X260_Y70_N0_I19_dff|q                                       ;
;   2.108  ;   0.000  ; FF ; RE   ; 1      ; BLOCK_INPUT_MUX_PASSTHROUGH_X260_Y70_N0_I19 ; Hyper-Register             ; LEIM                                                                                                                                                                                                         ;
;   2.109  ;   0.001  ; FF ; RE   ; 1      ; BLOCK_INPUT_MUX_PASSTHROUGH_X260_Y70_N0_I19 ; Block Input Mux            ; LEIM                                                                                                                                                                                                         ;
;   2.109  ;   0.000  ; FF ; RE   ; 1      ; LAB_RE_X260_Y70_N0_I23                      ; LAB_RE                     ; leimf[2]                                                                                                                                                                                                     ;
;   2.109  ;   0.000  ;    ; IC   ; 1      ; MLABCELL_X260_Y70_N15                       ; Combinational cell         ; afu_top|pg_afu.port_gasket|pr_slot|afu_main|port_afu_instances|ofs_plat_afu|core|dma|csr_mgr_inst|i2852~0|dataf                                                                                              ;
;   2.123  ;   0.014  ; FF ; CELL ; 4      ; MLABCELL_X260_Y70_N15                       ; Combinational cell         ; afu_top|pg_afu.port_gasket|pr_slot|afu_main|port_afu_instances|ofs_plat_afu|core|dma|csr_mgr_inst|i2852~0|combout                                                                                            ;
;   2.168  ;   0.045  ; FR ; CELL ; 5      ; MLABCELL_X260_Y70_N15                       ; Combinational cell         ; afu_top|pg_afu.port_gasket|pr_slot|afu_main|port_afu_instances|ofs_plat_afu|core|dma|csr_mgr_inst|i2852~0~cw_ml_mlab/laboutt[8]                                                                              ;
;   2.168  ;   0.000  ; RR ; RE   ; 1      ; MLABCELL_X260_Y70_N15                       ; Combinational cell         ; MP_MLAB_COMB                                                                                                                                                                                                 ;
;   2.172  ;   0.004  ; RR ; RE   ; 1      ; LAB_RE_X260_Y70_N0_I97                      ; LAB_RE                     ; LAB_RE                                                                                                                                                                                                       ;
;   2.221  ;   0.049  ; RR ; RE   ; 1      ; C4_X260_Y66_N0_I9                           ; C4 interconnect            ; V4                                                                                                                                                                                                           ;
;   2.248  ;   0.027  ; RR ; RE   ; 1      ; R1_X260_Y66_N0_I11                          ; R1 interconnect            ; H1                                                                                                                                                                                                           ;
;   2.271  ;   0.023  ; RF ; RE   ; 1      ; LOCAL_INTERCONNECT_X259_Y66_N0_I25          ; Block interconnect         ; LAB_LINE                                                                                                                                                                                                     ;
;   2.297  ;   0.026  ; FR ; RE   ; 1      ; BLOCK_INPUT_MUX_PASSTHROUGH_X259_Y66_N0_I82 ; Block Input Mux            ; LEIM                                                                                                                                                                                                         ;
;   2.297  ;   0.000  ; RR ; RE   ; 5      ; LAB_RE_X259_Y66_N0_I80                      ; LAB_RE                     ; lsim[0]                                                                                                                                                                                                      ;
;   2.297  ;   0.000  ;    ; IC   ; 2      ; FF_X259_Y66_N13                             ; Bypassed ALM Register      ; afu_top|pg_afu.port_gasket|pr_slot|afu_main|port_afu_instances|ofs_plat_afu|core|dma|csr_mgr_inst|dma_csr_map.descriptor.length[14]~DUPLICATE.comb|ena                                                       ;
;   2.374  ;   0.077  ; RF ; CELL ; 4      ; FF_X259_Y66_N13                             ; Bypassed ALM Register      ; afu_top|pg_afu.port_gasket|pr_slot|afu_main|port_afu_instances|ofs_plat_afu|core|dma|csr_mgr_inst|dma_csr_map.descriptor.length[14]~DUPLICATE.comb|q                                                         ;
;   2.374  ;   0.000  ; FF ; RE   ; 1      ; FF_X259_Y66_N13                             ; Bypassed ALM Register      ; FF                                                                                                                                                                                                           ;
;   2.378  ;   0.004  ; FF ; RE   ; 3      ; LAB_RE_X259_Y66_N0_I97                      ; LAB_RE                     ; LAB_RE                                                                                                                                                                                                       ;
;   2.406  ;   0.028  ; FF ; RE   ; 1      ; R1_X260_Y66_N0_I8                           ; R1 interconnect            ; H1                                                                                                                                                                                                           ;
;   2.435  ;   0.029  ; FF ; RE   ; 1      ; C1_X260_Y66_N0_I8                           ; C1 interconnect            ; V1                                                                                                                                                                                                           ;
;   2.457  ;   0.022  ; FF ; RE   ; 1      ; C1_X260_Y67_N0_I8                           ; C1 interconnect            ; V1                                                                                                                                                                                                           ;
;   2.480  ;   0.023  ; FF ; RE   ; 1      ; C1_X260_Y68_N0_I8                           ; C1 interconnect            ; V1                                                                                                                                                                                                           ;
;   2.505  ;   0.025  ; FR ; RE   ; 1      ; LOCAL_INTERCONNECT_X260_Y69_N0_I19          ; Block interconnect         ; LAB_LINE                                                                                                                                                                                                     ;
;   2.524  ;   0.019  ; RF ; RE   ; 1      ; BLOCK_INPUT_MUX_PASSTHROUGH_X260_Y69_N0_I56 ; Block Input Mux            ; LEIM                                                                                                                                                                                                         ;
;   2.524  ;   0.000  ; FF ; RE   ; 1      ; LAB_RE_X260_Y69_N0_I58                      ; LAB_RE                     ; leimc0[7]                                                                                                                                                                                                    ;
;   2.524  ;   0.000  ;    ; IC   ; 4      ; MLABCELL_X260_Y69_N42                       ; Combinational cell         ; afu_top|pg_afu.port_gasket|pr_slot|afu_main|port_afu_instances|ofs_plat_afu|core|dma|csr_mgr_inst|add_0~186|datac                                                                                            ;
;   2.622  ;   0.098  ; FF ; CELL ; 1      ; MLABCELL_X260_Y69_N45                       ; Combinational cell         ; afu_top|pg_afu.port_gasket|pr_slot|afu_main|port_afu_instances|ofs_plat_afu|core|dma|csr_mgr_inst|add_0~181|sumout                                                                                           ;
;   2.622  ;   0.000  ; FF ; RE   ; 1      ; MLABCELL_X260_Y69_N45                       ; Combinational cell         ; MP_MLAB_COMB                                                                                                                                                                                                 ;
;   2.625  ;   0.003  ; FF ; RE   ; 1      ; LAB_RE_X260_Y69_N0_I119                     ; LAB_RE                     ; LAB_RE                                                                                                                                                                                                       ;
;   2.648  ;   0.023  ; FF ; RE   ; 1      ; R1_X261_Y69_N0_I30                          ; R1 interconnect            ; H1                                                                                                                                                                                                           ;
;   2.678  ;   0.030  ; FF ; RE   ; 1      ; C1_X261_Y68_N0_I31                          ; C1 interconnect            ; V1                                                                                                                                                                                                           ;
;   2.703  ;   0.025  ; FR ; RE   ; 1      ; LOCAL_INTERCONNECT_X261_Y68_N0_I61          ; Block interconnect         ; LAB_LINE                                                                                                                                                                                                     ;
;   2.703  ;   0.000  ;    ; IC   ; 1      ; BLOCK_INPUT_MUX_PASSTHROUGH_X261_Y68_N0_I31 ; Hyper-Register             ; afu_top|pg_afu.port_gasket|pr_slot|afu_main|port_afu_instances|ofs_plat_afu|core|dma|csr_mgr_inst|add_0~181_BLOCK_INPUT_MUX_PASSTHROUGH_X261_Y68_N0_I31_dff|d                                                ;
;   2.703  ;   0.000  ; RR ; CELL ; 1      ; BLOCK_INPUT_MUX_PASSTHROUGH_X261_Y68_N0_I31 ; Hyper-Register             ; afu_top|pg_afu.port_gasket|pr_slot|afu_main|port_afu_instances|ofs_plat_afu|core|dma|csr_mgr_inst|add_0~181_BLOCK_INPUT_MUX_PASSTHROUGH_X261_Y68_N0_I31_dff                                                  ;
+----------+----------+----+------+--------+---------------------------------------------+----------------------------+--------------------------------------------------------------------------------------------------------------------------------------------------------------------------------------------------------------+

+------------------------------------------------------------------------------------------------------------------------------------------------------------------------------------------------------------------------------------------------------------------------------------------------------------------------------------+
; Data Required Path                                                                                                                                                                                                                                                                                                                 ;
+----------+----------+----+------+--------+---------------------------------------------+----------------------------+--------------------------------------------------------------------------------------------------------------------------------------------------------------------------------------------------------------+
; Total    ; Incr     ; RF ; Type ; Fanout ; Location                                    ; Element Type               ; Element                                                                                                                                                                                                      ;
+----------+----------+----+------+--------+---------------------------------------------+----------------------------+--------------------------------------------------------------------------------------------------------------------------------------------------------------------------------------------------------------+
; 0.000    ; 0.000    ;    ;      ;        ;                                             ;                            ; latch edge time                                                                                                                                                                                              ;
; 1.999    ; 1.999    ;    ;      ;        ;                                             ;                            ; clock path                                                                                                                                                                                                   ;
;   0.000  ;   0.000  ;    ;      ;        ;                                             ;                            ; source latency                                                                                                                                                                                               ;
;   0.000  ;   0.000  ;    ;      ; 1      ; PIN_HF23                                    ; I/O pad                    ; ddr4_mem_ref_clk[0].clk                                                                                                                                                                                      ;
;   0.000  ;   0.000  ;    ; IC   ; 1      ; IOIBUF_X280_Y0_N376                         ; I/O input buffer           ; ddr4_mem_ref_clk[0].clk~input|i                                                                                                                                                                              ;
;   0.129  ;   0.129  ; RR ; CELL ; 2      ; IOIBUF_X280_Y0_N376                         ; I/O input buffer           ; ddr4_mem_ref_clk[0].clk~input|o                                                                                                                                                                              ;
;   0.878  ;   0.749  ; RR ; CELL ; 1      ; REFCLKINPUT_X281_Y0_N301                    ; I/O reference clock tree   ; local_mem_wrapper|mem_ss_top|mem_ss_sv|mem_ss|mem_ss|emif_0|emif_0|arch|arch_inst|pll_inst|pll_inst~refclk|ref_clk_in                                                                                        ;
;   1.000  ;   0.122  ; RR ; CELL ; 3      ; REFCLKINPUT_X281_Y0_N301                    ; I/O reference clock tree   ; local_mem_wrapper|mem_ss_top|mem_ss_sv|mem_ss|mem_ss|emif_0|emif_0|arch|arch_inst|pll_inst|pll_inst~refclk|ref0_to_btm                                                                                       ;
;   1.337  ;   0.337  ; RR ; CELL ; 1      ; REFCLKINPUT_X281_Y0_N301                    ; I/O reference clock tree   ; local_mem_wrapper|mem_ss_top|mem_ss_sv|mem_ss|mem_ss|emif_0|emif_0|arch|arch_inst|pll_inst|pll_inst~refclk|clk_out                                                                                           ;
;   1.337  ;   0.000  ; RR ; CELL ; 1      ; IOPLL_X281_Y0_N303                          ; IOPLL                      ; local_mem_wrapper|mem_ss_top|mem_ss_sv|mem_ss|mem_ss|emif_0|emif_0|arch|arch_inst|pll_inst|pll_inst|pll_cascade_in                                                                                           ;
;   1.474  ;   0.137  ; RR ; CELL ; 2      ; IOPLL_X281_Y0_N303                          ; IOPLL                      ; local_mem_wrapper|mem_ss_top|mem_ss_sv|mem_ss|mem_ss|emif_0|emif_0|arch|arch_inst|pll_inst|pll_inst~fmio96fs_wr/x0/fmio96_core_inst/fmio48tile_top/x5/u4_3/x0/xiopll_custom/xclkin_sw/xpm_pll_so/clk[0]      ;
;   1.600  ;   0.126  ; RR ; CELL ; 2      ; IOPLL_X281_Y0_N303                          ; IOPLL                      ; local_mem_wrapper|mem_ss_top|mem_ss_sv|mem_ss|mem_ss|emif_0|emif_0|arch|arch_inst|pll_inst|pll_inst~fmio96fs_wr/x0/fmio96_core_inst/fmio48tile_top/x5/u4_3/x0/xiopll_custom/xiopll_core/xncnt_iopll/clk      ;
;   1.718  ;   0.118  ; RR ; CELL ; 3      ; IOPLL_X281_Y0_N303                          ; IOPLL                      ; local_mem_wrapper|mem_ss_top|mem_ss_sv|mem_ss|mem_ss|emif_0|emif_0|arch|arch_inst|pll_inst|pll_inst~pllnout                                                                                                  ;
;   1.815  ;   0.097  ; RF ; CELL ; 1      ; IOPLL_X281_Y0_N303                          ; IOPLL                      ; local_mem_wrapper|mem_ss_top|mem_ss_sv|mem_ss|mem_ss|emif_0|emif_0|arch|arch_inst|pll_inst|pll_inst~vco_refclk                                                                                               ;
;   1.822  ;   0.007  ; FR ; CELL ; 1      ; IOPLL_X281_Y0_N303                          ; IOPLL                      ; local_mem_wrapper|mem_ss_top|mem_ss_sv|mem_ss|mem_ss|emif_0|emif_0|arch|arch_inst|pll_inst|pll_inst~vctrl                                                                                                    ;
;   1.304  ;   -0.518 ; RR ; COMP ; 1      ; IOPLL_X281_Y0_N303                          ; IOPLL                      ; local_mem_wrapper|mem_ss_top|mem_ss_sv|mem_ss|mem_ss|emif_0|emif_0|arch|arch_inst|pll_inst|pll_inst~vcoph[0]                                                                                                 ;
;   1.304  ;   0.000  ; RR ; CELL ; 10     ; IOPLL_X281_Y0_N303                          ; IOPLL                      ; local_mem_wrapper|mem_ss_top|mem_ss_sv|mem_ss|mem_ss|emif_0|emif_0|arch|arch_inst|pll_inst|pll_inst|vcoph[0]                                                                                                 ;
;   1.304  ;   0.000  ; RR ; CELL ; 3      ; TILECTRL_X281_Y0_N298                       ; I/O tile control logic     ; local_mem_wrapper|mem_ss_top|mem_ss_sv|mem_ss|mem_ss|emif_0|emif_0|arch|arch_inst|io_tiles_wrap_inst|io_tiles_inst|tile_gen[1].tile_ctrl_inst|pll_vco_in[0]                                                  ;
;   -0.357 ;   -1.661 ; RR ; COMP ; 1      ; TILECTRL_X281_Y0_N298                       ; I/O tile control logic     ; local_mem_wrapper|mem_ss_top|mem_ss_sv|mem_ss|mem_ss|emif_0|emif_0|arch|arch_inst|io_tiles_wrap_inst|io_tiles_inst|tile_gen[1].tile_ctrl_inst|pa_core_clk_out[0]                                             ;
;   0.099  ;   0.456  ; RR ; CELL ; 16258  ; TILECTRL_X281_Y0_N298                       ; I/O tile control logic     ; local_mem_wrapper|mem_ss_top|mem_ss_sv|mem_ss|mem_ss|emif_0|emif_0|arch|arch_inst|io_tiles_wrap_inst|io_tiles_inst|tile_gen[1].tile_ctrl_inst~fmio96fs_wr/m32_0_29__iophasealignment_to_dcm__core_clk_out[1] ;
;   0.099  ;   0.000  ;    ; IC   ; 1      ; Boundary Port                               ; N/A                        ; afu_top|pg_afu.port_gasket|pr_slot|afu_main|ext_mem_if[0].clk|input                                                                                                                                          ;
;   0.099  ;   0.000  ; RR ; CELL ; 105325 ; Boundary Port                               ; N/A                        ; afu_top|pg_afu.port_gasket|pr_slot|afu_main|ext_mem_if[0].clk                                                                                                                                                ;
;   0.099  ;   0.000  ; RR ; RE   ; 1      ; TILECTRL_X281_Y0_N298                       ; I/O tile control logic     ; TILE_CTRL                                                                                                                                                                                                    ;
;   0.147  ;   0.048  ; RR ; RE   ; 1      ; IO96FSWRRE_X280_Y0_N0_I3537                 ; IO96FS_WR_RE               ; IO96FS_WR_RE                                                                                                                                                                                                 ;
;   0.210  ;   0.063  ; RR ; RE   ; 1      ; DCM_mux_X307_Y2_N0_I29                      ; DCM_mux                    ; CC_DCM_GMUX_RE                                                                                                                                                                                               ;
;   0.262  ;   0.052  ; RR ; RE   ; 1      ; IO_P2C_RE_X280_Y2_N150_I75                  ; IO_P2C_RE                  ; IO_P2C_RE                                                                                                                                                                                                    ;
;   0.276  ;   0.014  ; RR ; RE   ; 1      ; IO_P2C_RE_X280_Y2_N150_I26                  ; IO_P2C_RE                  ; IO_P2C_RE                                                                                                                                                                                                    ;
;   0.309  ;   0.033  ; RR ; RE   ; 1      ; Switchbox_clock_mux_X280_Y2_N0_I197         ; Switchbox_clock_mux        ; CLOCK_SEGMENT_MUX                                                                                                                                                                                            ;
;   0.375  ;   0.066  ; RR ; RE   ; 1      ; Switchbox_clock_mux_X280_Y2_N0_I105         ; Switchbox_clock_mux        ; CLOCK_SEGMENT_MUX                                                                                                                                                                                            ;
;   0.398  ;   0.023  ; RF ; RE   ; 1      ; Vertical_seam_tap_mux_X280_Y23_N0_I165      ; Vertical_seam_tap_mux      ; CLOCK_SEGMENT_TAP_MUX                                                                                                                                                                                        ;
;   0.438  ;   0.040  ; FR ; RE   ; 1      ; Vertical_seam_tap_mux_X280_Y23_N0_I53       ; Vertical_seam_tap_mux      ; CLOCK_SEGMENT_TAP_MUX                                                                                                                                                                                        ;
;   0.469  ;   0.031  ; RR ; RE   ; 1      ; Switchbox_clock_mux_X280_Y43_N0_I197        ; Switchbox_clock_mux        ; CLOCK_SEGMENT_MUX                                                                                                                                                                                            ;
;   0.535  ;   0.066  ; RR ; RE   ; 1      ; Switchbox_clock_mux_X280_Y43_N0_I105        ; Switchbox_clock_mux        ; CLOCK_SEGMENT_MUX                                                                                                                                                                                            ;
;   0.558  ;   0.023  ; RF ; RE   ; 1      ; Vertical_seam_tap_mux_X280_Y64_N0_I165      ; Vertical_seam_tap_mux      ; CLOCK_SEGMENT_TAP_MUX                                                                                                                                                                                        ;
;   0.598  ;   0.040  ; FR ; RE   ; 1      ; Vertical_seam_tap_mux_X280_Y64_N0_I53       ; Vertical_seam_tap_mux      ; CLOCK_SEGMENT_TAP_MUX                                                                                                                                                                                        ;
;   0.629  ;   0.031  ; RR ; RE   ; 1      ; Switchbox_clock_mux_X280_Y84_N0_I197        ; Switchbox_clock_mux        ; CLOCK_SEGMENT_MUX                                                                                                                                                                                            ;
;   0.691  ;   0.062  ; RR ; RE   ; 1      ; Switchbox_clock_mux_X280_Y84_N0_I105        ; Switchbox_clock_mux        ; CLOCK_SEGMENT_MUX                                                                                                                                                                                            ;
;   0.714  ;   0.023  ; RF ; RE   ; 1      ; Vertical_seam_tap_mux_X280_Y105_N0_I165     ; Vertical_seam_tap_mux      ; CLOCK_SEGMENT_TAP_MUX                                                                                                                                                                                        ;
;   0.754  ;   0.040  ; FR ; RE   ; 1      ; Vertical_seam_tap_mux_X280_Y105_N0_I53      ; Vertical_seam_tap_mux      ; CLOCK_SEGMENT_TAP_MUX                                                                                                                                                                                        ;
;   0.785  ;   0.031  ; RR ; RE   ; 1      ; Switchbox_clock_mux_X280_Y125_N0_I197       ; Switchbox_clock_mux        ; CLOCK_SEGMENT_MUX                                                                                                                                                                                            ;
;   0.847  ;   0.062  ; RR ; RE   ; 1      ; Switchbox_clock_mux_X280_Y125_N0_I105       ; Switchbox_clock_mux        ; CLOCK_SEGMENT_MUX                                                                                                                                                                                            ;
;   0.870  ;   0.023  ; RF ; RE   ; 1      ; Vertical_seam_tap_mux_X280_Y146_N0_I165     ; Vertical_seam_tap_mux      ; CLOCK_SEGMENT_TAP_MUX                                                                                                                                                                                        ;
;   0.910  ;   0.040  ; FR ; RE   ; 1      ; Vertical_seam_tap_mux_X280_Y146_N0_I53      ; Vertical_seam_tap_mux      ; CLOCK_SEGMENT_TAP_MUX                                                                                                                                                                                        ;
;   0.941  ;   0.031  ; RR ; RE   ; 1      ; Switchbox_clock_mux_X280_Y166_N0_I197       ; Switchbox_clock_mux        ; CLOCK_SEGMENT_MUX                                                                                                                                                                                            ;
;   1.084  ;   0.143  ; RR ; RE   ; 1      ; Switchbox_clock_mux_X280_Y166_N0_I106       ; Switchbox_clock_mux        ; CLOCK_SEGMENT_MUX                                                                                                                                                                                            ;
;   1.117  ;   0.033  ; RR ; RE   ; 1      ; Switchbox_clock_mux_X226_Y166_N0_I229       ; Switchbox_clock_mux        ; CLOCK_SEGMENT_MUX                                                                                                                                                                                            ;
;   1.148  ;   0.031  ; RR ; RE   ; 2      ; Switchbox_clock_mux_X226_Y166_N0_I153       ; Switchbox_clock_mux        ; CLOCK_SEGMENT_MUX                                                                                                                                                                                            ;
;   1.210  ;   0.062  ; RR ; RE   ; 1      ; Switchbox_clock_mux_X226_Y166_N0_I103       ; Switchbox_clock_mux        ; CLOCK_SEGMENT_MUX                                                                                                                                                                                            ;
;   1.233  ;   0.023  ; RF ; RE   ; 1      ; Vertical_seam_tap_mux_X226_Y146_N0_I134     ; Vertical_seam_tap_mux      ; CLOCK_SEGMENT_TAP_MUX                                                                                                                                                                                        ;
;   1.274  ;   0.041  ; FR ; RE   ; 1      ; Vertical_seam_tap_mux_X226_Y146_N0_I50      ; Vertical_seam_tap_mux      ; CLOCK_SEGMENT_TAP_MUX                                                                                                                                                                                        ;
;   1.306  ;   0.032  ; RR ; RE   ; 1      ; Switchbox_clock_mux_X226_Y125_N0_I166       ; Switchbox_clock_mux        ; CLOCK_SEGMENT_MUX                                                                                                                                                                                            ;
;   1.368  ;   0.062  ; RR ; RE   ; 1      ; Switchbox_clock_mux_X226_Y125_N0_I103       ; Switchbox_clock_mux        ; CLOCK_SEGMENT_MUX                                                                                                                                                                                            ;
;   1.391  ;   0.023  ; RF ; RE   ; 1      ; Vertical_seam_tap_mux_X226_Y105_N0_I134     ; Vertical_seam_tap_mux      ; CLOCK_SEGMENT_TAP_MUX                                                                                                                                                                                        ;
;   1.432  ;   0.041  ; FR ; RE   ; 1      ; Vertical_seam_tap_mux_X226_Y105_N0_I50      ; Vertical_seam_tap_mux      ; CLOCK_SEGMENT_TAP_MUX                                                                                                                                                                                        ;
;   1.464  ;   0.032  ; RR ; RE   ; 2      ; Switchbox_clock_mux_X226_Y84_N0_I166        ; Switchbox_clock_mux        ; CLOCK_SEGMENT_MUX                                                                                                                                                                                            ;
;   1.614  ;   0.150  ; RR ; RE   ; 1      ; Switchbox_clock_mux_X226_Y84_N0_I102        ; Switchbox_clock_mux        ; CLOCK_SEGMENT_MUX                                                                                                                                                                                            ;
;   1.646  ;   0.032  ; RR ; RE   ; 1      ; Switchbox_clock_mux_X280_Y84_N0_I230        ; Switchbox_clock_mux        ; CLOCK_SEGMENT_MUX                                                                                                                                                                                            ;
;   1.789  ;   0.143  ; RR ; RE   ; 1      ; Switchbox_clock_mux_X280_Y84_N0_I100        ; Switchbox_clock_mux        ; CLOCK_SEGMENT_MUX                                                                                                                                                                                            ;
;   1.821  ;   0.032  ; RR ; RE   ; 2      ; Switchbox_clock_mux_X334_Y84_N0_I230        ; Switchbox_clock_mux        ; CLOCK_SEGMENT_MUX                                                                                                                                                                                            ;
;   1.883  ;   0.062  ; RR ; RE   ; 1      ; Switchbox_clock_mux_X334_Y84_N0_I103        ; Switchbox_clock_mux        ; CLOCK_SEGMENT_MUX                                                                                                                                                                                            ;
;   1.906  ;   0.023  ; RF ; RE   ; 1      ; Vertical_seam_tap_mux_X334_Y64_N0_I134      ; Vertical_seam_tap_mux      ; CLOCK_SEGMENT_TAP_MUX                                                                                                                                                                                        ;
;   1.946  ;   0.040  ; FR ; RE   ; 1      ; Vertical_seam_tap_mux_X334_Y64_N0_I50       ; Vertical_seam_tap_mux      ; CLOCK_SEGMENT_TAP_MUX                                                                                                                                                                                        ;
;   1.978  ;   0.032  ; RR ; RE   ; 2      ; Switchbox_clock_mux_X334_Y43_N0_I166        ; Switchbox_clock_mux        ; CLOCK_SEGMENT_MUX                                                                                                                                                                                            ;
;   2.126  ;   0.148  ; RR ; RE   ; 1      ; Switchbox_clock_mux_X334_Y43_N0_I102        ; Switchbox_clock_mux        ; CLOCK_SEGMENT_MUX                                                                                                                                                                                            ;
;   2.159  ;   0.033  ; RR ; RE   ; 2      ; Switchbox_clock_mux_X280_Y43_N0_I262        ; Switchbox_clock_mux        ; CLOCK_SEGMENT_MUX                                                                                                                                                                                            ;
;   2.225  ;   0.066  ; RR ; RE   ; 1      ; Switchbox_clock_mux_X280_Y43_N0_I101        ; Switchbox_clock_mux        ; CLOCK_SEGMENT_MUX                                                                                                                                                                                            ;
;   2.256  ;   0.031  ; RR ; RE   ; 2      ; Vertical_seam_tap_mux_X280_Y64_N0_I166      ; Vertical_seam_tap_mux      ; CLOCK_SEGMENT_TAP_MUX                                                                                                                                                                                        ;
;   2.322  ;   0.066  ; RR ; RE   ; 1      ; Vertical_seam_tap_mux_X280_Y64_N0_I115      ; Vertical_seam_tap_mux      ; CLOCK_SEGMENT_TAP_MUX                                                                                                                                                                                        ;
;   2.413  ;   0.091  ; RR ; RE   ; 1      ; SPINE_TAP_RE_X253_Y64_N103_I89              ; SPINE_TAP_RE               ; SPINE_TAP_RE                                                                                                                                                                                                 ;
;   2.421  ;   0.008  ; RR ; RE   ; 41     ; SPINE_TAP_RE_X253_Y64_N103_I25              ; SPINE_TAP_RE               ; SPINE_TAP_RE                                                                                                                                                                                                 ;
;   2.613  ;   0.192  ; RR ; RE   ; 2      ; SCLKMUX_RE_X253_Y68_N188_I25                ; SCLKMUX_RE                 ; SCLKMUX_RE                                                                                                                                                                                                   ;
;   2.627  ;   0.014  ; RR ; RE   ; 21     ; SCLKMUX_RE_X253_Y68_N188_I40                ; SCLKMUX_RE                 ; SCLKMUX_RE                                                                                                                                                                                                   ;
;   2.654  ;   0.027  ; RR ; RE   ; 1      ; ROWCLK_TAPOFF_X261_Y68_N0_I3                ; Row Clock Tap-Off          ; ROWCLK_TAPOFF                                                                                                                                                                                                ;
;   2.683  ;   0.029  ; RR ; RE   ; 1      ; GLOBAL_LOCAL_SEL_X261_Y68_N0_I2             ; GLOBAL_LOCAL_SEL           ; GLOBAL_LOCAL_SEL                                                                                                                                                                                             ;
;   2.700  ;   0.017  ; RR ; RE   ; 1      ; RPII_X261_Y68_N0_I2                         ; Programmable Invert Input  ; RPII                                                                                                                                                                                                         ;
;   2.700  ;   0.000  ; RR ; RE   ; 1      ; RPI_X261_Y68_N0_I2                          ; Programmable Invert        ; RPI                                                                                                                                                                                                          ;
;   2.700  ;   0.000  ; RR ; RE   ; 15     ; LAB_RE_X261_Y68_N0_I83                      ; LAB_RE                     ; clka                                                                                                                                                                                                         ;
;   2.700  ;   0.000  ; RR ; RE   ; 1      ; LAB_RE_X261_Y68_N0_I150                     ; LAB_RE                     ; LAB_RE                                                                                                                                                                                                       ;
;   2.700  ;   0.000  ; RR ; RE   ; 43     ; LEIMCLKALE_X261_Y68_N0_I0                   ; LEIMCLKALE                 ; LEIMCLKALE                                                                                                                                                                                                   ;
;   2.700  ;   0.000  ; RR ; RE   ; 1      ; HYPERFLEX_CLK_M_MUX_X261_Y68_N0_I34         ; Hyperflex clocking network ; HIPI_M_MUX                                                                                                                                                                                                   ;
;   2.700  ;   0.000  ;    ; IC   ; 1      ; BLOCK_INPUT_MUX_PASSTHROUGH_X261_Y68_N0_I31 ; Hyper-Register             ; afu_top|pg_afu.port_gasket|pr_slot|afu_main|port_afu_instances|ofs_plat_afu|core|dma|csr_mgr_inst|add_0~181_BLOCK_INPUT_MUX_PASSTHROUGH_X261_Y68_N0_I31_dff|clk                                              ;
;   2.700  ;   0.000  ; RR ; CELL ; 1      ; BLOCK_INPUT_MUX_PASSTHROUGH_X261_Y68_N0_I31 ; Hyper-Register             ; afu_top|pg_afu.port_gasket|pr_slot|afu_main|port_afu_instances|ofs_plat_afu|core|dma|csr_mgr_inst|add_0~181_BLOCK_INPUT_MUX_PASSTHROUGH_X261_Y68_N0_I31_dff                                                  ;
;   2.005  ;   -0.695 ;    ;      ;        ;                                             ;                            ; clock pessimism removed                                                                                                                                                                                      ;
;   1.999  ;   -0.006 ;    ;      ;        ;                                             ;                            ; advanced clock effects                                                                                                                                                                                       ;
; 1.999    ; 0.000    ;    ;      ;        ;                                             ;                            ; clock uncertainty                                                                                                                                                                                            ;
; 2.128    ; 0.129    ;    ; uTh  ; 1      ; BLOCK_INPUT_MUX_PASSTHROUGH_X261_Y68_N0_I31 ; Hyper-Register             ; afu_top|pg_afu.port_gasket|pr_slot|afu_main|port_afu_instances|ofs_plat_afu|core|dma|csr_mgr_inst|add_0~181_BLOCK_INPUT_MUX_PASSTHROUGH_X261_Y68_N0_I31_dff                                                  ;
+----------+----------+----+------+--------+---------------------------------------------+----------------------------+--------------------------------------------------------------------------------------------------------------------------------------------------------------------------------------------------------------+


Path #3: Hold slack is 0.593 
===============================================================================
+--------------------------------------------------------------------------------------------------------------------------------------------------------------------------------------------------------+
; Path Summary                                                                                                                                                                                           ;
+---------------------------------+----------------------------------------------------------------------------------------------------------------------------------------------------------------------+
; Property                        ; Value                                                                                                                                                                ;
+---------------------------------+----------------------------------------------------------------------------------------------------------------------------------------------------------------------+
; From Node                       ; afu_top|pg_afu.port_gasket|pr_slot|afu_main|port_afu_instances|ofs_plat_afu|core|dma|csr_mgr_inst|Select_0~10xsyn_20_BLOCK_INPUT_MUX_PASSTHROUGH_X260_Y70_N0_I19_dff ;
; To Node                         ; afu_top|pg_afu.port_gasket|pr_slot|afu_main|port_afu_instances|ofs_plat_afu|core|dma|csr_mgr_inst|add_0~186_BLOCK_INPUT_MUX_PASSTHROUGH_X261_Y68_N0_I29_dff          ;
; Launch Clock                    ; local_mem_wrapper|mem_ss_top|mem_ss_sv|mem_ss|mem_ss|emif_0|emif_0_core_usr_clk                                                                                      ;
; Latch Clock                     ; local_mem_wrapper|mem_ss_top|mem_ss_sv|mem_ss|mem_ss|emif_0|emif_0_core_usr_clk                                                                                      ;
; SDC Exception                   ; No SDC Exception on Path                                                                                                                                             ;
; Data Arrival Time               ; 2.721                                                                                                                                                                ;
; Data Required Time              ; 2.128                                                                                                                                                                ;
; Slack                           ; 0.593                                                                                                                                                                ;
; Worst-Case Operating Conditions ; Fast vid2a 0C Model                                                                                                                                                  ;
+---------------------------------+----------------------------------------------------------------------------------------------------------------------------------------------------------------------+

+-------------------------------------------------------------------------------------+
; Statistics                                                                          ;
+------------------------+-------+-------+-------------+------------+--------+--------+
; Property               ; Value ; Count ; Total Delay ; % of Total ; Min    ; Max    ;
+------------------------+-------+-------+-------------+------------+--------+--------+
; Hold Relationship      ; 0.000 ;       ;             ;            ;        ;        ;
; Clock Skew             ; 0.028 ;       ;             ;            ;        ;        ;
; Data Delay             ; 0.750 ;       ;             ;            ;        ;        ;
; Number of Logic Levels ;       ; 2     ;             ;            ;        ;        ;
; Physical Delays        ;       ;       ;             ;            ;        ;        ;
;  Arrival Path          ;       ;       ;             ;            ;        ;        ;
;   Clock                ;       ;       ;             ;            ;        ;        ;
;    IC                  ;       ; 3     ; 0.000       ; 0          ; 0.000  ; 0.000  ;
;    Cell                ;       ; 15    ; 2.011       ; 46         ; 0.000  ; 0.664  ;
;    PLL Compensation    ;       ; 2     ; -2.385      ; 0          ; -1.793 ; -0.592 ;
;    Routing Element     ;       ; 58    ; 2.345       ; 54         ; 0.000  ; 0.169  ;
;   Data                 ;       ;       ;             ;            ;        ;        ;
;    IC                  ;       ; 4     ; 0.000       ; 0          ; 0.000  ; 0.000  ;
;    Cell                ;       ; 5     ; 0.226       ; 30         ; 0.000  ; 0.090  ;
;    uTco                ;       ; 1     ; 0.137       ; 18         ; 0.137  ; 0.137  ;
;    Routing Element     ;       ; 25    ; 0.387       ; 52         ; 0.000  ; 0.049  ;
;  Required Path         ;       ;       ;             ;            ;        ;        ;
;   Clock                ;       ;       ;             ;            ;        ;        ;
;    IC                  ;       ; 3     ; 0.000       ; 0          ; 0.000  ; 0.000  ;
;    Cell                ;       ; 15    ; 2.278       ; 47         ; 0.000  ; 0.749  ;
;    PLL Compensation    ;       ; 2     ; -2.179      ; 0          ; -1.661 ; -0.518 ;
;    Routing Element     ;       ; 58    ; 2.601       ; 53         ; 0.000  ; 0.192  ;
+------------------------+-------+-------+-------------+------------+--------+--------+
Note: Negative delays are omitted from totals when calculating percentages

+------------------------------------------------------------------------------------------------------------------------------------------------------------------------------------------------------------------------------------------------------------------------------------------------------------------------------------+
; Data Arrival Path                                                                                                                                                                                                                                                                                                                  ;
+----------+----------+----+------+--------+---------------------------------------------+----------------------------+--------------------------------------------------------------------------------------------------------------------------------------------------------------------------------------------------------------+
; Total    ; Incr     ; RF ; Type ; Fanout ; Location                                    ; Element Type               ; Element                                                                                                                                                                                                      ;
+----------+----------+----+------+--------+---------------------------------------------+----------------------------+--------------------------------------------------------------------------------------------------------------------------------------------------------------------------------------------------------------+
; 0.000    ; 0.000    ;    ;      ;        ;                                             ;                            ; launch edge time                                                                                                                                                                                             ;
; 1.971    ; 1.971    ;    ;      ;        ;                                             ;                            ; clock path                                                                                                                                                                                                   ;
;   0.000  ;   0.000  ;    ;      ;        ;                                             ;                            ; source latency                                                                                                                                                                                               ;
;   0.000  ;   0.000  ;    ;      ; 1      ; PIN_HF23                                    ; I/O pad                    ; ddr4_mem_ref_clk[0].clk                                                                                                                                                                                      ;
;   0.000  ;   0.000  ;    ; IC   ; 1      ; IOIBUF_X280_Y0_N376                         ; I/O input buffer           ; ddr4_mem_ref_clk[0].clk~input|i                                                                                                                                                                              ;
;   0.129  ;   0.129  ; RR ; CELL ; 2      ; IOIBUF_X280_Y0_N376                         ; I/O input buffer           ; ddr4_mem_ref_clk[0].clk~input|o                                                                                                                                                                              ;
;   0.793  ;   0.664  ; RR ; CELL ; 1      ; REFCLKINPUT_X281_Y0_N301                    ; I/O reference clock tree   ; local_mem_wrapper|mem_ss_top|mem_ss_sv|mem_ss|mem_ss|emif_0|emif_0|arch|arch_inst|pll_inst|pll_inst~refclk|ref_clk_in                                                                                        ;
;   0.896  ;   0.103  ; RR ; CELL ; 3      ; REFCLKINPUT_X281_Y0_N301                    ; I/O reference clock tree   ; local_mem_wrapper|mem_ss_top|mem_ss_sv|mem_ss|mem_ss|emif_0|emif_0|arch|arch_inst|pll_inst|pll_inst~refclk|ref0_to_btm                                                                                       ;
;   1.193  ;   0.297  ; RR ; CELL ; 1      ; REFCLKINPUT_X281_Y0_N301                    ; I/O reference clock tree   ; local_mem_wrapper|mem_ss_top|mem_ss_sv|mem_ss|mem_ss|emif_0|emif_0|arch|arch_inst|pll_inst|pll_inst~refclk|clk_out                                                                                           ;
;   1.193  ;   0.000  ; RR ; CELL ; 1      ; IOPLL_X281_Y0_N303                          ; IOPLL                      ; local_mem_wrapper|mem_ss_top|mem_ss_sv|mem_ss|mem_ss|emif_0|emif_0|arch|arch_inst|pll_inst|pll_inst|pll_cascade_in                                                                                           ;
;   1.313  ;   0.120  ; RR ; CELL ; 2      ; IOPLL_X281_Y0_N303                          ; IOPLL                      ; local_mem_wrapper|mem_ss_top|mem_ss_sv|mem_ss|mem_ss|emif_0|emif_0|arch|arch_inst|pll_inst|pll_inst~fmio96fs_wr/x0/fmio96_core_inst/fmio48tile_top/x5/u4_3/x0/xiopll_custom/xclkin_sw/xpm_pll_so/clk[0]      ;
;   1.424  ;   0.111  ; RR ; CELL ; 2      ; IOPLL_X281_Y0_N303                          ; IOPLL                      ; local_mem_wrapper|mem_ss_top|mem_ss_sv|mem_ss|mem_ss|emif_0|emif_0|arch|arch_inst|pll_inst|pll_inst~fmio96fs_wr/x0/fmio96_core_inst/fmio48tile_top/x5/u4_3/x0/xiopll_custom/xiopll_core/xncnt_iopll/clk      ;
;   1.527  ;   0.103  ; RR ; CELL ; 3      ; IOPLL_X281_Y0_N303                          ; IOPLL                      ; local_mem_wrapper|mem_ss_top|mem_ss_sv|mem_ss|mem_ss|emif_0|emif_0|arch|arch_inst|pll_inst|pll_inst~pllnout                                                                                                  ;
;   1.611  ;   0.084  ; RF ; CELL ; 1      ; IOPLL_X281_Y0_N303                          ; IOPLL                      ; local_mem_wrapper|mem_ss_top|mem_ss_sv|mem_ss|mem_ss|emif_0|emif_0|arch|arch_inst|pll_inst|pll_inst~vco_refclk                                                                                               ;
;   1.615  ;   0.004  ; FR ; CELL ; 1      ; IOPLL_X281_Y0_N303                          ; IOPLL                      ; local_mem_wrapper|mem_ss_top|mem_ss_sv|mem_ss|mem_ss|emif_0|emif_0|arch|arch_inst|pll_inst|pll_inst~vctrl                                                                                                    ;
;   1.023  ;   -0.592 ; RR ; COMP ; 1      ; IOPLL_X281_Y0_N303                          ; IOPLL                      ; local_mem_wrapper|mem_ss_top|mem_ss_sv|mem_ss|mem_ss|emif_0|emif_0|arch|arch_inst|pll_inst|pll_inst~vcoph[0]                                                                                                 ;
;   1.023  ;   0.000  ; RR ; CELL ; 10     ; IOPLL_X281_Y0_N303                          ; IOPLL                      ; local_mem_wrapper|mem_ss_top|mem_ss_sv|mem_ss|mem_ss|emif_0|emif_0|arch|arch_inst|pll_inst|pll_inst|vcoph[0]                                                                                                 ;
;   1.023  ;   0.000  ; RR ; CELL ; 3      ; TILECTRL_X281_Y0_N298                       ; I/O tile control logic     ; local_mem_wrapper|mem_ss_top|mem_ss_sv|mem_ss|mem_ss|emif_0|emif_0|arch|arch_inst|io_tiles_wrap_inst|io_tiles_inst|tile_gen[1].tile_ctrl_inst|pll_vco_in[0]                                                  ;
;   -0.770 ;   -1.793 ; RR ; COMP ; 1      ; TILECTRL_X281_Y0_N298                       ; I/O tile control logic     ; local_mem_wrapper|mem_ss_top|mem_ss_sv|mem_ss|mem_ss|emif_0|emif_0|arch|arch_inst|io_tiles_wrap_inst|io_tiles_inst|tile_gen[1].tile_ctrl_inst|pa_core_clk_out[0]                                             ;
;   -0.374 ;   0.396  ; RR ; CELL ; 16258  ; TILECTRL_X281_Y0_N298                       ; I/O tile control logic     ; local_mem_wrapper|mem_ss_top|mem_ss_sv|mem_ss|mem_ss|emif_0|emif_0|arch|arch_inst|io_tiles_wrap_inst|io_tiles_inst|tile_gen[1].tile_ctrl_inst~fmio96fs_wr/m32_0_29__iophasealignment_to_dcm__core_clk_out[1] ;
;   -0.374 ;   0.000  ;    ; IC   ; 1      ; Boundary Port                               ; N/A                        ; afu_top|pg_afu.port_gasket|pr_slot|afu_main|ext_mem_if[0].clk|input                                                                                                                                          ;
;   -0.374 ;   0.000  ; RR ; CELL ; 105325 ; Boundary Port                               ; N/A                        ; afu_top|pg_afu.port_gasket|pr_slot|afu_main|ext_mem_if[0].clk                                                                                                                                                ;
;   -0.374 ;   0.000  ; RR ; RE   ; 1      ; TILECTRL_X281_Y0_N298                       ; I/O tile control logic     ; TILE_CTRL                                                                                                                                                                                                    ;
;   -0.332 ;   0.042  ; RR ; RE   ; 1      ; IO96FSWRRE_X280_Y0_N0_I3537                 ; IO96FS_WR_RE               ; IO96FS_WR_RE                                                                                                                                                                                                 ;
;   -0.273 ;   0.059  ; RR ; RE   ; 1      ; DCM_mux_X307_Y2_N0_I29                      ; DCM_mux                    ; CC_DCM_GMUX_RE                                                                                                                                                                                               ;
;   -0.228 ;   0.045  ; RR ; RE   ; 1      ; IO_P2C_RE_X280_Y2_N150_I75                  ; IO_P2C_RE                  ; IO_P2C_RE                                                                                                                                                                                                    ;
;   -0.215 ;   0.013  ; RR ; RE   ; 1      ; IO_P2C_RE_X280_Y2_N150_I26                  ; IO_P2C_RE                  ; IO_P2C_RE                                                                                                                                                                                                    ;
;   -0.186 ;   0.029  ; RR ; RE   ; 1      ; Switchbox_clock_mux_X280_Y2_N0_I197         ; Switchbox_clock_mux        ; CLOCK_SEGMENT_MUX                                                                                                                                                                                            ;
;   -0.125 ;   0.061  ; RR ; RE   ; 1      ; Switchbox_clock_mux_X280_Y2_N0_I105         ; Switchbox_clock_mux        ; CLOCK_SEGMENT_MUX                                                                                                                                                                                            ;
;   -0.105 ;   0.020  ; RF ; RE   ; 1      ; Vertical_seam_tap_mux_X280_Y23_N0_I165      ; Vertical_seam_tap_mux      ; CLOCK_SEGMENT_TAP_MUX                                                                                                                                                                                        ;
;   -0.068 ;   0.037  ; FR ; RE   ; 1      ; Vertical_seam_tap_mux_X280_Y23_N0_I53       ; Vertical_seam_tap_mux      ; CLOCK_SEGMENT_TAP_MUX                                                                                                                                                                                        ;
;   -0.041 ;   0.027  ; RR ; RE   ; 1      ; Switchbox_clock_mux_X280_Y43_N0_I197        ; Switchbox_clock_mux        ; CLOCK_SEGMENT_MUX                                                                                                                                                                                            ;
;   0.020  ;   0.061  ; RR ; RE   ; 1      ; Switchbox_clock_mux_X280_Y43_N0_I105        ; Switchbox_clock_mux        ; CLOCK_SEGMENT_MUX                                                                                                                                                                                            ;
;   0.040  ;   0.020  ; RF ; RE   ; 1      ; Vertical_seam_tap_mux_X280_Y64_N0_I165      ; Vertical_seam_tap_mux      ; CLOCK_SEGMENT_TAP_MUX                                                                                                                                                                                        ;
;   0.077  ;   0.037  ; FR ; RE   ; 1      ; Vertical_seam_tap_mux_X280_Y64_N0_I53       ; Vertical_seam_tap_mux      ; CLOCK_SEGMENT_TAP_MUX                                                                                                                                                                                        ;
;   0.104  ;   0.027  ; RR ; RE   ; 1      ; Switchbox_clock_mux_X280_Y84_N0_I197        ; Switchbox_clock_mux        ; CLOCK_SEGMENT_MUX                                                                                                                                                                                            ;
;   0.161  ;   0.057  ; RR ; RE   ; 1      ; Switchbox_clock_mux_X280_Y84_N0_I105        ; Switchbox_clock_mux        ; CLOCK_SEGMENT_MUX                                                                                                                                                                                            ;
;   0.181  ;   0.020  ; RF ; RE   ; 1      ; Vertical_seam_tap_mux_X280_Y105_N0_I165     ; Vertical_seam_tap_mux      ; CLOCK_SEGMENT_TAP_MUX                                                                                                                                                                                        ;
;   0.218  ;   0.037  ; FR ; RE   ; 1      ; Vertical_seam_tap_mux_X280_Y105_N0_I53      ; Vertical_seam_tap_mux      ; CLOCK_SEGMENT_TAP_MUX                                                                                                                                                                                        ;
;   0.245  ;   0.027  ; RR ; RE   ; 1      ; Switchbox_clock_mux_X280_Y125_N0_I197       ; Switchbox_clock_mux        ; CLOCK_SEGMENT_MUX                                                                                                                                                                                            ;
;   0.301  ;   0.056  ; RR ; RE   ; 1      ; Switchbox_clock_mux_X280_Y125_N0_I105       ; Switchbox_clock_mux        ; CLOCK_SEGMENT_MUX                                                                                                                                                                                            ;
;   0.322  ;   0.021  ; RF ; RE   ; 1      ; Vertical_seam_tap_mux_X280_Y146_N0_I165     ; Vertical_seam_tap_mux      ; CLOCK_SEGMENT_TAP_MUX                                                                                                                                                                                        ;
;   0.359  ;   0.037  ; FR ; RE   ; 1      ; Vertical_seam_tap_mux_X280_Y146_N0_I53      ; Vertical_seam_tap_mux      ; CLOCK_SEGMENT_TAP_MUX                                                                                                                                                                                        ;
;   0.386  ;   0.027  ; RR ; RE   ; 1      ; Switchbox_clock_mux_X280_Y166_N0_I197       ; Switchbox_clock_mux        ; CLOCK_SEGMENT_MUX                                                                                                                                                                                            ;
;   0.517  ;   0.131  ; RR ; RE   ; 1      ; Switchbox_clock_mux_X280_Y166_N0_I106       ; Switchbox_clock_mux        ; CLOCK_SEGMENT_MUX                                                                                                                                                                                            ;
;   0.546  ;   0.029  ; RR ; RE   ; 1      ; Switchbox_clock_mux_X226_Y166_N0_I229       ; Switchbox_clock_mux        ; CLOCK_SEGMENT_MUX                                                                                                                                                                                            ;
;   0.574  ;   0.028  ; RR ; RE   ; 2      ; Switchbox_clock_mux_X226_Y166_N0_I153       ; Switchbox_clock_mux        ; CLOCK_SEGMENT_MUX                                                                                                                                                                                            ;
;   0.630  ;   0.056  ; RR ; RE   ; 1      ; Switchbox_clock_mux_X226_Y166_N0_I103       ; Switchbox_clock_mux        ; CLOCK_SEGMENT_MUX                                                                                                                                                                                            ;
;   0.650  ;   0.020  ; RF ; RE   ; 1      ; Vertical_seam_tap_mux_X226_Y146_N0_I134     ; Vertical_seam_tap_mux      ; CLOCK_SEGMENT_TAP_MUX                                                                                                                                                                                        ;
;   0.688  ;   0.038  ; FR ; RE   ; 1      ; Vertical_seam_tap_mux_X226_Y146_N0_I50      ; Vertical_seam_tap_mux      ; CLOCK_SEGMENT_TAP_MUX                                                                                                                                                                                        ;
;   0.717  ;   0.029  ; RR ; RE   ; 1      ; Switchbox_clock_mux_X226_Y125_N0_I166       ; Switchbox_clock_mux        ; CLOCK_SEGMENT_MUX                                                                                                                                                                                            ;
;   0.773  ;   0.056  ; RR ; RE   ; 1      ; Switchbox_clock_mux_X226_Y125_N0_I103       ; Switchbox_clock_mux        ; CLOCK_SEGMENT_MUX                                                                                                                                                                                            ;
;   0.794  ;   0.021  ; RF ; RE   ; 1      ; Vertical_seam_tap_mux_X226_Y105_N0_I134     ; Vertical_seam_tap_mux      ; CLOCK_SEGMENT_TAP_MUX                                                                                                                                                                                        ;
;   0.831  ;   0.037  ; FR ; RE   ; 1      ; Vertical_seam_tap_mux_X226_Y105_N0_I50      ; Vertical_seam_tap_mux      ; CLOCK_SEGMENT_TAP_MUX                                                                                                                                                                                        ;
;   0.860  ;   0.029  ; RR ; RE   ; 2      ; Switchbox_clock_mux_X226_Y84_N0_I166        ; Switchbox_clock_mux        ; CLOCK_SEGMENT_MUX                                                                                                                                                                                            ;
;   0.996  ;   0.136  ; RR ; RE   ; 1      ; Switchbox_clock_mux_X226_Y84_N0_I102        ; Switchbox_clock_mux        ; CLOCK_SEGMENT_MUX                                                                                                                                                                                            ;
;   1.025  ;   0.029  ; RR ; RE   ; 1      ; Switchbox_clock_mux_X280_Y84_N0_I230        ; Switchbox_clock_mux        ; CLOCK_SEGMENT_MUX                                                                                                                                                                                            ;
;   1.155  ;   0.130  ; RR ; RE   ; 1      ; Switchbox_clock_mux_X280_Y84_N0_I100        ; Switchbox_clock_mux        ; CLOCK_SEGMENT_MUX                                                                                                                                                                                            ;
;   1.184  ;   0.029  ; RR ; RE   ; 2      ; Switchbox_clock_mux_X334_Y84_N0_I230        ; Switchbox_clock_mux        ; CLOCK_SEGMENT_MUX                                                                                                                                                                                            ;
;   1.240  ;   0.056  ; RR ; RE   ; 1      ; Switchbox_clock_mux_X334_Y84_N0_I103        ; Switchbox_clock_mux        ; CLOCK_SEGMENT_MUX                                                                                                                                                                                            ;
;   1.260  ;   0.020  ; RF ; RE   ; 1      ; Vertical_seam_tap_mux_X334_Y64_N0_I134      ; Vertical_seam_tap_mux      ; CLOCK_SEGMENT_TAP_MUX                                                                                                                                                                                        ;
;   1.297  ;   0.037  ; FR ; RE   ; 1      ; Vertical_seam_tap_mux_X334_Y64_N0_I50       ; Vertical_seam_tap_mux      ; CLOCK_SEGMENT_TAP_MUX                                                                                                                                                                                        ;
;   1.326  ;   0.029  ; RR ; RE   ; 2      ; Switchbox_clock_mux_X334_Y43_N0_I166        ; Switchbox_clock_mux        ; CLOCK_SEGMENT_MUX                                                                                                                                                                                            ;
;   1.461  ;   0.135  ; RR ; RE   ; 1      ; Switchbox_clock_mux_X334_Y43_N0_I102        ; Switchbox_clock_mux        ; CLOCK_SEGMENT_MUX                                                                                                                                                                                            ;
;   1.490  ;   0.029  ; RR ; RE   ; 2      ; Switchbox_clock_mux_X280_Y43_N0_I262        ; Switchbox_clock_mux        ; CLOCK_SEGMENT_MUX                                                                                                                                                                                            ;
;   1.550  ;   0.060  ; RR ; RE   ; 1      ; Switchbox_clock_mux_X280_Y43_N0_I101        ; Switchbox_clock_mux        ; CLOCK_SEGMENT_MUX                                                                                                                                                                                            ;
;   1.577  ;   0.027  ; RR ; RE   ; 2      ; Vertical_seam_tap_mux_X280_Y64_N0_I166      ; Vertical_seam_tap_mux      ; CLOCK_SEGMENT_TAP_MUX                                                                                                                                                                                        ;
;   1.637  ;   0.060  ; RR ; RE   ; 1      ; Vertical_seam_tap_mux_X280_Y64_N0_I115      ; Vertical_seam_tap_mux      ; CLOCK_SEGMENT_TAP_MUX                                                                                                                                                                                        ;
;   1.717  ;   0.080  ; RR ; RE   ; 1      ; SPINE_TAP_RE_X253_Y64_N103_I89              ; SPINE_TAP_RE               ; SPINE_TAP_RE                                                                                                                                                                                                 ;
;   1.729  ;   0.012  ; RR ; RE   ; 41     ; SPINE_TAP_RE_X253_Y64_N103_I25              ; SPINE_TAP_RE               ; SPINE_TAP_RE                                                                                                                                                                                                 ;
;   1.898  ;   0.169  ; RR ; RE   ; 2      ; SCLKMUX_RE_X253_Y70_N188_I25                ; SCLKMUX_RE                 ; SCLKMUX_RE                                                                                                                                                                                                   ;
;   1.911  ;   0.013  ; RR ; RE   ; 16     ; SCLKMUX_RE_X253_Y70_N188_I40                ; SCLKMUX_RE                 ; SCLKMUX_RE                                                                                                                                                                                                   ;
;   1.935  ;   0.024  ; RR ; RE   ; 1      ; ROWCLK_TAPOFF_X260_Y70_N0_I3                ; Row Clock Tap-Off          ; ROWCLK_TAPOFF                                                                                                                                                                                                ;
;   1.957  ;   0.022  ; RR ; RE   ; 1      ; GLOBAL_LOCAL_SEL_X260_Y70_N0_I3             ; GLOBAL_LOCAL_SEL           ; GLOBAL_LOCAL_SEL                                                                                                                                                                                             ;
;   1.971  ;   0.014  ; RR ; RE   ; 1      ; RPII_X260_Y70_N0_I3                         ; Programmable Invert Input  ; RPII                                                                                                                                                                                                         ;
;   1.971  ;   0.000  ; RR ; RE   ; 1      ; RPI_X260_Y70_N0_I3                          ; Programmable Invert        ; RPI                                                                                                                                                                                                          ;
;   1.971  ;   0.000  ; RR ; RE   ; 1      ; LAB_RE_X260_Y70_N0_I84                      ; LAB_RE                     ; clkb                                                                                                                                                                                                         ;
;   1.971  ;   0.000  ; RR ; RE   ; 1      ; LAB_RE_X260_Y70_N0_I152                     ; LAB_RE                     ; LAB_RE                                                                                                                                                                                                       ;
;   1.971  ;   0.000  ; RR ; RE   ; 12     ; LEIMCLKALE_X260_Y70_N0_I0                   ; LEIMCLKALE                 ; LEIMCLKALE                                                                                                                                                                                                   ;
;   1.971  ;   0.000  ; RR ; RE   ; 1      ; HYPERFLEX_CLK_M_MUX_X260_Y70_N0_I21         ; Hyperflex clocking network ; HIPI_M_MUX                                                                                                                                                                                                   ;
;   1.971  ;   0.000  ;    ; IC   ; 1      ; BLOCK_INPUT_MUX_PASSTHROUGH_X260_Y70_N0_I19 ; Hyper-Register             ; afu_top|pg_afu.port_gasket|pr_slot|afu_main|port_afu_instances|ofs_plat_afu|core|dma|csr_mgr_inst|Select_0~10xsyn_20_BLOCK_INPUT_MUX_PASSTHROUGH_X260_Y70_N0_I19_dff|clk                                     ;
;   1.971  ;   0.000  ; RR ; CELL ; 1      ; BLOCK_INPUT_MUX_PASSTHROUGH_X260_Y70_N0_I19 ; Hyper-Register             ; afu_top|pg_afu.port_gasket|pr_slot|afu_main|port_afu_instances|ofs_plat_afu|core|dma|csr_mgr_inst|Select_0~10xsyn_20_BLOCK_INPUT_MUX_PASSTHROUGH_X260_Y70_N0_I19_dff                                         ;
; 2.721    ; 0.750    ;    ;      ;        ;                                             ;                            ; data path                                                                                                                                                                                                    ;
;   2.108  ;   0.137  ; FF ; uTco ; 1      ; BLOCK_INPUT_MUX_PASSTHROUGH_X260_Y70_N0_I19 ; Hyper-Register             ; afu_top|pg_afu.port_gasket|pr_slot|afu_main|port_afu_instances|ofs_plat_afu|core|dma|csr_mgr_inst|Select_0~10xsyn_20_BLOCK_INPUT_MUX_PASSTHROUGH_X260_Y70_N0_I19_dff|q                                       ;
;   2.108  ;   0.000  ; FF ; RE   ; 1      ; BLOCK_INPUT_MUX_PASSTHROUGH_X260_Y70_N0_I19 ; Hyper-Register             ; LEIM                                                                                                                                                                                                         ;
;   2.109  ;   0.001  ; FF ; RE   ; 1      ; BLOCK_INPUT_MUX_PASSTHROUGH_X260_Y70_N0_I19 ; Block Input Mux            ; LEIM                                                                                                                                                                                                         ;
;   2.109  ;   0.000  ; FF ; RE   ; 1      ; LAB_RE_X260_Y70_N0_I23                      ; LAB_RE                     ; leimf[2]                                                                                                                                                                                                     ;
;   2.109  ;   0.000  ;    ; IC   ; 1      ; MLABCELL_X260_Y70_N15                       ; Combinational cell         ; afu_top|pg_afu.port_gasket|pr_slot|afu_main|port_afu_instances|ofs_plat_afu|core|dma|csr_mgr_inst|i2852~0|dataf                                                                                              ;
;   2.123  ;   0.014  ; FF ; CELL ; 4      ; MLABCELL_X260_Y70_N15                       ; Combinational cell         ; afu_top|pg_afu.port_gasket|pr_slot|afu_main|port_afu_instances|ofs_plat_afu|core|dma|csr_mgr_inst|i2852~0|combout                                                                                            ;
;   2.168  ;   0.045  ; FR ; CELL ; 5      ; MLABCELL_X260_Y70_N15                       ; Combinational cell         ; afu_top|pg_afu.port_gasket|pr_slot|afu_main|port_afu_instances|ofs_plat_afu|core|dma|csr_mgr_inst|i2852~0~cw_ml_mlab/laboutt[8]                                                                              ;
;   2.168  ;   0.000  ; RR ; RE   ; 1      ; MLABCELL_X260_Y70_N15                       ; Combinational cell         ; MP_MLAB_COMB                                                                                                                                                                                                 ;
;   2.172  ;   0.004  ; RR ; RE   ; 1      ; LAB_RE_X260_Y70_N0_I97                      ; LAB_RE                     ; LAB_RE                                                                                                                                                                                                       ;
;   2.221  ;   0.049  ; RR ; RE   ; 1      ; C4_X260_Y66_N0_I9                           ; C4 interconnect            ; V4                                                                                                                                                                                                           ;
;   2.248  ;   0.027  ; RR ; RE   ; 1      ; R1_X260_Y66_N0_I11                          ; R1 interconnect            ; H1                                                                                                                                                                                                           ;
;   2.271  ;   0.023  ; RF ; RE   ; 1      ; LOCAL_INTERCONNECT_X259_Y66_N0_I25          ; Block interconnect         ; LAB_LINE                                                                                                                                                                                                     ;
;   2.297  ;   0.026  ; FR ; RE   ; 1      ; BLOCK_INPUT_MUX_PASSTHROUGH_X259_Y66_N0_I82 ; Block Input Mux            ; LEIM                                                                                                                                                                                                         ;
;   2.297  ;   0.000  ; RR ; RE   ; 5      ; LAB_RE_X259_Y66_N0_I80                      ; LAB_RE                     ; lsim[0]                                                                                                                                                                                                      ;
;   2.297  ;   0.000  ;    ; IC   ; 2      ; FF_X259_Y66_N13                             ; Bypassed ALM Register      ; afu_top|pg_afu.port_gasket|pr_slot|afu_main|port_afu_instances|ofs_plat_afu|core|dma|csr_mgr_inst|dma_csr_map.descriptor.length[14]~DUPLICATE.comb|ena                                                       ;
;   2.374  ;   0.077  ; RF ; CELL ; 4      ; FF_X259_Y66_N13                             ; Bypassed ALM Register      ; afu_top|pg_afu.port_gasket|pr_slot|afu_main|port_afu_instances|ofs_plat_afu|core|dma|csr_mgr_inst|dma_csr_map.descriptor.length[14]~DUPLICATE.comb|q                                                         ;
;   2.374  ;   0.000  ; FF ; RE   ; 1      ; FF_X259_Y66_N13                             ; Bypassed ALM Register      ; FF                                                                                                                                                                                                           ;
;   2.378  ;   0.004  ; FF ; RE   ; 3      ; LAB_RE_X259_Y66_N0_I97                      ; LAB_RE                     ; LAB_RE                                                                                                                                                                                                       ;
;   2.406  ;   0.028  ; FF ; RE   ; 1      ; R1_X260_Y66_N0_I8                           ; R1 interconnect            ; H1                                                                                                                                                                                                           ;
;   2.435  ;   0.029  ; FF ; RE   ; 1      ; C1_X260_Y66_N0_I8                           ; C1 interconnect            ; V1                                                                                                                                                                                                           ;
;   2.457  ;   0.022  ; FF ; RE   ; 1      ; C1_X260_Y67_N0_I8                           ; C1 interconnect            ; V1                                                                                                                                                                                                           ;
;   2.480  ;   0.023  ; FF ; RE   ; 1      ; C1_X260_Y68_N0_I8                           ; C1 interconnect            ; V1                                                                                                                                                                                                           ;
;   2.505  ;   0.025  ; FR ; RE   ; 1      ; LOCAL_INTERCONNECT_X260_Y69_N0_I19          ; Block interconnect         ; LAB_LINE                                                                                                                                                                                                     ;
;   2.524  ;   0.019  ; RF ; RE   ; 1      ; BLOCK_INPUT_MUX_PASSTHROUGH_X260_Y69_N0_I56 ; Block Input Mux            ; LEIM                                                                                                                                                                                                         ;
;   2.524  ;   0.000  ; FF ; RE   ; 1      ; LAB_RE_X260_Y69_N0_I58                      ; LAB_RE                     ; leimc0[7]                                                                                                                                                                                                    ;
;   2.524  ;   0.000  ;    ; IC   ; 4      ; MLABCELL_X260_Y69_N42                       ; Combinational cell         ; afu_top|pg_afu.port_gasket|pr_slot|afu_main|port_afu_instances|ofs_plat_afu|core|dma|csr_mgr_inst|add_0~186|datac                                                                                            ;
;   2.614  ;   0.090  ; FF ; CELL ; 1      ; MLABCELL_X260_Y69_N42                       ; Combinational cell         ; afu_top|pg_afu.port_gasket|pr_slot|afu_main|port_afu_instances|ofs_plat_afu|core|dma|csr_mgr_inst|add_0~186|sumout                                                                                           ;
;   2.614  ;   0.000  ; FF ; RE   ; 1      ; MLABCELL_X260_Y69_N42                       ; Combinational cell         ; MP_MLAB_COMB                                                                                                                                                                                                 ;
;   2.617  ;   0.003  ; FF ; RE   ; 1      ; LAB_RE_X260_Y69_N0_I117                     ; LAB_RE                     ; LAB_RE                                                                                                                                                                                                       ;
;   2.644  ;   0.027  ; FF ; RE   ; 1      ; R2_X261_Y69_N0_I14                          ; R2 interconnect            ; H2                                                                                                                                                                                                           ;
;   2.674  ;   0.030  ; FF ; RE   ; 1      ; C1_X262_Y68_N0_I29                          ; C1 interconnect            ; V1                                                                                                                                                                                                           ;
;   2.699  ;   0.025  ; FF ; RE   ; 1      ; R1_X262_Y68_N0_I29                          ; R1 interconnect            ; H1                                                                                                                                                                                                           ;
;   2.721  ;   0.022  ; FR ; RE   ; 1      ; LOCAL_INTERCONNECT_X261_Y68_N0_I59          ; Block interconnect         ; LAB_LINE                                                                                                                                                                                                     ;
;   2.721  ;   0.000  ;    ; IC   ; 1      ; BLOCK_INPUT_MUX_PASSTHROUGH_X261_Y68_N0_I29 ; Hyper-Register             ; afu_top|pg_afu.port_gasket|pr_slot|afu_main|port_afu_instances|ofs_plat_afu|core|dma|csr_mgr_inst|add_0~186_BLOCK_INPUT_MUX_PASSTHROUGH_X261_Y68_N0_I29_dff|d                                                ;
;   2.721  ;   0.000  ; RR ; CELL ; 1      ; BLOCK_INPUT_MUX_PASSTHROUGH_X261_Y68_N0_I29 ; Hyper-Register             ; afu_top|pg_afu.port_gasket|pr_slot|afu_main|port_afu_instances|ofs_plat_afu|core|dma|csr_mgr_inst|add_0~186_BLOCK_INPUT_MUX_PASSTHROUGH_X261_Y68_N0_I29_dff                                                  ;
+----------+----------+----+------+--------+---------------------------------------------+----------------------------+--------------------------------------------------------------------------------------------------------------------------------------------------------------------------------------------------------------+

+------------------------------------------------------------------------------------------------------------------------------------------------------------------------------------------------------------------------------------------------------------------------------------------------------------------------------------+
; Data Required Path                                                                                                                                                                                                                                                                                                                 ;
+----------+----------+----+------+--------+---------------------------------------------+----------------------------+--------------------------------------------------------------------------------------------------------------------------------------------------------------------------------------------------------------+
; Total    ; Incr     ; RF ; Type ; Fanout ; Location                                    ; Element Type               ; Element                                                                                                                                                                                                      ;
+----------+----------+----+------+--------+---------------------------------------------+----------------------------+--------------------------------------------------------------------------------------------------------------------------------------------------------------------------------------------------------------+
; 0.000    ; 0.000    ;    ;      ;        ;                                             ;                            ; latch edge time                                                                                                                                                                                              ;
; 1.999    ; 1.999    ;    ;      ;        ;                                             ;                            ; clock path                                                                                                                                                                                                   ;
;   0.000  ;   0.000  ;    ;      ;        ;                                             ;                            ; source latency                                                                                                                                                                                               ;
;   0.000  ;   0.000  ;    ;      ; 1      ; PIN_HF23                                    ; I/O pad                    ; ddr4_mem_ref_clk[0].clk                                                                                                                                                                                      ;
;   0.000  ;   0.000  ;    ; IC   ; 1      ; IOIBUF_X280_Y0_N376                         ; I/O input buffer           ; ddr4_mem_ref_clk[0].clk~input|i                                                                                                                                                                              ;
;   0.129  ;   0.129  ; RR ; CELL ; 2      ; IOIBUF_X280_Y0_N376                         ; I/O input buffer           ; ddr4_mem_ref_clk[0].clk~input|o                                                                                                                                                                              ;
;   0.878  ;   0.749  ; RR ; CELL ; 1      ; REFCLKINPUT_X281_Y0_N301                    ; I/O reference clock tree   ; local_mem_wrapper|mem_ss_top|mem_ss_sv|mem_ss|mem_ss|emif_0|emif_0|arch|arch_inst|pll_inst|pll_inst~refclk|ref_clk_in                                                                                        ;
;   1.000  ;   0.122  ; RR ; CELL ; 3      ; REFCLKINPUT_X281_Y0_N301                    ; I/O reference clock tree   ; local_mem_wrapper|mem_ss_top|mem_ss_sv|mem_ss|mem_ss|emif_0|emif_0|arch|arch_inst|pll_inst|pll_inst~refclk|ref0_to_btm                                                                                       ;
;   1.337  ;   0.337  ; RR ; CELL ; 1      ; REFCLKINPUT_X281_Y0_N301                    ; I/O reference clock tree   ; local_mem_wrapper|mem_ss_top|mem_ss_sv|mem_ss|mem_ss|emif_0|emif_0|arch|arch_inst|pll_inst|pll_inst~refclk|clk_out                                                                                           ;
;   1.337  ;   0.000  ; RR ; CELL ; 1      ; IOPLL_X281_Y0_N303                          ; IOPLL                      ; local_mem_wrapper|mem_ss_top|mem_ss_sv|mem_ss|mem_ss|emif_0|emif_0|arch|arch_inst|pll_inst|pll_inst|pll_cascade_in                                                                                           ;
;   1.474  ;   0.137  ; RR ; CELL ; 2      ; IOPLL_X281_Y0_N303                          ; IOPLL                      ; local_mem_wrapper|mem_ss_top|mem_ss_sv|mem_ss|mem_ss|emif_0|emif_0|arch|arch_inst|pll_inst|pll_inst~fmio96fs_wr/x0/fmio96_core_inst/fmio48tile_top/x5/u4_3/x0/xiopll_custom/xclkin_sw/xpm_pll_so/clk[0]      ;
;   1.600  ;   0.126  ; RR ; CELL ; 2      ; IOPLL_X281_Y0_N303                          ; IOPLL                      ; local_mem_wrapper|mem_ss_top|mem_ss_sv|mem_ss|mem_ss|emif_0|emif_0|arch|arch_inst|pll_inst|pll_inst~fmio96fs_wr/x0/fmio96_core_inst/fmio48tile_top/x5/u4_3/x0/xiopll_custom/xiopll_core/xncnt_iopll/clk      ;
;   1.718  ;   0.118  ; RR ; CELL ; 3      ; IOPLL_X281_Y0_N303                          ; IOPLL                      ; local_mem_wrapper|mem_ss_top|mem_ss_sv|mem_ss|mem_ss|emif_0|emif_0|arch|arch_inst|pll_inst|pll_inst~pllnout                                                                                                  ;
;   1.815  ;   0.097  ; RF ; CELL ; 1      ; IOPLL_X281_Y0_N303                          ; IOPLL                      ; local_mem_wrapper|mem_ss_top|mem_ss_sv|mem_ss|mem_ss|emif_0|emif_0|arch|arch_inst|pll_inst|pll_inst~vco_refclk                                                                                               ;
;   1.822  ;   0.007  ; FR ; CELL ; 1      ; IOPLL_X281_Y0_N303                          ; IOPLL                      ; local_mem_wrapper|mem_ss_top|mem_ss_sv|mem_ss|mem_ss|emif_0|emif_0|arch|arch_inst|pll_inst|pll_inst~vctrl                                                                                                    ;
;   1.304  ;   -0.518 ; RR ; COMP ; 1      ; IOPLL_X281_Y0_N303                          ; IOPLL                      ; local_mem_wrapper|mem_ss_top|mem_ss_sv|mem_ss|mem_ss|emif_0|emif_0|arch|arch_inst|pll_inst|pll_inst~vcoph[0]                                                                                                 ;
;   1.304  ;   0.000  ; RR ; CELL ; 10     ; IOPLL_X281_Y0_N303                          ; IOPLL                      ; local_mem_wrapper|mem_ss_top|mem_ss_sv|mem_ss|mem_ss|emif_0|emif_0|arch|arch_inst|pll_inst|pll_inst|vcoph[0]                                                                                                 ;
;   1.304  ;   0.000  ; RR ; CELL ; 3      ; TILECTRL_X281_Y0_N298                       ; I/O tile control logic     ; local_mem_wrapper|mem_ss_top|mem_ss_sv|mem_ss|mem_ss|emif_0|emif_0|arch|arch_inst|io_tiles_wrap_inst|io_tiles_inst|tile_gen[1].tile_ctrl_inst|pll_vco_in[0]                                                  ;
;   -0.357 ;   -1.661 ; RR ; COMP ; 1      ; TILECTRL_X281_Y0_N298                       ; I/O tile control logic     ; local_mem_wrapper|mem_ss_top|mem_ss_sv|mem_ss|mem_ss|emif_0|emif_0|arch|arch_inst|io_tiles_wrap_inst|io_tiles_inst|tile_gen[1].tile_ctrl_inst|pa_core_clk_out[0]                                             ;
;   0.099  ;   0.456  ; RR ; CELL ; 16258  ; TILECTRL_X281_Y0_N298                       ; I/O tile control logic     ; local_mem_wrapper|mem_ss_top|mem_ss_sv|mem_ss|mem_ss|emif_0|emif_0|arch|arch_inst|io_tiles_wrap_inst|io_tiles_inst|tile_gen[1].tile_ctrl_inst~fmio96fs_wr/m32_0_29__iophasealignment_to_dcm__core_clk_out[1] ;
;   0.099  ;   0.000  ;    ; IC   ; 1      ; Boundary Port                               ; N/A                        ; afu_top|pg_afu.port_gasket|pr_slot|afu_main|ext_mem_if[0].clk|input                                                                                                                                          ;
;   0.099  ;   0.000  ; RR ; CELL ; 105325 ; Boundary Port                               ; N/A                        ; afu_top|pg_afu.port_gasket|pr_slot|afu_main|ext_mem_if[0].clk                                                                                                                                                ;
;   0.099  ;   0.000  ; RR ; RE   ; 1      ; TILECTRL_X281_Y0_N298                       ; I/O tile control logic     ; TILE_CTRL                                                                                                                                                                                                    ;
;   0.147  ;   0.048  ; RR ; RE   ; 1      ; IO96FSWRRE_X280_Y0_N0_I3537                 ; IO96FS_WR_RE               ; IO96FS_WR_RE                                                                                                                                                                                                 ;
;   0.210  ;   0.063  ; RR ; RE   ; 1      ; DCM_mux_X307_Y2_N0_I29                      ; DCM_mux                    ; CC_DCM_GMUX_RE                                                                                                                                                                                               ;
;   0.262  ;   0.052  ; RR ; RE   ; 1      ; IO_P2C_RE_X280_Y2_N150_I75                  ; IO_P2C_RE                  ; IO_P2C_RE                                                                                                                                                                                                    ;
;   0.276  ;   0.014  ; RR ; RE   ; 1      ; IO_P2C_RE_X280_Y2_N150_I26                  ; IO_P2C_RE                  ; IO_P2C_RE                                                                                                                                                                                                    ;
;   0.309  ;   0.033  ; RR ; RE   ; 1      ; Switchbox_clock_mux_X280_Y2_N0_I197         ; Switchbox_clock_mux        ; CLOCK_SEGMENT_MUX                                                                                                                                                                                            ;
;   0.375  ;   0.066  ; RR ; RE   ; 1      ; Switchbox_clock_mux_X280_Y2_N0_I105         ; Switchbox_clock_mux        ; CLOCK_SEGMENT_MUX                                                                                                                                                                                            ;
;   0.398  ;   0.023  ; RF ; RE   ; 1      ; Vertical_seam_tap_mux_X280_Y23_N0_I165      ; Vertical_seam_tap_mux      ; CLOCK_SEGMENT_TAP_MUX                                                                                                                                                                                        ;
;   0.438  ;   0.040  ; FR ; RE   ; 1      ; Vertical_seam_tap_mux_X280_Y23_N0_I53       ; Vertical_seam_tap_mux      ; CLOCK_SEGMENT_TAP_MUX                                                                                                                                                                                        ;
;   0.469  ;   0.031  ; RR ; RE   ; 1      ; Switchbox_clock_mux_X280_Y43_N0_I197        ; Switchbox_clock_mux        ; CLOCK_SEGMENT_MUX                                                                                                                                                                                            ;
;   0.535  ;   0.066  ; RR ; RE   ; 1      ; Switchbox_clock_mux_X280_Y43_N0_I105        ; Switchbox_clock_mux        ; CLOCK_SEGMENT_MUX                                                                                                                                                                                            ;
;   0.558  ;   0.023  ; RF ; RE   ; 1      ; Vertical_seam_tap_mux_X280_Y64_N0_I165      ; Vertical_seam_tap_mux      ; CLOCK_SEGMENT_TAP_MUX                                                                                                                                                                                        ;
;   0.598  ;   0.040  ; FR ; RE   ; 1      ; Vertical_seam_tap_mux_X280_Y64_N0_I53       ; Vertical_seam_tap_mux      ; CLOCK_SEGMENT_TAP_MUX                                                                                                                                                                                        ;
;   0.629  ;   0.031  ; RR ; RE   ; 1      ; Switchbox_clock_mux_X280_Y84_N0_I197        ; Switchbox_clock_mux        ; CLOCK_SEGMENT_MUX                                                                                                                                                                                            ;
;   0.691  ;   0.062  ; RR ; RE   ; 1      ; Switchbox_clock_mux_X280_Y84_N0_I105        ; Switchbox_clock_mux        ; CLOCK_SEGMENT_MUX                                                                                                                                                                                            ;
;   0.714  ;   0.023  ; RF ; RE   ; 1      ; Vertical_seam_tap_mux_X280_Y105_N0_I165     ; Vertical_seam_tap_mux      ; CLOCK_SEGMENT_TAP_MUX                                                                                                                                                                                        ;
;   0.754  ;   0.040  ; FR ; RE   ; 1      ; Vertical_seam_tap_mux_X280_Y105_N0_I53      ; Vertical_seam_tap_mux      ; CLOCK_SEGMENT_TAP_MUX                                                                                                                                                                                        ;
;   0.785  ;   0.031  ; RR ; RE   ; 1      ; Switchbox_clock_mux_X280_Y125_N0_I197       ; Switchbox_clock_mux        ; CLOCK_SEGMENT_MUX                                                                                                                                                                                            ;
;   0.847  ;   0.062  ; RR ; RE   ; 1      ; Switchbox_clock_mux_X280_Y125_N0_I105       ; Switchbox_clock_mux        ; CLOCK_SEGMENT_MUX                                                                                                                                                                                            ;
;   0.870  ;   0.023  ; RF ; RE   ; 1      ; Vertical_seam_tap_mux_X280_Y146_N0_I165     ; Vertical_seam_tap_mux      ; CLOCK_SEGMENT_TAP_MUX                                                                                                                                                                                        ;
;   0.910  ;   0.040  ; FR ; RE   ; 1      ; Vertical_seam_tap_mux_X280_Y146_N0_I53      ; Vertical_seam_tap_mux      ; CLOCK_SEGMENT_TAP_MUX                                                                                                                                                                                        ;
;   0.941  ;   0.031  ; RR ; RE   ; 1      ; Switchbox_clock_mux_X280_Y166_N0_I197       ; Switchbox_clock_mux        ; CLOCK_SEGMENT_MUX                                                                                                                                                                                            ;
;   1.084  ;   0.143  ; RR ; RE   ; 1      ; Switchbox_clock_mux_X280_Y166_N0_I106       ; Switchbox_clock_mux        ; CLOCK_SEGMENT_MUX                                                                                                                                                                                            ;
;   1.117  ;   0.033  ; RR ; RE   ; 1      ; Switchbox_clock_mux_X226_Y166_N0_I229       ; Switchbox_clock_mux        ; CLOCK_SEGMENT_MUX                                                                                                                                                                                            ;
;   1.148  ;   0.031  ; RR ; RE   ; 2      ; Switchbox_clock_mux_X226_Y166_N0_I153       ; Switchbox_clock_mux        ; CLOCK_SEGMENT_MUX                                                                                                                                                                                            ;
;   1.210  ;   0.062  ; RR ; RE   ; 1      ; Switchbox_clock_mux_X226_Y166_N0_I103       ; Switchbox_clock_mux        ; CLOCK_SEGMENT_MUX                                                                                                                                                                                            ;
;   1.233  ;   0.023  ; RF ; RE   ; 1      ; Vertical_seam_tap_mux_X226_Y146_N0_I134     ; Vertical_seam_tap_mux      ; CLOCK_SEGMENT_TAP_MUX                                                                                                                                                                                        ;
;   1.274  ;   0.041  ; FR ; RE   ; 1      ; Vertical_seam_tap_mux_X226_Y146_N0_I50      ; Vertical_seam_tap_mux      ; CLOCK_SEGMENT_TAP_MUX                                                                                                                                                                                        ;
;   1.306  ;   0.032  ; RR ; RE   ; 1      ; Switchbox_clock_mux_X226_Y125_N0_I166       ; Switchbox_clock_mux        ; CLOCK_SEGMENT_MUX                                                                                                                                                                                            ;
;   1.368  ;   0.062  ; RR ; RE   ; 1      ; Switchbox_clock_mux_X226_Y125_N0_I103       ; Switchbox_clock_mux        ; CLOCK_SEGMENT_MUX                                                                                                                                                                                            ;
;   1.391  ;   0.023  ; RF ; RE   ; 1      ; Vertical_seam_tap_mux_X226_Y105_N0_I134     ; Vertical_seam_tap_mux      ; CLOCK_SEGMENT_TAP_MUX                                                                                                                                                                                        ;
;   1.432  ;   0.041  ; FR ; RE   ; 1      ; Vertical_seam_tap_mux_X226_Y105_N0_I50      ; Vertical_seam_tap_mux      ; CLOCK_SEGMENT_TAP_MUX                                                                                                                                                                                        ;
;   1.464  ;   0.032  ; RR ; RE   ; 2      ; Switchbox_clock_mux_X226_Y84_N0_I166        ; Switchbox_clock_mux        ; CLOCK_SEGMENT_MUX                                                                                                                                                                                            ;
;   1.614  ;   0.150  ; RR ; RE   ; 1      ; Switchbox_clock_mux_X226_Y84_N0_I102        ; Switchbox_clock_mux        ; CLOCK_SEGMENT_MUX                                                                                                                                                                                            ;
;   1.646  ;   0.032  ; RR ; RE   ; 1      ; Switchbox_clock_mux_X280_Y84_N0_I230        ; Switchbox_clock_mux        ; CLOCK_SEGMENT_MUX                                                                                                                                                                                            ;
;   1.789  ;   0.143  ; RR ; RE   ; 1      ; Switchbox_clock_mux_X280_Y84_N0_I100        ; Switchbox_clock_mux        ; CLOCK_SEGMENT_MUX                                                                                                                                                                                            ;
;   1.821  ;   0.032  ; RR ; RE   ; 2      ; Switchbox_clock_mux_X334_Y84_N0_I230        ; Switchbox_clock_mux        ; CLOCK_SEGMENT_MUX                                                                                                                                                                                            ;
;   1.883  ;   0.062  ; RR ; RE   ; 1      ; Switchbox_clock_mux_X334_Y84_N0_I103        ; Switchbox_clock_mux        ; CLOCK_SEGMENT_MUX                                                                                                                                                                                            ;
;   1.906  ;   0.023  ; RF ; RE   ; 1      ; Vertical_seam_tap_mux_X334_Y64_N0_I134      ; Vertical_seam_tap_mux      ; CLOCK_SEGMENT_TAP_MUX                                                                                                                                                                                        ;
;   1.946  ;   0.040  ; FR ; RE   ; 1      ; Vertical_seam_tap_mux_X334_Y64_N0_I50       ; Vertical_seam_tap_mux      ; CLOCK_SEGMENT_TAP_MUX                                                                                                                                                                                        ;
;   1.978  ;   0.032  ; RR ; RE   ; 2      ; Switchbox_clock_mux_X334_Y43_N0_I166        ; Switchbox_clock_mux        ; CLOCK_SEGMENT_MUX                                                                                                                                                                                            ;
;   2.126  ;   0.148  ; RR ; RE   ; 1      ; Switchbox_clock_mux_X334_Y43_N0_I102        ; Switchbox_clock_mux        ; CLOCK_SEGMENT_MUX                                                                                                                                                                                            ;
;   2.159  ;   0.033  ; RR ; RE   ; 2      ; Switchbox_clock_mux_X280_Y43_N0_I262        ; Switchbox_clock_mux        ; CLOCK_SEGMENT_MUX                                                                                                                                                                                            ;
;   2.225  ;   0.066  ; RR ; RE   ; 1      ; Switchbox_clock_mux_X280_Y43_N0_I101        ; Switchbox_clock_mux        ; CLOCK_SEGMENT_MUX                                                                                                                                                                                            ;
;   2.256  ;   0.031  ; RR ; RE   ; 2      ; Vertical_seam_tap_mux_X280_Y64_N0_I166      ; Vertical_seam_tap_mux      ; CLOCK_SEGMENT_TAP_MUX                                                                                                                                                                                        ;
;   2.322  ;   0.066  ; RR ; RE   ; 1      ; Vertical_seam_tap_mux_X280_Y64_N0_I115      ; Vertical_seam_tap_mux      ; CLOCK_SEGMENT_TAP_MUX                                                                                                                                                                                        ;
;   2.413  ;   0.091  ; RR ; RE   ; 1      ; SPINE_TAP_RE_X253_Y64_N103_I89              ; SPINE_TAP_RE               ; SPINE_TAP_RE                                                                                                                                                                                                 ;
;   2.421  ;   0.008  ; RR ; RE   ; 41     ; SPINE_TAP_RE_X253_Y64_N103_I25              ; SPINE_TAP_RE               ; SPINE_TAP_RE                                                                                                                                                                                                 ;
;   2.613  ;   0.192  ; RR ; RE   ; 2      ; SCLKMUX_RE_X253_Y68_N188_I25                ; SCLKMUX_RE                 ; SCLKMUX_RE                                                                                                                                                                                                   ;
;   2.627  ;   0.014  ; RR ; RE   ; 21     ; SCLKMUX_RE_X253_Y68_N188_I40                ; SCLKMUX_RE                 ; SCLKMUX_RE                                                                                                                                                                                                   ;
;   2.654  ;   0.027  ; RR ; RE   ; 1      ; ROWCLK_TAPOFF_X261_Y68_N0_I3                ; Row Clock Tap-Off          ; ROWCLK_TAPOFF                                                                                                                                                                                                ;
;   2.683  ;   0.029  ; RR ; RE   ; 1      ; GLOBAL_LOCAL_SEL_X261_Y68_N0_I2             ; GLOBAL_LOCAL_SEL           ; GLOBAL_LOCAL_SEL                                                                                                                                                                                             ;
;   2.700  ;   0.017  ; RR ; RE   ; 1      ; RPII_X261_Y68_N0_I2                         ; Programmable Invert Input  ; RPII                                                                                                                                                                                                         ;
;   2.700  ;   0.000  ; RR ; RE   ; 1      ; RPI_X261_Y68_N0_I2                          ; Programmable Invert        ; RPI                                                                                                                                                                                                          ;
;   2.700  ;   0.000  ; RR ; RE   ; 15     ; LAB_RE_X261_Y68_N0_I83                      ; LAB_RE                     ; clka                                                                                                                                                                                                         ;
;   2.700  ;   0.000  ; RR ; RE   ; 1      ; LAB_RE_X261_Y68_N0_I150                     ; LAB_RE                     ; LAB_RE                                                                                                                                                                                                       ;
;   2.700  ;   0.000  ; RR ; RE   ; 43     ; LEIMCLKALE_X261_Y68_N0_I0                   ; LEIMCLKALE                 ; LEIMCLKALE                                                                                                                                                                                                   ;
;   2.700  ;   0.000  ; RR ; RE   ; 1      ; HYPERFLEX_CLK_M_MUX_X261_Y68_N0_I32         ; Hyperflex clocking network ; HIPI_M_MUX                                                                                                                                                                                                   ;
;   2.700  ;   0.000  ;    ; IC   ; 1      ; BLOCK_INPUT_MUX_PASSTHROUGH_X261_Y68_N0_I29 ; Hyper-Register             ; afu_top|pg_afu.port_gasket|pr_slot|afu_main|port_afu_instances|ofs_plat_afu|core|dma|csr_mgr_inst|add_0~186_BLOCK_INPUT_MUX_PASSTHROUGH_X261_Y68_N0_I29_dff|clk                                              ;
;   2.700  ;   0.000  ; RR ; CELL ; 1      ; BLOCK_INPUT_MUX_PASSTHROUGH_X261_Y68_N0_I29 ; Hyper-Register             ; afu_top|pg_afu.port_gasket|pr_slot|afu_main|port_afu_instances|ofs_plat_afu|core|dma|csr_mgr_inst|add_0~186_BLOCK_INPUT_MUX_PASSTHROUGH_X261_Y68_N0_I29_dff                                                  ;
;   2.005  ;   -0.695 ;    ;      ;        ;                                             ;                            ; clock pessimism removed                                                                                                                                                                                      ;
;   1.999  ;   -0.006 ;    ;      ;        ;                                             ;                            ; advanced clock effects                                                                                                                                                                                       ;
; 1.999    ; 0.000    ;    ;      ;        ;                                             ;                            ; clock uncertainty                                                                                                                                                                                            ;
; 2.128    ; 0.129    ;    ; uTh  ; 1      ; BLOCK_INPUT_MUX_PASSTHROUGH_X261_Y68_N0_I29 ; Hyper-Register             ; afu_top|pg_afu.port_gasket|pr_slot|afu_main|port_afu_instances|ofs_plat_afu|core|dma|csr_mgr_inst|add_0~186_BLOCK_INPUT_MUX_PASSTHROUGH_X261_Y68_N0_I29_dff                                                  ;
+----------+----------+----+------+--------+---------------------------------------------+----------------------------+--------------------------------------------------------------------------------------------------------------------------------------------------------------------------------------------------------------+


Path #4: Hold slack is 0.600 
===============================================================================
+--------------------------------------------------------------------------------------------------------------------------------------------------------------------------------------------------------+
; Path Summary                                                                                                                                                                                           ;
+---------------------------------+----------------------------------------------------------------------------------------------------------------------------------------------------------------------+
; Property                        ; Value                                                                                                                                                                ;
+---------------------------------+----------------------------------------------------------------------------------------------------------------------------------------------------------------------+
; From Node                       ; afu_top|pg_afu.port_gasket|pr_slot|afu_main|port_afu_instances|ofs_plat_afu|core|dma|csr_mgr_inst|Select_0~10xsyn_20_BLOCK_INPUT_MUX_PASSTHROUGH_X260_Y70_N0_I19_dff ;
; To Node                         ; afu_top|pg_afu.port_gasket|pr_slot|afu_main|port_afu_instances|ofs_plat_afu|core|dma|csr_mgr_inst|add_0~176_BLOCK_INPUT_MUX_PASSTHROUGH_X261_Y68_N0_I25_dff          ;
; Launch Clock                    ; local_mem_wrapper|mem_ss_top|mem_ss_sv|mem_ss|mem_ss|emif_0|emif_0_core_usr_clk                                                                                      ;
; Latch Clock                     ; local_mem_wrapper|mem_ss_top|mem_ss_sv|mem_ss|mem_ss|emif_0|emif_0_core_usr_clk                                                                                      ;
; SDC Exception                   ; No SDC Exception on Path                                                                                                                                             ;
; Data Arrival Time               ; 2.728                                                                                                                                                                ;
; Data Required Time              ; 2.128                                                                                                                                                                ;
; Slack                           ; 0.600                                                                                                                                                                ;
; Worst-Case Operating Conditions ; Fast vid2a 0C Model                                                                                                                                                  ;
+---------------------------------+----------------------------------------------------------------------------------------------------------------------------------------------------------------------+

+-------------------------------------------------------------------------------------+
; Statistics                                                                          ;
+------------------------+-------+-------+-------------+------------+--------+--------+
; Property               ; Value ; Count ; Total Delay ; % of Total ; Min    ; Max    ;
+------------------------+-------+-------+-------------+------------+--------+--------+
; Hold Relationship      ; 0.000 ;       ;             ;            ;        ;        ;
; Clock Skew             ; 0.028 ;       ;             ;            ;        ;        ;
; Data Delay             ; 0.757 ;       ;             ;            ;        ;        ;
; Number of Logic Levels ;       ; 2     ;             ;            ;        ;        ;
; Physical Delays        ;       ;       ;             ;            ;        ;        ;
;  Arrival Path          ;       ;       ;             ;            ;        ;        ;
;   Clock                ;       ;       ;             ;            ;        ;        ;
;    IC                  ;       ; 3     ; 0.000       ; 0          ; 0.000  ; 0.000  ;
;    Cell                ;       ; 15    ; 2.011       ; 46         ; 0.000  ; 0.664  ;
;    PLL Compensation    ;       ; 2     ; -2.385      ; 0          ; -1.793 ; -0.592 ;
;    Routing Element     ;       ; 58    ; 2.345       ; 54         ; 0.000  ; 0.169  ;
;   Data                 ;       ;       ;             ;            ;        ;        ;
;    IC                  ;       ; 4     ; 0.000       ; 0          ; 0.000  ; 0.000  ;
;    Cell                ;       ; 7     ; 0.261       ; 34         ; 0.000  ; 0.077  ;
;    uTco                ;       ; 1     ; 0.137       ; 18         ; 0.137  ; 0.137  ;
;    Routing Element     ;       ; 24    ; 0.359       ; 47         ; 0.000  ; 0.049  ;
;  Required Path         ;       ;       ;             ;            ;        ;        ;
;   Clock                ;       ;       ;             ;            ;        ;        ;
;    IC                  ;       ; 3     ; 0.000       ; 0          ; 0.000  ; 0.000  ;
;    Cell                ;       ; 15    ; 2.278       ; 47         ; 0.000  ; 0.749  ;
;    PLL Compensation    ;       ; 2     ; -2.179      ; 0          ; -1.661 ; -0.518 ;
;    Routing Element     ;       ; 58    ; 2.601       ; 53         ; 0.000  ; 0.192  ;
+------------------------+-------+-------+-------------+------------+--------+--------+
Note: Negative delays are omitted from totals when calculating percentages

+------------------------------------------------------------------------------------------------------------------------------------------------------------------------------------------------------------------------------------------------------------------------------------------------------------------------------------+
; Data Arrival Path                                                                                                                                                                                                                                                                                                                  ;
+----------+----------+----+------+--------+---------------------------------------------+----------------------------+--------------------------------------------------------------------------------------------------------------------------------------------------------------------------------------------------------------+
; Total    ; Incr     ; RF ; Type ; Fanout ; Location                                    ; Element Type               ; Element                                                                                                                                                                                                      ;
+----------+----------+----+------+--------+---------------------------------------------+----------------------------+--------------------------------------------------------------------------------------------------------------------------------------------------------------------------------------------------------------+
; 0.000    ; 0.000    ;    ;      ;        ;                                             ;                            ; launch edge time                                                                                                                                                                                             ;
; 1.971    ; 1.971    ;    ;      ;        ;                                             ;                            ; clock path                                                                                                                                                                                                   ;
;   0.000  ;   0.000  ;    ;      ;        ;                                             ;                            ; source latency                                                                                                                                                                                               ;
;   0.000  ;   0.000  ;    ;      ; 1      ; PIN_HF23                                    ; I/O pad                    ; ddr4_mem_ref_clk[0].clk                                                                                                                                                                                      ;
;   0.000  ;   0.000  ;    ; IC   ; 1      ; IOIBUF_X280_Y0_N376                         ; I/O input buffer           ; ddr4_mem_ref_clk[0].clk~input|i                                                                                                                                                                              ;
;   0.129  ;   0.129  ; RR ; CELL ; 2      ; IOIBUF_X280_Y0_N376                         ; I/O input buffer           ; ddr4_mem_ref_clk[0].clk~input|o                                                                                                                                                                              ;
;   0.793  ;   0.664  ; RR ; CELL ; 1      ; REFCLKINPUT_X281_Y0_N301                    ; I/O reference clock tree   ; local_mem_wrapper|mem_ss_top|mem_ss_sv|mem_ss|mem_ss|emif_0|emif_0|arch|arch_inst|pll_inst|pll_inst~refclk|ref_clk_in                                                                                        ;
;   0.896  ;   0.103  ; RR ; CELL ; 3      ; REFCLKINPUT_X281_Y0_N301                    ; I/O reference clock tree   ; local_mem_wrapper|mem_ss_top|mem_ss_sv|mem_ss|mem_ss|emif_0|emif_0|arch|arch_inst|pll_inst|pll_inst~refclk|ref0_to_btm                                                                                       ;
;   1.193  ;   0.297  ; RR ; CELL ; 1      ; REFCLKINPUT_X281_Y0_N301                    ; I/O reference clock tree   ; local_mem_wrapper|mem_ss_top|mem_ss_sv|mem_ss|mem_ss|emif_0|emif_0|arch|arch_inst|pll_inst|pll_inst~refclk|clk_out                                                                                           ;
;   1.193  ;   0.000  ; RR ; CELL ; 1      ; IOPLL_X281_Y0_N303                          ; IOPLL                      ; local_mem_wrapper|mem_ss_top|mem_ss_sv|mem_ss|mem_ss|emif_0|emif_0|arch|arch_inst|pll_inst|pll_inst|pll_cascade_in                                                                                           ;
;   1.313  ;   0.120  ; RR ; CELL ; 2      ; IOPLL_X281_Y0_N303                          ; IOPLL                      ; local_mem_wrapper|mem_ss_top|mem_ss_sv|mem_ss|mem_ss|emif_0|emif_0|arch|arch_inst|pll_inst|pll_inst~fmio96fs_wr/x0/fmio96_core_inst/fmio48tile_top/x5/u4_3/x0/xiopll_custom/xclkin_sw/xpm_pll_so/clk[0]      ;
;   1.424  ;   0.111  ; RR ; CELL ; 2      ; IOPLL_X281_Y0_N303                          ; IOPLL                      ; local_mem_wrapper|mem_ss_top|mem_ss_sv|mem_ss|mem_ss|emif_0|emif_0|arch|arch_inst|pll_inst|pll_inst~fmio96fs_wr/x0/fmio96_core_inst/fmio48tile_top/x5/u4_3/x0/xiopll_custom/xiopll_core/xncnt_iopll/clk      ;
;   1.527  ;   0.103  ; RR ; CELL ; 3      ; IOPLL_X281_Y0_N303                          ; IOPLL                      ; local_mem_wrapper|mem_ss_top|mem_ss_sv|mem_ss|mem_ss|emif_0|emif_0|arch|arch_inst|pll_inst|pll_inst~pllnout                                                                                                  ;
;   1.611  ;   0.084  ; RF ; CELL ; 1      ; IOPLL_X281_Y0_N303                          ; IOPLL                      ; local_mem_wrapper|mem_ss_top|mem_ss_sv|mem_ss|mem_ss|emif_0|emif_0|arch|arch_inst|pll_inst|pll_inst~vco_refclk                                                                                               ;
;   1.615  ;   0.004  ; FR ; CELL ; 1      ; IOPLL_X281_Y0_N303                          ; IOPLL                      ; local_mem_wrapper|mem_ss_top|mem_ss_sv|mem_ss|mem_ss|emif_0|emif_0|arch|arch_inst|pll_inst|pll_inst~vctrl                                                                                                    ;
;   1.023  ;   -0.592 ; RR ; COMP ; 1      ; IOPLL_X281_Y0_N303                          ; IOPLL                      ; local_mem_wrapper|mem_ss_top|mem_ss_sv|mem_ss|mem_ss|emif_0|emif_0|arch|arch_inst|pll_inst|pll_inst~vcoph[0]                                                                                                 ;
;   1.023  ;   0.000  ; RR ; CELL ; 10     ; IOPLL_X281_Y0_N303                          ; IOPLL                      ; local_mem_wrapper|mem_ss_top|mem_ss_sv|mem_ss|mem_ss|emif_0|emif_0|arch|arch_inst|pll_inst|pll_inst|vcoph[0]                                                                                                 ;
;   1.023  ;   0.000  ; RR ; CELL ; 3      ; TILECTRL_X281_Y0_N298                       ; I/O tile control logic     ; local_mem_wrapper|mem_ss_top|mem_ss_sv|mem_ss|mem_ss|emif_0|emif_0|arch|arch_inst|io_tiles_wrap_inst|io_tiles_inst|tile_gen[1].tile_ctrl_inst|pll_vco_in[0]                                                  ;
;   -0.770 ;   -1.793 ; RR ; COMP ; 1      ; TILECTRL_X281_Y0_N298                       ; I/O tile control logic     ; local_mem_wrapper|mem_ss_top|mem_ss_sv|mem_ss|mem_ss|emif_0|emif_0|arch|arch_inst|io_tiles_wrap_inst|io_tiles_inst|tile_gen[1].tile_ctrl_inst|pa_core_clk_out[0]                                             ;
;   -0.374 ;   0.396  ; RR ; CELL ; 16258  ; TILECTRL_X281_Y0_N298                       ; I/O tile control logic     ; local_mem_wrapper|mem_ss_top|mem_ss_sv|mem_ss|mem_ss|emif_0|emif_0|arch|arch_inst|io_tiles_wrap_inst|io_tiles_inst|tile_gen[1].tile_ctrl_inst~fmio96fs_wr/m32_0_29__iophasealignment_to_dcm__core_clk_out[1] ;
;   -0.374 ;   0.000  ;    ; IC   ; 1      ; Boundary Port                               ; N/A                        ; afu_top|pg_afu.port_gasket|pr_slot|afu_main|ext_mem_if[0].clk|input                                                                                                                                          ;
;   -0.374 ;   0.000  ; RR ; CELL ; 105325 ; Boundary Port                               ; N/A                        ; afu_top|pg_afu.port_gasket|pr_slot|afu_main|ext_mem_if[0].clk                                                                                                                                                ;
;   -0.374 ;   0.000  ; RR ; RE   ; 1      ; TILECTRL_X281_Y0_N298                       ; I/O tile control logic     ; TILE_CTRL                                                                                                                                                                                                    ;
;   -0.332 ;   0.042  ; RR ; RE   ; 1      ; IO96FSWRRE_X280_Y0_N0_I3537                 ; IO96FS_WR_RE               ; IO96FS_WR_RE                                                                                                                                                                                                 ;
;   -0.273 ;   0.059  ; RR ; RE   ; 1      ; DCM_mux_X307_Y2_N0_I29                      ; DCM_mux                    ; CC_DCM_GMUX_RE                                                                                                                                                                                               ;
;   -0.228 ;   0.045  ; RR ; RE   ; 1      ; IO_P2C_RE_X280_Y2_N150_I75                  ; IO_P2C_RE                  ; IO_P2C_RE                                                                                                                                                                                                    ;
;   -0.215 ;   0.013  ; RR ; RE   ; 1      ; IO_P2C_RE_X280_Y2_N150_I26                  ; IO_P2C_RE                  ; IO_P2C_RE                                                                                                                                                                                                    ;
;   -0.186 ;   0.029  ; RR ; RE   ; 1      ; Switchbox_clock_mux_X280_Y2_N0_I197         ; Switchbox_clock_mux        ; CLOCK_SEGMENT_MUX                                                                                                                                                                                            ;
;   -0.125 ;   0.061  ; RR ; RE   ; 1      ; Switchbox_clock_mux_X280_Y2_N0_I105         ; Switchbox_clock_mux        ; CLOCK_SEGMENT_MUX                                                                                                                                                                                            ;
;   -0.105 ;   0.020  ; RF ; RE   ; 1      ; Vertical_seam_tap_mux_X280_Y23_N0_I165      ; Vertical_seam_tap_mux      ; CLOCK_SEGMENT_TAP_MUX                                                                                                                                                                                        ;
;   -0.068 ;   0.037  ; FR ; RE   ; 1      ; Vertical_seam_tap_mux_X280_Y23_N0_I53       ; Vertical_seam_tap_mux      ; CLOCK_SEGMENT_TAP_MUX                                                                                                                                                                                        ;
;   -0.041 ;   0.027  ; RR ; RE   ; 1      ; Switchbox_clock_mux_X280_Y43_N0_I197        ; Switchbox_clock_mux        ; CLOCK_SEGMENT_MUX                                                                                                                                                                                            ;
;   0.020  ;   0.061  ; RR ; RE   ; 1      ; Switchbox_clock_mux_X280_Y43_N0_I105        ; Switchbox_clock_mux        ; CLOCK_SEGMENT_MUX                                                                                                                                                                                            ;
;   0.040  ;   0.020  ; RF ; RE   ; 1      ; Vertical_seam_tap_mux_X280_Y64_N0_I165      ; Vertical_seam_tap_mux      ; CLOCK_SEGMENT_TAP_MUX                                                                                                                                                                                        ;
;   0.077  ;   0.037  ; FR ; RE   ; 1      ; Vertical_seam_tap_mux_X280_Y64_N0_I53       ; Vertical_seam_tap_mux      ; CLOCK_SEGMENT_TAP_MUX                                                                                                                                                                                        ;
;   0.104  ;   0.027  ; RR ; RE   ; 1      ; Switchbox_clock_mux_X280_Y84_N0_I197        ; Switchbox_clock_mux        ; CLOCK_SEGMENT_MUX                                                                                                                                                                                            ;
;   0.161  ;   0.057  ; RR ; RE   ; 1      ; Switchbox_clock_mux_X280_Y84_N0_I105        ; Switchbox_clock_mux        ; CLOCK_SEGMENT_MUX                                                                                                                                                                                            ;
;   0.181  ;   0.020  ; RF ; RE   ; 1      ; Vertical_seam_tap_mux_X280_Y105_N0_I165     ; Vertical_seam_tap_mux      ; CLOCK_SEGMENT_TAP_MUX                                                                                                                                                                                        ;
;   0.218  ;   0.037  ; FR ; RE   ; 1      ; Vertical_seam_tap_mux_X280_Y105_N0_I53      ; Vertical_seam_tap_mux      ; CLOCK_SEGMENT_TAP_MUX                                                                                                                                                                                        ;
;   0.245  ;   0.027  ; RR ; RE   ; 1      ; Switchbox_clock_mux_X280_Y125_N0_I197       ; Switchbox_clock_mux        ; CLOCK_SEGMENT_MUX                                                                                                                                                                                            ;
;   0.301  ;   0.056  ; RR ; RE   ; 1      ; Switchbox_clock_mux_X280_Y125_N0_I105       ; Switchbox_clock_mux        ; CLOCK_SEGMENT_MUX                                                                                                                                                                                            ;
;   0.322  ;   0.021  ; RF ; RE   ; 1      ; Vertical_seam_tap_mux_X280_Y146_N0_I165     ; Vertical_seam_tap_mux      ; CLOCK_SEGMENT_TAP_MUX                                                                                                                                                                                        ;
;   0.359  ;   0.037  ; FR ; RE   ; 1      ; Vertical_seam_tap_mux_X280_Y146_N0_I53      ; Vertical_seam_tap_mux      ; CLOCK_SEGMENT_TAP_MUX                                                                                                                                                                                        ;
;   0.386  ;   0.027  ; RR ; RE   ; 1      ; Switchbox_clock_mux_X280_Y166_N0_I197       ; Switchbox_clock_mux        ; CLOCK_SEGMENT_MUX                                                                                                                                                                                            ;
;   0.517  ;   0.131  ; RR ; RE   ; 1      ; Switchbox_clock_mux_X280_Y166_N0_I106       ; Switchbox_clock_mux        ; CLOCK_SEGMENT_MUX                                                                                                                                                                                            ;
;   0.546  ;   0.029  ; RR ; RE   ; 1      ; Switchbox_clock_mux_X226_Y166_N0_I229       ; Switchbox_clock_mux        ; CLOCK_SEGMENT_MUX                                                                                                                                                                                            ;
;   0.574  ;   0.028  ; RR ; RE   ; 2      ; Switchbox_clock_mux_X226_Y166_N0_I153       ; Switchbox_clock_mux        ; CLOCK_SEGMENT_MUX                                                                                                                                                                                            ;
;   0.630  ;   0.056  ; RR ; RE   ; 1      ; Switchbox_clock_mux_X226_Y166_N0_I103       ; Switchbox_clock_mux        ; CLOCK_SEGMENT_MUX                                                                                                                                                                                            ;
;   0.650  ;   0.020  ; RF ; RE   ; 1      ; Vertical_seam_tap_mux_X226_Y146_N0_I134     ; Vertical_seam_tap_mux      ; CLOCK_SEGMENT_TAP_MUX                                                                                                                                                                                        ;
;   0.688  ;   0.038  ; FR ; RE   ; 1      ; Vertical_seam_tap_mux_X226_Y146_N0_I50      ; Vertical_seam_tap_mux      ; CLOCK_SEGMENT_TAP_MUX                                                                                                                                                                                        ;
;   0.717  ;   0.029  ; RR ; RE   ; 1      ; Switchbox_clock_mux_X226_Y125_N0_I166       ; Switchbox_clock_mux        ; CLOCK_SEGMENT_MUX                                                                                                                                                                                            ;
;   0.773  ;   0.056  ; RR ; RE   ; 1      ; Switchbox_clock_mux_X226_Y125_N0_I103       ; Switchbox_clock_mux        ; CLOCK_SEGMENT_MUX                                                                                                                                                                                            ;
;   0.794  ;   0.021  ; RF ; RE   ; 1      ; Vertical_seam_tap_mux_X226_Y105_N0_I134     ; Vertical_seam_tap_mux      ; CLOCK_SEGMENT_TAP_MUX                                                                                                                                                                                        ;
;   0.831  ;   0.037  ; FR ; RE   ; 1      ; Vertical_seam_tap_mux_X226_Y105_N0_I50      ; Vertical_seam_tap_mux      ; CLOCK_SEGMENT_TAP_MUX                                                                                                                                                                                        ;
;   0.860  ;   0.029  ; RR ; RE   ; 2      ; Switchbox_clock_mux_X226_Y84_N0_I166        ; Switchbox_clock_mux        ; CLOCK_SEGMENT_MUX                                                                                                                                                                                            ;
;   0.996  ;   0.136  ; RR ; RE   ; 1      ; Switchbox_clock_mux_X226_Y84_N0_I102        ; Switchbox_clock_mux        ; CLOCK_SEGMENT_MUX                                                                                                                                                                                            ;
;   1.025  ;   0.029  ; RR ; RE   ; 1      ; Switchbox_clock_mux_X280_Y84_N0_I230        ; Switchbox_clock_mux        ; CLOCK_SEGMENT_MUX                                                                                                                                                                                            ;
;   1.155  ;   0.130  ; RR ; RE   ; 1      ; Switchbox_clock_mux_X280_Y84_N0_I100        ; Switchbox_clock_mux        ; CLOCK_SEGMENT_MUX                                                                                                                                                                                            ;
;   1.184  ;   0.029  ; RR ; RE   ; 2      ; Switchbox_clock_mux_X334_Y84_N0_I230        ; Switchbox_clock_mux        ; CLOCK_SEGMENT_MUX                                                                                                                                                                                            ;
;   1.240  ;   0.056  ; RR ; RE   ; 1      ; Switchbox_clock_mux_X334_Y84_N0_I103        ; Switchbox_clock_mux        ; CLOCK_SEGMENT_MUX                                                                                                                                                                                            ;
;   1.260  ;   0.020  ; RF ; RE   ; 1      ; Vertical_seam_tap_mux_X334_Y64_N0_I134      ; Vertical_seam_tap_mux      ; CLOCK_SEGMENT_TAP_MUX                                                                                                                                                                                        ;
;   1.297  ;   0.037  ; FR ; RE   ; 1      ; Vertical_seam_tap_mux_X334_Y64_N0_I50       ; Vertical_seam_tap_mux      ; CLOCK_SEGMENT_TAP_MUX                                                                                                                                                                                        ;
;   1.326  ;   0.029  ; RR ; RE   ; 2      ; Switchbox_clock_mux_X334_Y43_N0_I166        ; Switchbox_clock_mux        ; CLOCK_SEGMENT_MUX                                                                                                                                                                                            ;
;   1.461  ;   0.135  ; RR ; RE   ; 1      ; Switchbox_clock_mux_X334_Y43_N0_I102        ; Switchbox_clock_mux        ; CLOCK_SEGMENT_MUX                                                                                                                                                                                            ;
;   1.490  ;   0.029  ; RR ; RE   ; 2      ; Switchbox_clock_mux_X280_Y43_N0_I262        ; Switchbox_clock_mux        ; CLOCK_SEGMENT_MUX                                                                                                                                                                                            ;
;   1.550  ;   0.060  ; RR ; RE   ; 1      ; Switchbox_clock_mux_X280_Y43_N0_I101        ; Switchbox_clock_mux        ; CLOCK_SEGMENT_MUX                                                                                                                                                                                            ;
;   1.577  ;   0.027  ; RR ; RE   ; 2      ; Vertical_seam_tap_mux_X280_Y64_N0_I166      ; Vertical_seam_tap_mux      ; CLOCK_SEGMENT_TAP_MUX                                                                                                                                                                                        ;
;   1.637  ;   0.060  ; RR ; RE   ; 1      ; Vertical_seam_tap_mux_X280_Y64_N0_I115      ; Vertical_seam_tap_mux      ; CLOCK_SEGMENT_TAP_MUX                                                                                                                                                                                        ;
;   1.717  ;   0.080  ; RR ; RE   ; 1      ; SPINE_TAP_RE_X253_Y64_N103_I89              ; SPINE_TAP_RE               ; SPINE_TAP_RE                                                                                                                                                                                                 ;
;   1.729  ;   0.012  ; RR ; RE   ; 41     ; SPINE_TAP_RE_X253_Y64_N103_I25              ; SPINE_TAP_RE               ; SPINE_TAP_RE                                                                                                                                                                                                 ;
;   1.898  ;   0.169  ; RR ; RE   ; 2      ; SCLKMUX_RE_X253_Y70_N188_I25                ; SCLKMUX_RE                 ; SCLKMUX_RE                                                                                                                                                                                                   ;
;   1.911  ;   0.013  ; RR ; RE   ; 16     ; SCLKMUX_RE_X253_Y70_N188_I40                ; SCLKMUX_RE                 ; SCLKMUX_RE                                                                                                                                                                                                   ;
;   1.935  ;   0.024  ; RR ; RE   ; 1      ; ROWCLK_TAPOFF_X260_Y70_N0_I3                ; Row Clock Tap-Off          ; ROWCLK_TAPOFF                                                                                                                                                                                                ;
;   1.957  ;   0.022  ; RR ; RE   ; 1      ; GLOBAL_LOCAL_SEL_X260_Y70_N0_I3             ; GLOBAL_LOCAL_SEL           ; GLOBAL_LOCAL_SEL                                                                                                                                                                                             ;
;   1.971  ;   0.014  ; RR ; RE   ; 1      ; RPII_X260_Y70_N0_I3                         ; Programmable Invert Input  ; RPII                                                                                                                                                                                                         ;
;   1.971  ;   0.000  ; RR ; RE   ; 1      ; RPI_X260_Y70_N0_I3                          ; Programmable Invert        ; RPI                                                                                                                                                                                                          ;
;   1.971  ;   0.000  ; RR ; RE   ; 1      ; LAB_RE_X260_Y70_N0_I84                      ; LAB_RE                     ; clkb                                                                                                                                                                                                         ;
;   1.971  ;   0.000  ; RR ; RE   ; 1      ; LAB_RE_X260_Y70_N0_I152                     ; LAB_RE                     ; LAB_RE                                                                                                                                                                                                       ;
;   1.971  ;   0.000  ; RR ; RE   ; 12     ; LEIMCLKALE_X260_Y70_N0_I0                   ; LEIMCLKALE                 ; LEIMCLKALE                                                                                                                                                                                                   ;
;   1.971  ;   0.000  ; RR ; RE   ; 1      ; HYPERFLEX_CLK_M_MUX_X260_Y70_N0_I21         ; Hyperflex clocking network ; HIPI_M_MUX                                                                                                                                                                                                   ;
;   1.971  ;   0.000  ;    ; IC   ; 1      ; BLOCK_INPUT_MUX_PASSTHROUGH_X260_Y70_N0_I19 ; Hyper-Register             ; afu_top|pg_afu.port_gasket|pr_slot|afu_main|port_afu_instances|ofs_plat_afu|core|dma|csr_mgr_inst|Select_0~10xsyn_20_BLOCK_INPUT_MUX_PASSTHROUGH_X260_Y70_N0_I19_dff|clk                                     ;
;   1.971  ;   0.000  ; RR ; CELL ; 1      ; BLOCK_INPUT_MUX_PASSTHROUGH_X260_Y70_N0_I19 ; Hyper-Register             ; afu_top|pg_afu.port_gasket|pr_slot|afu_main|port_afu_instances|ofs_plat_afu|core|dma|csr_mgr_inst|Select_0~10xsyn_20_BLOCK_INPUT_MUX_PASSTHROUGH_X260_Y70_N0_I19_dff                                         ;
; 2.728    ; 0.757    ;    ;      ;        ;                                             ;                            ; data path                                                                                                                                                                                                    ;
;   2.108  ;   0.137  ; FF ; uTco ; 1      ; BLOCK_INPUT_MUX_PASSTHROUGH_X260_Y70_N0_I19 ; Hyper-Register             ; afu_top|pg_afu.port_gasket|pr_slot|afu_main|port_afu_instances|ofs_plat_afu|core|dma|csr_mgr_inst|Select_0~10xsyn_20_BLOCK_INPUT_MUX_PASSTHROUGH_X260_Y70_N0_I19_dff|q                                       ;
;   2.108  ;   0.000  ; FF ; RE   ; 1      ; BLOCK_INPUT_MUX_PASSTHROUGH_X260_Y70_N0_I19 ; Hyper-Register             ; LEIM                                                                                                                                                                                                         ;
;   2.109  ;   0.001  ; FF ; RE   ; 1      ; BLOCK_INPUT_MUX_PASSTHROUGH_X260_Y70_N0_I19 ; Block Input Mux            ; LEIM                                                                                                                                                                                                         ;
;   2.109  ;   0.000  ; FF ; RE   ; 1      ; LAB_RE_X260_Y70_N0_I23                      ; LAB_RE                     ; leimf[2]                                                                                                                                                                                                     ;
;   2.109  ;   0.000  ;    ; IC   ; 1      ; MLABCELL_X260_Y70_N15                       ; Combinational cell         ; afu_top|pg_afu.port_gasket|pr_slot|afu_main|port_afu_instances|ofs_plat_afu|core|dma|csr_mgr_inst|i2852~0|dataf                                                                                              ;
;   2.123  ;   0.014  ; FF ; CELL ; 4      ; MLABCELL_X260_Y70_N15                       ; Combinational cell         ; afu_top|pg_afu.port_gasket|pr_slot|afu_main|port_afu_instances|ofs_plat_afu|core|dma|csr_mgr_inst|i2852~0|combout                                                                                            ;
;   2.168  ;   0.045  ; FR ; CELL ; 5      ; MLABCELL_X260_Y70_N15                       ; Combinational cell         ; afu_top|pg_afu.port_gasket|pr_slot|afu_main|port_afu_instances|ofs_plat_afu|core|dma|csr_mgr_inst|i2852~0~cw_ml_mlab/laboutt[8]                                                                              ;
;   2.168  ;   0.000  ; RR ; RE   ; 1      ; MLABCELL_X260_Y70_N15                       ; Combinational cell         ; MP_MLAB_COMB                                                                                                                                                                                                 ;
;   2.172  ;   0.004  ; RR ; RE   ; 1      ; LAB_RE_X260_Y70_N0_I97                      ; LAB_RE                     ; LAB_RE                                                                                                                                                                                                       ;
;   2.221  ;   0.049  ; RR ; RE   ; 1      ; C4_X260_Y66_N0_I9                           ; C4 interconnect            ; V4                                                                                                                                                                                                           ;
;   2.248  ;   0.027  ; RR ; RE   ; 1      ; R1_X260_Y66_N0_I11                          ; R1 interconnect            ; H1                                                                                                                                                                                                           ;
;   2.271  ;   0.023  ; RF ; RE   ; 1      ; LOCAL_INTERCONNECT_X259_Y66_N0_I25          ; Block interconnect         ; LAB_LINE                                                                                                                                                                                                     ;
;   2.297  ;   0.026  ; FR ; RE   ; 1      ; BLOCK_INPUT_MUX_PASSTHROUGH_X259_Y66_N0_I82 ; Block Input Mux            ; LEIM                                                                                                                                                                                                         ;
;   2.297  ;   0.000  ; RR ; RE   ; 5      ; LAB_RE_X259_Y66_N0_I80                      ; LAB_RE                     ; lsim[0]                                                                                                                                                                                                      ;
;   2.297  ;   0.000  ;    ; IC   ; 2      ; FF_X259_Y66_N13                             ; Bypassed ALM Register      ; afu_top|pg_afu.port_gasket|pr_slot|afu_main|port_afu_instances|ofs_plat_afu|core|dma|csr_mgr_inst|dma_csr_map.descriptor.length[14]~DUPLICATE.comb|ena                                                       ;
;   2.374  ;   0.077  ; RF ; CELL ; 4      ; FF_X259_Y66_N13                             ; Bypassed ALM Register      ; afu_top|pg_afu.port_gasket|pr_slot|afu_main|port_afu_instances|ofs_plat_afu|core|dma|csr_mgr_inst|dma_csr_map.descriptor.length[14]~DUPLICATE.comb|q                                                         ;
;   2.374  ;   0.000  ; FF ; RE   ; 1      ; FF_X259_Y66_N13                             ; Bypassed ALM Register      ; FF                                                                                                                                                                                                           ;
;   2.378  ;   0.004  ; FF ; RE   ; 3      ; LAB_RE_X259_Y66_N0_I97                      ; LAB_RE                     ; LAB_RE                                                                                                                                                                                                       ;
;   2.406  ;   0.028  ; FF ; RE   ; 1      ; R1_X260_Y66_N0_I8                           ; R1 interconnect            ; H1                                                                                                                                                                                                           ;
;   2.435  ;   0.029  ; FF ; RE   ; 1      ; C1_X260_Y66_N0_I8                           ; C1 interconnect            ; V1                                                                                                                                                                                                           ;
;   2.457  ;   0.022  ; FF ; RE   ; 1      ; C1_X260_Y67_N0_I8                           ; C1 interconnect            ; V1                                                                                                                                                                                                           ;
;   2.480  ;   0.023  ; FF ; RE   ; 1      ; C1_X260_Y68_N0_I8                           ; C1 interconnect            ; V1                                                                                                                                                                                                           ;
;   2.505  ;   0.025  ; FR ; RE   ; 1      ; LOCAL_INTERCONNECT_X260_Y69_N0_I19          ; Block interconnect         ; LAB_LINE                                                                                                                                                                                                     ;
;   2.524  ;   0.019  ; RF ; RE   ; 1      ; BLOCK_INPUT_MUX_PASSTHROUGH_X260_Y69_N0_I56 ; Block Input Mux            ; LEIM                                                                                                                                                                                                         ;
;   2.524  ;   0.000  ; FF ; RE   ; 1      ; LAB_RE_X260_Y69_N0_I58                      ; LAB_RE                     ; leimc0[7]                                                                                                                                                                                                    ;
;   2.524  ;   0.000  ;    ; IC   ; 4      ; MLABCELL_X260_Y69_N42                       ; Combinational cell         ; afu_top|pg_afu.port_gasket|pr_slot|afu_main|port_afu_instances|ofs_plat_afu|core|dma|csr_mgr_inst|add_0~186|datac                                                                                            ;
;   2.592  ;   0.068  ; FR ; CELL ; 1      ; MLABCELL_X260_Y69_N45                       ; Combinational cell         ; afu_top|pg_afu.port_gasket|pr_slot|afu_main|port_afu_instances|ofs_plat_afu|core|dma|csr_mgr_inst|add_0~181|cout                                                                                             ;
;   2.592  ;   0.000  ; RR ; CELL ; 3      ; MLABCELL_X260_Y69_N48                       ; Combinational cell         ; afu_top|pg_afu.port_gasket|pr_slot|afu_main|port_afu_instances|ofs_plat_afu|core|dma|csr_mgr_inst|add_0~176|cin                                                                                              ;
;   2.649  ;   0.057  ; RF ; CELL ; 1      ; MLABCELL_X260_Y69_N48                       ; Combinational cell         ; afu_top|pg_afu.port_gasket|pr_slot|afu_main|port_afu_instances|ofs_plat_afu|core|dma|csr_mgr_inst|add_0~176|sumout                                                                                           ;
;   2.649  ;   0.000  ; FF ; RE   ; 1      ; MLABCELL_X260_Y69_N48                       ; Combinational cell         ; MP_MLAB_COMB                                                                                                                                                                                                 ;
;   2.653  ;   0.004  ; FF ; RE   ; 1      ; LAB_RE_X260_Y69_N0_I122                     ; LAB_RE                     ; LAB_RE                                                                                                                                                                                                       ;
;   2.685  ;   0.032  ; FF ; RE   ; 1      ; C1_X260_Y68_N0_I35                          ; C1 interconnect            ; V1                                                                                                                                                                                                           ;
;   2.708  ;   0.023  ; FF ; RE   ; 1      ; R1_X261_Y68_N0_I34                          ; R1 interconnect            ; H1                                                                                                                                                                                                           ;
;   2.728  ;   0.020  ; FR ; RE   ; 1      ; LOCAL_INTERCONNECT_X261_Y68_N0_I71          ; Block interconnect         ; LAB_LINE                                                                                                                                                                                                     ;
;   2.728  ;   0.000  ;    ; IC   ; 1      ; BLOCK_INPUT_MUX_PASSTHROUGH_X261_Y68_N0_I25 ; Hyper-Register             ; afu_top|pg_afu.port_gasket|pr_slot|afu_main|port_afu_instances|ofs_plat_afu|core|dma|csr_mgr_inst|add_0~176_BLOCK_INPUT_MUX_PASSTHROUGH_X261_Y68_N0_I25_dff|d                                                ;
;   2.728  ;   0.000  ; RR ; CELL ; 1      ; BLOCK_INPUT_MUX_PASSTHROUGH_X261_Y68_N0_I25 ; Hyper-Register             ; afu_top|pg_afu.port_gasket|pr_slot|afu_main|port_afu_instances|ofs_plat_afu|core|dma|csr_mgr_inst|add_0~176_BLOCK_INPUT_MUX_PASSTHROUGH_X261_Y68_N0_I25_dff                                                  ;
+----------+----------+----+------+--------+---------------------------------------------+----------------------------+--------------------------------------------------------------------------------------------------------------------------------------------------------------------------------------------------------------+

+------------------------------------------------------------------------------------------------------------------------------------------------------------------------------------------------------------------------------------------------------------------------------------------------------------------------------------+
; Data Required Path                                                                                                                                                                                                                                                                                                                 ;
+----------+----------+----+------+--------+---------------------------------------------+----------------------------+--------------------------------------------------------------------------------------------------------------------------------------------------------------------------------------------------------------+
; Total    ; Incr     ; RF ; Type ; Fanout ; Location                                    ; Element Type               ; Element                                                                                                                                                                                                      ;
+----------+----------+----+------+--------+---------------------------------------------+----------------------------+--------------------------------------------------------------------------------------------------------------------------------------------------------------------------------------------------------------+
; 0.000    ; 0.000    ;    ;      ;        ;                                             ;                            ; latch edge time                                                                                                                                                                                              ;
; 1.999    ; 1.999    ;    ;      ;        ;                                             ;                            ; clock path                                                                                                                                                                                                   ;
;   0.000  ;   0.000  ;    ;      ;        ;                                             ;                            ; source latency                                                                                                                                                                                               ;
;   0.000  ;   0.000  ;    ;      ; 1      ; PIN_HF23                                    ; I/O pad                    ; ddr4_mem_ref_clk[0].clk                                                                                                                                                                                      ;
;   0.000  ;   0.000  ;    ; IC   ; 1      ; IOIBUF_X280_Y0_N376                         ; I/O input buffer           ; ddr4_mem_ref_clk[0].clk~input|i                                                                                                                                                                              ;
;   0.129  ;   0.129  ; RR ; CELL ; 2      ; IOIBUF_X280_Y0_N376                         ; I/O input buffer           ; ddr4_mem_ref_clk[0].clk~input|o                                                                                                                                                                              ;
;   0.878  ;   0.749  ; RR ; CELL ; 1      ; REFCLKINPUT_X281_Y0_N301                    ; I/O reference clock tree   ; local_mem_wrapper|mem_ss_top|mem_ss_sv|mem_ss|mem_ss|emif_0|emif_0|arch|arch_inst|pll_inst|pll_inst~refclk|ref_clk_in                                                                                        ;
;   1.000  ;   0.122  ; RR ; CELL ; 3      ; REFCLKINPUT_X281_Y0_N301                    ; I/O reference clock tree   ; local_mem_wrapper|mem_ss_top|mem_ss_sv|mem_ss|mem_ss|emif_0|emif_0|arch|arch_inst|pll_inst|pll_inst~refclk|ref0_to_btm                                                                                       ;
;   1.337  ;   0.337  ; RR ; CELL ; 1      ; REFCLKINPUT_X281_Y0_N301                    ; I/O reference clock tree   ; local_mem_wrapper|mem_ss_top|mem_ss_sv|mem_ss|mem_ss|emif_0|emif_0|arch|arch_inst|pll_inst|pll_inst~refclk|clk_out                                                                                           ;
;   1.337  ;   0.000  ; RR ; CELL ; 1      ; IOPLL_X281_Y0_N303                          ; IOPLL                      ; local_mem_wrapper|mem_ss_top|mem_ss_sv|mem_ss|mem_ss|emif_0|emif_0|arch|arch_inst|pll_inst|pll_inst|pll_cascade_in                                                                                           ;
;   1.474  ;   0.137  ; RR ; CELL ; 2      ; IOPLL_X281_Y0_N303                          ; IOPLL                      ; local_mem_wrapper|mem_ss_top|mem_ss_sv|mem_ss|mem_ss|emif_0|emif_0|arch|arch_inst|pll_inst|pll_inst~fmio96fs_wr/x0/fmio96_core_inst/fmio48tile_top/x5/u4_3/x0/xiopll_custom/xclkin_sw/xpm_pll_so/clk[0]      ;
;   1.600  ;   0.126  ; RR ; CELL ; 2      ; IOPLL_X281_Y0_N303                          ; IOPLL                      ; local_mem_wrapper|mem_ss_top|mem_ss_sv|mem_ss|mem_ss|emif_0|emif_0|arch|arch_inst|pll_inst|pll_inst~fmio96fs_wr/x0/fmio96_core_inst/fmio48tile_top/x5/u4_3/x0/xiopll_custom/xiopll_core/xncnt_iopll/clk      ;
;   1.718  ;   0.118  ; RR ; CELL ; 3      ; IOPLL_X281_Y0_N303                          ; IOPLL                      ; local_mem_wrapper|mem_ss_top|mem_ss_sv|mem_ss|mem_ss|emif_0|emif_0|arch|arch_inst|pll_inst|pll_inst~pllnout                                                                                                  ;
;   1.815  ;   0.097  ; RF ; CELL ; 1      ; IOPLL_X281_Y0_N303                          ; IOPLL                      ; local_mem_wrapper|mem_ss_top|mem_ss_sv|mem_ss|mem_ss|emif_0|emif_0|arch|arch_inst|pll_inst|pll_inst~vco_refclk                                                                                               ;
;   1.822  ;   0.007  ; FR ; CELL ; 1      ; IOPLL_X281_Y0_N303                          ; IOPLL                      ; local_mem_wrapper|mem_ss_top|mem_ss_sv|mem_ss|mem_ss|emif_0|emif_0|arch|arch_inst|pll_inst|pll_inst~vctrl                                                                                                    ;
;   1.304  ;   -0.518 ; RR ; COMP ; 1      ; IOPLL_X281_Y0_N303                          ; IOPLL                      ; local_mem_wrapper|mem_ss_top|mem_ss_sv|mem_ss|mem_ss|emif_0|emif_0|arch|arch_inst|pll_inst|pll_inst~vcoph[0]                                                                                                 ;
;   1.304  ;   0.000  ; RR ; CELL ; 10     ; IOPLL_X281_Y0_N303                          ; IOPLL                      ; local_mem_wrapper|mem_ss_top|mem_ss_sv|mem_ss|mem_ss|emif_0|emif_0|arch|arch_inst|pll_inst|pll_inst|vcoph[0]                                                                                                 ;
;   1.304  ;   0.000  ; RR ; CELL ; 3      ; TILECTRL_X281_Y0_N298                       ; I/O tile control logic     ; local_mem_wrapper|mem_ss_top|mem_ss_sv|mem_ss|mem_ss|emif_0|emif_0|arch|arch_inst|io_tiles_wrap_inst|io_tiles_inst|tile_gen[1].tile_ctrl_inst|pll_vco_in[0]                                                  ;
;   -0.357 ;   -1.661 ; RR ; COMP ; 1      ; TILECTRL_X281_Y0_N298                       ; I/O tile control logic     ; local_mem_wrapper|mem_ss_top|mem_ss_sv|mem_ss|mem_ss|emif_0|emif_0|arch|arch_inst|io_tiles_wrap_inst|io_tiles_inst|tile_gen[1].tile_ctrl_inst|pa_core_clk_out[0]                                             ;
;   0.099  ;   0.456  ; RR ; CELL ; 16258  ; TILECTRL_X281_Y0_N298                       ; I/O tile control logic     ; local_mem_wrapper|mem_ss_top|mem_ss_sv|mem_ss|mem_ss|emif_0|emif_0|arch|arch_inst|io_tiles_wrap_inst|io_tiles_inst|tile_gen[1].tile_ctrl_inst~fmio96fs_wr/m32_0_29__iophasealignment_to_dcm__core_clk_out[1] ;
;   0.099  ;   0.000  ;    ; IC   ; 1      ; Boundary Port                               ; N/A                        ; afu_top|pg_afu.port_gasket|pr_slot|afu_main|ext_mem_if[0].clk|input                                                                                                                                          ;
;   0.099  ;   0.000  ; RR ; CELL ; 105325 ; Boundary Port                               ; N/A                        ; afu_top|pg_afu.port_gasket|pr_slot|afu_main|ext_mem_if[0].clk                                                                                                                                                ;
;   0.099  ;   0.000  ; RR ; RE   ; 1      ; TILECTRL_X281_Y0_N298                       ; I/O tile control logic     ; TILE_CTRL                                                                                                                                                                                                    ;
;   0.147  ;   0.048  ; RR ; RE   ; 1      ; IO96FSWRRE_X280_Y0_N0_I3537                 ; IO96FS_WR_RE               ; IO96FS_WR_RE                                                                                                                                                                                                 ;
;   0.210  ;   0.063  ; RR ; RE   ; 1      ; DCM_mux_X307_Y2_N0_I29                      ; DCM_mux                    ; CC_DCM_GMUX_RE                                                                                                                                                                                               ;
;   0.262  ;   0.052  ; RR ; RE   ; 1      ; IO_P2C_RE_X280_Y2_N150_I75                  ; IO_P2C_RE                  ; IO_P2C_RE                                                                                                                                                                                                    ;
;   0.276  ;   0.014  ; RR ; RE   ; 1      ; IO_P2C_RE_X280_Y2_N150_I26                  ; IO_P2C_RE                  ; IO_P2C_RE                                                                                                                                                                                                    ;
;   0.309  ;   0.033  ; RR ; RE   ; 1      ; Switchbox_clock_mux_X280_Y2_N0_I197         ; Switchbox_clock_mux        ; CLOCK_SEGMENT_MUX                                                                                                                                                                                            ;
;   0.375  ;   0.066  ; RR ; RE   ; 1      ; Switchbox_clock_mux_X280_Y2_N0_I105         ; Switchbox_clock_mux        ; CLOCK_SEGMENT_MUX                                                                                                                                                                                            ;
;   0.398  ;   0.023  ; RF ; RE   ; 1      ; Vertical_seam_tap_mux_X280_Y23_N0_I165      ; Vertical_seam_tap_mux      ; CLOCK_SEGMENT_TAP_MUX                                                                                                                                                                                        ;
;   0.438  ;   0.040  ; FR ; RE   ; 1      ; Vertical_seam_tap_mux_X280_Y23_N0_I53       ; Vertical_seam_tap_mux      ; CLOCK_SEGMENT_TAP_MUX                                                                                                                                                                                        ;
;   0.469  ;   0.031  ; RR ; RE   ; 1      ; Switchbox_clock_mux_X280_Y43_N0_I197        ; Switchbox_clock_mux        ; CLOCK_SEGMENT_MUX                                                                                                                                                                                            ;
;   0.535  ;   0.066  ; RR ; RE   ; 1      ; Switchbox_clock_mux_X280_Y43_N0_I105        ; Switchbox_clock_mux        ; CLOCK_SEGMENT_MUX                                                                                                                                                                                            ;
;   0.558  ;   0.023  ; RF ; RE   ; 1      ; Vertical_seam_tap_mux_X280_Y64_N0_I165      ; Vertical_seam_tap_mux      ; CLOCK_SEGMENT_TAP_MUX                                                                                                                                                                                        ;
;   0.598  ;   0.040  ; FR ; RE   ; 1      ; Vertical_seam_tap_mux_X280_Y64_N0_I53       ; Vertical_seam_tap_mux      ; CLOCK_SEGMENT_TAP_MUX                                                                                                                                                                                        ;
;   0.629  ;   0.031  ; RR ; RE   ; 1      ; Switchbox_clock_mux_X280_Y84_N0_I197        ; Switchbox_clock_mux        ; CLOCK_SEGMENT_MUX                                                                                                                                                                                            ;
;   0.691  ;   0.062  ; RR ; RE   ; 1      ; Switchbox_clock_mux_X280_Y84_N0_I105        ; Switchbox_clock_mux        ; CLOCK_SEGMENT_MUX                                                                                                                                                                                            ;
;   0.714  ;   0.023  ; RF ; RE   ; 1      ; Vertical_seam_tap_mux_X280_Y105_N0_I165     ; Vertical_seam_tap_mux      ; CLOCK_SEGMENT_TAP_MUX                                                                                                                                                                                        ;
;   0.754  ;   0.040  ; FR ; RE   ; 1      ; Vertical_seam_tap_mux_X280_Y105_N0_I53      ; Vertical_seam_tap_mux      ; CLOCK_SEGMENT_TAP_MUX                                                                                                                                                                                        ;
;   0.785  ;   0.031  ; RR ; RE   ; 1      ; Switchbox_clock_mux_X280_Y125_N0_I197       ; Switchbox_clock_mux        ; CLOCK_SEGMENT_MUX                                                                                                                                                                                            ;
;   0.847  ;   0.062  ; RR ; RE   ; 1      ; Switchbox_clock_mux_X280_Y125_N0_I105       ; Switchbox_clock_mux        ; CLOCK_SEGMENT_MUX                                                                                                                                                                                            ;
;   0.870  ;   0.023  ; RF ; RE   ; 1      ; Vertical_seam_tap_mux_X280_Y146_N0_I165     ; Vertical_seam_tap_mux      ; CLOCK_SEGMENT_TAP_MUX                                                                                                                                                                                        ;
;   0.910  ;   0.040  ; FR ; RE   ; 1      ; Vertical_seam_tap_mux_X280_Y146_N0_I53      ; Vertical_seam_tap_mux      ; CLOCK_SEGMENT_TAP_MUX                                                                                                                                                                                        ;
;   0.941  ;   0.031  ; RR ; RE   ; 1      ; Switchbox_clock_mux_X280_Y166_N0_I197       ; Switchbox_clock_mux        ; CLOCK_SEGMENT_MUX                                                                                                                                                                                            ;
;   1.084  ;   0.143  ; RR ; RE   ; 1      ; Switchbox_clock_mux_X280_Y166_N0_I106       ; Switchbox_clock_mux        ; CLOCK_SEGMENT_MUX                                                                                                                                                                                            ;
;   1.117  ;   0.033  ; RR ; RE   ; 1      ; Switchbox_clock_mux_X226_Y166_N0_I229       ; Switchbox_clock_mux        ; CLOCK_SEGMENT_MUX                                                                                                                                                                                            ;
;   1.148  ;   0.031  ; RR ; RE   ; 2      ; Switchbox_clock_mux_X226_Y166_N0_I153       ; Switchbox_clock_mux        ; CLOCK_SEGMENT_MUX                                                                                                                                                                                            ;
;   1.210  ;   0.062  ; RR ; RE   ; 1      ; Switchbox_clock_mux_X226_Y166_N0_I103       ; Switchbox_clock_mux        ; CLOCK_SEGMENT_MUX                                                                                                                                                                                            ;
;   1.233  ;   0.023  ; RF ; RE   ; 1      ; Vertical_seam_tap_mux_X226_Y146_N0_I134     ; Vertical_seam_tap_mux      ; CLOCK_SEGMENT_TAP_MUX                                                                                                                                                                                        ;
;   1.274  ;   0.041  ; FR ; RE   ; 1      ; Vertical_seam_tap_mux_X226_Y146_N0_I50      ; Vertical_seam_tap_mux      ; CLOCK_SEGMENT_TAP_MUX                                                                                                                                                                                        ;
;   1.306  ;   0.032  ; RR ; RE   ; 1      ; Switchbox_clock_mux_X226_Y125_N0_I166       ; Switchbox_clock_mux        ; CLOCK_SEGMENT_MUX                                                                                                                                                                                            ;
;   1.368  ;   0.062  ; RR ; RE   ; 1      ; Switchbox_clock_mux_X226_Y125_N0_I103       ; Switchbox_clock_mux        ; CLOCK_SEGMENT_MUX                                                                                                                                                                                            ;
;   1.391  ;   0.023  ; RF ; RE   ; 1      ; Vertical_seam_tap_mux_X226_Y105_N0_I134     ; Vertical_seam_tap_mux      ; CLOCK_SEGMENT_TAP_MUX                                                                                                                                                                                        ;
;   1.432  ;   0.041  ; FR ; RE   ; 1      ; Vertical_seam_tap_mux_X226_Y105_N0_I50      ; Vertical_seam_tap_mux      ; CLOCK_SEGMENT_TAP_MUX                                                                                                                                                                                        ;
;   1.464  ;   0.032  ; RR ; RE   ; 2      ; Switchbox_clock_mux_X226_Y84_N0_I166        ; Switchbox_clock_mux        ; CLOCK_SEGMENT_MUX                                                                                                                                                                                            ;
;   1.614  ;   0.150  ; RR ; RE   ; 1      ; Switchbox_clock_mux_X226_Y84_N0_I102        ; Switchbox_clock_mux        ; CLOCK_SEGMENT_MUX                                                                                                                                                                                            ;
;   1.646  ;   0.032  ; RR ; RE   ; 1      ; Switchbox_clock_mux_X280_Y84_N0_I230        ; Switchbox_clock_mux        ; CLOCK_SEGMENT_MUX                                                                                                                                                                                            ;
;   1.789  ;   0.143  ; RR ; RE   ; 1      ; Switchbox_clock_mux_X280_Y84_N0_I100        ; Switchbox_clock_mux        ; CLOCK_SEGMENT_MUX                                                                                                                                                                                            ;
;   1.821  ;   0.032  ; RR ; RE   ; 2      ; Switchbox_clock_mux_X334_Y84_N0_I230        ; Switchbox_clock_mux        ; CLOCK_SEGMENT_MUX                                                                                                                                                                                            ;
;   1.883  ;   0.062  ; RR ; RE   ; 1      ; Switchbox_clock_mux_X334_Y84_N0_I103        ; Switchbox_clock_mux        ; CLOCK_SEGMENT_MUX                                                                                                                                                                                            ;
;   1.906  ;   0.023  ; RF ; RE   ; 1      ; Vertical_seam_tap_mux_X334_Y64_N0_I134      ; Vertical_seam_tap_mux      ; CLOCK_SEGMENT_TAP_MUX                                                                                                                                                                                        ;
;   1.946  ;   0.040  ; FR ; RE   ; 1      ; Vertical_seam_tap_mux_X334_Y64_N0_I50       ; Vertical_seam_tap_mux      ; CLOCK_SEGMENT_TAP_MUX                                                                                                                                                                                        ;
;   1.978  ;   0.032  ; RR ; RE   ; 2      ; Switchbox_clock_mux_X334_Y43_N0_I166        ; Switchbox_clock_mux        ; CLOCK_SEGMENT_MUX                                                                                                                                                                                            ;
;   2.126  ;   0.148  ; RR ; RE   ; 1      ; Switchbox_clock_mux_X334_Y43_N0_I102        ; Switchbox_clock_mux        ; CLOCK_SEGMENT_MUX                                                                                                                                                                                            ;
;   2.159  ;   0.033  ; RR ; RE   ; 2      ; Switchbox_clock_mux_X280_Y43_N0_I262        ; Switchbox_clock_mux        ; CLOCK_SEGMENT_MUX                                                                                                                                                                                            ;
;   2.225  ;   0.066  ; RR ; RE   ; 1      ; Switchbox_clock_mux_X280_Y43_N0_I101        ; Switchbox_clock_mux        ; CLOCK_SEGMENT_MUX                                                                                                                                                                                            ;
;   2.256  ;   0.031  ; RR ; RE   ; 2      ; Vertical_seam_tap_mux_X280_Y64_N0_I166      ; Vertical_seam_tap_mux      ; CLOCK_SEGMENT_TAP_MUX                                                                                                                                                                                        ;
;   2.322  ;   0.066  ; RR ; RE   ; 1      ; Vertical_seam_tap_mux_X280_Y64_N0_I115      ; Vertical_seam_tap_mux      ; CLOCK_SEGMENT_TAP_MUX                                                                                                                                                                                        ;
;   2.413  ;   0.091  ; RR ; RE   ; 1      ; SPINE_TAP_RE_X253_Y64_N103_I89              ; SPINE_TAP_RE               ; SPINE_TAP_RE                                                                                                                                                                                                 ;
;   2.421  ;   0.008  ; RR ; RE   ; 41     ; SPINE_TAP_RE_X253_Y64_N103_I25              ; SPINE_TAP_RE               ; SPINE_TAP_RE                                                                                                                                                                                                 ;
;   2.613  ;   0.192  ; RR ; RE   ; 2      ; SCLKMUX_RE_X253_Y68_N188_I25                ; SCLKMUX_RE                 ; SCLKMUX_RE                                                                                                                                                                                                   ;
;   2.627  ;   0.014  ; RR ; RE   ; 21     ; SCLKMUX_RE_X253_Y68_N188_I40                ; SCLKMUX_RE                 ; SCLKMUX_RE                                                                                                                                                                                                   ;
;   2.654  ;   0.027  ; RR ; RE   ; 1      ; ROWCLK_TAPOFF_X261_Y68_N0_I3                ; Row Clock Tap-Off          ; ROWCLK_TAPOFF                                                                                                                                                                                                ;
;   2.683  ;   0.029  ; RR ; RE   ; 1      ; GLOBAL_LOCAL_SEL_X261_Y68_N0_I2             ; GLOBAL_LOCAL_SEL           ; GLOBAL_LOCAL_SEL                                                                                                                                                                                             ;
;   2.700  ;   0.017  ; RR ; RE   ; 1      ; RPII_X261_Y68_N0_I2                         ; Programmable Invert Input  ; RPII                                                                                                                                                                                                         ;
;   2.700  ;   0.000  ; RR ; RE   ; 1      ; RPI_X261_Y68_N0_I2                          ; Programmable Invert        ; RPI                                                                                                                                                                                                          ;
;   2.700  ;   0.000  ; RR ; RE   ; 15     ; LAB_RE_X261_Y68_N0_I83                      ; LAB_RE                     ; clka                                                                                                                                                                                                         ;
;   2.700  ;   0.000  ; RR ; RE   ; 1      ; LAB_RE_X261_Y68_N0_I150                     ; LAB_RE                     ; LAB_RE                                                                                                                                                                                                       ;
;   2.700  ;   0.000  ; RR ; RE   ; 43     ; LEIMCLKALE_X261_Y68_N0_I0                   ; LEIMCLKALE                 ; LEIMCLKALE                                                                                                                                                                                                   ;
;   2.700  ;   0.000  ; RR ; RE   ; 1      ; HYPERFLEX_CLK_M_MUX_X261_Y68_N0_I28         ; Hyperflex clocking network ; HIPI_M_MUX                                                                                                                                                                                                   ;
;   2.700  ;   0.000  ;    ; IC   ; 1      ; BLOCK_INPUT_MUX_PASSTHROUGH_X261_Y68_N0_I25 ; Hyper-Register             ; afu_top|pg_afu.port_gasket|pr_slot|afu_main|port_afu_instances|ofs_plat_afu|core|dma|csr_mgr_inst|add_0~176_BLOCK_INPUT_MUX_PASSTHROUGH_X261_Y68_N0_I25_dff|clk                                              ;
;   2.700  ;   0.000  ; RR ; CELL ; 1      ; BLOCK_INPUT_MUX_PASSTHROUGH_X261_Y68_N0_I25 ; Hyper-Register             ; afu_top|pg_afu.port_gasket|pr_slot|afu_main|port_afu_instances|ofs_plat_afu|core|dma|csr_mgr_inst|add_0~176_BLOCK_INPUT_MUX_PASSTHROUGH_X261_Y68_N0_I25_dff                                                  ;
;   2.005  ;   -0.695 ;    ;      ;        ;                                             ;                            ; clock pessimism removed                                                                                                                                                                                      ;
;   1.999  ;   -0.006 ;    ;      ;        ;                                             ;                            ; advanced clock effects                                                                                                                                                                                       ;
; 1.999    ; 0.000    ;    ;      ;        ;                                             ;                            ; clock uncertainty                                                                                                                                                                                            ;
; 2.128    ; 0.129    ;    ; uTh  ; 1      ; BLOCK_INPUT_MUX_PASSTHROUGH_X261_Y68_N0_I25 ; Hyper-Register             ; afu_top|pg_afu.port_gasket|pr_slot|afu_main|port_afu_instances|ofs_plat_afu|core|dma|csr_mgr_inst|add_0~176_BLOCK_INPUT_MUX_PASSTHROUGH_X261_Y68_N0_I25_dff                                                  ;
+----------+----------+----+------+--------+---------------------------------------------+----------------------------+--------------------------------------------------------------------------------------------------------------------------------------------------------------------------------------------------------------+


