----------------
; Command Info ;
----------------
Report Timing: Found 4 hold paths (0 violated).  Worst case slack is 0.235 

Tcl Command:
    report_timing -hold -show_routing -file /home/uwb_student00/ahls/new_BSP/work_ahls_persona_work21_csr02/csr-paths07/csr-path-reports/5_length0_duplicate_ena_hold.rpt -through [remove_from_collection [get_pins {}] [remove_from_collection [get_pins {}] [get_pins -compatibility_mode -no_duplicates {afu_top|pg_afu.port_gasket|pr_slot|afu_main|port_afu_instances|ofs_plat_afu|core|dma|csr_mgr_inst|*|ena}]]] -nworst 1 -npaths 4 -detail full_path

Options:
    -through [remove_from_collection [get_pins {}] [remove_from_collection [get_pins {}] [get_pins -compatibility_mode -no_duplicates {afu_top|pg_afu.port_gasket|pr_slot|afu_main|port_afu_instances|ofs_plat_afu|core|dma|csr_mgr_inst|*|ena}]]] 
    -hold 
    -nworst 1 
    -npaths 4 
    -show_routing 
    -detail full_path 
    -file {/home/uwb_student00/ahls/new_BSP/work_ahls_persona_work21_csr02/csr-paths07/csr-path-reports/5_length0_duplicate_ena_hold.rpt} 

Snapshot:
    final

Delay Model:
    Fast vid2 100C Model

+----------------------------------------------------------------------------------------------------------------------------------------------------------------------------------------------------------------------------------------------------------------------------------------------------------------------------------------------------------------------------------------------------------------------------------------------------------------------------------------------------------------------------------------------------------------------------------------------+
; Summary of Paths                                                                                                                                                                                                                                                                                                                                                                                                                                                                                                                                                                             ;
+-------+----------------------------------------------------------------------------------------------------------------------------------------------------------------------+--------------------------------------------------------------------------------------------------------------------------------------------------------------------------------------------------+---------------------------------------------------------------------------------+---------------------------------------------------------------------------------+--------------+------------+------------+
; Slack ; From Node                                                                                                                                                            ; To Node                                                                                                                                                                                          ; Launch Clock                                                                    ; Latch Clock                                                                     ; Relationship ; Clock Skew ; Data Delay ;
+-------+----------------------------------------------------------------------------------------------------------------------------------------------------------------------+--------------------------------------------------------------------------------------------------------------------------------------------------------------------------------------------------+---------------------------------------------------------------------------------+---------------------------------------------------------------------------------+--------------+------------+------------+
; 0.235 ; afu_top|pg_afu.port_gasket|pr_slot|afu_main|port_afu_instances|ofs_plat_afu|core|dma|csr_mgr_inst|Select_0~10xsyn_20_BLOCK_INPUT_MUX_PASSTHROUGH_X260_Y70_N0_I19_dff ; afu_top|pg_afu.port_gasket|pr_slot|afu_main|port_afu_instances|ofs_plat_afu|core|dma|csr_mgr_inst|dma_csr_map.descriptor.length[0]~DUPLICATE.comb                                                ; local_mem_wrapper|mem_ss_top|mem_ss_sv|mem_ss|mem_ss|emif_0|emif_0_core_usr_clk ; local_mem_wrapper|mem_ss_top|mem_ss_sv|mem_ss|mem_ss|emif_0|emif_0_core_usr_clk ; 0.000        ; 0.028      ; 0.305      ;
; 0.544 ; afu_top|pg_afu.port_gasket|pr_slot|afu_main|port_afu_instances|ofs_plat_afu|core|dma|csr_mgr_inst|Select_0~10xsyn_20_BLOCK_INPUT_MUX_PASSTHROUGH_X260_Y70_N0_I19_dff ; afu_top|pg_afu.port_gasket|pr_slot|afu_main|port_afu_instances|ofs_plat_afu|core|dma|descriptor_fifo_inst|scfifo_component|auto_generated|dpfifo|FIFOram|altera_syncram_impl1|ram_block2a32~reg0 ; local_mem_wrapper|mem_ss_top|mem_ss_sv|mem_ss|mem_ss|emif_0|emif_0_core_usr_clk ; local_mem_wrapper|mem_ss_top|mem_ss_sv|mem_ss|mem_ss|emif_0|emif_0_core_usr_clk ; 0.000        ; 0.011      ; 0.638      ;
; 0.601 ; afu_top|pg_afu.port_gasket|pr_slot|afu_main|port_afu_instances|ofs_plat_afu|core|dma|csr_mgr_inst|Select_0~10xsyn_20_BLOCK_INPUT_MUX_PASSTHROUGH_X260_Y70_N0_I19_dff ; afu_top|pg_afu.port_gasket|pr_slot|afu_main|port_afu_instances|ofs_plat_afu|core|dma|csr_mgr_inst|i919~42xsyn_49_BLOCK_INPUT_MUX_PASSTHROUGH_X258_Y69_N0_I45_dff                                 ; local_mem_wrapper|mem_ss_top|mem_ss_sv|mem_ss|mem_ss|emif_0|emif_0_core_usr_clk ; local_mem_wrapper|mem_ss_top|mem_ss_sv|mem_ss|mem_ss|emif_0|emif_0_core_usr_clk ; 0.000        ; 0.028      ; 0.764      ;
; 0.743 ; afu_top|pg_afu.port_gasket|pr_slot|afu_main|port_afu_instances|ofs_plat_afu|core|dma|csr_mgr_inst|Select_0~10xsyn_20_BLOCK_INPUT_MUX_PASSTHROUGH_X260_Y70_N0_I19_dff ; afu_top|pg_afu.port_gasket|pr_slot|afu_main|port_afu_instances|ofs_plat_afu|core|dma|csr_mgr_inst|Select_0~10xsyn_BLOCK_INPUT_MUX_PASSTHROUGH_X258_Y70_N0_I61_dff                                ; local_mem_wrapper|mem_ss_top|mem_ss_sv|mem_ss|mem_ss|emif_0|emif_0_core_usr_clk ; local_mem_wrapper|mem_ss_top|mem_ss_sv|mem_ss|mem_ss|emif_0|emif_0_core_usr_clk ; 0.000        ; 0.010      ; 0.889      ;
+-------+----------------------------------------------------------------------------------------------------------------------------------------------------------------------+--------------------------------------------------------------------------------------------------------------------------------------------------------------------------------------------------+---------------------------------------------------------------------------------+---------------------------------------------------------------------------------+--------------+------------+------------+

Path #1: Hold slack is 0.235 
===============================================================================
+--------------------------------------------------------------------------------------------------------------------------------------------------------------------------------------------------------+
; Path Summary                                                                                                                                                                                           ;
+---------------------------------+----------------------------------------------------------------------------------------------------------------------------------------------------------------------+
; Property                        ; Value                                                                                                                                                                ;
+---------------------------------+----------------------------------------------------------------------------------------------------------------------------------------------------------------------+
; From Node                       ; afu_top|pg_afu.port_gasket|pr_slot|afu_main|port_afu_instances|ofs_plat_afu|core|dma|csr_mgr_inst|Select_0~10xsyn_20_BLOCK_INPUT_MUX_PASSTHROUGH_X260_Y70_N0_I19_dff ;
; To Node                         ; afu_top|pg_afu.port_gasket|pr_slot|afu_main|port_afu_instances|ofs_plat_afu|core|dma|csr_mgr_inst|dma_csr_map.descriptor.length[0]~DUPLICATE.comb                    ;
; Launch Clock                    ; local_mem_wrapper|mem_ss_top|mem_ss_sv|mem_ss|mem_ss|emif_0|emif_0_core_usr_clk                                                                                      ;
; Latch Clock                     ; local_mem_wrapper|mem_ss_top|mem_ss_sv|mem_ss|mem_ss|emif_0|emif_0_core_usr_clk                                                                                      ;
; SDC Exception                   ; No SDC Exception on Path                                                                                                                                             ;
; Data Arrival Time               ; 2.724                                                                                                                                                                ;
; Data Required Time              ; 2.489                                                                                                                                                                ;
; Slack                           ; 0.235                                                                                                                                                                ;
; Worst-Case Operating Conditions ; Fast vid2 100C Model                                                                                                                                                 ;
+---------------------------------+----------------------------------------------------------------------------------------------------------------------------------------------------------------------+

+-------------------------------------------------------------------------------------+
; Statistics                                                                          ;
+------------------------+-------+-------+-------------+------------+--------+--------+
; Property               ; Value ; Count ; Total Delay ; % of Total ; Min    ; Max    ;
+------------------------+-------+-------+-------------+------------+--------+--------+
; Hold Relationship      ; 0.000 ;       ;             ;            ;        ;        ;
; Clock Skew             ; 0.028 ;       ;             ;            ;        ;        ;
; Data Delay             ; 0.305 ;       ;             ;            ;        ;        ;
; Number of Logic Levels ;       ; 0     ;             ;            ;        ;        ;
; Physical Delays        ;       ;       ;             ;            ;        ;        ;
;  Arrival Path          ;       ;       ;             ;            ;        ;        ;
;   Clock                ;       ;       ;             ;            ;        ;        ;
;    IC                  ;       ; 3     ; 0.000       ; 0          ; 0.000  ; 0.000  ;
;    Cell                ;       ; 15    ; 2.430       ; 44         ; 0.000  ; 0.800  ;
;    PLL Compensation    ;       ; 2     ; -3.086      ; 0          ; -2.378 ; -0.708 ;
;    Routing Element     ;       ; 58    ; 3.075       ; 56         ; 0.000  ; 0.186  ;
;   Data                 ;       ;       ;             ;            ;        ;        ;
;    IC                  ;       ; 2     ; 0.000       ; 0          ; 0.000  ; 0.000  ;
;    Cell                ;       ; 3     ; 0.030       ; 10         ; 0.000  ; 0.015  ;
;    uTco                ;       ; 1     ; 0.150       ; 49         ; 0.150  ; 0.150  ;
;    Routing Element     ;       ; 11    ; 0.125       ; 41         ; 0.000  ; 0.033  ;
;  Required Path         ;       ;       ;             ;            ;        ;        ;
;   Clock                ;       ;       ;             ;            ;        ;        ;
;    IC                  ;       ; 3     ; 0.000       ; 0          ; 0.000  ; 0.000  ;
;    Cell                ;       ; 15    ; 2.769       ; 45         ; 0.000  ; 0.903  ;
;    PLL Compensation    ;       ; 2     ; -2.819      ; 0          ; -2.205 ; -0.614 ;
;    Routing Element     ;       ; 55    ; 3.371       ; 55         ; 0.000  ; 0.212  ;
+------------------------+-------+-------+-------------+------------+--------+--------+
Note: Negative delays are omitted from totals when calculating percentages

+------------------------------------------------------------------------------------------------------------------------------------------------------------------------------------------------------------------------------------------------------------------------------------------------------------------------------------+
; Data Arrival Path                                                                                                                                                                                                                                                                                                                  ;
+----------+----------+----+------+--------+---------------------------------------------+----------------------------+--------------------------------------------------------------------------------------------------------------------------------------------------------------------------------------------------------------+
; Total    ; Incr     ; RF ; Type ; Fanout ; Location                                    ; Element Type               ; Element                                                                                                                                                                                                      ;
+----------+----------+----+------+--------+---------------------------------------------+----------------------------+--------------------------------------------------------------------------------------------------------------------------------------------------------------------------------------------------------------+
; 0.000    ; 0.000    ;    ;      ;        ;                                             ;                            ; launch edge time                                                                                                                                                                                             ;
; 2.419    ; 2.419    ;    ;      ;        ;                                             ;                            ; clock path                                                                                                                                                                                                   ;
;   0.000  ;   0.000  ;    ;      ;        ;                                             ;                            ; source latency                                                                                                                                                                                               ;
;   0.000  ;   0.000  ;    ;      ; 1      ; PIN_HF23                                    ; I/O pad                    ; ddr4_mem_ref_clk[0].clk                                                                                                                                                                                      ;
;   0.000  ;   0.000  ;    ; IC   ; 1      ; IOIBUF_X280_Y0_N376                         ; I/O input buffer           ; ddr4_mem_ref_clk[0].clk~input|i                                                                                                                                                                              ;
;   0.129  ;   0.129  ; RR ; CELL ; 2      ; IOIBUF_X280_Y0_N376                         ; I/O input buffer           ; ddr4_mem_ref_clk[0].clk~input|o                                                                                                                                                                              ;
;   0.929  ;   0.800  ; RR ; CELL ; 1      ; REFCLKINPUT_X281_Y0_N301                    ; I/O reference clock tree   ; local_mem_wrapper|mem_ss_top|mem_ss_sv|mem_ss|mem_ss|emif_0|emif_0|arch|arch_inst|pll_inst|pll_inst~refclk|ref_clk_in                                                                                        ;
;   1.052  ;   0.123  ; RR ; CELL ; 3      ; REFCLKINPUT_X281_Y0_N301                    ; I/O reference clock tree   ; local_mem_wrapper|mem_ss_top|mem_ss_sv|mem_ss|mem_ss|emif_0|emif_0|arch|arch_inst|pll_inst|pll_inst~refclk|ref0_to_btm                                                                                       ;
;   1.441  ;   0.389  ; RR ; CELL ; 1      ; REFCLKINPUT_X281_Y0_N301                    ; I/O reference clock tree   ; local_mem_wrapper|mem_ss_top|mem_ss_sv|mem_ss|mem_ss|emif_0|emif_0|arch|arch_inst|pll_inst|pll_inst~refclk|clk_out                                                                                           ;
;   1.441  ;   0.000  ; RR ; CELL ; 1      ; IOPLL_X281_Y0_N303                          ; IOPLL                      ; local_mem_wrapper|mem_ss_top|mem_ss_sv|mem_ss|mem_ss|emif_0|emif_0|arch|arch_inst|pll_inst|pll_inst|pll_cascade_in                                                                                           ;
;   1.591  ;   0.150  ; RR ; CELL ; 2      ; IOPLL_X281_Y0_N303                          ; IOPLL                      ; local_mem_wrapper|mem_ss_top|mem_ss_sv|mem_ss|mem_ss|emif_0|emif_0|arch|arch_inst|pll_inst|pll_inst~fmio96fs_wr/x0/fmio96_core_inst/fmio48tile_top/x5/u4_3/x0/xiopll_custom/xclkin_sw/xpm_pll_so/clk[0]      ;
;   1.714  ;   0.123  ; RR ; CELL ; 2      ; IOPLL_X281_Y0_N303                          ; IOPLL                      ; local_mem_wrapper|mem_ss_top|mem_ss_sv|mem_ss|mem_ss|emif_0|emif_0|arch|arch_inst|pll_inst|pll_inst~fmio96fs_wr/x0/fmio96_core_inst/fmio48tile_top/x5/u4_3/x0/xiopll_custom/xiopll_core/xncnt_iopll/clk      ;
;   1.831  ;   0.117  ; RR ; CELL ; 3      ; IOPLL_X281_Y0_N303                          ; IOPLL                      ; local_mem_wrapper|mem_ss_top|mem_ss_sv|mem_ss|mem_ss|emif_0|emif_0|arch|arch_inst|pll_inst|pll_inst~pllnout                                                                                                  ;
;   1.931  ;   0.100  ; RF ; CELL ; 1      ; IOPLL_X281_Y0_N303                          ; IOPLL                      ; local_mem_wrapper|mem_ss_top|mem_ss_sv|mem_ss|mem_ss|emif_0|emif_0|arch|arch_inst|pll_inst|pll_inst~vco_refclk                                                                                               ;
;   1.942  ;   0.011  ; FR ; CELL ; 1      ; IOPLL_X281_Y0_N303                          ; IOPLL                      ; local_mem_wrapper|mem_ss_top|mem_ss_sv|mem_ss|mem_ss|emif_0|emif_0|arch|arch_inst|pll_inst|pll_inst~vctrl                                                                                                    ;
;   1.234  ;   -0.708 ; RR ; COMP ; 1      ; IOPLL_X281_Y0_N303                          ; IOPLL                      ; local_mem_wrapper|mem_ss_top|mem_ss_sv|mem_ss|mem_ss|emif_0|emif_0|arch|arch_inst|pll_inst|pll_inst~vcoph[0]                                                                                                 ;
;   1.234  ;   0.000  ; RR ; CELL ; 10     ; IOPLL_X281_Y0_N303                          ; IOPLL                      ; local_mem_wrapper|mem_ss_top|mem_ss_sv|mem_ss|mem_ss|emif_0|emif_0|arch|arch_inst|pll_inst|pll_inst|vcoph[0]                                                                                                 ;
;   1.234  ;   0.000  ; RR ; CELL ; 3      ; TILECTRL_X281_Y0_N298                       ; I/O tile control logic     ; local_mem_wrapper|mem_ss_top|mem_ss_sv|mem_ss|mem_ss|emif_0|emif_0|arch|arch_inst|io_tiles_wrap_inst|io_tiles_inst|tile_gen[1].tile_ctrl_inst|pll_vco_in[0]                                                  ;
;   -1.144 ;   -2.378 ; RR ; COMP ; 1      ; TILECTRL_X281_Y0_N298                       ; I/O tile control logic     ; local_mem_wrapper|mem_ss_top|mem_ss_sv|mem_ss|mem_ss|emif_0|emif_0|arch|arch_inst|io_tiles_wrap_inst|io_tiles_inst|tile_gen[1].tile_ctrl_inst|pa_core_clk_out[0]                                             ;
;   -0.656 ;   0.488  ; RR ; CELL ; 16258  ; TILECTRL_X281_Y0_N298                       ; I/O tile control logic     ; local_mem_wrapper|mem_ss_top|mem_ss_sv|mem_ss|mem_ss|emif_0|emif_0|arch|arch_inst|io_tiles_wrap_inst|io_tiles_inst|tile_gen[1].tile_ctrl_inst~fmio96fs_wr/m32_0_29__iophasealignment_to_dcm__core_clk_out[1] ;
;   -0.656 ;   0.000  ;    ; IC   ; 1      ; Boundary Port                               ; N/A                        ; afu_top|pg_afu.port_gasket|pr_slot|afu_main|ext_mem_if[0].clk|input                                                                                                                                          ;
;   -0.656 ;   0.000  ; RR ; CELL ; 105325 ; Boundary Port                               ; N/A                        ; afu_top|pg_afu.port_gasket|pr_slot|afu_main|ext_mem_if[0].clk                                                                                                                                                ;
;   -0.656 ;   0.000  ; RR ; RE   ; 1      ; TILECTRL_X281_Y0_N298                       ; I/O tile control logic     ; TILE_CTRL                                                                                                                                                                                                    ;
;   -0.607 ;   0.049  ; RR ; RE   ; 1      ; IO96FSWRRE_X280_Y0_N0_I3537                 ; IO96FS_WR_RE               ; IO96FS_WR_RE                                                                                                                                                                                                 ;
;   -0.524 ;   0.083  ; RR ; RE   ; 1      ; DCM_mux_X307_Y2_N0_I29                      ; DCM_mux                    ; CC_DCM_GMUX_RE                                                                                                                                                                                               ;
;   -0.475 ;   0.049  ; RR ; RE   ; 1      ; IO_P2C_RE_X280_Y2_N150_I75                  ; IO_P2C_RE                  ; IO_P2C_RE                                                                                                                                                                                                    ;
;   -0.450 ;   0.025  ; RR ; RE   ; 1      ; IO_P2C_RE_X280_Y2_N150_I26                  ; IO_P2C_RE                  ; IO_P2C_RE                                                                                                                                                                                                    ;
;   -0.417 ;   0.033  ; RR ; RE   ; 1      ; Switchbox_clock_mux_X280_Y2_N0_I197         ; Switchbox_clock_mux        ; CLOCK_SEGMENT_MUX                                                                                                                                                                                            ;
;   -0.330 ;   0.087  ; RR ; RE   ; 1      ; Switchbox_clock_mux_X280_Y2_N0_I105         ; Switchbox_clock_mux        ; CLOCK_SEGMENT_MUX                                                                                                                                                                                            ;
;   -0.305 ;   0.025  ; RF ; RE   ; 1      ; Vertical_seam_tap_mux_X280_Y23_N0_I165      ; Vertical_seam_tap_mux      ; CLOCK_SEGMENT_TAP_MUX                                                                                                                                                                                        ;
;   -0.248 ;   0.057  ; FR ; RE   ; 1      ; Vertical_seam_tap_mux_X280_Y23_N0_I53       ; Vertical_seam_tap_mux      ; CLOCK_SEGMENT_TAP_MUX                                                                                                                                                                                        ;
;   -0.217 ;   0.031  ; RR ; RE   ; 1      ; Switchbox_clock_mux_X280_Y43_N0_I197        ; Switchbox_clock_mux        ; CLOCK_SEGMENT_MUX                                                                                                                                                                                            ;
;   -0.131 ;   0.086  ; RR ; RE   ; 1      ; Switchbox_clock_mux_X280_Y43_N0_I105        ; Switchbox_clock_mux        ; CLOCK_SEGMENT_MUX                                                                                                                                                                                            ;
;   -0.106 ;   0.025  ; RF ; RE   ; 1      ; Vertical_seam_tap_mux_X280_Y64_N0_I165      ; Vertical_seam_tap_mux      ; CLOCK_SEGMENT_TAP_MUX                                                                                                                                                                                        ;
;   -0.048 ;   0.058  ; FR ; RE   ; 1      ; Vertical_seam_tap_mux_X280_Y64_N0_I53       ; Vertical_seam_tap_mux      ; CLOCK_SEGMENT_TAP_MUX                                                                                                                                                                                        ;
;   -0.018 ;   0.030  ; RR ; RE   ; 1      ; Switchbox_clock_mux_X280_Y84_N0_I197        ; Switchbox_clock_mux        ; CLOCK_SEGMENT_MUX                                                                                                                                                                                            ;
;   0.064  ;   0.082  ; RR ; RE   ; 1      ; Switchbox_clock_mux_X280_Y84_N0_I105        ; Switchbox_clock_mux        ; CLOCK_SEGMENT_MUX                                                                                                                                                                                            ;
;   0.088  ;   0.024  ; RF ; RE   ; 1      ; Vertical_seam_tap_mux_X280_Y105_N0_I165     ; Vertical_seam_tap_mux      ; CLOCK_SEGMENT_TAP_MUX                                                                                                                                                                                        ;
;   0.146  ;   0.058  ; FR ; RE   ; 1      ; Vertical_seam_tap_mux_X280_Y105_N0_I53      ; Vertical_seam_tap_mux      ; CLOCK_SEGMENT_TAP_MUX                                                                                                                                                                                        ;
;   0.176  ;   0.030  ; RR ; RE   ; 1      ; Switchbox_clock_mux_X280_Y125_N0_I197       ; Switchbox_clock_mux        ; CLOCK_SEGMENT_MUX                                                                                                                                                                                            ;
;   0.258  ;   0.082  ; RR ; RE   ; 1      ; Switchbox_clock_mux_X280_Y125_N0_I105       ; Switchbox_clock_mux        ; CLOCK_SEGMENT_MUX                                                                                                                                                                                            ;
;   0.283  ;   0.025  ; RF ; RE   ; 1      ; Vertical_seam_tap_mux_X280_Y146_N0_I165     ; Vertical_seam_tap_mux      ; CLOCK_SEGMENT_TAP_MUX                                                                                                                                                                                        ;
;   0.340  ;   0.057  ; FR ; RE   ; 1      ; Vertical_seam_tap_mux_X280_Y146_N0_I53      ; Vertical_seam_tap_mux      ; CLOCK_SEGMENT_TAP_MUX                                                                                                                                                                                        ;
;   0.371  ;   0.031  ; RR ; RE   ; 1      ; Switchbox_clock_mux_X280_Y166_N0_I197       ; Switchbox_clock_mux        ; CLOCK_SEGMENT_MUX                                                                                                                                                                                            ;
;   0.549  ;   0.178  ; RR ; RE   ; 1      ; Switchbox_clock_mux_X280_Y166_N0_I106       ; Switchbox_clock_mux        ; CLOCK_SEGMENT_MUX                                                                                                                                                                                            ;
;   0.580  ;   0.031  ; RR ; RE   ; 1      ; Switchbox_clock_mux_X226_Y166_N0_I229       ; Switchbox_clock_mux        ; CLOCK_SEGMENT_MUX                                                                                                                                                                                            ;
;   0.610  ;   0.030  ; RR ; RE   ; 2      ; Switchbox_clock_mux_X226_Y166_N0_I153       ; Switchbox_clock_mux        ; CLOCK_SEGMENT_MUX                                                                                                                                                                                            ;
;   0.689  ;   0.079  ; RR ; RE   ; 1      ; Switchbox_clock_mux_X226_Y166_N0_I103       ; Switchbox_clock_mux        ; CLOCK_SEGMENT_MUX                                                                                                                                                                                            ;
;   0.713  ;   0.024  ; RF ; RE   ; 1      ; Vertical_seam_tap_mux_X226_Y146_N0_I134     ; Vertical_seam_tap_mux      ; CLOCK_SEGMENT_TAP_MUX                                                                                                                                                                                        ;
;   0.772  ;   0.059  ; FR ; RE   ; 1      ; Vertical_seam_tap_mux_X226_Y146_N0_I50      ; Vertical_seam_tap_mux      ; CLOCK_SEGMENT_TAP_MUX                                                                                                                                                                                        ;
;   0.806  ;   0.034  ; RR ; RE   ; 1      ; Switchbox_clock_mux_X226_Y125_N0_I166       ; Switchbox_clock_mux        ; CLOCK_SEGMENT_MUX                                                                                                                                                                                            ;
;   0.885  ;   0.079  ; RR ; RE   ; 1      ; Switchbox_clock_mux_X226_Y125_N0_I103       ; Switchbox_clock_mux        ; CLOCK_SEGMENT_MUX                                                                                                                                                                                            ;
;   0.909  ;   0.024  ; RF ; RE   ; 1      ; Vertical_seam_tap_mux_X226_Y105_N0_I134     ; Vertical_seam_tap_mux      ; CLOCK_SEGMENT_TAP_MUX                                                                                                                                                                                        ;
;   0.968  ;   0.059  ; FR ; RE   ; 1      ; Vertical_seam_tap_mux_X226_Y105_N0_I50      ; Vertical_seam_tap_mux      ; CLOCK_SEGMENT_TAP_MUX                                                                                                                                                                                        ;
;   1.001  ;   0.033  ; RR ; RE   ; 2      ; Switchbox_clock_mux_X226_Y84_N0_I166        ; Switchbox_clock_mux        ; CLOCK_SEGMENT_MUX                                                                                                                                                                                            ;
;   1.186  ;   0.185  ; RR ; RE   ; 1      ; Switchbox_clock_mux_X226_Y84_N0_I102        ; Switchbox_clock_mux        ; CLOCK_SEGMENT_MUX                                                                                                                                                                                            ;
;   1.218  ;   0.032  ; RR ; RE   ; 1      ; Switchbox_clock_mux_X280_Y84_N0_I230        ; Switchbox_clock_mux        ; CLOCK_SEGMENT_MUX                                                                                                                                                                                            ;
;   1.395  ;   0.177  ; RR ; RE   ; 1      ; Switchbox_clock_mux_X280_Y84_N0_I100        ; Switchbox_clock_mux        ; CLOCK_SEGMENT_MUX                                                                                                                                                                                            ;
;   1.427  ;   0.032  ; RR ; RE   ; 2      ; Switchbox_clock_mux_X334_Y84_N0_I230        ; Switchbox_clock_mux        ; CLOCK_SEGMENT_MUX                                                                                                                                                                                            ;
;   1.506  ;   0.079  ; RR ; RE   ; 1      ; Switchbox_clock_mux_X334_Y84_N0_I103        ; Switchbox_clock_mux        ; CLOCK_SEGMENT_MUX                                                                                                                                                                                            ;
;   1.530  ;   0.024  ; RF ; RE   ; 1      ; Vertical_seam_tap_mux_X334_Y64_N0_I134      ; Vertical_seam_tap_mux      ; CLOCK_SEGMENT_TAP_MUX                                                                                                                                                                                        ;
;   1.587  ;   0.057  ; FR ; RE   ; 1      ; Vertical_seam_tap_mux_X334_Y64_N0_I50       ; Vertical_seam_tap_mux      ; CLOCK_SEGMENT_TAP_MUX                                                                                                                                                                                        ;
;   1.620  ;   0.033  ; RR ; RE   ; 2      ; Switchbox_clock_mux_X334_Y43_N0_I166        ; Switchbox_clock_mux        ; CLOCK_SEGMENT_MUX                                                                                                                                                                                            ;
;   1.804  ;   0.184  ; RR ; RE   ; 1      ; Switchbox_clock_mux_X334_Y43_N0_I102        ; Switchbox_clock_mux        ; CLOCK_SEGMENT_MUX                                                                                                                                                                                            ;
;   1.837  ;   0.033  ; RR ; RE   ; 2      ; Switchbox_clock_mux_X280_Y43_N0_I262        ; Switchbox_clock_mux        ; CLOCK_SEGMENT_MUX                                                                                                                                                                                            ;
;   1.924  ;   0.087  ; RR ; RE   ; 1      ; Switchbox_clock_mux_X280_Y43_N0_I101        ; Switchbox_clock_mux        ; CLOCK_SEGMENT_MUX                                                                                                                                                                                            ;
;   1.956  ;   0.032  ; RR ; RE   ; 2      ; Vertical_seam_tap_mux_X280_Y64_N0_I166      ; Vertical_seam_tap_mux      ; CLOCK_SEGMENT_TAP_MUX                                                                                                                                                                                        ;
;   2.039  ;   0.083  ; RR ; RE   ; 1      ; Vertical_seam_tap_mux_X280_Y64_N0_I115      ; Vertical_seam_tap_mux      ; CLOCK_SEGMENT_TAP_MUX                                                                                                                                                                                        ;
;   2.124  ;   0.085  ; RR ; RE   ; 1      ; SPINE_TAP_RE_X253_Y64_N103_I89              ; SPINE_TAP_RE               ; SPINE_TAP_RE                                                                                                                                                                                                 ;
;   2.145  ;   0.021  ; RR ; RE   ; 41     ; SPINE_TAP_RE_X253_Y64_N103_I25              ; SPINE_TAP_RE               ; SPINE_TAP_RE                                                                                                                                                                                                 ;
;   2.331  ;   0.186  ; RR ; RE   ; 2      ; SCLKMUX_RE_X253_Y70_N188_I25                ; SCLKMUX_RE                 ; SCLKMUX_RE                                                                                                                                                                                                   ;
;   2.355  ;   0.024  ; RR ; RE   ; 16     ; SCLKMUX_RE_X253_Y70_N188_I40                ; SCLKMUX_RE                 ; SCLKMUX_RE                                                                                                                                                                                                   ;
;   2.381  ;   0.026  ; RR ; RE   ; 1      ; ROWCLK_TAPOFF_X260_Y70_N0_I3                ; Row Clock Tap-Off          ; ROWCLK_TAPOFF                                                                                                                                                                                                ;
;   2.404  ;   0.023  ; RR ; RE   ; 1      ; GLOBAL_LOCAL_SEL_X260_Y70_N0_I3             ; GLOBAL_LOCAL_SEL           ; GLOBAL_LOCAL_SEL                                                                                                                                                                                             ;
;   2.419  ;   0.015  ; RR ; RE   ; 1      ; RPII_X260_Y70_N0_I3                         ; Programmable Invert Input  ; RPII                                                                                                                                                                                                         ;
;   2.419  ;   0.000  ; RR ; RE   ; 1      ; RPI_X260_Y70_N0_I3                          ; Programmable Invert        ; RPI                                                                                                                                                                                                          ;
;   2.419  ;   0.000  ; RR ; RE   ; 1      ; LAB_RE_X260_Y70_N0_I84                      ; LAB_RE                     ; clkb                                                                                                                                                                                                         ;
;   2.419  ;   0.000  ; RR ; RE   ; 1      ; LAB_RE_X260_Y70_N0_I152                     ; LAB_RE                     ; LAB_RE                                                                                                                                                                                                       ;
;   2.419  ;   0.000  ; RR ; RE   ; 12     ; LEIMCLKALE_X260_Y70_N0_I0                   ; LEIMCLKALE                 ; LEIMCLKALE                                                                                                                                                                                                   ;
;   2.419  ;   0.000  ; RR ; RE   ; 1      ; HYPERFLEX_CLK_M_MUX_X260_Y70_N0_I21         ; Hyperflex clocking network ; HIPI_M_MUX                                                                                                                                                                                                   ;
;   2.419  ;   0.000  ;    ; IC   ; 1      ; BLOCK_INPUT_MUX_PASSTHROUGH_X260_Y70_N0_I19 ; Hyper-Register             ; afu_top|pg_afu.port_gasket|pr_slot|afu_main|port_afu_instances|ofs_plat_afu|core|dma|csr_mgr_inst|Select_0~10xsyn_20_BLOCK_INPUT_MUX_PASSTHROUGH_X260_Y70_N0_I19_dff|clk                                     ;
;   2.419  ;   0.000  ; RR ; CELL ; 1      ; BLOCK_INPUT_MUX_PASSTHROUGH_X260_Y70_N0_I19 ; Hyper-Register             ; afu_top|pg_afu.port_gasket|pr_slot|afu_main|port_afu_instances|ofs_plat_afu|core|dma|csr_mgr_inst|Select_0~10xsyn_20_BLOCK_INPUT_MUX_PASSTHROUGH_X260_Y70_N0_I19_dff                                         ;
; 2.724    ; 0.305    ;    ;      ;        ;                                             ;                            ; data path                                                                                                                                                                                                    ;
;   2.569  ;   0.150  ; FF ; uTco ; 1      ; BLOCK_INPUT_MUX_PASSTHROUGH_X260_Y70_N0_I19 ; Hyper-Register             ; afu_top|pg_afu.port_gasket|pr_slot|afu_main|port_afu_instances|ofs_plat_afu|core|dma|csr_mgr_inst|Select_0~10xsyn_20_BLOCK_INPUT_MUX_PASSTHROUGH_X260_Y70_N0_I19_dff|q                                       ;
;   2.569  ;   0.000  ; FF ; RE   ; 1      ; BLOCK_INPUT_MUX_PASSTHROUGH_X260_Y70_N0_I19 ; Hyper-Register             ; LEIM                                                                                                                                                                                                         ;
;   2.570  ;   0.001  ; FF ; RE   ; 1      ; BLOCK_INPUT_MUX_PASSTHROUGH_X260_Y70_N0_I19 ; Block Input Mux            ; LEIM                                                                                                                                                                                                         ;
;   2.570  ;   0.000  ; FF ; RE   ; 1      ; LAB_RE_X260_Y70_N0_I23                      ; LAB_RE                     ; leimf[2]                                                                                                                                                                                                     ;
;   2.570  ;   0.000  ;    ; IC   ; 1      ; MLABCELL_X260_Y70_N15                       ; Combinational cell         ; afu_top|pg_afu.port_gasket|pr_slot|afu_main|port_afu_instances|ofs_plat_afu|core|dma|csr_mgr_inst|i2852~0|dataf                                                                                              ;
;   2.585  ;   0.015  ; FF ; CELL ; 4      ; MLABCELL_X260_Y70_N15                       ; Combinational cell         ; afu_top|pg_afu.port_gasket|pr_slot|afu_main|port_afu_instances|ofs_plat_afu|core|dma|csr_mgr_inst|i2852~0|combout                                                                                            ;
;   2.600  ;   0.015  ; FR ; CELL ; 12     ; MLABCELL_X260_Y70_N15                       ; Combinational cell         ; afu_top|pg_afu.port_gasket|pr_slot|afu_main|port_afu_instances|ofs_plat_afu|core|dma|csr_mgr_inst|i2852~0~cw_ml_mlab/lab_lut6outt[2]                                                                         ;
;   2.600  ;   0.000  ; RR ; RE   ; 1      ; MLABCELL_X260_Y70_N15                       ; Combinational cell         ; MP_MLAB_COMB                                                                                                                                                                                                 ;
;   2.602  ;   0.002  ; RR ; RE   ; 1      ; LAB_RE_X260_Y70_N0_I136                     ; LAB_RE                     ; LAB_RE                                                                                                                                                                                                       ;
;   2.626  ;   0.024  ; RR ; RE   ; 1      ; R1_X260_Y70_N0_I9                           ; R1 interconnect            ; H1                                                                                                                                                                                                           ;
;   2.659  ;   0.033  ; RR ; RE   ; 1      ; C1_X259_Y69_N0_I9                           ; C1 interconnect            ; V1                                                                                                                                                                                                           ;
;   2.684  ;   0.025  ; RR ; RE   ; 1      ; R0_X259_Y69_N0_I13                          ; R0 interconnect            ; H0                                                                                                                                                                                                           ;
;   2.701  ;   0.017  ; RF ; RE   ; 1      ; LOCAL_INTERCONNECT_X259_Y69_N0_I77          ; Block interconnect         ; LAB_LINE                                                                                                                                                                                                     ;
;   2.724  ;   0.023  ; FR ; RE   ; 1      ; BLOCK_INPUT_MUX_PASSTHROUGH_X259_Y69_N0_I81 ; Block Input Mux            ; LEIM                                                                                                                                                                                                         ;
;   2.724  ;   0.000  ; RR ; RE   ; 12     ; LAB_RE_X259_Y69_N0_I81                      ; LAB_RE                     ; lsim[1]                                                                                                                                                                                                      ;
;   2.724  ;   0.000  ;    ; IC   ; 2      ; FF_X259_Y69_N26                             ; Bypassed ALM Register      ; afu_top|pg_afu.port_gasket|pr_slot|afu_main|port_afu_instances|ofs_plat_afu|core|dma|csr_mgr_inst|dma_csr_map.descriptor.length[0]~DUPLICATE.comb|ena                                                        ;
;   2.724  ;   0.000  ; RR ; CELL ; 0      ; FF_X259_Y69_N26                             ; Bypassed ALM Register      ; afu_top|pg_afu.port_gasket|pr_slot|afu_main|port_afu_instances|ofs_plat_afu|core|dma|csr_mgr_inst|dma_csr_map.descriptor.length[0]~DUPLICATE.comb                                                            ;
+----------+----------+----+------+--------+---------------------------------------------+----------------------------+--------------------------------------------------------------------------------------------------------------------------------------------------------------------------------------------------------------+

+-------------------------------------------------------------------------------------------------------------------------------------------------------------------------------------------------------------------------------------------------------------------------------------------------------------------------------+
; Data Required Path                                                                                                                                                                                                                                                                                                            ;
+----------+----------+----+------+--------+-----------------------------------------+---------------------------+--------------------------------------------------------------------------------------------------------------------------------------------------------------------------------------------------------------+
; Total    ; Incr     ; RF ; Type ; Fanout ; Location                                ; Element Type              ; Element                                                                                                                                                                                                      ;
+----------+----------+----+------+--------+-----------------------------------------+---------------------------+--------------------------------------------------------------------------------------------------------------------------------------------------------------------------------------------------------------+
; 0.000    ; 0.000    ;    ;      ;        ;                                         ;                           ; latch edge time                                                                                                                                                                                              ;
; 2.447    ; 2.447    ;    ;      ;        ;                                         ;                           ; clock path                                                                                                                                                                                                   ;
;   0.000  ;   0.000  ;    ;      ;        ;                                         ;                           ; source latency                                                                                                                                                                                               ;
;   0.000  ;   0.000  ;    ;      ; 1      ; PIN_HF23                                ; I/O pad                   ; ddr4_mem_ref_clk[0].clk                                                                                                                                                                                      ;
;   0.000  ;   0.000  ;    ; IC   ; 1      ; IOIBUF_X280_Y0_N376                     ; I/O input buffer          ; ddr4_mem_ref_clk[0].clk~input|i                                                                                                                                                                              ;
;   0.129  ;   0.129  ; RR ; CELL ; 2      ; IOIBUF_X280_Y0_N376                     ; I/O input buffer          ; ddr4_mem_ref_clk[0].clk~input|o                                                                                                                                                                              ;
;   1.032  ;   0.903  ; RR ; CELL ; 1      ; REFCLKINPUT_X281_Y0_N301                ; I/O reference clock tree  ; local_mem_wrapper|mem_ss_top|mem_ss_sv|mem_ss|mem_ss|emif_0|emif_0|arch|arch_inst|pll_inst|pll_inst~refclk|ref_clk_in                                                                                        ;
;   1.178  ;   0.146  ; RR ; CELL ; 3      ; REFCLKINPUT_X281_Y0_N301                ; I/O reference clock tree  ; local_mem_wrapper|mem_ss_top|mem_ss_sv|mem_ss|mem_ss|emif_0|emif_0|arch|arch_inst|pll_inst|pll_inst~refclk|ref0_to_btm                                                                                       ;
;   1.620  ;   0.442  ; RR ; CELL ; 1      ; REFCLKINPUT_X281_Y0_N301                ; I/O reference clock tree  ; local_mem_wrapper|mem_ss_top|mem_ss_sv|mem_ss|mem_ss|emif_0|emif_0|arch|arch_inst|pll_inst|pll_inst~refclk|clk_out                                                                                           ;
;   1.620  ;   0.000  ; RR ; CELL ; 1      ; IOPLL_X281_Y0_N303                      ; IOPLL                     ; local_mem_wrapper|mem_ss_top|mem_ss_sv|mem_ss|mem_ss|emif_0|emif_0|arch|arch_inst|pll_inst|pll_inst|pll_cascade_in                                                                                           ;
;   1.792  ;   0.172  ; RR ; CELL ; 2      ; IOPLL_X281_Y0_N303                      ; IOPLL                     ; local_mem_wrapper|mem_ss_top|mem_ss_sv|mem_ss|mem_ss|emif_0|emif_0|arch|arch_inst|pll_inst|pll_inst~fmio96fs_wr/x0/fmio96_core_inst/fmio48tile_top/x5/u4_3/x0/xiopll_custom/xclkin_sw/xpm_pll_so/clk[0]      ;
;   1.934  ;   0.142  ; RR ; CELL ; 2      ; IOPLL_X281_Y0_N303                      ; IOPLL                     ; local_mem_wrapper|mem_ss_top|mem_ss_sv|mem_ss|mem_ss|emif_0|emif_0|arch|arch_inst|pll_inst|pll_inst~fmio96fs_wr/x0/fmio96_core_inst/fmio48tile_top/x5/u4_3/x0/xiopll_custom/xiopll_core/xncnt_iopll/clk      ;
;   2.068  ;   0.134  ; RR ; CELL ; 3      ; IOPLL_X281_Y0_N303                      ; IOPLL                     ; local_mem_wrapper|mem_ss_top|mem_ss_sv|mem_ss|mem_ss|emif_0|emif_0|arch|arch_inst|pll_inst|pll_inst~pllnout                                                                                                  ;
;   2.184  ;   0.116  ; RF ; CELL ; 1      ; IOPLL_X281_Y0_N303                      ; IOPLL                     ; local_mem_wrapper|mem_ss_top|mem_ss_sv|mem_ss|mem_ss|emif_0|emif_0|arch|arch_inst|pll_inst|pll_inst~vco_refclk                                                                                               ;
;   2.202  ;   0.018  ; FR ; CELL ; 1      ; IOPLL_X281_Y0_N303                      ; IOPLL                     ; local_mem_wrapper|mem_ss_top|mem_ss_sv|mem_ss|mem_ss|emif_0|emif_0|arch|arch_inst|pll_inst|pll_inst~vctrl                                                                                                    ;
;   1.588  ;   -0.614 ; RR ; COMP ; 1      ; IOPLL_X281_Y0_N303                      ; IOPLL                     ; local_mem_wrapper|mem_ss_top|mem_ss_sv|mem_ss|mem_ss|emif_0|emif_0|arch|arch_inst|pll_inst|pll_inst~vcoph[0]                                                                                                 ;
;   1.588  ;   0.000  ; RR ; CELL ; 10     ; IOPLL_X281_Y0_N303                      ; IOPLL                     ; local_mem_wrapper|mem_ss_top|mem_ss_sv|mem_ss|mem_ss|emif_0|emif_0|arch|arch_inst|pll_inst|pll_inst|vcoph[0]                                                                                                 ;
;   1.588  ;   0.000  ; RR ; CELL ; 3      ; TILECTRL_X281_Y0_N298                   ; I/O tile control logic    ; local_mem_wrapper|mem_ss_top|mem_ss_sv|mem_ss|mem_ss|emif_0|emif_0|arch|arch_inst|io_tiles_wrap_inst|io_tiles_inst|tile_gen[1].tile_ctrl_inst|pll_vco_in[0]                                                  ;
;   -0.617 ;   -2.205 ; RR ; COMP ; 1      ; TILECTRL_X281_Y0_N298                   ; I/O tile control logic    ; local_mem_wrapper|mem_ss_top|mem_ss_sv|mem_ss|mem_ss|emif_0|emif_0|arch|arch_inst|io_tiles_wrap_inst|io_tiles_inst|tile_gen[1].tile_ctrl_inst|pa_core_clk_out[0]                                             ;
;   -0.050 ;   0.567  ; RR ; CELL ; 16258  ; TILECTRL_X281_Y0_N298                   ; I/O tile control logic    ; local_mem_wrapper|mem_ss_top|mem_ss_sv|mem_ss|mem_ss|emif_0|emif_0|arch|arch_inst|io_tiles_wrap_inst|io_tiles_inst|tile_gen[1].tile_ctrl_inst~fmio96fs_wr/m32_0_29__iophasealignment_to_dcm__core_clk_out[1] ;
;   -0.050 ;   0.000  ;    ; IC   ; 1      ; Boundary Port                           ; N/A                       ; afu_top|pg_afu.port_gasket|pr_slot|afu_main|ext_mem_if[0].clk|input                                                                                                                                          ;
;   -0.050 ;   0.000  ; RR ; CELL ; 105325 ; Boundary Port                           ; N/A                       ; afu_top|pg_afu.port_gasket|pr_slot|afu_main|ext_mem_if[0].clk                                                                                                                                                ;
;   -0.050 ;   0.000  ; RR ; RE   ; 1      ; TILECTRL_X281_Y0_N298                   ; I/O tile control logic    ; TILE_CTRL                                                                                                                                                                                                    ;
;   0.005  ;   0.055  ; RR ; RE   ; 1      ; IO96FSWRRE_X280_Y0_N0_I3537             ; IO96FS_WR_RE              ; IO96FS_WR_RE                                                                                                                                                                                                 ;
;   0.094  ;   0.089  ; RR ; RE   ; 1      ; DCM_mux_X307_Y2_N0_I29                  ; DCM_mux                   ; CC_DCM_GMUX_RE                                                                                                                                                                                               ;
;   0.150  ;   0.056  ; RR ; RE   ; 1      ; IO_P2C_RE_X280_Y2_N150_I75              ; IO_P2C_RE                 ; IO_P2C_RE                                                                                                                                                                                                    ;
;   0.177  ;   0.027  ; RR ; RE   ; 1      ; IO_P2C_RE_X280_Y2_N150_I26              ; IO_P2C_RE                 ; IO_P2C_RE                                                                                                                                                                                                    ;
;   0.214  ;   0.037  ; RR ; RE   ; 1      ; Switchbox_clock_mux_X280_Y2_N0_I197     ; Switchbox_clock_mux       ; CLOCK_SEGMENT_MUX                                                                                                                                                                                            ;
;   0.308  ;   0.094  ; RR ; RE   ; 1      ; Switchbox_clock_mux_X280_Y2_N0_I105     ; Switchbox_clock_mux       ; CLOCK_SEGMENT_MUX                                                                                                                                                                                            ;
;   0.336  ;   0.028  ; RF ; RE   ; 1      ; Vertical_seam_tap_mux_X280_Y23_N0_I165  ; Vertical_seam_tap_mux     ; CLOCK_SEGMENT_TAP_MUX                                                                                                                                                                                        ;
;   0.398  ;   0.062  ; FR ; RE   ; 1      ; Vertical_seam_tap_mux_X280_Y23_N0_I53   ; Vertical_seam_tap_mux     ; CLOCK_SEGMENT_TAP_MUX                                                                                                                                                                                        ;
;   0.432  ;   0.034  ; RR ; RE   ; 1      ; Switchbox_clock_mux_X280_Y43_N0_I197    ; Switchbox_clock_mux       ; CLOCK_SEGMENT_MUX                                                                                                                                                                                            ;
;   0.526  ;   0.094  ; RR ; RE   ; 1      ; Switchbox_clock_mux_X280_Y43_N0_I105    ; Switchbox_clock_mux       ; CLOCK_SEGMENT_MUX                                                                                                                                                                                            ;
;   0.554  ;   0.028  ; RF ; RE   ; 1      ; Vertical_seam_tap_mux_X280_Y64_N0_I165  ; Vertical_seam_tap_mux     ; CLOCK_SEGMENT_TAP_MUX                                                                                                                                                                                        ;
;   0.615  ;   0.061  ; FR ; RE   ; 1      ; Vertical_seam_tap_mux_X280_Y64_N0_I53   ; Vertical_seam_tap_mux     ; CLOCK_SEGMENT_TAP_MUX                                                                                                                                                                                        ;
;   0.650  ;   0.035  ; RR ; RE   ; 1      ; Switchbox_clock_mux_X280_Y84_N0_I197    ; Switchbox_clock_mux       ; CLOCK_SEGMENT_MUX                                                                                                                                                                                            ;
;   0.738  ;   0.088  ; RR ; RE   ; 1      ; Switchbox_clock_mux_X280_Y84_N0_I105    ; Switchbox_clock_mux       ; CLOCK_SEGMENT_MUX                                                                                                                                                                                            ;
;   0.766  ;   0.028  ; RF ; RE   ; 1      ; Vertical_seam_tap_mux_X280_Y105_N0_I165 ; Vertical_seam_tap_mux     ; CLOCK_SEGMENT_TAP_MUX                                                                                                                                                                                        ;
;   0.827  ;   0.061  ; FR ; RE   ; 1      ; Vertical_seam_tap_mux_X280_Y105_N0_I53  ; Vertical_seam_tap_mux     ; CLOCK_SEGMENT_TAP_MUX                                                                                                                                                                                        ;
;   0.862  ;   0.035  ; RR ; RE   ; 1      ; Switchbox_clock_mux_X280_Y125_N0_I197   ; Switchbox_clock_mux       ; CLOCK_SEGMENT_MUX                                                                                                                                                                                            ;
;   0.950  ;   0.088  ; RR ; RE   ; 1      ; Switchbox_clock_mux_X280_Y125_N0_I105   ; Switchbox_clock_mux       ; CLOCK_SEGMENT_MUX                                                                                                                                                                                            ;
;   0.978  ;   0.028  ; RF ; RE   ; 1      ; Vertical_seam_tap_mux_X280_Y146_N0_I165 ; Vertical_seam_tap_mux     ; CLOCK_SEGMENT_TAP_MUX                                                                                                                                                                                        ;
;   1.040  ;   0.062  ; FR ; RE   ; 1      ; Vertical_seam_tap_mux_X280_Y146_N0_I53  ; Vertical_seam_tap_mux     ; CLOCK_SEGMENT_TAP_MUX                                                                                                                                                                                        ;
;   1.074  ;   0.034  ; RR ; RE   ; 1      ; Switchbox_clock_mux_X280_Y166_N0_I197   ; Switchbox_clock_mux       ; CLOCK_SEGMENT_MUX                                                                                                                                                                                            ;
;   1.267  ;   0.193  ; RR ; RE   ; 1      ; Switchbox_clock_mux_X280_Y166_N0_I106   ; Switchbox_clock_mux       ; CLOCK_SEGMENT_MUX                                                                                                                                                                                            ;
;   1.302  ;   0.035  ; RR ; RE   ; 1      ; Switchbox_clock_mux_X226_Y166_N0_I229   ; Switchbox_clock_mux       ; CLOCK_SEGMENT_MUX                                                                                                                                                                                            ;
;   1.336  ;   0.034  ; RR ; RE   ; 2      ; Switchbox_clock_mux_X226_Y166_N0_I153   ; Switchbox_clock_mux       ; CLOCK_SEGMENT_MUX                                                                                                                                                                                            ;
;   1.421  ;   0.085  ; RR ; RE   ; 1      ; Switchbox_clock_mux_X226_Y166_N0_I103   ; Switchbox_clock_mux       ; CLOCK_SEGMENT_MUX                                                                                                                                                                                            ;
;   1.449  ;   0.028  ; RF ; RE   ; 1      ; Vertical_seam_tap_mux_X226_Y146_N0_I134 ; Vertical_seam_tap_mux     ; CLOCK_SEGMENT_TAP_MUX                                                                                                                                                                                        ;
;   1.512  ;   0.063  ; FR ; RE   ; 1      ; Vertical_seam_tap_mux_X226_Y146_N0_I50  ; Vertical_seam_tap_mux     ; CLOCK_SEGMENT_TAP_MUX                                                                                                                                                                                        ;
;   1.550  ;   0.038  ; RR ; RE   ; 1      ; Switchbox_clock_mux_X226_Y125_N0_I166   ; Switchbox_clock_mux       ; CLOCK_SEGMENT_MUX                                                                                                                                                                                            ;
;   1.636  ;   0.086  ; RR ; RE   ; 1      ; Switchbox_clock_mux_X226_Y125_N0_I103   ; Switchbox_clock_mux       ; CLOCK_SEGMENT_MUX                                                                                                                                                                                            ;
;   1.663  ;   0.027  ; RF ; RE   ; 1      ; Vertical_seam_tap_mux_X226_Y105_N0_I134 ; Vertical_seam_tap_mux     ; CLOCK_SEGMENT_TAP_MUX                                                                                                                                                                                        ;
;   1.726  ;   0.063  ; FR ; RE   ; 1      ; Vertical_seam_tap_mux_X226_Y105_N0_I50  ; Vertical_seam_tap_mux     ; CLOCK_SEGMENT_TAP_MUX                                                                                                                                                                                        ;
;   1.763  ;   0.037  ; RR ; RE   ; 2      ; Switchbox_clock_mux_X226_Y84_N0_I166    ; Switchbox_clock_mux       ; CLOCK_SEGMENT_MUX                                                                                                                                                                                            ;
;   1.964  ;   0.201  ; RR ; RE   ; 1      ; Switchbox_clock_mux_X226_Y84_N0_I102    ; Switchbox_clock_mux       ; CLOCK_SEGMENT_MUX                                                                                                                                                                                            ;
;   1.999  ;   0.035  ; RR ; RE   ; 1      ; Switchbox_clock_mux_X280_Y84_N0_I230    ; Switchbox_clock_mux       ; CLOCK_SEGMENT_MUX                                                                                                                                                                                            ;
;   2.191  ;   0.192  ; RR ; RE   ; 1      ; Switchbox_clock_mux_X280_Y84_N0_I100    ; Switchbox_clock_mux       ; CLOCK_SEGMENT_MUX                                                                                                                                                                                            ;
;   2.227  ;   0.036  ; RR ; RE   ; 2      ; Switchbox_clock_mux_X334_Y84_N0_I230    ; Switchbox_clock_mux       ; CLOCK_SEGMENT_MUX                                                                                                                                                                                            ;
;   2.313  ;   0.086  ; RR ; RE   ; 1      ; Switchbox_clock_mux_X334_Y84_N0_I103    ; Switchbox_clock_mux       ; CLOCK_SEGMENT_MUX                                                                                                                                                                                            ;
;   2.340  ;   0.027  ; RF ; RE   ; 1      ; Vertical_seam_tap_mux_X334_Y64_N0_I134  ; Vertical_seam_tap_mux     ; CLOCK_SEGMENT_TAP_MUX                                                                                                                                                                                        ;
;   2.401  ;   0.061  ; FR ; RE   ; 1      ; Vertical_seam_tap_mux_X334_Y64_N0_I50   ; Vertical_seam_tap_mux     ; CLOCK_SEGMENT_TAP_MUX                                                                                                                                                                                        ;
;   2.438  ;   0.037  ; RR ; RE   ; 2      ; Switchbox_clock_mux_X334_Y43_N0_I166    ; Switchbox_clock_mux       ; CLOCK_SEGMENT_MUX                                                                                                                                                                                            ;
;   2.638  ;   0.200  ; RR ; RE   ; 1      ; Switchbox_clock_mux_X334_Y43_N0_I102    ; Switchbox_clock_mux       ; CLOCK_SEGMENT_MUX                                                                                                                                                                                            ;
;   2.675  ;   0.037  ; RR ; RE   ; 2      ; Switchbox_clock_mux_X280_Y43_N0_I262    ; Switchbox_clock_mux       ; CLOCK_SEGMENT_MUX                                                                                                                                                                                            ;
;   2.769  ;   0.094  ; RR ; RE   ; 1      ; Switchbox_clock_mux_X280_Y43_N0_I101    ; Switchbox_clock_mux       ; CLOCK_SEGMENT_MUX                                                                                                                                                                                            ;
;   2.805  ;   0.036  ; RR ; RE   ; 2      ; Vertical_seam_tap_mux_X280_Y64_N0_I166  ; Vertical_seam_tap_mux     ; CLOCK_SEGMENT_TAP_MUX                                                                                                                                                                                        ;
;   2.894  ;   0.089  ; RR ; RE   ; 1      ; Vertical_seam_tap_mux_X280_Y64_N0_I115  ; Vertical_seam_tap_mux     ; CLOCK_SEGMENT_TAP_MUX                                                                                                                                                                                        ;
;   2.992  ;   0.098  ; RR ; RE   ; 1      ; SPINE_TAP_RE_X253_Y64_N103_I89          ; SPINE_TAP_RE              ; SPINE_TAP_RE                                                                                                                                                                                                 ;
;   3.010  ;   0.018  ; RR ; RE   ; 41     ; SPINE_TAP_RE_X253_Y64_N103_I25          ; SPINE_TAP_RE              ; SPINE_TAP_RE                                                                                                                                                                                                 ;
;   3.222  ;   0.212  ; RR ; RE   ; 2      ; SCLKMUX_RE_X253_Y69_N188_I25            ; SCLKMUX_RE                ; SCLKMUX_RE                                                                                                                                                                                                   ;
;   3.243  ;   0.021  ; RR ; RE   ; 17     ; SCLKMUX_RE_X253_Y69_N188_I40            ; SCLKMUX_RE                ; SCLKMUX_RE                                                                                                                                                                                                   ;
;   3.271  ;   0.028  ; RR ; RE   ; 1      ; ROWCLK_TAPOFF_X259_Y69_N0_I3            ; Row Clock Tap-Off         ; ROWCLK_TAPOFF                                                                                                                                                                                                ;
;   3.302  ;   0.031  ; RR ; RE   ; 1      ; GLOBAL_LOCAL_SEL_X259_Y69_N0_I2         ; GLOBAL_LOCAL_SEL          ; GLOBAL_LOCAL_SEL                                                                                                                                                                                             ;
;   3.321  ;   0.019  ; RR ; RE   ; 1      ; RPII_X259_Y69_N0_I2                     ; Programmable Invert Input ; RPII                                                                                                                                                                                                         ;
;   3.321  ;   0.000  ; RR ; RE   ; 1      ; RPI_X259_Y69_N0_I2                      ; Programmable Invert       ; RPI                                                                                                                                                                                                          ;
;   3.321  ;   0.000  ; RR ; RE   ; 21     ; LAB_RE_X259_Y69_N0_I83                  ; LAB_RE                    ; clka                                                                                                                                                                                                         ;
;   3.321  ;   0.000  ;    ; IC   ; 1      ; FF_X259_Y69_N26                         ; Bypassed ALM Register     ; afu_top|pg_afu.port_gasket|pr_slot|afu_main|port_afu_instances|ofs_plat_afu|core|dma|csr_mgr_inst|dma_csr_map.descriptor.length[0]~DUPLICATE.comb|clk                                                        ;
;   3.321  ;   0.000  ; RR ; CELL ; 0      ; FF_X259_Y69_N26                         ; Bypassed ALM Register     ; afu_top|pg_afu.port_gasket|pr_slot|afu_main|port_afu_instances|ofs_plat_afu|core|dma|csr_mgr_inst|dma_csr_map.descriptor.length[0]~DUPLICATE.comb                                                            ;
;   2.453  ;   -0.868 ;    ;      ;        ;                                         ;                           ; clock pessimism removed                                                                                                                                                                                      ;
;   2.447  ;   -0.006 ;    ;      ;        ;                                         ;                           ; advanced clock effects                                                                                                                                                                                       ;
; 2.447    ; 0.000    ;    ;      ;        ;                                         ;                           ; clock uncertainty                                                                                                                                                                                            ;
; 2.489    ; 0.042    ;    ; uTh  ; 0      ; FF_X259_Y69_N26                         ; Bypassed ALM Register     ; afu_top|pg_afu.port_gasket|pr_slot|afu_main|port_afu_instances|ofs_plat_afu|core|dma|csr_mgr_inst|dma_csr_map.descriptor.length[0]~DUPLICATE.comb                                                            ;
+----------+----------+----+------+--------+-----------------------------------------+---------------------------+--------------------------------------------------------------------------------------------------------------------------------------------------------------------------------------------------------------+


Path #2: Hold slack is 0.544 
===============================================================================
+------------------------------------------------------------------------------------------------------------------------------------------------------------------------------------------------------------------------------------+
; Path Summary                                                                                                                                                                                                                       ;
+---------------------------------+--------------------------------------------------------------------------------------------------------------------------------------------------------------------------------------------------+
; Property                        ; Value                                                                                                                                                                                            ;
+---------------------------------+--------------------------------------------------------------------------------------------------------------------------------------------------------------------------------------------------+
; From Node                       ; afu_top|pg_afu.port_gasket|pr_slot|afu_main|port_afu_instances|ofs_plat_afu|core|dma|csr_mgr_inst|Select_0~10xsyn_20_BLOCK_INPUT_MUX_PASSTHROUGH_X260_Y70_N0_I19_dff                             ;
; To Node                         ; afu_top|pg_afu.port_gasket|pr_slot|afu_main|port_afu_instances|ofs_plat_afu|core|dma|descriptor_fifo_inst|scfifo_component|auto_generated|dpfifo|FIFOram|altera_syncram_impl1|ram_block2a32~reg0 ;
; Launch Clock                    ; local_mem_wrapper|mem_ss_top|mem_ss_sv|mem_ss|mem_ss|emif_0|emif_0_core_usr_clk                                                                                                                  ;
; Latch Clock                     ; local_mem_wrapper|mem_ss_top|mem_ss_sv|mem_ss|mem_ss|emif_0|emif_0_core_usr_clk                                                                                                                  ;
; SDC Exception                   ; No SDC Exception on Path                                                                                                                                                                         ;
; Data Arrival Time               ; 3.057                                                                                                                                                                                            ;
; Data Required Time              ; 2.513                                                                                                                                                                                            ;
; Slack                           ; 0.544                                                                                                                                                                                            ;
; Worst-Case Operating Conditions ; Fast vid2 100C Model                                                                                                                                                                             ;
+---------------------------------+--------------------------------------------------------------------------------------------------------------------------------------------------------------------------------------------------+

+-------------------------------------------------------------------------------------+
; Statistics                                                                          ;
+------------------------+-------+-------+-------------+------------+--------+--------+
; Property               ; Value ; Count ; Total Delay ; % of Total ; Min    ; Max    ;
+------------------------+-------+-------+-------------+------------+--------+--------+
; Hold Relationship      ; 0.000 ;       ;             ;            ;        ;        ;
; Clock Skew             ; 0.011 ;       ;             ;            ;        ;        ;
; Data Delay             ; 0.638 ;       ;             ;            ;        ;        ;
; Number of Logic Levels ;       ; 1     ;             ;            ;        ;        ;
; Physical Delays        ;       ;       ;             ;            ;        ;        ;
;  Arrival Path          ;       ;       ;             ;            ;        ;        ;
;   Clock                ;       ;       ;             ;            ;        ;        ;
;    IC                  ;       ; 3     ; 0.000       ; 0          ; 0.000  ; 0.000  ;
;    Cell                ;       ; 15    ; 2.430       ; 44         ; 0.000  ; 0.800  ;
;    PLL Compensation    ;       ; 2     ; -3.086      ; 0          ; -2.378 ; -0.708 ;
;    Routing Element     ;       ; 58    ; 3.075       ; 56         ; 0.000  ; 0.186  ;
;   Data                 ;       ;       ;             ;            ;        ;        ;
;    IC                  ;       ; 3     ; 0.000       ; 0          ; 0.000  ; 0.000  ;
;    Cell                ;       ; 4     ; 0.123       ; 19         ; 0.000  ; 0.097  ;
;    uTco                ;       ; 1     ; 0.148       ; 23         ; 0.148  ; 0.148  ;
;    Routing Element     ;       ; 21    ; 0.367       ; 58         ; 0.000  ; 0.062  ;
;  Required Path         ;       ;       ;             ;            ;        ;        ;
;   Clock                ;       ;       ;             ;            ;        ;        ;
;    IC                  ;       ; 3     ; 0.000       ; 0          ; 0.000  ; 0.000  ;
;    Cell                ;       ; 15    ; 2.769       ; 45         ; 0.000  ; 0.903  ;
;    PLL Compensation    ;       ; 2     ; -2.819      ; 0          ; -2.205 ; -0.614 ;
;    Routing Element     ;       ; 55    ; 3.354       ; 55         ; 0.000  ; 0.210  ;
+------------------------+-------+-------+-------------+------------+--------+--------+
Note: Negative delays are omitted from totals when calculating percentages

+------------------------------------------------------------------------------------------------------------------------------------------------------------------------------------------------------------------------------------------------------------------------------------------------------------------------------------+
; Data Arrival Path                                                                                                                                                                                                                                                                                                                  ;
+----------+----------+----+------+--------+---------------------------------------------+----------------------------+--------------------------------------------------------------------------------------------------------------------------------------------------------------------------------------------------------------+
; Total    ; Incr     ; RF ; Type ; Fanout ; Location                                    ; Element Type               ; Element                                                                                                                                                                                                      ;
+----------+----------+----+------+--------+---------------------------------------------+----------------------------+--------------------------------------------------------------------------------------------------------------------------------------------------------------------------------------------------------------+
; 0.000    ; 0.000    ;    ;      ;        ;                                             ;                            ; launch edge time                                                                                                                                                                                             ;
; 2.419    ; 2.419    ;    ;      ;        ;                                             ;                            ; clock path                                                                                                                                                                                                   ;
;   0.000  ;   0.000  ;    ;      ;        ;                                             ;                            ; source latency                                                                                                                                                                                               ;
;   0.000  ;   0.000  ;    ;      ; 1      ; PIN_HF23                                    ; I/O pad                    ; ddr4_mem_ref_clk[0].clk                                                                                                                                                                                      ;
;   0.000  ;   0.000  ;    ; IC   ; 1      ; IOIBUF_X280_Y0_N376                         ; I/O input buffer           ; ddr4_mem_ref_clk[0].clk~input|i                                                                                                                                                                              ;
;   0.129  ;   0.129  ; RR ; CELL ; 2      ; IOIBUF_X280_Y0_N376                         ; I/O input buffer           ; ddr4_mem_ref_clk[0].clk~input|o                                                                                                                                                                              ;
;   0.929  ;   0.800  ; RR ; CELL ; 1      ; REFCLKINPUT_X281_Y0_N301                    ; I/O reference clock tree   ; local_mem_wrapper|mem_ss_top|mem_ss_sv|mem_ss|mem_ss|emif_0|emif_0|arch|arch_inst|pll_inst|pll_inst~refclk|ref_clk_in                                                                                        ;
;   1.052  ;   0.123  ; RR ; CELL ; 3      ; REFCLKINPUT_X281_Y0_N301                    ; I/O reference clock tree   ; local_mem_wrapper|mem_ss_top|mem_ss_sv|mem_ss|mem_ss|emif_0|emif_0|arch|arch_inst|pll_inst|pll_inst~refclk|ref0_to_btm                                                                                       ;
;   1.441  ;   0.389  ; RR ; CELL ; 1      ; REFCLKINPUT_X281_Y0_N301                    ; I/O reference clock tree   ; local_mem_wrapper|mem_ss_top|mem_ss_sv|mem_ss|mem_ss|emif_0|emif_0|arch|arch_inst|pll_inst|pll_inst~refclk|clk_out                                                                                           ;
;   1.441  ;   0.000  ; RR ; CELL ; 1      ; IOPLL_X281_Y0_N303                          ; IOPLL                      ; local_mem_wrapper|mem_ss_top|mem_ss_sv|mem_ss|mem_ss|emif_0|emif_0|arch|arch_inst|pll_inst|pll_inst|pll_cascade_in                                                                                           ;
;   1.591  ;   0.150  ; RR ; CELL ; 2      ; IOPLL_X281_Y0_N303                          ; IOPLL                      ; local_mem_wrapper|mem_ss_top|mem_ss_sv|mem_ss|mem_ss|emif_0|emif_0|arch|arch_inst|pll_inst|pll_inst~fmio96fs_wr/x0/fmio96_core_inst/fmio48tile_top/x5/u4_3/x0/xiopll_custom/xclkin_sw/xpm_pll_so/clk[0]      ;
;   1.714  ;   0.123  ; RR ; CELL ; 2      ; IOPLL_X281_Y0_N303                          ; IOPLL                      ; local_mem_wrapper|mem_ss_top|mem_ss_sv|mem_ss|mem_ss|emif_0|emif_0|arch|arch_inst|pll_inst|pll_inst~fmio96fs_wr/x0/fmio96_core_inst/fmio48tile_top/x5/u4_3/x0/xiopll_custom/xiopll_core/xncnt_iopll/clk      ;
;   1.831  ;   0.117  ; RR ; CELL ; 3      ; IOPLL_X281_Y0_N303                          ; IOPLL                      ; local_mem_wrapper|mem_ss_top|mem_ss_sv|mem_ss|mem_ss|emif_0|emif_0|arch|arch_inst|pll_inst|pll_inst~pllnout                                                                                                  ;
;   1.931  ;   0.100  ; RF ; CELL ; 1      ; IOPLL_X281_Y0_N303                          ; IOPLL                      ; local_mem_wrapper|mem_ss_top|mem_ss_sv|mem_ss|mem_ss|emif_0|emif_0|arch|arch_inst|pll_inst|pll_inst~vco_refclk                                                                                               ;
;   1.942  ;   0.011  ; FR ; CELL ; 1      ; IOPLL_X281_Y0_N303                          ; IOPLL                      ; local_mem_wrapper|mem_ss_top|mem_ss_sv|mem_ss|mem_ss|emif_0|emif_0|arch|arch_inst|pll_inst|pll_inst~vctrl                                                                                                    ;
;   1.234  ;   -0.708 ; RR ; COMP ; 1      ; IOPLL_X281_Y0_N303                          ; IOPLL                      ; local_mem_wrapper|mem_ss_top|mem_ss_sv|mem_ss|mem_ss|emif_0|emif_0|arch|arch_inst|pll_inst|pll_inst~vcoph[0]                                                                                                 ;
;   1.234  ;   0.000  ; RR ; CELL ; 10     ; IOPLL_X281_Y0_N303                          ; IOPLL                      ; local_mem_wrapper|mem_ss_top|mem_ss_sv|mem_ss|mem_ss|emif_0|emif_0|arch|arch_inst|pll_inst|pll_inst|vcoph[0]                                                                                                 ;
;   1.234  ;   0.000  ; RR ; CELL ; 3      ; TILECTRL_X281_Y0_N298                       ; I/O tile control logic     ; local_mem_wrapper|mem_ss_top|mem_ss_sv|mem_ss|mem_ss|emif_0|emif_0|arch|arch_inst|io_tiles_wrap_inst|io_tiles_inst|tile_gen[1].tile_ctrl_inst|pll_vco_in[0]                                                  ;
;   -1.144 ;   -2.378 ; RR ; COMP ; 1      ; TILECTRL_X281_Y0_N298                       ; I/O tile control logic     ; local_mem_wrapper|mem_ss_top|mem_ss_sv|mem_ss|mem_ss|emif_0|emif_0|arch|arch_inst|io_tiles_wrap_inst|io_tiles_inst|tile_gen[1].tile_ctrl_inst|pa_core_clk_out[0]                                             ;
;   -0.656 ;   0.488  ; RR ; CELL ; 16258  ; TILECTRL_X281_Y0_N298                       ; I/O tile control logic     ; local_mem_wrapper|mem_ss_top|mem_ss_sv|mem_ss|mem_ss|emif_0|emif_0|arch|arch_inst|io_tiles_wrap_inst|io_tiles_inst|tile_gen[1].tile_ctrl_inst~fmio96fs_wr/m32_0_29__iophasealignment_to_dcm__core_clk_out[1] ;
;   -0.656 ;   0.000  ;    ; IC   ; 1      ; Boundary Port                               ; N/A                        ; afu_top|pg_afu.port_gasket|pr_slot|afu_main|ext_mem_if[0].clk|input                                                                                                                                          ;
;   -0.656 ;   0.000  ; RR ; CELL ; 105325 ; Boundary Port                               ; N/A                        ; afu_top|pg_afu.port_gasket|pr_slot|afu_main|ext_mem_if[0].clk                                                                                                                                                ;
;   -0.656 ;   0.000  ; RR ; RE   ; 1      ; TILECTRL_X281_Y0_N298                       ; I/O tile control logic     ; TILE_CTRL                                                                                                                                                                                                    ;
;   -0.607 ;   0.049  ; RR ; RE   ; 1      ; IO96FSWRRE_X280_Y0_N0_I3537                 ; IO96FS_WR_RE               ; IO96FS_WR_RE                                                                                                                                                                                                 ;
;   -0.524 ;   0.083  ; RR ; RE   ; 1      ; DCM_mux_X307_Y2_N0_I29                      ; DCM_mux                    ; CC_DCM_GMUX_RE                                                                                                                                                                                               ;
;   -0.475 ;   0.049  ; RR ; RE   ; 1      ; IO_P2C_RE_X280_Y2_N150_I75                  ; IO_P2C_RE                  ; IO_P2C_RE                                                                                                                                                                                                    ;
;   -0.450 ;   0.025  ; RR ; RE   ; 1      ; IO_P2C_RE_X280_Y2_N150_I26                  ; IO_P2C_RE                  ; IO_P2C_RE                                                                                                                                                                                                    ;
;   -0.417 ;   0.033  ; RR ; RE   ; 1      ; Switchbox_clock_mux_X280_Y2_N0_I197         ; Switchbox_clock_mux        ; CLOCK_SEGMENT_MUX                                                                                                                                                                                            ;
;   -0.330 ;   0.087  ; RR ; RE   ; 1      ; Switchbox_clock_mux_X280_Y2_N0_I105         ; Switchbox_clock_mux        ; CLOCK_SEGMENT_MUX                                                                                                                                                                                            ;
;   -0.305 ;   0.025  ; RF ; RE   ; 1      ; Vertical_seam_tap_mux_X280_Y23_N0_I165      ; Vertical_seam_tap_mux      ; CLOCK_SEGMENT_TAP_MUX                                                                                                                                                                                        ;
;   -0.248 ;   0.057  ; FR ; RE   ; 1      ; Vertical_seam_tap_mux_X280_Y23_N0_I53       ; Vertical_seam_tap_mux      ; CLOCK_SEGMENT_TAP_MUX                                                                                                                                                                                        ;
;   -0.217 ;   0.031  ; RR ; RE   ; 1      ; Switchbox_clock_mux_X280_Y43_N0_I197        ; Switchbox_clock_mux        ; CLOCK_SEGMENT_MUX                                                                                                                                                                                            ;
;   -0.131 ;   0.086  ; RR ; RE   ; 1      ; Switchbox_clock_mux_X280_Y43_N0_I105        ; Switchbox_clock_mux        ; CLOCK_SEGMENT_MUX                                                                                                                                                                                            ;
;   -0.106 ;   0.025  ; RF ; RE   ; 1      ; Vertical_seam_tap_mux_X280_Y64_N0_I165      ; Vertical_seam_tap_mux      ; CLOCK_SEGMENT_TAP_MUX                                                                                                                                                                                        ;
;   -0.048 ;   0.058  ; FR ; RE   ; 1      ; Vertical_seam_tap_mux_X280_Y64_N0_I53       ; Vertical_seam_tap_mux      ; CLOCK_SEGMENT_TAP_MUX                                                                                                                                                                                        ;
;   -0.018 ;   0.030  ; RR ; RE   ; 1      ; Switchbox_clock_mux_X280_Y84_N0_I197        ; Switchbox_clock_mux        ; CLOCK_SEGMENT_MUX                                                                                                                                                                                            ;
;   0.064  ;   0.082  ; RR ; RE   ; 1      ; Switchbox_clock_mux_X280_Y84_N0_I105        ; Switchbox_clock_mux        ; CLOCK_SEGMENT_MUX                                                                                                                                                                                            ;
;   0.088  ;   0.024  ; RF ; RE   ; 1      ; Vertical_seam_tap_mux_X280_Y105_N0_I165     ; Vertical_seam_tap_mux      ; CLOCK_SEGMENT_TAP_MUX                                                                                                                                                                                        ;
;   0.146  ;   0.058  ; FR ; RE   ; 1      ; Vertical_seam_tap_mux_X280_Y105_N0_I53      ; Vertical_seam_tap_mux      ; CLOCK_SEGMENT_TAP_MUX                                                                                                                                                                                        ;
;   0.176  ;   0.030  ; RR ; RE   ; 1      ; Switchbox_clock_mux_X280_Y125_N0_I197       ; Switchbox_clock_mux        ; CLOCK_SEGMENT_MUX                                                                                                                                                                                            ;
;   0.258  ;   0.082  ; RR ; RE   ; 1      ; Switchbox_clock_mux_X280_Y125_N0_I105       ; Switchbox_clock_mux        ; CLOCK_SEGMENT_MUX                                                                                                                                                                                            ;
;   0.283  ;   0.025  ; RF ; RE   ; 1      ; Vertical_seam_tap_mux_X280_Y146_N0_I165     ; Vertical_seam_tap_mux      ; CLOCK_SEGMENT_TAP_MUX                                                                                                                                                                                        ;
;   0.340  ;   0.057  ; FR ; RE   ; 1      ; Vertical_seam_tap_mux_X280_Y146_N0_I53      ; Vertical_seam_tap_mux      ; CLOCK_SEGMENT_TAP_MUX                                                                                                                                                                                        ;
;   0.371  ;   0.031  ; RR ; RE   ; 1      ; Switchbox_clock_mux_X280_Y166_N0_I197       ; Switchbox_clock_mux        ; CLOCK_SEGMENT_MUX                                                                                                                                                                                            ;
;   0.549  ;   0.178  ; RR ; RE   ; 1      ; Switchbox_clock_mux_X280_Y166_N0_I106       ; Switchbox_clock_mux        ; CLOCK_SEGMENT_MUX                                                                                                                                                                                            ;
;   0.580  ;   0.031  ; RR ; RE   ; 1      ; Switchbox_clock_mux_X226_Y166_N0_I229       ; Switchbox_clock_mux        ; CLOCK_SEGMENT_MUX                                                                                                                                                                                            ;
;   0.610  ;   0.030  ; RR ; RE   ; 2      ; Switchbox_clock_mux_X226_Y166_N0_I153       ; Switchbox_clock_mux        ; CLOCK_SEGMENT_MUX                                                                                                                                                                                            ;
;   0.689  ;   0.079  ; RR ; RE   ; 1      ; Switchbox_clock_mux_X226_Y166_N0_I103       ; Switchbox_clock_mux        ; CLOCK_SEGMENT_MUX                                                                                                                                                                                            ;
;   0.713  ;   0.024  ; RF ; RE   ; 1      ; Vertical_seam_tap_mux_X226_Y146_N0_I134     ; Vertical_seam_tap_mux      ; CLOCK_SEGMENT_TAP_MUX                                                                                                                                                                                        ;
;   0.772  ;   0.059  ; FR ; RE   ; 1      ; Vertical_seam_tap_mux_X226_Y146_N0_I50      ; Vertical_seam_tap_mux      ; CLOCK_SEGMENT_TAP_MUX                                                                                                                                                                                        ;
;   0.806  ;   0.034  ; RR ; RE   ; 1      ; Switchbox_clock_mux_X226_Y125_N0_I166       ; Switchbox_clock_mux        ; CLOCK_SEGMENT_MUX                                                                                                                                                                                            ;
;   0.885  ;   0.079  ; RR ; RE   ; 1      ; Switchbox_clock_mux_X226_Y125_N0_I103       ; Switchbox_clock_mux        ; CLOCK_SEGMENT_MUX                                                                                                                                                                                            ;
;   0.909  ;   0.024  ; RF ; RE   ; 1      ; Vertical_seam_tap_mux_X226_Y105_N0_I134     ; Vertical_seam_tap_mux      ; CLOCK_SEGMENT_TAP_MUX                                                                                                                                                                                        ;
;   0.968  ;   0.059  ; FR ; RE   ; 1      ; Vertical_seam_tap_mux_X226_Y105_N0_I50      ; Vertical_seam_tap_mux      ; CLOCK_SEGMENT_TAP_MUX                                                                                                                                                                                        ;
;   1.001  ;   0.033  ; RR ; RE   ; 2      ; Switchbox_clock_mux_X226_Y84_N0_I166        ; Switchbox_clock_mux        ; CLOCK_SEGMENT_MUX                                                                                                                                                                                            ;
;   1.186  ;   0.185  ; RR ; RE   ; 1      ; Switchbox_clock_mux_X226_Y84_N0_I102        ; Switchbox_clock_mux        ; CLOCK_SEGMENT_MUX                                                                                                                                                                                            ;
;   1.218  ;   0.032  ; RR ; RE   ; 1      ; Switchbox_clock_mux_X280_Y84_N0_I230        ; Switchbox_clock_mux        ; CLOCK_SEGMENT_MUX                                                                                                                                                                                            ;
;   1.395  ;   0.177  ; RR ; RE   ; 1      ; Switchbox_clock_mux_X280_Y84_N0_I100        ; Switchbox_clock_mux        ; CLOCK_SEGMENT_MUX                                                                                                                                                                                            ;
;   1.427  ;   0.032  ; RR ; RE   ; 2      ; Switchbox_clock_mux_X334_Y84_N0_I230        ; Switchbox_clock_mux        ; CLOCK_SEGMENT_MUX                                                                                                                                                                                            ;
;   1.506  ;   0.079  ; RR ; RE   ; 1      ; Switchbox_clock_mux_X334_Y84_N0_I103        ; Switchbox_clock_mux        ; CLOCK_SEGMENT_MUX                                                                                                                                                                                            ;
;   1.530  ;   0.024  ; RF ; RE   ; 1      ; Vertical_seam_tap_mux_X334_Y64_N0_I134      ; Vertical_seam_tap_mux      ; CLOCK_SEGMENT_TAP_MUX                                                                                                                                                                                        ;
;   1.587  ;   0.057  ; FR ; RE   ; 1      ; Vertical_seam_tap_mux_X334_Y64_N0_I50       ; Vertical_seam_tap_mux      ; CLOCK_SEGMENT_TAP_MUX                                                                                                                                                                                        ;
;   1.620  ;   0.033  ; RR ; RE   ; 2      ; Switchbox_clock_mux_X334_Y43_N0_I166        ; Switchbox_clock_mux        ; CLOCK_SEGMENT_MUX                                                                                                                                                                                            ;
;   1.804  ;   0.184  ; RR ; RE   ; 1      ; Switchbox_clock_mux_X334_Y43_N0_I102        ; Switchbox_clock_mux        ; CLOCK_SEGMENT_MUX                                                                                                                                                                                            ;
;   1.837  ;   0.033  ; RR ; RE   ; 2      ; Switchbox_clock_mux_X280_Y43_N0_I262        ; Switchbox_clock_mux        ; CLOCK_SEGMENT_MUX                                                                                                                                                                                            ;
;   1.924  ;   0.087  ; RR ; RE   ; 1      ; Switchbox_clock_mux_X280_Y43_N0_I101        ; Switchbox_clock_mux        ; CLOCK_SEGMENT_MUX                                                                                                                                                                                            ;
;   1.956  ;   0.032  ; RR ; RE   ; 2      ; Vertical_seam_tap_mux_X280_Y64_N0_I166      ; Vertical_seam_tap_mux      ; CLOCK_SEGMENT_TAP_MUX                                                                                                                                                                                        ;
;   2.039  ;   0.083  ; RR ; RE   ; 1      ; Vertical_seam_tap_mux_X280_Y64_N0_I115      ; Vertical_seam_tap_mux      ; CLOCK_SEGMENT_TAP_MUX                                                                                                                                                                                        ;
;   2.124  ;   0.085  ; RR ; RE   ; 1      ; SPINE_TAP_RE_X253_Y64_N103_I89              ; SPINE_TAP_RE               ; SPINE_TAP_RE                                                                                                                                                                                                 ;
;   2.145  ;   0.021  ; RR ; RE   ; 41     ; SPINE_TAP_RE_X253_Y64_N103_I25              ; SPINE_TAP_RE               ; SPINE_TAP_RE                                                                                                                                                                                                 ;
;   2.331  ;   0.186  ; RR ; RE   ; 2      ; SCLKMUX_RE_X253_Y70_N188_I25                ; SCLKMUX_RE                 ; SCLKMUX_RE                                                                                                                                                                                                   ;
;   2.355  ;   0.024  ; RR ; RE   ; 16     ; SCLKMUX_RE_X253_Y70_N188_I40                ; SCLKMUX_RE                 ; SCLKMUX_RE                                                                                                                                                                                                   ;
;   2.381  ;   0.026  ; RR ; RE   ; 1      ; ROWCLK_TAPOFF_X260_Y70_N0_I3                ; Row Clock Tap-Off          ; ROWCLK_TAPOFF                                                                                                                                                                                                ;
;   2.404  ;   0.023  ; RR ; RE   ; 1      ; GLOBAL_LOCAL_SEL_X260_Y70_N0_I3             ; GLOBAL_LOCAL_SEL           ; GLOBAL_LOCAL_SEL                                                                                                                                                                                             ;
;   2.419  ;   0.015  ; RR ; RE   ; 1      ; RPII_X260_Y70_N0_I3                         ; Programmable Invert Input  ; RPII                                                                                                                                                                                                         ;
;   2.419  ;   0.000  ; RR ; RE   ; 1      ; RPI_X260_Y70_N0_I3                          ; Programmable Invert        ; RPI                                                                                                                                                                                                          ;
;   2.419  ;   0.000  ; RR ; RE   ; 1      ; LAB_RE_X260_Y70_N0_I84                      ; LAB_RE                     ; clkb                                                                                                                                                                                                         ;
;   2.419  ;   0.000  ; RR ; RE   ; 1      ; LAB_RE_X260_Y70_N0_I152                     ; LAB_RE                     ; LAB_RE                                                                                                                                                                                                       ;
;   2.419  ;   0.000  ; RR ; RE   ; 12     ; LEIMCLKALE_X260_Y70_N0_I0                   ; LEIMCLKALE                 ; LEIMCLKALE                                                                                                                                                                                                   ;
;   2.419  ;   0.000  ; RR ; RE   ; 1      ; HYPERFLEX_CLK_M_MUX_X260_Y70_N0_I21         ; Hyperflex clocking network ; HIPI_M_MUX                                                                                                                                                                                                   ;
;   2.419  ;   0.000  ;    ; IC   ; 1      ; BLOCK_INPUT_MUX_PASSTHROUGH_X260_Y70_N0_I19 ; Hyper-Register             ; afu_top|pg_afu.port_gasket|pr_slot|afu_main|port_afu_instances|ofs_plat_afu|core|dma|csr_mgr_inst|Select_0~10xsyn_20_BLOCK_INPUT_MUX_PASSTHROUGH_X260_Y70_N0_I19_dff|clk                                     ;
;   2.419  ;   0.000  ; RR ; CELL ; 1      ; BLOCK_INPUT_MUX_PASSTHROUGH_X260_Y70_N0_I19 ; Hyper-Register             ; afu_top|pg_afu.port_gasket|pr_slot|afu_main|port_afu_instances|ofs_plat_afu|core|dma|csr_mgr_inst|Select_0~10xsyn_20_BLOCK_INPUT_MUX_PASSTHROUGH_X260_Y70_N0_I19_dff                                         ;
; 3.057    ; 0.638    ;    ;      ;        ;                                             ;                            ; data path                                                                                                                                                                                                    ;
;   2.567  ;   0.148  ; RR ; uTco ; 1      ; BLOCK_INPUT_MUX_PASSTHROUGH_X260_Y70_N0_I19 ; Hyper-Register             ; afu_top|pg_afu.port_gasket|pr_slot|afu_main|port_afu_instances|ofs_plat_afu|core|dma|csr_mgr_inst|Select_0~10xsyn_20_BLOCK_INPUT_MUX_PASSTHROUGH_X260_Y70_N0_I19_dff|q                                       ;
;   2.567  ;   0.000  ; RR ; RE   ; 1      ; BLOCK_INPUT_MUX_PASSTHROUGH_X260_Y70_N0_I19 ; Hyper-Register             ; LEIM                                                                                                                                                                                                         ;
;   2.568  ;   0.001  ; RR ; RE   ; 1      ; BLOCK_INPUT_MUX_PASSTHROUGH_X260_Y70_N0_I19 ; Block Input Mux            ; LEIM                                                                                                                                                                                                         ;
;   2.568  ;   0.000  ; RR ; RE   ; 1      ; LAB_RE_X260_Y70_N0_I23                      ; LAB_RE                     ; leimf[2]                                                                                                                                                                                                     ;
;   2.568  ;   0.000  ;    ; IC   ; 1      ; MLABCELL_X260_Y70_N15                       ; Combinational cell         ; afu_top|pg_afu.port_gasket|pr_slot|afu_main|port_afu_instances|ofs_plat_afu|core|dma|csr_mgr_inst|i2852~0|dataf                                                                                              ;
;   2.582  ;   0.014  ; RR ; CELL ; 4      ; MLABCELL_X260_Y70_N15                       ; Combinational cell         ; afu_top|pg_afu.port_gasket|pr_slot|afu_main|port_afu_instances|ofs_plat_afu|core|dma|csr_mgr_inst|i2852~0|combout                                                                                            ;
;   2.594  ;   0.012  ; RF ; CELL ; 12     ; MLABCELL_X260_Y70_N15                       ; Combinational cell         ; afu_top|pg_afu.port_gasket|pr_slot|afu_main|port_afu_instances|ofs_plat_afu|core|dma|csr_mgr_inst|i2852~0~cw_ml_mlab/lab_lut6outt[2]                                                                         ;
;   2.594  ;   0.000  ; FF ; RE   ; 1      ; MLABCELL_X260_Y70_N15                       ; Combinational cell         ; MP_MLAB_COMB                                                                                                                                                                                                 ;
;   2.596  ;   0.002  ; FF ; RE   ; 1      ; LAB_RE_X260_Y70_N0_I136                     ; LAB_RE                     ; LAB_RE                                                                                                                                                                                                       ;
;   2.623  ;   0.027  ; FF ; RE   ; 1      ; R1_X260_Y70_N0_I9                           ; R1 interconnect            ; H1                                                                                                                                                                                                           ;
;   2.655  ;   0.032  ; FF ; RE   ; 1      ; C1_X259_Y69_N0_I9                           ; C1 interconnect            ; V1                                                                                                                                                                                                           ;
;   2.683  ;   0.028  ; FF ; RE   ; 1      ; R0_X259_Y69_N0_I13                          ; R0 interconnect            ; H0                                                                                                                                                                                                           ;
;   2.701  ;   0.018  ; FR ; RE   ; 1      ; LOCAL_INTERCONNECT_X259_Y69_N0_I77          ; Block interconnect         ; LAB_LINE                                                                                                                                                                                                     ;
;   2.725  ;   0.024  ; RF ; RE   ; 1      ; BLOCK_INPUT_MUX_PASSTHROUGH_X259_Y69_N0_I81 ; Block Input Mux            ; LEIM                                                                                                                                                                                                         ;
;   2.725  ;   0.000  ; FF ; RE   ; 12     ; LAB_RE_X259_Y69_N0_I81                      ; LAB_RE                     ; lsim[1]                                                                                                                                                                                                      ;
;   2.725  ;   0.000  ;    ; IC   ; 2      ; FF_X259_Y69_N26                             ; Bypassed ALM Register      ; afu_top|pg_afu.port_gasket|pr_slot|afu_main|port_afu_instances|ofs_plat_afu|core|dma|csr_mgr_inst|dma_csr_map.descriptor.length[0]~DUPLICATE.comb|ena                                                        ;
;   2.822  ;   0.097  ; FR ; CELL ; 3      ; FF_X259_Y69_N26                             ; Bypassed ALM Register      ; afu_top|pg_afu.port_gasket|pr_slot|afu_main|port_afu_instances|ofs_plat_afu|core|dma|csr_mgr_inst|dma_csr_map.descriptor.length[0]~DUPLICATE.comb|q                                                          ;
;   2.822  ;   0.000  ; RR ; RE   ; 1      ; FF_X259_Y69_N26                             ; Bypassed ALM Register      ; FF                                                                                                                                                                                                           ;
;   2.827  ;   0.005  ; RR ; RE   ; 2      ; LAB_RE_X259_Y69_N0_I106                     ; LAB_RE                     ; LAB_RE                                                                                                                                                                                                       ;
;   2.851  ;   0.024  ; RR ; RE   ; 1      ; R0_X259_Y69_N0_I30                          ; R0 interconnect            ; H0                                                                                                                                                                                                           ;
;   2.875  ;   0.024  ; RR ; RE   ; 1      ; R0_X259_Y69_N0_I12                          ; R0 interconnect            ; H0                                                                                                                                                                                                           ;
;   2.908  ;   0.033  ; RR ; RE   ; 1      ; C1_X259_Y68_N0_I27                          ; C1 interconnect            ; V1                                                                                                                                                                                                           ;
;   2.970  ;   0.062  ; RR ; RE   ; 1      ; C4_X259_Y64_N0_I27                          ; C4 interconnect            ; V4                                                                                                                                                                                                           ;
;   3.007  ;   0.037  ; RR ; RE   ; 1      ; R2_X258_Y64_N0_I13                          ; R2 interconnect            ; H2                                                                                                                                                                                                           ;
;   3.029  ;   0.022  ; RF ; RE   ; 1      ; LOCAL_INTERCONNECT_X257_Y64_N0_I100         ; Block interconnect         ; LAB_LINE                                                                                                                                                                                                     ;
;   3.057  ;   0.028  ; FR ; RE   ; 1      ; BLOCK_INPUT_MUX_PASSTHROUGH_X257_Y64_N0_I60 ; Block Input Mux            ; LEIM                                                                                                                                                                                                         ;
;   3.057  ;   0.000  ; RR ; RE   ; 1      ; MEDIUM_EAB_RE_X257_Y64_N0_I60               ; MEDIUM_EAB_RE              ; MEDIUM_EAB_RE                                                                                                                                                                                                ;
;   3.057  ;   0.000  ;    ; IC   ; 1      ; EC_X257_Y64_N3                              ; EC                         ; afu_top|pg_afu.port_gasket|pr_slot|afu_main|port_afu_instances|ofs_plat_afu|core|dma|descriptor_fifo_inst|scfifo_component|auto_generated|dpfifo|FIFOram|altera_syncram_impl1|ram_block2a32|portadatain[0]   ;
;   3.057  ;   0.000  ; RR ; CELL ; 0      ; EC_X257_Y64_N3                              ; EC                         ; afu_top|pg_afu.port_gasket|pr_slot|afu_main|port_afu_instances|ofs_plat_afu|core|dma|descriptor_fifo_inst|scfifo_component|auto_generated|dpfifo|FIFOram|altera_syncram_impl1|ram_block2a32~reg0             ;
+----------+----------+----+------+--------+---------------------------------------------+----------------------------+--------------------------------------------------------------------------------------------------------------------------------------------------------------------------------------------------------------+

+-------------------------------------------------------------------------------------------------------------------------------------------------------------------------------------------------------------------------------------------------------------------------------------------------------------------------------+
; Data Required Path                                                                                                                                                                                                                                                                                                            ;
+----------+----------+----+------+--------+-----------------------------------------+---------------------------+--------------------------------------------------------------------------------------------------------------------------------------------------------------------------------------------------------------+
; Total    ; Incr     ; RF ; Type ; Fanout ; Location                                ; Element Type              ; Element                                                                                                                                                                                                      ;
+----------+----------+----+------+--------+-----------------------------------------+---------------------------+--------------------------------------------------------------------------------------------------------------------------------------------------------------------------------------------------------------+
; 0.000    ; 0.000    ;    ;      ;        ;                                         ;                           ; latch edge time                                                                                                                                                                                              ;
; 2.430    ; 2.430    ;    ;      ;        ;                                         ;                           ; clock path                                                                                                                                                                                                   ;
;   0.000  ;   0.000  ;    ;      ;        ;                                         ;                           ; source latency                                                                                                                                                                                               ;
;   0.000  ;   0.000  ;    ;      ; 1      ; PIN_HF23                                ; I/O pad                   ; ddr4_mem_ref_clk[0].clk                                                                                                                                                                                      ;
;   0.000  ;   0.000  ;    ; IC   ; 1      ; IOIBUF_X280_Y0_N376                     ; I/O input buffer          ; ddr4_mem_ref_clk[0].clk~input|i                                                                                                                                                                              ;
;   0.129  ;   0.129  ; RR ; CELL ; 2      ; IOIBUF_X280_Y0_N376                     ; I/O input buffer          ; ddr4_mem_ref_clk[0].clk~input|o                                                                                                                                                                              ;
;   1.032  ;   0.903  ; RR ; CELL ; 1      ; REFCLKINPUT_X281_Y0_N301                ; I/O reference clock tree  ; local_mem_wrapper|mem_ss_top|mem_ss_sv|mem_ss|mem_ss|emif_0|emif_0|arch|arch_inst|pll_inst|pll_inst~refclk|ref_clk_in                                                                                        ;
;   1.178  ;   0.146  ; RR ; CELL ; 3      ; REFCLKINPUT_X281_Y0_N301                ; I/O reference clock tree  ; local_mem_wrapper|mem_ss_top|mem_ss_sv|mem_ss|mem_ss|emif_0|emif_0|arch|arch_inst|pll_inst|pll_inst~refclk|ref0_to_btm                                                                                       ;
;   1.620  ;   0.442  ; RR ; CELL ; 1      ; REFCLKINPUT_X281_Y0_N301                ; I/O reference clock tree  ; local_mem_wrapper|mem_ss_top|mem_ss_sv|mem_ss|mem_ss|emif_0|emif_0|arch|arch_inst|pll_inst|pll_inst~refclk|clk_out                                                                                           ;
;   1.620  ;   0.000  ; RR ; CELL ; 1      ; IOPLL_X281_Y0_N303                      ; IOPLL                     ; local_mem_wrapper|mem_ss_top|mem_ss_sv|mem_ss|mem_ss|emif_0|emif_0|arch|arch_inst|pll_inst|pll_inst|pll_cascade_in                                                                                           ;
;   1.792  ;   0.172  ; RR ; CELL ; 2      ; IOPLL_X281_Y0_N303                      ; IOPLL                     ; local_mem_wrapper|mem_ss_top|mem_ss_sv|mem_ss|mem_ss|emif_0|emif_0|arch|arch_inst|pll_inst|pll_inst~fmio96fs_wr/x0/fmio96_core_inst/fmio48tile_top/x5/u4_3/x0/xiopll_custom/xclkin_sw/xpm_pll_so/clk[0]      ;
;   1.934  ;   0.142  ; RR ; CELL ; 2      ; IOPLL_X281_Y0_N303                      ; IOPLL                     ; local_mem_wrapper|mem_ss_top|mem_ss_sv|mem_ss|mem_ss|emif_0|emif_0|arch|arch_inst|pll_inst|pll_inst~fmio96fs_wr/x0/fmio96_core_inst/fmio48tile_top/x5/u4_3/x0/xiopll_custom/xiopll_core/xncnt_iopll/clk      ;
;   2.068  ;   0.134  ; RR ; CELL ; 3      ; IOPLL_X281_Y0_N303                      ; IOPLL                     ; local_mem_wrapper|mem_ss_top|mem_ss_sv|mem_ss|mem_ss|emif_0|emif_0|arch|arch_inst|pll_inst|pll_inst~pllnout                                                                                                  ;
;   2.184  ;   0.116  ; RF ; CELL ; 1      ; IOPLL_X281_Y0_N303                      ; IOPLL                     ; local_mem_wrapper|mem_ss_top|mem_ss_sv|mem_ss|mem_ss|emif_0|emif_0|arch|arch_inst|pll_inst|pll_inst~vco_refclk                                                                                               ;
;   2.202  ;   0.018  ; FR ; CELL ; 1      ; IOPLL_X281_Y0_N303                      ; IOPLL                     ; local_mem_wrapper|mem_ss_top|mem_ss_sv|mem_ss|mem_ss|emif_0|emif_0|arch|arch_inst|pll_inst|pll_inst~vctrl                                                                                                    ;
;   1.588  ;   -0.614 ; RR ; COMP ; 1      ; IOPLL_X281_Y0_N303                      ; IOPLL                     ; local_mem_wrapper|mem_ss_top|mem_ss_sv|mem_ss|mem_ss|emif_0|emif_0|arch|arch_inst|pll_inst|pll_inst~vcoph[0]                                                                                                 ;
;   1.588  ;   0.000  ; RR ; CELL ; 10     ; IOPLL_X281_Y0_N303                      ; IOPLL                     ; local_mem_wrapper|mem_ss_top|mem_ss_sv|mem_ss|mem_ss|emif_0|emif_0|arch|arch_inst|pll_inst|pll_inst|vcoph[0]                                                                                                 ;
;   1.588  ;   0.000  ; RR ; CELL ; 3      ; TILECTRL_X281_Y0_N298                   ; I/O tile control logic    ; local_mem_wrapper|mem_ss_top|mem_ss_sv|mem_ss|mem_ss|emif_0|emif_0|arch|arch_inst|io_tiles_wrap_inst|io_tiles_inst|tile_gen[1].tile_ctrl_inst|pll_vco_in[0]                                                  ;
;   -0.617 ;   -2.205 ; RR ; COMP ; 1      ; TILECTRL_X281_Y0_N298                   ; I/O tile control logic    ; local_mem_wrapper|mem_ss_top|mem_ss_sv|mem_ss|mem_ss|emif_0|emif_0|arch|arch_inst|io_tiles_wrap_inst|io_tiles_inst|tile_gen[1].tile_ctrl_inst|pa_core_clk_out[0]                                             ;
;   -0.050 ;   0.567  ; RR ; CELL ; 16258  ; TILECTRL_X281_Y0_N298                   ; I/O tile control logic    ; local_mem_wrapper|mem_ss_top|mem_ss_sv|mem_ss|mem_ss|emif_0|emif_0|arch|arch_inst|io_tiles_wrap_inst|io_tiles_inst|tile_gen[1].tile_ctrl_inst~fmio96fs_wr/m32_0_29__iophasealignment_to_dcm__core_clk_out[1] ;
;   -0.050 ;   0.000  ;    ; IC   ; 1      ; Boundary Port                           ; N/A                       ; afu_top|pg_afu.port_gasket|pr_slot|afu_main|ext_mem_if[0].clk|input                                                                                                                                          ;
;   -0.050 ;   0.000  ; RR ; CELL ; 105325 ; Boundary Port                           ; N/A                       ; afu_top|pg_afu.port_gasket|pr_slot|afu_main|ext_mem_if[0].clk                                                                                                                                                ;
;   -0.050 ;   0.000  ; RR ; RE   ; 1      ; TILECTRL_X281_Y0_N298                   ; I/O tile control logic    ; TILE_CTRL                                                                                                                                                                                                    ;
;   0.005  ;   0.055  ; RR ; RE   ; 1      ; IO96FSWRRE_X280_Y0_N0_I3537             ; IO96FS_WR_RE              ; IO96FS_WR_RE                                                                                                                                                                                                 ;
;   0.094  ;   0.089  ; RR ; RE   ; 1      ; DCM_mux_X307_Y2_N0_I29                  ; DCM_mux                   ; CC_DCM_GMUX_RE                                                                                                                                                                                               ;
;   0.150  ;   0.056  ; RR ; RE   ; 1      ; IO_P2C_RE_X280_Y2_N150_I75              ; IO_P2C_RE                 ; IO_P2C_RE                                                                                                                                                                                                    ;
;   0.177  ;   0.027  ; RR ; RE   ; 1      ; IO_P2C_RE_X280_Y2_N150_I26              ; IO_P2C_RE                 ; IO_P2C_RE                                                                                                                                                                                                    ;
;   0.214  ;   0.037  ; RR ; RE   ; 1      ; Switchbox_clock_mux_X280_Y2_N0_I197     ; Switchbox_clock_mux       ; CLOCK_SEGMENT_MUX                                                                                                                                                                                            ;
;   0.308  ;   0.094  ; RR ; RE   ; 1      ; Switchbox_clock_mux_X280_Y2_N0_I105     ; Switchbox_clock_mux       ; CLOCK_SEGMENT_MUX                                                                                                                                                                                            ;
;   0.336  ;   0.028  ; RF ; RE   ; 1      ; Vertical_seam_tap_mux_X280_Y23_N0_I165  ; Vertical_seam_tap_mux     ; CLOCK_SEGMENT_TAP_MUX                                                                                                                                                                                        ;
;   0.398  ;   0.062  ; FR ; RE   ; 1      ; Vertical_seam_tap_mux_X280_Y23_N0_I53   ; Vertical_seam_tap_mux     ; CLOCK_SEGMENT_TAP_MUX                                                                                                                                                                                        ;
;   0.432  ;   0.034  ; RR ; RE   ; 1      ; Switchbox_clock_mux_X280_Y43_N0_I197    ; Switchbox_clock_mux       ; CLOCK_SEGMENT_MUX                                                                                                                                                                                            ;
;   0.526  ;   0.094  ; RR ; RE   ; 1      ; Switchbox_clock_mux_X280_Y43_N0_I105    ; Switchbox_clock_mux       ; CLOCK_SEGMENT_MUX                                                                                                                                                                                            ;
;   0.554  ;   0.028  ; RF ; RE   ; 1      ; Vertical_seam_tap_mux_X280_Y64_N0_I165  ; Vertical_seam_tap_mux     ; CLOCK_SEGMENT_TAP_MUX                                                                                                                                                                                        ;
;   0.615  ;   0.061  ; FR ; RE   ; 1      ; Vertical_seam_tap_mux_X280_Y64_N0_I53   ; Vertical_seam_tap_mux     ; CLOCK_SEGMENT_TAP_MUX                                                                                                                                                                                        ;
;   0.650  ;   0.035  ; RR ; RE   ; 1      ; Switchbox_clock_mux_X280_Y84_N0_I197    ; Switchbox_clock_mux       ; CLOCK_SEGMENT_MUX                                                                                                                                                                                            ;
;   0.738  ;   0.088  ; RR ; RE   ; 1      ; Switchbox_clock_mux_X280_Y84_N0_I105    ; Switchbox_clock_mux       ; CLOCK_SEGMENT_MUX                                                                                                                                                                                            ;
;   0.766  ;   0.028  ; RF ; RE   ; 1      ; Vertical_seam_tap_mux_X280_Y105_N0_I165 ; Vertical_seam_tap_mux     ; CLOCK_SEGMENT_TAP_MUX                                                                                                                                                                                        ;
;   0.827  ;   0.061  ; FR ; RE   ; 1      ; Vertical_seam_tap_mux_X280_Y105_N0_I53  ; Vertical_seam_tap_mux     ; CLOCK_SEGMENT_TAP_MUX                                                                                                                                                                                        ;
;   0.862  ;   0.035  ; RR ; RE   ; 1      ; Switchbox_clock_mux_X280_Y125_N0_I197   ; Switchbox_clock_mux       ; CLOCK_SEGMENT_MUX                                                                                                                                                                                            ;
;   0.950  ;   0.088  ; RR ; RE   ; 1      ; Switchbox_clock_mux_X280_Y125_N0_I105   ; Switchbox_clock_mux       ; CLOCK_SEGMENT_MUX                                                                                                                                                                                            ;
;   0.978  ;   0.028  ; RF ; RE   ; 1      ; Vertical_seam_tap_mux_X280_Y146_N0_I165 ; Vertical_seam_tap_mux     ; CLOCK_SEGMENT_TAP_MUX                                                                                                                                                                                        ;
;   1.040  ;   0.062  ; FR ; RE   ; 1      ; Vertical_seam_tap_mux_X280_Y146_N0_I53  ; Vertical_seam_tap_mux     ; CLOCK_SEGMENT_TAP_MUX                                                                                                                                                                                        ;
;   1.074  ;   0.034  ; RR ; RE   ; 1      ; Switchbox_clock_mux_X280_Y166_N0_I197   ; Switchbox_clock_mux       ; CLOCK_SEGMENT_MUX                                                                                                                                                                                            ;
;   1.267  ;   0.193  ; RR ; RE   ; 1      ; Switchbox_clock_mux_X280_Y166_N0_I106   ; Switchbox_clock_mux       ; CLOCK_SEGMENT_MUX                                                                                                                                                                                            ;
;   1.302  ;   0.035  ; RR ; RE   ; 1      ; Switchbox_clock_mux_X226_Y166_N0_I229   ; Switchbox_clock_mux       ; CLOCK_SEGMENT_MUX                                                                                                                                                                                            ;
;   1.336  ;   0.034  ; RR ; RE   ; 2      ; Switchbox_clock_mux_X226_Y166_N0_I153   ; Switchbox_clock_mux       ; CLOCK_SEGMENT_MUX                                                                                                                                                                                            ;
;   1.421  ;   0.085  ; RR ; RE   ; 1      ; Switchbox_clock_mux_X226_Y166_N0_I103   ; Switchbox_clock_mux       ; CLOCK_SEGMENT_MUX                                                                                                                                                                                            ;
;   1.449  ;   0.028  ; RF ; RE   ; 1      ; Vertical_seam_tap_mux_X226_Y146_N0_I134 ; Vertical_seam_tap_mux     ; CLOCK_SEGMENT_TAP_MUX                                                                                                                                                                                        ;
;   1.512  ;   0.063  ; FR ; RE   ; 1      ; Vertical_seam_tap_mux_X226_Y146_N0_I50  ; Vertical_seam_tap_mux     ; CLOCK_SEGMENT_TAP_MUX                                                                                                                                                                                        ;
;   1.550  ;   0.038  ; RR ; RE   ; 1      ; Switchbox_clock_mux_X226_Y125_N0_I166   ; Switchbox_clock_mux       ; CLOCK_SEGMENT_MUX                                                                                                                                                                                            ;
;   1.636  ;   0.086  ; RR ; RE   ; 1      ; Switchbox_clock_mux_X226_Y125_N0_I103   ; Switchbox_clock_mux       ; CLOCK_SEGMENT_MUX                                                                                                                                                                                            ;
;   1.663  ;   0.027  ; RF ; RE   ; 1      ; Vertical_seam_tap_mux_X226_Y105_N0_I134 ; Vertical_seam_tap_mux     ; CLOCK_SEGMENT_TAP_MUX                                                                                                                                                                                        ;
;   1.726  ;   0.063  ; FR ; RE   ; 1      ; Vertical_seam_tap_mux_X226_Y105_N0_I50  ; Vertical_seam_tap_mux     ; CLOCK_SEGMENT_TAP_MUX                                                                                                                                                                                        ;
;   1.763  ;   0.037  ; RR ; RE   ; 2      ; Switchbox_clock_mux_X226_Y84_N0_I166    ; Switchbox_clock_mux       ; CLOCK_SEGMENT_MUX                                                                                                                                                                                            ;
;   1.964  ;   0.201  ; RR ; RE   ; 1      ; Switchbox_clock_mux_X226_Y84_N0_I102    ; Switchbox_clock_mux       ; CLOCK_SEGMENT_MUX                                                                                                                                                                                            ;
;   1.999  ;   0.035  ; RR ; RE   ; 1      ; Switchbox_clock_mux_X280_Y84_N0_I230    ; Switchbox_clock_mux       ; CLOCK_SEGMENT_MUX                                                                                                                                                                                            ;
;   2.191  ;   0.192  ; RR ; RE   ; 1      ; Switchbox_clock_mux_X280_Y84_N0_I100    ; Switchbox_clock_mux       ; CLOCK_SEGMENT_MUX                                                                                                                                                                                            ;
;   2.227  ;   0.036  ; RR ; RE   ; 2      ; Switchbox_clock_mux_X334_Y84_N0_I230    ; Switchbox_clock_mux       ; CLOCK_SEGMENT_MUX                                                                                                                                                                                            ;
;   2.313  ;   0.086  ; RR ; RE   ; 1      ; Switchbox_clock_mux_X334_Y84_N0_I103    ; Switchbox_clock_mux       ; CLOCK_SEGMENT_MUX                                                                                                                                                                                            ;
;   2.340  ;   0.027  ; RF ; RE   ; 1      ; Vertical_seam_tap_mux_X334_Y64_N0_I134  ; Vertical_seam_tap_mux     ; CLOCK_SEGMENT_TAP_MUX                                                                                                                                                                                        ;
;   2.401  ;   0.061  ; FR ; RE   ; 1      ; Vertical_seam_tap_mux_X334_Y64_N0_I50   ; Vertical_seam_tap_mux     ; CLOCK_SEGMENT_TAP_MUX                                                                                                                                                                                        ;
;   2.438  ;   0.037  ; RR ; RE   ; 2      ; Switchbox_clock_mux_X334_Y43_N0_I166    ; Switchbox_clock_mux       ; CLOCK_SEGMENT_MUX                                                                                                                                                                                            ;
;   2.638  ;   0.200  ; RR ; RE   ; 1      ; Switchbox_clock_mux_X334_Y43_N0_I102    ; Switchbox_clock_mux       ; CLOCK_SEGMENT_MUX                                                                                                                                                                                            ;
;   2.675  ;   0.037  ; RR ; RE   ; 2      ; Switchbox_clock_mux_X280_Y43_N0_I262    ; Switchbox_clock_mux       ; CLOCK_SEGMENT_MUX                                                                                                                                                                                            ;
;   2.769  ;   0.094  ; RR ; RE   ; 1      ; Switchbox_clock_mux_X280_Y43_N0_I101    ; Switchbox_clock_mux       ; CLOCK_SEGMENT_MUX                                                                                                                                                                                            ;
;   2.805  ;   0.036  ; RR ; RE   ; 2      ; Vertical_seam_tap_mux_X280_Y64_N0_I166  ; Vertical_seam_tap_mux     ; CLOCK_SEGMENT_TAP_MUX                                                                                                                                                                                        ;
;   2.894  ;   0.089  ; RR ; RE   ; 1      ; Vertical_seam_tap_mux_X280_Y64_N0_I115  ; Vertical_seam_tap_mux     ; CLOCK_SEGMENT_TAP_MUX                                                                                                                                                                                        ;
;   2.992  ;   0.098  ; RR ; RE   ; 1      ; SPINE_TAP_RE_X253_Y64_N103_I89          ; SPINE_TAP_RE              ; SPINE_TAP_RE                                                                                                                                                                                                 ;
;   2.996  ;   0.004  ; RR ; RE   ; 41     ; SPINE_TAP_RE_X253_Y64_N103_I25          ; SPINE_TAP_RE              ; SPINE_TAP_RE                                                                                                                                                                                                 ;
;   3.206  ;   0.210  ; RR ; RE   ; 2      ; SCLKMUX_RE_X253_Y64_N188_I25            ; SCLKMUX_RE                ; SCLKMUX_RE                                                                                                                                                                                                   ;
;   3.218  ;   0.012  ; RR ; RE   ; 20     ; SCLKMUX_RE_X253_Y64_N188_I38            ; SCLKMUX_RE                ; SCLKMUX_RE                                                                                                                                                                                                   ;
;   3.248  ;   0.030  ; RR ; RE   ; 2      ; ROWCLK_TAPOFF_X257_Y64_N0_I5            ; Row Clock Tap-Off         ; ROWCLK_TAPOFF                                                                                                                                                                                                ;
;   3.282  ;   0.034  ; RR ; RE   ; 1      ; GLOBAL_LOCAL_SEL_X257_Y64_N0_I3         ; GLOBAL_LOCAL_SEL          ; GLOBAL_LOCAL_SEL                                                                                                                                                                                             ;
;   3.304  ;   0.022  ; RR ; RE   ; 1      ; RPII_X257_Y64_N0_I3                     ; Programmable Invert Input ; RPII                                                                                                                                                                                                         ;
;   3.304  ;   0.000  ; RR ; RE   ; 1      ; RPI_X257_Y64_N0_I3                      ; Programmable Invert       ; RPI                                                                                                                                                                                                          ;
;   3.304  ;   0.000  ; RR ; RE   ; 40     ; MEDIUM_EAB_RE_X257_Y64_N0_I77           ; MEDIUM_EAB_RE             ; MEDIUM_EAB_RE                                                                                                                                                                                                ;
;   3.304  ;   0.000  ;    ; IC   ; 1      ; EC_X257_Y64_N3                          ; EC                        ; afu_top|pg_afu.port_gasket|pr_slot|afu_main|port_afu_instances|ofs_plat_afu|core|dma|descriptor_fifo_inst|scfifo_component|auto_generated|dpfifo|FIFOram|altera_syncram_impl1|ram_block2a32|clk0             ;
;   3.304  ;   0.000  ; RR ; CELL ; 0      ; EC_X257_Y64_N3                          ; EC                        ; afu_top|pg_afu.port_gasket|pr_slot|afu_main|port_afu_instances|ofs_plat_afu|core|dma|descriptor_fifo_inst|scfifo_component|auto_generated|dpfifo|FIFOram|altera_syncram_impl1|ram_block2a32~reg0             ;
;   2.436  ;   -0.868 ;    ;      ;        ;                                         ;                           ; clock pessimism removed                                                                                                                                                                                      ;
;   2.430  ;   -0.006 ;    ;      ;        ;                                         ;                           ; advanced clock effects                                                                                                                                                                                       ;
; 2.430    ; 0.000    ;    ;      ;        ;                                         ;                           ; clock uncertainty                                                                                                                                                                                            ;
; 2.513    ; 0.083    ;    ; uTh  ; 0      ; EC_X257_Y64_N3                          ; EC                        ; afu_top|pg_afu.port_gasket|pr_slot|afu_main|port_afu_instances|ofs_plat_afu|core|dma|descriptor_fifo_inst|scfifo_component|auto_generated|dpfifo|FIFOram|altera_syncram_impl1|ram_block2a32~reg0             ;
+----------+----------+----+------+--------+-----------------------------------------+---------------------------+--------------------------------------------------------------------------------------------------------------------------------------------------------------------------------------------------------------+


Path #3: Hold slack is 0.601 
===============================================================================
+--------------------------------------------------------------------------------------------------------------------------------------------------------------------------------------------------------+
; Path Summary                                                                                                                                                                                           ;
+---------------------------------+----------------------------------------------------------------------------------------------------------------------------------------------------------------------+
; Property                        ; Value                                                                                                                                                                ;
+---------------------------------+----------------------------------------------------------------------------------------------------------------------------------------------------------------------+
; From Node                       ; afu_top|pg_afu.port_gasket|pr_slot|afu_main|port_afu_instances|ofs_plat_afu|core|dma|csr_mgr_inst|Select_0~10xsyn_20_BLOCK_INPUT_MUX_PASSTHROUGH_X260_Y70_N0_I19_dff ;
; To Node                         ; afu_top|pg_afu.port_gasket|pr_slot|afu_main|port_afu_instances|ofs_plat_afu|core|dma|csr_mgr_inst|i919~42xsyn_49_BLOCK_INPUT_MUX_PASSTHROUGH_X258_Y69_N0_I45_dff     ;
; Launch Clock                    ; local_mem_wrapper|mem_ss_top|mem_ss_sv|mem_ss|mem_ss|emif_0|emif_0_core_usr_clk                                                                                      ;
; Latch Clock                     ; local_mem_wrapper|mem_ss_top|mem_ss_sv|mem_ss|mem_ss|emif_0|emif_0_core_usr_clk                                                                                      ;
; SDC Exception                   ; No SDC Exception on Path                                                                                                                                             ;
; Data Arrival Time               ; 3.183                                                                                                                                                                ;
; Data Required Time              ; 2.582                                                                                                                                                                ;
; Slack                           ; 0.601                                                                                                                                                                ;
; Worst-Case Operating Conditions ; Fast vid2 100C Model                                                                                                                                                 ;
+---------------------------------+----------------------------------------------------------------------------------------------------------------------------------------------------------------------+

+-------------------------------------------------------------------------------------+
; Statistics                                                                          ;
+------------------------+-------+-------+-------------+------------+--------+--------+
; Property               ; Value ; Count ; Total Delay ; % of Total ; Min    ; Max    ;
+------------------------+-------+-------+-------------+------------+--------+--------+
; Hold Relationship      ; 0.000 ;       ;             ;            ;        ;        ;
; Clock Skew             ; 0.028 ;       ;             ;            ;        ;        ;
; Data Delay             ; 0.764 ;       ;             ;            ;        ;        ;
; Number of Logic Levels ;       ; 4     ;             ;            ;        ;        ;
; Physical Delays        ;       ;       ;             ;            ;        ;        ;
;  Arrival Path          ;       ;       ;             ;            ;        ;        ;
;   Clock                ;       ;       ;             ;            ;        ;        ;
;    IC                  ;       ; 3     ; 0.000       ; 0          ; 0.000  ; 0.000  ;
;    Cell                ;       ; 15    ; 2.430       ; 44         ; 0.000  ; 0.800  ;
;    PLL Compensation    ;       ; 2     ; -3.086      ; 0          ; -2.378 ; -0.708 ;
;    Routing Element     ;       ; 58    ; 3.075       ; 56         ; 0.000  ; 0.186  ;
;   Data                 ;       ;       ;             ;            ;        ;        ;
;    IC                  ;       ; 6     ; 0.000       ; 0          ; 0.000  ; 0.000  ;
;    Cell                ;       ; 7     ; 0.295       ; 39         ; 0.000  ; 0.082  ;
;    uTco                ;       ; 1     ; 0.150       ; 20         ; 0.150  ; 0.150  ;
;    Routing Element     ;       ; 30    ; 0.319       ; 42         ; 0.000  ; 0.033  ;
;  Required Path         ;       ;       ;             ;            ;        ;        ;
;   Clock                ;       ;       ;             ;            ;        ;        ;
;    IC                  ;       ; 3     ; 0.000       ; 0          ; 0.000  ; 0.000  ;
;    Cell                ;       ; 15    ; 2.769       ; 45         ; 0.000  ; 0.903  ;
;    PLL Compensation    ;       ; 2     ; -2.819      ; 0          ; -2.205 ; -0.614 ;
;    Routing Element     ;       ; 58    ; 3.371       ; 55         ; 0.000  ; 0.212  ;
+------------------------+-------+-------+-------------+------------+--------+--------+
Note: Negative delays are omitted from totals when calculating percentages

+------------------------------------------------------------------------------------------------------------------------------------------------------------------------------------------------------------------------------------------------------------------------------------------------------------------------------------+
; Data Arrival Path                                                                                                                                                                                                                                                                                                                  ;
+----------+----------+----+------+--------+---------------------------------------------+----------------------------+--------------------------------------------------------------------------------------------------------------------------------------------------------------------------------------------------------------+
; Total    ; Incr     ; RF ; Type ; Fanout ; Location                                    ; Element Type               ; Element                                                                                                                                                                                                      ;
+----------+----------+----+------+--------+---------------------------------------------+----------------------------+--------------------------------------------------------------------------------------------------------------------------------------------------------------------------------------------------------------+
; 0.000    ; 0.000    ;    ;      ;        ;                                             ;                            ; launch edge time                                                                                                                                                                                             ;
; 2.419    ; 2.419    ;    ;      ;        ;                                             ;                            ; clock path                                                                                                                                                                                                   ;
;   0.000  ;   0.000  ;    ;      ;        ;                                             ;                            ; source latency                                                                                                                                                                                               ;
;   0.000  ;   0.000  ;    ;      ; 1      ; PIN_HF23                                    ; I/O pad                    ; ddr4_mem_ref_clk[0].clk                                                                                                                                                                                      ;
;   0.000  ;   0.000  ;    ; IC   ; 1      ; IOIBUF_X280_Y0_N376                         ; I/O input buffer           ; ddr4_mem_ref_clk[0].clk~input|i                                                                                                                                                                              ;
;   0.129  ;   0.129  ; RR ; CELL ; 2      ; IOIBUF_X280_Y0_N376                         ; I/O input buffer           ; ddr4_mem_ref_clk[0].clk~input|o                                                                                                                                                                              ;
;   0.929  ;   0.800  ; RR ; CELL ; 1      ; REFCLKINPUT_X281_Y0_N301                    ; I/O reference clock tree   ; local_mem_wrapper|mem_ss_top|mem_ss_sv|mem_ss|mem_ss|emif_0|emif_0|arch|arch_inst|pll_inst|pll_inst~refclk|ref_clk_in                                                                                        ;
;   1.052  ;   0.123  ; RR ; CELL ; 3      ; REFCLKINPUT_X281_Y0_N301                    ; I/O reference clock tree   ; local_mem_wrapper|mem_ss_top|mem_ss_sv|mem_ss|mem_ss|emif_0|emif_0|arch|arch_inst|pll_inst|pll_inst~refclk|ref0_to_btm                                                                                       ;
;   1.441  ;   0.389  ; RR ; CELL ; 1      ; REFCLKINPUT_X281_Y0_N301                    ; I/O reference clock tree   ; local_mem_wrapper|mem_ss_top|mem_ss_sv|mem_ss|mem_ss|emif_0|emif_0|arch|arch_inst|pll_inst|pll_inst~refclk|clk_out                                                                                           ;
;   1.441  ;   0.000  ; RR ; CELL ; 1      ; IOPLL_X281_Y0_N303                          ; IOPLL                      ; local_mem_wrapper|mem_ss_top|mem_ss_sv|mem_ss|mem_ss|emif_0|emif_0|arch|arch_inst|pll_inst|pll_inst|pll_cascade_in                                                                                           ;
;   1.591  ;   0.150  ; RR ; CELL ; 2      ; IOPLL_X281_Y0_N303                          ; IOPLL                      ; local_mem_wrapper|mem_ss_top|mem_ss_sv|mem_ss|mem_ss|emif_0|emif_0|arch|arch_inst|pll_inst|pll_inst~fmio96fs_wr/x0/fmio96_core_inst/fmio48tile_top/x5/u4_3/x0/xiopll_custom/xclkin_sw/xpm_pll_so/clk[0]      ;
;   1.714  ;   0.123  ; RR ; CELL ; 2      ; IOPLL_X281_Y0_N303                          ; IOPLL                      ; local_mem_wrapper|mem_ss_top|mem_ss_sv|mem_ss|mem_ss|emif_0|emif_0|arch|arch_inst|pll_inst|pll_inst~fmio96fs_wr/x0/fmio96_core_inst/fmio48tile_top/x5/u4_3/x0/xiopll_custom/xiopll_core/xncnt_iopll/clk      ;
;   1.831  ;   0.117  ; RR ; CELL ; 3      ; IOPLL_X281_Y0_N303                          ; IOPLL                      ; local_mem_wrapper|mem_ss_top|mem_ss_sv|mem_ss|mem_ss|emif_0|emif_0|arch|arch_inst|pll_inst|pll_inst~pllnout                                                                                                  ;
;   1.931  ;   0.100  ; RF ; CELL ; 1      ; IOPLL_X281_Y0_N303                          ; IOPLL                      ; local_mem_wrapper|mem_ss_top|mem_ss_sv|mem_ss|mem_ss|emif_0|emif_0|arch|arch_inst|pll_inst|pll_inst~vco_refclk                                                                                               ;
;   1.942  ;   0.011  ; FR ; CELL ; 1      ; IOPLL_X281_Y0_N303                          ; IOPLL                      ; local_mem_wrapper|mem_ss_top|mem_ss_sv|mem_ss|mem_ss|emif_0|emif_0|arch|arch_inst|pll_inst|pll_inst~vctrl                                                                                                    ;
;   1.234  ;   -0.708 ; RR ; COMP ; 1      ; IOPLL_X281_Y0_N303                          ; IOPLL                      ; local_mem_wrapper|mem_ss_top|mem_ss_sv|mem_ss|mem_ss|emif_0|emif_0|arch|arch_inst|pll_inst|pll_inst~vcoph[0]                                                                                                 ;
;   1.234  ;   0.000  ; RR ; CELL ; 10     ; IOPLL_X281_Y0_N303                          ; IOPLL                      ; local_mem_wrapper|mem_ss_top|mem_ss_sv|mem_ss|mem_ss|emif_0|emif_0|arch|arch_inst|pll_inst|pll_inst|vcoph[0]                                                                                                 ;
;   1.234  ;   0.000  ; RR ; CELL ; 3      ; TILECTRL_X281_Y0_N298                       ; I/O tile control logic     ; local_mem_wrapper|mem_ss_top|mem_ss_sv|mem_ss|mem_ss|emif_0|emif_0|arch|arch_inst|io_tiles_wrap_inst|io_tiles_inst|tile_gen[1].tile_ctrl_inst|pll_vco_in[0]                                                  ;
;   -1.144 ;   -2.378 ; RR ; COMP ; 1      ; TILECTRL_X281_Y0_N298                       ; I/O tile control logic     ; local_mem_wrapper|mem_ss_top|mem_ss_sv|mem_ss|mem_ss|emif_0|emif_0|arch|arch_inst|io_tiles_wrap_inst|io_tiles_inst|tile_gen[1].tile_ctrl_inst|pa_core_clk_out[0]                                             ;
;   -0.656 ;   0.488  ; RR ; CELL ; 16258  ; TILECTRL_X281_Y0_N298                       ; I/O tile control logic     ; local_mem_wrapper|mem_ss_top|mem_ss_sv|mem_ss|mem_ss|emif_0|emif_0|arch|arch_inst|io_tiles_wrap_inst|io_tiles_inst|tile_gen[1].tile_ctrl_inst~fmio96fs_wr/m32_0_29__iophasealignment_to_dcm__core_clk_out[1] ;
;   -0.656 ;   0.000  ;    ; IC   ; 1      ; Boundary Port                               ; N/A                        ; afu_top|pg_afu.port_gasket|pr_slot|afu_main|ext_mem_if[0].clk|input                                                                                                                                          ;
;   -0.656 ;   0.000  ; RR ; CELL ; 105325 ; Boundary Port                               ; N/A                        ; afu_top|pg_afu.port_gasket|pr_slot|afu_main|ext_mem_if[0].clk                                                                                                                                                ;
;   -0.656 ;   0.000  ; RR ; RE   ; 1      ; TILECTRL_X281_Y0_N298                       ; I/O tile control logic     ; TILE_CTRL                                                                                                                                                                                                    ;
;   -0.607 ;   0.049  ; RR ; RE   ; 1      ; IO96FSWRRE_X280_Y0_N0_I3537                 ; IO96FS_WR_RE               ; IO96FS_WR_RE                                                                                                                                                                                                 ;
;   -0.524 ;   0.083  ; RR ; RE   ; 1      ; DCM_mux_X307_Y2_N0_I29                      ; DCM_mux                    ; CC_DCM_GMUX_RE                                                                                                                                                                                               ;
;   -0.475 ;   0.049  ; RR ; RE   ; 1      ; IO_P2C_RE_X280_Y2_N150_I75                  ; IO_P2C_RE                  ; IO_P2C_RE                                                                                                                                                                                                    ;
;   -0.450 ;   0.025  ; RR ; RE   ; 1      ; IO_P2C_RE_X280_Y2_N150_I26                  ; IO_P2C_RE                  ; IO_P2C_RE                                                                                                                                                                                                    ;
;   -0.417 ;   0.033  ; RR ; RE   ; 1      ; Switchbox_clock_mux_X280_Y2_N0_I197         ; Switchbox_clock_mux        ; CLOCK_SEGMENT_MUX                                                                                                                                                                                            ;
;   -0.330 ;   0.087  ; RR ; RE   ; 1      ; Switchbox_clock_mux_X280_Y2_N0_I105         ; Switchbox_clock_mux        ; CLOCK_SEGMENT_MUX                                                                                                                                                                                            ;
;   -0.305 ;   0.025  ; RF ; RE   ; 1      ; Vertical_seam_tap_mux_X280_Y23_N0_I165      ; Vertical_seam_tap_mux      ; CLOCK_SEGMENT_TAP_MUX                                                                                                                                                                                        ;
;   -0.248 ;   0.057  ; FR ; RE   ; 1      ; Vertical_seam_tap_mux_X280_Y23_N0_I53       ; Vertical_seam_tap_mux      ; CLOCK_SEGMENT_TAP_MUX                                                                                                                                                                                        ;
;   -0.217 ;   0.031  ; RR ; RE   ; 1      ; Switchbox_clock_mux_X280_Y43_N0_I197        ; Switchbox_clock_mux        ; CLOCK_SEGMENT_MUX                                                                                                                                                                                            ;
;   -0.131 ;   0.086  ; RR ; RE   ; 1      ; Switchbox_clock_mux_X280_Y43_N0_I105        ; Switchbox_clock_mux        ; CLOCK_SEGMENT_MUX                                                                                                                                                                                            ;
;   -0.106 ;   0.025  ; RF ; RE   ; 1      ; Vertical_seam_tap_mux_X280_Y64_N0_I165      ; Vertical_seam_tap_mux      ; CLOCK_SEGMENT_TAP_MUX                                                                                                                                                                                        ;
;   -0.048 ;   0.058  ; FR ; RE   ; 1      ; Vertical_seam_tap_mux_X280_Y64_N0_I53       ; Vertical_seam_tap_mux      ; CLOCK_SEGMENT_TAP_MUX                                                                                                                                                                                        ;
;   -0.018 ;   0.030  ; RR ; RE   ; 1      ; Switchbox_clock_mux_X280_Y84_N0_I197        ; Switchbox_clock_mux        ; CLOCK_SEGMENT_MUX                                                                                                                                                                                            ;
;   0.064  ;   0.082  ; RR ; RE   ; 1      ; Switchbox_clock_mux_X280_Y84_N0_I105        ; Switchbox_clock_mux        ; CLOCK_SEGMENT_MUX                                                                                                                                                                                            ;
;   0.088  ;   0.024  ; RF ; RE   ; 1      ; Vertical_seam_tap_mux_X280_Y105_N0_I165     ; Vertical_seam_tap_mux      ; CLOCK_SEGMENT_TAP_MUX                                                                                                                                                                                        ;
;   0.146  ;   0.058  ; FR ; RE   ; 1      ; Vertical_seam_tap_mux_X280_Y105_N0_I53      ; Vertical_seam_tap_mux      ; CLOCK_SEGMENT_TAP_MUX                                                                                                                                                                                        ;
;   0.176  ;   0.030  ; RR ; RE   ; 1      ; Switchbox_clock_mux_X280_Y125_N0_I197       ; Switchbox_clock_mux        ; CLOCK_SEGMENT_MUX                                                                                                                                                                                            ;
;   0.258  ;   0.082  ; RR ; RE   ; 1      ; Switchbox_clock_mux_X280_Y125_N0_I105       ; Switchbox_clock_mux        ; CLOCK_SEGMENT_MUX                                                                                                                                                                                            ;
;   0.283  ;   0.025  ; RF ; RE   ; 1      ; Vertical_seam_tap_mux_X280_Y146_N0_I165     ; Vertical_seam_tap_mux      ; CLOCK_SEGMENT_TAP_MUX                                                                                                                                                                                        ;
;   0.340  ;   0.057  ; FR ; RE   ; 1      ; Vertical_seam_tap_mux_X280_Y146_N0_I53      ; Vertical_seam_tap_mux      ; CLOCK_SEGMENT_TAP_MUX                                                                                                                                                                                        ;
;   0.371  ;   0.031  ; RR ; RE   ; 1      ; Switchbox_clock_mux_X280_Y166_N0_I197       ; Switchbox_clock_mux        ; CLOCK_SEGMENT_MUX                                                                                                                                                                                            ;
;   0.549  ;   0.178  ; RR ; RE   ; 1      ; Switchbox_clock_mux_X280_Y166_N0_I106       ; Switchbox_clock_mux        ; CLOCK_SEGMENT_MUX                                                                                                                                                                                            ;
;   0.580  ;   0.031  ; RR ; RE   ; 1      ; Switchbox_clock_mux_X226_Y166_N0_I229       ; Switchbox_clock_mux        ; CLOCK_SEGMENT_MUX                                                                                                                                                                                            ;
;   0.610  ;   0.030  ; RR ; RE   ; 2      ; Switchbox_clock_mux_X226_Y166_N0_I153       ; Switchbox_clock_mux        ; CLOCK_SEGMENT_MUX                                                                                                                                                                                            ;
;   0.689  ;   0.079  ; RR ; RE   ; 1      ; Switchbox_clock_mux_X226_Y166_N0_I103       ; Switchbox_clock_mux        ; CLOCK_SEGMENT_MUX                                                                                                                                                                                            ;
;   0.713  ;   0.024  ; RF ; RE   ; 1      ; Vertical_seam_tap_mux_X226_Y146_N0_I134     ; Vertical_seam_tap_mux      ; CLOCK_SEGMENT_TAP_MUX                                                                                                                                                                                        ;
;   0.772  ;   0.059  ; FR ; RE   ; 1      ; Vertical_seam_tap_mux_X226_Y146_N0_I50      ; Vertical_seam_tap_mux      ; CLOCK_SEGMENT_TAP_MUX                                                                                                                                                                                        ;
;   0.806  ;   0.034  ; RR ; RE   ; 1      ; Switchbox_clock_mux_X226_Y125_N0_I166       ; Switchbox_clock_mux        ; CLOCK_SEGMENT_MUX                                                                                                                                                                                            ;
;   0.885  ;   0.079  ; RR ; RE   ; 1      ; Switchbox_clock_mux_X226_Y125_N0_I103       ; Switchbox_clock_mux        ; CLOCK_SEGMENT_MUX                                                                                                                                                                                            ;
;   0.909  ;   0.024  ; RF ; RE   ; 1      ; Vertical_seam_tap_mux_X226_Y105_N0_I134     ; Vertical_seam_tap_mux      ; CLOCK_SEGMENT_TAP_MUX                                                                                                                                                                                        ;
;   0.968  ;   0.059  ; FR ; RE   ; 1      ; Vertical_seam_tap_mux_X226_Y105_N0_I50      ; Vertical_seam_tap_mux      ; CLOCK_SEGMENT_TAP_MUX                                                                                                                                                                                        ;
;   1.001  ;   0.033  ; RR ; RE   ; 2      ; Switchbox_clock_mux_X226_Y84_N0_I166        ; Switchbox_clock_mux        ; CLOCK_SEGMENT_MUX                                                                                                                                                                                            ;
;   1.186  ;   0.185  ; RR ; RE   ; 1      ; Switchbox_clock_mux_X226_Y84_N0_I102        ; Switchbox_clock_mux        ; CLOCK_SEGMENT_MUX                                                                                                                                                                                            ;
;   1.218  ;   0.032  ; RR ; RE   ; 1      ; Switchbox_clock_mux_X280_Y84_N0_I230        ; Switchbox_clock_mux        ; CLOCK_SEGMENT_MUX                                                                                                                                                                                            ;
;   1.395  ;   0.177  ; RR ; RE   ; 1      ; Switchbox_clock_mux_X280_Y84_N0_I100        ; Switchbox_clock_mux        ; CLOCK_SEGMENT_MUX                                                                                                                                                                                            ;
;   1.427  ;   0.032  ; RR ; RE   ; 2      ; Switchbox_clock_mux_X334_Y84_N0_I230        ; Switchbox_clock_mux        ; CLOCK_SEGMENT_MUX                                                                                                                                                                                            ;
;   1.506  ;   0.079  ; RR ; RE   ; 1      ; Switchbox_clock_mux_X334_Y84_N0_I103        ; Switchbox_clock_mux        ; CLOCK_SEGMENT_MUX                                                                                                                                                                                            ;
;   1.530  ;   0.024  ; RF ; RE   ; 1      ; Vertical_seam_tap_mux_X334_Y64_N0_I134      ; Vertical_seam_tap_mux      ; CLOCK_SEGMENT_TAP_MUX                                                                                                                                                                                        ;
;   1.587  ;   0.057  ; FR ; RE   ; 1      ; Vertical_seam_tap_mux_X334_Y64_N0_I50       ; Vertical_seam_tap_mux      ; CLOCK_SEGMENT_TAP_MUX                                                                                                                                                                                        ;
;   1.620  ;   0.033  ; RR ; RE   ; 2      ; Switchbox_clock_mux_X334_Y43_N0_I166        ; Switchbox_clock_mux        ; CLOCK_SEGMENT_MUX                                                                                                                                                                                            ;
;   1.804  ;   0.184  ; RR ; RE   ; 1      ; Switchbox_clock_mux_X334_Y43_N0_I102        ; Switchbox_clock_mux        ; CLOCK_SEGMENT_MUX                                                                                                                                                                                            ;
;   1.837  ;   0.033  ; RR ; RE   ; 2      ; Switchbox_clock_mux_X280_Y43_N0_I262        ; Switchbox_clock_mux        ; CLOCK_SEGMENT_MUX                                                                                                                                                                                            ;
;   1.924  ;   0.087  ; RR ; RE   ; 1      ; Switchbox_clock_mux_X280_Y43_N0_I101        ; Switchbox_clock_mux        ; CLOCK_SEGMENT_MUX                                                                                                                                                                                            ;
;   1.956  ;   0.032  ; RR ; RE   ; 2      ; Vertical_seam_tap_mux_X280_Y64_N0_I166      ; Vertical_seam_tap_mux      ; CLOCK_SEGMENT_TAP_MUX                                                                                                                                                                                        ;
;   2.039  ;   0.083  ; RR ; RE   ; 1      ; Vertical_seam_tap_mux_X280_Y64_N0_I115      ; Vertical_seam_tap_mux      ; CLOCK_SEGMENT_TAP_MUX                                                                                                                                                                                        ;
;   2.124  ;   0.085  ; RR ; RE   ; 1      ; SPINE_TAP_RE_X253_Y64_N103_I89              ; SPINE_TAP_RE               ; SPINE_TAP_RE                                                                                                                                                                                                 ;
;   2.145  ;   0.021  ; RR ; RE   ; 41     ; SPINE_TAP_RE_X253_Y64_N103_I25              ; SPINE_TAP_RE               ; SPINE_TAP_RE                                                                                                                                                                                                 ;
;   2.331  ;   0.186  ; RR ; RE   ; 2      ; SCLKMUX_RE_X253_Y70_N188_I25                ; SCLKMUX_RE                 ; SCLKMUX_RE                                                                                                                                                                                                   ;
;   2.355  ;   0.024  ; RR ; RE   ; 16     ; SCLKMUX_RE_X253_Y70_N188_I40                ; SCLKMUX_RE                 ; SCLKMUX_RE                                                                                                                                                                                                   ;
;   2.381  ;   0.026  ; RR ; RE   ; 1      ; ROWCLK_TAPOFF_X260_Y70_N0_I3                ; Row Clock Tap-Off          ; ROWCLK_TAPOFF                                                                                                                                                                                                ;
;   2.404  ;   0.023  ; RR ; RE   ; 1      ; GLOBAL_LOCAL_SEL_X260_Y70_N0_I3             ; GLOBAL_LOCAL_SEL           ; GLOBAL_LOCAL_SEL                                                                                                                                                                                             ;
;   2.419  ;   0.015  ; RR ; RE   ; 1      ; RPII_X260_Y70_N0_I3                         ; Programmable Invert Input  ; RPII                                                                                                                                                                                                         ;
;   2.419  ;   0.000  ; RR ; RE   ; 1      ; RPI_X260_Y70_N0_I3                          ; Programmable Invert        ; RPI                                                                                                                                                                                                          ;
;   2.419  ;   0.000  ; RR ; RE   ; 1      ; LAB_RE_X260_Y70_N0_I84                      ; LAB_RE                     ; clkb                                                                                                                                                                                                         ;
;   2.419  ;   0.000  ; RR ; RE   ; 1      ; LAB_RE_X260_Y70_N0_I152                     ; LAB_RE                     ; LAB_RE                                                                                                                                                                                                       ;
;   2.419  ;   0.000  ; RR ; RE   ; 12     ; LEIMCLKALE_X260_Y70_N0_I0                   ; LEIMCLKALE                 ; LEIMCLKALE                                                                                                                                                                                                   ;
;   2.419  ;   0.000  ; RR ; RE   ; 1      ; HYPERFLEX_CLK_M_MUX_X260_Y70_N0_I21         ; Hyperflex clocking network ; HIPI_M_MUX                                                                                                                                                                                                   ;
;   2.419  ;   0.000  ;    ; IC   ; 1      ; BLOCK_INPUT_MUX_PASSTHROUGH_X260_Y70_N0_I19 ; Hyper-Register             ; afu_top|pg_afu.port_gasket|pr_slot|afu_main|port_afu_instances|ofs_plat_afu|core|dma|csr_mgr_inst|Select_0~10xsyn_20_BLOCK_INPUT_MUX_PASSTHROUGH_X260_Y70_N0_I19_dff|clk                                     ;
;   2.419  ;   0.000  ; RR ; CELL ; 1      ; BLOCK_INPUT_MUX_PASSTHROUGH_X260_Y70_N0_I19 ; Hyper-Register             ; afu_top|pg_afu.port_gasket|pr_slot|afu_main|port_afu_instances|ofs_plat_afu|core|dma|csr_mgr_inst|Select_0~10xsyn_20_BLOCK_INPUT_MUX_PASSTHROUGH_X260_Y70_N0_I19_dff                                         ;
; 3.183    ; 0.764    ;    ;      ;        ;                                             ;                            ; data path                                                                                                                                                                                                    ;
;   2.569  ;   0.150  ; FF ; uTco ; 1      ; BLOCK_INPUT_MUX_PASSTHROUGH_X260_Y70_N0_I19 ; Hyper-Register             ; afu_top|pg_afu.port_gasket|pr_slot|afu_main|port_afu_instances|ofs_plat_afu|core|dma|csr_mgr_inst|Select_0~10xsyn_20_BLOCK_INPUT_MUX_PASSTHROUGH_X260_Y70_N0_I19_dff|q                                       ;
;   2.569  ;   0.000  ; FF ; RE   ; 1      ; BLOCK_INPUT_MUX_PASSTHROUGH_X260_Y70_N0_I19 ; Hyper-Register             ; LEIM                                                                                                                                                                                                         ;
;   2.570  ;   0.001  ; FF ; RE   ; 1      ; BLOCK_INPUT_MUX_PASSTHROUGH_X260_Y70_N0_I19 ; Block Input Mux            ; LEIM                                                                                                                                                                                                         ;
;   2.570  ;   0.000  ; FF ; RE   ; 1      ; LAB_RE_X260_Y70_N0_I23                      ; LAB_RE                     ; leimf[2]                                                                                                                                                                                                     ;
;   2.570  ;   0.000  ;    ; IC   ; 1      ; MLABCELL_X260_Y70_N15                       ; Combinational cell         ; afu_top|pg_afu.port_gasket|pr_slot|afu_main|port_afu_instances|ofs_plat_afu|core|dma|csr_mgr_inst|i2852~0|dataf                                                                                              ;
;   2.585  ;   0.015  ; FF ; CELL ; 4      ; MLABCELL_X260_Y70_N15                       ; Combinational cell         ; afu_top|pg_afu.port_gasket|pr_slot|afu_main|port_afu_instances|ofs_plat_afu|core|dma|csr_mgr_inst|i2852~0|combout                                                                                            ;
;   2.600  ;   0.015  ; FR ; CELL ; 12     ; MLABCELL_X260_Y70_N15                       ; Combinational cell         ; afu_top|pg_afu.port_gasket|pr_slot|afu_main|port_afu_instances|ofs_plat_afu|core|dma|csr_mgr_inst|i2852~0~cw_ml_mlab/lab_lut6outt[2]                                                                         ;
;   2.600  ;   0.000  ; RR ; RE   ; 1      ; MLABCELL_X260_Y70_N15                       ; Combinational cell         ; MP_MLAB_COMB                                                                                                                                                                                                 ;
;   2.602  ;   0.002  ; RR ; RE   ; 1      ; LAB_RE_X260_Y70_N0_I136                     ; LAB_RE                     ; LAB_RE                                                                                                                                                                                                       ;
;   2.626  ;   0.024  ; RR ; RE   ; 1      ; R1_X260_Y70_N0_I9                           ; R1 interconnect            ; H1                                                                                                                                                                                                           ;
;   2.659  ;   0.033  ; RR ; RE   ; 1      ; C1_X259_Y69_N0_I9                           ; C1 interconnect            ; V1                                                                                                                                                                                                           ;
;   2.684  ;   0.025  ; RR ; RE   ; 1      ; R0_X259_Y69_N0_I13                          ; R0 interconnect            ; H0                                                                                                                                                                                                           ;
;   2.701  ;   0.017  ; RF ; RE   ; 1      ; LOCAL_INTERCONNECT_X259_Y69_N0_I77          ; Block interconnect         ; LAB_LINE                                                                                                                                                                                                     ;
;   2.724  ;   0.023  ; FR ; RE   ; 1      ; BLOCK_INPUT_MUX_PASSTHROUGH_X259_Y69_N0_I81 ; Block Input Mux            ; LEIM                                                                                                                                                                                                         ;
;   2.724  ;   0.000  ; RR ; RE   ; 12     ; LAB_RE_X259_Y69_N0_I81                      ; LAB_RE                     ; lsim[1]                                                                                                                                                                                                      ;
;   2.724  ;   0.000  ;    ; IC   ; 2      ; FF_X259_Y69_N26                             ; Bypassed ALM Register      ; afu_top|pg_afu.port_gasket|pr_slot|afu_main|port_afu_instances|ofs_plat_afu|core|dma|csr_mgr_inst|dma_csr_map.descriptor.length[0]~DUPLICATE.comb|ena                                                        ;
;   2.806  ;   0.082  ; RF ; CELL ; 3      ; FF_X259_Y69_N26                             ; Bypassed ALM Register      ; afu_top|pg_afu.port_gasket|pr_slot|afu_main|port_afu_instances|ofs_plat_afu|core|dma|csr_mgr_inst|dma_csr_map.descriptor.length[0]~DUPLICATE.comb|q                                                          ;
;   2.806  ;   0.000  ; FF ; RE   ; 1      ; FF_X259_Y69_N26                             ; Bypassed ALM Register      ; FF                                                                                                                                                                                                           ;
;   2.811  ;   0.005  ; FF ; RE   ; 2      ; LAB_RE_X259_Y69_N0_I106                     ; LAB_RE                     ; LAB_RE                                                                                                                                                                                                       ;
;   2.836  ;   0.025  ; FR ; RE   ; 2      ; LOCAL_INTERCONNECT_X259_Y69_N0_I39          ; Block interconnect         ; LAB_LINE                                                                                                                                                                                                     ;
;   2.857  ;   0.021  ; RF ; RE   ; 1      ; BLOCK_INPUT_MUX_PASSTHROUGH_X259_Y69_N0_I15 ; Block Input Mux            ; LEIM                                                                                                                                                                                                         ;
;   2.857  ;   0.000  ; FF ; RE   ; 1      ; LAB_RE_X259_Y69_N0_I9                       ; LAB_RE                     ; leimd0[1]                                                                                                                                                                                                    ;
;   2.857  ;   0.000  ;    ; IC   ; 1      ; LABCELL_X259_Y69_N6                         ; Combinational cell         ; afu_top|pg_afu.port_gasket|pr_slot|afu_main|port_afu_instances|ofs_plat_afu|core|dma|csr_mgr_inst|LessThan_3~0|datad                                                                                         ;
;   2.918  ;   0.061  ; FF ; CELL ; 2      ; LABCELL_X259_Y69_N6                         ; Combinational cell         ; afu_top|pg_afu.port_gasket|pr_slot|afu_main|port_afu_instances|ofs_plat_afu|core|dma|csr_mgr_inst|LessThan_3~0|combout                                                                                       ;
;   2.918  ;   0.000  ; FF ; RE   ; 1      ; LABCELL_X259_Y69_N6                         ; Combinational cell         ; MP_LAB_COMB                                                                                                                                                                                                  ;
;   2.922  ;   0.004  ; FF ; RE   ; 2      ; LAB_RE_X259_Y69_N0_I93                      ; LAB_RE                     ; LAB_RE                                                                                                                                                                                                       ;
;   2.943  ;   0.021  ; FR ; RE   ; 1      ; LOCAL_INTERCONNECT_X259_Y69_N0_I17          ; Block interconnect         ; LAB_LINE                                                                                                                                                                                                     ;
;   2.966  ;   0.023  ; RF ; RE   ; 1      ; BLOCK_INPUT_MUX_PASSTHROUGH_X259_Y69_N0_I60 ; Block Input Mux            ; LEIM                                                                                                                                                                                                         ;
;   2.966  ;   0.000  ; FF ; RE   ; 1      ; LAB_RE_X259_Y69_N0_I59                      ; LAB_RE                     ; leima[7]                                                                                                                                                                                                     ;
;   2.966  ;   0.000  ;    ; IC   ; 1      ; LABCELL_X259_Y69_N45                        ; Combinational cell         ; afu_top|pg_afu.port_gasket|pr_slot|afu_main|port_afu_instances|ofs_plat_afu|core|dma|csr_mgr_inst|i919~41|dataa                                                                                              ;
;   3.038  ;   0.072  ; FF ; CELL ; 1      ; LABCELL_X259_Y69_N45                        ; Combinational cell         ; afu_top|pg_afu.port_gasket|pr_slot|afu_main|port_afu_instances|ofs_plat_afu|core|dma|csr_mgr_inst|i919~41|combout                                                                                            ;
;   3.038  ;   0.000  ; FF ; RE   ; 1      ; LABCELL_X259_Y69_N45                        ; Combinational cell         ; MP_LAB_COMB                                                                                                                                                                                                  ;
;   3.040  ;   0.002  ; FF ; RE   ; 1      ; LAB_RE_X259_Y69_N0_I146                     ; LAB_RE                     ; LAB_RE                                                                                                                                                                                                       ;
;   3.064  ;   0.024  ; FF ; RE   ; 1      ; R1_X259_Y69_N0_I29                          ; R1 interconnect            ; H1                                                                                                                                                                                                           ;
;   3.085  ;   0.021  ; FR ; RE   ; 1      ; LOCAL_INTERCONNECT_X258_Y69_N0_I59          ; Block interconnect         ; LAB_LINE                                                                                                                                                                                                     ;
;   3.105  ;   0.020  ; RF ; RE   ; 1      ; BLOCK_INPUT_MUX_PASSTHROUGH_X258_Y69_N0_I51 ; Block Input Mux            ; LEIM                                                                                                                                                                                                         ;
;   3.105  ;   0.000  ; FF ; RE   ; 1      ; LAB_RE_X258_Y69_N0_I55                      ; LAB_RE                     ; leimf[6]                                                                                                                                                                                                     ;
;   3.105  ;   0.000  ;    ; IC   ; 1      ; MLABCELL_X258_Y69_N39                       ; Combinational cell         ; afu_top|pg_afu.port_gasket|pr_slot|afu_main|port_afu_instances|ofs_plat_afu|core|dma|csr_mgr_inst|i919~42xsyn_49|dataf                                                                                       ;
;   3.155  ;   0.050  ; FF ; CELL ; 2      ; MLABCELL_X258_Y69_N39                       ; Combinational cell         ; afu_top|pg_afu.port_gasket|pr_slot|afu_main|port_afu_instances|ofs_plat_afu|core|dma|csr_mgr_inst|i919~42xsyn_49|combout                                                                                     ;
;   3.155  ;   0.000  ; FF ; RE   ; 1      ; MLABCELL_X258_Y69_N39                       ; Combinational cell         ; MP_MLAB_COMB                                                                                                                                                                                                 ;
;   3.159  ;   0.004  ; FF ; RE   ; 1      ; LAB_RE_X258_Y69_N0_I115                     ; LAB_RE                     ; LAB_RE                                                                                                                                                                                                       ;
;   3.183  ;   0.024  ; FR ; RE   ; 3      ; LOCAL_INTERCONNECT_X258_Y69_N0_I58          ; Block interconnect         ; LAB_LINE                                                                                                                                                                                                     ;
;   3.183  ;   0.000  ;    ; IC   ; 1      ; BLOCK_INPUT_MUX_PASSTHROUGH_X258_Y69_N0_I45 ; Hyper-Register             ; afu_top|pg_afu.port_gasket|pr_slot|afu_main|port_afu_instances|ofs_plat_afu|core|dma|csr_mgr_inst|i919~42xsyn_49_BLOCK_INPUT_MUX_PASSTHROUGH_X258_Y69_N0_I45_dff|d                                           ;
;   3.183  ;   0.000  ; RR ; CELL ; 1      ; BLOCK_INPUT_MUX_PASSTHROUGH_X258_Y69_N0_I45 ; Hyper-Register             ; afu_top|pg_afu.port_gasket|pr_slot|afu_main|port_afu_instances|ofs_plat_afu|core|dma|csr_mgr_inst|i919~42xsyn_49_BLOCK_INPUT_MUX_PASSTHROUGH_X258_Y69_N0_I45_dff                                             ;
+----------+----------+----+------+--------+---------------------------------------------+----------------------------+--------------------------------------------------------------------------------------------------------------------------------------------------------------------------------------------------------------+

+------------------------------------------------------------------------------------------------------------------------------------------------------------------------------------------------------------------------------------------------------------------------------------------------------------------------------------+
; Data Required Path                                                                                                                                                                                                                                                                                                                 ;
+----------+----------+----+------+--------+---------------------------------------------+----------------------------+--------------------------------------------------------------------------------------------------------------------------------------------------------------------------------------------------------------+
; Total    ; Incr     ; RF ; Type ; Fanout ; Location                                    ; Element Type               ; Element                                                                                                                                                                                                      ;
+----------+----------+----+------+--------+---------------------------------------------+----------------------------+--------------------------------------------------------------------------------------------------------------------------------------------------------------------------------------------------------------+
; 0.000    ; 0.000    ;    ;      ;        ;                                             ;                            ; latch edge time                                                                                                                                                                                              ;
; 2.447    ; 2.447    ;    ;      ;        ;                                             ;                            ; clock path                                                                                                                                                                                                   ;
;   0.000  ;   0.000  ;    ;      ;        ;                                             ;                            ; source latency                                                                                                                                                                                               ;
;   0.000  ;   0.000  ;    ;      ; 1      ; PIN_HF23                                    ; I/O pad                    ; ddr4_mem_ref_clk[0].clk                                                                                                                                                                                      ;
;   0.000  ;   0.000  ;    ; IC   ; 1      ; IOIBUF_X280_Y0_N376                         ; I/O input buffer           ; ddr4_mem_ref_clk[0].clk~input|i                                                                                                                                                                              ;
;   0.129  ;   0.129  ; RR ; CELL ; 2      ; IOIBUF_X280_Y0_N376                         ; I/O input buffer           ; ddr4_mem_ref_clk[0].clk~input|o                                                                                                                                                                              ;
;   1.032  ;   0.903  ; RR ; CELL ; 1      ; REFCLKINPUT_X281_Y0_N301                    ; I/O reference clock tree   ; local_mem_wrapper|mem_ss_top|mem_ss_sv|mem_ss|mem_ss|emif_0|emif_0|arch|arch_inst|pll_inst|pll_inst~refclk|ref_clk_in                                                                                        ;
;   1.178  ;   0.146  ; RR ; CELL ; 3      ; REFCLKINPUT_X281_Y0_N301                    ; I/O reference clock tree   ; local_mem_wrapper|mem_ss_top|mem_ss_sv|mem_ss|mem_ss|emif_0|emif_0|arch|arch_inst|pll_inst|pll_inst~refclk|ref0_to_btm                                                                                       ;
;   1.620  ;   0.442  ; RR ; CELL ; 1      ; REFCLKINPUT_X281_Y0_N301                    ; I/O reference clock tree   ; local_mem_wrapper|mem_ss_top|mem_ss_sv|mem_ss|mem_ss|emif_0|emif_0|arch|arch_inst|pll_inst|pll_inst~refclk|clk_out                                                                                           ;
;   1.620  ;   0.000  ; RR ; CELL ; 1      ; IOPLL_X281_Y0_N303                          ; IOPLL                      ; local_mem_wrapper|mem_ss_top|mem_ss_sv|mem_ss|mem_ss|emif_0|emif_0|arch|arch_inst|pll_inst|pll_inst|pll_cascade_in                                                                                           ;
;   1.792  ;   0.172  ; RR ; CELL ; 2      ; IOPLL_X281_Y0_N303                          ; IOPLL                      ; local_mem_wrapper|mem_ss_top|mem_ss_sv|mem_ss|mem_ss|emif_0|emif_0|arch|arch_inst|pll_inst|pll_inst~fmio96fs_wr/x0/fmio96_core_inst/fmio48tile_top/x5/u4_3/x0/xiopll_custom/xclkin_sw/xpm_pll_so/clk[0]      ;
;   1.934  ;   0.142  ; RR ; CELL ; 2      ; IOPLL_X281_Y0_N303                          ; IOPLL                      ; local_mem_wrapper|mem_ss_top|mem_ss_sv|mem_ss|mem_ss|emif_0|emif_0|arch|arch_inst|pll_inst|pll_inst~fmio96fs_wr/x0/fmio96_core_inst/fmio48tile_top/x5/u4_3/x0/xiopll_custom/xiopll_core/xncnt_iopll/clk      ;
;   2.068  ;   0.134  ; RR ; CELL ; 3      ; IOPLL_X281_Y0_N303                          ; IOPLL                      ; local_mem_wrapper|mem_ss_top|mem_ss_sv|mem_ss|mem_ss|emif_0|emif_0|arch|arch_inst|pll_inst|pll_inst~pllnout                                                                                                  ;
;   2.184  ;   0.116  ; RF ; CELL ; 1      ; IOPLL_X281_Y0_N303                          ; IOPLL                      ; local_mem_wrapper|mem_ss_top|mem_ss_sv|mem_ss|mem_ss|emif_0|emif_0|arch|arch_inst|pll_inst|pll_inst~vco_refclk                                                                                               ;
;   2.202  ;   0.018  ; FR ; CELL ; 1      ; IOPLL_X281_Y0_N303                          ; IOPLL                      ; local_mem_wrapper|mem_ss_top|mem_ss_sv|mem_ss|mem_ss|emif_0|emif_0|arch|arch_inst|pll_inst|pll_inst~vctrl                                                                                                    ;
;   1.588  ;   -0.614 ; RR ; COMP ; 1      ; IOPLL_X281_Y0_N303                          ; IOPLL                      ; local_mem_wrapper|mem_ss_top|mem_ss_sv|mem_ss|mem_ss|emif_0|emif_0|arch|arch_inst|pll_inst|pll_inst~vcoph[0]                                                                                                 ;
;   1.588  ;   0.000  ; RR ; CELL ; 10     ; IOPLL_X281_Y0_N303                          ; IOPLL                      ; local_mem_wrapper|mem_ss_top|mem_ss_sv|mem_ss|mem_ss|emif_0|emif_0|arch|arch_inst|pll_inst|pll_inst|vcoph[0]                                                                                                 ;
;   1.588  ;   0.000  ; RR ; CELL ; 3      ; TILECTRL_X281_Y0_N298                       ; I/O tile control logic     ; local_mem_wrapper|mem_ss_top|mem_ss_sv|mem_ss|mem_ss|emif_0|emif_0|arch|arch_inst|io_tiles_wrap_inst|io_tiles_inst|tile_gen[1].tile_ctrl_inst|pll_vco_in[0]                                                  ;
;   -0.617 ;   -2.205 ; RR ; COMP ; 1      ; TILECTRL_X281_Y0_N298                       ; I/O tile control logic     ; local_mem_wrapper|mem_ss_top|mem_ss_sv|mem_ss|mem_ss|emif_0|emif_0|arch|arch_inst|io_tiles_wrap_inst|io_tiles_inst|tile_gen[1].tile_ctrl_inst|pa_core_clk_out[0]                                             ;
;   -0.050 ;   0.567  ; RR ; CELL ; 16258  ; TILECTRL_X281_Y0_N298                       ; I/O tile control logic     ; local_mem_wrapper|mem_ss_top|mem_ss_sv|mem_ss|mem_ss|emif_0|emif_0|arch|arch_inst|io_tiles_wrap_inst|io_tiles_inst|tile_gen[1].tile_ctrl_inst~fmio96fs_wr/m32_0_29__iophasealignment_to_dcm__core_clk_out[1] ;
;   -0.050 ;   0.000  ;    ; IC   ; 1      ; Boundary Port                               ; N/A                        ; afu_top|pg_afu.port_gasket|pr_slot|afu_main|ext_mem_if[0].clk|input                                                                                                                                          ;
;   -0.050 ;   0.000  ; RR ; CELL ; 105325 ; Boundary Port                               ; N/A                        ; afu_top|pg_afu.port_gasket|pr_slot|afu_main|ext_mem_if[0].clk                                                                                                                                                ;
;   -0.050 ;   0.000  ; RR ; RE   ; 1      ; TILECTRL_X281_Y0_N298                       ; I/O tile control logic     ; TILE_CTRL                                                                                                                                                                                                    ;
;   0.005  ;   0.055  ; RR ; RE   ; 1      ; IO96FSWRRE_X280_Y0_N0_I3537                 ; IO96FS_WR_RE               ; IO96FS_WR_RE                                                                                                                                                                                                 ;
;   0.094  ;   0.089  ; RR ; RE   ; 1      ; DCM_mux_X307_Y2_N0_I29                      ; DCM_mux                    ; CC_DCM_GMUX_RE                                                                                                                                                                                               ;
;   0.150  ;   0.056  ; RR ; RE   ; 1      ; IO_P2C_RE_X280_Y2_N150_I75                  ; IO_P2C_RE                  ; IO_P2C_RE                                                                                                                                                                                                    ;
;   0.177  ;   0.027  ; RR ; RE   ; 1      ; IO_P2C_RE_X280_Y2_N150_I26                  ; IO_P2C_RE                  ; IO_P2C_RE                                                                                                                                                                                                    ;
;   0.214  ;   0.037  ; RR ; RE   ; 1      ; Switchbox_clock_mux_X280_Y2_N0_I197         ; Switchbox_clock_mux        ; CLOCK_SEGMENT_MUX                                                                                                                                                                                            ;
;   0.308  ;   0.094  ; RR ; RE   ; 1      ; Switchbox_clock_mux_X280_Y2_N0_I105         ; Switchbox_clock_mux        ; CLOCK_SEGMENT_MUX                                                                                                                                                                                            ;
;   0.336  ;   0.028  ; RF ; RE   ; 1      ; Vertical_seam_tap_mux_X280_Y23_N0_I165      ; Vertical_seam_tap_mux      ; CLOCK_SEGMENT_TAP_MUX                                                                                                                                                                                        ;
;   0.398  ;   0.062  ; FR ; RE   ; 1      ; Vertical_seam_tap_mux_X280_Y23_N0_I53       ; Vertical_seam_tap_mux      ; CLOCK_SEGMENT_TAP_MUX                                                                                                                                                                                        ;
;   0.432  ;   0.034  ; RR ; RE   ; 1      ; Switchbox_clock_mux_X280_Y43_N0_I197        ; Switchbox_clock_mux        ; CLOCK_SEGMENT_MUX                                                                                                                                                                                            ;
;   0.526  ;   0.094  ; RR ; RE   ; 1      ; Switchbox_clock_mux_X280_Y43_N0_I105        ; Switchbox_clock_mux        ; CLOCK_SEGMENT_MUX                                                                                                                                                                                            ;
;   0.554  ;   0.028  ; RF ; RE   ; 1      ; Vertical_seam_tap_mux_X280_Y64_N0_I165      ; Vertical_seam_tap_mux      ; CLOCK_SEGMENT_TAP_MUX                                                                                                                                                                                        ;
;   0.615  ;   0.061  ; FR ; RE   ; 1      ; Vertical_seam_tap_mux_X280_Y64_N0_I53       ; Vertical_seam_tap_mux      ; CLOCK_SEGMENT_TAP_MUX                                                                                                                                                                                        ;
;   0.650  ;   0.035  ; RR ; RE   ; 1      ; Switchbox_clock_mux_X280_Y84_N0_I197        ; Switchbox_clock_mux        ; CLOCK_SEGMENT_MUX                                                                                                                                                                                            ;
;   0.738  ;   0.088  ; RR ; RE   ; 1      ; Switchbox_clock_mux_X280_Y84_N0_I105        ; Switchbox_clock_mux        ; CLOCK_SEGMENT_MUX                                                                                                                                                                                            ;
;   0.766  ;   0.028  ; RF ; RE   ; 1      ; Vertical_seam_tap_mux_X280_Y105_N0_I165     ; Vertical_seam_tap_mux      ; CLOCK_SEGMENT_TAP_MUX                                                                                                                                                                                        ;
;   0.827  ;   0.061  ; FR ; RE   ; 1      ; Vertical_seam_tap_mux_X280_Y105_N0_I53      ; Vertical_seam_tap_mux      ; CLOCK_SEGMENT_TAP_MUX                                                                                                                                                                                        ;
;   0.862  ;   0.035  ; RR ; RE   ; 1      ; Switchbox_clock_mux_X280_Y125_N0_I197       ; Switchbox_clock_mux        ; CLOCK_SEGMENT_MUX                                                                                                                                                                                            ;
;   0.950  ;   0.088  ; RR ; RE   ; 1      ; Switchbox_clock_mux_X280_Y125_N0_I105       ; Switchbox_clock_mux        ; CLOCK_SEGMENT_MUX                                                                                                                                                                                            ;
;   0.978  ;   0.028  ; RF ; RE   ; 1      ; Vertical_seam_tap_mux_X280_Y146_N0_I165     ; Vertical_seam_tap_mux      ; CLOCK_SEGMENT_TAP_MUX                                                                                                                                                                                        ;
;   1.040  ;   0.062  ; FR ; RE   ; 1      ; Vertical_seam_tap_mux_X280_Y146_N0_I53      ; Vertical_seam_tap_mux      ; CLOCK_SEGMENT_TAP_MUX                                                                                                                                                                                        ;
;   1.074  ;   0.034  ; RR ; RE   ; 1      ; Switchbox_clock_mux_X280_Y166_N0_I197       ; Switchbox_clock_mux        ; CLOCK_SEGMENT_MUX                                                                                                                                                                                            ;
;   1.267  ;   0.193  ; RR ; RE   ; 1      ; Switchbox_clock_mux_X280_Y166_N0_I106       ; Switchbox_clock_mux        ; CLOCK_SEGMENT_MUX                                                                                                                                                                                            ;
;   1.302  ;   0.035  ; RR ; RE   ; 1      ; Switchbox_clock_mux_X226_Y166_N0_I229       ; Switchbox_clock_mux        ; CLOCK_SEGMENT_MUX                                                                                                                                                                                            ;
;   1.336  ;   0.034  ; RR ; RE   ; 2      ; Switchbox_clock_mux_X226_Y166_N0_I153       ; Switchbox_clock_mux        ; CLOCK_SEGMENT_MUX                                                                                                                                                                                            ;
;   1.421  ;   0.085  ; RR ; RE   ; 1      ; Switchbox_clock_mux_X226_Y166_N0_I103       ; Switchbox_clock_mux        ; CLOCK_SEGMENT_MUX                                                                                                                                                                                            ;
;   1.449  ;   0.028  ; RF ; RE   ; 1      ; Vertical_seam_tap_mux_X226_Y146_N0_I134     ; Vertical_seam_tap_mux      ; CLOCK_SEGMENT_TAP_MUX                                                                                                                                                                                        ;
;   1.512  ;   0.063  ; FR ; RE   ; 1      ; Vertical_seam_tap_mux_X226_Y146_N0_I50      ; Vertical_seam_tap_mux      ; CLOCK_SEGMENT_TAP_MUX                                                                                                                                                                                        ;
;   1.550  ;   0.038  ; RR ; RE   ; 1      ; Switchbox_clock_mux_X226_Y125_N0_I166       ; Switchbox_clock_mux        ; CLOCK_SEGMENT_MUX                                                                                                                                                                                            ;
;   1.636  ;   0.086  ; RR ; RE   ; 1      ; Switchbox_clock_mux_X226_Y125_N0_I103       ; Switchbox_clock_mux        ; CLOCK_SEGMENT_MUX                                                                                                                                                                                            ;
;   1.663  ;   0.027  ; RF ; RE   ; 1      ; Vertical_seam_tap_mux_X226_Y105_N0_I134     ; Vertical_seam_tap_mux      ; CLOCK_SEGMENT_TAP_MUX                                                                                                                                                                                        ;
;   1.726  ;   0.063  ; FR ; RE   ; 1      ; Vertical_seam_tap_mux_X226_Y105_N0_I50      ; Vertical_seam_tap_mux      ; CLOCK_SEGMENT_TAP_MUX                                                                                                                                                                                        ;
;   1.763  ;   0.037  ; RR ; RE   ; 2      ; Switchbox_clock_mux_X226_Y84_N0_I166        ; Switchbox_clock_mux        ; CLOCK_SEGMENT_MUX                                                                                                                                                                                            ;
;   1.964  ;   0.201  ; RR ; RE   ; 1      ; Switchbox_clock_mux_X226_Y84_N0_I102        ; Switchbox_clock_mux        ; CLOCK_SEGMENT_MUX                                                                                                                                                                                            ;
;   1.999  ;   0.035  ; RR ; RE   ; 1      ; Switchbox_clock_mux_X280_Y84_N0_I230        ; Switchbox_clock_mux        ; CLOCK_SEGMENT_MUX                                                                                                                                                                                            ;
;   2.191  ;   0.192  ; RR ; RE   ; 1      ; Switchbox_clock_mux_X280_Y84_N0_I100        ; Switchbox_clock_mux        ; CLOCK_SEGMENT_MUX                                                                                                                                                                                            ;
;   2.227  ;   0.036  ; RR ; RE   ; 2      ; Switchbox_clock_mux_X334_Y84_N0_I230        ; Switchbox_clock_mux        ; CLOCK_SEGMENT_MUX                                                                                                                                                                                            ;
;   2.313  ;   0.086  ; RR ; RE   ; 1      ; Switchbox_clock_mux_X334_Y84_N0_I103        ; Switchbox_clock_mux        ; CLOCK_SEGMENT_MUX                                                                                                                                                                                            ;
;   2.340  ;   0.027  ; RF ; RE   ; 1      ; Vertical_seam_tap_mux_X334_Y64_N0_I134      ; Vertical_seam_tap_mux      ; CLOCK_SEGMENT_TAP_MUX                                                                                                                                                                                        ;
;   2.401  ;   0.061  ; FR ; RE   ; 1      ; Vertical_seam_tap_mux_X334_Y64_N0_I50       ; Vertical_seam_tap_mux      ; CLOCK_SEGMENT_TAP_MUX                                                                                                                                                                                        ;
;   2.438  ;   0.037  ; RR ; RE   ; 2      ; Switchbox_clock_mux_X334_Y43_N0_I166        ; Switchbox_clock_mux        ; CLOCK_SEGMENT_MUX                                                                                                                                                                                            ;
;   2.638  ;   0.200  ; RR ; RE   ; 1      ; Switchbox_clock_mux_X334_Y43_N0_I102        ; Switchbox_clock_mux        ; CLOCK_SEGMENT_MUX                                                                                                                                                                                            ;
;   2.675  ;   0.037  ; RR ; RE   ; 2      ; Switchbox_clock_mux_X280_Y43_N0_I262        ; Switchbox_clock_mux        ; CLOCK_SEGMENT_MUX                                                                                                                                                                                            ;
;   2.769  ;   0.094  ; RR ; RE   ; 1      ; Switchbox_clock_mux_X280_Y43_N0_I101        ; Switchbox_clock_mux        ; CLOCK_SEGMENT_MUX                                                                                                                                                                                            ;
;   2.805  ;   0.036  ; RR ; RE   ; 2      ; Vertical_seam_tap_mux_X280_Y64_N0_I166      ; Vertical_seam_tap_mux      ; CLOCK_SEGMENT_TAP_MUX                                                                                                                                                                                        ;
;   2.894  ;   0.089  ; RR ; RE   ; 1      ; Vertical_seam_tap_mux_X280_Y64_N0_I115      ; Vertical_seam_tap_mux      ; CLOCK_SEGMENT_TAP_MUX                                                                                                                                                                                        ;
;   2.992  ;   0.098  ; RR ; RE   ; 1      ; SPINE_TAP_RE_X253_Y64_N103_I89              ; SPINE_TAP_RE               ; SPINE_TAP_RE                                                                                                                                                                                                 ;
;   3.010  ;   0.018  ; RR ; RE   ; 41     ; SPINE_TAP_RE_X253_Y64_N103_I25              ; SPINE_TAP_RE               ; SPINE_TAP_RE                                                                                                                                                                                                 ;
;   3.222  ;   0.212  ; RR ; RE   ; 2      ; SCLKMUX_RE_X253_Y69_N188_I25                ; SCLKMUX_RE                 ; SCLKMUX_RE                                                                                                                                                                                                   ;
;   3.243  ;   0.021  ; RR ; RE   ; 17     ; SCLKMUX_RE_X253_Y69_N188_I40                ; SCLKMUX_RE                 ; SCLKMUX_RE                                                                                                                                                                                                   ;
;   3.271  ;   0.028  ; RR ; RE   ; 2      ; ROWCLK_TAPOFF_X258_Y69_N0_I3                ; Row Clock Tap-Off          ; ROWCLK_TAPOFF                                                                                                                                                                                                ;
;   3.302  ;   0.031  ; RR ; RE   ; 1      ; GLOBAL_LOCAL_SEL_X258_Y69_N0_I2             ; GLOBAL_LOCAL_SEL           ; GLOBAL_LOCAL_SEL                                                                                                                                                                                             ;
;   3.321  ;   0.019  ; RR ; RE   ; 1      ; RPII_X258_Y69_N0_I2                         ; Programmable Invert Input  ; RPII                                                                                                                                                                                                         ;
;   3.321  ;   0.000  ; RR ; RE   ; 1      ; RPI_X258_Y69_N0_I2                          ; Programmable Invert        ; RPI                                                                                                                                                                                                          ;
;   3.321  ;   0.000  ; RR ; RE   ; 16     ; LAB_RE_X258_Y69_N0_I83                      ; LAB_RE                     ; clka                                                                                                                                                                                                         ;
;   3.321  ;   0.000  ; RR ; RE   ; 1      ; LAB_RE_X258_Y69_N0_I150                     ; LAB_RE                     ; LAB_RE                                                                                                                                                                                                       ;
;   3.321  ;   0.000  ; RR ; RE   ; 14     ; LEIMCLKALE_X258_Y69_N0_I0                   ; LEIMCLKALE                 ; LEIMCLKALE                                                                                                                                                                                                   ;
;   3.321  ;   0.000  ; RR ; RE   ; 1      ; HYPERFLEX_CLK_M_MUX_X258_Y69_N0_I50         ; Hyperflex clocking network ; HIPI_M_MUX                                                                                                                                                                                                   ;
;   3.321  ;   0.000  ;    ; IC   ; 1      ; BLOCK_INPUT_MUX_PASSTHROUGH_X258_Y69_N0_I45 ; Hyper-Register             ; afu_top|pg_afu.port_gasket|pr_slot|afu_main|port_afu_instances|ofs_plat_afu|core|dma|csr_mgr_inst|i919~42xsyn_49_BLOCK_INPUT_MUX_PASSTHROUGH_X258_Y69_N0_I45_dff|clk                                         ;
;   3.321  ;   0.000  ; RR ; CELL ; 1      ; BLOCK_INPUT_MUX_PASSTHROUGH_X258_Y69_N0_I45 ; Hyper-Register             ; afu_top|pg_afu.port_gasket|pr_slot|afu_main|port_afu_instances|ofs_plat_afu|core|dma|csr_mgr_inst|i919~42xsyn_49_BLOCK_INPUT_MUX_PASSTHROUGH_X258_Y69_N0_I45_dff                                             ;
;   2.453  ;   -0.868 ;    ;      ;        ;                                             ;                            ; clock pessimism removed                                                                                                                                                                                      ;
;   2.447  ;   -0.006 ;    ;      ;        ;                                             ;                            ; advanced clock effects                                                                                                                                                                                       ;
; 2.447    ; 0.000    ;    ;      ;        ;                                             ;                            ; clock uncertainty                                                                                                                                                                                            ;
; 2.582    ; 0.135    ;    ; uTh  ; 1      ; BLOCK_INPUT_MUX_PASSTHROUGH_X258_Y69_N0_I45 ; Hyper-Register             ; afu_top|pg_afu.port_gasket|pr_slot|afu_main|port_afu_instances|ofs_plat_afu|core|dma|csr_mgr_inst|i919~42xsyn_49_BLOCK_INPUT_MUX_PASSTHROUGH_X258_Y69_N0_I45_dff                                             ;
+----------+----------+----+------+--------+---------------------------------------------+----------------------------+--------------------------------------------------------------------------------------------------------------------------------------------------------------------------------------------------------------+


Path #4: Hold slack is 0.743 
===============================================================================
+--------------------------------------------------------------------------------------------------------------------------------------------------------------------------------------------------------+
; Path Summary                                                                                                                                                                                           ;
+---------------------------------+----------------------------------------------------------------------------------------------------------------------------------------------------------------------+
; Property                        ; Value                                                                                                                                                                ;
+---------------------------------+----------------------------------------------------------------------------------------------------------------------------------------------------------------------+
; From Node                       ; afu_top|pg_afu.port_gasket|pr_slot|afu_main|port_afu_instances|ofs_plat_afu|core|dma|csr_mgr_inst|Select_0~10xsyn_20_BLOCK_INPUT_MUX_PASSTHROUGH_X260_Y70_N0_I19_dff ;
; To Node                         ; afu_top|pg_afu.port_gasket|pr_slot|afu_main|port_afu_instances|ofs_plat_afu|core|dma|csr_mgr_inst|Select_0~10xsyn_BLOCK_INPUT_MUX_PASSTHROUGH_X258_Y70_N0_I61_dff    ;
; Launch Clock                    ; local_mem_wrapper|mem_ss_top|mem_ss_sv|mem_ss|mem_ss|emif_0|emif_0_core_usr_clk                                                                                      ;
; Latch Clock                     ; local_mem_wrapper|mem_ss_top|mem_ss_sv|mem_ss|mem_ss|emif_0|emif_0_core_usr_clk                                                                                      ;
; SDC Exception                   ; No SDC Exception on Path                                                                                                                                             ;
; Data Arrival Time               ; 3.308                                                                                                                                                                ;
; Data Required Time              ; 2.565                                                                                                                                                                ;
; Slack                           ; 0.743                                                                                                                                                                ;
; Worst-Case Operating Conditions ; Fast vid2 100C Model                                                                                                                                                 ;
+---------------------------------+----------------------------------------------------------------------------------------------------------------------------------------------------------------------+

+-------------------------------------------------------------------------------------+
; Statistics                                                                          ;
+------------------------+-------+-------+-------------+------------+--------+--------+
; Property               ; Value ; Count ; Total Delay ; % of Total ; Min    ; Max    ;
+------------------------+-------+-------+-------------+------------+--------+--------+
; Hold Relationship      ; 0.000 ;       ;             ;            ;        ;        ;
; Clock Skew             ; 0.010 ;       ;             ;            ;        ;        ;
; Data Delay             ; 0.889 ;       ;             ;            ;        ;        ;
; Number of Logic Levels ;       ; 5     ;             ;            ;        ;        ;
; Physical Delays        ;       ;       ;             ;            ;        ;        ;
;  Arrival Path          ;       ;       ;             ;            ;        ;        ;
;   Clock                ;       ;       ;             ;            ;        ;        ;
;    IC                  ;       ; 3     ; 0.000       ; 0          ; 0.000  ; 0.000  ;
;    Cell                ;       ; 15    ; 2.430       ; 44         ; 0.000  ; 0.800  ;
;    PLL Compensation    ;       ; 2     ; -3.086      ; 0          ; -2.378 ; -0.708 ;
;    Routing Element     ;       ; 58    ; 3.075       ; 56         ; 0.000  ; 0.186  ;
;   Data                 ;       ;       ;             ;            ;        ;        ;
;    IC                  ;       ; 7     ; 0.000       ; 0          ; 0.000  ; 0.000  ;
;    Cell                ;       ; 8     ; 0.342       ; 38         ; 0.000  ; 0.082  ;
;    uTco                ;       ; 1     ; 0.150       ; 17         ; 0.150  ; 0.150  ;
;    Routing Element     ;       ; 36    ; 0.397       ; 45         ; 0.000  ; 0.034  ;
;  Required Path         ;       ;       ;             ;            ;        ;        ;
;   Clock                ;       ;       ;             ;            ;        ;        ;
;    IC                  ;       ; 3     ; 0.000       ; 0          ; 0.000  ; 0.000  ;
;    Cell                ;       ; 15    ; 2.769       ; 45         ; 0.000  ; 0.903  ;
;    PLL Compensation    ;       ; 2     ; -2.819      ; 0          ; -2.205 ; -0.614 ;
;    Routing Element     ;       ; 58    ; 3.375       ; 55         ; 0.000  ; 0.213  ;
+------------------------+-------+-------+-------------+------------+--------+--------+
Note: Negative delays are omitted from totals when calculating percentages

+------------------------------------------------------------------------------------------------------------------------------------------------------------------------------------------------------------------------------------------------------------------------------------------------------------------------------------+
; Data Arrival Path                                                                                                                                                                                                                                                                                                                  ;
+----------+----------+----+------+--------+---------------------------------------------+----------------------------+--------------------------------------------------------------------------------------------------------------------------------------------------------------------------------------------------------------+
; Total    ; Incr     ; RF ; Type ; Fanout ; Location                                    ; Element Type               ; Element                                                                                                                                                                                                      ;
+----------+----------+----+------+--------+---------------------------------------------+----------------------------+--------------------------------------------------------------------------------------------------------------------------------------------------------------------------------------------------------------+
; 0.000    ; 0.000    ;    ;      ;        ;                                             ;                            ; launch edge time                                                                                                                                                                                             ;
; 2.419    ; 2.419    ;    ;      ;        ;                                             ;                            ; clock path                                                                                                                                                                                                   ;
;   0.000  ;   0.000  ;    ;      ;        ;                                             ;                            ; source latency                                                                                                                                                                                               ;
;   0.000  ;   0.000  ;    ;      ; 1      ; PIN_HF23                                    ; I/O pad                    ; ddr4_mem_ref_clk[0].clk                                                                                                                                                                                      ;
;   0.000  ;   0.000  ;    ; IC   ; 1      ; IOIBUF_X280_Y0_N376                         ; I/O input buffer           ; ddr4_mem_ref_clk[0].clk~input|i                                                                                                                                                                              ;
;   0.129  ;   0.129  ; RR ; CELL ; 2      ; IOIBUF_X280_Y0_N376                         ; I/O input buffer           ; ddr4_mem_ref_clk[0].clk~input|o                                                                                                                                                                              ;
;   0.929  ;   0.800  ; RR ; CELL ; 1      ; REFCLKINPUT_X281_Y0_N301                    ; I/O reference clock tree   ; local_mem_wrapper|mem_ss_top|mem_ss_sv|mem_ss|mem_ss|emif_0|emif_0|arch|arch_inst|pll_inst|pll_inst~refclk|ref_clk_in                                                                                        ;
;   1.052  ;   0.123  ; RR ; CELL ; 3      ; REFCLKINPUT_X281_Y0_N301                    ; I/O reference clock tree   ; local_mem_wrapper|mem_ss_top|mem_ss_sv|mem_ss|mem_ss|emif_0|emif_0|arch|arch_inst|pll_inst|pll_inst~refclk|ref0_to_btm                                                                                       ;
;   1.441  ;   0.389  ; RR ; CELL ; 1      ; REFCLKINPUT_X281_Y0_N301                    ; I/O reference clock tree   ; local_mem_wrapper|mem_ss_top|mem_ss_sv|mem_ss|mem_ss|emif_0|emif_0|arch|arch_inst|pll_inst|pll_inst~refclk|clk_out                                                                                           ;
;   1.441  ;   0.000  ; RR ; CELL ; 1      ; IOPLL_X281_Y0_N303                          ; IOPLL                      ; local_mem_wrapper|mem_ss_top|mem_ss_sv|mem_ss|mem_ss|emif_0|emif_0|arch|arch_inst|pll_inst|pll_inst|pll_cascade_in                                                                                           ;
;   1.591  ;   0.150  ; RR ; CELL ; 2      ; IOPLL_X281_Y0_N303                          ; IOPLL                      ; local_mem_wrapper|mem_ss_top|mem_ss_sv|mem_ss|mem_ss|emif_0|emif_0|arch|arch_inst|pll_inst|pll_inst~fmio96fs_wr/x0/fmio96_core_inst/fmio48tile_top/x5/u4_3/x0/xiopll_custom/xclkin_sw/xpm_pll_so/clk[0]      ;
;   1.714  ;   0.123  ; RR ; CELL ; 2      ; IOPLL_X281_Y0_N303                          ; IOPLL                      ; local_mem_wrapper|mem_ss_top|mem_ss_sv|mem_ss|mem_ss|emif_0|emif_0|arch|arch_inst|pll_inst|pll_inst~fmio96fs_wr/x0/fmio96_core_inst/fmio48tile_top/x5/u4_3/x0/xiopll_custom/xiopll_core/xncnt_iopll/clk      ;
;   1.831  ;   0.117  ; RR ; CELL ; 3      ; IOPLL_X281_Y0_N303                          ; IOPLL                      ; local_mem_wrapper|mem_ss_top|mem_ss_sv|mem_ss|mem_ss|emif_0|emif_0|arch|arch_inst|pll_inst|pll_inst~pllnout                                                                                                  ;
;   1.931  ;   0.100  ; RF ; CELL ; 1      ; IOPLL_X281_Y0_N303                          ; IOPLL                      ; local_mem_wrapper|mem_ss_top|mem_ss_sv|mem_ss|mem_ss|emif_0|emif_0|arch|arch_inst|pll_inst|pll_inst~vco_refclk                                                                                               ;
;   1.942  ;   0.011  ; FR ; CELL ; 1      ; IOPLL_X281_Y0_N303                          ; IOPLL                      ; local_mem_wrapper|mem_ss_top|mem_ss_sv|mem_ss|mem_ss|emif_0|emif_0|arch|arch_inst|pll_inst|pll_inst~vctrl                                                                                                    ;
;   1.234  ;   -0.708 ; RR ; COMP ; 1      ; IOPLL_X281_Y0_N303                          ; IOPLL                      ; local_mem_wrapper|mem_ss_top|mem_ss_sv|mem_ss|mem_ss|emif_0|emif_0|arch|arch_inst|pll_inst|pll_inst~vcoph[0]                                                                                                 ;
;   1.234  ;   0.000  ; RR ; CELL ; 10     ; IOPLL_X281_Y0_N303                          ; IOPLL                      ; local_mem_wrapper|mem_ss_top|mem_ss_sv|mem_ss|mem_ss|emif_0|emif_0|arch|arch_inst|pll_inst|pll_inst|vcoph[0]                                                                                                 ;
;   1.234  ;   0.000  ; RR ; CELL ; 3      ; TILECTRL_X281_Y0_N298                       ; I/O tile control logic     ; local_mem_wrapper|mem_ss_top|mem_ss_sv|mem_ss|mem_ss|emif_0|emif_0|arch|arch_inst|io_tiles_wrap_inst|io_tiles_inst|tile_gen[1].tile_ctrl_inst|pll_vco_in[0]                                                  ;
;   -1.144 ;   -2.378 ; RR ; COMP ; 1      ; TILECTRL_X281_Y0_N298                       ; I/O tile control logic     ; local_mem_wrapper|mem_ss_top|mem_ss_sv|mem_ss|mem_ss|emif_0|emif_0|arch|arch_inst|io_tiles_wrap_inst|io_tiles_inst|tile_gen[1].tile_ctrl_inst|pa_core_clk_out[0]                                             ;
;   -0.656 ;   0.488  ; RR ; CELL ; 16258  ; TILECTRL_X281_Y0_N298                       ; I/O tile control logic     ; local_mem_wrapper|mem_ss_top|mem_ss_sv|mem_ss|mem_ss|emif_0|emif_0|arch|arch_inst|io_tiles_wrap_inst|io_tiles_inst|tile_gen[1].tile_ctrl_inst~fmio96fs_wr/m32_0_29__iophasealignment_to_dcm__core_clk_out[1] ;
;   -0.656 ;   0.000  ;    ; IC   ; 1      ; Boundary Port                               ; N/A                        ; afu_top|pg_afu.port_gasket|pr_slot|afu_main|ext_mem_if[0].clk|input                                                                                                                                          ;
;   -0.656 ;   0.000  ; RR ; CELL ; 105325 ; Boundary Port                               ; N/A                        ; afu_top|pg_afu.port_gasket|pr_slot|afu_main|ext_mem_if[0].clk                                                                                                                                                ;
;   -0.656 ;   0.000  ; RR ; RE   ; 1      ; TILECTRL_X281_Y0_N298                       ; I/O tile control logic     ; TILE_CTRL                                                                                                                                                                                                    ;
;   -0.607 ;   0.049  ; RR ; RE   ; 1      ; IO96FSWRRE_X280_Y0_N0_I3537                 ; IO96FS_WR_RE               ; IO96FS_WR_RE                                                                                                                                                                                                 ;
;   -0.524 ;   0.083  ; RR ; RE   ; 1      ; DCM_mux_X307_Y2_N0_I29                      ; DCM_mux                    ; CC_DCM_GMUX_RE                                                                                                                                                                                               ;
;   -0.475 ;   0.049  ; RR ; RE   ; 1      ; IO_P2C_RE_X280_Y2_N150_I75                  ; IO_P2C_RE                  ; IO_P2C_RE                                                                                                                                                                                                    ;
;   -0.450 ;   0.025  ; RR ; RE   ; 1      ; IO_P2C_RE_X280_Y2_N150_I26                  ; IO_P2C_RE                  ; IO_P2C_RE                                                                                                                                                                                                    ;
;   -0.417 ;   0.033  ; RR ; RE   ; 1      ; Switchbox_clock_mux_X280_Y2_N0_I197         ; Switchbox_clock_mux        ; CLOCK_SEGMENT_MUX                                                                                                                                                                                            ;
;   -0.330 ;   0.087  ; RR ; RE   ; 1      ; Switchbox_clock_mux_X280_Y2_N0_I105         ; Switchbox_clock_mux        ; CLOCK_SEGMENT_MUX                                                                                                                                                                                            ;
;   -0.305 ;   0.025  ; RF ; RE   ; 1      ; Vertical_seam_tap_mux_X280_Y23_N0_I165      ; Vertical_seam_tap_mux      ; CLOCK_SEGMENT_TAP_MUX                                                                                                                                                                                        ;
;   -0.248 ;   0.057  ; FR ; RE   ; 1      ; Vertical_seam_tap_mux_X280_Y23_N0_I53       ; Vertical_seam_tap_mux      ; CLOCK_SEGMENT_TAP_MUX                                                                                                                                                                                        ;
;   -0.217 ;   0.031  ; RR ; RE   ; 1      ; Switchbox_clock_mux_X280_Y43_N0_I197        ; Switchbox_clock_mux        ; CLOCK_SEGMENT_MUX                                                                                                                                                                                            ;
;   -0.131 ;   0.086  ; RR ; RE   ; 1      ; Switchbox_clock_mux_X280_Y43_N0_I105        ; Switchbox_clock_mux        ; CLOCK_SEGMENT_MUX                                                                                                                                                                                            ;
;   -0.106 ;   0.025  ; RF ; RE   ; 1      ; Vertical_seam_tap_mux_X280_Y64_N0_I165      ; Vertical_seam_tap_mux      ; CLOCK_SEGMENT_TAP_MUX                                                                                                                                                                                        ;
;   -0.048 ;   0.058  ; FR ; RE   ; 1      ; Vertical_seam_tap_mux_X280_Y64_N0_I53       ; Vertical_seam_tap_mux      ; CLOCK_SEGMENT_TAP_MUX                                                                                                                                                                                        ;
;   -0.018 ;   0.030  ; RR ; RE   ; 1      ; Switchbox_clock_mux_X280_Y84_N0_I197        ; Switchbox_clock_mux        ; CLOCK_SEGMENT_MUX                                                                                                                                                                                            ;
;   0.064  ;   0.082  ; RR ; RE   ; 1      ; Switchbox_clock_mux_X280_Y84_N0_I105        ; Switchbox_clock_mux        ; CLOCK_SEGMENT_MUX                                                                                                                                                                                            ;
;   0.088  ;   0.024  ; RF ; RE   ; 1      ; Vertical_seam_tap_mux_X280_Y105_N0_I165     ; Vertical_seam_tap_mux      ; CLOCK_SEGMENT_TAP_MUX                                                                                                                                                                                        ;
;   0.146  ;   0.058  ; FR ; RE   ; 1      ; Vertical_seam_tap_mux_X280_Y105_N0_I53      ; Vertical_seam_tap_mux      ; CLOCK_SEGMENT_TAP_MUX                                                                                                                                                                                        ;
;   0.176  ;   0.030  ; RR ; RE   ; 1      ; Switchbox_clock_mux_X280_Y125_N0_I197       ; Switchbox_clock_mux        ; CLOCK_SEGMENT_MUX                                                                                                                                                                                            ;
;   0.258  ;   0.082  ; RR ; RE   ; 1      ; Switchbox_clock_mux_X280_Y125_N0_I105       ; Switchbox_clock_mux        ; CLOCK_SEGMENT_MUX                                                                                                                                                                                            ;
;   0.283  ;   0.025  ; RF ; RE   ; 1      ; Vertical_seam_tap_mux_X280_Y146_N0_I165     ; Vertical_seam_tap_mux      ; CLOCK_SEGMENT_TAP_MUX                                                                                                                                                                                        ;
;   0.340  ;   0.057  ; FR ; RE   ; 1      ; Vertical_seam_tap_mux_X280_Y146_N0_I53      ; Vertical_seam_tap_mux      ; CLOCK_SEGMENT_TAP_MUX                                                                                                                                                                                        ;
;   0.371  ;   0.031  ; RR ; RE   ; 1      ; Switchbox_clock_mux_X280_Y166_N0_I197       ; Switchbox_clock_mux        ; CLOCK_SEGMENT_MUX                                                                                                                                                                                            ;
;   0.549  ;   0.178  ; RR ; RE   ; 1      ; Switchbox_clock_mux_X280_Y166_N0_I106       ; Switchbox_clock_mux        ; CLOCK_SEGMENT_MUX                                                                                                                                                                                            ;
;   0.580  ;   0.031  ; RR ; RE   ; 1      ; Switchbox_clock_mux_X226_Y166_N0_I229       ; Switchbox_clock_mux        ; CLOCK_SEGMENT_MUX                                                                                                                                                                                            ;
;   0.610  ;   0.030  ; RR ; RE   ; 2      ; Switchbox_clock_mux_X226_Y166_N0_I153       ; Switchbox_clock_mux        ; CLOCK_SEGMENT_MUX                                                                                                                                                                                            ;
;   0.689  ;   0.079  ; RR ; RE   ; 1      ; Switchbox_clock_mux_X226_Y166_N0_I103       ; Switchbox_clock_mux        ; CLOCK_SEGMENT_MUX                                                                                                                                                                                            ;
;   0.713  ;   0.024  ; RF ; RE   ; 1      ; Vertical_seam_tap_mux_X226_Y146_N0_I134     ; Vertical_seam_tap_mux      ; CLOCK_SEGMENT_TAP_MUX                                                                                                                                                                                        ;
;   0.772  ;   0.059  ; FR ; RE   ; 1      ; Vertical_seam_tap_mux_X226_Y146_N0_I50      ; Vertical_seam_tap_mux      ; CLOCK_SEGMENT_TAP_MUX                                                                                                                                                                                        ;
;   0.806  ;   0.034  ; RR ; RE   ; 1      ; Switchbox_clock_mux_X226_Y125_N0_I166       ; Switchbox_clock_mux        ; CLOCK_SEGMENT_MUX                                                                                                                                                                                            ;
;   0.885  ;   0.079  ; RR ; RE   ; 1      ; Switchbox_clock_mux_X226_Y125_N0_I103       ; Switchbox_clock_mux        ; CLOCK_SEGMENT_MUX                                                                                                                                                                                            ;
;   0.909  ;   0.024  ; RF ; RE   ; 1      ; Vertical_seam_tap_mux_X226_Y105_N0_I134     ; Vertical_seam_tap_mux      ; CLOCK_SEGMENT_TAP_MUX                                                                                                                                                                                        ;
;   0.968  ;   0.059  ; FR ; RE   ; 1      ; Vertical_seam_tap_mux_X226_Y105_N0_I50      ; Vertical_seam_tap_mux      ; CLOCK_SEGMENT_TAP_MUX                                                                                                                                                                                        ;
;   1.001  ;   0.033  ; RR ; RE   ; 2      ; Switchbox_clock_mux_X226_Y84_N0_I166        ; Switchbox_clock_mux        ; CLOCK_SEGMENT_MUX                                                                                                                                                                                            ;
;   1.186  ;   0.185  ; RR ; RE   ; 1      ; Switchbox_clock_mux_X226_Y84_N0_I102        ; Switchbox_clock_mux        ; CLOCK_SEGMENT_MUX                                                                                                                                                                                            ;
;   1.218  ;   0.032  ; RR ; RE   ; 1      ; Switchbox_clock_mux_X280_Y84_N0_I230        ; Switchbox_clock_mux        ; CLOCK_SEGMENT_MUX                                                                                                                                                                                            ;
;   1.395  ;   0.177  ; RR ; RE   ; 1      ; Switchbox_clock_mux_X280_Y84_N0_I100        ; Switchbox_clock_mux        ; CLOCK_SEGMENT_MUX                                                                                                                                                                                            ;
;   1.427  ;   0.032  ; RR ; RE   ; 2      ; Switchbox_clock_mux_X334_Y84_N0_I230        ; Switchbox_clock_mux        ; CLOCK_SEGMENT_MUX                                                                                                                                                                                            ;
;   1.506  ;   0.079  ; RR ; RE   ; 1      ; Switchbox_clock_mux_X334_Y84_N0_I103        ; Switchbox_clock_mux        ; CLOCK_SEGMENT_MUX                                                                                                                                                                                            ;
;   1.530  ;   0.024  ; RF ; RE   ; 1      ; Vertical_seam_tap_mux_X334_Y64_N0_I134      ; Vertical_seam_tap_mux      ; CLOCK_SEGMENT_TAP_MUX                                                                                                                                                                                        ;
;   1.587  ;   0.057  ; FR ; RE   ; 1      ; Vertical_seam_tap_mux_X334_Y64_N0_I50       ; Vertical_seam_tap_mux      ; CLOCK_SEGMENT_TAP_MUX                                                                                                                                                                                        ;
;   1.620  ;   0.033  ; RR ; RE   ; 2      ; Switchbox_clock_mux_X334_Y43_N0_I166        ; Switchbox_clock_mux        ; CLOCK_SEGMENT_MUX                                                                                                                                                                                            ;
;   1.804  ;   0.184  ; RR ; RE   ; 1      ; Switchbox_clock_mux_X334_Y43_N0_I102        ; Switchbox_clock_mux        ; CLOCK_SEGMENT_MUX                                                                                                                                                                                            ;
;   1.837  ;   0.033  ; RR ; RE   ; 2      ; Switchbox_clock_mux_X280_Y43_N0_I262        ; Switchbox_clock_mux        ; CLOCK_SEGMENT_MUX                                                                                                                                                                                            ;
;   1.924  ;   0.087  ; RR ; RE   ; 1      ; Switchbox_clock_mux_X280_Y43_N0_I101        ; Switchbox_clock_mux        ; CLOCK_SEGMENT_MUX                                                                                                                                                                                            ;
;   1.956  ;   0.032  ; RR ; RE   ; 2      ; Vertical_seam_tap_mux_X280_Y64_N0_I166      ; Vertical_seam_tap_mux      ; CLOCK_SEGMENT_TAP_MUX                                                                                                                                                                                        ;
;   2.039  ;   0.083  ; RR ; RE   ; 1      ; Vertical_seam_tap_mux_X280_Y64_N0_I115      ; Vertical_seam_tap_mux      ; CLOCK_SEGMENT_TAP_MUX                                                                                                                                                                                        ;
;   2.124  ;   0.085  ; RR ; RE   ; 1      ; SPINE_TAP_RE_X253_Y64_N103_I89              ; SPINE_TAP_RE               ; SPINE_TAP_RE                                                                                                                                                                                                 ;
;   2.145  ;   0.021  ; RR ; RE   ; 41     ; SPINE_TAP_RE_X253_Y64_N103_I25              ; SPINE_TAP_RE               ; SPINE_TAP_RE                                                                                                                                                                                                 ;
;   2.331  ;   0.186  ; RR ; RE   ; 2      ; SCLKMUX_RE_X253_Y70_N188_I25                ; SCLKMUX_RE                 ; SCLKMUX_RE                                                                                                                                                                                                   ;
;   2.355  ;   0.024  ; RR ; RE   ; 16     ; SCLKMUX_RE_X253_Y70_N188_I40                ; SCLKMUX_RE                 ; SCLKMUX_RE                                                                                                                                                                                                   ;
;   2.381  ;   0.026  ; RR ; RE   ; 1      ; ROWCLK_TAPOFF_X260_Y70_N0_I3                ; Row Clock Tap-Off          ; ROWCLK_TAPOFF                                                                                                                                                                                                ;
;   2.404  ;   0.023  ; RR ; RE   ; 1      ; GLOBAL_LOCAL_SEL_X260_Y70_N0_I3             ; GLOBAL_LOCAL_SEL           ; GLOBAL_LOCAL_SEL                                                                                                                                                                                             ;
;   2.419  ;   0.015  ; RR ; RE   ; 1      ; RPII_X260_Y70_N0_I3                         ; Programmable Invert Input  ; RPII                                                                                                                                                                                                         ;
;   2.419  ;   0.000  ; RR ; RE   ; 1      ; RPI_X260_Y70_N0_I3                          ; Programmable Invert        ; RPI                                                                                                                                                                                                          ;
;   2.419  ;   0.000  ; RR ; RE   ; 1      ; LAB_RE_X260_Y70_N0_I84                      ; LAB_RE                     ; clkb                                                                                                                                                                                                         ;
;   2.419  ;   0.000  ; RR ; RE   ; 1      ; LAB_RE_X260_Y70_N0_I152                     ; LAB_RE                     ; LAB_RE                                                                                                                                                                                                       ;
;   2.419  ;   0.000  ; RR ; RE   ; 12     ; LEIMCLKALE_X260_Y70_N0_I0                   ; LEIMCLKALE                 ; LEIMCLKALE                                                                                                                                                                                                   ;
;   2.419  ;   0.000  ; RR ; RE   ; 1      ; HYPERFLEX_CLK_M_MUX_X260_Y70_N0_I21         ; Hyperflex clocking network ; HIPI_M_MUX                                                                                                                                                                                                   ;
;   2.419  ;   0.000  ;    ; IC   ; 1      ; BLOCK_INPUT_MUX_PASSTHROUGH_X260_Y70_N0_I19 ; Hyper-Register             ; afu_top|pg_afu.port_gasket|pr_slot|afu_main|port_afu_instances|ofs_plat_afu|core|dma|csr_mgr_inst|Select_0~10xsyn_20_BLOCK_INPUT_MUX_PASSTHROUGH_X260_Y70_N0_I19_dff|clk                                     ;
;   2.419  ;   0.000  ; RR ; CELL ; 1      ; BLOCK_INPUT_MUX_PASSTHROUGH_X260_Y70_N0_I19 ; Hyper-Register             ; afu_top|pg_afu.port_gasket|pr_slot|afu_main|port_afu_instances|ofs_plat_afu|core|dma|csr_mgr_inst|Select_0~10xsyn_20_BLOCK_INPUT_MUX_PASSTHROUGH_X260_Y70_N0_I19_dff                                         ;
; 3.308    ; 0.889    ;    ;      ;        ;                                             ;                            ; data path                                                                                                                                                                                                    ;
;   2.569  ;   0.150  ; FF ; uTco ; 1      ; BLOCK_INPUT_MUX_PASSTHROUGH_X260_Y70_N0_I19 ; Hyper-Register             ; afu_top|pg_afu.port_gasket|pr_slot|afu_main|port_afu_instances|ofs_plat_afu|core|dma|csr_mgr_inst|Select_0~10xsyn_20_BLOCK_INPUT_MUX_PASSTHROUGH_X260_Y70_N0_I19_dff|q                                       ;
;   2.569  ;   0.000  ; FF ; RE   ; 1      ; BLOCK_INPUT_MUX_PASSTHROUGH_X260_Y70_N0_I19 ; Hyper-Register             ; LEIM                                                                                                                                                                                                         ;
;   2.570  ;   0.001  ; FF ; RE   ; 1      ; BLOCK_INPUT_MUX_PASSTHROUGH_X260_Y70_N0_I19 ; Block Input Mux            ; LEIM                                                                                                                                                                                                         ;
;   2.570  ;   0.000  ; FF ; RE   ; 1      ; LAB_RE_X260_Y70_N0_I23                      ; LAB_RE                     ; leimf[2]                                                                                                                                                                                                     ;
;   2.570  ;   0.000  ;    ; IC   ; 1      ; MLABCELL_X260_Y70_N15                       ; Combinational cell         ; afu_top|pg_afu.port_gasket|pr_slot|afu_main|port_afu_instances|ofs_plat_afu|core|dma|csr_mgr_inst|i2852~0|dataf                                                                                              ;
;   2.585  ;   0.015  ; FF ; CELL ; 4      ; MLABCELL_X260_Y70_N15                       ; Combinational cell         ; afu_top|pg_afu.port_gasket|pr_slot|afu_main|port_afu_instances|ofs_plat_afu|core|dma|csr_mgr_inst|i2852~0|combout                                                                                            ;
;   2.600  ;   0.015  ; FR ; CELL ; 12     ; MLABCELL_X260_Y70_N15                       ; Combinational cell         ; afu_top|pg_afu.port_gasket|pr_slot|afu_main|port_afu_instances|ofs_plat_afu|core|dma|csr_mgr_inst|i2852~0~cw_ml_mlab/lab_lut6outt[2]                                                                         ;
;   2.600  ;   0.000  ; RR ; RE   ; 1      ; MLABCELL_X260_Y70_N15                       ; Combinational cell         ; MP_MLAB_COMB                                                                                                                                                                                                 ;
;   2.602  ;   0.002  ; RR ; RE   ; 1      ; LAB_RE_X260_Y70_N0_I136                     ; LAB_RE                     ; LAB_RE                                                                                                                                                                                                       ;
;   2.626  ;   0.024  ; RR ; RE   ; 1      ; R1_X260_Y70_N0_I9                           ; R1 interconnect            ; H1                                                                                                                                                                                                           ;
;   2.659  ;   0.033  ; RR ; RE   ; 1      ; C1_X259_Y69_N0_I9                           ; C1 interconnect            ; V1                                                                                                                                                                                                           ;
;   2.684  ;   0.025  ; RR ; RE   ; 1      ; R0_X259_Y69_N0_I13                          ; R0 interconnect            ; H0                                                                                                                                                                                                           ;
;   2.701  ;   0.017  ; RF ; RE   ; 1      ; LOCAL_INTERCONNECT_X259_Y69_N0_I77          ; Block interconnect         ; LAB_LINE                                                                                                                                                                                                     ;
;   2.724  ;   0.023  ; FR ; RE   ; 1      ; BLOCK_INPUT_MUX_PASSTHROUGH_X259_Y69_N0_I81 ; Block Input Mux            ; LEIM                                                                                                                                                                                                         ;
;   2.724  ;   0.000  ; RR ; RE   ; 12     ; LAB_RE_X259_Y69_N0_I81                      ; LAB_RE                     ; lsim[1]                                                                                                                                                                                                      ;
;   2.724  ;   0.000  ;    ; IC   ; 2      ; FF_X259_Y69_N26                             ; Bypassed ALM Register      ; afu_top|pg_afu.port_gasket|pr_slot|afu_main|port_afu_instances|ofs_plat_afu|core|dma|csr_mgr_inst|dma_csr_map.descriptor.length[0]~DUPLICATE.comb|ena                                                        ;
;   2.806  ;   0.082  ; RF ; CELL ; 3      ; FF_X259_Y69_N26                             ; Bypassed ALM Register      ; afu_top|pg_afu.port_gasket|pr_slot|afu_main|port_afu_instances|ofs_plat_afu|core|dma|csr_mgr_inst|dma_csr_map.descriptor.length[0]~DUPLICATE.comb|q                                                          ;
;   2.806  ;   0.000  ; FF ; RE   ; 1      ; FF_X259_Y69_N26                             ; Bypassed ALM Register      ; FF                                                                                                                                                                                                           ;
;   2.811  ;   0.005  ; FF ; RE   ; 2      ; LAB_RE_X259_Y69_N0_I106                     ; LAB_RE                     ; LAB_RE                                                                                                                                                                                                       ;
;   2.836  ;   0.025  ; FR ; RE   ; 2      ; LOCAL_INTERCONNECT_X259_Y69_N0_I39          ; Block interconnect         ; LAB_LINE                                                                                                                                                                                                     ;
;   2.857  ;   0.021  ; RF ; RE   ; 1      ; BLOCK_INPUT_MUX_PASSTHROUGH_X259_Y69_N0_I15 ; Block Input Mux            ; LEIM                                                                                                                                                                                                         ;
;   2.857  ;   0.000  ; FF ; RE   ; 1      ; LAB_RE_X259_Y69_N0_I9                       ; LAB_RE                     ; leimd0[1]                                                                                                                                                                                                    ;
;   2.857  ;   0.000  ;    ; IC   ; 1      ; LABCELL_X259_Y69_N6                         ; Combinational cell         ; afu_top|pg_afu.port_gasket|pr_slot|afu_main|port_afu_instances|ofs_plat_afu|core|dma|csr_mgr_inst|LessThan_3~0|datad                                                                                         ;
;   2.918  ;   0.061  ; FF ; CELL ; 2      ; LABCELL_X259_Y69_N6                         ; Combinational cell         ; afu_top|pg_afu.port_gasket|pr_slot|afu_main|port_afu_instances|ofs_plat_afu|core|dma|csr_mgr_inst|LessThan_3~0|combout                                                                                       ;
;   2.918  ;   0.000  ; FF ; RE   ; 1      ; LABCELL_X259_Y69_N6                         ; Combinational cell         ; MP_LAB_COMB                                                                                                                                                                                                  ;
;   2.922  ;   0.004  ; FF ; RE   ; 2      ; LAB_RE_X259_Y69_N0_I93                      ; LAB_RE                     ; LAB_RE                                                                                                                                                                                                       ;
;   2.943  ;   0.021  ; FR ; RE   ; 1      ; LOCAL_INTERCONNECT_X259_Y69_N0_I17          ; Block interconnect         ; LAB_LINE                                                                                                                                                                                                     ;
;   2.966  ;   0.023  ; RF ; RE   ; 1      ; BLOCK_INPUT_MUX_PASSTHROUGH_X259_Y69_N0_I60 ; Block Input Mux            ; LEIM                                                                                                                                                                                                         ;
;   2.966  ;   0.000  ; FF ; RE   ; 1      ; LAB_RE_X259_Y69_N0_I59                      ; LAB_RE                     ; leima[7]                                                                                                                                                                                                     ;
;   2.966  ;   0.000  ;    ; IC   ; 1      ; LABCELL_X259_Y69_N45                        ; Combinational cell         ; afu_top|pg_afu.port_gasket|pr_slot|afu_main|port_afu_instances|ofs_plat_afu|core|dma|csr_mgr_inst|i919~41|dataa                                                                                              ;
;   3.038  ;   0.072  ; FF ; CELL ; 1      ; LABCELL_X259_Y69_N45                        ; Combinational cell         ; afu_top|pg_afu.port_gasket|pr_slot|afu_main|port_afu_instances|ofs_plat_afu|core|dma|csr_mgr_inst|i919~41|combout                                                                                            ;
;   3.038  ;   0.000  ; FF ; RE   ; 1      ; LABCELL_X259_Y69_N45                        ; Combinational cell         ; MP_LAB_COMB                                                                                                                                                                                                  ;
;   3.040  ;   0.002  ; FF ; RE   ; 1      ; LAB_RE_X259_Y69_N0_I146                     ; LAB_RE                     ; LAB_RE                                                                                                                                                                                                       ;
;   3.064  ;   0.024  ; FF ; RE   ; 1      ; R1_X259_Y69_N0_I29                          ; R1 interconnect            ; H1                                                                                                                                                                                                           ;
;   3.085  ;   0.021  ; FR ; RE   ; 1      ; LOCAL_INTERCONNECT_X258_Y69_N0_I59          ; Block interconnect         ; LAB_LINE                                                                                                                                                                                                     ;
;   3.105  ;   0.020  ; RF ; RE   ; 1      ; BLOCK_INPUT_MUX_PASSTHROUGH_X258_Y69_N0_I51 ; Block Input Mux            ; LEIM                                                                                                                                                                                                         ;
;   3.105  ;   0.000  ; FF ; RE   ; 1      ; LAB_RE_X258_Y69_N0_I55                      ; LAB_RE                     ; leimf[6]                                                                                                                                                                                                     ;
;   3.105  ;   0.000  ;    ; IC   ; 1      ; MLABCELL_X258_Y69_N39                       ; Combinational cell         ; afu_top|pg_afu.port_gasket|pr_slot|afu_main|port_afu_instances|ofs_plat_afu|core|dma|csr_mgr_inst|i919~42xsyn_49|dataf                                                                                       ;
;   3.155  ;   0.050  ; FF ; CELL ; 2      ; MLABCELL_X258_Y69_N39                       ; Combinational cell         ; afu_top|pg_afu.port_gasket|pr_slot|afu_main|port_afu_instances|ofs_plat_afu|core|dma|csr_mgr_inst|i919~42xsyn_49|combout                                                                                     ;
;   3.155  ;   0.000  ; FF ; RE   ; 1      ; MLABCELL_X258_Y69_N39                       ; Combinational cell         ; MP_MLAB_COMB                                                                                                                                                                                                 ;
;   3.159  ;   0.004  ; FF ; RE   ; 1      ; LAB_RE_X258_Y69_N0_I115                     ; LAB_RE                     ; LAB_RE                                                                                                                                                                                                       ;
;   3.183  ;   0.024  ; FR ; RE   ; 3      ; LOCAL_INTERCONNECT_X258_Y69_N0_I58          ; Block interconnect         ; LAB_LINE                                                                                                                                                                                                     ;
;   3.204  ;   0.021  ; RF ; RE   ; 1      ; BLOCK_INPUT_MUX_PASSTHROUGH_X258_Y69_N0_I64 ; Block Input Mux            ; LEIM                                                                                                                                                                                                         ;
;   3.204  ;   0.000  ; FF ; RE   ; 1      ; LAB_RE_X258_Y69_N0_I66                      ; LAB_RE                     ; leimc0[8]                                                                                                                                                                                                    ;
;   3.204  ;   0.000  ;    ; IC   ; 1      ; MLABCELL_X258_Y69_N51                       ; Combinational cell         ; afu_top|pg_afu.port_gasket|pr_slot|afu_main|port_afu_instances|ofs_plat_afu|core|dma|csr_mgr_inst|Select_0~10xsyn|datac                                                                                      ;
;   3.251  ;   0.047  ; FF ; CELL ; 4      ; MLABCELL_X258_Y69_N51                       ; Combinational cell         ; afu_top|pg_afu.port_gasket|pr_slot|afu_main|port_afu_instances|ofs_plat_afu|core|dma|csr_mgr_inst|Select_0~10xsyn|combout                                                                                    ;
;   3.251  ;   0.000  ; FF ; RE   ; 1      ; MLABCELL_X258_Y69_N51                       ; Combinational cell         ; MP_MLAB_COMB                                                                                                                                                                                                 ;
;   3.253  ;   0.002  ; FF ; RE   ; 1      ; LAB_RE_X258_Y69_N0_I147                     ; LAB_RE                     ; LAB_RE                                                                                                                                                                                                       ;
;   3.287  ;   0.034  ; FF ; RE   ; 2      ; C1_X258_Y69_N0_I30                          ; C1 interconnect            ; V1                                                                                                                                                                                                           ;
;   3.308  ;   0.021  ; FR ; RE   ; 2      ; LOCAL_INTERCONNECT_X258_Y70_N0_I65          ; Block interconnect         ; LAB_LINE                                                                                                                                                                                                     ;
;   3.308  ;   0.000  ;    ; IC   ; 1      ; BLOCK_INPUT_MUX_PASSTHROUGH_X258_Y70_N0_I61 ; Hyper-Register             ; afu_top|pg_afu.port_gasket|pr_slot|afu_main|port_afu_instances|ofs_plat_afu|core|dma|csr_mgr_inst|Select_0~10xsyn_BLOCK_INPUT_MUX_PASSTHROUGH_X258_Y70_N0_I61_dff|d                                          ;
;   3.308  ;   0.000  ; RR ; CELL ; 1      ; BLOCK_INPUT_MUX_PASSTHROUGH_X258_Y70_N0_I61 ; Hyper-Register             ; afu_top|pg_afu.port_gasket|pr_slot|afu_main|port_afu_instances|ofs_plat_afu|core|dma|csr_mgr_inst|Select_0~10xsyn_BLOCK_INPUT_MUX_PASSTHROUGH_X258_Y70_N0_I61_dff                                            ;
+----------+----------+----+------+--------+---------------------------------------------+----------------------------+--------------------------------------------------------------------------------------------------------------------------------------------------------------------------------------------------------------+

+------------------------------------------------------------------------------------------------------------------------------------------------------------------------------------------------------------------------------------------------------------------------------------------------------------------------------------+
; Data Required Path                                                                                                                                                                                                                                                                                                                 ;
+----------+----------+----+------+--------+---------------------------------------------+----------------------------+--------------------------------------------------------------------------------------------------------------------------------------------------------------------------------------------------------------+
; Total    ; Incr     ; RF ; Type ; Fanout ; Location                                    ; Element Type               ; Element                                                                                                                                                                                                      ;
+----------+----------+----+------+--------+---------------------------------------------+----------------------------+--------------------------------------------------------------------------------------------------------------------------------------------------------------------------------------------------------------+
; 0.000    ; 0.000    ;    ;      ;        ;                                             ;                            ; latch edge time                                                                                                                                                                                              ;
; 2.429    ; 2.429    ;    ;      ;        ;                                             ;                            ; clock path                                                                                                                                                                                                   ;
;   0.000  ;   0.000  ;    ;      ;        ;                                             ;                            ; source latency                                                                                                                                                                                               ;
;   0.000  ;   0.000  ;    ;      ; 1      ; PIN_HF23                                    ; I/O pad                    ; ddr4_mem_ref_clk[0].clk                                                                                                                                                                                      ;
;   0.000  ;   0.000  ;    ; IC   ; 1      ; IOIBUF_X280_Y0_N376                         ; I/O input buffer           ; ddr4_mem_ref_clk[0].clk~input|i                                                                                                                                                                              ;
;   0.129  ;   0.129  ; RR ; CELL ; 2      ; IOIBUF_X280_Y0_N376                         ; I/O input buffer           ; ddr4_mem_ref_clk[0].clk~input|o                                                                                                                                                                              ;
;   1.032  ;   0.903  ; RR ; CELL ; 1      ; REFCLKINPUT_X281_Y0_N301                    ; I/O reference clock tree   ; local_mem_wrapper|mem_ss_top|mem_ss_sv|mem_ss|mem_ss|emif_0|emif_0|arch|arch_inst|pll_inst|pll_inst~refclk|ref_clk_in                                                                                        ;
;   1.178  ;   0.146  ; RR ; CELL ; 3      ; REFCLKINPUT_X281_Y0_N301                    ; I/O reference clock tree   ; local_mem_wrapper|mem_ss_top|mem_ss_sv|mem_ss|mem_ss|emif_0|emif_0|arch|arch_inst|pll_inst|pll_inst~refclk|ref0_to_btm                                                                                       ;
;   1.620  ;   0.442  ; RR ; CELL ; 1      ; REFCLKINPUT_X281_Y0_N301                    ; I/O reference clock tree   ; local_mem_wrapper|mem_ss_top|mem_ss_sv|mem_ss|mem_ss|emif_0|emif_0|arch|arch_inst|pll_inst|pll_inst~refclk|clk_out                                                                                           ;
;   1.620  ;   0.000  ; RR ; CELL ; 1      ; IOPLL_X281_Y0_N303                          ; IOPLL                      ; local_mem_wrapper|mem_ss_top|mem_ss_sv|mem_ss|mem_ss|emif_0|emif_0|arch|arch_inst|pll_inst|pll_inst|pll_cascade_in                                                                                           ;
;   1.792  ;   0.172  ; RR ; CELL ; 2      ; IOPLL_X281_Y0_N303                          ; IOPLL                      ; local_mem_wrapper|mem_ss_top|mem_ss_sv|mem_ss|mem_ss|emif_0|emif_0|arch|arch_inst|pll_inst|pll_inst~fmio96fs_wr/x0/fmio96_core_inst/fmio48tile_top/x5/u4_3/x0/xiopll_custom/xclkin_sw/xpm_pll_so/clk[0]      ;
;   1.934  ;   0.142  ; RR ; CELL ; 2      ; IOPLL_X281_Y0_N303                          ; IOPLL                      ; local_mem_wrapper|mem_ss_top|mem_ss_sv|mem_ss|mem_ss|emif_0|emif_0|arch|arch_inst|pll_inst|pll_inst~fmio96fs_wr/x0/fmio96_core_inst/fmio48tile_top/x5/u4_3/x0/xiopll_custom/xiopll_core/xncnt_iopll/clk      ;
;   2.068  ;   0.134  ; RR ; CELL ; 3      ; IOPLL_X281_Y0_N303                          ; IOPLL                      ; local_mem_wrapper|mem_ss_top|mem_ss_sv|mem_ss|mem_ss|emif_0|emif_0|arch|arch_inst|pll_inst|pll_inst~pllnout                                                                                                  ;
;   2.184  ;   0.116  ; RF ; CELL ; 1      ; IOPLL_X281_Y0_N303                          ; IOPLL                      ; local_mem_wrapper|mem_ss_top|mem_ss_sv|mem_ss|mem_ss|emif_0|emif_0|arch|arch_inst|pll_inst|pll_inst~vco_refclk                                                                                               ;
;   2.202  ;   0.018  ; FR ; CELL ; 1      ; IOPLL_X281_Y0_N303                          ; IOPLL                      ; local_mem_wrapper|mem_ss_top|mem_ss_sv|mem_ss|mem_ss|emif_0|emif_0|arch|arch_inst|pll_inst|pll_inst~vctrl                                                                                                    ;
;   1.588  ;   -0.614 ; RR ; COMP ; 1      ; IOPLL_X281_Y0_N303                          ; IOPLL                      ; local_mem_wrapper|mem_ss_top|mem_ss_sv|mem_ss|mem_ss|emif_0|emif_0|arch|arch_inst|pll_inst|pll_inst~vcoph[0]                                                                                                 ;
;   1.588  ;   0.000  ; RR ; CELL ; 10     ; IOPLL_X281_Y0_N303                          ; IOPLL                      ; local_mem_wrapper|mem_ss_top|mem_ss_sv|mem_ss|mem_ss|emif_0|emif_0|arch|arch_inst|pll_inst|pll_inst|vcoph[0]                                                                                                 ;
;   1.588  ;   0.000  ; RR ; CELL ; 3      ; TILECTRL_X281_Y0_N298                       ; I/O tile control logic     ; local_mem_wrapper|mem_ss_top|mem_ss_sv|mem_ss|mem_ss|emif_0|emif_0|arch|arch_inst|io_tiles_wrap_inst|io_tiles_inst|tile_gen[1].tile_ctrl_inst|pll_vco_in[0]                                                  ;
;   -0.617 ;   -2.205 ; RR ; COMP ; 1      ; TILECTRL_X281_Y0_N298                       ; I/O tile control logic     ; local_mem_wrapper|mem_ss_top|mem_ss_sv|mem_ss|mem_ss|emif_0|emif_0|arch|arch_inst|io_tiles_wrap_inst|io_tiles_inst|tile_gen[1].tile_ctrl_inst|pa_core_clk_out[0]                                             ;
;   -0.050 ;   0.567  ; RR ; CELL ; 16258  ; TILECTRL_X281_Y0_N298                       ; I/O tile control logic     ; local_mem_wrapper|mem_ss_top|mem_ss_sv|mem_ss|mem_ss|emif_0|emif_0|arch|arch_inst|io_tiles_wrap_inst|io_tiles_inst|tile_gen[1].tile_ctrl_inst~fmio96fs_wr/m32_0_29__iophasealignment_to_dcm__core_clk_out[1] ;
;   -0.050 ;   0.000  ;    ; IC   ; 1      ; Boundary Port                               ; N/A                        ; afu_top|pg_afu.port_gasket|pr_slot|afu_main|ext_mem_if[0].clk|input                                                                                                                                          ;
;   -0.050 ;   0.000  ; RR ; CELL ; 105325 ; Boundary Port                               ; N/A                        ; afu_top|pg_afu.port_gasket|pr_slot|afu_main|ext_mem_if[0].clk                                                                                                                                                ;
;   -0.050 ;   0.000  ; RR ; RE   ; 1      ; TILECTRL_X281_Y0_N298                       ; I/O tile control logic     ; TILE_CTRL                                                                                                                                                                                                    ;
;   0.005  ;   0.055  ; RR ; RE   ; 1      ; IO96FSWRRE_X280_Y0_N0_I3537                 ; IO96FS_WR_RE               ; IO96FS_WR_RE                                                                                                                                                                                                 ;
;   0.094  ;   0.089  ; RR ; RE   ; 1      ; DCM_mux_X307_Y2_N0_I29                      ; DCM_mux                    ; CC_DCM_GMUX_RE                                                                                                                                                                                               ;
;   0.150  ;   0.056  ; RR ; RE   ; 1      ; IO_P2C_RE_X280_Y2_N150_I75                  ; IO_P2C_RE                  ; IO_P2C_RE                                                                                                                                                                                                    ;
;   0.177  ;   0.027  ; RR ; RE   ; 1      ; IO_P2C_RE_X280_Y2_N150_I26                  ; IO_P2C_RE                  ; IO_P2C_RE                                                                                                                                                                                                    ;
;   0.214  ;   0.037  ; RR ; RE   ; 1      ; Switchbox_clock_mux_X280_Y2_N0_I197         ; Switchbox_clock_mux        ; CLOCK_SEGMENT_MUX                                                                                                                                                                                            ;
;   0.308  ;   0.094  ; RR ; RE   ; 1      ; Switchbox_clock_mux_X280_Y2_N0_I105         ; Switchbox_clock_mux        ; CLOCK_SEGMENT_MUX                                                                                                                                                                                            ;
;   0.336  ;   0.028  ; RF ; RE   ; 1      ; Vertical_seam_tap_mux_X280_Y23_N0_I165      ; Vertical_seam_tap_mux      ; CLOCK_SEGMENT_TAP_MUX                                                                                                                                                                                        ;
;   0.398  ;   0.062  ; FR ; RE   ; 1      ; Vertical_seam_tap_mux_X280_Y23_N0_I53       ; Vertical_seam_tap_mux      ; CLOCK_SEGMENT_TAP_MUX                                                                                                                                                                                        ;
;   0.432  ;   0.034  ; RR ; RE   ; 1      ; Switchbox_clock_mux_X280_Y43_N0_I197        ; Switchbox_clock_mux        ; CLOCK_SEGMENT_MUX                                                                                                                                                                                            ;
;   0.526  ;   0.094  ; RR ; RE   ; 1      ; Switchbox_clock_mux_X280_Y43_N0_I105        ; Switchbox_clock_mux        ; CLOCK_SEGMENT_MUX                                                                                                                                                                                            ;
;   0.554  ;   0.028  ; RF ; RE   ; 1      ; Vertical_seam_tap_mux_X280_Y64_N0_I165      ; Vertical_seam_tap_mux      ; CLOCK_SEGMENT_TAP_MUX                                                                                                                                                                                        ;
;   0.615  ;   0.061  ; FR ; RE   ; 1      ; Vertical_seam_tap_mux_X280_Y64_N0_I53       ; Vertical_seam_tap_mux      ; CLOCK_SEGMENT_TAP_MUX                                                                                                                                                                                        ;
;   0.650  ;   0.035  ; RR ; RE   ; 1      ; Switchbox_clock_mux_X280_Y84_N0_I197        ; Switchbox_clock_mux        ; CLOCK_SEGMENT_MUX                                                                                                                                                                                            ;
;   0.738  ;   0.088  ; RR ; RE   ; 1      ; Switchbox_clock_mux_X280_Y84_N0_I105        ; Switchbox_clock_mux        ; CLOCK_SEGMENT_MUX                                                                                                                                                                                            ;
;   0.766  ;   0.028  ; RF ; RE   ; 1      ; Vertical_seam_tap_mux_X280_Y105_N0_I165     ; Vertical_seam_tap_mux      ; CLOCK_SEGMENT_TAP_MUX                                                                                                                                                                                        ;
;   0.827  ;   0.061  ; FR ; RE   ; 1      ; Vertical_seam_tap_mux_X280_Y105_N0_I53      ; Vertical_seam_tap_mux      ; CLOCK_SEGMENT_TAP_MUX                                                                                                                                                                                        ;
;   0.862  ;   0.035  ; RR ; RE   ; 1      ; Switchbox_clock_mux_X280_Y125_N0_I197       ; Switchbox_clock_mux        ; CLOCK_SEGMENT_MUX                                                                                                                                                                                            ;
;   0.950  ;   0.088  ; RR ; RE   ; 1      ; Switchbox_clock_mux_X280_Y125_N0_I105       ; Switchbox_clock_mux        ; CLOCK_SEGMENT_MUX                                                                                                                                                                                            ;
;   0.978  ;   0.028  ; RF ; RE   ; 1      ; Vertical_seam_tap_mux_X280_Y146_N0_I165     ; Vertical_seam_tap_mux      ; CLOCK_SEGMENT_TAP_MUX                                                                                                                                                                                        ;
;   1.040  ;   0.062  ; FR ; RE   ; 1      ; Vertical_seam_tap_mux_X280_Y146_N0_I53      ; Vertical_seam_tap_mux      ; CLOCK_SEGMENT_TAP_MUX                                                                                                                                                                                        ;
;   1.074  ;   0.034  ; RR ; RE   ; 1      ; Switchbox_clock_mux_X280_Y166_N0_I197       ; Switchbox_clock_mux        ; CLOCK_SEGMENT_MUX                                                                                                                                                                                            ;
;   1.267  ;   0.193  ; RR ; RE   ; 1      ; Switchbox_clock_mux_X280_Y166_N0_I106       ; Switchbox_clock_mux        ; CLOCK_SEGMENT_MUX                                                                                                                                                                                            ;
;   1.302  ;   0.035  ; RR ; RE   ; 1      ; Switchbox_clock_mux_X226_Y166_N0_I229       ; Switchbox_clock_mux        ; CLOCK_SEGMENT_MUX                                                                                                                                                                                            ;
;   1.336  ;   0.034  ; RR ; RE   ; 2      ; Switchbox_clock_mux_X226_Y166_N0_I153       ; Switchbox_clock_mux        ; CLOCK_SEGMENT_MUX                                                                                                                                                                                            ;
;   1.421  ;   0.085  ; RR ; RE   ; 1      ; Switchbox_clock_mux_X226_Y166_N0_I103       ; Switchbox_clock_mux        ; CLOCK_SEGMENT_MUX                                                                                                                                                                                            ;
;   1.449  ;   0.028  ; RF ; RE   ; 1      ; Vertical_seam_tap_mux_X226_Y146_N0_I134     ; Vertical_seam_tap_mux      ; CLOCK_SEGMENT_TAP_MUX                                                                                                                                                                                        ;
;   1.512  ;   0.063  ; FR ; RE   ; 1      ; Vertical_seam_tap_mux_X226_Y146_N0_I50      ; Vertical_seam_tap_mux      ; CLOCK_SEGMENT_TAP_MUX                                                                                                                                                                                        ;
;   1.550  ;   0.038  ; RR ; RE   ; 1      ; Switchbox_clock_mux_X226_Y125_N0_I166       ; Switchbox_clock_mux        ; CLOCK_SEGMENT_MUX                                                                                                                                                                                            ;
;   1.636  ;   0.086  ; RR ; RE   ; 1      ; Switchbox_clock_mux_X226_Y125_N0_I103       ; Switchbox_clock_mux        ; CLOCK_SEGMENT_MUX                                                                                                                                                                                            ;
;   1.663  ;   0.027  ; RF ; RE   ; 1      ; Vertical_seam_tap_mux_X226_Y105_N0_I134     ; Vertical_seam_tap_mux      ; CLOCK_SEGMENT_TAP_MUX                                                                                                                                                                                        ;
;   1.726  ;   0.063  ; FR ; RE   ; 1      ; Vertical_seam_tap_mux_X226_Y105_N0_I50      ; Vertical_seam_tap_mux      ; CLOCK_SEGMENT_TAP_MUX                                                                                                                                                                                        ;
;   1.763  ;   0.037  ; RR ; RE   ; 2      ; Switchbox_clock_mux_X226_Y84_N0_I166        ; Switchbox_clock_mux        ; CLOCK_SEGMENT_MUX                                                                                                                                                                                            ;
;   1.964  ;   0.201  ; RR ; RE   ; 1      ; Switchbox_clock_mux_X226_Y84_N0_I102        ; Switchbox_clock_mux        ; CLOCK_SEGMENT_MUX                                                                                                                                                                                            ;
;   1.999  ;   0.035  ; RR ; RE   ; 1      ; Switchbox_clock_mux_X280_Y84_N0_I230        ; Switchbox_clock_mux        ; CLOCK_SEGMENT_MUX                                                                                                                                                                                            ;
;   2.191  ;   0.192  ; RR ; RE   ; 1      ; Switchbox_clock_mux_X280_Y84_N0_I100        ; Switchbox_clock_mux        ; CLOCK_SEGMENT_MUX                                                                                                                                                                                            ;
;   2.227  ;   0.036  ; RR ; RE   ; 2      ; Switchbox_clock_mux_X334_Y84_N0_I230        ; Switchbox_clock_mux        ; CLOCK_SEGMENT_MUX                                                                                                                                                                                            ;
;   2.313  ;   0.086  ; RR ; RE   ; 1      ; Switchbox_clock_mux_X334_Y84_N0_I103        ; Switchbox_clock_mux        ; CLOCK_SEGMENT_MUX                                                                                                                                                                                            ;
;   2.340  ;   0.027  ; RF ; RE   ; 1      ; Vertical_seam_tap_mux_X334_Y64_N0_I134      ; Vertical_seam_tap_mux      ; CLOCK_SEGMENT_TAP_MUX                                                                                                                                                                                        ;
;   2.401  ;   0.061  ; FR ; RE   ; 1      ; Vertical_seam_tap_mux_X334_Y64_N0_I50       ; Vertical_seam_tap_mux      ; CLOCK_SEGMENT_TAP_MUX                                                                                                                                                                                        ;
;   2.438  ;   0.037  ; RR ; RE   ; 2      ; Switchbox_clock_mux_X334_Y43_N0_I166        ; Switchbox_clock_mux        ; CLOCK_SEGMENT_MUX                                                                                                                                                                                            ;
;   2.638  ;   0.200  ; RR ; RE   ; 1      ; Switchbox_clock_mux_X334_Y43_N0_I102        ; Switchbox_clock_mux        ; CLOCK_SEGMENT_MUX                                                                                                                                                                                            ;
;   2.675  ;   0.037  ; RR ; RE   ; 2      ; Switchbox_clock_mux_X280_Y43_N0_I262        ; Switchbox_clock_mux        ; CLOCK_SEGMENT_MUX                                                                                                                                                                                            ;
;   2.769  ;   0.094  ; RR ; RE   ; 1      ; Switchbox_clock_mux_X280_Y43_N0_I101        ; Switchbox_clock_mux        ; CLOCK_SEGMENT_MUX                                                                                                                                                                                            ;
;   2.805  ;   0.036  ; RR ; RE   ; 2      ; Vertical_seam_tap_mux_X280_Y64_N0_I166      ; Vertical_seam_tap_mux      ; CLOCK_SEGMENT_TAP_MUX                                                                                                                                                                                        ;
;   2.894  ;   0.089  ; RR ; RE   ; 1      ; Vertical_seam_tap_mux_X280_Y64_N0_I115      ; Vertical_seam_tap_mux      ; CLOCK_SEGMENT_TAP_MUX                                                                                                                                                                                        ;
;   2.992  ;   0.098  ; RR ; RE   ; 1      ; SPINE_TAP_RE_X253_Y64_N103_I89              ; SPINE_TAP_RE               ; SPINE_TAP_RE                                                                                                                                                                                                 ;
;   3.014  ;   0.022  ; RR ; RE   ; 41     ; SPINE_TAP_RE_X253_Y64_N103_I25              ; SPINE_TAP_RE               ; SPINE_TAP_RE                                                                                                                                                                                                 ;
;   3.227  ;   0.213  ; RR ; RE   ; 2      ; SCLKMUX_RE_X253_Y70_N188_I25                ; SCLKMUX_RE                 ; SCLKMUX_RE                                                                                                                                                                                                   ;
;   3.247  ;   0.020  ; RR ; RE   ; 16     ; SCLKMUX_RE_X253_Y70_N188_I40                ; SCLKMUX_RE                 ; SCLKMUX_RE                                                                                                                                                                                                   ;
;   3.276  ;   0.029  ; RR ; RE   ; 1      ; ROWCLK_TAPOFF_X258_Y70_N0_I3                ; Row Clock Tap-Off          ; ROWCLK_TAPOFF                                                                                                                                                                                                ;
;   3.307  ;   0.031  ; RR ; RE   ; 1      ; GLOBAL_LOCAL_SEL_X258_Y70_N0_I2             ; GLOBAL_LOCAL_SEL           ; GLOBAL_LOCAL_SEL                                                                                                                                                                                             ;
;   3.325  ;   0.018  ; RR ; RE   ; 1      ; RPII_X258_Y70_N0_I2                         ; Programmable Invert Input  ; RPII                                                                                                                                                                                                         ;
;   3.325  ;   0.000  ; RR ; RE   ; 1      ; RPI_X258_Y70_N0_I2                          ; Programmable Invert        ; RPI                                                                                                                                                                                                          ;
;   3.325  ;   0.000  ; RR ; RE   ; 11     ; LAB_RE_X258_Y70_N0_I83                      ; LAB_RE                     ; clka                                                                                                                                                                                                         ;
;   3.325  ;   0.000  ; RR ; RE   ; 1      ; LAB_RE_X258_Y70_N0_I150                     ; LAB_RE                     ; LAB_RE                                                                                                                                                                                                       ;
;   3.325  ;   0.000  ; RR ; RE   ; 52     ; LEIMCLKALE_X258_Y70_N0_I0                   ; LEIMCLKALE                 ; LEIMCLKALE                                                                                                                                                                                                   ;
;   3.325  ;   0.000  ; RR ; RE   ; 1      ; HYPERFLEX_CLK_M_MUX_X258_Y70_N0_I68         ; Hyperflex clocking network ; HIPI_M_MUX                                                                                                                                                                                                   ;
;   3.325  ;   0.000  ;    ; IC   ; 1      ; BLOCK_INPUT_MUX_PASSTHROUGH_X258_Y70_N0_I61 ; Hyper-Register             ; afu_top|pg_afu.port_gasket|pr_slot|afu_main|port_afu_instances|ofs_plat_afu|core|dma|csr_mgr_inst|Select_0~10xsyn_BLOCK_INPUT_MUX_PASSTHROUGH_X258_Y70_N0_I61_dff|clk                                        ;
;   3.325  ;   0.000  ; RR ; CELL ; 1      ; BLOCK_INPUT_MUX_PASSTHROUGH_X258_Y70_N0_I61 ; Hyper-Register             ; afu_top|pg_afu.port_gasket|pr_slot|afu_main|port_afu_instances|ofs_plat_afu|core|dma|csr_mgr_inst|Select_0~10xsyn_BLOCK_INPUT_MUX_PASSTHROUGH_X258_Y70_N0_I61_dff                                            ;
;   2.429  ;   -0.896 ;    ;      ;        ;                                             ;                            ; clock pessimism removed                                                                                                                                                                                      ;
; 2.429    ; 0.000    ;    ;      ;        ;                                             ;                            ; clock uncertainty                                                                                                                                                                                            ;
; 2.565    ; 0.136    ;    ; uTh  ; 1      ; BLOCK_INPUT_MUX_PASSTHROUGH_X258_Y70_N0_I61 ; Hyper-Register             ; afu_top|pg_afu.port_gasket|pr_slot|afu_main|port_afu_instances|ofs_plat_afu|core|dma|csr_mgr_inst|Select_0~10xsyn_BLOCK_INPUT_MUX_PASSTHROUGH_X258_Y70_N0_I61_dff                                            ;
+----------+----------+----+------+--------+---------------------------------------------+----------------------------+--------------------------------------------------------------------------------------------------------------------------------------------------------------------------------------------------------------+


