Fitter Place Stage Report for quartus_compile
Tue Sep 29 11:46:26 2026
Quartus Prime Version 25.1.0 Build 129 03/26/2025 SC Pro Edition


---------------------
; Table of Contents ;
---------------------
  1. Legal Notice
  2. Fitter Resource Usage Summary
  3. Fitter Resource Utilization by Entity
  4. Fitter Partition Statistics
  5. Global & Other Fast Signals Summary
  6. Global Signal Visualization
  7. Global & Other Fast Signals Details
  8. Non-Global High Fan-Out Signals
  9. Fitter RAM Summary
 10. Fitter Physical RAM Information
 11. Fitter DSP Block Usage Summary
 12. Place Messages



----------------
; Legal Notice ;
----------------
Copyright (C) 2025  Altera Corporation. All rights reserved.
Your use of Altera Corporation's design tools, logic functions 
and other software and tools, and any partner logic 
functions, and any output files from any of the foregoing 
(including device programming or simulation files), and any 
associated documentation or information are expressly subject 
to the terms and conditions of the Altera Program License 
Subscription Agreement, the Altera Quartus Prime License Agreement,
the Altera IP License Agreement, or other applicable license
agreement, including, without limitation, that your use is for
the sole purpose of programming logic devices manufactured by
Altera and sold by Altera or its authorized distributors.  Please
refer to the Altera Software License Subscription Agreements 
on the Quartus Prime software download page.



+---------------------------------------------------------------------------------------------+
; Fitter Resource Usage Summary                                                               ;
+-------------------------------------------------------------+-----------------------+-------+
; Resource                                                    ; Usage                 ; %     ;
+-------------------------------------------------------------+-----------------------+-------+
; Usage Report Generated after: Place                         ;                       ;       ;
;                                                             ;                       ;       ;
; Logic utilization (ALMs needed / total ALMs on device)      ; 2,557 / 912,800       ; < 1 % ;
; ALMs needed [=A-B+C]                                        ; 2,557                 ;       ;
;     [A] ALMs used in final placement [=a+b+c+d]             ; 3,041 / 912,800       ; < 1 % ;
;         [a] ALMs used for LUT logic and register circuitry  ; 1,074                 ;       ;
;         [b] ALMs used for LUT logic                         ; 507                   ;       ;
;         [c] ALMs used for register circuitry                ; 1,350                 ;       ;
;         [d] ALMs used for memory (up to half of total ALMs) ; 110                   ;       ;
;     [B] Estimate of ALMs recoverable by dense packing       ; 712 / 912,800         ; < 1 % ;
;     [C] Estimate of ALMs unavailable [=a+b+c+d]             ; 228 / 912,800         ; < 1 % ;
;         [a] Due to location constrained logic               ; 1                     ;       ;
;         [b] Due to LAB-wide signal conflicts                ; 20                    ;       ;
;         [c] Due to LAB input limits                         ; 12                    ;       ;
;         [d] Due to virtual I/Os                             ; 195                   ;       ;
;                                                             ;                       ;       ;
; Difficulty packing design                                   ; Low                   ;       ;
;                                                             ;                       ;       ;
; Total LABs:  partially or completely used                   ; 431 / 91,280          ; < 1 % ;
;     -- Logic LABs                                           ; 420                   ;       ;
;     -- Memory LABs (up to half of total LABs)               ; 11                    ;       ;
;                                                             ;                       ;       ;
; Combinational ALUT usage for logic                          ; 2,729                 ;       ;
;     -- 8 input functions                                    ; 2                     ;       ;
;     -- 7 input functions                                    ; 0                     ;       ;
;     -- 6 input functions                                    ; 136                   ;       ;
;     -- 5 input functions                                    ; 577                   ;       ;
;     -- 4 input functions                                    ; 383                   ;       ;
;     -- <=3 input functions                                  ; 1,631                 ;       ;
; Combinational ALUT usage for route-throughs                 ; 756                   ;       ;
; Memory ALUT usage                                           ; 172                   ;       ;
;     -- 64-address deep                                      ; 0                     ;       ;
;     -- 32-address deep                                      ; 172                   ;       ;
;                                                             ;                       ;       ;
;                                                             ;                       ;       ;
; Dedicated logic registers                                   ; 6,933                 ;       ;
;     -- By type:                                             ;                       ;       ;
;         -- LAB logic registers:                             ;                       ;       ;
;             -- Primary logic registers                      ; 4,847 / 1,825,600     ; < 1 % ;
;             -- Secondary logic registers                    ; 807 / 1,825,600       ; < 1 % ;
;         -- Hyper-Registers:                                 ; 1,279                 ;       ;
;                                                             ;                       ;       ;
; Register control circuitry for power estimation             ; 48                    ;       ;
;                                                             ;                       ;       ;
; ALMs adjustment for power estimation                        ; 416                   ;       ;
;                                                             ;                       ;       ;
; I/O pins                                                    ; 0 / 886               ; 0 %   ;
;     -- Clock pins                                           ; 0 / 71                ; 0 %   ;
;     -- Dedicated input pins                                 ; 3 / 118               ; 3 %   ;
;                                                             ;                       ;       ;
; M20K blocks                                                 ; 24 / 13,272           ; < 1 % ;
; Total MLAB memory bits                                      ; 5,504                 ;       ;
; Total block memory bits                                     ; 304,640 / 271,810,560 ; < 1 % ;
;                                                             ;                       ;       ;
; DSP Blocks Needed [=A+B+C-D]                                ; 1 / 8,528             ; < 1 % ;
;     [A] Total Fixed Point DSP Blocks                        ; 0                     ;       ;
;     [B] Total Floating Point DSP Blocks                     ; 1                     ;       ;
;     [C] Total DSP_PRIME Blocks                              ; 0                     ;       ;
;     [D] Estimate of DSP Blocks recoverable by dense merging ; 0                     ;       ;
;                                                             ;                       ;       ;
; IOPLLs                                                      ; 0 / 21                ; 0 %   ;
;     -- Fabric-Feeding IOPLLs                                ; 0 / 7                 ; 0 %   ;
;     -- I/O Bank IOPLLs                                      ; 0 / 14                ; 0 %   ;
; Global signals                                              ; 1                     ;       ;
; Impedance control blocks                                    ; 0 / 24                ; 0 %   ;
; Maximum fan-out                                             ; 8506                  ;       ;
; Highest non-global fan-out                                  ; 515                   ;       ;
; Total fan-out                                               ; 42799                 ;       ;
; Average fan-out                                             ; 3.94                  ;       ;
+-------------------------------------------------------------+-----------------------+-------+
The Fitter Resource Usage Summary report displays a detailed analysis of logic utilization based on calculations of ALM usage. Refer to <a class="xref" href="https://www.intel.com/content/www/us/en/programmable/quartushelp/current/index.htm#mapIdTopics/mwh1465496451103.htm" target="_blank">Fitter Resource Usage Summary Report</a> in the <i>Intel® Quartus® Prime Pro Edition Help</i> for more information.


+--------------------------------------------------------------------------------------------------------------------------------------------------------------------------------------------------------------------------------------------------------------------------------------------------------------------------------------------------------------------------------------------------------------------------------------------------------------------------------------------------------------------------------------------------------------------------------------------------------------------------------------------------------------------------------------------------------------------------------------------------------------------------------------------------------------------------------------------------------------------------------------------------------------------------------------------------------------------------------------------------------------------------------------------------------------------------------------------------------------------------------------------------------------------------------------------------------------------------------------------------------------------------------------------------------------------------------------+
; Fitter Resource Utilization by Entity                                                                                                                                                                                                                                                                                                                                                                                                                                                                                                                                                                                                                                                                                                                                                                                                                                                                                                                                                                                                                                                                                                                                                                                                                                                                                                ;
+----------------------------------------------------------------------------------------------------------------------------------------------------------------------------------------+----------------------+----------------------------------+---------------------------------------------------+----------------------------------+----------------------+---------------------+---------------------------+---------------+-------------------+-------+--------------------------+----------------------------------------+---------------------------------------------------+------+--------+---------------------------------------------------------------------------------------------------------------------------------------------------------------------------------------------------------------------------------------------------------------------------------------------------------------------------------------------------------------------------------------------------------------------------------------------------------------------------------------------------------------------------------------------------------------------------------------------------------------------------------------------+------------------------------------------------------------------+--------------+
; Compilation Hierarchy Node                                                                                                                                                             ; ALMs needed [=A-B+C] ; [A] ALMs used in final placement ; [B] Estimate of ALMs recoverable by dense packing ; [C] Estimate of ALMs unavailable ; ALMs used for memory ; Combinational ALUTs ; Dedicated Logic Registers ; I/O Registers ; Block Memory Bits ; M20Ks ; DSP Blocks needed [=A-B] ; [A] DSP Blocks used in final placement ; [B] Estimate of DSPs recoverable by dense merging ; Pins ; IOPLLs ; Full Hierarchy Name                                                                                                                                                                                                                                                                                                                                                                                                                                                                                                                                                                                                                         ; Entity Name                                                      ; Library Name ;
+----------------------------------------------------------------------------------------------------------------------------------------------------------------------------------------+----------------------+----------------------------------+---------------------------------------------------+----------------------------------+----------------------+---------------------+---------------------------+---------------+-------------------+-------+--------------------------+----------------------------------------+---------------------------------------------------+------+--------+---------------------------------------------------------------------------------------------------------------------------------------------------------------------------------------------------------------------------------------------------------------------------------------------------------------------------------------------------------------------------------------------------------------------------------------------------------------------------------------------------------------------------------------------------------------------------------------------------------------------------------------------+------------------------------------------------------------------+--------------+
; |                                                                                                                                                                                      ; 2555.9 (306.0)       ; 3040.5 (154.5)                   ; 709.9 (43.0)                                      ; 225.3 (194.5)                    ; 110.0 (0.0)          ; 2729 (1)            ; 6933 (390)                ; 0 (0)         ; 304640            ; 24    ; 1                        ; 1                                      ; 0                                                 ; 0    ; 0 (0)  ; |                                                                                                                                                                                                                                                                                                                                                                                                                                                                                                                                                                                                                                           ; quartus_compile                                                  ; altera_work  ;
;    |fast_recompile_fpga_di_inst|                                                                                                                                                       ; 2249.9 (0.5)         ; 2886.0 (0.5)                     ; 666.9 (0.0)                                       ; 30.8 (0.0)                       ; 110.0 (0.0)          ; 2728 (1)            ; 6543 (0)                  ; 0 (0)         ; 304640            ; 24    ; 1                        ; 1                                      ; 0                                                 ; 0    ; 0 (0)  ; fast_recompile_fpga_di_inst                                                                                                                                                                                                                                                                                                                                                                                                                                                                                                                                                                                                                 ; fast_recompile_fpga_di                                           ; altera_work  ;
;       |VectorAdd_std_ic_inst|                                                                                                                                                          ; 1815.8 (0.0)         ; 2357.1 (0.0)                     ; 567.9 (0.0)                                       ; 26.5 (0.0)                       ; 50.0 (0.0)           ; 2225 (0)            ; 5491 (0)                  ; 0 (0)         ; 232448            ; 19    ; 1                        ; 1                                      ; 0                                                 ; 0    ; 0 (0)  ; fast_recompile_fpga_di_inst|VectorAdd_std_ic_inst                                                                                                                                                                                                                                                                                                                                                                                                                                                                                                                                                                                           ; VectorAdd_std_ic_partition_wrapper                               ; N/A          ;
;          |VectorAdd_csr_agent_inst|                                                                                                                                                    ; 247.7 (247.7)        ; 378.2 (378.2)                    ; 130.8 (130.8)                                     ; 0.3 (0.3)                        ; 0.0 (0.0)            ; 103 (103)           ; 965 (965)                 ; 0 (0)         ; 0                 ; 0     ; 0                        ; 0                                      ; 0                                                 ; 0    ; 0 (0)  ; fast_recompile_fpga_di_inst|VectorAdd_std_ic_inst|VectorAdd_csr_agent_inst                                                                                                                                                                                                                                                                                                                                                                                                                                                                                                                                                                  ; VectorAdd_function_cra_agent                                     ; N/A          ;
;          |VectorAdd_csr_agent_reset_delay_inst|                                                                                                                                        ; 3.6 (3.6)            ; 4.8 (4.8)                        ; 1.7 (1.7)                                         ; 0.5 (0.5)                        ; 0.0 (0.0)            ; 1 (1)               ; 13 (13)                   ; 0 (0)         ; 0                 ; 0     ; 0                        ; 0                                      ; 0                                                 ; 0    ; 0 (0)  ; fast_recompile_fpga_di_inst|VectorAdd_std_ic_inst|VectorAdd_csr_agent_reset_delay_inst                                                                                                                                                                                                                                                                                                                                                                                                                                                                                                                                                      ; acl_reset_handler                                                ; N/A          ;
;          |VectorAdd_finish_elem_inst_0|                                                                                                                                                ; 2.9 (0.9)            ; 2.9 (1.4)                        ; 0.5 (0.5)                                         ; 0.5 (0.0)                        ; 0.0 (0.0)            ; 3 (3)               ; 8 (5)                     ; 0 (0)         ; 0                 ; 0     ; 0                        ; 0                                      ; 0                                                 ; 0    ; 0 (0)  ; fast_recompile_fpga_di_inst|VectorAdd_std_ic_inst|VectorAdd_finish_elem_inst_0                                                                                                                                                                                                                                                                                                                                                                                                                                                                                                                                                              ; acl_finish_signal_chain_element                                  ; N/A          ;
;             |acl_reset_handler_inst|                                                                                                                                                   ; 2.0 (2.0)            ; 1.5 (1.5)                        ; 0.0 (0.0)                                         ; 0.5 (0.5)                        ; 0.0 (0.0)            ; 0 (0)               ; 3 (3)                     ; 0 (0)         ; 0                 ; 0     ; 0                        ; 0                                      ; 0                                                 ; 0    ; 0 (0)  ; fast_recompile_fpga_di_inst|VectorAdd_std_ic_inst|VectorAdd_finish_elem_inst_0|acl_reset_handler_inst                                                                                                                                                                                                                                                                                                                                                                                                                                                                                                                                       ; acl_reset_handler                                                ; N/A          ;
;          |VectorAdd_inst_0|                                                                                                                                                            ; 1555.7 (0.0)         ; 1965.3 (0.0)                     ; 433.7 (0.0)                                       ; 24.2 (0.0)                       ; 50.0 (0.0)           ; 2114 (0)            ; 4493 (0)                  ; 0 (0)         ; 232448            ; 19    ; 1                        ; 1                                      ; 0                                                 ; 0    ; 0 (0)  ; fast_recompile_fpga_di_inst|VectorAdd_std_ic_inst|VectorAdd_inst_0                                                                                                                                                                                                                                                                                                                                                                                                                                                                                                                                                                          ; VectorAdd_top_wrapper_0                                          ; N/A          ;
;             |kernel|                                                                                                                                                                   ; 1555.7 (0.8)         ; 1965.3 (1.2)                     ; 433.7 (0.4)                                       ; 24.2 (0.0)                       ; 50.0 (0.0)           ; 2114 (2)            ; 4493 (2)                  ; 0 (0)         ; 232448            ; 19    ; 1                        ; 1                                      ; 0                                                 ; 0    ; 0 (0)  ; fast_recompile_fpga_di_inst|VectorAdd_std_ic_inst|VectorAdd_inst_0|kernel                                                                                                                                                                                                                                                                                                                                                                                                                                                                                                                                                                   ; VectorAdd_function_wrapper                                       ; N/A          ;
;                |theVectorAdd_function_aunroll_x|                                                                                                                                       ; 1552.4 (0.0)         ; 1961.8 (0.0)                     ; 433.0 (0.0)                                       ; 23.7 (0.0)                       ; 50.0 (0.0)           ; 2112 (0)            ; 4485 (0)                  ; 0 (0)         ; 232448            ; 19    ; 1                        ; 1                                      ; 0                                                 ; 0    ; 0 (0)  ; fast_recompile_fpga_di_inst|VectorAdd_std_ic_inst|VectorAdd_inst_0|kernel|theVectorAdd_function_aunroll_x                                                                                                                                                                                                                                                                                                                                                                                                                                                                                                                                   ; VectorAdd_function                                               ; N/A          ;
;                   |thebb_VectorAdd_B0_aunroll_x|                                                                                                                                       ; 174.7 (0.0)          ; 220.3 (0.0)                      ; 47.8 (0.0)                                        ; 2.2 (0.0)                        ; 0.0 (0.0)            ; 266 (0)             ; 476 (0)                   ; 0 (0)         ; 0                 ; 0     ; 0                        ; 0                                      ; 0                                                 ; 0    ; 0 (0)  ; fast_recompile_fpga_di_inst|VectorAdd_std_ic_inst|VectorAdd_inst_0|kernel|theVectorAdd_function_aunroll_x|thebb_VectorAdd_B0_aunroll_x                                                                                                                                                                                                                                                                                                                                                                                                                                                                                                      ; VectorAdd_bb_B0                                                  ; N/A          ;
;                      |theVectorAdd_B0_merge|                                                                                                                                           ; 20.3 (0.0)           ; 23.2 (0.0)                       ; 3.4 (0.0)                                         ; 0.5 (0.0)                        ; 0.0 (0.0)            ; 26 (0)              ; 39 (0)                    ; 0 (0)         ; 0                 ; 0     ; 0                        ; 0                                      ; 0                                                 ; 0    ; 0 (0)  ; fast_recompile_fpga_di_inst|VectorAdd_std_ic_inst|VectorAdd_inst_0|kernel|theVectorAdd_function_aunroll_x|thebb_VectorAdd_B0_aunroll_x|theVectorAdd_B0_merge                                                                                                                                                                                                                                                                                                                                                                                                                                                                                ; VectorAdd_B0_merge                                               ; N/A          ;
;                         |theVectorAdd_B0_merge_storage|                                                                                                                                ; 20.3 (0.0)           ; 23.2 (0.0)                       ; 3.4 (0.0)                                         ; 0.5 (0.0)                        ; 0.0 (0.0)            ; 26 (0)              ; 39 (0)                    ; 0 (0)         ; 0                 ; 0     ; 0                        ; 0                                      ; 0                                                 ; 0    ; 0 (0)  ; fast_recompile_fpga_di_inst|VectorAdd_std_ic_inst|VectorAdd_inst_0|kernel|theVectorAdd_function_aunroll_x|thebb_VectorAdd_B0_aunroll_x|theVectorAdd_B0_merge|theVectorAdd_B0_merge_storage                                                                                                                                                                                                                                                                                                                                                                                                                                                  ; VectorAdd_B0_merge_storage                                       ; N/A          ;
;                            |theVectorAdd_B0_merge_storage|                                                                                                                             ; 17.9 (0.0)           ; 21.2 (0.0)                       ; 3.3 (0.0)                                         ; 0.0 (0.0)                        ; 0.0 (0.0)            ; 26 (0)              ; 33 (0)                    ; 0 (0)         ; 0                 ; 0     ; 0                        ; 0                                      ; 0                                                 ; 0    ; 0 (0)  ; fast_recompile_fpga_di_inst|VectorAdd_std_ic_inst|VectorAdd_inst_0|kernel|theVectorAdd_function_aunroll_x|thebb_VectorAdd_B0_aunroll_x|theVectorAdd_B0_merge|theVectorAdd_B0_merge_storage|theVectorAdd_B0_merge_storage                                                                                                                                                                                                                                                                                                                                                                                                                    ; hld_fifo                                                         ; N/A          ;
;                               |ms.acl_mid_speed_fifo_inst|                                                                                                                             ; 17.9 (2.8)           ; 21.2 (3.9)                       ; 3.3 (1.1)                                         ; 0.0 (0.0)                        ; 0.0 (0.0)            ; 26 (6)              ; 33 (6)                    ; 0 (0)         ; 0                 ; 0     ; 0                        ; 0                                      ; 0                                                 ; 0    ; 0 (0)  ; fast_recompile_fpga_di_inst|VectorAdd_std_ic_inst|VectorAdd_inst_0|kernel|theVectorAdd_function_aunroll_x|thebb_VectorAdd_B0_aunroll_x|theVectorAdd_B0_merge|theVectorAdd_B0_merge_storage|theVectorAdd_B0_merge_storage|ms.acl_mid_speed_fifo_inst                                                                                                                                                                                                                                                                                                                                                                                         ; acl_mid_speed_fifo                                               ; N/A          ;
;                                  |addr_match_inst|                                                                                                                                     ; 7.0 (5.5)            ; 7.9 (6.4)                        ; 0.9 (0.9)                                         ; 0.0 (0.0)                        ; 0.0 (0.0)            ; 10 (10)             ; 12 (9)                    ; 0 (0)         ; 0                 ; 0     ; 0                        ; 0                                      ; 0                                                 ; 0    ; 0 (0)  ; fast_recompile_fpga_di_inst|VectorAdd_std_ic_inst|VectorAdd_inst_0|kernel|theVectorAdd_function_aunroll_x|thebb_VectorAdd_B0_aunroll_x|theVectorAdd_B0_merge|theVectorAdd_B0_merge_storage|theVectorAdd_B0_merge_storage|ms.acl_mid_speed_fifo_inst|addr_match_inst                                                                                                                                                                                                                                                                                                                                                                         ; acl_tessellated_incr_decr_threshold                              ; N/A          ;
;                                     |acl_reset_handler_inst|                                                                                                                           ; 1.5 (1.5)            ; 1.5 (1.5)                        ; 0.0 (0.0)                                         ; 0.0 (0.0)                        ; 0.0 (0.0)            ; 0 (0)               ; 3 (3)                     ; 0 (0)         ; 0                 ; 0     ; 0                        ; 0                                      ; 0                                                 ; 0    ; 0 (0)  ; fast_recompile_fpga_di_inst|VectorAdd_std_ic_inst|VectorAdd_inst_0|kernel|theVectorAdd_function_aunroll_x|thebb_VectorAdd_B0_aunroll_x|theVectorAdd_B0_merge|theVectorAdd_B0_merge_storage|theVectorAdd_B0_merge_storage|ms.acl_mid_speed_fifo_inst|addr_match_inst|acl_reset_handler_inst                                                                                                                                                                                                                                                                                                                                                  ; acl_reset_handler                                                ; N/A          ;
;                                  |gen_real_stall_out.stall_out_inst|                                                                                                                   ; 8.1 (6.6)            ; 9.3 (7.8)                        ; 1.3 (1.3)                                         ; 0.0 (0.0)                        ; 0.0 (0.0)            ; 10 (10)             ; 15 (12)                   ; 0 (0)         ; 0                 ; 0     ; 0                        ; 0                                      ; 0                                                 ; 0    ; 0 (0)  ; fast_recompile_fpga_di_inst|VectorAdd_std_ic_inst|VectorAdd_inst_0|kernel|theVectorAdd_function_aunroll_x|thebb_VectorAdd_B0_aunroll_x|theVectorAdd_B0_merge|theVectorAdd_B0_merge_storage|theVectorAdd_B0_merge_storage|ms.acl_mid_speed_fifo_inst|gen_real_stall_out.stall_out_inst                                                                                                                                                                                                                                                                                                                                                       ; acl_tessellated_incr_decr_threshold                              ; N/A          ;
;                                     |acl_reset_handler_inst|                                                                                                                           ; 1.5 (1.5)            ; 1.5 (1.5)                        ; 0.0 (0.0)                                         ; 0.0 (0.0)                        ; 0.0 (0.0)            ; 0 (0)               ; 3 (3)                     ; 0 (0)         ; 0                 ; 0     ; 0                        ; 0                                      ; 0                                                 ; 0    ; 0 (0)  ; fast_recompile_fpga_di_inst|VectorAdd_std_ic_inst|VectorAdd_inst_0|kernel|theVectorAdd_function_aunroll_x|thebb_VectorAdd_B0_aunroll_x|theVectorAdd_B0_merge|theVectorAdd_B0_merge_storage|theVectorAdd_B0_merge_storage|ms.acl_mid_speed_fifo_inst|gen_real_stall_out.stall_out_inst|acl_reset_handler_inst                                                                                                                                                                                                                                                                                                                                ; acl_reset_handler                                                ; N/A          ;
;                            |therst_sync|                                                                                                                                               ; 2.4 (2.4)            ; 2.0 (2.0)                        ; 0.1 (0.1)                                         ; 0.5 (0.5)                        ; 0.0 (0.0)            ; 0 (0)               ; 6 (6)                     ; 0 (0)         ; 0                 ; 0     ; 0                        ; 0                                      ; 0                                                 ; 0    ; 0 (0)  ; fast_recompile_fpga_di_inst|VectorAdd_std_ic_inst|VectorAdd_inst_0|kernel|theVectorAdd_function_aunroll_x|thebb_VectorAdd_B0_aunroll_x|theVectorAdd_B0_merge|theVectorAdd_B0_merge_storage|therst_sync                                                                                                                                                                                                                                                                                                                                                                                                                                      ; acl_reset_handler                                                ; N/A          ;
;                      |thebb_VectorAdd_B0_stall_region|                                                                                                                                 ; 154.4 (0.7)          ; 197.2 (1.1)                      ; 44.4 (0.3)                                        ; 1.7 (0.0)                        ; 0.0 (0.0)            ; 240 (0)             ; 437 (3)                   ; 0 (0)         ; 0                 ; 0     ; 0                        ; 0                                      ; 0                                                 ; 0    ; 0 (0)  ; fast_recompile_fpga_di_inst|VectorAdd_std_ic_inst|VectorAdd_inst_0|kernel|theVectorAdd_function_aunroll_x|thebb_VectorAdd_B0_aunroll_x|thebb_VectorAdd_B0_stall_region                                                                                                                                                                                                                                                                                                                                                                                                                                                                      ; VectorAdd_bb_B0_stall_region                                     ; N/A          ;
;                         |thei_sfc_s_c0_in_entry_vectoradds_c0_enter_vectoradd_40_0gr_aunroll_x|                                                                                        ; 153.7 (0.0)          ; 196.1 (0.0)                      ; 44.1 (0.0)                                        ; 1.7 (0.0)                        ; 0.0 (0.0)            ; 240 (0)             ; 434 (0)                   ; 0 (0)         ; 0                 ; 0     ; 0                        ; 0                                      ; 0                                                 ; 0    ; 0 (0)  ; fast_recompile_fpga_di_inst|VectorAdd_std_ic_inst|VectorAdd_inst_0|kernel|theVectorAdd_function_aunroll_x|thebb_VectorAdd_B0_aunroll_x|thebb_VectorAdd_B0_stall_region|thei_sfc_s_c0_in_entry_vectoradds_c0_enter_vectoradd_40_0gr_aunroll_x                                                                                                                                                                                                                                                                                                                                                                                                ; VectorAdd_i_sfc_s_c0_in_entry_vectoradds0000ter_vectoradd_40_0gr ; N/A          ;
;                            |thei_llvm_fpga_sfc_exit_s_c0_in_entry_vectoradds_c0_exit_vectoradd_45_1gr_aunroll_x|                                                                       ; 42.1 (0.4)           ; 49.7 (0.4)                       ; 8.2 (0.0)                                         ; 0.5 (0.0)                        ; 0.0 (0.0)            ; 63 (1)              ; 79 (1)                    ; 0 (0)         ; 0                 ; 0     ; 0                        ; 0                                      ; 0                                                 ; 0    ; 0 (0)  ; fast_recompile_fpga_di_inst|VectorAdd_std_ic_inst|VectorAdd_inst_0|kernel|theVectorAdd_function_aunroll_x|thebb_VectorAdd_B0_aunroll_x|thebb_VectorAdd_B0_stall_region|thei_sfc_s_c0_in_entry_vectoradds_c0_enter_vectoradd_40_0gr_aunroll_x|thei_llvm_fpga_sfc_exit_s_c0_in_entry_vectoradds_c0_exit_vectoradd_45_1gr_aunroll_x                                                                                                                                                                                                                                                                                                            ; VectorAdd_i_llvm_fpga_sfc_exit_s_c0_in_e0000xit_vectoradd_86_0gr ; N/A          ;
;                               |thei_llvm_fpga_sfc_exit_s_c0_in_entry_vectoradds_c0_exit_vectoradd_45_1gr_full_detector|                                                                ; 16.2 (0.0)           ; 19.2 (0.0)                       ; 3.0 (0.0)                                         ; 0.0 (0.0)                        ; 0.0 (0.0)            ; 23 (0)              ; 28 (0)                    ; 0 (0)         ; 0                 ; 0     ; 0                        ; 0                                      ; 0                                                 ; 0    ; 0 (0)  ; fast_recompile_fpga_di_inst|VectorAdd_std_ic_inst|VectorAdd_inst_0|kernel|theVectorAdd_function_aunroll_x|thebb_VectorAdd_B0_aunroll_x|thebb_VectorAdd_B0_stall_region|thei_sfc_s_c0_in_entry_vectoradds_c0_enter_vectoradd_40_0gr_aunroll_x|thei_llvm_fpga_sfc_exit_s_c0_in_entry_vectoradds_c0_exit_vectoradd_45_1gr_aunroll_x|thei_llvm_fpga_sfc_exit_s_c0_in_entry_vectoradds_c0_exit_vectoradd_45_1gr_full_detector                                                                                                                                                                                                                    ; VectorAdd_i_llvm_fpga_sfc_exit_s_c0_in_e000045_1gr_full_detector ; N/A          ;
;                                  |thei_llvm_fpga_sfc_exit_s_c0_in_entry_vectoradds_c0_exit_vectoradd_45_1gr_full_detector|                                                             ; 16.2 (0.0)           ; 19.2 (0.0)                       ; 3.0 (0.0)                                         ; 0.0 (0.0)                        ; 0.0 (0.0)            ; 23 (0)              ; 28 (0)                    ; 0 (0)         ; 0                 ; 0     ; 0                        ; 0                                      ; 0                                                 ; 0    ; 0 (0)  ; fast_recompile_fpga_di_inst|VectorAdd_std_ic_inst|VectorAdd_inst_0|kernel|theVectorAdd_function_aunroll_x|thebb_VectorAdd_B0_aunroll_x|thebb_VectorAdd_B0_stall_region|thei_sfc_s_c0_in_entry_vectoradds_c0_enter_vectoradd_40_0gr_aunroll_x|thei_llvm_fpga_sfc_exit_s_c0_in_entry_vectoradds_c0_exit_vectoradd_45_1gr_aunroll_x|thei_llvm_fpga_sfc_exit_s_c0_in_entry_vectoradds_c0_exit_vectoradd_45_1gr_full_detector|thei_llvm_fpga_sfc_exit_s_c0_in_entry_vectoradds_c0_exit_vectoradd_45_1gr_full_detector                                                                                                                            ; acl_full_detector                                                ; N/A          ;
;                                     |acl_reset_handler_inst|                                                                                                                           ; 3.4 (3.4)            ; 4.0 (4.0)                        ; 0.6 (0.6)                                         ; 0.0 (0.0)                        ; 0.0 (0.0)            ; 5 (5)               ; 5 (5)                     ; 0 (0)         ; 0                 ; 0     ; 0                        ; 0                                      ; 0                                                 ; 0    ; 0 (0)  ; fast_recompile_fpga_di_inst|VectorAdd_std_ic_inst|VectorAdd_inst_0|kernel|theVectorAdd_function_aunroll_x|thebb_VectorAdd_B0_aunroll_x|thebb_VectorAdd_B0_stall_region|thei_sfc_s_c0_in_entry_vectoradds_c0_enter_vectoradd_40_0gr_aunroll_x|thei_llvm_fpga_sfc_exit_s_c0_in_entry_vectoradds_c0_exit_vectoradd_45_1gr_aunroll_x|thei_llvm_fpga_sfc_exit_s_c0_in_entry_vectoradds_c0_exit_vectoradd_45_1gr_full_detector|thei_llvm_fpga_sfc_exit_s_c0_in_entry_vectoradds_c0_exit_vectoradd_45_1gr_full_detector|acl_reset_handler_inst                                                                                                     ; acl_reset_handler                                                ; N/A          ;
;                                     |fast_incr_decr_counter|                                                                                                                           ; 12.9 (11.4)          ; 15.2 (13.7)                      ; 2.4 (2.4)                                         ; 0.0 (0.0)                        ; 0.0 (0.0)            ; 18 (18)             ; 23 (20)                   ; 0 (0)         ; 0                 ; 0     ; 0                        ; 0                                      ; 0                                                 ; 0    ; 0 (0)  ; fast_recompile_fpga_di_inst|VectorAdd_std_ic_inst|VectorAdd_inst_0|kernel|theVectorAdd_function_aunroll_x|thebb_VectorAdd_B0_aunroll_x|thebb_VectorAdd_B0_stall_region|thei_sfc_s_c0_in_entry_vectoradds_c0_enter_vectoradd_40_0gr_aunroll_x|thei_llvm_fpga_sfc_exit_s_c0_in_entry_vectoradds_c0_exit_vectoradd_45_1gr_aunroll_x|thei_llvm_fpga_sfc_exit_s_c0_in_entry_vectoradds_c0_exit_vectoradd_45_1gr_full_detector|thei_llvm_fpga_sfc_exit_s_c0_in_entry_vectoradds_c0_exit_vectoradd_45_1gr_full_detector|fast_incr_decr_counter                                                                                                     ; acl_tessellated_incr_decr_threshold                              ; N/A          ;
;                                        |acl_reset_handler_inst|                                                                                                                        ; 1.5 (1.5)            ; 1.5 (1.5)                        ; 0.0 (0.0)                                         ; 0.0 (0.0)                        ; 0.0 (0.0)            ; 0 (0)               ; 3 (3)                     ; 0 (0)         ; 0                 ; 0     ; 0                        ; 0                                      ; 0                                                 ; 0    ; 0 (0)  ; fast_recompile_fpga_di_inst|VectorAdd_std_ic_inst|VectorAdd_inst_0|kernel|theVectorAdd_function_aunroll_x|thebb_VectorAdd_B0_aunroll_x|thebb_VectorAdd_B0_stall_region|thei_sfc_s_c0_in_entry_vectoradds_c0_enter_vectoradd_40_0gr_aunroll_x|thei_llvm_fpga_sfc_exit_s_c0_in_entry_vectoradds_c0_exit_vectoradd_45_1gr_aunroll_x|thei_llvm_fpga_sfc_exit_s_c0_in_entry_vectoradds_c0_exit_vectoradd_45_1gr_full_detector|thei_llvm_fpga_sfc_exit_s_c0_in_entry_vectoradds_c0_exit_vectoradd_45_1gr_full_detector|fast_incr_decr_counter|acl_reset_handler_inst                                                                              ; acl_reset_handler                                                ; N/A          ;
;                               |thei_llvm_fpga_sfc_exit_s_c0_in_entry_vectoradds_c0_exit_vectoradd_86_1gr_data_fifo_aunroll_x|                                                          ; 25.5 (0.0)           ; 30.0 (0.0)                       ; 5.1 (0.0)                                         ; 0.5 (0.0)                        ; 0.0 (0.0)            ; 39 (0)              ; 50 (0)                    ; 0 (0)         ; 0                 ; 0     ; 0                        ; 0                                      ; 0                                                 ; 0    ; 0 (0)  ; fast_recompile_fpga_di_inst|VectorAdd_std_ic_inst|VectorAdd_inst_0|kernel|theVectorAdd_function_aunroll_x|thebb_VectorAdd_B0_aunroll_x|thebb_VectorAdd_B0_stall_region|thei_sfc_s_c0_in_entry_vectoradds_c0_enter_vectoradd_40_0gr_aunroll_x|thei_llvm_fpga_sfc_exit_s_c0_in_entry_vectoradds_c0_exit_vectoradd_45_1gr_aunroll_x|thei_llvm_fpga_sfc_exit_s_c0_in_entry_vectoradds_c0_exit_vectoradd_86_1gr_data_fifo_aunroll_x                                                                                                                                                                                                              ; VectorAdd_i_llvm_fpga_sfc_exit_s_c0_in_e0000add_86_1gr_data_fifo ; N/A          ;
;                                  |thei_llvm_fpga_sfc_exit_s_c0_in_entry_vectoradds_c0_exit_vectoradd_624_0gr|                                                                          ; 25.5 (0.0)           ; 30.0 (0.0)                       ; 5.1 (0.0)                                         ; 0.5 (0.0)                        ; 0.0 (0.0)            ; 39 (0)              ; 50 (0)                    ; 0 (0)         ; 0                 ; 0     ; 0                        ; 0                                      ; 0                                                 ; 0    ; 0 (0)  ; fast_recompile_fpga_di_inst|VectorAdd_std_ic_inst|VectorAdd_inst_0|kernel|theVectorAdd_function_aunroll_x|thebb_VectorAdd_B0_aunroll_x|thebb_VectorAdd_B0_stall_region|thei_sfc_s_c0_in_entry_vectoradds_c0_enter_vectoradd_40_0gr_aunroll_x|thei_llvm_fpga_sfc_exit_s_c0_in_entry_vectoradds_c0_exit_vectoradd_45_1gr_aunroll_x|thei_llvm_fpga_sfc_exit_s_c0_in_entry_vectoradds_c0_exit_vectoradd_86_1gr_data_fifo_aunroll_x|thei_llvm_fpga_sfc_exit_s_c0_in_entry_vectoradds_c0_exit_vectoradd_624_0gr                                                                                                                                   ; hld_fifo                                                         ; N/A          ;
;                                     |ms.acl_mid_speed_fifo_inst|                                                                                                                       ; 25.5 (1.9)           ; 30.0 (3.1)                       ; 5.1 (1.2)                                         ; 0.5 (0.0)                        ; 0.0 (0.0)            ; 39 (5)              ; 50 (8)                    ; 0 (0)         ; 0                 ; 0     ; 0                        ; 0                                      ; 0                                                 ; 0    ; 0 (0)  ; fast_recompile_fpga_di_inst|VectorAdd_std_ic_inst|VectorAdd_inst_0|kernel|theVectorAdd_function_aunroll_x|thebb_VectorAdd_B0_aunroll_x|thebb_VectorAdd_B0_stall_region|thei_sfc_s_c0_in_entry_vectoradds_c0_enter_vectoradd_40_0gr_aunroll_x|thei_llvm_fpga_sfc_exit_s_c0_in_entry_vectoradds_c0_exit_vectoradd_45_1gr_aunroll_x|thei_llvm_fpga_sfc_exit_s_c0_in_entry_vectoradds_c0_exit_vectoradd_86_1gr_data_fifo_aunroll_x|thei_llvm_fpga_sfc_exit_s_c0_in_entry_vectoradds_c0_exit_vectoradd_624_0gr|ms.acl_mid_speed_fifo_inst                                                                                                        ; acl_mid_speed_fifo                                               ; N/A          ;
;                                        |addr_match_inst|                                                                                                                               ; 12.3 (10.3)          ; 13.2 (11.7)                      ; 1.4 (1.4)                                         ; 0.5 (0.0)                        ; 0.0 (0.0)            ; 17 (17)             ; 20 (17)                   ; 0 (0)         ; 0                 ; 0     ; 0                        ; 0                                      ; 0                                                 ; 0    ; 0 (0)  ; fast_recompile_fpga_di_inst|VectorAdd_std_ic_inst|VectorAdd_inst_0|kernel|theVectorAdd_function_aunroll_x|thebb_VectorAdd_B0_aunroll_x|thebb_VectorAdd_B0_stall_region|thei_sfc_s_c0_in_entry_vectoradds_c0_enter_vectoradd_40_0gr_aunroll_x|thei_llvm_fpga_sfc_exit_s_c0_in_entry_vectoradds_c0_exit_vectoradd_45_1gr_aunroll_x|thei_llvm_fpga_sfc_exit_s_c0_in_entry_vectoradds_c0_exit_vectoradd_86_1gr_data_fifo_aunroll_x|thei_llvm_fpga_sfc_exit_s_c0_in_entry_vectoradds_c0_exit_vectoradd_624_0gr|ms.acl_mid_speed_fifo_inst|addr_match_inst                                                                                        ; acl_tessellated_incr_decr_threshold                              ; N/A          ;
;                                           |acl_reset_handler_inst|                                                                                                                     ; 2.0 (2.0)            ; 1.5 (1.5)                        ; 0.0 (0.0)                                         ; 0.5 (0.5)                        ; 0.0 (0.0)            ; 0 (0)               ; 3 (3)                     ; 0 (0)         ; 0                 ; 0     ; 0                        ; 0                                      ; 0                                                 ; 0    ; 0 (0)  ; fast_recompile_fpga_di_inst|VectorAdd_std_ic_inst|VectorAdd_inst_0|kernel|theVectorAdd_function_aunroll_x|thebb_VectorAdd_B0_aunroll_x|thebb_VectorAdd_B0_stall_region|thei_sfc_s_c0_in_entry_vectoradds_c0_enter_vectoradd_40_0gr_aunroll_x|thei_llvm_fpga_sfc_exit_s_c0_in_entry_vectoradds_c0_exit_vectoradd_45_1gr_aunroll_x|thei_llvm_fpga_sfc_exit_s_c0_in_entry_vectoradds_c0_exit_vectoradd_86_1gr_data_fifo_aunroll_x|thei_llvm_fpga_sfc_exit_s_c0_in_entry_vectoradds_c0_exit_vectoradd_624_0gr|ms.acl_mid_speed_fifo_inst|addr_match_inst|acl_reset_handler_inst                                                                 ; acl_reset_handler                                                ; N/A          ;
;                                        |real_almost_full.almost_full_inst|                                                                                                             ; 11.2 (9.7)           ; 13.7 (12.2)                      ; 2.5 (2.5)                                         ; 0.0 (0.0)                        ; 0.0 (0.0)            ; 17 (17)             ; 22 (19)                   ; 0 (0)         ; 0                 ; 0     ; 0                        ; 0                                      ; 0                                                 ; 0    ; 0 (0)  ; fast_recompile_fpga_di_inst|VectorAdd_std_ic_inst|VectorAdd_inst_0|kernel|theVectorAdd_function_aunroll_x|thebb_VectorAdd_B0_aunroll_x|thebb_VectorAdd_B0_stall_region|thei_sfc_s_c0_in_entry_vectoradds_c0_enter_vectoradd_40_0gr_aunroll_x|thei_llvm_fpga_sfc_exit_s_c0_in_entry_vectoradds_c0_exit_vectoradd_45_1gr_aunroll_x|thei_llvm_fpga_sfc_exit_s_c0_in_entry_vectoradds_c0_exit_vectoradd_86_1gr_data_fifo_aunroll_x|thei_llvm_fpga_sfc_exit_s_c0_in_entry_vectoradds_c0_exit_vectoradd_624_0gr|ms.acl_mid_speed_fifo_inst|real_almost_full.almost_full_inst                                                                      ; acl_tessellated_incr_decr_threshold                              ; N/A          ;
;                                           |acl_reset_handler_inst|                                                                                                                     ; 1.5 (1.5)            ; 1.5 (1.5)                        ; 0.0 (0.0)                                         ; 0.0 (0.0)                        ; 0.0 (0.0)            ; 0 (0)               ; 3 (3)                     ; 0 (0)         ; 0                 ; 0     ; 0                        ; 0                                      ; 0                                                 ; 0    ; 0 (0)  ; fast_recompile_fpga_di_inst|VectorAdd_std_ic_inst|VectorAdd_inst_0|kernel|theVectorAdd_function_aunroll_x|thebb_VectorAdd_B0_aunroll_x|thebb_VectorAdd_B0_stall_region|thei_sfc_s_c0_in_entry_vectoradds_c0_enter_vectoradd_40_0gr_aunroll_x|thei_llvm_fpga_sfc_exit_s_c0_in_entry_vectoradds_c0_exit_vectoradd_45_1gr_aunroll_x|thei_llvm_fpga_sfc_exit_s_c0_in_entry_vectoradds_c0_exit_vectoradd_86_1gr_data_fifo_aunroll_x|thei_llvm_fpga_sfc_exit_s_c0_in_entry_vectoradds_c0_exit_vectoradd_624_0gr|ms.acl_mid_speed_fifo_inst|real_almost_full.almost_full_inst|acl_reset_handler_inst                                               ; acl_reset_handler                                                ; N/A          ;
;                            |thei_sfc_logic_s_c0_in_entry_vectoradds_c0_enter_vectoradd_45_0gr_aunroll_x|                                                                               ; 109.1 (73.2)         ; 143.8 (104.4)                    ; 35.4 (31.7)                                       ; 0.7 (0.5)                        ; 0.0 (0.0)            ; 177 (157)           ; 349 (231)                 ; 0 (0)         ; 0                 ; 0     ; 0                        ; 0                                      ; 0                                                 ; 0    ; 0 (0)  ; fast_recompile_fpga_di_inst|VectorAdd_std_ic_inst|VectorAdd_inst_0|kernel|theVectorAdd_function_aunroll_x|thebb_VectorAdd_B0_aunroll_x|thebb_VectorAdd_B0_stall_region|thei_sfc_s_c0_in_entry_vectoradds_c0_enter_vectoradd_40_0gr_aunroll_x|thei_sfc_logic_s_c0_in_entry_vectoradds_c0_enter_vectoradd_45_0gr_aunroll_x                                                                                                                                                                                                                                                                                                                    ; VectorAdd_i_sfc_logic_s_c0_in_entry_vect0000ter_vectoradd_45_0gr ; N/A          ;
;                               |thei_llvm_fpga_ffwd_source_i1_unnamed_vectoradd1_vectoradd_48_9gr|                                                                                      ; 18.8 (0.0)           ; 22.2 (0.0)                       ; 3.6 (0.0)                                         ; 0.2 (0.0)                        ; 0.0 (0.0)            ; 19 (0)              ; 52 (0)                    ; 0 (0)         ; 0                 ; 0     ; 0                        ; 0                                      ; 0                                                 ; 0    ; 0 (0)  ; fast_recompile_fpga_di_inst|VectorAdd_std_ic_inst|VectorAdd_inst_0|kernel|theVectorAdd_function_aunroll_x|thebb_VectorAdd_B0_aunroll_x|thebb_VectorAdd_B0_stall_region|thei_sfc_s_c0_in_entry_vectoradds_c0_enter_vectoradd_40_0gr_aunroll_x|thei_sfc_logic_s_c0_in_entry_vectoradds_c0_enter_vectoradd_45_0gr_aunroll_x|thei_llvm_fpga_ffwd_source_i1_unnamed_vectoradd1_vectoradd_48_9gr                                                                                                                                                                                                                                                  ; VectorAdd_i_llvm_fpga_ffwd_source_i1_unn0000dd1_vectoradd_72_0gr ; N/A          ;
;                                  |thei_llvm_fpga_ffwd_source_i1_unnamed_vectoradd1_vectoradd_72_1gr|                                                                                   ; 18.8 (18.8)          ; 22.2 (22.2)                      ; 3.6 (3.6)                                         ; 0.2 (0.2)                        ; 0.0 (0.0)            ; 19 (19)             ; 52 (52)                   ; 0 (0)         ; 0                 ; 0     ; 0                        ; 0                                      ; 0                                                 ; 0    ; 0 (0)  ; fast_recompile_fpga_di_inst|VectorAdd_std_ic_inst|VectorAdd_inst_0|kernel|theVectorAdd_function_aunroll_x|thebb_VectorAdd_B0_aunroll_x|thebb_VectorAdd_B0_stall_region|thei_sfc_s_c0_in_entry_vectoradds_c0_enter_vectoradd_40_0gr_aunroll_x|thei_sfc_logic_s_c0_in_entry_vectoradds_c0_enter_vectoradd_45_0gr_aunroll_x|thei_llvm_fpga_ffwd_source_i1_unnamed_vectoradd1_vectoradd_48_9gr|thei_llvm_fpga_ffwd_source_i1_unnamed_vectoradd1_vectoradd_72_1gr                                                                                                                                                                                ; acl_ffwdsrc                                                      ; N/A          ;
;                               |thei_llvm_fpga_ffwd_source_i65_unnamed_vectoradd2_vectoradd_48_10|                                                                                      ; 17.1 (0.0)           ; 17.2 (0.0)                       ; 0.1 (0.0)                                         ; 0.0 (0.0)                        ; 0.0 (0.0)            ; 1 (0)               ; 66 (0)                    ; 0 (0)         ; 0                 ; 0     ; 0                        ; 0                                      ; 0                                                 ; 0    ; 0 (0)  ; fast_recompile_fpga_di_inst|VectorAdd_std_ic_inst|VectorAdd_inst_0|kernel|theVectorAdd_function_aunroll_x|thebb_VectorAdd_B0_aunroll_x|thebb_VectorAdd_B0_stall_region|thei_sfc_s_c0_in_entry_vectoradds_c0_enter_vectoradd_40_0gr_aunroll_x|thei_sfc_logic_s_c0_in_entry_vectoradds_c0_enter_vectoradd_45_0gr_aunroll_x|thei_llvm_fpga_ffwd_source_i65_unnamed_vectoradd2_vectoradd_48_10                                                                                                                                                                                                                                                  ; VectorAdd_i_llvm_fpga_ffwd_source_i65_un0000dd2_vectoradd_79_0gr ; N/A          ;
;                                  |thei_llvm_fpga_ffwd_source_i65_unnamed_vectoradd2_vectoradd_79_1gr|                                                                                  ; 17.1 (17.1)          ; 17.2 (17.2)                      ; 0.1 (0.1)                                         ; 0.0 (0.0)                        ; 0.0 (0.0)            ; 1 (1)               ; 66 (66)                   ; 0 (0)         ; 0                 ; 0     ; 0                        ; 0                                      ; 0                                                 ; 0    ; 0 (0)  ; fast_recompile_fpga_di_inst|VectorAdd_std_ic_inst|VectorAdd_inst_0|kernel|theVectorAdd_function_aunroll_x|thebb_VectorAdd_B0_aunroll_x|thebb_VectorAdd_B0_stall_region|thei_sfc_s_c0_in_entry_vectoradds_c0_enter_vectoradd_40_0gr_aunroll_x|thei_sfc_logic_s_c0_in_entry_vectoradds_c0_enter_vectoradd_45_0gr_aunroll_x|thei_llvm_fpga_ffwd_source_i65_unnamed_vectoradd2_vectoradd_48_10|thei_llvm_fpga_ffwd_source_i65_unnamed_vectoradd2_vectoradd_79_1gr                                                                                                                                                                               ; acl_ffwdsrc                                                      ; N/A          ;
;                            |therst_sync|                                                                                                                                               ; 2.6 (2.6)            ; 2.5 (2.5)                        ; 0.4 (0.4)                                         ; 0.5 (0.5)                        ; 0.0 (0.0)            ; 0 (0)               ; 6 (6)                     ; 0 (0)         ; 0                 ; 0     ; 0                        ; 0                                      ; 0                                                 ; 0    ; 0 (0)  ; fast_recompile_fpga_di_inst|VectorAdd_std_ic_inst|VectorAdd_inst_0|kernel|theVectorAdd_function_aunroll_x|thebb_VectorAdd_B0_aunroll_x|thebb_VectorAdd_B0_stall_region|thei_sfc_s_c0_in_entry_vectoradds_c0_enter_vectoradd_40_0gr_aunroll_x|therst_sync                                                                                                                                                                                                                                                                                                                                                                                    ; acl_reset_handler                                                ; N/A          ;
;                   |thebb_VectorAdd_B1_aunroll_x|                                                                                                                                       ; 1328.8 (0.0)         ; 1687.1 (0.0)                     ; 377.7 (0.0)                                       ; 19.4 (0.0)                       ; 50.0 (0.0)           ; 1785 (0)            ; 3912 (0)                  ; 0 (0)         ; 232448            ; 19    ; 1                        ; 1                                      ; 0                                                 ; 0    ; 0 (0)  ; fast_recompile_fpga_di_inst|VectorAdd_std_ic_inst|VectorAdd_inst_0|kernel|theVectorAdd_function_aunroll_x|thebb_VectorAdd_B1_aunroll_x                                                                                                                                                                                                                                                                                                                                                                                                                                                                                                      ; VectorAdd_bb_B1                                                  ; N/A          ;
;                      |theVectorAdd_B1_merge|                                                                                                                                           ; 36.8 (0.0)           ; 43.2 (0.0)                       ; 7.5 (0.0)                                         ; 1.0 (0.0)                        ; 0.0 (0.0)            ; 49 (0)              ; 72 (0)                    ; 0 (0)         ; 0                 ; 0     ; 0                        ; 0                                      ; 0                                                 ; 0    ; 0 (0)  ; fast_recompile_fpga_di_inst|VectorAdd_std_ic_inst|VectorAdd_inst_0|kernel|theVectorAdd_function_aunroll_x|thebb_VectorAdd_B1_aunroll_x|theVectorAdd_B1_merge                                                                                                                                                                                                                                                                                                                                                                                                                                                                                ; VectorAdd_B1_merge                                               ; N/A          ;
;                         |theVectorAdd_B1_merge_storage|                                                                                                                                ; 36.8 (0.0)           ; 43.2 (0.0)                       ; 7.5 (0.0)                                         ; 1.0 (0.0)                        ; 0.0 (0.0)            ; 49 (0)              ; 72 (0)                    ; 0 (0)         ; 0                 ; 0     ; 0                        ; 0                                      ; 0                                                 ; 0    ; 0 (0)  ; fast_recompile_fpga_di_inst|VectorAdd_std_ic_inst|VectorAdd_inst_0|kernel|theVectorAdd_function_aunroll_x|thebb_VectorAdd_B1_aunroll_x|theVectorAdd_B1_merge|theVectorAdd_B1_merge_storage                                                                                                                                                                                                                                                                                                                                                                                                                                                  ; VectorAdd_B1_merge_storage                                       ; N/A          ;
;                            |theVectorAdd_B1_merge_storage|                                                                                                                             ; 34.4 (0.0)           ; 41.2 (0.0)                       ; 7.4 (0.0)                                         ; 0.5 (0.0)                        ; 0.0 (0.0)            ; 49 (0)              ; 66 (0)                    ; 0 (0)         ; 0                 ; 0     ; 0                        ; 0                                      ; 0                                                 ; 0    ; 0 (0)  ; fast_recompile_fpga_di_inst|VectorAdd_std_ic_inst|VectorAdd_inst_0|kernel|theVectorAdd_function_aunroll_x|thebb_VectorAdd_B1_aunroll_x|theVectorAdd_B1_merge|theVectorAdd_B1_merge_storage|theVectorAdd_B1_merge_storage                                                                                                                                                                                                                                                                                                                                                                                                                    ; hld_fifo                                                         ; N/A          ;
;                               |ms.acl_mid_speed_fifo_inst|                                                                                                                             ; 34.4 (2.6)           ; 41.2 (3.8)                       ; 7.4 (1.2)                                         ; 0.5 (0.0)                        ; 0.0 (0.0)            ; 49 (7)              ; 66 (8)                    ; 0 (0)         ; 0                 ; 0     ; 0                        ; 0                                      ; 0                                                 ; 0    ; 0 (0)  ; fast_recompile_fpga_di_inst|VectorAdd_std_ic_inst|VectorAdd_inst_0|kernel|theVectorAdd_function_aunroll_x|thebb_VectorAdd_B1_aunroll_x|theVectorAdd_B1_merge|theVectorAdd_B1_merge_storage|theVectorAdd_B1_merge_storage|ms.acl_mid_speed_fifo_inst                                                                                                                                                                                                                                                                                                                                                                                         ; acl_mid_speed_fifo                                               ; N/A          ;
;                                  |addr_match_inst|                                                                                                                                     ; 6.7 (5.4)            ; 7.2 (6.2)                        ; 0.5 (0.8)                                         ; 0.0 (0.0)                        ; 0.0 (0.0)            ; 10 (10)             ; 11 (8)                    ; 0 (0)         ; 0                 ; 0     ; 0                        ; 0                                      ; 0                                                 ; 0    ; 0 (0)  ; fast_recompile_fpga_di_inst|VectorAdd_std_ic_inst|VectorAdd_inst_0|kernel|theVectorAdd_function_aunroll_x|thebb_VectorAdd_B1_aunroll_x|theVectorAdd_B1_merge|theVectorAdd_B1_merge_storage|theVectorAdd_B1_merge_storage|ms.acl_mid_speed_fifo_inst|addr_match_inst                                                                                                                                                                                                                                                                                                                                                                         ; acl_tessellated_incr_decr_threshold                              ; N/A          ;
;                                     |acl_reset_handler_inst|                                                                                                                           ; 1.0 (1.0)            ; 1.0 (1.0)                        ; 0.0 (0.0)                                         ; 0.0 (0.0)                        ; 0.0 (0.0)            ; 0 (0)               ; 3 (3)                     ; 0 (0)         ; 0                 ; 0     ; 0                        ; 0                                      ; 0                                                 ; 0    ; 0 (0)  ; fast_recompile_fpga_di_inst|VectorAdd_std_ic_inst|VectorAdd_inst_0|kernel|theVectorAdd_function_aunroll_x|thebb_VectorAdd_B1_aunroll_x|theVectorAdd_B1_merge|theVectorAdd_B1_merge_storage|theVectorAdd_B1_merge_storage|ms.acl_mid_speed_fifo_inst|addr_match_inst|acl_reset_handler_inst                                                                                                                                                                                                                                                                                                                                                  ; acl_reset_handler                                                ; N/A          ;
;                                  |gen_real_stall_out.stall_out_inst|                                                                                                                   ; 7.4 (5.9)            ; 8.7 (7.2)                        ; 1.3 (1.3)                                         ; 0.0 (0.0)                        ; 0.0 (0.0)            ; 10 (10)             ; 12 (9)                    ; 0 (0)         ; 0                 ; 0     ; 0                        ; 0                                      ; 0                                                 ; 0    ; 0 (0)  ; fast_recompile_fpga_di_inst|VectorAdd_std_ic_inst|VectorAdd_inst_0|kernel|theVectorAdd_function_aunroll_x|thebb_VectorAdd_B1_aunroll_x|theVectorAdd_B1_merge|theVectorAdd_B1_merge_storage|theVectorAdd_B1_merge_storage|ms.acl_mid_speed_fifo_inst|gen_real_stall_out.stall_out_inst                                                                                                                                                                                                                                                                                                                                                       ; acl_tessellated_incr_decr_threshold                              ; N/A          ;
;                                     |acl_reset_handler_inst|                                                                                                                           ; 1.5 (1.5)            ; 1.5 (1.5)                        ; 0.0 (0.0)                                         ; 0.0 (0.0)                        ; 0.0 (0.0)            ; 0 (0)               ; 3 (3)                     ; 0 (0)         ; 0                 ; 0     ; 0                        ; 0                                      ; 0                                                 ; 0    ; 0 (0)  ; fast_recompile_fpga_di_inst|VectorAdd_std_ic_inst|VectorAdd_inst_0|kernel|theVectorAdd_function_aunroll_x|thebb_VectorAdd_B1_aunroll_x|theVectorAdd_B1_merge|theVectorAdd_B1_merge_storage|theVectorAdd_B1_merge_storage|ms.acl_mid_speed_fifo_inst|gen_real_stall_out.stall_out_inst|acl_reset_handler_inst                                                                                                                                                                                                                                                                                                                                ; acl_reset_handler                                                ; N/A          ;
;                                  |real_almost_empty.almost_empty_inst|                                                                                                                 ; 8.1 (6.6)            ; 9.8 (8.3)                        ; 1.7 (1.7)                                         ; 0.0 (0.0)                        ; 0.0 (0.0)            ; 11 (11)             ; 16 (13)                   ; 0 (0)         ; 0                 ; 0     ; 0                        ; 0                                      ; 0                                                 ; 0    ; 0 (0)  ; fast_recompile_fpga_di_inst|VectorAdd_std_ic_inst|VectorAdd_inst_0|kernel|theVectorAdd_function_aunroll_x|thebb_VectorAdd_B1_aunroll_x|theVectorAdd_B1_merge|theVectorAdd_B1_merge_storage|theVectorAdd_B1_merge_storage|ms.acl_mid_speed_fifo_inst|real_almost_empty.almost_empty_inst                                                                                                                                                                                                                                                                                                                                                     ; acl_tessellated_incr_decr_threshold                              ; N/A          ;
;                                     |acl_reset_handler_inst|                                                                                                                           ; 1.5 (1.5)            ; 1.5 (1.5)                        ; 0.0 (0.0)                                         ; 0.0 (0.0)                        ; 0.0 (0.0)            ; 0 (0)               ; 3 (3)                     ; 0 (0)         ; 0                 ; 0     ; 0                        ; 0                                      ; 0                                                 ; 0    ; 0 (0)  ; fast_recompile_fpga_di_inst|VectorAdd_std_ic_inst|VectorAdd_inst_0|kernel|theVectorAdd_function_aunroll_x|thebb_VectorAdd_B1_aunroll_x|theVectorAdd_B1_merge|theVectorAdd_B1_merge_storage|theVectorAdd_B1_merge_storage|ms.acl_mid_speed_fifo_inst|real_almost_empty.almost_empty_inst|acl_reset_handler_inst                                                                                                                                                                                                                                                                                                                              ; acl_reset_handler                                                ; N/A          ;
;                                  |real_almost_full.almost_full_inst|                                                                                                                   ; 9.7 (7.7)            ; 11.8 (10.3)                      ; 2.7 (2.7)                                         ; 0.5 (0.0)                        ; 0.0 (0.0)            ; 11 (11)             ; 19 (16)                   ; 0 (0)         ; 0                 ; 0     ; 0                        ; 0                                      ; 0                                                 ; 0    ; 0 (0)  ; fast_recompile_fpga_di_inst|VectorAdd_std_ic_inst|VectorAdd_inst_0|kernel|theVectorAdd_function_aunroll_x|thebb_VectorAdd_B1_aunroll_x|theVectorAdd_B1_merge|theVectorAdd_B1_merge_storage|theVectorAdd_B1_merge_storage|ms.acl_mid_speed_fifo_inst|real_almost_full.almost_full_inst                                                                                                                                                                                                                                                                                                                                                       ; acl_tessellated_incr_decr_threshold                              ; N/A          ;
;                                     |acl_reset_handler_inst|                                                                                                                           ; 2.0 (2.0)            ; 1.5 (1.5)                        ; 0.0 (0.0)                                         ; 0.5 (0.5)                        ; 0.0 (0.0)            ; 0 (0)               ; 3 (3)                     ; 0 (0)         ; 0                 ; 0     ; 0                        ; 0                                      ; 0                                                 ; 0    ; 0 (0)  ; fast_recompile_fpga_di_inst|VectorAdd_std_ic_inst|VectorAdd_inst_0|kernel|theVectorAdd_function_aunroll_x|thebb_VectorAdd_B1_aunroll_x|theVectorAdd_B1_merge|theVectorAdd_B1_merge_storage|theVectorAdd_B1_merge_storage|ms.acl_mid_speed_fifo_inst|real_almost_full.almost_full_inst|acl_reset_handler_inst                                                                                                                                                                                                                                                                                                                                ; acl_reset_handler                                                ; N/A          ;
;                            |therst_sync|                                                                                                                                               ; 2.4 (2.4)            ; 2.0 (2.0)                        ; 0.1 (0.1)                                         ; 0.5 (0.5)                        ; 0.0 (0.0)            ; 0 (0)               ; 6 (6)                     ; 0 (0)         ; 0                 ; 0     ; 0                        ; 0                                      ; 0                                                 ; 0    ; 0 (0)  ; fast_recompile_fpga_di_inst|VectorAdd_std_ic_inst|VectorAdd_inst_0|kernel|theVectorAdd_function_aunroll_x|thebb_VectorAdd_B1_aunroll_x|theVectorAdd_B1_merge|theVectorAdd_B1_merge_storage|therst_sync                                                                                                                                                                                                                                                                                                                                                                                                                                      ; acl_reset_handler                                                ; N/A          ;
;                      |thebb_VectorAdd_B1_stall_region|                                                                                                                                 ; 1292.0 (55.4)        ; 1643.9 (85.5)                    ; 370.3 (30.9)                                      ; 18.4 (0.7)                       ; 50.0 (0.0)           ; 1736 (20)           ; 3840 (477)                ; 0 (0)         ; 232448            ; 19    ; 1                        ; 1                                      ; 0                                                 ; 0    ; 0 (0)  ; fast_recompile_fpga_di_inst|VectorAdd_std_ic_inst|VectorAdd_inst_0|kernel|theVectorAdd_function_aunroll_x|thebb_VectorAdd_B1_aunroll_x|thebb_VectorAdd_B1_stall_region                                                                                                                                                                                                                                                                                                                                                                                                                                                                      ; VectorAdd_bb_B1_stall_region                                     ; N/A          ;
;                         |thebubble_out_i_sfc_s_c0_in_for_body_i_vectoradds_c0_enter111_vectoradd_113_1gr_aunroll_x_1_reg|                                                              ; 30.4 (0.0)           ; 34.7 (0.0)                       ; 5.3 (0.0)                                         ; 1.0 (0.0)                        ; 0.0 (0.0)            ; 45 (0)              ; 58 (0)                    ; 0 (0)         ; 0                 ; 0     ; 0                        ; 0                                      ; 0                                                 ; 0    ; 0 (0)  ; fast_recompile_fpga_di_inst|VectorAdd_std_ic_inst|VectorAdd_inst_0|kernel|theVectorAdd_function_aunroll_x|thebb_VectorAdd_B1_aunroll_x|thebb_VectorAdd_B1_stall_region|thebubble_out_i_sfc_s_c0_in_for_body_i_vectoradds_c0_enter111_vectoradd_113_1gr_aunroll_x_1_reg                                                                                                                                                                                                                                                                                                                                                                      ; hld_fifo_zero_width                                              ; N/A          ;
;                            |hld_fifo_inst|                                                                                                                                             ; 30.4 (0.0)           ; 34.7 (0.0)                       ; 5.3 (0.0)                                         ; 1.0 (0.0)                        ; 0.0 (0.0)            ; 45 (0)              ; 58 (0)                    ; 0 (0)         ; 0                 ; 0     ; 0                        ; 0                                      ; 0                                                 ; 0    ; 0 (0)  ; fast_recompile_fpga_di_inst|VectorAdd_std_ic_inst|VectorAdd_inst_0|kernel|theVectorAdd_function_aunroll_x|thebb_VectorAdd_B1_aunroll_x|thebb_VectorAdd_B1_stall_region|thebubble_out_i_sfc_s_c0_in_for_body_i_vectoradds_c0_enter111_vectoradd_113_1gr_aunroll_x_1_reg|hld_fifo_inst                                                                                                                                                                                                                                                                                                                                                        ; hld_fifo                                                         ; N/A          ;
;                               |ms.acl_mid_speed_fifo_inst|                                                                                                                             ; 30.4 (2.2)           ; 34.7 (3.3)                       ; 5.3 (1.2)                                         ; 1.0 (0.0)                        ; 0.0 (0.0)            ; 45 (5)              ; 58 (8)                    ; 0 (0)         ; 0                 ; 0     ; 0                        ; 0                                      ; 0                                                 ; 0    ; 0 (0)  ; fast_recompile_fpga_di_inst|VectorAdd_std_ic_inst|VectorAdd_inst_0|kernel|theVectorAdd_function_aunroll_x|thebb_VectorAdd_B1_aunroll_x|thebb_VectorAdd_B1_stall_region|thebubble_out_i_sfc_s_c0_in_for_body_i_vectoradds_c0_enter111_vectoradd_113_1gr_aunroll_x_1_reg|hld_fifo_inst|ms.acl_mid_speed_fifo_inst                                                                                                                                                                                                                                                                                                                             ; acl_mid_speed_fifo                                               ; N/A          ;
;                                  |acl_reset_handler_inst|                                                                                                                              ; 2.0 (2.0)            ; 1.5 (1.5)                        ; 0.0 (0.0)                                         ; 0.5 (0.5)                        ; 0.0 (0.0)            ; 0 (0)               ; 3 (3)                     ; 0 (0)         ; 0                 ; 0     ; 0                        ; 0                                      ; 0                                                 ; 0    ; 0 (0)  ; fast_recompile_fpga_di_inst|VectorAdd_std_ic_inst|VectorAdd_inst_0|kernel|theVectorAdd_function_aunroll_x|thebb_VectorAdd_B1_aunroll_x|thebb_VectorAdd_B1_stall_region|thebubble_out_i_sfc_s_c0_in_for_body_i_vectoradds_c0_enter111_vectoradd_113_1gr_aunroll_x_1_reg|hld_fifo_inst|ms.acl_mid_speed_fifo_inst|acl_reset_handler_inst                                                                                                                                                                                                                                                                                                      ; acl_reset_handler                                                ; N/A          ;
;                                  |addr_match_inst|                                                                                                                                     ; 11.6 (10.1)          ; 13.9 (12.4)                      ; 2.3 (2.3)                                         ; 0.0 (0.0)                        ; 0.0 (0.0)            ; 19 (19)             ; 20 (17)                   ; 0 (0)         ; 0                 ; 0     ; 0                        ; 0                                      ; 0                                                 ; 0    ; 0 (0)  ; fast_recompile_fpga_di_inst|VectorAdd_std_ic_inst|VectorAdd_inst_0|kernel|theVectorAdd_function_aunroll_x|thebb_VectorAdd_B1_aunroll_x|thebb_VectorAdd_B1_stall_region|thebubble_out_i_sfc_s_c0_in_for_body_i_vectoradds_c0_enter111_vectoradd_113_1gr_aunroll_x_1_reg|hld_fifo_inst|ms.acl_mid_speed_fifo_inst|addr_match_inst                                                                                                                                                                                                                                                                                                             ; acl_tessellated_incr_decr_threshold                              ; N/A          ;
;                                     |acl_reset_handler_inst|                                                                                                                           ; 1.5 (1.5)            ; 1.5 (1.5)                        ; 0.0 (0.0)                                         ; 0.0 (0.0)                        ; 0.0 (0.0)            ; 0 (0)               ; 3 (3)                     ; 0 (0)         ; 0                 ; 0     ; 0                        ; 0                                      ; 0                                                 ; 0    ; 0 (0)  ; fast_recompile_fpga_di_inst|VectorAdd_std_ic_inst|VectorAdd_inst_0|kernel|theVectorAdd_function_aunroll_x|thebb_VectorAdd_B1_aunroll_x|thebb_VectorAdd_B1_stall_region|thebubble_out_i_sfc_s_c0_in_for_body_i_vectoradds_c0_enter111_vectoradd_113_1gr_aunroll_x_1_reg|hld_fifo_inst|ms.acl_mid_speed_fifo_inst|addr_match_inst|acl_reset_handler_inst                                                                                                                                                                                                                                                                                      ; acl_reset_handler                                                ; N/A          ;
;                                  |real_almost_full.almost_full_inst|                                                                                                                   ; 14.6 (12.6)          ; 16.0 (14.2)                      ; 1.9 (1.6)                                         ; 0.5 (0.0)                        ; 0.0 (0.0)            ; 21 (20)             ; 27 (24)                   ; 0 (0)         ; 0                 ; 0     ; 0                        ; 0                                      ; 0                                                 ; 0    ; 0 (0)  ; fast_recompile_fpga_di_inst|VectorAdd_std_ic_inst|VectorAdd_inst_0|kernel|theVectorAdd_function_aunroll_x|thebb_VectorAdd_B1_aunroll_x|thebb_VectorAdd_B1_stall_region|thebubble_out_i_sfc_s_c0_in_for_body_i_vectoradds_c0_enter111_vectoradd_113_1gr_aunroll_x_1_reg|hld_fifo_inst|ms.acl_mid_speed_fifo_inst|real_almost_full.almost_full_inst                                                                                                                                                                                                                                                                                           ; acl_tessellated_incr_decr_threshold                              ; N/A          ;
;                                     |acl_reset_handler_inst|                                                                                                                           ; 2.0 (2.0)            ; 1.8 (1.8)                        ; 0.2 (0.2)                                         ; 0.5 (0.5)                        ; 0.0 (0.0)            ; 1 (1)               ; 3 (3)                     ; 0 (0)         ; 0                 ; 0     ; 0                        ; 0                                      ; 0                                                 ; 0    ; 0 (0)  ; fast_recompile_fpga_di_inst|VectorAdd_std_ic_inst|VectorAdd_inst_0|kernel|theVectorAdd_function_aunroll_x|thebb_VectorAdd_B1_aunroll_x|thebb_VectorAdd_B1_stall_region|thebubble_out_i_sfc_s_c0_in_for_body_i_vectoradds_c0_enter111_vectoradd_113_1gr_aunroll_x_1_reg|hld_fifo_inst|ms.acl_mid_speed_fifo_inst|real_almost_full.almost_full_inst|acl_reset_handler_inst                                                                                                                                                                                                                                                                    ; acl_reset_handler                                                ; N/A          ;
;                         |thecoalesced_delay_0_fifo|                                                                                                                                    ; 51.0 (0.0)           ; 62.2 (0.0)                       ; 12.3 (0.0)                                        ; 1.0 (0.0)                        ; 0.0 (0.0)            ; 75 (0)              ; 102 (0)                   ; 0 (0)         ; 1024              ; 1     ; 0                        ; 0                                      ; 0                                                 ; 0    ; 0 (0)  ; fast_recompile_fpga_di_inst|VectorAdd_std_ic_inst|VectorAdd_inst_0|kernel|theVectorAdd_function_aunroll_x|thebb_VectorAdd_B1_aunroll_x|thebb_VectorAdd_B1_stall_region|thecoalesced_delay_0_fifo                                                                                                                                                                                                                                                                                                                                                                                                                                            ; hld_fifo                                                         ; N/A          ;
;                            |ms.acl_mid_speed_fifo_inst|                                                                                                                                ; 51.0 (5.1)           ; 62.2 (8.0)                       ; 12.3 (2.9)                                        ; 1.0 (0.0)                        ; 0.0 (0.0)            ; 75 (12)             ; 102 (15)                  ; 0 (0)         ; 1024              ; 1     ; 0                        ; 0                                      ; 0                                                 ; 0    ; 0 (0)  ; fast_recompile_fpga_di_inst|VectorAdd_std_ic_inst|VectorAdd_inst_0|kernel|theVectorAdd_function_aunroll_x|thebb_VectorAdd_B1_aunroll_x|thebb_VectorAdd_B1_stall_region|thecoalesced_delay_0_fifo|ms.acl_mid_speed_fifo_inst                                                                                                                                                                                                                                                                                                                                                                                                                 ; acl_mid_speed_fifo                                               ; N/A          ;
;                               |acl_reset_handler_inst|                                                                                                                                 ; 2.0 (2.0)            ; 1.5 (1.5)                        ; 0.0 (0.0)                                         ; 0.5 (0.5)                        ; 0.0 (0.0)            ; 0 (0)               ; 3 (3)                     ; 0 (0)         ; 0                 ; 0     ; 0                        ; 0                                      ; 0                                                 ; 0    ; 0 (0)  ; fast_recompile_fpga_di_inst|VectorAdd_std_ic_inst|VectorAdd_inst_0|kernel|theVectorAdd_function_aunroll_x|thebb_VectorAdd_B1_aunroll_x|thebb_VectorAdd_B1_stall_region|thecoalesced_delay_0_fifo|ms.acl_mid_speed_fifo_inst|acl_reset_handler_inst                                                                                                                                                                                                                                                                                                                                                                                          ; acl_reset_handler                                                ; N/A          ;
;                               |addr_match_inst|                                                                                                                                        ; 12.8 (10.8)          ; 13.0 (11.5)                      ; 0.7 (0.7)                                         ; 0.5 (0.0)                        ; 0.0 (0.0)            ; 19 (19)             ; 19 (16)                   ; 0 (0)         ; 0                 ; 0     ; 0                        ; 0                                      ; 0                                                 ; 0    ; 0 (0)  ; fast_recompile_fpga_di_inst|VectorAdd_std_ic_inst|VectorAdd_inst_0|kernel|theVectorAdd_function_aunroll_x|thebb_VectorAdd_B1_aunroll_x|thebb_VectorAdd_B1_stall_region|thecoalesced_delay_0_fifo|ms.acl_mid_speed_fifo_inst|addr_match_inst                                                                                                                                                                                                                                                                                                                                                                                                 ; acl_tessellated_incr_decr_threshold                              ; N/A          ;
;                                  |acl_reset_handler_inst|                                                                                                                              ; 2.0 (2.0)            ; 1.5 (1.5)                        ; 0.0 (0.0)                                         ; 0.5 (0.5)                        ; 0.0 (0.0)            ; 0 (0)               ; 3 (3)                     ; 0 (0)         ; 0                 ; 0     ; 0                        ; 0                                      ; 0                                                 ; 0    ; 0 (0)  ; fast_recompile_fpga_di_inst|VectorAdd_std_ic_inst|VectorAdd_inst_0|kernel|theVectorAdd_function_aunroll_x|thebb_VectorAdd_B1_aunroll_x|thebb_VectorAdd_B1_stall_region|thecoalesced_delay_0_fifo|ms.acl_mid_speed_fifo_inst|addr_match_inst|acl_reset_handler_inst                                                                                                                                                                                                                                                                                                                                                                          ; acl_reset_handler                                                ; N/A          ;
;                               |gen_ram.gen_m20k.altera_syncram|                                                                                                                        ; 0.0 (0.0)            ; 0.0 (0.0)                        ; 0.0 (0.0)                                         ; 0.0 (0.0)                        ; 0.0 (0.0)            ; 0 (0)               ; 0 (0)                     ; 0 (0)         ; 1024              ; 1     ; 0                        ; 0                                      ; 0                                                 ; 0    ; 0 (0)  ; fast_recompile_fpga_di_inst|VectorAdd_std_ic_inst|VectorAdd_inst_0|kernel|theVectorAdd_function_aunroll_x|thebb_VectorAdd_B1_aunroll_x|thebb_VectorAdd_B1_stall_region|thecoalesced_delay_0_fifo|ms.acl_mid_speed_fifo_inst|gen_ram.gen_m20k.altera_syncram                                                                                                                                                                                                                                                                                                                                                                                 ; altera_syncram                                                   ; N/A          ;
;                                  |auto_generated|                                                                                                                                      ; 0.0 (0.0)            ; 0.0 (0.0)                        ; 0.0 (0.0)                                         ; 0.0 (0.0)                        ; 0.0 (0.0)            ; 0 (0)               ; 0 (0)                     ; 0 (0)         ; 1024              ; 1     ; 0                        ; 0                                      ; 0                                                 ; 0    ; 0 (0)  ; fast_recompile_fpga_di_inst|VectorAdd_std_ic_inst|VectorAdd_inst_0|kernel|theVectorAdd_function_aunroll_x|thebb_VectorAdd_B1_aunroll_x|thebb_VectorAdd_B1_stall_region|thecoalesced_delay_0_fifo|ms.acl_mid_speed_fifo_inst|gen_ram.gen_m20k.altera_syncram|auto_generated                                                                                                                                                                                                                                                                                                                                                                  ; altera_syncram_8hg9                                              ; N/A          ;
;                                     |altera_syncram_impl1|                                                                                                                             ; 0.0 (0.0)            ; 0.0 (0.0)                        ; 0.0 (0.0)                                         ; 0.0 (0.0)                        ; 0.0 (0.0)            ; 0 (0)               ; 0 (0)                     ; 0 (0)         ; 1024              ; 1     ; 0                        ; 0                                      ; 0                                                 ; 0    ; 0 (0)  ; fast_recompile_fpga_di_inst|VectorAdd_std_ic_inst|VectorAdd_inst_0|kernel|theVectorAdd_function_aunroll_x|thebb_VectorAdd_B1_aunroll_x|thebb_VectorAdd_B1_stall_region|thecoalesced_delay_0_fifo|ms.acl_mid_speed_fifo_inst|gen_ram.gen_m20k.altera_syncram|auto_generated|altera_syncram_impl1                                                                                                                                                                                                                                                                                                                                             ; altera_syncram_impl_sbla1                                        ; N/A          ;
;                               |ram_rd_addr_inst|                                                                                                                                       ; 2.7 (0.0)            ; 5.5 (0.0)                        ; 2.8 (0.0)                                         ; 0.0 (0.0)                        ; 0.0 (0.0)            ; 2 (0)               ; 10 (0)                    ; 0 (0)         ; 0                 ; 0     ; 0                        ; 0                                      ; 0                                                 ; 0    ; 0 (0)  ; fast_recompile_fpga_di_inst|VectorAdd_std_ic_inst|VectorAdd_inst_0|kernel|theVectorAdd_function_aunroll_x|thebb_VectorAdd_B1_aunroll_x|thebb_VectorAdd_B1_stall_region|thecoalesced_delay_0_fifo|ms.acl_mid_speed_fifo_inst|ram_rd_addr_inst                                                                                                                                                                                                                                                                                                                                                                                                ; acl_lfsr                                                         ; N/A          ;
;                                  |lfsr_inst|                                                                                                                                           ; 2.7 (2.7)            ; 5.5 (5.5)                        ; 2.8 (2.8)                                         ; 0.0 (0.0)                        ; 0.0 (0.0)            ; 2 (2)               ; 10 (10)                   ; 0 (0)         ; 0                 ; 0     ; 0                        ; 0                                      ; 0                                                 ; 0    ; 0 (0)  ; fast_recompile_fpga_di_inst|VectorAdd_std_ic_inst|VectorAdd_inst_0|kernel|theVectorAdd_function_aunroll_x|thebb_VectorAdd_B1_aunroll_x|thebb_VectorAdd_B1_stall_region|thecoalesced_delay_0_fifo|ms.acl_mid_speed_fifo_inst|ram_rd_addr_inst|lfsr_inst                                                                                                                                                                                                                                                                                                                                                                                      ; fibonacci_lfsr                                                   ; N/A          ;
;                               |ram_wr_addr_inst|                                                                                                                                       ; 2.7 (0.0)            ; 5.5 (0.0)                        ; 2.8 (0.0)                                         ; 0.0 (0.0)                        ; 0.0 (0.0)            ; 2 (0)               ; 10 (0)                    ; 0 (0)         ; 0                 ; 0     ; 0                        ; 0                                      ; 0                                                 ; 0    ; 0 (0)  ; fast_recompile_fpga_di_inst|VectorAdd_std_ic_inst|VectorAdd_inst_0|kernel|theVectorAdd_function_aunroll_x|thebb_VectorAdd_B1_aunroll_x|thebb_VectorAdd_B1_stall_region|thecoalesced_delay_0_fifo|ms.acl_mid_speed_fifo_inst|ram_wr_addr_inst                                                                                                                                                                                                                                                                                                                                                                                                ; acl_lfsr                                                         ; N/A          ;
;                                  |lfsr_inst|                                                                                                                                           ; 2.7 (2.7)            ; 5.5 (5.5)                        ; 2.8 (2.8)                                         ; 0.0 (0.0)                        ; 0.0 (0.0)            ; 2 (2)               ; 10 (10)                   ; 0 (0)         ; 0                 ; 0     ; 0                        ; 0                                      ; 0                                                 ; 0    ; 0 (0)  ; fast_recompile_fpga_di_inst|VectorAdd_std_ic_inst|VectorAdd_inst_0|kernel|theVectorAdd_function_aunroll_x|thebb_VectorAdd_B1_aunroll_x|thebb_VectorAdd_B1_stall_region|thecoalesced_delay_0_fifo|ms.acl_mid_speed_fifo_inst|ram_wr_addr_inst|lfsr_inst                                                                                                                                                                                                                                                                                                                                                                                      ; fibonacci_lfsr                                                   ; N/A          ;
;                               |real_almost_empty.almost_empty_inst|                                                                                                                    ; 12.1 (10.6)          ; 13.5 (11.8)                      ; 1.4 (1.3)                                         ; 0.0 (0.0)                        ; 0.0 (0.0)            ; 19 (18)             ; 19 (16)                   ; 0 (0)         ; 0                 ; 0     ; 0                        ; 0                                      ; 0                                                 ; 0    ; 0 (0)  ; fast_recompile_fpga_di_inst|VectorAdd_std_ic_inst|VectorAdd_inst_0|kernel|theVectorAdd_function_aunroll_x|thebb_VectorAdd_B1_aunroll_x|thebb_VectorAdd_B1_stall_region|thecoalesced_delay_0_fifo|ms.acl_mid_speed_fifo_inst|real_almost_empty.almost_empty_inst                                                                                                                                                                                                                                                                                                                                                                             ; acl_tessellated_incr_decr_threshold                              ; N/A          ;
;                                  |acl_reset_handler_inst|                                                                                                                              ; 1.5 (1.5)            ; 1.7 (1.7)                        ; 0.2 (0.2)                                         ; 0.0 (0.0)                        ; 0.0 (0.0)            ; 1 (1)               ; 3 (3)                     ; 0 (0)         ; 0                 ; 0     ; 0                        ; 0                                      ; 0                                                 ; 0    ; 0 (0)  ; fast_recompile_fpga_di_inst|VectorAdd_std_ic_inst|VectorAdd_inst_0|kernel|theVectorAdd_function_aunroll_x|thebb_VectorAdd_B1_aunroll_x|thebb_VectorAdd_B1_stall_region|thecoalesced_delay_0_fifo|ms.acl_mid_speed_fifo_inst|real_almost_empty.almost_empty_inst|acl_reset_handler_inst                                                                                                                                                                                                                                                                                                                                                      ; acl_reset_handler                                                ; N/A          ;
;                               |real_almost_full.almost_full_inst|                                                                                                                      ; 13.6 (12.1)          ; 15.2 (13.5)                      ; 1.6 (1.4)                                         ; 0.0 (0.0)                        ; 0.0 (0.0)            ; 21 (20)             ; 26 (23)                   ; 0 (0)         ; 0                 ; 0     ; 0                        ; 0                                      ; 0                                                 ; 0    ; 0 (0)  ; fast_recompile_fpga_di_inst|VectorAdd_std_ic_inst|VectorAdd_inst_0|kernel|theVectorAdd_function_aunroll_x|thebb_VectorAdd_B1_aunroll_x|thebb_VectorAdd_B1_stall_region|thecoalesced_delay_0_fifo|ms.acl_mid_speed_fifo_inst|real_almost_full.almost_full_inst                                                                                                                                                                                                                                                                                                                                                                               ; acl_tessellated_incr_decr_threshold                              ; N/A          ;
;                                  |acl_reset_handler_inst|                                                                                                                              ; 1.5 (1.5)            ; 1.8 (1.8)                        ; 0.2 (0.2)                                         ; 0.0 (0.0)                        ; 0.0 (0.0)            ; 1 (1)               ; 3 (3)                     ; 0 (0)         ; 0                 ; 0     ; 0                        ; 0                                      ; 0                                                 ; 0    ; 0 (0)  ; fast_recompile_fpga_di_inst|VectorAdd_std_ic_inst|VectorAdd_inst_0|kernel|theVectorAdd_function_aunroll_x|thebb_VectorAdd_B1_aunroll_x|thebb_VectorAdd_B1_stall_region|thecoalesced_delay_0_fifo|ms.acl_mid_speed_fifo_inst|real_almost_full.almost_full_inst|acl_reset_handler_inst                                                                                                                                                                                                                                                                                                                                                        ; acl_reset_handler                                                ; N/A          ;
;                         |thei_llvm_fpga_mem_lm2_vectoradd_113_6gr|                                                                                                                     ; 249.4 (0.0)          ; 305.2 (0.0)                      ; 58.9 (0.0)                                        ; 3.1 (0.0)                        ; 20.0 (0.0)           ; 280 (0)             ; 724 (0)                   ; 0 (0)         ; 51200             ; 4     ; 0                        ; 0                                      ; 0                                                 ; 0    ; 0 (0)  ; fast_recompile_fpga_di_inst|VectorAdd_std_ic_inst|VectorAdd_inst_0|kernel|theVectorAdd_function_aunroll_x|thebb_VectorAdd_B1_aunroll_x|thebb_VectorAdd_B1_stall_region|thei_llvm_fpga_mem_lm2_vectoradd_113_6gr                                                                                                                                                                                                                                                                                                                                                                                                                             ; VectorAdd_i_llvm_fpga_mem_lm2_vectoradd_437_0gr                  ; N/A          ;
;                            |thei_llvm_fpga_mem_lm2_vectoradd_437_1gr|                                                                                                                  ; 247.1 (0.0)          ; 302.7 (0.0)                      ; 58.2 (0.0)                                        ; 2.6 (0.0)                        ; 20.0 (0.0)           ; 280 (0)             ; 718 (0)                   ; 0 (0)         ; 51200             ; 4     ; 0                        ; 0                                      ; 0                                                 ; 0    ; 0 (0)  ; fast_recompile_fpga_di_inst|VectorAdd_std_ic_inst|VectorAdd_inst_0|kernel|theVectorAdd_function_aunroll_x|thebb_VectorAdd_B1_aunroll_x|thebb_VectorAdd_B1_stall_region|thei_llvm_fpga_mem_lm2_vectoradd_113_6gr|thei_llvm_fpga_mem_lm2_vectoradd_437_1gr                                                                                                                                                                                                                                                                                                                                                                                    ; lsu_top                                                          ; N/A          ;
;                               |bursting_read|                                                                                                                                          ; 247.1 (88.7)         ; 302.7 (125.2)                    ; 58.2 (37.0)                                       ; 2.6 (0.5)                        ; 20.0 (0.0)           ; 280 (81)            ; 718 (465)                 ; 0 (0)         ; 51200             ; 4     ; 0                        ; 0                                      ; 0                                                 ; 0    ; 0 (0)  ; fast_recompile_fpga_di_inst|VectorAdd_std_ic_inst|VectorAdd_inst_0|kernel|theVectorAdd_function_aunroll_x|thebb_VectorAdd_B1_aunroll_x|thebb_VectorAdd_B1_stall_region|thei_llvm_fpga_mem_lm2_vectoradd_113_6gr|thei_llvm_fpga_mem_lm2_vectoradd_437_1gr|bursting_read                                                                                                                                                                                                                                                                                                                                                                      ; lsu_burst_coalesced_pipelined_read                               ; N/A          ;
;                                  |acl_reset_handler_inst|                                                                                                                              ; 0.2 (0.2)            ; 0.2 (0.2)                        ; 0.0 (0.0)                                         ; 0.0 (0.0)                        ; 0.0 (0.0)            ; 0 (0)               ; 1 (1)                     ; 0 (0)         ; 0                 ; 0     ; 0                        ; 0                                      ; 0                                                 ; 0    ; 0 (0)  ; fast_recompile_fpga_di_inst|VectorAdd_std_ic_inst|VectorAdd_inst_0|kernel|theVectorAdd_function_aunroll_x|thebb_VectorAdd_B1_aunroll_x|thebb_VectorAdd_B1_stall_region|thei_llvm_fpga_mem_lm2_vectoradd_113_6gr|thei_llvm_fpga_mem_lm2_vectoradd_437_1gr|bursting_read|acl_reset_handler_inst                                                                                                                                                                                                                                                                                                                                               ; acl_reset_handler                                                ; N/A          ;
;                                  |avalon_fifo|                                                                                                                                         ; 19.6 (0.0)           ; 22.9 (0.0)                       ; 3.3 (0.0)                                         ; 0.0 (0.0)                        ; 0.0 (0.0)            ; 29 (0)              ; 41 (0)                    ; 0 (0)         ; 16896             ; 1     ; 0                        ; 0                                      ; 0                                                 ; 0    ; 0 (0)  ; fast_recompile_fpga_di_inst|VectorAdd_std_ic_inst|VectorAdd_inst_0|kernel|theVectorAdd_function_aunroll_x|thebb_VectorAdd_B1_aunroll_x|thebb_VectorAdd_B1_stall_region|thei_llvm_fpga_mem_lm2_vectoradd_113_6gr|thei_llvm_fpga_mem_lm2_vectoradd_437_1gr|bursting_read|avalon_fifo                                                                                                                                                                                                                                                                                                                                                          ; hld_fifo                                                         ; N/A          ;
;                                     |ms.acl_mid_speed_fifo_inst|                                                                                                                       ; 19.6 (3.4)           ; 22.9 (4.5)                       ; 3.3 (1.1)                                         ; 0.0 (0.0)                        ; 0.0 (0.0)            ; 29 (8)              ; 41 (6)                    ; 0 (0)         ; 16896             ; 1     ; 0                        ; 0                                      ; 0                                                 ; 0    ; 0 (0)  ; fast_recompile_fpga_di_inst|VectorAdd_std_ic_inst|VectorAdd_inst_0|kernel|theVectorAdd_function_aunroll_x|thebb_VectorAdd_B1_aunroll_x|thebb_VectorAdd_B1_stall_region|thei_llvm_fpga_mem_lm2_vectoradd_113_6gr|thei_llvm_fpga_mem_lm2_vectoradd_437_1gr|bursting_read|avalon_fifo|ms.acl_mid_speed_fifo_inst                                                                                                                                                                                                                                                                                                                               ; acl_mid_speed_fifo                                               ; N/A          ;
;                                        |addr_match_inst|                                                                                                                               ; 11.4 (9.9)           ; 12.7 (11.2)                      ; 1.4 (1.4)                                         ; 0.0 (0.0)                        ; 0.0 (0.0)            ; 17 (17)             ; 17 (14)                   ; 0 (0)         ; 0                 ; 0     ; 0                        ; 0                                      ; 0                                                 ; 0    ; 0 (0)  ; fast_recompile_fpga_di_inst|VectorAdd_std_ic_inst|VectorAdd_inst_0|kernel|theVectorAdd_function_aunroll_x|thebb_VectorAdd_B1_aunroll_x|thebb_VectorAdd_B1_stall_region|thei_llvm_fpga_mem_lm2_vectoradd_113_6gr|thei_llvm_fpga_mem_lm2_vectoradd_437_1gr|bursting_read|avalon_fifo|ms.acl_mid_speed_fifo_inst|addr_match_inst                                                                                                                                                                                                                                                                                                               ; acl_tessellated_incr_decr_threshold                              ; N/A          ;
;                                           |acl_reset_handler_inst|                                                                                                                     ; 1.5 (1.5)            ; 1.5 (1.5)                        ; 0.0 (0.0)                                         ; 0.0 (0.0)                        ; 0.0 (0.0)            ; 0 (0)               ; 3 (3)                     ; 0 (0)         ; 0                 ; 0     ; 0                        ; 0                                      ; 0                                                 ; 0    ; 0 (0)  ; fast_recompile_fpga_di_inst|VectorAdd_std_ic_inst|VectorAdd_inst_0|kernel|theVectorAdd_function_aunroll_x|thebb_VectorAdd_B1_aunroll_x|thebb_VectorAdd_B1_stall_region|thei_llvm_fpga_mem_lm2_vectoradd_113_6gr|thei_llvm_fpga_mem_lm2_vectoradd_437_1gr|bursting_read|avalon_fifo|ms.acl_mid_speed_fifo_inst|addr_match_inst|acl_reset_handler_inst                                                                                                                                                                                                                                                                                        ; acl_reset_handler                                                ; N/A          ;
;                                        |gen_ram.gen_m20k.altera_syncram|                                                                                                               ; 0.0 (0.0)            ; 0.0 (0.0)                        ; 0.0 (0.0)                                         ; 0.0 (0.0)                        ; 0.0 (0.0)            ; 0 (0)               ; 0 (0)                     ; 0 (0)         ; 16896             ; 1     ; 0                        ; 0                                      ; 0                                                 ; 0    ; 0 (0)  ; fast_recompile_fpga_di_inst|VectorAdd_std_ic_inst|VectorAdd_inst_0|kernel|theVectorAdd_function_aunroll_x|thebb_VectorAdd_B1_aunroll_x|thebb_VectorAdd_B1_stall_region|thei_llvm_fpga_mem_lm2_vectoradd_113_6gr|thei_llvm_fpga_mem_lm2_vectoradd_437_1gr|bursting_read|avalon_fifo|ms.acl_mid_speed_fifo_inst|gen_ram.gen_m20k.altera_syncram                                                                                                                                                                                                                                                                                               ; altera_syncram                                                   ; N/A          ;
;                                           |auto_generated|                                                                                                                             ; 0.0 (0.0)            ; 0.0 (0.0)                        ; 0.0 (0.0)                                         ; 0.0 (0.0)                        ; 0.0 (0.0)            ; 0 (0)               ; 0 (0)                     ; 0 (0)         ; 16896             ; 1     ; 0                        ; 0                                      ; 0                                                 ; 0    ; 0 (0)  ; fast_recompile_fpga_di_inst|VectorAdd_std_ic_inst|VectorAdd_inst_0|kernel|theVectorAdd_function_aunroll_x|thebb_VectorAdd_B1_aunroll_x|thebb_VectorAdd_B1_stall_region|thei_llvm_fpga_mem_lm2_vectoradd_113_6gr|thei_llvm_fpga_mem_lm2_vectoradd_437_1gr|bursting_read|avalon_fifo|ms.acl_mid_speed_fifo_inst|gen_ram.gen_m20k.altera_syncram|auto_generated                                                                                                                                                                                                                                                                                ; altera_syncram_eoie1                                             ; N/A          ;
;                                              |altera_syncram_impl1|                                                                                                                    ; 0.0 (0.0)            ; 0.0 (0.0)                        ; 0.0 (0.0)                                         ; 0.0 (0.0)                        ; 0.0 (0.0)            ; 0 (0)               ; 0 (0)                     ; 0 (0)         ; 16896             ; 1     ; 0                        ; 0                                      ; 0                                                 ; 0    ; 0 (0)  ; fast_recompile_fpga_di_inst|VectorAdd_std_ic_inst|VectorAdd_inst_0|kernel|theVectorAdd_function_aunroll_x|thebb_VectorAdd_B1_aunroll_x|thebb_VectorAdd_B1_stall_region|thei_llvm_fpga_mem_lm2_vectoradd_113_6gr|thei_llvm_fpga_mem_lm2_vectoradd_437_1gr|bursting_read|avalon_fifo|ms.acl_mid_speed_fifo_inst|gen_ram.gen_m20k.altera_syncram|auto_generated|altera_syncram_impl1                                                                                                                                                                                                                                                           ; altera_syncram_impl_5glg1                                        ; N/A          ;
;                                        |ram_rd_addr_inst|                                                                                                                              ; 2.6 (0.0)            ; 3.0 (0.0)                        ; 0.4 (0.0)                                         ; 0.0 (0.0)                        ; 0.0 (0.0)            ; 2 (0)               ; 9 (0)                     ; 0 (0)         ; 0                 ; 0     ; 0                        ; 0                                      ; 0                                                 ; 0    ; 0 (0)  ; fast_recompile_fpga_di_inst|VectorAdd_std_ic_inst|VectorAdd_inst_0|kernel|theVectorAdd_function_aunroll_x|thebb_VectorAdd_B1_aunroll_x|thebb_VectorAdd_B1_stall_region|thei_llvm_fpga_mem_lm2_vectoradd_113_6gr|thei_llvm_fpga_mem_lm2_vectoradd_437_1gr|bursting_read|avalon_fifo|ms.acl_mid_speed_fifo_inst|ram_rd_addr_inst                                                                                                                                                                                                                                                                                                              ; acl_lfsr                                                         ; N/A          ;
;                                           |lfsr_inst|                                                                                                                                  ; 2.6 (2.6)            ; 3.0 (3.0)                        ; 0.4 (0.4)                                         ; 0.0 (0.0)                        ; 0.0 (0.0)            ; 2 (2)               ; 9 (9)                     ; 0 (0)         ; 0                 ; 0     ; 0                        ; 0                                      ; 0                                                 ; 0    ; 0 (0)  ; fast_recompile_fpga_di_inst|VectorAdd_std_ic_inst|VectorAdd_inst_0|kernel|theVectorAdd_function_aunroll_x|thebb_VectorAdd_B1_aunroll_x|thebb_VectorAdd_B1_stall_region|thei_llvm_fpga_mem_lm2_vectoradd_113_6gr|thei_llvm_fpga_mem_lm2_vectoradd_437_1gr|bursting_read|avalon_fifo|ms.acl_mid_speed_fifo_inst|ram_rd_addr_inst|lfsr_inst                                                                                                                                                                                                                                                                                                    ; fibonacci_lfsr                                                   ; N/A          ;
;                                        |ram_wr_addr_inst|                                                                                                                              ; 2.3 (0.0)            ; 2.7 (0.0)                        ; 0.4 (0.0)                                         ; 0.0 (0.0)                        ; 0.0 (0.0)            ; 2 (0)               ; 9 (0)                     ; 0 (0)         ; 0                 ; 0     ; 0                        ; 0                                      ; 0                                                 ; 0    ; 0 (0)  ; fast_recompile_fpga_di_inst|VectorAdd_std_ic_inst|VectorAdd_inst_0|kernel|theVectorAdd_function_aunroll_x|thebb_VectorAdd_B1_aunroll_x|thebb_VectorAdd_B1_stall_region|thei_llvm_fpga_mem_lm2_vectoradd_113_6gr|thei_llvm_fpga_mem_lm2_vectoradd_437_1gr|bursting_read|avalon_fifo|ms.acl_mid_speed_fifo_inst|ram_wr_addr_inst                                                                                                                                                                                                                                                                                                              ; acl_lfsr                                                         ; N/A          ;
;                                           |lfsr_inst|                                                                                                                                  ; 2.3 (2.3)            ; 2.7 (2.7)                        ; 0.4 (0.4)                                         ; 0.0 (0.0)                        ; 0.0 (0.0)            ; 2 (2)               ; 9 (9)                     ; 0 (0)         ; 0                 ; 0     ; 0                        ; 0                                      ; 0                                                 ; 0    ; 0 (0)  ; fast_recompile_fpga_di_inst|VectorAdd_std_ic_inst|VectorAdd_inst_0|kernel|theVectorAdd_function_aunroll_x|thebb_VectorAdd_B1_aunroll_x|thebb_VectorAdd_B1_stall_region|thei_llvm_fpga_mem_lm2_vectoradd_113_6gr|thei_llvm_fpga_mem_lm2_vectoradd_437_1gr|bursting_read|avalon_fifo|ms.acl_mid_speed_fifo_inst|ram_wr_addr_inst|lfsr_inst                                                                                                                                                                                                                                                                                                    ; fibonacci_lfsr                                                   ; N/A          ;
;                                  |dout_fifo|                                                                                                                                           ; 55.9 (0.0)           ; 62.3 (0.0)                       ; 6.5 (0.0)                                         ; 0.1 (0.0)                        ; 20.0 (0.0)           ; 56 (0)              ; 72 (0)                    ; 0 (0)         ; 0                 ; 0     ; 0                        ; 0                                      ; 0                                                 ; 0    ; 0 (0)  ; fast_recompile_fpga_di_inst|VectorAdd_std_ic_inst|VectorAdd_inst_0|kernel|theVectorAdd_function_aunroll_x|thebb_VectorAdd_B1_aunroll_x|thebb_VectorAdd_B1_stall_region|thei_llvm_fpga_mem_lm2_vectoradd_113_6gr|thei_llvm_fpga_mem_lm2_vectoradd_437_1gr|bursting_read|dout_fifo                                                                                                                                                                                                                                                                                                                                                            ; hld_fifo                                                         ; N/A          ;
;                                     |ms.acl_mid_speed_fifo_inst|                                                                                                                       ; 55.9 (6.5)           ; 62.3 (9.5)                       ; 6.5 (3.0)                                         ; 0.1 (0.0)                        ; 20.0 (0.0)           ; 56 (12)             ; 72 (22)                   ; 0 (0)         ; 0                 ; 0     ; 0                        ; 0                                      ; 0                                                 ; 0    ; 0 (0)  ; fast_recompile_fpga_di_inst|VectorAdd_std_ic_inst|VectorAdd_inst_0|kernel|theVectorAdd_function_aunroll_x|thebb_VectorAdd_B1_aunroll_x|thebb_VectorAdd_B1_stall_region|thei_llvm_fpga_mem_lm2_vectoradd_113_6gr|thei_llvm_fpga_mem_lm2_vectoradd_437_1gr|bursting_read|dout_fifo|ms.acl_mid_speed_fifo_inst                                                                                                                                                                                                                                                                                                                                 ; acl_mid_speed_fifo                                               ; N/A          ;
;                                        |addr_match_inst|                                                                                                                               ; 7.7 (6.2)            ; 8.0 (6.5)                        ; 0.3 (0.3)                                         ; 0.0 (0.0)                        ; 0.0 (0.0)            ; 10 (10)             ; 11 (8)                    ; 0 (0)         ; 0                 ; 0     ; 0                        ; 0                                      ; 0                                                 ; 0    ; 0 (0)  ; fast_recompile_fpga_di_inst|VectorAdd_std_ic_inst|VectorAdd_inst_0|kernel|theVectorAdd_function_aunroll_x|thebb_VectorAdd_B1_aunroll_x|thebb_VectorAdd_B1_stall_region|thei_llvm_fpga_mem_lm2_vectoradd_113_6gr|thei_llvm_fpga_mem_lm2_vectoradd_437_1gr|bursting_read|dout_fifo|ms.acl_mid_speed_fifo_inst|addr_match_inst                                                                                                                                                                                                                                                                                                                 ; acl_tessellated_incr_decr_threshold                              ; N/A          ;
;                                           |acl_reset_handler_inst|                                                                                                                     ; 1.5 (1.5)            ; 1.5 (1.5)                        ; 0.0 (0.0)                                         ; 0.0 (0.0)                        ; 0.0 (0.0)            ; 0 (0)               ; 3 (3)                     ; 0 (0)         ; 0                 ; 0     ; 0                        ; 0                                      ; 0                                                 ; 0    ; 0 (0)  ; fast_recompile_fpga_di_inst|VectorAdd_std_ic_inst|VectorAdd_inst_0|kernel|theVectorAdd_function_aunroll_x|thebb_VectorAdd_B1_aunroll_x|thebb_VectorAdd_B1_stall_region|thei_llvm_fpga_mem_lm2_vectoradd_113_6gr|thei_llvm_fpga_mem_lm2_vectoradd_437_1gr|bursting_read|dout_fifo|ms.acl_mid_speed_fifo_inst|addr_match_inst|acl_reset_handler_inst                                                                                                                                                                                                                                                                                          ; acl_reset_handler                                                ; N/A          ;
;                                        |gen_ram.gen_mlab.altdpram_component|                                                                                                           ; 20.0 (0.0)           ; 20.0 (0.0)                       ; 0.0 (0.0)                                         ; 0.0 (0.0)                        ; 20.0 (0.0)           ; 0 (0)               ; 0 (0)                     ; 0 (0)         ; 0                 ; 0     ; 0                        ; 0                                      ; 0                                                 ; 0    ; 0 (0)  ; fast_recompile_fpga_di_inst|VectorAdd_std_ic_inst|VectorAdd_inst_0|kernel|theVectorAdd_function_aunroll_x|thebb_VectorAdd_B1_aunroll_x|thebb_VectorAdd_B1_stall_region|thei_llvm_fpga_mem_lm2_vectoradd_113_6gr|thei_llvm_fpga_mem_lm2_vectoradd_437_1gr|bursting_read|dout_fifo|ms.acl_mid_speed_fifo_inst|gen_ram.gen_mlab.altdpram_component                                                                                                                                                                                                                                                                                             ; altdpram                                                         ; N/A          ;
;                                           |auto_generated|                                                                                                                             ; 20.0 (20.0)          ; 20.0 (20.0)                      ; 0.0 (0.0)                                         ; 0.0 (0.0)                        ; 20.0 (20.0)          ; 0 (0)               ; 0 (0)                     ; 0 (0)         ; 0                 ; 0     ; 0                        ; 0                                      ; 0                                                 ; 0    ; 0 (0)  ; fast_recompile_fpga_di_inst|VectorAdd_std_ic_inst|VectorAdd_inst_0|kernel|theVectorAdd_function_aunroll_x|thebb_VectorAdd_B1_aunroll_x|thebb_VectorAdd_B1_stall_region|thei_llvm_fpga_mem_lm2_vectoradd_113_6gr|thei_llvm_fpga_mem_lm2_vectoradd_437_1gr|bursting_read|dout_fifo|ms.acl_mid_speed_fifo_inst|gen_ram.gen_mlab.altdpram_component|auto_generated                                                                                                                                                                                                                                                                              ; dpram_gm4g                                                       ; N/A          ;
;                                        |ram_rd_addr_inst|                                                                                                                              ; 3.2 (0.0)            ; 3.8 (0.0)                        ; 0.7 (0.0)                                         ; 0.0 (0.0)                        ; 0.0 (0.0)            ; 6 (0)               ; 5 (0)                     ; 0 (0)         ; 0                 ; 0     ; 0                        ; 0                                      ; 0                                                 ; 0    ; 0 (0)  ; fast_recompile_fpga_di_inst|VectorAdd_std_ic_inst|VectorAdd_inst_0|kernel|theVectorAdd_function_aunroll_x|thebb_VectorAdd_B1_aunroll_x|thebb_VectorAdd_B1_stall_region|thei_llvm_fpga_mem_lm2_vectoradd_113_6gr|thei_llvm_fpga_mem_lm2_vectoradd_437_1gr|bursting_read|dout_fifo|ms.acl_mid_speed_fifo_inst|ram_rd_addr_inst                                                                                                                                                                                                                                                                                                                ; acl_lfsr                                                         ; N/A          ;
;                                           |lfsr_inst|                                                                                                                                  ; 3.2 (3.2)            ; 3.8 (3.8)                        ; 0.7 (0.7)                                         ; 0.0 (0.0)                        ; 0.0 (0.0)            ; 6 (6)               ; 5 (5)                     ; 0 (0)         ; 0                 ; 0     ; 0                        ; 0                                      ; 0                                                 ; 0    ; 0 (0)  ; fast_recompile_fpga_di_inst|VectorAdd_std_ic_inst|VectorAdd_inst_0|kernel|theVectorAdd_function_aunroll_x|thebb_VectorAdd_B1_aunroll_x|thebb_VectorAdd_B1_stall_region|thei_llvm_fpga_mem_lm2_vectoradd_113_6gr|thei_llvm_fpga_mem_lm2_vectoradd_437_1gr|bursting_read|dout_fifo|ms.acl_mid_speed_fifo_inst|ram_rd_addr_inst|lfsr_inst                                                                                                                                                                                                                                                                                                      ; fibonacci_lfsr                                                   ; N/A          ;
;                                        |ram_wr_addr_inst|                                                                                                                              ; 3.4 (0.0)            ; 3.8 (0.0)                        ; 0.4 (0.0)                                         ; 0.0 (0.0)                        ; 0.0 (0.0)            ; 7 (0)               ; 8 (0)                     ; 0 (0)         ; 0                 ; 0     ; 0                        ; 0                                      ; 0                                                 ; 0    ; 0 (0)  ; fast_recompile_fpga_di_inst|VectorAdd_std_ic_inst|VectorAdd_inst_0|kernel|theVectorAdd_function_aunroll_x|thebb_VectorAdd_B1_aunroll_x|thebb_VectorAdd_B1_stall_region|thei_llvm_fpga_mem_lm2_vectoradd_113_6gr|thei_llvm_fpga_mem_lm2_vectoradd_437_1gr|bursting_read|dout_fifo|ms.acl_mid_speed_fifo_inst|ram_wr_addr_inst                                                                                                                                                                                                                                                                                                                ; acl_lfsr                                                         ; N/A          ;
;                                           |lfsr_inst|                                                                                                                                  ; 3.4 (3.4)            ; 3.8 (3.8)                        ; 0.4 (0.4)                                         ; 0.0 (0.0)                        ; 0.0 (0.0)            ; 7 (7)               ; 8 (8)                     ; 0 (0)         ; 0                 ; 0     ; 0                        ; 0                                      ; 0                                                 ; 0    ; 0 (0)  ; fast_recompile_fpga_di_inst|VectorAdd_std_ic_inst|VectorAdd_inst_0|kernel|theVectorAdd_function_aunroll_x|thebb_VectorAdd_B1_aunroll_x|thebb_VectorAdd_B1_stall_region|thei_llvm_fpga_mem_lm2_vectoradd_113_6gr|thei_llvm_fpga_mem_lm2_vectoradd_437_1gr|bursting_read|dout_fifo|ms.acl_mid_speed_fifo_inst|ram_wr_addr_inst|lfsr_inst                                                                                                                                                                                                                                                                                                      ; fibonacci_lfsr                                                   ; N/A          ;
;                                        |real_almost_empty.almost_empty_inst|                                                                                                           ; 8.3 (6.8)            ; 8.3 (7.2)                        ; 0.1 (0.4)                                         ; 0.0 (0.0)                        ; 0.0 (0.0)            ; 11 (11)             ; 14 (11)                   ; 0 (0)         ; 0                 ; 0     ; 0                        ; 0                                      ; 0                                                 ; 0    ; 0 (0)  ; fast_recompile_fpga_di_inst|VectorAdd_std_ic_inst|VectorAdd_inst_0|kernel|theVectorAdd_function_aunroll_x|thebb_VectorAdd_B1_aunroll_x|thebb_VectorAdd_B1_stall_region|thei_llvm_fpga_mem_lm2_vectoradd_113_6gr|thei_llvm_fpga_mem_lm2_vectoradd_437_1gr|bursting_read|dout_fifo|ms.acl_mid_speed_fifo_inst|real_almost_empty.almost_empty_inst                                                                                                                                                                                                                                                                                             ; acl_tessellated_incr_decr_threshold                              ; N/A          ;
;                                           |acl_reset_handler_inst|                                                                                                                     ; 1.2 (1.2)            ; 1.2 (1.2)                        ; 0.0 (0.0)                                         ; 0.0 (0.0)                        ; 0.0 (0.0)            ; 0 (0)               ; 3 (3)                     ; 0 (0)         ; 0                 ; 0     ; 0                        ; 0                                      ; 0                                                 ; 0    ; 0 (0)  ; fast_recompile_fpga_di_inst|VectorAdd_std_ic_inst|VectorAdd_inst_0|kernel|theVectorAdd_function_aunroll_x|thebb_VectorAdd_B1_aunroll_x|thebb_VectorAdd_B1_stall_region|thei_llvm_fpga_mem_lm2_vectoradd_113_6gr|thei_llvm_fpga_mem_lm2_vectoradd_437_1gr|bursting_read|dout_fifo|ms.acl_mid_speed_fifo_inst|real_almost_empty.almost_empty_inst|acl_reset_handler_inst                                                                                                                                                                                                                                                                      ; acl_reset_handler                                                ; N/A          ;
;                                        |real_almost_full.almost_full_inst|                                                                                                             ; 6.9 (5.5)            ; 8.8 (7.5)                        ; 2.0 (2.0)                                         ; 0.1 (0.1)                        ; 0.0 (0.0)            ; 10 (10)             ; 12 (9)                    ; 0 (0)         ; 0                 ; 0     ; 0                        ; 0                                      ; 0                                                 ; 0    ; 0 (0)  ; fast_recompile_fpga_di_inst|VectorAdd_std_ic_inst|VectorAdd_inst_0|kernel|theVectorAdd_function_aunroll_x|thebb_VectorAdd_B1_aunroll_x|thebb_VectorAdd_B1_stall_region|thei_llvm_fpga_mem_lm2_vectoradd_113_6gr|thei_llvm_fpga_mem_lm2_vectoradd_437_1gr|bursting_read|dout_fifo|ms.acl_mid_speed_fifo_inst|real_almost_full.almost_full_inst                                                                                                                                                                                                                                                                                               ; acl_tessellated_incr_decr_threshold                              ; N/A          ;
;                                           |acl_reset_handler_inst|                                                                                                                     ; 1.3 (1.3)            ; 1.3 (1.3)                        ; 0.0 (0.0)                                         ; 0.0 (0.0)                        ; 0.0 (0.0)            ; 0 (0)               ; 3 (3)                     ; 0 (0)         ; 0                 ; 0     ; 0                        ; 0                                      ; 0                                                 ; 0    ; 0 (0)  ; fast_recompile_fpga_di_inst|VectorAdd_std_ic_inst|VectorAdd_inst_0|kernel|theVectorAdd_function_aunroll_x|thebb_VectorAdd_B1_aunroll_x|thebb_VectorAdd_B1_stall_region|thei_llvm_fpga_mem_lm2_vectoradd_113_6gr|thei_llvm_fpga_mem_lm2_vectoradd_437_1gr|bursting_read|dout_fifo|ms.acl_mid_speed_fifo_inst|real_almost_full.almost_full_inst|acl_reset_handler_inst                                                                                                                                                                                                                                                                        ; acl_reset_handler                                                ; N/A          ;
;                                  |readdata_fifo|                                                                                                                                       ; 19.7 (0.0)           ; 24.1 (0.0)                       ; 4.4 (0.0)                                         ; 0.0 (0.0)                        ; 0.0 (0.0)            ; 29 (0)              ; 43 (0)                    ; 0 (0)         ; 32768             ; 2     ; 0                        ; 0                                      ; 0                                                 ; 0    ; 0 (0)  ; fast_recompile_fpga_di_inst|VectorAdd_std_ic_inst|VectorAdd_inst_0|kernel|theVectorAdd_function_aunroll_x|thebb_VectorAdd_B1_aunroll_x|thebb_VectorAdd_B1_stall_region|thei_llvm_fpga_mem_lm2_vectoradd_113_6gr|thei_llvm_fpga_mem_lm2_vectoradd_437_1gr|bursting_read|readdata_fifo                                                                                                                                                                                                                                                                                                                                                        ; hld_fifo                                                         ; N/A          ;
;                                     |ms.acl_mid_speed_fifo_inst|                                                                                                                       ; 19.7 (3.7)           ; 24.1 (4.1)                       ; 4.4 (0.3)                                         ; 0.0 (0.0)                        ; 0.0 (0.0)            ; 29 (8)              ; 43 (8)                    ; 0 (0)         ; 32768             ; 2     ; 0                        ; 0                                      ; 0                                                 ; 0    ; 0 (0)  ; fast_recompile_fpga_di_inst|VectorAdd_std_ic_inst|VectorAdd_inst_0|kernel|theVectorAdd_function_aunroll_x|thebb_VectorAdd_B1_aunroll_x|thebb_VectorAdd_B1_stall_region|thei_llvm_fpga_mem_lm2_vectoradd_113_6gr|thei_llvm_fpga_mem_lm2_vectoradd_437_1gr|bursting_read|readdata_fifo|ms.acl_mid_speed_fifo_inst                                                                                                                                                                                                                                                                                                                             ; acl_mid_speed_fifo                                               ; N/A          ;
;                                        |addr_match_inst|                                                                                                                               ; 10.6 (9.4)           ; 11.9 (10.8)                      ; 1.3 (1.4)                                         ; 0.0 (0.0)                        ; 0.0 (0.0)            ; 17 (17)             ; 17 (14)                   ; 0 (0)         ; 0                 ; 0     ; 0                        ; 0                                      ; 0                                                 ; 0    ; 0 (0)  ; fast_recompile_fpga_di_inst|VectorAdd_std_ic_inst|VectorAdd_inst_0|kernel|theVectorAdd_function_aunroll_x|thebb_VectorAdd_B1_aunroll_x|thebb_VectorAdd_B1_stall_region|thei_llvm_fpga_mem_lm2_vectoradd_113_6gr|thei_llvm_fpga_mem_lm2_vectoradd_437_1gr|bursting_read|readdata_fifo|ms.acl_mid_speed_fifo_inst|addr_match_inst                                                                                                                                                                                                                                                                                                             ; acl_tessellated_incr_decr_threshold                              ; N/A          ;
;                                           |acl_reset_handler_inst|                                                                                                                     ; 1.2 (1.2)            ; 1.2 (1.2)                        ; 0.0 (0.0)                                         ; 0.0 (0.0)                        ; 0.0 (0.0)            ; 0 (0)               ; 3 (3)                     ; 0 (0)         ; 0                 ; 0     ; 0                        ; 0                                      ; 0                                                 ; 0    ; 0 (0)  ; fast_recompile_fpga_di_inst|VectorAdd_std_ic_inst|VectorAdd_inst_0|kernel|theVectorAdd_function_aunroll_x|thebb_VectorAdd_B1_aunroll_x|thebb_VectorAdd_B1_stall_region|thei_llvm_fpga_mem_lm2_vectoradd_113_6gr|thei_llvm_fpga_mem_lm2_vectoradd_437_1gr|bursting_read|readdata_fifo|ms.acl_mid_speed_fifo_inst|addr_match_inst|acl_reset_handler_inst                                                                                                                                                                                                                                                                                      ; acl_reset_handler                                                ; N/A          ;
;                                        |gen_ram.gen_m20k.altera_syncram|                                                                                                               ; 0.0 (0.0)            ; 0.0 (0.0)                        ; 0.0 (0.0)                                         ; 0.0 (0.0)                        ; 0.0 (0.0)            ; 0 (0)               ; 0 (0)                     ; 0 (0)         ; 32768             ; 2     ; 0                        ; 0                                      ; 0                                                 ; 0    ; 0 (0)  ; fast_recompile_fpga_di_inst|VectorAdd_std_ic_inst|VectorAdd_inst_0|kernel|theVectorAdd_function_aunroll_x|thebb_VectorAdd_B1_aunroll_x|thebb_VectorAdd_B1_stall_region|thei_llvm_fpga_mem_lm2_vectoradd_113_6gr|thei_llvm_fpga_mem_lm2_vectoradd_437_1gr|bursting_read|readdata_fifo|ms.acl_mid_speed_fifo_inst|gen_ram.gen_m20k.altera_syncram                                                                                                                                                                                                                                                                                             ; altera_syncram                                                   ; N/A          ;
;                                           |auto_generated|                                                                                                                             ; 0.0 (0.0)            ; 0.0 (0.0)                        ; 0.0 (0.0)                                         ; 0.0 (0.0)                        ; 0.0 (0.0)            ; 0 (0)               ; 0 (0)                     ; 0 (0)         ; 32768             ; 2     ; 0                        ; 0                                      ; 0                                                 ; 0    ; 0 (0)  ; fast_recompile_fpga_di_inst|VectorAdd_std_ic_inst|VectorAdd_inst_0|kernel|theVectorAdd_function_aunroll_x|thebb_VectorAdd_B1_aunroll_x|thebb_VectorAdd_B1_stall_region|thei_llvm_fpga_mem_lm2_vectoradd_113_6gr|thei_llvm_fpga_mem_lm2_vectoradd_437_1gr|bursting_read|readdata_fifo|ms.acl_mid_speed_fifo_inst|gen_ram.gen_m20k.altera_syncram|auto_generated                                                                                                                                                                                                                                                                              ; altera_syncram_7oqu1                                             ; N/A          ;
;                                              |altera_syncram_impl1|                                                                                                                    ; 0.0 (0.0)            ; 0.0 (0.0)                        ; 0.0 (0.0)                                         ; 0.0 (0.0)                        ; 0.0 (0.0)            ; 0 (0)               ; 0 (0)                     ; 0 (0)         ; 32768             ; 2     ; 0                        ; 0                                      ; 0                                                 ; 0    ; 0 (0)  ; fast_recompile_fpga_di_inst|VectorAdd_std_ic_inst|VectorAdd_inst_0|kernel|theVectorAdd_function_aunroll_x|thebb_VectorAdd_B1_aunroll_x|thebb_VectorAdd_B1_stall_region|thei_llvm_fpga_mem_lm2_vectoradd_113_6gr|thei_llvm_fpga_mem_lm2_vectoradd_437_1gr|bursting_read|readdata_fifo|ms.acl_mid_speed_fifo_inst|gen_ram.gen_m20k.altera_syncram|auto_generated|altera_syncram_impl1                                                                                                                                                                                                                                                         ; altera_syncram_impl_akit                                         ; N/A          ;
;                                        |ram_rd_addr_inst|                                                                                                                              ; 2.5 (0.0)            ; 3.3 (0.0)                        ; 0.9 (0.0)                                         ; 0.0 (0.0)                        ; 0.0 (0.0)            ; 2 (0)               ; 9 (0)                     ; 0 (0)         ; 0                 ; 0     ; 0                        ; 0                                      ; 0                                                 ; 0    ; 0 (0)  ; fast_recompile_fpga_di_inst|VectorAdd_std_ic_inst|VectorAdd_inst_0|kernel|theVectorAdd_function_aunroll_x|thebb_VectorAdd_B1_aunroll_x|thebb_VectorAdd_B1_stall_region|thei_llvm_fpga_mem_lm2_vectoradd_113_6gr|thei_llvm_fpga_mem_lm2_vectoradd_437_1gr|bursting_read|readdata_fifo|ms.acl_mid_speed_fifo_inst|ram_rd_addr_inst                                                                                                                                                                                                                                                                                                            ; acl_lfsr                                                         ; N/A          ;
;                                           |lfsr_inst|                                                                                                                                  ; 2.5 (2.5)            ; 3.3 (3.3)                        ; 0.9 (0.9)                                         ; 0.0 (0.0)                        ; 0.0 (0.0)            ; 2 (2)               ; 9 (9)                     ; 0 (0)         ; 0                 ; 0     ; 0                        ; 0                                      ; 0                                                 ; 0    ; 0 (0)  ; fast_recompile_fpga_di_inst|VectorAdd_std_ic_inst|VectorAdd_inst_0|kernel|theVectorAdd_function_aunroll_x|thebb_VectorAdd_B1_aunroll_x|thebb_VectorAdd_B1_stall_region|thei_llvm_fpga_mem_lm2_vectoradd_113_6gr|thei_llvm_fpga_mem_lm2_vectoradd_437_1gr|bursting_read|readdata_fifo|ms.acl_mid_speed_fifo_inst|ram_rd_addr_inst|lfsr_inst                                                                                                                                                                                                                                                                                                  ; fibonacci_lfsr                                                   ; N/A          ;
;                                        |ram_wr_addr_inst|                                                                                                                              ; 2.9 (0.0)            ; 4.8 (0.0)                        ; 1.8 (0.0)                                         ; 0.0 (0.0)                        ; 0.0 (0.0)            ; 2 (0)               ; 9 (0)                     ; 0 (0)         ; 0                 ; 0     ; 0                        ; 0                                      ; 0                                                 ; 0    ; 0 (0)  ; fast_recompile_fpga_di_inst|VectorAdd_std_ic_inst|VectorAdd_inst_0|kernel|theVectorAdd_function_aunroll_x|thebb_VectorAdd_B1_aunroll_x|thebb_VectorAdd_B1_stall_region|thei_llvm_fpga_mem_lm2_vectoradd_113_6gr|thei_llvm_fpga_mem_lm2_vectoradd_437_1gr|bursting_read|readdata_fifo|ms.acl_mid_speed_fifo_inst|ram_wr_addr_inst                                                                                                                                                                                                                                                                                                            ; acl_lfsr                                                         ; N/A          ;
;                                           |lfsr_inst|                                                                                                                                  ; 2.9 (2.9)            ; 4.8 (4.8)                        ; 1.8 (1.8)                                         ; 0.0 (0.0)                        ; 0.0 (0.0)            ; 2 (2)               ; 9 (9)                     ; 0 (0)         ; 0                 ; 0     ; 0                        ; 0                                      ; 0                                                 ; 0    ; 0 (0)  ; fast_recompile_fpga_di_inst|VectorAdd_std_ic_inst|VectorAdd_inst_0|kernel|theVectorAdd_function_aunroll_x|thebb_VectorAdd_B1_aunroll_x|thebb_VectorAdd_B1_stall_region|thei_llvm_fpga_mem_lm2_vectoradd_113_6gr|thei_llvm_fpga_mem_lm2_vectoradd_437_1gr|bursting_read|readdata_fifo|ms.acl_mid_speed_fifo_inst|ram_wr_addr_inst|lfsr_inst                                                                                                                                                                                                                                                                                                  ; fibonacci_lfsr                                                   ; N/A          ;
;                                  |readdata_fifo_early_valid_detect|                                                                                                                    ; 13.0 (11.0)          ; 13.5 (12.0)                      ; 1.0 (1.0)                                         ; 0.5 (0.0)                        ; 0.0 (0.0)            ; 18 (18)             ; 17 (14)                   ; 0 (0)         ; 0                 ; 0     ; 0                        ; 0                                      ; 0                                                 ; 0    ; 0 (0)  ; fast_recompile_fpga_di_inst|VectorAdd_std_ic_inst|VectorAdd_inst_0|kernel|theVectorAdd_function_aunroll_x|thebb_VectorAdd_B1_aunroll_x|thebb_VectorAdd_B1_stall_region|thei_llvm_fpga_mem_lm2_vectoradd_113_6gr|thei_llvm_fpga_mem_lm2_vectoradd_437_1gr|bursting_read|readdata_fifo_early_valid_detect                                                                                                                                                                                                                                                                                                                                     ; acl_tessellated_incr_decr_threshold                              ; N/A          ;
;                                     |acl_reset_handler_inst|                                                                                                                           ; 2.0 (2.0)            ; 1.5 (1.5)                        ; 0.0 (0.0)                                         ; 0.5 (0.5)                        ; 0.0 (0.0)            ; 0 (0)               ; 3 (3)                     ; 0 (0)         ; 0                 ; 0     ; 0                        ; 0                                      ; 0                                                 ; 0    ; 0 (0)  ; fast_recompile_fpga_di_inst|VectorAdd_std_ic_inst|VectorAdd_inst_0|kernel|theVectorAdd_function_aunroll_x|thebb_VectorAdd_B1_aunroll_x|thebb_VectorAdd_B1_stall_region|thei_llvm_fpga_mem_lm2_vectoradd_113_6gr|thei_llvm_fpga_mem_lm2_vectoradd_437_1gr|bursting_read|readdata_fifo_early_valid_detect|acl_reset_handler_inst                                                                                                                                                                                                                                                                                                              ; acl_reset_handler                                                ; N/A          ;
;                                  |thread_fifo|                                                                                                                                         ; 24.2 (0.0)           ; 28.0 (0.0)                       ; 4.3 (0.0)                                         ; 0.5 (0.0)                        ; 0.0 (0.0)            ; 30 (0)              ; 41 (0)                    ; 0 (0)         ; 1536              ; 1     ; 0                        ; 0                                      ; 0                                                 ; 0    ; 0 (0)  ; fast_recompile_fpga_di_inst|VectorAdd_std_ic_inst|VectorAdd_inst_0|kernel|theVectorAdd_function_aunroll_x|thebb_VectorAdd_B1_aunroll_x|thebb_VectorAdd_B1_stall_region|thei_llvm_fpga_mem_lm2_vectoradd_113_6gr|thei_llvm_fpga_mem_lm2_vectoradd_437_1gr|bursting_read|thread_fifo                                                                                                                                                                                                                                                                                                                                                          ; hld_fifo                                                         ; N/A          ;
;                                     |ms.acl_mid_speed_fifo_inst|                                                                                                                       ; 24.2 (5.3)           ; 28.0 (6.0)                       ; 4.3 (0.7)                                         ; 0.5 (0.0)                        ; 0.0 (0.0)            ; 30 (8)              ; 41 (6)                    ; 0 (0)         ; 1536              ; 1     ; 0                        ; 0                                      ; 0                                                 ; 0    ; 0 (0)  ; fast_recompile_fpga_di_inst|VectorAdd_std_ic_inst|VectorAdd_inst_0|kernel|theVectorAdd_function_aunroll_x|thebb_VectorAdd_B1_aunroll_x|thebb_VectorAdd_B1_stall_region|thei_llvm_fpga_mem_lm2_vectoradd_113_6gr|thei_llvm_fpga_mem_lm2_vectoradd_437_1gr|bursting_read|thread_fifo|ms.acl_mid_speed_fifo_inst                                                                                                                                                                                                                                                                                                                               ; acl_mid_speed_fifo                                               ; N/A          ;
;                                        |addr_match_inst|                                                                                                                               ; 12.1 (10.1)          ; 13.5 (12.0)                      ; 1.9 (1.9)                                         ; 0.5 (0.0)                        ; 0.0 (0.0)            ; 17 (17)             ; 17 (14)                   ; 0 (0)         ; 0                 ; 0     ; 0                        ; 0                                      ; 0                                                 ; 0    ; 0 (0)  ; fast_recompile_fpga_di_inst|VectorAdd_std_ic_inst|VectorAdd_inst_0|kernel|theVectorAdd_function_aunroll_x|thebb_VectorAdd_B1_aunroll_x|thebb_VectorAdd_B1_stall_region|thei_llvm_fpga_mem_lm2_vectoradd_113_6gr|thei_llvm_fpga_mem_lm2_vectoradd_437_1gr|bursting_read|thread_fifo|ms.acl_mid_speed_fifo_inst|addr_match_inst                                                                                                                                                                                                                                                                                                               ; acl_tessellated_incr_decr_threshold                              ; N/A          ;
;                                           |acl_reset_handler_inst|                                                                                                                     ; 2.0 (2.0)            ; 1.5 (1.5)                        ; 0.0 (0.0)                                         ; 0.5 (0.5)                        ; 0.0 (0.0)            ; 0 (0)               ; 3 (3)                     ; 0 (0)         ; 0                 ; 0     ; 0                        ; 0                                      ; 0                                                 ; 0    ; 0 (0)  ; fast_recompile_fpga_di_inst|VectorAdd_std_ic_inst|VectorAdd_inst_0|kernel|theVectorAdd_function_aunroll_x|thebb_VectorAdd_B1_aunroll_x|thebb_VectorAdd_B1_stall_region|thei_llvm_fpga_mem_lm2_vectoradd_113_6gr|thei_llvm_fpga_mem_lm2_vectoradd_437_1gr|bursting_read|thread_fifo|ms.acl_mid_speed_fifo_inst|addr_match_inst|acl_reset_handler_inst                                                                                                                                                                                                                                                                                        ; acl_reset_handler                                                ; N/A          ;
;                                        |gen_ram.gen_m20k.altera_syncram|                                                                                                               ; 0.0 (0.0)            ; 0.0 (0.0)                        ; 0.0 (0.0)                                         ; 0.0 (0.0)                        ; 0.0 (0.0)            ; 0 (0)               ; 0 (0)                     ; 0 (0)         ; 1536              ; 1     ; 0                        ; 0                                      ; 0                                                 ; 0    ; 0 (0)  ; fast_recompile_fpga_di_inst|VectorAdd_std_ic_inst|VectorAdd_inst_0|kernel|theVectorAdd_function_aunroll_x|thebb_VectorAdd_B1_aunroll_x|thebb_VectorAdd_B1_stall_region|thei_llvm_fpga_mem_lm2_vectoradd_113_6gr|thei_llvm_fpga_mem_lm2_vectoradd_437_1gr|bursting_read|thread_fifo|ms.acl_mid_speed_fifo_inst|gen_ram.gen_m20k.altera_syncram                                                                                                                                                                                                                                                                                               ; altera_syncram                                                   ; N/A          ;
;                                           |auto_generated|                                                                                                                             ; 0.0 (0.0)            ; 0.0 (0.0)                        ; 0.0 (0.0)                                         ; 0.0 (0.0)                        ; 0.0 (0.0)            ; 0 (0)               ; 0 (0)                     ; 0 (0)         ; 1536              ; 1     ; 0                        ; 0                                      ; 0                                                 ; 0    ; 0 (0)  ; fast_recompile_fpga_di_inst|VectorAdd_std_ic_inst|VectorAdd_inst_0|kernel|theVectorAdd_function_aunroll_x|thebb_VectorAdd_B1_aunroll_x|thebb_VectorAdd_B1_stall_region|thei_llvm_fpga_mem_lm2_vectoradd_113_6gr|thei_llvm_fpga_mem_lm2_vectoradd_437_1gr|bursting_read|thread_fifo|ms.acl_mid_speed_fifo_inst|gen_ram.gen_m20k.altera_syncram|auto_generated                                                                                                                                                                                                                                                                                ; altera_syncram_iflh                                              ; N/A          ;
;                                              |altera_syncram_impl1|                                                                                                                    ; 0.0 (0.0)            ; 0.0 (0.0)                        ; 0.0 (0.0)                                         ; 0.0 (0.0)                        ; 0.0 (0.0)            ; 0 (0)               ; 0 (0)                     ; 0 (0)         ; 1536              ; 1     ; 0                        ; 0                                      ; 0                                                 ; 0    ; 0 (0)  ; fast_recompile_fpga_di_inst|VectorAdd_std_ic_inst|VectorAdd_inst_0|kernel|theVectorAdd_function_aunroll_x|thebb_VectorAdd_B1_aunroll_x|thebb_VectorAdd_B1_stall_region|thei_llvm_fpga_mem_lm2_vectoradd_113_6gr|thei_llvm_fpga_mem_lm2_vectoradd_437_1gr|bursting_read|thread_fifo|ms.acl_mid_speed_fifo_inst|gen_ram.gen_m20k.altera_syncram|auto_generated|altera_syncram_impl1                                                                                                                                                                                                                                                           ; altera_syncram_impl_mvur1                                        ; N/A          ;
;                                        |ram_rd_addr_inst|                                                                                                                              ; 3.7 (0.0)            ; 5.8 (0.0)                        ; 2.0 (0.0)                                         ; 0.0 (0.0)                        ; 0.0 (0.0)            ; 3 (0)               ; 9 (0)                     ; 0 (0)         ; 0                 ; 0     ; 0                        ; 0                                      ; 0                                                 ; 0    ; 0 (0)  ; fast_recompile_fpga_di_inst|VectorAdd_std_ic_inst|VectorAdd_inst_0|kernel|theVectorAdd_function_aunroll_x|thebb_VectorAdd_B1_aunroll_x|thebb_VectorAdd_B1_stall_region|thei_llvm_fpga_mem_lm2_vectoradd_113_6gr|thei_llvm_fpga_mem_lm2_vectoradd_437_1gr|bursting_read|thread_fifo|ms.acl_mid_speed_fifo_inst|ram_rd_addr_inst                                                                                                                                                                                                                                                                                                              ; acl_lfsr                                                         ; N/A          ;
;                                           |lfsr_inst|                                                                                                                                  ; 3.7 (3.7)            ; 5.8 (5.8)                        ; 2.0 (2.0)                                         ; 0.0 (0.0)                        ; 0.0 (0.0)            ; 3 (3)               ; 9 (9)                     ; 0 (0)         ; 0                 ; 0     ; 0                        ; 0                                      ; 0                                                 ; 0    ; 0 (0)  ; fast_recompile_fpga_di_inst|VectorAdd_std_ic_inst|VectorAdd_inst_0|kernel|theVectorAdd_function_aunroll_x|thebb_VectorAdd_B1_aunroll_x|thebb_VectorAdd_B1_stall_region|thei_llvm_fpga_mem_lm2_vectoradd_113_6gr|thei_llvm_fpga_mem_lm2_vectoradd_437_1gr|bursting_read|thread_fifo|ms.acl_mid_speed_fifo_inst|ram_rd_addr_inst|lfsr_inst                                                                                                                                                                                                                                                                                                    ; fibonacci_lfsr                                                   ; N/A          ;
;                                        |ram_wr_addr_inst|                                                                                                                              ; 2.8 (0.0)            ; 2.8 (0.0)                        ; 0.0 (0.0)                                         ; 0.0 (0.0)                        ; 0.0 (0.0)            ; 2 (0)               ; 9 (0)                     ; 0 (0)         ; 0                 ; 0     ; 0                        ; 0                                      ; 0                                                 ; 0    ; 0 (0)  ; fast_recompile_fpga_di_inst|VectorAdd_std_ic_inst|VectorAdd_inst_0|kernel|theVectorAdd_function_aunroll_x|thebb_VectorAdd_B1_aunroll_x|thebb_VectorAdd_B1_stall_region|thei_llvm_fpga_mem_lm2_vectoradd_113_6gr|thei_llvm_fpga_mem_lm2_vectoradd_437_1gr|bursting_read|thread_fifo|ms.acl_mid_speed_fifo_inst|ram_wr_addr_inst                                                                                                                                                                                                                                                                                                              ; acl_lfsr                                                         ; N/A          ;
;                                           |lfsr_inst|                                                                                                                                  ; 2.8 (2.8)            ; 2.8 (2.8)                        ; 0.0 (0.0)                                         ; 0.0 (0.0)                        ; 0.0 (0.0)            ; 2 (2)               ; 9 (9)                     ; 0 (0)         ; 0                 ; 0     ; 0                        ; 0                                      ; 0                                                 ; 0    ; 0 (0)  ; fast_recompile_fpga_di_inst|VectorAdd_std_ic_inst|VectorAdd_inst_0|kernel|theVectorAdd_function_aunroll_x|thebb_VectorAdd_B1_aunroll_x|thebb_VectorAdd_B1_stall_region|thei_llvm_fpga_mem_lm2_vectoradd_113_6gr|thei_llvm_fpga_mem_lm2_vectoradd_437_1gr|bursting_read|thread_fifo|ms.acl_mid_speed_fifo_inst|ram_wr_addr_inst|lfsr_inst                                                                                                                                                                                                                                                                                                    ; fibonacci_lfsr                                                   ; N/A          ;
;                                  |thread_fifo_almost_full|                                                                                                                             ; 13.0 (11.0)          ; 13.0 (12.1)                      ; 0.5 (1.1)                                         ; 0.5 (0.0)                        ; 0.0 (0.0)            ; 19 (18)             ; 21 (18)                   ; 0 (0)         ; 0                 ; 0     ; 0                        ; 0                                      ; 0                                                 ; 0    ; 0 (0)  ; fast_recompile_fpga_di_inst|VectorAdd_std_ic_inst|VectorAdd_inst_0|kernel|theVectorAdd_function_aunroll_x|thebb_VectorAdd_B1_aunroll_x|thebb_VectorAdd_B1_stall_region|thei_llvm_fpga_mem_lm2_vectoradd_113_6gr|thei_llvm_fpga_mem_lm2_vectoradd_437_1gr|bursting_read|thread_fifo_almost_full                                                                                                                                                                                                                                                                                                                                              ; acl_tessellated_incr_decr_threshold                              ; N/A          ;
;                                     |acl_reset_handler_inst|                                                                                                                           ; 1.4 (1.4)            ; 0.9 (0.9)                        ; 0.0 (0.0)                                         ; 0.5 (0.5)                        ; 0.0 (0.0)            ; 1 (1)               ; 3 (3)                     ; 0 (0)         ; 0                 ; 0     ; 0                        ; 0                                      ; 0                                                 ; 0    ; 0 (0)  ; fast_recompile_fpga_di_inst|VectorAdd_std_ic_inst|VectorAdd_inst_0|kernel|theVectorAdd_function_aunroll_x|thebb_VectorAdd_B1_aunroll_x|thebb_VectorAdd_B1_stall_region|thei_llvm_fpga_mem_lm2_vectoradd_113_6gr|thei_llvm_fpga_mem_lm2_vectoradd_437_1gr|bursting_read|thread_fifo_almost_full|acl_reset_handler_inst                                                                                                                                                                                                                                                                                                                       ; acl_reset_handler                                                ; N/A          ;
;                                  |thread_fifo_somewhat_full|                                                                                                                           ; 12.9 (10.9)          ; 13.5 (12.2)                      ; 1.1 (1.4)                                         ; 0.5 (0.0)                        ; 0.0 (0.0)            ; 18 (18)             ; 17 (14)                   ; 0 (0)         ; 0                 ; 0     ; 0                        ; 0                                      ; 0                                                 ; 0    ; 0 (0)  ; fast_recompile_fpga_di_inst|VectorAdd_std_ic_inst|VectorAdd_inst_0|kernel|theVectorAdd_function_aunroll_x|thebb_VectorAdd_B1_aunroll_x|thebb_VectorAdd_B1_stall_region|thei_llvm_fpga_mem_lm2_vectoradd_113_6gr|thei_llvm_fpga_mem_lm2_vectoradd_437_1gr|bursting_read|thread_fifo_somewhat_full                                                                                                                                                                                                                                                                                                                                            ; acl_tessellated_incr_decr_threshold                              ; N/A          ;
;                                     |acl_reset_handler_inst|                                                                                                                           ; 1.8 (1.8)            ; 1.2 (1.2)                        ; 0.0 (0.0)                                         ; 0.5 (0.5)                        ; 0.0 (0.0)            ; 0 (0)               ; 3 (3)                     ; 0 (0)         ; 0                 ; 0     ; 0                        ; 0                                      ; 0                                                 ; 0    ; 0 (0)  ; fast_recompile_fpga_di_inst|VectorAdd_std_ic_inst|VectorAdd_inst_0|kernel|theVectorAdd_function_aunroll_x|thebb_VectorAdd_B1_aunroll_x|thebb_VectorAdd_B1_stall_region|thei_llvm_fpga_mem_lm2_vectoradd_113_6gr|thei_llvm_fpga_mem_lm2_vectoradd_437_1gr|bursting_read|thread_fifo_somewhat_full|acl_reset_handler_inst                                                                                                                                                                                                                                                                                                                     ; acl_reset_handler                                                ; N/A          ;
;                            |therst_sync|                                                                                                                                               ; 2.3 (2.3)            ; 2.5 (2.5)                        ; 0.7 (0.7)                                         ; 0.5 (0.5)                        ; 0.0 (0.0)            ; 0 (0)               ; 6 (6)                     ; 0 (0)         ; 0                 ; 0     ; 0                        ; 0                                      ; 0                                                 ; 0    ; 0 (0)  ; fast_recompile_fpga_di_inst|VectorAdd_std_ic_inst|VectorAdd_inst_0|kernel|theVectorAdd_function_aunroll_x|thebb_VectorAdd_B1_aunroll_x|thebb_VectorAdd_B1_stall_region|thei_llvm_fpga_mem_lm2_vectoradd_113_6gr|therst_sync                                                                                                                                                                                                                                                                                                                                                                                                                 ; acl_reset_handler                                                ; N/A          ;
;                         |thei_llvm_fpga_mem_lm_vectoradd_113_5gr|                                                                                                                      ; 244.0 (0.0)          ; 310.2 (0.0)                      ; 68.0 (0.0)                                        ; 1.8 (0.0)                        ; 20.0 (0.0)           ; 280 (0)             ; 726 (0)                   ; 0 (0)         ; 51200             ; 4     ; 0                        ; 0                                      ; 0                                                 ; 0    ; 0 (0)  ; fast_recompile_fpga_di_inst|VectorAdd_std_ic_inst|VectorAdd_inst_0|kernel|theVectorAdd_function_aunroll_x|thebb_VectorAdd_B1_aunroll_x|thebb_VectorAdd_B1_stall_region|thei_llvm_fpga_mem_lm_vectoradd_113_5gr                                                                                                                                                                                                                                                                                                                                                                                                                              ; VectorAdd_i_llvm_fpga_mem_lm_vectoradd_423_0gr                   ; N/A          ;
;                            |thei_llvm_fpga_mem_lm_vectoradd_423_1gr|                                                                                                                   ; 241.7 (0.0)          ; 308.2 (0.0)                      ; 67.8 (0.0)                                        ; 1.3 (0.0)                        ; 20.0 (0.0)           ; 280 (0)             ; 720 (0)                   ; 0 (0)         ; 51200             ; 4     ; 0                        ; 0                                      ; 0                                                 ; 0    ; 0 (0)  ; fast_recompile_fpga_di_inst|VectorAdd_std_ic_inst|VectorAdd_inst_0|kernel|theVectorAdd_function_aunroll_x|thebb_VectorAdd_B1_aunroll_x|thebb_VectorAdd_B1_stall_region|thei_llvm_fpga_mem_lm_vectoradd_113_5gr|thei_llvm_fpga_mem_lm_vectoradd_423_1gr                                                                                                                                                                                                                                                                                                                                                                                      ; lsu_top                                                          ; N/A          ;
;                               |bursting_read|                                                                                                                                          ; 241.7 (86.6)         ; 308.2 (127.8)                    ; 67.8 (42.0)                                       ; 1.3 (0.8)                        ; 20.0 (0.0)           ; 280 (81)            ; 720 (467)                 ; 0 (0)         ; 51200             ; 4     ; 0                        ; 0                                      ; 0                                                 ; 0    ; 0 (0)  ; fast_recompile_fpga_di_inst|VectorAdd_std_ic_inst|VectorAdd_inst_0|kernel|theVectorAdd_function_aunroll_x|thebb_VectorAdd_B1_aunroll_x|thebb_VectorAdd_B1_stall_region|thei_llvm_fpga_mem_lm_vectoradd_113_5gr|thei_llvm_fpga_mem_lm_vectoradd_423_1gr|bursting_read                                                                                                                                                                                                                                                                                                                                                                        ; lsu_burst_coalesced_pipelined_read                               ; N/A          ;
;                                  |acl_reset_handler_inst|                                                                                                                              ; 0.2 (0.2)            ; 0.3 (0.3)                        ; 0.2 (0.2)                                         ; 0.0 (0.0)                        ; 0.0 (0.0)            ; 0 (0)               ; 1 (1)                     ; 0 (0)         ; 0                 ; 0     ; 0                        ; 0                                      ; 0                                                 ; 0    ; 0 (0)  ; fast_recompile_fpga_di_inst|VectorAdd_std_ic_inst|VectorAdd_inst_0|kernel|theVectorAdd_function_aunroll_x|thebb_VectorAdd_B1_aunroll_x|thebb_VectorAdd_B1_stall_region|thei_llvm_fpga_mem_lm_vectoradd_113_5gr|thei_llvm_fpga_mem_lm_vectoradd_423_1gr|bursting_read|acl_reset_handler_inst                                                                                                                                                                                                                                                                                                                                                 ; acl_reset_handler                                                ; N/A          ;
;                                  |avalon_fifo|                                                                                                                                         ; 20.8 (0.0)           ; 24.4 (0.0)                       ; 3.7 (0.0)                                         ; 0.0 (0.0)                        ; 0.0 (0.0)            ; 29 (0)              ; 41 (0)                    ; 0 (0)         ; 16896             ; 1     ; 0                        ; 0                                      ; 0                                                 ; 0    ; 0 (0)  ; fast_recompile_fpga_di_inst|VectorAdd_std_ic_inst|VectorAdd_inst_0|kernel|theVectorAdd_function_aunroll_x|thebb_VectorAdd_B1_aunroll_x|thebb_VectorAdd_B1_stall_region|thei_llvm_fpga_mem_lm_vectoradd_113_5gr|thei_llvm_fpga_mem_lm_vectoradd_423_1gr|bursting_read|avalon_fifo                                                                                                                                                                                                                                                                                                                                                            ; hld_fifo                                                         ; N/A          ;
;                                     |ms.acl_mid_speed_fifo_inst|                                                                                                                       ; 20.8 (4.0)           ; 24.4 (4.4)                       ; 3.7 (0.4)                                         ; 0.0 (0.0)                        ; 0.0 (0.0)            ; 29 (8)              ; 41 (6)                    ; 0 (0)         ; 16896             ; 1     ; 0                        ; 0                                      ; 0                                                 ; 0    ; 0 (0)  ; fast_recompile_fpga_di_inst|VectorAdd_std_ic_inst|VectorAdd_inst_0|kernel|theVectorAdd_function_aunroll_x|thebb_VectorAdd_B1_aunroll_x|thebb_VectorAdd_B1_stall_region|thei_llvm_fpga_mem_lm_vectoradd_113_5gr|thei_llvm_fpga_mem_lm_vectoradd_423_1gr|bursting_read|avalon_fifo|ms.acl_mid_speed_fifo_inst                                                                                                                                                                                                                                                                                                                                 ; acl_mid_speed_fifo                                               ; N/A          ;
;                                        |addr_match_inst|                                                                                                                               ; 10.9 (9.8)           ; 11.8 (10.5)                      ; 0.9 (0.7)                                         ; 0.0 (0.0)                        ; 0.0 (0.0)            ; 17 (17)             ; 17 (14)                   ; 0 (0)         ; 0                 ; 0     ; 0                        ; 0                                      ; 0                                                 ; 0    ; 0 (0)  ; fast_recompile_fpga_di_inst|VectorAdd_std_ic_inst|VectorAdd_inst_0|kernel|theVectorAdd_function_aunroll_x|thebb_VectorAdd_B1_aunroll_x|thebb_VectorAdd_B1_stall_region|thei_llvm_fpga_mem_lm_vectoradd_113_5gr|thei_llvm_fpga_mem_lm_vectoradd_423_1gr|bursting_read|avalon_fifo|ms.acl_mid_speed_fifo_inst|addr_match_inst                                                                                                                                                                                                                                                                                                                 ; acl_tessellated_incr_decr_threshold                              ; N/A          ;
;                                           |acl_reset_handler_inst|                                                                                                                     ; 1.1 (1.1)            ; 1.3 (1.3)                        ; 0.2 (0.2)                                         ; 0.0 (0.0)                        ; 0.0 (0.0)            ; 0 (0)               ; 3 (3)                     ; 0 (0)         ; 0                 ; 0     ; 0                        ; 0                                      ; 0                                                 ; 0    ; 0 (0)  ; fast_recompile_fpga_di_inst|VectorAdd_std_ic_inst|VectorAdd_inst_0|kernel|theVectorAdd_function_aunroll_x|thebb_VectorAdd_B1_aunroll_x|thebb_VectorAdd_B1_stall_region|thei_llvm_fpga_mem_lm_vectoradd_113_5gr|thei_llvm_fpga_mem_lm_vectoradd_423_1gr|bursting_read|avalon_fifo|ms.acl_mid_speed_fifo_inst|addr_match_inst|acl_reset_handler_inst                                                                                                                                                                                                                                                                                          ; acl_reset_handler                                                ; N/A          ;
;                                        |gen_ram.gen_m20k.altera_syncram|                                                                                                               ; 0.0 (0.0)            ; 0.0 (0.0)                        ; 0.0 (0.0)                                         ; 0.0 (0.0)                        ; 0.0 (0.0)            ; 0 (0)               ; 0 (0)                     ; 0 (0)         ; 16896             ; 1     ; 0                        ; 0                                      ; 0                                                 ; 0    ; 0 (0)  ; fast_recompile_fpga_di_inst|VectorAdd_std_ic_inst|VectorAdd_inst_0|kernel|theVectorAdd_function_aunroll_x|thebb_VectorAdd_B1_aunroll_x|thebb_VectorAdd_B1_stall_region|thei_llvm_fpga_mem_lm_vectoradd_113_5gr|thei_llvm_fpga_mem_lm_vectoradd_423_1gr|bursting_read|avalon_fifo|ms.acl_mid_speed_fifo_inst|gen_ram.gen_m20k.altera_syncram                                                                                                                                                                                                                                                                                                 ; altera_syncram                                                   ; N/A          ;
;                                           |auto_generated|                                                                                                                             ; 0.0 (0.0)            ; 0.0 (0.0)                        ; 0.0 (0.0)                                         ; 0.0 (0.0)                        ; 0.0 (0.0)            ; 0 (0)               ; 0 (0)                     ; 0 (0)         ; 16896             ; 1     ; 0                        ; 0                                      ; 0                                                 ; 0    ; 0 (0)  ; fast_recompile_fpga_di_inst|VectorAdd_std_ic_inst|VectorAdd_inst_0|kernel|theVectorAdd_function_aunroll_x|thebb_VectorAdd_B1_aunroll_x|thebb_VectorAdd_B1_stall_region|thei_llvm_fpga_mem_lm_vectoradd_113_5gr|thei_llvm_fpga_mem_lm_vectoradd_423_1gr|bursting_read|avalon_fifo|ms.acl_mid_speed_fifo_inst|gen_ram.gen_m20k.altera_syncram|auto_generated                                                                                                                                                                                                                                                                                  ; altera_syncram_eoie1                                             ; N/A          ;
;                                              |altera_syncram_impl1|                                                                                                                    ; 0.0 (0.0)            ; 0.0 (0.0)                        ; 0.0 (0.0)                                         ; 0.0 (0.0)                        ; 0.0 (0.0)            ; 0 (0)               ; 0 (0)                     ; 0 (0)         ; 16896             ; 1     ; 0                        ; 0                                      ; 0                                                 ; 0    ; 0 (0)  ; fast_recompile_fpga_di_inst|VectorAdd_std_ic_inst|VectorAdd_inst_0|kernel|theVectorAdd_function_aunroll_x|thebb_VectorAdd_B1_aunroll_x|thebb_VectorAdd_B1_stall_region|thei_llvm_fpga_mem_lm_vectoradd_113_5gr|thei_llvm_fpga_mem_lm_vectoradd_423_1gr|bursting_read|avalon_fifo|ms.acl_mid_speed_fifo_inst|gen_ram.gen_m20k.altera_syncram|auto_generated|altera_syncram_impl1                                                                                                                                                                                                                                                             ; altera_syncram_impl_5glg1                                        ; N/A          ;
;                                        |ram_rd_addr_inst|                                                                                                                              ; 3.0 (0.0)            ; 3.7 (0.0)                        ; 0.7 (0.0)                                         ; 0.0 (0.0)                        ; 0.0 (0.0)            ; 2 (0)               ; 9 (0)                     ; 0 (0)         ; 0                 ; 0     ; 0                        ; 0                                      ; 0                                                 ; 0    ; 0 (0)  ; fast_recompile_fpga_di_inst|VectorAdd_std_ic_inst|VectorAdd_inst_0|kernel|theVectorAdd_function_aunroll_x|thebb_VectorAdd_B1_aunroll_x|thebb_VectorAdd_B1_stall_region|thei_llvm_fpga_mem_lm_vectoradd_113_5gr|thei_llvm_fpga_mem_lm_vectoradd_423_1gr|bursting_read|avalon_fifo|ms.acl_mid_speed_fifo_inst|ram_rd_addr_inst                                                                                                                                                                                                                                                                                                                ; acl_lfsr                                                         ; N/A          ;
;                                           |lfsr_inst|                                                                                                                                  ; 3.0 (3.0)            ; 3.7 (3.7)                        ; 0.7 (0.7)                                         ; 0.0 (0.0)                        ; 0.0 (0.0)            ; 2 (2)               ; 9 (9)                     ; 0 (0)         ; 0                 ; 0     ; 0                        ; 0                                      ; 0                                                 ; 0    ; 0 (0)  ; fast_recompile_fpga_di_inst|VectorAdd_std_ic_inst|VectorAdd_inst_0|kernel|theVectorAdd_function_aunroll_x|thebb_VectorAdd_B1_aunroll_x|thebb_VectorAdd_B1_stall_region|thei_llvm_fpga_mem_lm_vectoradd_113_5gr|thei_llvm_fpga_mem_lm_vectoradd_423_1gr|bursting_read|avalon_fifo|ms.acl_mid_speed_fifo_inst|ram_rd_addr_inst|lfsr_inst                                                                                                                                                                                                                                                                                                      ; fibonacci_lfsr                                                   ; N/A          ;
;                                        |ram_wr_addr_inst|                                                                                                                              ; 2.9 (0.0)            ; 4.5 (0.0)                        ; 1.6 (0.0)                                         ; 0.0 (0.0)                        ; 0.0 (0.0)            ; 2 (0)               ; 9 (0)                     ; 0 (0)         ; 0                 ; 0     ; 0                        ; 0                                      ; 0                                                 ; 0    ; 0 (0)  ; fast_recompile_fpga_di_inst|VectorAdd_std_ic_inst|VectorAdd_inst_0|kernel|theVectorAdd_function_aunroll_x|thebb_VectorAdd_B1_aunroll_x|thebb_VectorAdd_B1_stall_region|thei_llvm_fpga_mem_lm_vectoradd_113_5gr|thei_llvm_fpga_mem_lm_vectoradd_423_1gr|bursting_read|avalon_fifo|ms.acl_mid_speed_fifo_inst|ram_wr_addr_inst                                                                                                                                                                                                                                                                                                                ; acl_lfsr                                                         ; N/A          ;
;                                           |lfsr_inst|                                                                                                                                  ; 2.9 (2.9)            ; 4.5 (4.5)                        ; 1.6 (1.6)                                         ; 0.0 (0.0)                        ; 0.0 (0.0)            ; 2 (2)               ; 9 (9)                     ; 0 (0)         ; 0                 ; 0     ; 0                        ; 0                                      ; 0                                                 ; 0    ; 0 (0)  ; fast_recompile_fpga_di_inst|VectorAdd_std_ic_inst|VectorAdd_inst_0|kernel|theVectorAdd_function_aunroll_x|thebb_VectorAdd_B1_aunroll_x|thebb_VectorAdd_B1_stall_region|thei_llvm_fpga_mem_lm_vectoradd_113_5gr|thei_llvm_fpga_mem_lm_vectoradd_423_1gr|bursting_read|avalon_fifo|ms.acl_mid_speed_fifo_inst|ram_wr_addr_inst|lfsr_inst                                                                                                                                                                                                                                                                                                      ; fibonacci_lfsr                                                   ; N/A          ;
;                                  |dout_fifo|                                                                                                                                           ; 55.7 (0.0)           ; 61.1 (0.0)                       ; 5.4 (0.0)                                         ; 0.0 (0.0)                        ; 20.0 (0.0)           ; 56 (0)              ; 72 (0)                    ; 0 (0)         ; 0                 ; 0     ; 0                        ; 0                                      ; 0                                                 ; 0    ; 0 (0)  ; fast_recompile_fpga_di_inst|VectorAdd_std_ic_inst|VectorAdd_inst_0|kernel|theVectorAdd_function_aunroll_x|thebb_VectorAdd_B1_aunroll_x|thebb_VectorAdd_B1_stall_region|thei_llvm_fpga_mem_lm_vectoradd_113_5gr|thei_llvm_fpga_mem_lm_vectoradd_423_1gr|bursting_read|dout_fifo                                                                                                                                                                                                                                                                                                                                                              ; hld_fifo                                                         ; N/A          ;
;                                     |ms.acl_mid_speed_fifo_inst|                                                                                                                       ; 55.7 (6.3)           ; 61.1 (9.3)                       ; 5.4 (3.0)                                         ; 0.0 (0.0)                        ; 20.0 (0.0)           ; 56 (12)             ; 72 (22)                   ; 0 (0)         ; 0                 ; 0     ; 0                        ; 0                                      ; 0                                                 ; 0    ; 0 (0)  ; fast_recompile_fpga_di_inst|VectorAdd_std_ic_inst|VectorAdd_inst_0|kernel|theVectorAdd_function_aunroll_x|thebb_VectorAdd_B1_aunroll_x|thebb_VectorAdd_B1_stall_region|thei_llvm_fpga_mem_lm_vectoradd_113_5gr|thei_llvm_fpga_mem_lm_vectoradd_423_1gr|bursting_read|dout_fifo|ms.acl_mid_speed_fifo_inst                                                                                                                                                                                                                                                                                                                                   ; acl_mid_speed_fifo                                               ; N/A          ;
;                                        |addr_match_inst|                                                                                                                               ; 7.8 (6.3)            ; 8.2 (6.8)                        ; 0.4 (0.6)                                         ; 0.0 (0.0)                        ; 0.0 (0.0)            ; 10 (10)             ; 11 (8)                    ; 0 (0)         ; 0                 ; 0     ; 0                        ; 0                                      ; 0                                                 ; 0    ; 0 (0)  ; fast_recompile_fpga_di_inst|VectorAdd_std_ic_inst|VectorAdd_inst_0|kernel|theVectorAdd_function_aunroll_x|thebb_VectorAdd_B1_aunroll_x|thebb_VectorAdd_B1_stall_region|thei_llvm_fpga_mem_lm_vectoradd_113_5gr|thei_llvm_fpga_mem_lm_vectoradd_423_1gr|bursting_read|dout_fifo|ms.acl_mid_speed_fifo_inst|addr_match_inst                                                                                                                                                                                                                                                                                                                   ; acl_tessellated_incr_decr_threshold                              ; N/A          ;
;                                           |acl_reset_handler_inst|                                                                                                                     ; 1.3 (1.3)            ; 1.3 (1.3)                        ; 0.0 (0.0)                                         ; 0.0 (0.0)                        ; 0.0 (0.0)            ; 0 (0)               ; 3 (3)                     ; 0 (0)         ; 0                 ; 0     ; 0                        ; 0                                      ; 0                                                 ; 0    ; 0 (0)  ; fast_recompile_fpga_di_inst|VectorAdd_std_ic_inst|VectorAdd_inst_0|kernel|theVectorAdd_function_aunroll_x|thebb_VectorAdd_B1_aunroll_x|thebb_VectorAdd_B1_stall_region|thei_llvm_fpga_mem_lm_vectoradd_113_5gr|thei_llvm_fpga_mem_lm_vectoradd_423_1gr|bursting_read|dout_fifo|ms.acl_mid_speed_fifo_inst|addr_match_inst|acl_reset_handler_inst                                                                                                                                                                                                                                                                                            ; acl_reset_handler                                                ; N/A          ;
;                                        |gen_ram.gen_mlab.altdpram_component|                                                                                                           ; 20.0 (0.0)           ; 20.0 (0.0)                       ; 0.0 (0.0)                                         ; 0.0 (0.0)                        ; 20.0 (0.0)           ; 0 (0)               ; 0 (0)                     ; 0 (0)         ; 0                 ; 0     ; 0                        ; 0                                      ; 0                                                 ; 0    ; 0 (0)  ; fast_recompile_fpga_di_inst|VectorAdd_std_ic_inst|VectorAdd_inst_0|kernel|theVectorAdd_function_aunroll_x|thebb_VectorAdd_B1_aunroll_x|thebb_VectorAdd_B1_stall_region|thei_llvm_fpga_mem_lm_vectoradd_113_5gr|thei_llvm_fpga_mem_lm_vectoradd_423_1gr|bursting_read|dout_fifo|ms.acl_mid_speed_fifo_inst|gen_ram.gen_mlab.altdpram_component                                                                                                                                                                                                                                                                                               ; altdpram                                                         ; N/A          ;
;                                           |auto_generated|                                                                                                                             ; 20.0 (20.0)          ; 20.0 (20.0)                      ; 0.0 (0.0)                                         ; 0.0 (0.0)                        ; 20.0 (20.0)          ; 0 (0)               ; 0 (0)                     ; 0 (0)         ; 0                 ; 0     ; 0                        ; 0                                      ; 0                                                 ; 0    ; 0 (0)  ; fast_recompile_fpga_di_inst|VectorAdd_std_ic_inst|VectorAdd_inst_0|kernel|theVectorAdd_function_aunroll_x|thebb_VectorAdd_B1_aunroll_x|thebb_VectorAdd_B1_stall_region|thei_llvm_fpga_mem_lm_vectoradd_113_5gr|thei_llvm_fpga_mem_lm_vectoradd_423_1gr|bursting_read|dout_fifo|ms.acl_mid_speed_fifo_inst|gen_ram.gen_mlab.altdpram_component|auto_generated                                                                                                                                                                                                                                                                                ; dpram_gm4g                                                       ; N/A          ;
;                                        |ram_rd_addr_inst|                                                                                                                              ; 2.9 (0.0)            ; 3.0 (0.0)                        ; 0.1 (0.0)                                         ; 0.0 (0.0)                        ; 0.0 (0.0)            ; 6 (0)               ; 5 (0)                     ; 0 (0)         ; 0                 ; 0     ; 0                        ; 0                                      ; 0                                                 ; 0    ; 0 (0)  ; fast_recompile_fpga_di_inst|VectorAdd_std_ic_inst|VectorAdd_inst_0|kernel|theVectorAdd_function_aunroll_x|thebb_VectorAdd_B1_aunroll_x|thebb_VectorAdd_B1_stall_region|thei_llvm_fpga_mem_lm_vectoradd_113_5gr|thei_llvm_fpga_mem_lm_vectoradd_423_1gr|bursting_read|dout_fifo|ms.acl_mid_speed_fifo_inst|ram_rd_addr_inst                                                                                                                                                                                                                                                                                                                  ; acl_lfsr                                                         ; N/A          ;
;                                           |lfsr_inst|                                                                                                                                  ; 2.9 (2.9)            ; 3.0 (3.0)                        ; 0.1 (0.1)                                         ; 0.0 (0.0)                        ; 0.0 (0.0)            ; 6 (6)               ; 5 (5)                     ; 0 (0)         ; 0                 ; 0     ; 0                        ; 0                                      ; 0                                                 ; 0    ; 0 (0)  ; fast_recompile_fpga_di_inst|VectorAdd_std_ic_inst|VectorAdd_inst_0|kernel|theVectorAdd_function_aunroll_x|thebb_VectorAdd_B1_aunroll_x|thebb_VectorAdd_B1_stall_region|thei_llvm_fpga_mem_lm_vectoradd_113_5gr|thei_llvm_fpga_mem_lm_vectoradd_423_1gr|bursting_read|dout_fifo|ms.acl_mid_speed_fifo_inst|ram_rd_addr_inst|lfsr_inst                                                                                                                                                                                                                                                                                                        ; fibonacci_lfsr                                                   ; N/A          ;
;                                        |ram_wr_addr_inst|                                                                                                                              ; 3.5 (0.0)            ; 3.5 (0.0)                        ; 0.0 (0.0)                                         ; 0.0 (0.0)                        ; 0.0 (0.0)            ; 7 (0)               ; 8 (0)                     ; 0 (0)         ; 0                 ; 0     ; 0                        ; 0                                      ; 0                                                 ; 0    ; 0 (0)  ; fast_recompile_fpga_di_inst|VectorAdd_std_ic_inst|VectorAdd_inst_0|kernel|theVectorAdd_function_aunroll_x|thebb_VectorAdd_B1_aunroll_x|thebb_VectorAdd_B1_stall_region|thei_llvm_fpga_mem_lm_vectoradd_113_5gr|thei_llvm_fpga_mem_lm_vectoradd_423_1gr|bursting_read|dout_fifo|ms.acl_mid_speed_fifo_inst|ram_wr_addr_inst                                                                                                                                                                                                                                                                                                                  ; acl_lfsr                                                         ; N/A          ;
;                                           |lfsr_inst|                                                                                                                                  ; 3.5 (3.5)            ; 3.5 (3.5)                        ; 0.0 (0.0)                                         ; 0.0 (0.0)                        ; 0.0 (0.0)            ; 7 (7)               ; 8 (8)                     ; 0 (0)         ; 0                 ; 0     ; 0                        ; 0                                      ; 0                                                 ; 0    ; 0 (0)  ; fast_recompile_fpga_di_inst|VectorAdd_std_ic_inst|VectorAdd_inst_0|kernel|theVectorAdd_function_aunroll_x|thebb_VectorAdd_B1_aunroll_x|thebb_VectorAdd_B1_stall_region|thei_llvm_fpga_mem_lm_vectoradd_113_5gr|thei_llvm_fpga_mem_lm_vectoradd_423_1gr|bursting_read|dout_fifo|ms.acl_mid_speed_fifo_inst|ram_wr_addr_inst|lfsr_inst                                                                                                                                                                                                                                                                                                        ; fibonacci_lfsr                                                   ; N/A          ;
;                                        |real_almost_empty.almost_empty_inst|                                                                                                           ; 7.8 (6.3)            ; 9.4 (7.9)                        ; 1.6 (1.6)                                         ; 0.0 (0.0)                        ; 0.0 (0.0)            ; 11 (11)             ; 14 (11)                   ; 0 (0)         ; 0                 ; 0     ; 0                        ; 0                                      ; 0                                                 ; 0    ; 0 (0)  ; fast_recompile_fpga_di_inst|VectorAdd_std_ic_inst|VectorAdd_inst_0|kernel|theVectorAdd_function_aunroll_x|thebb_VectorAdd_B1_aunroll_x|thebb_VectorAdd_B1_stall_region|thei_llvm_fpga_mem_lm_vectoradd_113_5gr|thei_llvm_fpga_mem_lm_vectoradd_423_1gr|bursting_read|dout_fifo|ms.acl_mid_speed_fifo_inst|real_almost_empty.almost_empty_inst                                                                                                                                                                                                                                                                                               ; acl_tessellated_incr_decr_threshold                              ; N/A          ;
;                                           |acl_reset_handler_inst|                                                                                                                     ; 1.5 (1.5)            ; 1.5 (1.5)                        ; 0.0 (0.0)                                         ; 0.0 (0.0)                        ; 0.0 (0.0)            ; 0 (0)               ; 3 (3)                     ; 0 (0)         ; 0                 ; 0     ; 0                        ; 0                                      ; 0                                                 ; 0    ; 0 (0)  ; fast_recompile_fpga_di_inst|VectorAdd_std_ic_inst|VectorAdd_inst_0|kernel|theVectorAdd_function_aunroll_x|thebb_VectorAdd_B1_aunroll_x|thebb_VectorAdd_B1_stall_region|thei_llvm_fpga_mem_lm_vectoradd_113_5gr|thei_llvm_fpga_mem_lm_vectoradd_423_1gr|bursting_read|dout_fifo|ms.acl_mid_speed_fifo_inst|real_almost_empty.almost_empty_inst|acl_reset_handler_inst                                                                                                                                                                                                                                                                        ; acl_reset_handler                                                ; N/A          ;
;                                        |real_almost_full.almost_full_inst|                                                                                                             ; 7.4 (6.1)            ; 7.8 (6.4)                        ; 0.3 (0.3)                                         ; 0.0 (0.0)                        ; 0.0 (0.0)            ; 10 (10)             ; 12 (9)                    ; 0 (0)         ; 0                 ; 0     ; 0                        ; 0                                      ; 0                                                 ; 0    ; 0 (0)  ; fast_recompile_fpga_di_inst|VectorAdd_std_ic_inst|VectorAdd_inst_0|kernel|theVectorAdd_function_aunroll_x|thebb_VectorAdd_B1_aunroll_x|thebb_VectorAdd_B1_stall_region|thei_llvm_fpga_mem_lm_vectoradd_113_5gr|thei_llvm_fpga_mem_lm_vectoradd_423_1gr|bursting_read|dout_fifo|ms.acl_mid_speed_fifo_inst|real_almost_full.almost_full_inst                                                                                                                                                                                                                                                                                                 ; acl_tessellated_incr_decr_threshold                              ; N/A          ;
;                                           |acl_reset_handler_inst|                                                                                                                     ; 1.3 (1.3)            ; 1.3 (1.3)                        ; 0.0 (0.0)                                         ; 0.0 (0.0)                        ; 0.0 (0.0)            ; 0 (0)               ; 3 (3)                     ; 0 (0)         ; 0                 ; 0     ; 0                        ; 0                                      ; 0                                                 ; 0    ; 0 (0)  ; fast_recompile_fpga_di_inst|VectorAdd_std_ic_inst|VectorAdd_inst_0|kernel|theVectorAdd_function_aunroll_x|thebb_VectorAdd_B1_aunroll_x|thebb_VectorAdd_B1_stall_region|thei_llvm_fpga_mem_lm_vectoradd_113_5gr|thei_llvm_fpga_mem_lm_vectoradd_423_1gr|bursting_read|dout_fifo|ms.acl_mid_speed_fifo_inst|real_almost_full.almost_full_inst|acl_reset_handler_inst                                                                                                                                                                                                                                                                          ; acl_reset_handler                                                ; N/A          ;
;                                  |readdata_fifo|                                                                                                                                       ; 19.6 (0.0)           ; 24.8 (0.0)                       ; 5.3 (0.0)                                         ; 0.0 (0.0)                        ; 0.0 (0.0)            ; 29 (0)              ; 43 (0)                    ; 0 (0)         ; 32768             ; 2     ; 0                        ; 0                                      ; 0                                                 ; 0    ; 0 (0)  ; fast_recompile_fpga_di_inst|VectorAdd_std_ic_inst|VectorAdd_inst_0|kernel|theVectorAdd_function_aunroll_x|thebb_VectorAdd_B1_aunroll_x|thebb_VectorAdd_B1_stall_region|thei_llvm_fpga_mem_lm_vectoradd_113_5gr|thei_llvm_fpga_mem_lm_vectoradd_423_1gr|bursting_read|readdata_fifo                                                                                                                                                                                                                                                                                                                                                          ; hld_fifo                                                         ; N/A          ;
;                                     |ms.acl_mid_speed_fifo_inst|                                                                                                                       ; 19.6 (3.5)           ; 24.8 (4.2)                       ; 5.3 (0.7)                                         ; 0.0 (0.0)                        ; 0.0 (0.0)            ; 29 (8)              ; 43 (8)                    ; 0 (0)         ; 32768             ; 2     ; 0                        ; 0                                      ; 0                                                 ; 0    ; 0 (0)  ; fast_recompile_fpga_di_inst|VectorAdd_std_ic_inst|VectorAdd_inst_0|kernel|theVectorAdd_function_aunroll_x|thebb_VectorAdd_B1_aunroll_x|thebb_VectorAdd_B1_stall_region|thei_llvm_fpga_mem_lm_vectoradd_113_5gr|thei_llvm_fpga_mem_lm_vectoradd_423_1gr|bursting_read|readdata_fifo|ms.acl_mid_speed_fifo_inst                                                                                                                                                                                                                                                                                                                               ; acl_mid_speed_fifo                                               ; N/A          ;
;                                        |addr_match_inst|                                                                                                                               ; 10.7 (9.5)           ; 12.1 (10.6)                      ; 1.4 (1.1)                                         ; 0.0 (0.0)                        ; 0.0 (0.0)            ; 17 (17)             ; 17 (14)                   ; 0 (0)         ; 0                 ; 0     ; 0                        ; 0                                      ; 0                                                 ; 0    ; 0 (0)  ; fast_recompile_fpga_di_inst|VectorAdd_std_ic_inst|VectorAdd_inst_0|kernel|theVectorAdd_function_aunroll_x|thebb_VectorAdd_B1_aunroll_x|thebb_VectorAdd_B1_stall_region|thei_llvm_fpga_mem_lm_vectoradd_113_5gr|thei_llvm_fpga_mem_lm_vectoradd_423_1gr|bursting_read|readdata_fifo|ms.acl_mid_speed_fifo_inst|addr_match_inst                                                                                                                                                                                                                                                                                                               ; acl_tessellated_incr_decr_threshold                              ; N/A          ;
;                                           |acl_reset_handler_inst|                                                                                                                     ; 1.2 (1.2)            ; 1.5 (1.5)                        ; 0.3 (0.3)                                         ; 0.0 (0.0)                        ; 0.0 (0.0)            ; 0 (0)               ; 3 (3)                     ; 0 (0)         ; 0                 ; 0     ; 0                        ; 0                                      ; 0                                                 ; 0    ; 0 (0)  ; fast_recompile_fpga_di_inst|VectorAdd_std_ic_inst|VectorAdd_inst_0|kernel|theVectorAdd_function_aunroll_x|thebb_VectorAdd_B1_aunroll_x|thebb_VectorAdd_B1_stall_region|thei_llvm_fpga_mem_lm_vectoradd_113_5gr|thei_llvm_fpga_mem_lm_vectoradd_423_1gr|bursting_read|readdata_fifo|ms.acl_mid_speed_fifo_inst|addr_match_inst|acl_reset_handler_inst                                                                                                                                                                                                                                                                                        ; acl_reset_handler                                                ; N/A          ;
;                                        |gen_ram.gen_m20k.altera_syncram|                                                                                                               ; 0.0 (0.0)            ; 0.0 (0.0)                        ; 0.0 (0.0)                                         ; 0.0 (0.0)                        ; 0.0 (0.0)            ; 0 (0)               ; 0 (0)                     ; 0 (0)         ; 32768             ; 2     ; 0                        ; 0                                      ; 0                                                 ; 0    ; 0 (0)  ; fast_recompile_fpga_di_inst|VectorAdd_std_ic_inst|VectorAdd_inst_0|kernel|theVectorAdd_function_aunroll_x|thebb_VectorAdd_B1_aunroll_x|thebb_VectorAdd_B1_stall_region|thei_llvm_fpga_mem_lm_vectoradd_113_5gr|thei_llvm_fpga_mem_lm_vectoradd_423_1gr|bursting_read|readdata_fifo|ms.acl_mid_speed_fifo_inst|gen_ram.gen_m20k.altera_syncram                                                                                                                                                                                                                                                                                               ; altera_syncram                                                   ; N/A          ;
;                                           |auto_generated|                                                                                                                             ; 0.0 (0.0)            ; 0.0 (0.0)                        ; 0.0 (0.0)                                         ; 0.0 (0.0)                        ; 0.0 (0.0)            ; 0 (0)               ; 0 (0)                     ; 0 (0)         ; 32768             ; 2     ; 0                        ; 0                                      ; 0                                                 ; 0    ; 0 (0)  ; fast_recompile_fpga_di_inst|VectorAdd_std_ic_inst|VectorAdd_inst_0|kernel|theVectorAdd_function_aunroll_x|thebb_VectorAdd_B1_aunroll_x|thebb_VectorAdd_B1_stall_region|thei_llvm_fpga_mem_lm_vectoradd_113_5gr|thei_llvm_fpga_mem_lm_vectoradd_423_1gr|bursting_read|readdata_fifo|ms.acl_mid_speed_fifo_inst|gen_ram.gen_m20k.altera_syncram|auto_generated                                                                                                                                                                                                                                                                                ; altera_syncram_7oqu1                                             ; N/A          ;
;                                              |altera_syncram_impl1|                                                                                                                    ; 0.0 (0.0)            ; 0.0 (0.0)                        ; 0.0 (0.0)                                         ; 0.0 (0.0)                        ; 0.0 (0.0)            ; 0 (0)               ; 0 (0)                     ; 0 (0)         ; 32768             ; 2     ; 0                        ; 0                                      ; 0                                                 ; 0    ; 0 (0)  ; fast_recompile_fpga_di_inst|VectorAdd_std_ic_inst|VectorAdd_inst_0|kernel|theVectorAdd_function_aunroll_x|thebb_VectorAdd_B1_aunroll_x|thebb_VectorAdd_B1_stall_region|thei_llvm_fpga_mem_lm_vectoradd_113_5gr|thei_llvm_fpga_mem_lm_vectoradd_423_1gr|bursting_read|readdata_fifo|ms.acl_mid_speed_fifo_inst|gen_ram.gen_m20k.altera_syncram|auto_generated|altera_syncram_impl1                                                                                                                                                                                                                                                           ; altera_syncram_impl_akit                                         ; N/A          ;
;                                        |ram_rd_addr_inst|                                                                                                                              ; 2.7 (0.0)            ; 3.5 (0.0)                        ; 0.8 (0.0)                                         ; 0.0 (0.0)                        ; 0.0 (0.0)            ; 2 (0)               ; 9 (0)                     ; 0 (0)         ; 0                 ; 0     ; 0                        ; 0                                      ; 0                                                 ; 0    ; 0 (0)  ; fast_recompile_fpga_di_inst|VectorAdd_std_ic_inst|VectorAdd_inst_0|kernel|theVectorAdd_function_aunroll_x|thebb_VectorAdd_B1_aunroll_x|thebb_VectorAdd_B1_stall_region|thei_llvm_fpga_mem_lm_vectoradd_113_5gr|thei_llvm_fpga_mem_lm_vectoradd_423_1gr|bursting_read|readdata_fifo|ms.acl_mid_speed_fifo_inst|ram_rd_addr_inst                                                                                                                                                                                                                                                                                                              ; acl_lfsr                                                         ; N/A          ;
;                                           |lfsr_inst|                                                                                                                                  ; 2.7 (2.7)            ; 3.5 (3.5)                        ; 0.8 (0.8)                                         ; 0.0 (0.0)                        ; 0.0 (0.0)            ; 2 (2)               ; 9 (9)                     ; 0 (0)         ; 0                 ; 0     ; 0                        ; 0                                      ; 0                                                 ; 0    ; 0 (0)  ; fast_recompile_fpga_di_inst|VectorAdd_std_ic_inst|VectorAdd_inst_0|kernel|theVectorAdd_function_aunroll_x|thebb_VectorAdd_B1_aunroll_x|thebb_VectorAdd_B1_stall_region|thei_llvm_fpga_mem_lm_vectoradd_113_5gr|thei_llvm_fpga_mem_lm_vectoradd_423_1gr|bursting_read|readdata_fifo|ms.acl_mid_speed_fifo_inst|ram_rd_addr_inst|lfsr_inst                                                                                                                                                                                                                                                                                                    ; fibonacci_lfsr                                                   ; N/A          ;
;                                        |ram_wr_addr_inst|                                                                                                                              ; 2.6 (0.0)            ; 5.0 (0.0)                        ; 2.4 (0.0)                                         ; 0.0 (0.0)                        ; 0.0 (0.0)            ; 2 (0)               ; 9 (0)                     ; 0 (0)         ; 0                 ; 0     ; 0                        ; 0                                      ; 0                                                 ; 0    ; 0 (0)  ; fast_recompile_fpga_di_inst|VectorAdd_std_ic_inst|VectorAdd_inst_0|kernel|theVectorAdd_function_aunroll_x|thebb_VectorAdd_B1_aunroll_x|thebb_VectorAdd_B1_stall_region|thei_llvm_fpga_mem_lm_vectoradd_113_5gr|thei_llvm_fpga_mem_lm_vectoradd_423_1gr|bursting_read|readdata_fifo|ms.acl_mid_speed_fifo_inst|ram_wr_addr_inst                                                                                                                                                                                                                                                                                                              ; acl_lfsr                                                         ; N/A          ;
;                                           |lfsr_inst|                                                                                                                                  ; 2.6 (2.6)            ; 5.0 (5.0)                        ; 2.4 (2.4)                                         ; 0.0 (0.0)                        ; 0.0 (0.0)            ; 2 (2)               ; 9 (9)                     ; 0 (0)         ; 0                 ; 0     ; 0                        ; 0                                      ; 0                                                 ; 0    ; 0 (0)  ; fast_recompile_fpga_di_inst|VectorAdd_std_ic_inst|VectorAdd_inst_0|kernel|theVectorAdd_function_aunroll_x|thebb_VectorAdd_B1_aunroll_x|thebb_VectorAdd_B1_stall_region|thei_llvm_fpga_mem_lm_vectoradd_113_5gr|thei_llvm_fpga_mem_lm_vectoradd_423_1gr|bursting_read|readdata_fifo|ms.acl_mid_speed_fifo_inst|ram_wr_addr_inst|lfsr_inst                                                                                                                                                                                                                                                                                                    ; fibonacci_lfsr                                                   ; N/A          ;
;                                  |readdata_fifo_early_valid_detect|                                                                                                                    ; 11.9 (10.5)          ; 13.5 (12.0)                      ; 1.6 (1.5)                                         ; 0.0 (0.0)                        ; 0.0 (0.0)            ; 18 (18)             ; 17 (14)                   ; 0 (0)         ; 0                 ; 0     ; 0                        ; 0                                      ; 0                                                 ; 0    ; 0 (0)  ; fast_recompile_fpga_di_inst|VectorAdd_std_ic_inst|VectorAdd_inst_0|kernel|theVectorAdd_function_aunroll_x|thebb_VectorAdd_B1_aunroll_x|thebb_VectorAdd_B1_stall_region|thei_llvm_fpga_mem_lm_vectoradd_113_5gr|thei_llvm_fpga_mem_lm_vectoradd_423_1gr|bursting_read|readdata_fifo_early_valid_detect                                                                                                                                                                                                                                                                                                                                       ; acl_tessellated_incr_decr_threshold                              ; N/A          ;
;                                     |acl_reset_handler_inst|                                                                                                                           ; 1.4 (1.4)            ; 1.5 (1.5)                        ; 0.1 (0.1)                                         ; 0.0 (0.0)                        ; 0.0 (0.0)            ; 0 (0)               ; 3 (3)                     ; 0 (0)         ; 0                 ; 0     ; 0                        ; 0                                      ; 0                                                 ; 0    ; 0 (0)  ; fast_recompile_fpga_di_inst|VectorAdd_std_ic_inst|VectorAdd_inst_0|kernel|theVectorAdd_function_aunroll_x|thebb_VectorAdd_B1_aunroll_x|thebb_VectorAdd_B1_stall_region|thei_llvm_fpga_mem_lm_vectoradd_113_5gr|thei_llvm_fpga_mem_lm_vectoradd_423_1gr|bursting_read|readdata_fifo_early_valid_detect|acl_reset_handler_inst                                                                                                                                                                                                                                                                                                                ; acl_reset_handler                                                ; N/A          ;
;                                  |thread_fifo|                                                                                                                                         ; 22.9 (0.0)           ; 28.5 (0.0)                       ; 5.6 (0.0)                                         ; 0.0 (0.0)                        ; 0.0 (0.0)            ; 30 (0)              ; 41 (0)                    ; 0 (0)         ; 1536              ; 1     ; 0                        ; 0                                      ; 0                                                 ; 0    ; 0 (0)  ; fast_recompile_fpga_di_inst|VectorAdd_std_ic_inst|VectorAdd_inst_0|kernel|theVectorAdd_function_aunroll_x|thebb_VectorAdd_B1_aunroll_x|thebb_VectorAdd_B1_stall_region|thei_llvm_fpga_mem_lm_vectoradd_113_5gr|thei_llvm_fpga_mem_lm_vectoradd_423_1gr|bursting_read|thread_fifo                                                                                                                                                                                                                                                                                                                                                            ; hld_fifo                                                         ; N/A          ;
;                                     |ms.acl_mid_speed_fifo_inst|                                                                                                                       ; 22.9 (5.3)           ; 28.5 (5.8)                       ; 5.6 (0.5)                                         ; 0.0 (0.0)                        ; 0.0 (0.0)            ; 30 (8)              ; 41 (6)                    ; 0 (0)         ; 1536              ; 1     ; 0                        ; 0                                      ; 0                                                 ; 0    ; 0 (0)  ; fast_recompile_fpga_di_inst|VectorAdd_std_ic_inst|VectorAdd_inst_0|kernel|theVectorAdd_function_aunroll_x|thebb_VectorAdd_B1_aunroll_x|thebb_VectorAdd_B1_stall_region|thei_llvm_fpga_mem_lm_vectoradd_113_5gr|thei_llvm_fpga_mem_lm_vectoradd_423_1gr|bursting_read|thread_fifo|ms.acl_mid_speed_fifo_inst                                                                                                                                                                                                                                                                                                                                 ; acl_mid_speed_fifo                                               ; N/A          ;
;                                        |addr_match_inst|                                                                                                                               ; 11.6 (10.2)          ; 13.5 (12.0)                      ; 1.9 (1.8)                                         ; 0.0 (0.0)                        ; 0.0 (0.0)            ; 17 (17)             ; 17 (14)                   ; 0 (0)         ; 0                 ; 0     ; 0                        ; 0                                      ; 0                                                 ; 0    ; 0 (0)  ; fast_recompile_fpga_di_inst|VectorAdd_std_ic_inst|VectorAdd_inst_0|kernel|theVectorAdd_function_aunroll_x|thebb_VectorAdd_B1_aunroll_x|thebb_VectorAdd_B1_stall_region|thei_llvm_fpga_mem_lm_vectoradd_113_5gr|thei_llvm_fpga_mem_lm_vectoradd_423_1gr|bursting_read|thread_fifo|ms.acl_mid_speed_fifo_inst|addr_match_inst                                                                                                                                                                                                                                                                                                                 ; acl_tessellated_incr_decr_threshold                              ; N/A          ;
;                                           |acl_reset_handler_inst|                                                                                                                     ; 1.3 (1.3)            ; 1.5 (1.5)                        ; 0.2 (0.2)                                         ; 0.0 (0.0)                        ; 0.0 (0.0)            ; 0 (0)               ; 3 (3)                     ; 0 (0)         ; 0                 ; 0     ; 0                        ; 0                                      ; 0                                                 ; 0    ; 0 (0)  ; fast_recompile_fpga_di_inst|VectorAdd_std_ic_inst|VectorAdd_inst_0|kernel|theVectorAdd_function_aunroll_x|thebb_VectorAdd_B1_aunroll_x|thebb_VectorAdd_B1_stall_region|thei_llvm_fpga_mem_lm_vectoradd_113_5gr|thei_llvm_fpga_mem_lm_vectoradd_423_1gr|bursting_read|thread_fifo|ms.acl_mid_speed_fifo_inst|addr_match_inst|acl_reset_handler_inst                                                                                                                                                                                                                                                                                          ; acl_reset_handler                                                ; N/A          ;
;                                        |gen_ram.gen_m20k.altera_syncram|                                                                                                               ; 0.0 (0.0)            ; 0.0 (0.0)                        ; 0.0 (0.0)                                         ; 0.0 (0.0)                        ; 0.0 (0.0)            ; 0 (0)               ; 0 (0)                     ; 0 (0)         ; 1536              ; 1     ; 0                        ; 0                                      ; 0                                                 ; 0    ; 0 (0)  ; fast_recompile_fpga_di_inst|VectorAdd_std_ic_inst|VectorAdd_inst_0|kernel|theVectorAdd_function_aunroll_x|thebb_VectorAdd_B1_aunroll_x|thebb_VectorAdd_B1_stall_region|thei_llvm_fpga_mem_lm_vectoradd_113_5gr|thei_llvm_fpga_mem_lm_vectoradd_423_1gr|bursting_read|thread_fifo|ms.acl_mid_speed_fifo_inst|gen_ram.gen_m20k.altera_syncram                                                                                                                                                                                                                                                                                                 ; altera_syncram                                                   ; N/A          ;
;                                           |auto_generated|                                                                                                                             ; 0.0 (0.0)            ; 0.0 (0.0)                        ; 0.0 (0.0)                                         ; 0.0 (0.0)                        ; 0.0 (0.0)            ; 0 (0)               ; 0 (0)                     ; 0 (0)         ; 1536              ; 1     ; 0                        ; 0                                      ; 0                                                 ; 0    ; 0 (0)  ; fast_recompile_fpga_di_inst|VectorAdd_std_ic_inst|VectorAdd_inst_0|kernel|theVectorAdd_function_aunroll_x|thebb_VectorAdd_B1_aunroll_x|thebb_VectorAdd_B1_stall_region|thei_llvm_fpga_mem_lm_vectoradd_113_5gr|thei_llvm_fpga_mem_lm_vectoradd_423_1gr|bursting_read|thread_fifo|ms.acl_mid_speed_fifo_inst|gen_ram.gen_m20k.altera_syncram|auto_generated                                                                                                                                                                                                                                                                                  ; altera_syncram_iflh                                              ; N/A          ;
;                                              |altera_syncram_impl1|                                                                                                                    ; 0.0 (0.0)            ; 0.0 (0.0)                        ; 0.0 (0.0)                                         ; 0.0 (0.0)                        ; 0.0 (0.0)            ; 0 (0)               ; 0 (0)                     ; 0 (0)         ; 1536              ; 1     ; 0                        ; 0                                      ; 0                                                 ; 0    ; 0 (0)  ; fast_recompile_fpga_di_inst|VectorAdd_std_ic_inst|VectorAdd_inst_0|kernel|theVectorAdd_function_aunroll_x|thebb_VectorAdd_B1_aunroll_x|thebb_VectorAdd_B1_stall_region|thei_llvm_fpga_mem_lm_vectoradd_113_5gr|thei_llvm_fpga_mem_lm_vectoradd_423_1gr|bursting_read|thread_fifo|ms.acl_mid_speed_fifo_inst|gen_ram.gen_m20k.altera_syncram|auto_generated|altera_syncram_impl1                                                                                                                                                                                                                                                             ; altera_syncram_impl_mvur1                                        ; N/A          ;
;                                        |ram_rd_addr_inst|                                                                                                                              ; 3.5 (0.0)            ; 4.5 (0.0)                        ; 1.0 (0.0)                                         ; 0.0 (0.0)                        ; 0.0 (0.0)            ; 3 (0)               ; 9 (0)                     ; 0 (0)         ; 0                 ; 0     ; 0                        ; 0                                      ; 0                                                 ; 0    ; 0 (0)  ; fast_recompile_fpga_di_inst|VectorAdd_std_ic_inst|VectorAdd_inst_0|kernel|theVectorAdd_function_aunroll_x|thebb_VectorAdd_B1_aunroll_x|thebb_VectorAdd_B1_stall_region|thei_llvm_fpga_mem_lm_vectoradd_113_5gr|thei_llvm_fpga_mem_lm_vectoradd_423_1gr|bursting_read|thread_fifo|ms.acl_mid_speed_fifo_inst|ram_rd_addr_inst                                                                                                                                                                                                                                                                                                                ; acl_lfsr                                                         ; N/A          ;
;                                           |lfsr_inst|                                                                                                                                  ; 3.5 (3.5)            ; 4.5 (4.5)                        ; 1.0 (1.0)                                         ; 0.0 (0.0)                        ; 0.0 (0.0)            ; 3 (3)               ; 9 (9)                     ; 0 (0)         ; 0                 ; 0     ; 0                        ; 0                                      ; 0                                                 ; 0    ; 0 (0)  ; fast_recompile_fpga_di_inst|VectorAdd_std_ic_inst|VectorAdd_inst_0|kernel|theVectorAdd_function_aunroll_x|thebb_VectorAdd_B1_aunroll_x|thebb_VectorAdd_B1_stall_region|thei_llvm_fpga_mem_lm_vectoradd_113_5gr|thei_llvm_fpga_mem_lm_vectoradd_423_1gr|bursting_read|thread_fifo|ms.acl_mid_speed_fifo_inst|ram_rd_addr_inst|lfsr_inst                                                                                                                                                                                                                                                                                                      ; fibonacci_lfsr                                                   ; N/A          ;
;                                        |ram_wr_addr_inst|                                                                                                                              ; 2.5 (0.0)            ; 4.8 (0.0)                        ; 2.2 (0.0)                                         ; 0.0 (0.0)                        ; 0.0 (0.0)            ; 2 (0)               ; 9 (0)                     ; 0 (0)         ; 0                 ; 0     ; 0                        ; 0                                      ; 0                                                 ; 0    ; 0 (0)  ; fast_recompile_fpga_di_inst|VectorAdd_std_ic_inst|VectorAdd_inst_0|kernel|theVectorAdd_function_aunroll_x|thebb_VectorAdd_B1_aunroll_x|thebb_VectorAdd_B1_stall_region|thei_llvm_fpga_mem_lm_vectoradd_113_5gr|thei_llvm_fpga_mem_lm_vectoradd_423_1gr|bursting_read|thread_fifo|ms.acl_mid_speed_fifo_inst|ram_wr_addr_inst                                                                                                                                                                                                                                                                                                                ; acl_lfsr                                                         ; N/A          ;
;                                           |lfsr_inst|                                                                                                                                  ; 2.5 (2.5)            ; 4.8 (4.8)                        ; 2.2 (2.2)                                         ; 0.0 (0.0)                        ; 0.0 (0.0)            ; 2 (2)               ; 9 (9)                     ; 0 (0)         ; 0                 ; 0     ; 0                        ; 0                                      ; 0                                                 ; 0    ; 0 (0)  ; fast_recompile_fpga_di_inst|VectorAdd_std_ic_inst|VectorAdd_inst_0|kernel|theVectorAdd_function_aunroll_x|thebb_VectorAdd_B1_aunroll_x|thebb_VectorAdd_B1_stall_region|thei_llvm_fpga_mem_lm_vectoradd_113_5gr|thei_llvm_fpga_mem_lm_vectoradd_423_1gr|bursting_read|thread_fifo|ms.acl_mid_speed_fifo_inst|ram_wr_addr_inst|lfsr_inst                                                                                                                                                                                                                                                                                                      ; fibonacci_lfsr                                                   ; N/A          ;
;                                  |thread_fifo_almost_full|                                                                                                                             ; 12.2 (10.9)          ; 14.5 (12.7)                      ; 2.3 (1.8)                                         ; 0.0 (0.0)                        ; 0.0 (0.0)            ; 19 (18)             ; 21 (18)                   ; 0 (0)         ; 0                 ; 0     ; 0                        ; 0                                      ; 0                                                 ; 0    ; 0 (0)  ; fast_recompile_fpga_di_inst|VectorAdd_std_ic_inst|VectorAdd_inst_0|kernel|theVectorAdd_function_aunroll_x|thebb_VectorAdd_B1_aunroll_x|thebb_VectorAdd_B1_stall_region|thei_llvm_fpga_mem_lm_vectoradd_113_5gr|thei_llvm_fpga_mem_lm_vectoradd_423_1gr|bursting_read|thread_fifo_almost_full                                                                                                                                                                                                                                                                                                                                                ; acl_tessellated_incr_decr_threshold                              ; N/A          ;
;                                     |acl_reset_handler_inst|                                                                                                                           ; 1.3 (1.3)            ; 1.8 (1.8)                        ; 0.4 (0.4)                                         ; 0.0 (0.0)                        ; 0.0 (0.0)            ; 1 (1)               ; 3 (3)                     ; 0 (0)         ; 0                 ; 0     ; 0                        ; 0                                      ; 0                                                 ; 0    ; 0 (0)  ; fast_recompile_fpga_di_inst|VectorAdd_std_ic_inst|VectorAdd_inst_0|kernel|theVectorAdd_function_aunroll_x|thebb_VectorAdd_B1_aunroll_x|thebb_VectorAdd_B1_stall_region|thei_llvm_fpga_mem_lm_vectoradd_113_5gr|thei_llvm_fpga_mem_lm_vectoradd_423_1gr|bursting_read|thread_fifo_almost_full|acl_reset_handler_inst                                                                                                                                                                                                                                                                                                                         ; acl_reset_handler                                                ; N/A          ;
;                                  |thread_fifo_somewhat_full|                                                                                                                           ; 12.0 (10.2)          ; 13.2 (11.9)                      ; 1.7 (1.7)                                         ; 0.5 (0.0)                        ; 0.0 (0.0)            ; 18 (18)             ; 17 (14)                   ; 0 (0)         ; 0                 ; 0     ; 0                        ; 0                                      ; 0                                                 ; 0    ; 0 (0)  ; fast_recompile_fpga_di_inst|VectorAdd_std_ic_inst|VectorAdd_inst_0|kernel|theVectorAdd_function_aunroll_x|thebb_VectorAdd_B1_aunroll_x|thebb_VectorAdd_B1_stall_region|thei_llvm_fpga_mem_lm_vectoradd_113_5gr|thei_llvm_fpga_mem_lm_vectoradd_423_1gr|bursting_read|thread_fifo_somewhat_full                                                                                                                                                                                                                                                                                                                                              ; acl_tessellated_incr_decr_threshold                              ; N/A          ;
;                                     |acl_reset_handler_inst|                                                                                                                           ; 1.8 (1.8)            ; 1.3 (1.3)                        ; 0.0 (0.0)                                         ; 0.5 (0.5)                        ; 0.0 (0.0)            ; 0 (0)               ; 3 (3)                     ; 0 (0)         ; 0                 ; 0     ; 0                        ; 0                                      ; 0                                                 ; 0    ; 0 (0)  ; fast_recompile_fpga_di_inst|VectorAdd_std_ic_inst|VectorAdd_inst_0|kernel|theVectorAdd_function_aunroll_x|thebb_VectorAdd_B1_aunroll_x|thebb_VectorAdd_B1_stall_region|thei_llvm_fpga_mem_lm_vectoradd_113_5gr|thei_llvm_fpga_mem_lm_vectoradd_423_1gr|bursting_read|thread_fifo_somewhat_full|acl_reset_handler_inst                                                                                                                                                                                                                                                                                                                       ; acl_reset_handler                                                ; N/A          ;
;                            |therst_sync|                                                                                                                                               ; 2.3 (2.3)            ; 2.0 (2.0)                        ; 0.2 (0.2)                                         ; 0.5 (0.5)                        ; 0.0 (0.0)            ; 0 (0)               ; 6 (6)                     ; 0 (0)         ; 0                 ; 0     ; 0                        ; 0                                      ; 0                                                 ; 0    ; 0 (0)  ; fast_recompile_fpga_di_inst|VectorAdd_std_ic_inst|VectorAdd_inst_0|kernel|theVectorAdd_function_aunroll_x|thebb_VectorAdd_B1_aunroll_x|thebb_VectorAdd_B1_stall_region|thei_llvm_fpga_mem_lm_vectoradd_113_5gr|therst_sync                                                                                                                                                                                                                                                                                                                                                                                                                  ; acl_reset_handler                                                ; N/A          ;
;                         |thei_llvm_fpga_mem_unnamed_vectoradd5_vectoradd_113_10|                                                                                                       ; 237.4 (0.0)          ; 323.8 (0.0)                      ; 88.4 (0.0)                                        ; 2.0 (0.0)                        ; 0.0 (0.0)            ; 279 (0)             ; 776 (0)                   ; 0 (0)         ; 27136             ; 4     ; 0                        ; 0                                      ; 0                                                 ; 0    ; 0 (0)  ; fast_recompile_fpga_di_inst|VectorAdd_std_ic_inst|VectorAdd_inst_0|kernel|theVectorAdd_function_aunroll_x|thebb_VectorAdd_B1_aunroll_x|thebb_VectorAdd_B1_stall_region|thei_llvm_fpga_mem_unnamed_vectoradd5_vectoradd_113_10                                                                                                                                                                                                                                                                                                                                                                                                               ; VectorAdd_i_llvm_fpga_mem_unnamed_vectoradd5_vectoradd_472_0gr   ; N/A          ;
;                            |thei_llvm_fpga_mem_unnamed_vectoradd5_vectoradd_472_1gr|                                                                                                   ; 235.1 (0.5)          ; 321.3 (0.7)                      ; 87.7 (0.2)                                        ; 1.5 (0.0)                        ; 0.0 (0.0)            ; 279 (1)             ; 770 (1)                   ; 0 (0)         ; 27136             ; 4     ; 0                        ; 0                                      ; 0                                                 ; 0    ; 0 (0)  ; fast_recompile_fpga_di_inst|VectorAdd_std_ic_inst|VectorAdd_inst_0|kernel|theVectorAdd_function_aunroll_x|thebb_VectorAdd_B1_aunroll_x|thebb_VectorAdd_B1_stall_region|thei_llvm_fpga_mem_unnamed_vectoradd5_vectoradd_113_10|thei_llvm_fpga_mem_unnamed_vectoradd5_vectoradd_472_1gr                                                                                                                                                                                                                                                                                                                                                       ; lsu_top                                                          ; N/A          ;
;                               |acl_reset_handler_inst|                                                                                                                                 ; 0.0 (0.0)            ; 0.5 (0.5)                        ; 0.5 (0.5)                                         ; 0.0 (0.0)                        ; 0.0 (0.0)            ; 0 (0)               ; 1 (1)                     ; 0 (0)         ; 0                 ; 0     ; 0                        ; 0                                      ; 0                                                 ; 0    ; 0 (0)  ; fast_recompile_fpga_di_inst|VectorAdd_std_ic_inst|VectorAdd_inst_0|kernel|theVectorAdd_function_aunroll_x|thebb_VectorAdd_B1_aunroll_x|thebb_VectorAdd_B1_stall_region|thei_llvm_fpga_mem_unnamed_vectoradd5_vectoradd_113_10|thei_llvm_fpga_mem_unnamed_vectoradd5_vectoradd_472_1gr|acl_reset_handler_inst                                                                                                                                                                                                                                                                                                                                ; acl_reset_handler                                                ; N/A          ;
;                               |bursting_write|                                                                                                                                         ; 234.6 (122.5)        ; 320.2 (184.7)                    ; 87.0 (62.7)                                       ; 1.5 (0.5)                        ; 0.0 (0.0)            ; 278 (91)            ; 768 (575)                 ; 0 (0)         ; 27136             ; 4     ; 0                        ; 0                                      ; 0                                                 ; 0    ; 0 (0)  ; fast_recompile_fpga_di_inst|VectorAdd_std_ic_inst|VectorAdd_inst_0|kernel|theVectorAdd_function_aunroll_x|thebb_VectorAdd_B1_aunroll_x|thebb_VectorAdd_B1_stall_region|thei_llvm_fpga_mem_unnamed_vectoradd5_vectoradd_113_10|thei_llvm_fpga_mem_unnamed_vectoradd5_vectoradd_472_1gr|bursting_write                                                                                                                                                                                                                                                                                                                                        ; lsu_burst_coalesced_pipelined_write                              ; N/A          ;
;                                  |acl_has_pending_write_inst|                                                                                                                          ; 16.0 (16.0)          ; 16.2 (16.2)                      ; 0.2 (0.2)                                         ; 0.0 (0.0)                        ; 0.0 (0.0)            ; 32 (32)             ; 18 (18)                   ; 0 (0)         ; 0                 ; 0     ; 0                        ; 0                                      ; 0                                                 ; 0    ; 0 (0)  ; fast_recompile_fpga_di_inst|VectorAdd_std_ic_inst|VectorAdd_inst_0|kernel|theVectorAdd_function_aunroll_x|thebb_VectorAdd_B1_aunroll_x|thebb_VectorAdd_B1_stall_region|thei_llvm_fpga_mem_unnamed_vectoradd5_vectoradd_113_10|thei_llvm_fpga_mem_unnamed_vectoradd5_vectoradd_472_1gr|bursting_write|acl_has_pending_write_inst                                                                                                                                                                                                                                                                                                             ; acl_has_pending_write                                            ; N/A          ;
;                                  |acl_reset_handler_inst|                                                                                                                              ; 0.6 (0.6)            ; 1.0 (1.0)                        ; 0.4 (0.4)                                         ; 0.0 (0.0)                        ; 0.0 (0.0)            ; 0 (0)               ; 4 (4)                     ; 0 (0)         ; 0                 ; 0     ; 0                        ; 0                                      ; 0                                                 ; 0    ; 0 (0)  ; fast_recompile_fpga_di_inst|VectorAdd_std_ic_inst|VectorAdd_inst_0|kernel|theVectorAdd_function_aunroll_x|thebb_VectorAdd_B1_aunroll_x|thebb_VectorAdd_B1_stall_region|thei_llvm_fpga_mem_unnamed_vectoradd5_vectoradd_113_10|thei_llvm_fpga_mem_unnamed_vectoradd5_vectoradd_472_1gr|bursting_write|acl_reset_handler_inst                                                                                                                                                                                                                                                                                                                 ; acl_reset_handler                                                ; N/A          ;
;                                  |burst_fifo|                                                                                                                                          ; 12.2 (10.7)          ; 13.5 (12.2)                      ; 1.3 (1.5)                                         ; 0.0 (0.0)                        ; 0.0 (0.0)            ; 19 (19)             ; 16 (13)                   ; 0 (0)         ; 0                 ; 0     ; 0                        ; 0                                      ; 0                                                 ; 0    ; 0 (0)  ; fast_recompile_fpga_di_inst|VectorAdd_std_ic_inst|VectorAdd_inst_0|kernel|theVectorAdd_function_aunroll_x|thebb_VectorAdd_B1_aunroll_x|thebb_VectorAdd_B1_stall_region|thei_llvm_fpga_mem_unnamed_vectoradd5_vectoradd_113_10|thei_llvm_fpga_mem_unnamed_vectoradd5_vectoradd_472_1gr|bursting_write|burst_fifo                                                                                                                                                                                                                                                                                                                             ; acl_tessellated_incr_decr_threshold                              ; N/A          ;
;                                     |acl_reset_handler_inst|                                                                                                                           ; 1.2 (1.2)            ; 1.2 (1.2)                        ; 0.0 (0.0)                                         ; 0.0 (0.0)                        ; 0.0 (0.0)            ; 0 (0)               ; 3 (3)                     ; 0 (0)         ; 0                 ; 0     ; 0                        ; 0                                      ; 0                                                 ; 0    ; 0 (0)  ; fast_recompile_fpga_di_inst|VectorAdd_std_ic_inst|VectorAdd_inst_0|kernel|theVectorAdd_function_aunroll_x|thebb_VectorAdd_B1_aunroll_x|thebb_VectorAdd_B1_stall_region|thei_llvm_fpga_mem_unnamed_vectoradd5_vectoradd_113_10|thei_llvm_fpga_mem_unnamed_vectoradd5_vectoradd_472_1gr|bursting_write|burst_fifo|acl_reset_handler_inst                                                                                                                                                                                                                                                                                                      ; acl_reset_handler                                                ; N/A          ;
;                                  |control_fifo|                                                                                                                                        ; 22.3 (0.0)           ; 28.3 (0.0)                       ; 6.0 (0.0)                                         ; 0.0 (0.0)                        ; 0.0 (0.0)            ; 35 (0)              ; 38 (0)                    ; 0 (0)         ; 8448              ; 1     ; 0                        ; 0                                      ; 0                                                 ; 0    ; 0 (0)  ; fast_recompile_fpga_di_inst|VectorAdd_std_ic_inst|VectorAdd_inst_0|kernel|theVectorAdd_function_aunroll_x|thebb_VectorAdd_B1_aunroll_x|thebb_VectorAdd_B1_stall_region|thei_llvm_fpga_mem_unnamed_vectoradd5_vectoradd_113_10|thei_llvm_fpga_mem_unnamed_vectoradd5_vectoradd_472_1gr|bursting_write|control_fifo                                                                                                                                                                                                                                                                                                                           ; hld_fifo                                                         ; N/A          ;
;                                     |ms.acl_mid_speed_fifo_inst|                                                                                                                       ; 22.3 (4.1)           ; 28.3 (5.0)                       ; 6.0 (0.9)                                         ; 0.0 (0.0)                        ; 0.0 (0.0)            ; 35 (8)              ; 38 (6)                    ; 0 (0)         ; 8448              ; 1     ; 0                        ; 0                                      ; 0                                                 ; 0    ; 0 (0)  ; fast_recompile_fpga_di_inst|VectorAdd_std_ic_inst|VectorAdd_inst_0|kernel|theVectorAdd_function_aunroll_x|thebb_VectorAdd_B1_aunroll_x|thebb_VectorAdd_B1_stall_region|thei_llvm_fpga_mem_unnamed_vectoradd5_vectoradd_113_10|thei_llvm_fpga_mem_unnamed_vectoradd5_vectoradd_472_1gr|bursting_write|control_fifo|ms.acl_mid_speed_fifo_inst                                                                                                                                                                                                                                                                                                ; acl_mid_speed_fifo                                               ; N/A          ;
;                                        |addr_match_inst|                                                                                                                               ; 12.7 (11.2)          ; 14.3 (13.1)                      ; 1.6 (1.9)                                         ; 0.0 (0.0)                        ; 0.0 (0.0)            ; 19 (19)             ; 16 (13)                   ; 0 (0)         ; 0                 ; 0     ; 0                        ; 0                                      ; 0                                                 ; 0    ; 0 (0)  ; fast_recompile_fpga_di_inst|VectorAdd_std_ic_inst|VectorAdd_inst_0|kernel|theVectorAdd_function_aunroll_x|thebb_VectorAdd_B1_aunroll_x|thebb_VectorAdd_B1_stall_region|thei_llvm_fpga_mem_unnamed_vectoradd5_vectoradd_113_10|thei_llvm_fpga_mem_unnamed_vectoradd5_vectoradd_472_1gr|bursting_write|control_fifo|ms.acl_mid_speed_fifo_inst|addr_match_inst                                                                                                                                                                                                                                                                                ; acl_tessellated_incr_decr_threshold                              ; N/A          ;
;                                           |acl_reset_handler_inst|                                                                                                                     ; 1.2 (1.2)            ; 1.2 (1.2)                        ; 0.0 (0.0)                                         ; 0.0 (0.0)                        ; 0.0 (0.0)            ; 0 (0)               ; 3 (3)                     ; 0 (0)         ; 0                 ; 0     ; 0                        ; 0                                      ; 0                                                 ; 0    ; 0 (0)  ; fast_recompile_fpga_di_inst|VectorAdd_std_ic_inst|VectorAdd_inst_0|kernel|theVectorAdd_function_aunroll_x|thebb_VectorAdd_B1_aunroll_x|thebb_VectorAdd_B1_stall_region|thei_llvm_fpga_mem_unnamed_vectoradd5_vectoradd_113_10|thei_llvm_fpga_mem_unnamed_vectoradd5_vectoradd_472_1gr|bursting_write|control_fifo|ms.acl_mid_speed_fifo_inst|addr_match_inst|acl_reset_handler_inst                                                                                                                                                                                                                                                         ; acl_reset_handler                                                ; N/A          ;
;                                        |gen_ram.gen_m20k.altera_syncram|                                                                                                               ; 0.0 (0.0)            ; 0.0 (0.0)                        ; 0.0 (0.0)                                         ; 0.0 (0.0)                        ; 0.0 (0.0)            ; 0 (0)               ; 0 (0)                     ; 0 (0)         ; 8448              ; 1     ; 0                        ; 0                                      ; 0                                                 ; 0    ; 0 (0)  ; fast_recompile_fpga_di_inst|VectorAdd_std_ic_inst|VectorAdd_inst_0|kernel|theVectorAdd_function_aunroll_x|thebb_VectorAdd_B1_aunroll_x|thebb_VectorAdd_B1_stall_region|thei_llvm_fpga_mem_unnamed_vectoradd5_vectoradd_113_10|thei_llvm_fpga_mem_unnamed_vectoradd5_vectoradd_472_1gr|bursting_write|control_fifo|ms.acl_mid_speed_fifo_inst|gen_ram.gen_m20k.altera_syncram                                                                                                                                                                                                                                                                ; altera_syncram                                                   ; N/A          ;
;                                           |auto_generated|                                                                                                                             ; 0.0 (0.0)            ; 0.0 (0.0)                        ; 0.0 (0.0)                                         ; 0.0 (0.0)                        ; 0.0 (0.0)            ; 0 (0)               ; 0 (0)                     ; 0 (0)         ; 8448              ; 1     ; 0                        ; 0                                      ; 0                                                 ; 0    ; 0 (0)  ; fast_recompile_fpga_di_inst|VectorAdd_std_ic_inst|VectorAdd_inst_0|kernel|theVectorAdd_function_aunroll_x|thebb_VectorAdd_B1_aunroll_x|thebb_VectorAdd_B1_stall_region|thei_llvm_fpga_mem_unnamed_vectoradd5_vectoradd_113_10|thei_llvm_fpga_mem_unnamed_vectoradd5_vectoradd_472_1gr|bursting_write|control_fifo|ms.acl_mid_speed_fifo_inst|gen_ram.gen_m20k.altera_syncram|auto_generated                                                                                                                                                                                                                                                 ; altera_syncram_0s3s                                              ; N/A          ;
;                                              |altera_syncram_impl1|                                                                                                                    ; 0.0 (0.0)            ; 0.0 (0.0)                        ; 0.0 (0.0)                                         ; 0.0 (0.0)                        ; 0.0 (0.0)            ; 0 (0)               ; 0 (0)                     ; 0 (0)         ; 8448              ; 1     ; 0                        ; 0                                      ; 0                                                 ; 0    ; 0 (0)  ; fast_recompile_fpga_di_inst|VectorAdd_std_ic_inst|VectorAdd_inst_0|kernel|theVectorAdd_function_aunroll_x|thebb_VectorAdd_B1_aunroll_x|thebb_VectorAdd_B1_stall_region|thei_llvm_fpga_mem_unnamed_vectoradd5_vectoradd_113_10|thei_llvm_fpga_mem_unnamed_vectoradd5_vectoradd_472_1gr|bursting_write|control_fifo|ms.acl_mid_speed_fifo_inst|gen_ram.gen_m20k.altera_syncram|auto_generated|altera_syncram_impl1                                                                                                                                                                                                                            ; altera_syncram_impl_3ih02                                        ; N/A          ;
;                                        |ram_rd_addr_inst|                                                                                                                              ; 3.3 (0.0)            ; 5.0 (0.0)                        ; 1.7 (0.0)                                         ; 0.0 (0.0)                        ; 0.0 (0.0)            ; 4 (0)               ; 8 (0)                     ; 0 (0)         ; 0                 ; 0     ; 0                        ; 0                                      ; 0                                                 ; 0    ; 0 (0)  ; fast_recompile_fpga_di_inst|VectorAdd_std_ic_inst|VectorAdd_inst_0|kernel|theVectorAdd_function_aunroll_x|thebb_VectorAdd_B1_aunroll_x|thebb_VectorAdd_B1_stall_region|thei_llvm_fpga_mem_unnamed_vectoradd5_vectoradd_113_10|thei_llvm_fpga_mem_unnamed_vectoradd5_vectoradd_472_1gr|bursting_write|control_fifo|ms.acl_mid_speed_fifo_inst|ram_rd_addr_inst                                                                                                                                                                                                                                                                               ; acl_lfsr                                                         ; N/A          ;
;                                           |lfsr_inst|                                                                                                                                  ; 3.3 (3.3)            ; 5.0 (5.0)                        ; 1.7 (1.7)                                         ; 0.0 (0.0)                        ; 0.0 (0.0)            ; 4 (4)               ; 8 (8)                     ; 0 (0)         ; 0                 ; 0     ; 0                        ; 0                                      ; 0                                                 ; 0    ; 0 (0)  ; fast_recompile_fpga_di_inst|VectorAdd_std_ic_inst|VectorAdd_inst_0|kernel|theVectorAdd_function_aunroll_x|thebb_VectorAdd_B1_aunroll_x|thebb_VectorAdd_B1_stall_region|thei_llvm_fpga_mem_unnamed_vectoradd5_vectoradd_113_10|thei_llvm_fpga_mem_unnamed_vectoradd5_vectoradd_472_1gr|bursting_write|control_fifo|ms.acl_mid_speed_fifo_inst|ram_rd_addr_inst|lfsr_inst                                                                                                                                                                                                                                                                     ; galois_lfsr                                                      ; N/A          ;
;                                        |ram_wr_addr_inst|                                                                                                                              ; 2.2 (0.0)            ; 4.0 (0.0)                        ; 1.8 (0.0)                                         ; 0.0 (0.0)                        ; 0.0 (0.0)            ; 4 (0)               ; 8 (0)                     ; 0 (0)         ; 0                 ; 0     ; 0                        ; 0                                      ; 0                                                 ; 0    ; 0 (0)  ; fast_recompile_fpga_di_inst|VectorAdd_std_ic_inst|VectorAdd_inst_0|kernel|theVectorAdd_function_aunroll_x|thebb_VectorAdd_B1_aunroll_x|thebb_VectorAdd_B1_stall_region|thei_llvm_fpga_mem_unnamed_vectoradd5_vectoradd_113_10|thei_llvm_fpga_mem_unnamed_vectoradd5_vectoradd_472_1gr|bursting_write|control_fifo|ms.acl_mid_speed_fifo_inst|ram_wr_addr_inst                                                                                                                                                                                                                                                                               ; acl_lfsr                                                         ; N/A          ;
;                                           |lfsr_inst|                                                                                                                                  ; 2.2 (2.2)            ; 4.0 (4.0)                        ; 1.8 (1.8)                                         ; 0.0 (0.0)                        ; 0.0 (0.0)            ; 4 (4)               ; 8 (8)                     ; 0 (0)         ; 0                 ; 0     ; 0                        ; 0                                      ; 0                                                 ; 0    ; 0 (0)  ; fast_recompile_fpga_di_inst|VectorAdd_std_ic_inst|VectorAdd_inst_0|kernel|theVectorAdd_function_aunroll_x|thebb_VectorAdd_B1_aunroll_x|thebb_VectorAdd_B1_stall_region|thei_llvm_fpga_mem_unnamed_vectoradd5_vectoradd_113_10|thei_llvm_fpga_mem_unnamed_vectoradd5_vectoradd_472_1gr|bursting_write|control_fifo|ms.acl_mid_speed_fifo_inst|ram_wr_addr_inst|lfsr_inst                                                                                                                                                                                                                                                                     ; galois_lfsr                                                      ; N/A          ;
;                                  |data_fifo|                                                                                                                                           ; 18.5 (0.0)           ; 23.5 (0.0)                       ; 5.0 (0.0)                                         ; 0.0 (0.0)                        ; 0.0 (0.0)            ; 32 (0)              ; 39 (0)                    ; 0 (0)         ; 18432             ; 2     ; 0                        ; 0                                      ; 0                                                 ; 0    ; 0 (0)  ; fast_recompile_fpga_di_inst|VectorAdd_std_ic_inst|VectorAdd_inst_0|kernel|theVectorAdd_function_aunroll_x|thebb_VectorAdd_B1_aunroll_x|thebb_VectorAdd_B1_stall_region|thei_llvm_fpga_mem_unnamed_vectoradd5_vectoradd_113_10|thei_llvm_fpga_mem_unnamed_vectoradd5_vectoradd_472_1gr|bursting_write|data_fifo                                                                                                                                                                                                                                                                                                                              ; hld_fifo                                                         ; N/A          ;
;                                     |ms.acl_mid_speed_fifo_inst|                                                                                                                       ; 18.5 (4.0)           ; 23.5 (5.2)                       ; 5.0 (1.1)                                         ; 0.0 (0.0)                        ; 0.0 (0.0)            ; 32 (8)              ; 39 (7)                    ; 0 (0)         ; 18432             ; 2     ; 0                        ; 0                                      ; 0                                                 ; 0    ; 0 (0)  ; fast_recompile_fpga_di_inst|VectorAdd_std_ic_inst|VectorAdd_inst_0|kernel|theVectorAdd_function_aunroll_x|thebb_VectorAdd_B1_aunroll_x|thebb_VectorAdd_B1_stall_region|thei_llvm_fpga_mem_unnamed_vectoradd5_vectoradd_113_10|thei_llvm_fpga_mem_unnamed_vectoradd5_vectoradd_472_1gr|bursting_write|data_fifo|ms.acl_mid_speed_fifo_inst                                                                                                                                                                                                                                                                                                   ; acl_mid_speed_fifo                                               ; N/A          ;
;                                        |addr_match_inst|                                                                                                                               ; 9.6 (8.5)            ; 10.5 (9.3)                       ; 0.9 (0.8)                                         ; 0.0 (0.0)                        ; 0.0 (0.0)            ; 16 (16)             ; 16 (13)                   ; 0 (0)         ; 0                 ; 0     ; 0                        ; 0                                      ; 0                                                 ; 0    ; 0 (0)  ; fast_recompile_fpga_di_inst|VectorAdd_std_ic_inst|VectorAdd_inst_0|kernel|theVectorAdd_function_aunroll_x|thebb_VectorAdd_B1_aunroll_x|thebb_VectorAdd_B1_stall_region|thei_llvm_fpga_mem_unnamed_vectoradd5_vectoradd_113_10|thei_llvm_fpga_mem_unnamed_vectoradd5_vectoradd_472_1gr|bursting_write|data_fifo|ms.acl_mid_speed_fifo_inst|addr_match_inst                                                                                                                                                                                                                                                                                   ; acl_tessellated_incr_decr_threshold                              ; N/A          ;
;                                           |acl_reset_handler_inst|                                                                                                                     ; 1.1 (1.1)            ; 1.2 (1.2)                        ; 0.0 (0.0)                                         ; 0.0 (0.0)                        ; 0.0 (0.0)            ; 0 (0)               ; 3 (3)                     ; 0 (0)         ; 0                 ; 0     ; 0                        ; 0                                      ; 0                                                 ; 0    ; 0 (0)  ; fast_recompile_fpga_di_inst|VectorAdd_std_ic_inst|VectorAdd_inst_0|kernel|theVectorAdd_function_aunroll_x|thebb_VectorAdd_B1_aunroll_x|thebb_VectorAdd_B1_stall_region|thei_llvm_fpga_mem_unnamed_vectoradd5_vectoradd_113_10|thei_llvm_fpga_mem_unnamed_vectoradd5_vectoradd_472_1gr|bursting_write|data_fifo|ms.acl_mid_speed_fifo_inst|addr_match_inst|acl_reset_handler_inst                                                                                                                                                                                                                                                            ; acl_reset_handler                                                ; N/A          ;
;                                        |gen_ram.gen_m20k.altera_syncram|                                                                                                               ; 0.0 (0.0)            ; 0.0 (0.0)                        ; 0.0 (0.0)                                         ; 0.0 (0.0)                        ; 0.0 (0.0)            ; 0 (0)               ; 0 (0)                     ; 0 (0)         ; 18432             ; 2     ; 0                        ; 0                                      ; 0                                                 ; 0    ; 0 (0)  ; fast_recompile_fpga_di_inst|VectorAdd_std_ic_inst|VectorAdd_inst_0|kernel|theVectorAdd_function_aunroll_x|thebb_VectorAdd_B1_aunroll_x|thebb_VectorAdd_B1_stall_region|thei_llvm_fpga_mem_unnamed_vectoradd5_vectoradd_113_10|thei_llvm_fpga_mem_unnamed_vectoradd5_vectoradd_472_1gr|bursting_write|data_fifo|ms.acl_mid_speed_fifo_inst|gen_ram.gen_m20k.altera_syncram                                                                                                                                                                                                                                                                   ; altera_syncram                                                   ; N/A          ;
;                                           |auto_generated|                                                                                                                             ; 0.0 (0.0)            ; 0.0 (0.0)                        ; 0.0 (0.0)                                         ; 0.0 (0.0)                        ; 0.0 (0.0)            ; 0 (0)               ; 0 (0)                     ; 0 (0)         ; 18432             ; 2     ; 0                        ; 0                                      ; 0                                                 ; 0    ; 0 (0)  ; fast_recompile_fpga_di_inst|VectorAdd_std_ic_inst|VectorAdd_inst_0|kernel|theVectorAdd_function_aunroll_x|thebb_VectorAdd_B1_aunroll_x|thebb_VectorAdd_B1_stall_region|thei_llvm_fpga_mem_unnamed_vectoradd5_vectoradd_113_10|thei_llvm_fpga_mem_unnamed_vectoradd5_vectoradd_472_1gr|bursting_write|data_fifo|ms.acl_mid_speed_fifo_inst|gen_ram.gen_m20k.altera_syncram|auto_generated                                                                                                                                                                                                                                                    ; altera_syncram_aq812                                             ; N/A          ;
;                                              |altera_syncram_impl1|                                                                                                                    ; 0.0 (0.0)            ; 0.0 (0.0)                        ; 0.0 (0.0)                                         ; 0.0 (0.0)                        ; 0.0 (0.0)            ; 0 (0)               ; 0 (0)                     ; 0 (0)         ; 18432             ; 2     ; 0                        ; 0                                      ; 0                                                 ; 0    ; 0 (0)  ; fast_recompile_fpga_di_inst|VectorAdd_std_ic_inst|VectorAdd_inst_0|kernel|theVectorAdd_function_aunroll_x|thebb_VectorAdd_B1_aunroll_x|thebb_VectorAdd_B1_stall_region|thei_llvm_fpga_mem_unnamed_vectoradd5_vectoradd_113_10|thei_llvm_fpga_mem_unnamed_vectoradd5_vectoradd_472_1gr|bursting_write|data_fifo|ms.acl_mid_speed_fifo_inst|gen_ram.gen_m20k.altera_syncram|auto_generated|altera_syncram_impl1                                                                                                                                                                                                                               ; altera_syncram_impl_4pkt                                         ; N/A          ;
;                                        |ram_rd_addr_inst|                                                                                                                              ; 2.6 (0.0)            ; 3.3 (0.0)                        ; 0.8 (0.0)                                         ; 0.0 (0.0)                        ; 0.0 (0.0)            ; 4 (0)               ; 8 (0)                     ; 0 (0)         ; 0                 ; 0     ; 0                        ; 0                                      ; 0                                                 ; 0    ; 0 (0)  ; fast_recompile_fpga_di_inst|VectorAdd_std_ic_inst|VectorAdd_inst_0|kernel|theVectorAdd_function_aunroll_x|thebb_VectorAdd_B1_aunroll_x|thebb_VectorAdd_B1_stall_region|thei_llvm_fpga_mem_unnamed_vectoradd5_vectoradd_113_10|thei_llvm_fpga_mem_unnamed_vectoradd5_vectoradd_472_1gr|bursting_write|data_fifo|ms.acl_mid_speed_fifo_inst|ram_rd_addr_inst                                                                                                                                                                                                                                                                                  ; acl_lfsr                                                         ; N/A          ;
;                                           |lfsr_inst|                                                                                                                                  ; 2.6 (2.6)            ; 3.3 (3.3)                        ; 0.8 (0.8)                                         ; 0.0 (0.0)                        ; 0.0 (0.0)            ; 4 (4)               ; 8 (8)                     ; 0 (0)         ; 0                 ; 0     ; 0                        ; 0                                      ; 0                                                 ; 0    ; 0 (0)  ; fast_recompile_fpga_di_inst|VectorAdd_std_ic_inst|VectorAdd_inst_0|kernel|theVectorAdd_function_aunroll_x|thebb_VectorAdd_B1_aunroll_x|thebb_VectorAdd_B1_stall_region|thei_llvm_fpga_mem_unnamed_vectoradd5_vectoradd_113_10|thei_llvm_fpga_mem_unnamed_vectoradd5_vectoradd_472_1gr|bursting_write|data_fifo|ms.acl_mid_speed_fifo_inst|ram_rd_addr_inst|lfsr_inst                                                                                                                                                                                                                                                                        ; galois_lfsr                                                      ; N/A          ;
;                                        |ram_wr_addr_inst|                                                                                                                              ; 2.3 (0.0)            ; 4.5 (0.0)                        ; 2.2 (0.0)                                         ; 0.0 (0.0)                        ; 0.0 (0.0)            ; 4 (0)               ; 8 (0)                     ; 0 (0)         ; 0                 ; 0     ; 0                        ; 0                                      ; 0                                                 ; 0    ; 0 (0)  ; fast_recompile_fpga_di_inst|VectorAdd_std_ic_inst|VectorAdd_inst_0|kernel|theVectorAdd_function_aunroll_x|thebb_VectorAdd_B1_aunroll_x|thebb_VectorAdd_B1_stall_region|thei_llvm_fpga_mem_unnamed_vectoradd5_vectoradd_113_10|thei_llvm_fpga_mem_unnamed_vectoradd5_vectoradd_472_1gr|bursting_write|data_fifo|ms.acl_mid_speed_fifo_inst|ram_wr_addr_inst                                                                                                                                                                                                                                                                                  ; acl_lfsr                                                         ; N/A          ;
;                                           |lfsr_inst|                                                                                                                                  ; 2.3 (2.3)            ; 4.5 (4.5)                        ; 2.2 (2.2)                                         ; 0.0 (0.0)                        ; 0.0 (0.0)            ; 4 (4)               ; 8 (8)                     ; 0 (0)         ; 0                 ; 0     ; 0                        ; 0                                      ; 0                                                 ; 0    ; 0 (0)  ; fast_recompile_fpga_di_inst|VectorAdd_std_ic_inst|VectorAdd_inst_0|kernel|theVectorAdd_function_aunroll_x|thebb_VectorAdd_B1_aunroll_x|thebb_VectorAdd_B1_stall_region|thei_llvm_fpga_mem_unnamed_vectoradd5_vectoradd_113_10|thei_llvm_fpga_mem_unnamed_vectoradd5_vectoradd_472_1gr|bursting_write|data_fifo|ms.acl_mid_speed_fifo_inst|ram_wr_addr_inst|lfsr_inst                                                                                                                                                                                                                                                                        ; galois_lfsr                                                      ; N/A          ;
;                                  |last_fifo|                                                                                                                                           ; 19.1 (0.0)           ; 25.2 (0.0)                       ; 6.2 (0.0)                                         ; 0.0 (0.0)                        ; 0.0 (0.0)            ; 35 (0)              ; 39 (0)                    ; 0 (0)         ; 256               ; 1     ; 0                        ; 0                                      ; 0                                                 ; 0    ; 0 (0)  ; fast_recompile_fpga_di_inst|VectorAdd_std_ic_inst|VectorAdd_inst_0|kernel|theVectorAdd_function_aunroll_x|thebb_VectorAdd_B1_aunroll_x|thebb_VectorAdd_B1_stall_region|thei_llvm_fpga_mem_unnamed_vectoradd5_vectoradd_113_10|thei_llvm_fpga_mem_unnamed_vectoradd5_vectoradd_472_1gr|bursting_write|last_fifo                                                                                                                                                                                                                                                                                                                              ; hld_fifo                                                         ; N/A          ;
;                                     |ms.acl_mid_speed_fifo_inst|                                                                                                                       ; 19.1 (4.6)           ; 25.2 (5.5)                       ; 6.2 (0.9)                                         ; 0.0 (0.0)                        ; 0.0 (0.0)            ; 35 (10)             ; 39 (7)                    ; 0 (0)         ; 256               ; 1     ; 0                        ; 0                                      ; 0                                                 ; 0    ; 0 (0)  ; fast_recompile_fpga_di_inst|VectorAdd_std_ic_inst|VectorAdd_inst_0|kernel|theVectorAdd_function_aunroll_x|thebb_VectorAdd_B1_aunroll_x|thebb_VectorAdd_B1_stall_region|thei_llvm_fpga_mem_unnamed_vectoradd5_vectoradd_113_10|thei_llvm_fpga_mem_unnamed_vectoradd5_vectoradd_472_1gr|bursting_write|last_fifo|ms.acl_mid_speed_fifo_inst                                                                                                                                                                                                                                                                                                   ; acl_mid_speed_fifo                                               ; N/A          ;
;                                        |addr_match_inst|                                                                                                                               ; 9.8 (8.5)            ; 12.5 (11.0)                      ; 2.7 (2.5)                                         ; 0.0 (0.0)                        ; 0.0 (0.0)            ; 16 (16)             ; 16 (13)                   ; 0 (0)         ; 0                 ; 0     ; 0                        ; 0                                      ; 0                                                 ; 0    ; 0 (0)  ; fast_recompile_fpga_di_inst|VectorAdd_std_ic_inst|VectorAdd_inst_0|kernel|theVectorAdd_function_aunroll_x|thebb_VectorAdd_B1_aunroll_x|thebb_VectorAdd_B1_stall_region|thei_llvm_fpga_mem_unnamed_vectoradd5_vectoradd_113_10|thei_llvm_fpga_mem_unnamed_vectoradd5_vectoradd_472_1gr|bursting_write|last_fifo|ms.acl_mid_speed_fifo_inst|addr_match_inst                                                                                                                                                                                                                                                                                   ; acl_tessellated_incr_decr_threshold                              ; N/A          ;
;                                           |acl_reset_handler_inst|                                                                                                                     ; 1.3 (1.3)            ; 1.5 (1.5)                        ; 0.2 (0.2)                                         ; 0.0 (0.0)                        ; 0.0 (0.0)            ; 0 (0)               ; 3 (3)                     ; 0 (0)         ; 0                 ; 0     ; 0                        ; 0                                      ; 0                                                 ; 0    ; 0 (0)  ; fast_recompile_fpga_di_inst|VectorAdd_std_ic_inst|VectorAdd_inst_0|kernel|theVectorAdd_function_aunroll_x|thebb_VectorAdd_B1_aunroll_x|thebb_VectorAdd_B1_stall_region|thei_llvm_fpga_mem_unnamed_vectoradd5_vectoradd_113_10|thei_llvm_fpga_mem_unnamed_vectoradd5_vectoradd_472_1gr|bursting_write|last_fifo|ms.acl_mid_speed_fifo_inst|addr_match_inst|acl_reset_handler_inst                                                                                                                                                                                                                                                            ; acl_reset_handler                                                ; N/A          ;
;                                        |gen_ram.gen_m20k.altera_syncram|                                                                                                               ; 0.0 (0.0)            ; 0.0 (0.0)                        ; 0.0 (0.0)                                         ; 0.0 (0.0)                        ; 0.0 (0.0)            ; 0 (0)               ; 0 (0)                     ; 0 (0)         ; 256               ; 1     ; 0                        ; 0                                      ; 0                                                 ; 0    ; 0 (0)  ; fast_recompile_fpga_di_inst|VectorAdd_std_ic_inst|VectorAdd_inst_0|kernel|theVectorAdd_function_aunroll_x|thebb_VectorAdd_B1_aunroll_x|thebb_VectorAdd_B1_stall_region|thei_llvm_fpga_mem_unnamed_vectoradd5_vectoradd_113_10|thei_llvm_fpga_mem_unnamed_vectoradd5_vectoradd_472_1gr|bursting_write|last_fifo|ms.acl_mid_speed_fifo_inst|gen_ram.gen_m20k.altera_syncram                                                                                                                                                                                                                                                                   ; altera_syncram                                                   ; N/A          ;
;                                           |auto_generated|                                                                                                                             ; 0.0 (0.0)            ; 0.0 (0.0)                        ; 0.0 (0.0)                                         ; 0.0 (0.0)                        ; 0.0 (0.0)            ; 0 (0)               ; 0 (0)                     ; 0 (0)         ; 256               ; 1     ; 0                        ; 0                                      ; 0                                                 ; 0    ; 0 (0)  ; fast_recompile_fpga_di_inst|VectorAdd_std_ic_inst|VectorAdd_inst_0|kernel|theVectorAdd_function_aunroll_x|thebb_VectorAdd_B1_aunroll_x|thebb_VectorAdd_B1_stall_region|thei_llvm_fpga_mem_unnamed_vectoradd5_vectoradd_113_10|thei_llvm_fpga_mem_unnamed_vectoradd5_vectoradd_472_1gr|bursting_write|last_fifo|ms.acl_mid_speed_fifo_inst|gen_ram.gen_m20k.altera_syncram|auto_generated                                                                                                                                                                                                                                                    ; altera_syncram_adli1                                             ; N/A          ;
;                                              |altera_syncram_impl1|                                                                                                                    ; 0.0 (0.0)            ; 0.0 (0.0)                        ; 0.0 (0.0)                                         ; 0.0 (0.0)                        ; 0.0 (0.0)            ; 0 (0)               ; 0 (0)                     ; 0 (0)         ; 256               ; 1     ; 0                        ; 0                                      ; 0                                                 ; 0    ; 0 (0)  ; fast_recompile_fpga_di_inst|VectorAdd_std_ic_inst|VectorAdd_inst_0|kernel|theVectorAdd_function_aunroll_x|thebb_VectorAdd_B1_aunroll_x|thebb_VectorAdd_B1_stall_region|thei_llvm_fpga_mem_unnamed_vectoradd5_vectoradd_113_10|thei_llvm_fpga_mem_unnamed_vectoradd5_vectoradd_472_1gr|bursting_write|last_fifo|ms.acl_mid_speed_fifo_inst|gen_ram.gen_m20k.altera_syncram|auto_generated|altera_syncram_impl1                                                                                                                                                                                                                               ; altera_syncram_impl_2g4q                                         ; N/A          ;
;                                        |ram_rd_addr_inst|                                                                                                                              ; 2.2 (0.0)            ; 4.0 (0.0)                        ; 1.8 (0.0)                                         ; 0.0 (0.0)                        ; 0.0 (0.0)            ; 4 (0)               ; 8 (0)                     ; 0 (0)         ; 0                 ; 0     ; 0                        ; 0                                      ; 0                                                 ; 0    ; 0 (0)  ; fast_recompile_fpga_di_inst|VectorAdd_std_ic_inst|VectorAdd_inst_0|kernel|theVectorAdd_function_aunroll_x|thebb_VectorAdd_B1_aunroll_x|thebb_VectorAdd_B1_stall_region|thei_llvm_fpga_mem_unnamed_vectoradd5_vectoradd_113_10|thei_llvm_fpga_mem_unnamed_vectoradd5_vectoradd_472_1gr|bursting_write|last_fifo|ms.acl_mid_speed_fifo_inst|ram_rd_addr_inst                                                                                                                                                                                                                                                                                  ; acl_lfsr                                                         ; N/A          ;
;                                           |lfsr_inst|                                                                                                                                  ; 2.2 (2.2)            ; 4.0 (4.0)                        ; 1.8 (1.8)                                         ; 0.0 (0.0)                        ; 0.0 (0.0)            ; 4 (4)               ; 8 (8)                     ; 0 (0)         ; 0                 ; 0     ; 0                        ; 0                                      ; 0                                                 ; 0    ; 0 (0)  ; fast_recompile_fpga_di_inst|VectorAdd_std_ic_inst|VectorAdd_inst_0|kernel|theVectorAdd_function_aunroll_x|thebb_VectorAdd_B1_aunroll_x|thebb_VectorAdd_B1_stall_region|thei_llvm_fpga_mem_unnamed_vectoradd5_vectoradd_113_10|thei_llvm_fpga_mem_unnamed_vectoradd5_vectoradd_472_1gr|bursting_write|last_fifo|ms.acl_mid_speed_fifo_inst|ram_rd_addr_inst|lfsr_inst                                                                                                                                                                                                                                                                        ; galois_lfsr                                                      ; N/A          ;
;                                        |ram_wr_addr_inst|                                                                                                                              ; 2.5 (0.0)            ; 3.2 (0.0)                        ; 0.8 (0.0)                                         ; 0.0 (0.0)                        ; 0.0 (0.0)            ; 5 (0)               ; 8 (0)                     ; 0 (0)         ; 0                 ; 0     ; 0                        ; 0                                      ; 0                                                 ; 0    ; 0 (0)  ; fast_recompile_fpga_di_inst|VectorAdd_std_ic_inst|VectorAdd_inst_0|kernel|theVectorAdd_function_aunroll_x|thebb_VectorAdd_B1_aunroll_x|thebb_VectorAdd_B1_stall_region|thei_llvm_fpga_mem_unnamed_vectoradd5_vectoradd_113_10|thei_llvm_fpga_mem_unnamed_vectoradd5_vectoradd_472_1gr|bursting_write|last_fifo|ms.acl_mid_speed_fifo_inst|ram_wr_addr_inst                                                                                                                                                                                                                                                                                  ; acl_lfsr                                                         ; N/A          ;
;                                           |lfsr_inst|                                                                                                                                  ; 2.5 (2.5)            ; 3.2 (3.2)                        ; 0.8 (0.8)                                         ; 0.0 (0.0)                        ; 0.0 (0.0)            ; 5 (5)               ; 8 (8)                     ; 0 (0)         ; 0                 ; 0     ; 0                        ; 0                                      ; 0                                                 ; 0    ; 0 (0)  ; fast_recompile_fpga_di_inst|VectorAdd_std_ic_inst|VectorAdd_inst_0|kernel|theVectorAdd_function_aunroll_x|thebb_VectorAdd_B1_aunroll_x|thebb_VectorAdd_B1_stall_region|thei_llvm_fpga_mem_unnamed_vectoradd5_vectoradd_113_10|thei_llvm_fpga_mem_unnamed_vectoradd5_vectoradd_472_1gr|bursting_write|last_fifo|ms.acl_mid_speed_fifo_inst|ram_wr_addr_inst|lfsr_inst                                                                                                                                                                                                                                                                        ; galois_lfsr                                                      ; N/A          ;
;                                  |last_fifo_almost_full|                                                                                                                               ; 12.7 (10.7)          ; 15.0 (13.5)                      ; 2.8 (2.8)                                         ; 0.5 (0.0)                        ; 0.0 (0.0)            ; 17 (17)             ; 23 (20)                   ; 0 (0)         ; 0                 ; 0     ; 0                        ; 0                                      ; 0                                                 ; 0    ; 0 (0)  ; fast_recompile_fpga_di_inst|VectorAdd_std_ic_inst|VectorAdd_inst_0|kernel|theVectorAdd_function_aunroll_x|thebb_VectorAdd_B1_aunroll_x|thebb_VectorAdd_B1_stall_region|thei_llvm_fpga_mem_unnamed_vectoradd5_vectoradd_113_10|thei_llvm_fpga_mem_unnamed_vectoradd5_vectoradd_472_1gr|bursting_write|last_fifo_almost_full                                                                                                                                                                                                                                                                                                                  ; acl_tessellated_incr_decr_threshold                              ; N/A          ;
;                                     |acl_reset_handler_inst|                                                                                                                           ; 2.0 (2.0)            ; 1.5 (1.5)                        ; 0.0 (0.0)                                         ; 0.5 (0.5)                        ; 0.0 (0.0)            ; 0 (0)               ; 3 (3)                     ; 0 (0)         ; 0                 ; 0     ; 0                        ; 0                                      ; 0                                                 ; 0    ; 0 (0)  ; fast_recompile_fpga_di_inst|VectorAdd_std_ic_inst|VectorAdd_inst_0|kernel|theVectorAdd_function_aunroll_x|thebb_VectorAdd_B1_aunroll_x|thebb_VectorAdd_B1_stall_region|thei_llvm_fpga_mem_unnamed_vectoradd5_vectoradd_113_10|thei_llvm_fpga_mem_unnamed_vectoradd5_vectoradd_472_1gr|bursting_write|last_fifo_almost_full|acl_reset_handler_inst                                                                                                                                                                                                                                                                                           ; acl_reset_handler                                                ; N/A          ;
;                                  |last_fifo_somewhat_full|                                                                                                                             ; 10.7 (8.7)           ; 12.7 (11.4)                      ; 2.4 (2.7)                                         ; 0.5 (0.0)                        ; 0.0 (0.0)            ; 17 (17)             ; 16 (13)                   ; 0 (0)         ; 0                 ; 0     ; 0                        ; 0                                      ; 0                                                 ; 0    ; 0 (0)  ; fast_recompile_fpga_di_inst|VectorAdd_std_ic_inst|VectorAdd_inst_0|kernel|theVectorAdd_function_aunroll_x|thebb_VectorAdd_B1_aunroll_x|thebb_VectorAdd_B1_stall_region|thei_llvm_fpga_mem_unnamed_vectoradd5_vectoradd_113_10|thei_llvm_fpga_mem_unnamed_vectoradd5_vectoradd_472_1gr|bursting_write|last_fifo_somewhat_full                                                                                                                                                                                                                                                                                                                ; acl_tessellated_incr_decr_threshold                              ; N/A          ;
;                                     |acl_reset_handler_inst|                                                                                                                           ; 1.8 (1.8)            ; 1.2 (1.2)                        ; 0.0 (0.0)                                         ; 0.5 (0.5)                        ; 0.0 (0.0)            ; 0 (0)               ; 3 (3)                     ; 0 (0)         ; 0                 ; 0     ; 0                        ; 0                                      ; 0                                                 ; 0    ; 0 (0)  ; fast_recompile_fpga_di_inst|VectorAdd_std_ic_inst|VectorAdd_inst_0|kernel|theVectorAdd_function_aunroll_x|thebb_VectorAdd_B1_aunroll_x|thebb_VectorAdd_B1_stall_region|thei_llvm_fpga_mem_unnamed_vectoradd5_vectoradd_113_10|thei_llvm_fpga_mem_unnamed_vectoradd5_vectoradd_472_1gr|bursting_write|last_fifo_somewhat_full|acl_reset_handler_inst                                                                                                                                                                                                                                                                                         ; acl_reset_handler                                                ; N/A          ;
;                            |therst_sync|                                                                                                                                               ; 2.3 (2.3)            ; 2.5 (2.5)                        ; 0.7 (0.7)                                         ; 0.5 (0.5)                        ; 0.0 (0.0)            ; 0 (0)               ; 6 (6)                     ; 0 (0)         ; 0                 ; 0     ; 0                        ; 0                                      ; 0                                                 ; 0    ; 0 (0)  ; fast_recompile_fpga_di_inst|VectorAdd_std_ic_inst|VectorAdd_inst_0|kernel|theVectorAdd_function_aunroll_x|thebb_VectorAdd_B1_aunroll_x|thebb_VectorAdd_B1_stall_region|thei_llvm_fpga_mem_unnamed_vectoradd5_vectoradd_113_10|therst_sync                                                                                                                                                                                                                                                                                                                                                                                                   ; acl_reset_handler                                                ; N/A          ;
;                         |thei_sfc_s_c0_in_entry_vectoradds_c1_enter_vectoradd_113_3gr_aunroll_x|                                                                                       ; 58.9 (0.0)           ; 66.9 (0.0)                       ; 9.0 (0.0)                                         ; 1.0 (0.0)                        ; 10.0 (0.0)           ; 71 (0)              ; 95 (0)                    ; 0 (0)         ; 0                 ; 0     ; 0                        ; 0                                      ; 0                                                 ; 0    ; 0 (0)  ; fast_recompile_fpga_di_inst|VectorAdd_std_ic_inst|VectorAdd_inst_0|kernel|theVectorAdd_function_aunroll_x|thebb_VectorAdd_B1_aunroll_x|thebb_VectorAdd_B1_stall_region|thei_sfc_s_c0_in_entry_vectoradds_c1_enter_vectoradd_113_3gr_aunroll_x                                                                                                                                                                                                                                                                                                                                                                                               ; VectorAdd_i_sfc_s_c0_in_entry_vectoradds0000er_vectoradd_113_3gr ; N/A          ;
;                            |thei_llvm_fpga_sfc_exit_s_c0_in_for_body_i_vectoradds_c1_exit_vectoradd_398_1gr_aunroll_x|                                                                 ; 56.0 (0.5)           ; 64.2 (0.5)                       ; 8.7 (0.0)                                         ; 0.5 (0.0)                        ; 10.0 (0.0)           ; 70 (1)              ; 88 (2)                    ; 0 (0)         ; 0                 ; 0     ; 0                        ; 0                                      ; 0                                                 ; 0    ; 0 (0)  ; fast_recompile_fpga_di_inst|VectorAdd_std_ic_inst|VectorAdd_inst_0|kernel|theVectorAdd_function_aunroll_x|thebb_VectorAdd_B1_aunroll_x|thebb_VectorAdd_B1_stall_region|thei_sfc_s_c0_in_entry_vectoradds_c1_enter_vectoradd_113_3gr_aunroll_x|thei_llvm_fpga_sfc_exit_s_c0_in_for_body_i_vectoradds_c1_exit_vectoradd_398_1gr_aunroll_x                                                                                                                                                                                                                                                                                                     ; VectorAdd_i_llvm_fpga_sfc_exit_s_c0_in_f0000it_vectoradd_414_0gr ; N/A          ;
;                               |thei_llvm_fpga_sfc_exit_s_c0_in_for_body_i_vectoradds_c1_exit_vectoradd_398_1gr_full_detector|                                                          ; 11.6 (0.0)           ; 13.4 (0.0)                       ; 1.9 (0.0)                                         ; 0.0 (0.0)                        ; 0.0 (0.0)            ; 16 (0)              ; 20 (0)                    ; 0 (0)         ; 0                 ; 0     ; 0                        ; 0                                      ; 0                                                 ; 0    ; 0 (0)  ; fast_recompile_fpga_di_inst|VectorAdd_std_ic_inst|VectorAdd_inst_0|kernel|theVectorAdd_function_aunroll_x|thebb_VectorAdd_B1_aunroll_x|thebb_VectorAdd_B1_stall_region|thei_sfc_s_c0_in_entry_vectoradds_c1_enter_vectoradd_113_3gr_aunroll_x|thei_llvm_fpga_sfc_exit_s_c0_in_for_body_i_vectoradds_c1_exit_vectoradd_398_1gr_aunroll_x|thei_llvm_fpga_sfc_exit_s_c0_in_for_body_i_vectoradds_c1_exit_vectoradd_398_1gr_full_detector                                                                                                                                                                                                       ; VectorAdd_i_llvm_fpga_sfc_exit_s_c0_in_f000098_1gr_full_detector ; N/A          ;
;                                  |thei_llvm_fpga_sfc_exit_s_c0_in_for_body_i_vectoradds_c1_exit_vectoradd_398_1gr_full_detector|                                                       ; 11.6 (0.0)           ; 13.4 (0.0)                       ; 1.9 (0.0)                                         ; 0.0 (0.0)                        ; 0.0 (0.0)            ; 16 (0)              ; 20 (0)                    ; 0 (0)         ; 0                 ; 0     ; 0                        ; 0                                      ; 0                                                 ; 0    ; 0 (0)  ; fast_recompile_fpga_di_inst|VectorAdd_std_ic_inst|VectorAdd_inst_0|kernel|theVectorAdd_function_aunroll_x|thebb_VectorAdd_B1_aunroll_x|thebb_VectorAdd_B1_stall_region|thei_sfc_s_c0_in_entry_vectoradds_c1_enter_vectoradd_113_3gr_aunroll_x|thei_llvm_fpga_sfc_exit_s_c0_in_for_body_i_vectoradds_c1_exit_vectoradd_398_1gr_aunroll_x|thei_llvm_fpga_sfc_exit_s_c0_in_for_body_i_vectoradds_c1_exit_vectoradd_398_1gr_full_detector|thei_llvm_fpga_sfc_exit_s_c0_in_for_body_i_vectoradds_c1_exit_vectoradd_398_1gr_full_detector                                                                                                         ; acl_full_detector                                                ; N/A          ;
;                                     |acl_reset_handler_inst|                                                                                                                           ; 3.4 (3.4)            ; 4.0 (4.0)                        ; 0.6 (0.6)                                         ; 0.0 (0.0)                        ; 0.0 (0.0)            ; 5 (5)               ; 5 (5)                     ; 0 (0)         ; 0                 ; 0     ; 0                        ; 0                                      ; 0                                                 ; 0    ; 0 (0)  ; fast_recompile_fpga_di_inst|VectorAdd_std_ic_inst|VectorAdd_inst_0|kernel|theVectorAdd_function_aunroll_x|thebb_VectorAdd_B1_aunroll_x|thebb_VectorAdd_B1_stall_region|thei_sfc_s_c0_in_entry_vectoradds_c1_enter_vectoradd_113_3gr_aunroll_x|thei_llvm_fpga_sfc_exit_s_c0_in_for_body_i_vectoradds_c1_exit_vectoradd_398_1gr_aunroll_x|thei_llvm_fpga_sfc_exit_s_c0_in_for_body_i_vectoradds_c1_exit_vectoradd_398_1gr_full_detector|thei_llvm_fpga_sfc_exit_s_c0_in_for_body_i_vectoradds_c1_exit_vectoradd_398_1gr_full_detector|acl_reset_handler_inst                                                                                  ; acl_reset_handler                                                ; N/A          ;
;                                     |fast_incr_decr_counter|                                                                                                                           ; 8.2 (6.7)            ; 9.4 (7.9)                        ; 1.2 (1.2)                                         ; 0.0 (0.0)                        ; 0.0 (0.0)            ; 11 (11)             ; 15 (12)                   ; 0 (0)         ; 0                 ; 0     ; 0                        ; 0                                      ; 0                                                 ; 0    ; 0 (0)  ; fast_recompile_fpga_di_inst|VectorAdd_std_ic_inst|VectorAdd_inst_0|kernel|theVectorAdd_function_aunroll_x|thebb_VectorAdd_B1_aunroll_x|thebb_VectorAdd_B1_stall_region|thei_sfc_s_c0_in_entry_vectoradds_c1_enter_vectoradd_113_3gr_aunroll_x|thei_llvm_fpga_sfc_exit_s_c0_in_for_body_i_vectoradds_c1_exit_vectoradd_398_1gr_aunroll_x|thei_llvm_fpga_sfc_exit_s_c0_in_for_body_i_vectoradds_c1_exit_vectoradd_398_1gr_full_detector|thei_llvm_fpga_sfc_exit_s_c0_in_for_body_i_vectoradds_c1_exit_vectoradd_398_1gr_full_detector|fast_incr_decr_counter                                                                                  ; acl_tessellated_incr_decr_threshold                              ; N/A          ;
;                                        |acl_reset_handler_inst|                                                                                                                        ; 1.5 (1.5)            ; 1.5 (1.5)                        ; 0.0 (0.0)                                         ; 0.0 (0.0)                        ; 0.0 (0.0)            ; 0 (0)               ; 3 (3)                     ; 0 (0)         ; 0                 ; 0     ; 0                        ; 0                                      ; 0                                                 ; 0    ; 0 (0)  ; fast_recompile_fpga_di_inst|VectorAdd_std_ic_inst|VectorAdd_inst_0|kernel|theVectorAdd_function_aunroll_x|thebb_VectorAdd_B1_aunroll_x|thebb_VectorAdd_B1_stall_region|thei_sfc_s_c0_in_entry_vectoradds_c1_enter_vectoradd_113_3gr_aunroll_x|thei_llvm_fpga_sfc_exit_s_c0_in_for_body_i_vectoradds_c1_exit_vectoradd_398_1gr_aunroll_x|thei_llvm_fpga_sfc_exit_s_c0_in_for_body_i_vectoradds_c1_exit_vectoradd_398_1gr_full_detector|thei_llvm_fpga_sfc_exit_s_c0_in_for_body_i_vectoradds_c1_exit_vectoradd_398_1gr_full_detector|fast_incr_decr_counter|acl_reset_handler_inst                                                           ; acl_reset_handler                                                ; N/A          ;
;                               |thei_llvm_fpga_sfc_exit_s_c0_in_for_body_i_vectoradds_c1_exit_vectoradd_414_1gr_data_fifo_aunroll_x|                                                    ; 43.9 (0.0)           ; 50.3 (0.0)                       ; 6.8 (0.0)                                         ; 0.5 (0.0)                        ; 10.0 (0.0)           ; 53 (0)              ; 66 (0)                    ; 0 (0)         ; 0                 ; 0     ; 0                        ; 0                                      ; 0                                                 ; 0    ; 0 (0)  ; fast_recompile_fpga_di_inst|VectorAdd_std_ic_inst|VectorAdd_inst_0|kernel|theVectorAdd_function_aunroll_x|thebb_VectorAdd_B1_aunroll_x|thebb_VectorAdd_B1_stall_region|thei_sfc_s_c0_in_entry_vectoradds_c1_enter_vectoradd_113_3gr_aunroll_x|thei_llvm_fpga_sfc_exit_s_c0_in_for_body_i_vectoradds_c1_exit_vectoradd_398_1gr_aunroll_x|thei_llvm_fpga_sfc_exit_s_c0_in_for_body_i_vectoradds_c1_exit_vectoradd_414_1gr_data_fifo_aunroll_x                                                                                                                                                                                                 ; VectorAdd_i_llvm_fpga_sfc_exit_s_c0_in_f0000dd_414_1gr_data_fifo ; N/A          ;
;                                  |thei_llvm_fpga_sfc_exit_s_c0_in_for_body_i_vectoradds_c1_exit_vectoradd_708_0gr|                                                                     ; 43.9 (0.0)           ; 50.3 (0.0)                       ; 6.8 (0.0)                                         ; 0.5 (0.0)                        ; 10.0 (0.0)           ; 53 (0)              ; 66 (0)                    ; 0 (0)         ; 0                 ; 0     ; 0                        ; 0                                      ; 0                                                 ; 0    ; 0 (0)  ; fast_recompile_fpga_di_inst|VectorAdd_std_ic_inst|VectorAdd_inst_0|kernel|theVectorAdd_function_aunroll_x|thebb_VectorAdd_B1_aunroll_x|thebb_VectorAdd_B1_stall_region|thei_sfc_s_c0_in_entry_vectoradds_c1_enter_vectoradd_113_3gr_aunroll_x|thei_llvm_fpga_sfc_exit_s_c0_in_for_body_i_vectoradds_c1_exit_vectoradd_398_1gr_aunroll_x|thei_llvm_fpga_sfc_exit_s_c0_in_for_body_i_vectoradds_c1_exit_vectoradd_414_1gr_data_fifo_aunroll_x|thei_llvm_fpga_sfc_exit_s_c0_in_for_body_i_vectoradds_c1_exit_vectoradd_708_0gr                                                                                                                 ; hld_fifo                                                         ; N/A          ;
;                                     |ms.acl_mid_speed_fifo_inst|                                                                                                                       ; 43.9 (4.4)           ; 50.3 (6.6)                       ; 6.8 (2.1)                                         ; 0.5 (0.0)                        ; 10.0 (0.0)           ; 53 (10)             ; 66 (13)                   ; 0 (0)         ; 0                 ; 0     ; 0                        ; 0                                      ; 0                                                 ; 0    ; 0 (0)  ; fast_recompile_fpga_di_inst|VectorAdd_std_ic_inst|VectorAdd_inst_0|kernel|theVectorAdd_function_aunroll_x|thebb_VectorAdd_B1_aunroll_x|thebb_VectorAdd_B1_stall_region|thei_sfc_s_c0_in_entry_vectoradds_c1_enter_vectoradd_113_3gr_aunroll_x|thei_llvm_fpga_sfc_exit_s_c0_in_for_body_i_vectoradds_c1_exit_vectoradd_398_1gr_aunroll_x|thei_llvm_fpga_sfc_exit_s_c0_in_for_body_i_vectoradds_c1_exit_vectoradd_414_1gr_data_fifo_aunroll_x|thei_llvm_fpga_sfc_exit_s_c0_in_for_body_i_vectoradds_c1_exit_vectoradd_708_0gr|ms.acl_mid_speed_fifo_inst                                                                                      ; acl_mid_speed_fifo                                               ; N/A          ;
;                                        |addr_match_inst|                                                                                                                               ; 7.8 (6.3)            ; 8.5 (7.0)                        ; 0.8 (0.8)                                         ; 0.0 (0.0)                        ; 0.0 (0.0)            ; 10 (10)             ; 11 (8)                    ; 0 (0)         ; 0                 ; 0     ; 0                        ; 0                                      ; 0                                                 ; 0    ; 0 (0)  ; fast_recompile_fpga_di_inst|VectorAdd_std_ic_inst|VectorAdd_inst_0|kernel|theVectorAdd_function_aunroll_x|thebb_VectorAdd_B1_aunroll_x|thebb_VectorAdd_B1_stall_region|thei_sfc_s_c0_in_entry_vectoradds_c1_enter_vectoradd_113_3gr_aunroll_x|thei_llvm_fpga_sfc_exit_s_c0_in_for_body_i_vectoradds_c1_exit_vectoradd_398_1gr_aunroll_x|thei_llvm_fpga_sfc_exit_s_c0_in_for_body_i_vectoradds_c1_exit_vectoradd_414_1gr_data_fifo_aunroll_x|thei_llvm_fpga_sfc_exit_s_c0_in_for_body_i_vectoradds_c1_exit_vectoradd_708_0gr|ms.acl_mid_speed_fifo_inst|addr_match_inst                                                                      ; acl_tessellated_incr_decr_threshold                              ; N/A          ;
;                                           |acl_reset_handler_inst|                                                                                                                     ; 1.5 (1.5)            ; 1.5 (1.5)                        ; 0.0 (0.0)                                         ; 0.0 (0.0)                        ; 0.0 (0.0)            ; 0 (0)               ; 3 (3)                     ; 0 (0)         ; 0                 ; 0     ; 0                        ; 0                                      ; 0                                                 ; 0    ; 0 (0)  ; fast_recompile_fpga_di_inst|VectorAdd_std_ic_inst|VectorAdd_inst_0|kernel|theVectorAdd_function_aunroll_x|thebb_VectorAdd_B1_aunroll_x|thebb_VectorAdd_B1_stall_region|thei_sfc_s_c0_in_entry_vectoradds_c1_enter_vectoradd_113_3gr_aunroll_x|thei_llvm_fpga_sfc_exit_s_c0_in_for_body_i_vectoradds_c1_exit_vectoradd_398_1gr_aunroll_x|thei_llvm_fpga_sfc_exit_s_c0_in_for_body_i_vectoradds_c1_exit_vectoradd_414_1gr_data_fifo_aunroll_x|thei_llvm_fpga_sfc_exit_s_c0_in_for_body_i_vectoradds_c1_exit_vectoradd_708_0gr|ms.acl_mid_speed_fifo_inst|addr_match_inst|acl_reset_handler_inst                                               ; acl_reset_handler                                                ; N/A          ;
;                                        |gen_ram.gen_mlab.altdpram_component|                                                                                                           ; 10.0 (0.0)           ; 10.0 (0.0)                       ; 0.0 (0.0)                                         ; 0.0 (0.0)                        ; 10.0 (0.0)           ; 0 (0)               ; 0 (0)                     ; 0 (0)         ; 0                 ; 0     ; 0                        ; 0                                      ; 0                                                 ; 0    ; 0 (0)  ; fast_recompile_fpga_di_inst|VectorAdd_std_ic_inst|VectorAdd_inst_0|kernel|theVectorAdd_function_aunroll_x|thebb_VectorAdd_B1_aunroll_x|thebb_VectorAdd_B1_stall_region|thei_sfc_s_c0_in_entry_vectoradds_c1_enter_vectoradd_113_3gr_aunroll_x|thei_llvm_fpga_sfc_exit_s_c0_in_for_body_i_vectoradds_c1_exit_vectoradd_398_1gr_aunroll_x|thei_llvm_fpga_sfc_exit_s_c0_in_for_body_i_vectoradds_c1_exit_vectoradd_414_1gr_data_fifo_aunroll_x|thei_llvm_fpga_sfc_exit_s_c0_in_for_body_i_vectoradds_c1_exit_vectoradd_708_0gr|ms.acl_mid_speed_fifo_inst|gen_ram.gen_mlab.altdpram_component                                                  ; altdpram                                                         ; N/A          ;
;                                           |auto_generated|                                                                                                                             ; 10.0 (10.0)          ; 10.0 (10.0)                      ; 0.0 (0.0)                                         ; 0.0 (0.0)                        ; 10.0 (10.0)          ; 0 (0)               ; 0 (0)                     ; 0 (0)         ; 0                 ; 0     ; 0                        ; 0                                      ; 0                                                 ; 0    ; 0 (0)  ; fast_recompile_fpga_di_inst|VectorAdd_std_ic_inst|VectorAdd_inst_0|kernel|theVectorAdd_function_aunroll_x|thebb_VectorAdd_B1_aunroll_x|thebb_VectorAdd_B1_stall_region|thei_sfc_s_c0_in_entry_vectoradds_c1_enter_vectoradd_113_3gr_aunroll_x|thei_llvm_fpga_sfc_exit_s_c0_in_for_body_i_vectoradds_c1_exit_vectoradd_398_1gr_aunroll_x|thei_llvm_fpga_sfc_exit_s_c0_in_for_body_i_vectoradds_c1_exit_vectoradd_414_1gr_data_fifo_aunroll_x|thei_llvm_fpga_sfc_exit_s_c0_in_for_body_i_vectoradds_c1_exit_vectoradd_708_0gr|ms.acl_mid_speed_fifo_inst|gen_ram.gen_mlab.altdpram_component|auto_generated                                   ; dpram_6tu82                                                      ; N/A          ;
;                                        |ram_rd_addr_inst|                                                                                                                              ; 2.7 (0.0)            ; 3.0 (0.0)                        ; 0.3 (0.0)                                         ; 0.0 (0.0)                        ; 0.0 (0.0)            ; 6 (0)               ; 5 (0)                     ; 0 (0)         ; 0                 ; 0     ; 0                        ; 0                                      ; 0                                                 ; 0    ; 0 (0)  ; fast_recompile_fpga_di_inst|VectorAdd_std_ic_inst|VectorAdd_inst_0|kernel|theVectorAdd_function_aunroll_x|thebb_VectorAdd_B1_aunroll_x|thebb_VectorAdd_B1_stall_region|thei_sfc_s_c0_in_entry_vectoradds_c1_enter_vectoradd_113_3gr_aunroll_x|thei_llvm_fpga_sfc_exit_s_c0_in_for_body_i_vectoradds_c1_exit_vectoradd_398_1gr_aunroll_x|thei_llvm_fpga_sfc_exit_s_c0_in_for_body_i_vectoradds_c1_exit_vectoradd_414_1gr_data_fifo_aunroll_x|thei_llvm_fpga_sfc_exit_s_c0_in_for_body_i_vectoradds_c1_exit_vectoradd_708_0gr|ms.acl_mid_speed_fifo_inst|ram_rd_addr_inst                                                                     ; acl_lfsr                                                         ; N/A          ;
;                                           |lfsr_inst|                                                                                                                                  ; 2.7 (2.7)            ; 3.0 (3.0)                        ; 0.3 (0.3)                                         ; 0.0 (0.0)                        ; 0.0 (0.0)            ; 6 (6)               ; 5 (5)                     ; 0 (0)         ; 0                 ; 0     ; 0                        ; 0                                      ; 0                                                 ; 0    ; 0 (0)  ; fast_recompile_fpga_di_inst|VectorAdd_std_ic_inst|VectorAdd_inst_0|kernel|theVectorAdd_function_aunroll_x|thebb_VectorAdd_B1_aunroll_x|thebb_VectorAdd_B1_stall_region|thei_sfc_s_c0_in_entry_vectoradds_c1_enter_vectoradd_113_3gr_aunroll_x|thei_llvm_fpga_sfc_exit_s_c0_in_for_body_i_vectoradds_c1_exit_vectoradd_398_1gr_aunroll_x|thei_llvm_fpga_sfc_exit_s_c0_in_for_body_i_vectoradds_c1_exit_vectoradd_414_1gr_data_fifo_aunroll_x|thei_llvm_fpga_sfc_exit_s_c0_in_for_body_i_vectoradds_c1_exit_vectoradd_708_0gr|ms.acl_mid_speed_fifo_inst|ram_rd_addr_inst|lfsr_inst                                                           ; fibonacci_lfsr                                                   ; N/A          ;
;                                        |ram_wr_addr_inst|                                                                                                                              ; 2.8 (0.0)            ; 2.8 (0.0)                        ; 0.0 (0.0)                                         ; 0.0 (0.0)                        ; 0.0 (0.0)            ; 6 (0)               ; 5 (0)                     ; 0 (0)         ; 0                 ; 0     ; 0                        ; 0                                      ; 0                                                 ; 0    ; 0 (0)  ; fast_recompile_fpga_di_inst|VectorAdd_std_ic_inst|VectorAdd_inst_0|kernel|theVectorAdd_function_aunroll_x|thebb_VectorAdd_B1_aunroll_x|thebb_VectorAdd_B1_stall_region|thei_sfc_s_c0_in_entry_vectoradds_c1_enter_vectoradd_113_3gr_aunroll_x|thei_llvm_fpga_sfc_exit_s_c0_in_for_body_i_vectoradds_c1_exit_vectoradd_398_1gr_aunroll_x|thei_llvm_fpga_sfc_exit_s_c0_in_for_body_i_vectoradds_c1_exit_vectoradd_414_1gr_data_fifo_aunroll_x|thei_llvm_fpga_sfc_exit_s_c0_in_for_body_i_vectoradds_c1_exit_vectoradd_708_0gr|ms.acl_mid_speed_fifo_inst|ram_wr_addr_inst                                                                     ; acl_lfsr                                                         ; N/A          ;
;                                           |lfsr_inst|                                                                                                                                  ; 2.8 (2.8)            ; 2.8 (2.8)                        ; 0.0 (0.0)                                         ; 0.0 (0.0)                        ; 0.0 (0.0)            ; 6 (6)               ; 5 (5)                     ; 0 (0)         ; 0                 ; 0     ; 0                        ; 0                                      ; 0                                                 ; 0    ; 0 (0)  ; fast_recompile_fpga_di_inst|VectorAdd_std_ic_inst|VectorAdd_inst_0|kernel|theVectorAdd_function_aunroll_x|thebb_VectorAdd_B1_aunroll_x|thebb_VectorAdd_B1_stall_region|thei_sfc_s_c0_in_entry_vectoradds_c1_enter_vectoradd_113_3gr_aunroll_x|thei_llvm_fpga_sfc_exit_s_c0_in_for_body_i_vectoradds_c1_exit_vectoradd_398_1gr_aunroll_x|thei_llvm_fpga_sfc_exit_s_c0_in_for_body_i_vectoradds_c1_exit_vectoradd_414_1gr_data_fifo_aunroll_x|thei_llvm_fpga_sfc_exit_s_c0_in_for_body_i_vectoradds_c1_exit_vectoradd_708_0gr|ms.acl_mid_speed_fifo_inst|ram_wr_addr_inst|lfsr_inst                                                           ; fibonacci_lfsr                                                   ; N/A          ;
;                                        |real_almost_empty.almost_empty_inst|                                                                                                           ; 7.5 (6.0)            ; 9.5 (8.0)                        ; 2.0 (2.0)                                         ; 0.0 (0.0)                        ; 0.0 (0.0)            ; 11 (11)             ; 14 (11)                   ; 0 (0)         ; 0                 ; 0     ; 0                        ; 0                                      ; 0                                                 ; 0    ; 0 (0)  ; fast_recompile_fpga_di_inst|VectorAdd_std_ic_inst|VectorAdd_inst_0|kernel|theVectorAdd_function_aunroll_x|thebb_VectorAdd_B1_aunroll_x|thebb_VectorAdd_B1_stall_region|thei_sfc_s_c0_in_entry_vectoradds_c1_enter_vectoradd_113_3gr_aunroll_x|thei_llvm_fpga_sfc_exit_s_c0_in_for_body_i_vectoradds_c1_exit_vectoradd_398_1gr_aunroll_x|thei_llvm_fpga_sfc_exit_s_c0_in_for_body_i_vectoradds_c1_exit_vectoradd_414_1gr_data_fifo_aunroll_x|thei_llvm_fpga_sfc_exit_s_c0_in_for_body_i_vectoradds_c1_exit_vectoradd_708_0gr|ms.acl_mid_speed_fifo_inst|real_almost_empty.almost_empty_inst                                                  ; acl_tessellated_incr_decr_threshold                              ; N/A          ;
;                                           |acl_reset_handler_inst|                                                                                                                     ; 1.5 (1.5)            ; 1.5 (1.5)                        ; 0.0 (0.0)                                         ; 0.0 (0.0)                        ; 0.0 (0.0)            ; 0 (0)               ; 3 (3)                     ; 0 (0)         ; 0                 ; 0     ; 0                        ; 0                                      ; 0                                                 ; 0    ; 0 (0)  ; fast_recompile_fpga_di_inst|VectorAdd_std_ic_inst|VectorAdd_inst_0|kernel|theVectorAdd_function_aunroll_x|thebb_VectorAdd_B1_aunroll_x|thebb_VectorAdd_B1_stall_region|thei_sfc_s_c0_in_entry_vectoradds_c1_enter_vectoradd_113_3gr_aunroll_x|thei_llvm_fpga_sfc_exit_s_c0_in_for_body_i_vectoradds_c1_exit_vectoradd_398_1gr_aunroll_x|thei_llvm_fpga_sfc_exit_s_c0_in_for_body_i_vectoradds_c1_exit_vectoradd_414_1gr_data_fifo_aunroll_x|thei_llvm_fpga_sfc_exit_s_c0_in_for_body_i_vectoradds_c1_exit_vectoradd_708_0gr|ms.acl_mid_speed_fifo_inst|real_almost_empty.almost_empty_inst|acl_reset_handler_inst                           ; acl_reset_handler                                                ; N/A          ;
;                                        |real_almost_full.almost_full_inst|                                                                                                             ; 8.5 (6.5)            ; 9.9 (8.4)                        ; 1.9 (1.9)                                         ; 0.5 (0.0)                        ; 0.0 (0.0)            ; 10 (10)             ; 18 (15)                   ; 0 (0)         ; 0                 ; 0     ; 0                        ; 0                                      ; 0                                                 ; 0    ; 0 (0)  ; fast_recompile_fpga_di_inst|VectorAdd_std_ic_inst|VectorAdd_inst_0|kernel|theVectorAdd_function_aunroll_x|thebb_VectorAdd_B1_aunroll_x|thebb_VectorAdd_B1_stall_region|thei_sfc_s_c0_in_entry_vectoradds_c1_enter_vectoradd_113_3gr_aunroll_x|thei_llvm_fpga_sfc_exit_s_c0_in_for_body_i_vectoradds_c1_exit_vectoradd_398_1gr_aunroll_x|thei_llvm_fpga_sfc_exit_s_c0_in_for_body_i_vectoradds_c1_exit_vectoradd_414_1gr_data_fifo_aunroll_x|thei_llvm_fpga_sfc_exit_s_c0_in_for_body_i_vectoradds_c1_exit_vectoradd_708_0gr|ms.acl_mid_speed_fifo_inst|real_almost_full.almost_full_inst                                                    ; acl_tessellated_incr_decr_threshold                              ; N/A          ;
;                                           |acl_reset_handler_inst|                                                                                                                     ; 2.0 (2.0)            ; 1.5 (1.5)                        ; 0.0 (0.0)                                         ; 0.5 (0.5)                        ; 0.0 (0.0)            ; 0 (0)               ; 3 (3)                     ; 0 (0)         ; 0                 ; 0     ; 0                        ; 0                                      ; 0                                                 ; 0    ; 0 (0)  ; fast_recompile_fpga_di_inst|VectorAdd_std_ic_inst|VectorAdd_inst_0|kernel|theVectorAdd_function_aunroll_x|thebb_VectorAdd_B1_aunroll_x|thebb_VectorAdd_B1_stall_region|thei_sfc_s_c0_in_entry_vectoradds_c1_enter_vectoradd_113_3gr_aunroll_x|thei_llvm_fpga_sfc_exit_s_c0_in_for_body_i_vectoradds_c1_exit_vectoradd_398_1gr_aunroll_x|thei_llvm_fpga_sfc_exit_s_c0_in_for_body_i_vectoradds_c1_exit_vectoradd_414_1gr_data_fifo_aunroll_x|thei_llvm_fpga_sfc_exit_s_c0_in_for_body_i_vectoradds_c1_exit_vectoradd_708_0gr|ms.acl_mid_speed_fifo_inst|real_almost_full.almost_full_inst|acl_reset_handler_inst                             ; acl_reset_handler                                                ; N/A          ;
;                            |thei_sfc_logic_s_c0_in_entry_vectoradds_c1_enter_vectoradd_398_0gr_aunroll_x|                                                                              ; 0.3 (0.3)            ; 0.5 (0.5)                        ; 0.2 (0.2)                                         ; 0.0 (0.0)                        ; 0.0 (0.0)            ; 1 (1)               ; 1 (1)                     ; 0 (0)         ; 0                 ; 0     ; 0                        ; 0                                      ; 0                                                 ; 0    ; 0 (0)  ; fast_recompile_fpga_di_inst|VectorAdd_std_ic_inst|VectorAdd_inst_0|kernel|theVectorAdd_function_aunroll_x|thebb_VectorAdd_B1_aunroll_x|thebb_VectorAdd_B1_stall_region|thei_sfc_s_c0_in_entry_vectoradds_c1_enter_vectoradd_113_3gr_aunroll_x|thei_sfc_logic_s_c0_in_entry_vectoradds_c1_enter_vectoradd_398_0gr_aunroll_x                                                                                                                                                                                                                                                                                                                  ; VectorAdd_i_sfc_logic_s_c0_in_entry_vect0000er_vectoradd_398_0gr ; N/A          ;
;                            |therst_sync|                                                                                                                                               ; 2.7 (2.7)            ; 2.2 (2.2)                        ; 0.1 (0.1)                                         ; 0.5 (0.5)                        ; 0.0 (0.0)            ; 0 (0)               ; 6 (6)                     ; 0 (0)         ; 0                 ; 0     ; 0                        ; 0                                      ; 0                                                 ; 0    ; 0 (0)  ; fast_recompile_fpga_di_inst|VectorAdd_std_ic_inst|VectorAdd_inst_0|kernel|theVectorAdd_function_aunroll_x|thebb_VectorAdd_B1_aunroll_x|thebb_VectorAdd_B1_stall_region|thei_sfc_s_c0_in_entry_vectoradds_c1_enter_vectoradd_113_3gr_aunroll_x|therst_sync                                                                                                                                                                                                                                                                                                                                                                                   ; acl_reset_handler                                                ; N/A          ;
;                         |thei_sfc_s_c0_in_for_body_i_vectoradds_c0_enter111_vectoradd_113_1gr_aunroll_x|                                                                               ; 218.7 (0.2)          ; 278.2 (0.2)                      ; 65.1 (0.0)                                        ; 5.7 (0.0)                        ; 0.0 (0.0)            ; 494 (0)             ; 560 (1)                   ; 0 (0)         ; 51712             ; 3     ; 0                        ; 0                                      ; 0                                                 ; 0    ; 0 (0)  ; fast_recompile_fpga_di_inst|VectorAdd_std_ic_inst|VectorAdd_inst_0|kernel|theVectorAdd_function_aunroll_x|thebb_VectorAdd_B1_aunroll_x|thebb_VectorAdd_B1_stall_region|thei_sfc_s_c0_in_for_body_i_vectoradds_c0_enter111_vectoradd_113_1gr_aunroll_x                                                                                                                                                                                                                                                                                                                                                                                       ; VectorAdd_i_sfc_s_c0_in_for_body_i_vecto000011_vectoradd_113_1gr ; N/A          ;
;                            |thei_llvm_fpga_sfc_exit_s_c0_out_for_body_i_vectoradds_c0_exit12_vectoradd_120_1gr_aunroll_x|                                                              ; 68.7 (16.4)          ; 91.9 (26.8)                      ; 23.7 (10.3)                                       ; 0.5 (0.0)                        ; 0.0 (0.0)            ; 80 (3)              ; 210 (102)                 ; 0 (0)         ; 51712             ; 3     ; 0                        ; 0                                      ; 0                                                 ; 0    ; 0 (0)  ; fast_recompile_fpga_di_inst|VectorAdd_std_ic_inst|VectorAdd_inst_0|kernel|theVectorAdd_function_aunroll_x|thebb_VectorAdd_B1_aunroll_x|thebb_VectorAdd_B1_stall_region|thei_sfc_s_c0_in_for_body_i_vectoradds_c0_enter111_vectoradd_113_1gr_aunroll_x|thei_llvm_fpga_sfc_exit_s_c0_out_for_body_i_vectoradds_c0_exit12_vectoradd_120_1gr_aunroll_x                                                                                                                                                                                                                                                                                          ; VectorAdd_i_llvm_fpga_sfc_exit_s_c0_out_000012_vectoradd_371_0gr ; N/A          ;
;                               |thei_llvm_fpga_sfc_exit_s_c0_out_for_body_i_vectoradds_c0_exit12_vectoradd_120_1gr_full_detector|                                                       ; 18.8 (0.0)           ; 22.8 (0.0)                       ; 4.0 (0.0)                                         ; 0.0 (0.0)                        ; 0.0 (0.0)            ; 30 (0)              ; 40 (0)                    ; 0 (0)         ; 0                 ; 0     ; 0                        ; 0                                      ; 0                                                 ; 0    ; 0 (0)  ; fast_recompile_fpga_di_inst|VectorAdd_std_ic_inst|VectorAdd_inst_0|kernel|theVectorAdd_function_aunroll_x|thebb_VectorAdd_B1_aunroll_x|thebb_VectorAdd_B1_stall_region|thei_sfc_s_c0_in_for_body_i_vectoradds_c0_enter111_vectoradd_113_1gr_aunroll_x|thei_llvm_fpga_sfc_exit_s_c0_out_for_body_i_vectoradds_c0_exit12_vectoradd_120_1gr_aunroll_x|thei_llvm_fpga_sfc_exit_s_c0_out_for_body_i_vectoradds_c0_exit12_vectoradd_120_1gr_full_detector                                                                                                                                                                                         ; VectorAdd_i_llvm_fpga_sfc_exit_s_c0_out_000020_1gr_full_detector ; N/A          ;
;                                  |thei_llvm_fpga_sfc_exit_s_c0_out_for_body_i_vectoradds_c0_exit12_vectoradd_120_1gr_full_detector|                                                    ; 18.8 (0.0)           ; 22.8 (0.0)                       ; 4.0 (0.0)                                         ; 0.0 (0.0)                        ; 0.0 (0.0)            ; 30 (0)              ; 40 (0)                    ; 0 (0)         ; 0                 ; 0     ; 0                        ; 0                                      ; 0                                                 ; 0    ; 0 (0)  ; fast_recompile_fpga_di_inst|VectorAdd_std_ic_inst|VectorAdd_inst_0|kernel|theVectorAdd_function_aunroll_x|thebb_VectorAdd_B1_aunroll_x|thebb_VectorAdd_B1_stall_region|thei_sfc_s_c0_in_for_body_i_vectoradds_c0_enter111_vectoradd_113_1gr_aunroll_x|thei_llvm_fpga_sfc_exit_s_c0_out_for_body_i_vectoradds_c0_exit12_vectoradd_120_1gr_aunroll_x|thei_llvm_fpga_sfc_exit_s_c0_out_for_body_i_vectoradds_c0_exit12_vectoradd_120_1gr_full_detector|thei_llvm_fpga_sfc_exit_s_c0_out_for_body_i_vectoradds_c0_exit12_vectoradd_120_1gr_full_detector                                                                                        ; acl_full_detector                                                ; N/A          ;
;                                     |acl_reset_handler_inst|                                                                                                                           ; 3.4 (3.4)            ; 4.0 (4.0)                        ; 0.6 (0.6)                                         ; 0.0 (0.0)                        ; 0.0 (0.0)            ; 5 (5)               ; 5 (5)                     ; 0 (0)         ; 0                 ; 0     ; 0                        ; 0                                      ; 0                                                 ; 0    ; 0 (0)  ; fast_recompile_fpga_di_inst|VectorAdd_std_ic_inst|VectorAdd_inst_0|kernel|theVectorAdd_function_aunroll_x|thebb_VectorAdd_B1_aunroll_x|thebb_VectorAdd_B1_stall_region|thei_sfc_s_c0_in_for_body_i_vectoradds_c0_enter111_vectoradd_113_1gr_aunroll_x|thei_llvm_fpga_sfc_exit_s_c0_out_for_body_i_vectoradds_c0_exit12_vectoradd_120_1gr_aunroll_x|thei_llvm_fpga_sfc_exit_s_c0_out_for_body_i_vectoradds_c0_exit12_vectoradd_120_1gr_full_detector|thei_llvm_fpga_sfc_exit_s_c0_out_for_body_i_vectoradds_c0_exit12_vectoradd_120_1gr_full_detector|acl_reset_handler_inst                                                                 ; acl_reset_handler                                                ; N/A          ;
;                                     |fast_incr_decr_counter|                                                                                                                           ; 15.4 (11.3)          ; 18.8 (13.7)                      ; 3.4 (2.4)                                         ; 0.0 (0.0)                        ; 0.0 (0.0)            ; 25 (16)             ; 35 (25)                   ; 0 (0)         ; 0                 ; 0     ; 0                        ; 0                                      ; 0                                                 ; 0    ; 0 (0)  ; fast_recompile_fpga_di_inst|VectorAdd_std_ic_inst|VectorAdd_inst_0|kernel|theVectorAdd_function_aunroll_x|thebb_VectorAdd_B1_aunroll_x|thebb_VectorAdd_B1_stall_region|thei_sfc_s_c0_in_for_body_i_vectoradds_c0_enter111_vectoradd_113_1gr_aunroll_x|thei_llvm_fpga_sfc_exit_s_c0_out_for_body_i_vectoradds_c0_exit12_vectoradd_120_1gr_aunroll_x|thei_llvm_fpga_sfc_exit_s_c0_out_for_body_i_vectoradds_c0_exit12_vectoradd_120_1gr_full_detector|thei_llvm_fpga_sfc_exit_s_c0_out_for_body_i_vectoradds_c0_exit12_vectoradd_120_1gr_full_detector|fast_incr_decr_counter                                                                 ; acl_tessellated_incr_decr_decr                                   ; N/A          ;
;                                        |gen_tess_hi.acl_tessellated_incr_decr_inst|                                                                                                    ; 4.2 (4.2)            ; 5.2 (5.2)                        ; 1.0 (1.0)                                         ; 0.0 (0.0)                        ; 0.0 (0.0)            ; 9 (9)               ; 10 (10)                   ; 0 (0)         ; 0                 ; 0     ; 0                        ; 0                                      ; 0                                                 ; 0    ; 0 (0)  ; fast_recompile_fpga_di_inst|VectorAdd_std_ic_inst|VectorAdd_inst_0|kernel|theVectorAdd_function_aunroll_x|thebb_VectorAdd_B1_aunroll_x|thebb_VectorAdd_B1_stall_region|thei_sfc_s_c0_in_for_body_i_vectoradds_c0_enter111_vectoradd_113_1gr_aunroll_x|thei_llvm_fpga_sfc_exit_s_c0_out_for_body_i_vectoradds_c0_exit12_vectoradd_120_1gr_aunroll_x|thei_llvm_fpga_sfc_exit_s_c0_out_for_body_i_vectoradds_c0_exit12_vectoradd_120_1gr_full_detector|thei_llvm_fpga_sfc_exit_s_c0_out_for_body_i_vectoradds_c0_exit12_vectoradd_120_1gr_full_detector|fast_incr_decr_counter|gen_tess_hi.acl_tessellated_incr_decr_inst                      ; acl_tessellated_incr_decr                                        ; N/A          ;
;                               |thei_llvm_fpga_sfc_exit_s_c0_out_for_body_i_vectoradds_c0_exit12_vectoradd_371_1gr_data_fifo_aunroll_x|                                                 ; 33.5 (0.0)           ; 42.3 (0.0)                       ; 9.3 (0.0)                                         ; 0.5 (0.0)                        ; 0.0 (0.0)            ; 47 (0)              ; 68 (0)                    ; 0 (0)         ; 51712             ; 3     ; 0                        ; 0                                      ; 0                                                 ; 0    ; 0 (0)  ; fast_recompile_fpga_di_inst|VectorAdd_std_ic_inst|VectorAdd_inst_0|kernel|theVectorAdd_function_aunroll_x|thebb_VectorAdd_B1_aunroll_x|thebb_VectorAdd_B1_stall_region|thei_sfc_s_c0_in_for_body_i_vectoradds_c0_enter111_vectoradd_113_1gr_aunroll_x|thei_llvm_fpga_sfc_exit_s_c0_out_for_body_i_vectoradds_c0_exit12_vectoradd_120_1gr_aunroll_x|thei_llvm_fpga_sfc_exit_s_c0_out_for_body_i_vectoradds_c0_exit12_vectoradd_371_1gr_data_fifo_aunroll_x                                                                                                                                                                                   ; VectorAdd_i_llvm_fpga_sfc_exit_s_c0_out_0000dd_371_1gr_data_fifo ; N/A          ;
;                                  |thei_llvm_fpga_sfc_exit_s_c0_out_for_body_i_vectoradds_c0_exit12_vectoradd_661_0gr|                                                                  ; 33.5 (0.0)           ; 42.3 (0.0)                       ; 9.3 (0.0)                                         ; 0.5 (0.0)                        ; 0.0 (0.0)            ; 47 (0)              ; 68 (0)                    ; 0 (0)         ; 51712             ; 3     ; 0                        ; 0                                      ; 0                                                 ; 0    ; 0 (0)  ; fast_recompile_fpga_di_inst|VectorAdd_std_ic_inst|VectorAdd_inst_0|kernel|theVectorAdd_function_aunroll_x|thebb_VectorAdd_B1_aunroll_x|thebb_VectorAdd_B1_stall_region|thei_sfc_s_c0_in_for_body_i_vectoradds_c0_enter111_vectoradd_113_1gr_aunroll_x|thei_llvm_fpga_sfc_exit_s_c0_out_for_body_i_vectoradds_c0_exit12_vectoradd_120_1gr_aunroll_x|thei_llvm_fpga_sfc_exit_s_c0_out_for_body_i_vectoradds_c0_exit12_vectoradd_371_1gr_data_fifo_aunroll_x|thei_llvm_fpga_sfc_exit_s_c0_out_for_body_i_vectoradds_c0_exit12_vectoradd_661_0gr                                                                                                ; hld_fifo                                                         ; N/A          ;
;                                     |ms.acl_mid_speed_fifo_inst|                                                                                                                       ; 33.5 (4.2)           ; 42.3 (5.2)                       ; 9.3 (0.9)                                         ; 0.5 (0.0)                        ; 0.0 (0.0)            ; 47 (9)              ; 68 (9)                    ; 0 (0)         ; 51712             ; 3     ; 0                        ; 0                                      ; 0                                                 ; 0    ; 0 (0)  ; fast_recompile_fpga_di_inst|VectorAdd_std_ic_inst|VectorAdd_inst_0|kernel|theVectorAdd_function_aunroll_x|thebb_VectorAdd_B1_aunroll_x|thebb_VectorAdd_B1_stall_region|thei_sfc_s_c0_in_for_body_i_vectoradds_c0_enter111_vectoradd_113_1gr_aunroll_x|thei_llvm_fpga_sfc_exit_s_c0_out_for_body_i_vectoradds_c0_exit12_vectoradd_120_1gr_aunroll_x|thei_llvm_fpga_sfc_exit_s_c0_out_for_body_i_vectoradds_c0_exit12_vectoradd_371_1gr_data_fifo_aunroll_x|thei_llvm_fpga_sfc_exit_s_c0_out_for_body_i_vectoradds_c0_exit12_vectoradd_661_0gr|ms.acl_mid_speed_fifo_inst                                                                     ; acl_mid_speed_fifo                                               ; N/A          ;
;                                        |addr_match_inst|                                                                                                                               ; 11.9 (9.9)           ; 12.4 (11.2)                      ; 1.0 (1.4)                                         ; 0.5 (0.0)                        ; 0.0 (0.0)            ; 17 (17)             ; 17 (14)                   ; 0 (0)         ; 0                 ; 0     ; 0                        ; 0                                      ; 0                                                 ; 0    ; 0 (0)  ; fast_recompile_fpga_di_inst|VectorAdd_std_ic_inst|VectorAdd_inst_0|kernel|theVectorAdd_function_aunroll_x|thebb_VectorAdd_B1_aunroll_x|thebb_VectorAdd_B1_stall_region|thei_sfc_s_c0_in_for_body_i_vectoradds_c0_enter111_vectoradd_113_1gr_aunroll_x|thei_llvm_fpga_sfc_exit_s_c0_out_for_body_i_vectoradds_c0_exit12_vectoradd_120_1gr_aunroll_x|thei_llvm_fpga_sfc_exit_s_c0_out_for_body_i_vectoradds_c0_exit12_vectoradd_371_1gr_data_fifo_aunroll_x|thei_llvm_fpga_sfc_exit_s_c0_out_for_body_i_vectoradds_c0_exit12_vectoradd_661_0gr|ms.acl_mid_speed_fifo_inst|addr_match_inst                                                     ; acl_tessellated_incr_decr_threshold                              ; N/A          ;
;                                           |acl_reset_handler_inst|                                                                                                                     ; 1.7 (1.7)            ; 1.2 (1.2)                        ; 0.0 (0.0)                                         ; 0.5 (0.5)                        ; 0.0 (0.0)            ; 0 (0)               ; 3 (3)                     ; 0 (0)         ; 0                 ; 0     ; 0                        ; 0                                      ; 0                                                 ; 0    ; 0 (0)  ; fast_recompile_fpga_di_inst|VectorAdd_std_ic_inst|VectorAdd_inst_0|kernel|theVectorAdd_function_aunroll_x|thebb_VectorAdd_B1_aunroll_x|thebb_VectorAdd_B1_stall_region|thei_sfc_s_c0_in_for_body_i_vectoradds_c0_enter111_vectoradd_113_1gr_aunroll_x|thei_llvm_fpga_sfc_exit_s_c0_out_for_body_i_vectoradds_c0_exit12_vectoradd_120_1gr_aunroll_x|thei_llvm_fpga_sfc_exit_s_c0_out_for_body_i_vectoradds_c0_exit12_vectoradd_371_1gr_data_fifo_aunroll_x|thei_llvm_fpga_sfc_exit_s_c0_out_for_body_i_vectoradds_c0_exit12_vectoradd_661_0gr|ms.acl_mid_speed_fifo_inst|addr_match_inst|acl_reset_handler_inst                              ; acl_reset_handler                                                ; N/A          ;
;                                        |gen_ram.gen_m20k.altera_syncram|                                                                                                               ; 0.0 (0.0)            ; 0.0 (0.0)                        ; 0.0 (0.0)                                         ; 0.0 (0.0)                        ; 0.0 (0.0)            ; 0 (0)               ; 0 (0)                     ; 0 (0)         ; 51712             ; 3     ; 0                        ; 0                                      ; 0                                                 ; 0    ; 0 (0)  ; fast_recompile_fpga_di_inst|VectorAdd_std_ic_inst|VectorAdd_inst_0|kernel|theVectorAdd_function_aunroll_x|thebb_VectorAdd_B1_aunroll_x|thebb_VectorAdd_B1_stall_region|thei_sfc_s_c0_in_for_body_i_vectoradds_c0_enter111_vectoradd_113_1gr_aunroll_x|thei_llvm_fpga_sfc_exit_s_c0_out_for_body_i_vectoradds_c0_exit12_vectoradd_120_1gr_aunroll_x|thei_llvm_fpga_sfc_exit_s_c0_out_for_body_i_vectoradds_c0_exit12_vectoradd_371_1gr_data_fifo_aunroll_x|thei_llvm_fpga_sfc_exit_s_c0_out_for_body_i_vectoradds_c0_exit12_vectoradd_661_0gr|ms.acl_mid_speed_fifo_inst|gen_ram.gen_m20k.altera_syncram                                     ; altera_syncram                                                   ; N/A          ;
;                                           |auto_generated|                                                                                                                             ; 0.0 (0.0)            ; 0.0 (0.0)                        ; 0.0 (0.0)                                         ; 0.0 (0.0)                        ; 0.0 (0.0)            ; 0 (0)               ; 0 (0)                     ; 0 (0)         ; 51712             ; 3     ; 0                        ; 0                                      ; 0                                                 ; 0    ; 0 (0)  ; fast_recompile_fpga_di_inst|VectorAdd_std_ic_inst|VectorAdd_inst_0|kernel|theVectorAdd_function_aunroll_x|thebb_VectorAdd_B1_aunroll_x|thebb_VectorAdd_B1_stall_region|thei_sfc_s_c0_in_for_body_i_vectoradds_c0_enter111_vectoradd_113_1gr_aunroll_x|thei_llvm_fpga_sfc_exit_s_c0_out_for_body_i_vectoradds_c0_exit12_vectoradd_120_1gr_aunroll_x|thei_llvm_fpga_sfc_exit_s_c0_out_for_body_i_vectoradds_c0_exit12_vectoradd_371_1gr_data_fifo_aunroll_x|thei_llvm_fpga_sfc_exit_s_c0_out_for_body_i_vectoradds_c0_exit12_vectoradd_661_0gr|ms.acl_mid_speed_fifo_inst|gen_ram.gen_m20k.altera_syncram|auto_generated                      ; altera_syncram_k87o                                              ; N/A          ;
;                                              |altera_syncram_impl1|                                                                                                                    ; 0.0 (0.0)            ; 0.0 (0.0)                        ; 0.0 (0.0)                                         ; 0.0 (0.0)                        ; 0.0 (0.0)            ; 0 (0)               ; 0 (0)                     ; 0 (0)         ; 51712             ; 3     ; 0                        ; 0                                      ; 0                                                 ; 0    ; 0 (0)  ; fast_recompile_fpga_di_inst|VectorAdd_std_ic_inst|VectorAdd_inst_0|kernel|theVectorAdd_function_aunroll_x|thebb_VectorAdd_B1_aunroll_x|thebb_VectorAdd_B1_stall_region|thei_sfc_s_c0_in_for_body_i_vectoradds_c0_enter111_vectoradd_113_1gr_aunroll_x|thei_llvm_fpga_sfc_exit_s_c0_out_for_body_i_vectoradds_c0_exit12_vectoradd_120_1gr_aunroll_x|thei_llvm_fpga_sfc_exit_s_c0_out_for_body_i_vectoradds_c0_exit12_vectoradd_371_1gr_data_fifo_aunroll_x|thei_llvm_fpga_sfc_exit_s_c0_out_for_body_i_vectoradds_c0_exit12_vectoradd_661_0gr|ms.acl_mid_speed_fifo_inst|gen_ram.gen_m20k.altera_syncram|auto_generated|altera_syncram_impl1 ; altera_syncram_impl_3lu62                                        ; N/A          ;
;                                        |ram_rd_addr_inst|                                                                                                                              ; 2.5 (0.0)            ; 5.2 (0.0)                        ; 2.8 (0.0)                                         ; 0.0 (0.0)                        ; 0.0 (0.0)            ; 2 (0)               ; 9 (0)                     ; 0 (0)         ; 0                 ; 0     ; 0                        ; 0                                      ; 0                                                 ; 0    ; 0 (0)  ; fast_recompile_fpga_di_inst|VectorAdd_std_ic_inst|VectorAdd_inst_0|kernel|theVectorAdd_function_aunroll_x|thebb_VectorAdd_B1_aunroll_x|thebb_VectorAdd_B1_stall_region|thei_sfc_s_c0_in_for_body_i_vectoradds_c0_enter111_vectoradd_113_1gr_aunroll_x|thei_llvm_fpga_sfc_exit_s_c0_out_for_body_i_vectoradds_c0_exit12_vectoradd_120_1gr_aunroll_x|thei_llvm_fpga_sfc_exit_s_c0_out_for_body_i_vectoradds_c0_exit12_vectoradd_371_1gr_data_fifo_aunroll_x|thei_llvm_fpga_sfc_exit_s_c0_out_for_body_i_vectoradds_c0_exit12_vectoradd_661_0gr|ms.acl_mid_speed_fifo_inst|ram_rd_addr_inst                                                    ; acl_lfsr                                                         ; N/A          ;
;                                           |lfsr_inst|                                                                                                                                  ; 2.5 (2.5)            ; 5.2 (5.2)                        ; 2.8 (2.8)                                         ; 0.0 (0.0)                        ; 0.0 (0.0)            ; 2 (2)               ; 9 (9)                     ; 0 (0)         ; 0                 ; 0     ; 0                        ; 0                                      ; 0                                                 ; 0    ; 0 (0)  ; fast_recompile_fpga_di_inst|VectorAdd_std_ic_inst|VectorAdd_inst_0|kernel|theVectorAdd_function_aunroll_x|thebb_VectorAdd_B1_aunroll_x|thebb_VectorAdd_B1_stall_region|thei_sfc_s_c0_in_for_body_i_vectoradds_c0_enter111_vectoradd_113_1gr_aunroll_x|thei_llvm_fpga_sfc_exit_s_c0_out_for_body_i_vectoradds_c0_exit12_vectoradd_120_1gr_aunroll_x|thei_llvm_fpga_sfc_exit_s_c0_out_for_body_i_vectoradds_c0_exit12_vectoradd_371_1gr_data_fifo_aunroll_x|thei_llvm_fpga_sfc_exit_s_c0_out_for_body_i_vectoradds_c0_exit12_vectoradd_661_0gr|ms.acl_mid_speed_fifo_inst|ram_rd_addr_inst|lfsr_inst                                          ; fibonacci_lfsr                                                   ; N/A          ;
;                                        |ram_wr_addr_inst|                                                                                                                              ; 2.8 (0.0)            ; 5.0 (0.0)                        ; 2.2 (0.0)                                         ; 0.0 (0.0)                        ; 0.0 (0.0)            ; 2 (0)               ; 9 (0)                     ; 0 (0)         ; 0                 ; 0     ; 0                        ; 0                                      ; 0                                                 ; 0    ; 0 (0)  ; fast_recompile_fpga_di_inst|VectorAdd_std_ic_inst|VectorAdd_inst_0|kernel|theVectorAdd_function_aunroll_x|thebb_VectorAdd_B1_aunroll_x|thebb_VectorAdd_B1_stall_region|thei_sfc_s_c0_in_for_body_i_vectoradds_c0_enter111_vectoradd_113_1gr_aunroll_x|thei_llvm_fpga_sfc_exit_s_c0_out_for_body_i_vectoradds_c0_exit12_vectoradd_120_1gr_aunroll_x|thei_llvm_fpga_sfc_exit_s_c0_out_for_body_i_vectoradds_c0_exit12_vectoradd_371_1gr_data_fifo_aunroll_x|thei_llvm_fpga_sfc_exit_s_c0_out_for_body_i_vectoradds_c0_exit12_vectoradd_661_0gr|ms.acl_mid_speed_fifo_inst|ram_wr_addr_inst                                                    ; acl_lfsr                                                         ; N/A          ;
;                                           |lfsr_inst|                                                                                                                                  ; 2.8 (2.8)            ; 5.0 (5.0)                        ; 2.2 (2.2)                                         ; 0.0 (0.0)                        ; 0.0 (0.0)            ; 2 (2)               ; 9 (9)                     ; 0 (0)         ; 0                 ; 0     ; 0                        ; 0                                      ; 0                                                 ; 0    ; 0 (0)  ; fast_recompile_fpga_di_inst|VectorAdd_std_ic_inst|VectorAdd_inst_0|kernel|theVectorAdd_function_aunroll_x|thebb_VectorAdd_B1_aunroll_x|thebb_VectorAdd_B1_stall_region|thei_sfc_s_c0_in_for_body_i_vectoradds_c0_enter111_vectoradd_113_1gr_aunroll_x|thei_llvm_fpga_sfc_exit_s_c0_out_for_body_i_vectoradds_c0_exit12_vectoradd_120_1gr_aunroll_x|thei_llvm_fpga_sfc_exit_s_c0_out_for_body_i_vectoradds_c0_exit12_vectoradd_371_1gr_data_fifo_aunroll_x|thei_llvm_fpga_sfc_exit_s_c0_out_for_body_i_vectoradds_c0_exit12_vectoradd_661_0gr|ms.acl_mid_speed_fifo_inst|ram_wr_addr_inst|lfsr_inst                                          ; fibonacci_lfsr                                                   ; N/A          ;
;                                        |real_almost_full.almost_full_inst|                                                                                                             ; 12.1 (10.6)          ; 14.5 (13.0)                      ; 2.4 (2.4)                                         ; 0.0 (0.0)                        ; 0.0 (0.0)            ; 17 (17)             ; 24 (21)                   ; 0 (0)         ; 0                 ; 0     ; 0                        ; 0                                      ; 0                                                 ; 0    ; 0 (0)  ; fast_recompile_fpga_di_inst|VectorAdd_std_ic_inst|VectorAdd_inst_0|kernel|theVectorAdd_function_aunroll_x|thebb_VectorAdd_B1_aunroll_x|thebb_VectorAdd_B1_stall_region|thei_sfc_s_c0_in_for_body_i_vectoradds_c0_enter111_vectoradd_113_1gr_aunroll_x|thei_llvm_fpga_sfc_exit_s_c0_out_for_body_i_vectoradds_c0_exit12_vectoradd_120_1gr_aunroll_x|thei_llvm_fpga_sfc_exit_s_c0_out_for_body_i_vectoradds_c0_exit12_vectoradd_371_1gr_data_fifo_aunroll_x|thei_llvm_fpga_sfc_exit_s_c0_out_for_body_i_vectoradds_c0_exit12_vectoradd_661_0gr|ms.acl_mid_speed_fifo_inst|real_almost_full.almost_full_inst                                   ; acl_tessellated_incr_decr_threshold                              ; N/A          ;
;                                           |acl_reset_handler_inst|                                                                                                                     ; 1.5 (1.5)            ; 1.5 (1.5)                        ; 0.0 (0.0)                                         ; 0.0 (0.0)                        ; 0.0 (0.0)            ; 0 (0)               ; 3 (3)                     ; 0 (0)         ; 0                 ; 0     ; 0                        ; 0                                      ; 0                                                 ; 0    ; 0 (0)  ; fast_recompile_fpga_di_inst|VectorAdd_std_ic_inst|VectorAdd_inst_0|kernel|theVectorAdd_function_aunroll_x|thebb_VectorAdd_B1_aunroll_x|thebb_VectorAdd_B1_stall_region|thei_sfc_s_c0_in_for_body_i_vectoradds_c0_enter111_vectoradd_113_1gr_aunroll_x|thei_llvm_fpga_sfc_exit_s_c0_out_for_body_i_vectoradds_c0_exit12_vectoradd_120_1gr_aunroll_x|thei_llvm_fpga_sfc_exit_s_c0_out_for_body_i_vectoradds_c0_exit12_vectoradd_371_1gr_data_fifo_aunroll_x|thei_llvm_fpga_sfc_exit_s_c0_out_for_body_i_vectoradds_c0_exit12_vectoradd_661_0gr|ms.acl_mid_speed_fifo_inst|real_almost_full.almost_full_inst|acl_reset_handler_inst            ; acl_reset_handler                                                ; N/A          ;
;                            |thei_sfc_logic_s_c0_in_for_body_i_vectoradds_c0_enter111_vectoradd_120_0gr_aunroll_x|                                                                      ; 139.6 (106.5)        ; 171.7 (138.8)                    ; 36.4 (35.8)                                       ; 4.3 (3.5)                        ; 0.0 (0.0)            ; 402 (365)           ; 317 (211)                 ; 0 (0)         ; 0                 ; 0     ; 0                        ; 0                                      ; 0                                                 ; 0    ; 0 (0)  ; fast_recompile_fpga_di_inst|VectorAdd_std_ic_inst|VectorAdd_inst_0|kernel|theVectorAdd_function_aunroll_x|thebb_VectorAdd_B1_aunroll_x|thebb_VectorAdd_B1_stall_region|thei_sfc_s_c0_in_for_body_i_vectoradds_c0_enter111_vectoradd_113_1gr_aunroll_x|thei_sfc_logic_s_c0_in_for_body_i_vectoradds_c0_enter111_vectoradd_120_0gr_aunroll_x                                                                                                                                                                                                                                                                                                  ; VectorAdd_i_sfc_logic_s_c0_in_for_body_i000011_vectoradd_120_0gr ; N/A          ;
;                               |thei_llvm_fpga_push_i1_vectoradd_b1_next_iter_isreal_push_vectoradd_157_0gr_i_llvm_fpga_push_i1_vectoradd_b1_next_iter_isreal_push_vectoradd_157_1gr_x| ; 0.2 (0.0)            ; 0.5 (0.0)                        ; 0.3 (0.0)                                         ; 0.0 (0.0)                        ; 0.0 (0.0)            ; 1 (0)               ; 1 (0)                     ; 0 (0)         ; 0                 ; 0     ; 0                        ; 0                                      ; 0                                                 ; 0    ; 0 (0)  ; fast_recompile_fpga_di_inst|VectorAdd_std_ic_inst|VectorAdd_inst_0|kernel|theVectorAdd_function_aunroll_x|thebb_VectorAdd_B1_aunroll_x|thebb_VectorAdd_B1_stall_region|thei_sfc_s_c0_in_for_body_i_vectoradds_c0_enter111_vectoradd_113_1gr_aunroll_x|thei_sfc_logic_s_c0_in_for_body_i_vectoradds_c0_enter111_vectoradd_120_0gr_aunroll_x|thei_llvm_fpga_push_i1_vectoradd_b1_next_iter_isreal_push_vectoradd_157_0gr_i_llvm_fpga_push_i1_vectoradd_b1_next_iter_isreal_push_vectoradd_157_1gr_x                                                                                                                                           ; hld_fifo                                                         ; N/A          ;
;                                  |llreg.acl_low_latency_fifo_inst|                                                                                                                     ; 0.2 (0.2)            ; 0.5 (0.5)                        ; 0.3 (0.3)                                         ; 0.0 (0.0)                        ; 0.0 (0.0)            ; 1 (1)               ; 1 (1)                     ; 0 (0)         ; 0                 ; 0     ; 0                        ; 0                                      ; 0                                                 ; 0    ; 0 (0)  ; fast_recompile_fpga_di_inst|VectorAdd_std_ic_inst|VectorAdd_inst_0|kernel|theVectorAdd_function_aunroll_x|thebb_VectorAdd_B1_aunroll_x|thebb_VectorAdd_B1_stall_region|thei_sfc_s_c0_in_for_body_i_vectoradds_c0_enter111_vectoradd_113_1gr_aunroll_x|thei_sfc_logic_s_c0_in_for_body_i_vectoradds_c0_enter111_vectoradd_120_0gr_aunroll_x|thei_llvm_fpga_push_i1_vectoradd_b1_next_iter_isreal_push_vectoradd_157_0gr_i_llvm_fpga_push_i1_vectoradd_b1_next_iter_isreal_push_vectoradd_157_1gr_x|llreg.acl_low_latency_fifo_inst                                                                                                           ; acl_low_latency_fifo                                             ; N/A          ;
;                               |thei_llvm_fpga_push_i64_i_0_i201_push3_vectoradd_345_0gr_i_llvm_fpga_push_i64_i_0_i201_push3_vectoradd_345_1gr_x|                                       ; 8.2 (0.0)            ; 8.2 (0.0)                        ; 0.0 (0.0)                                         ; 0.0 (0.0)                        ; 0.0 (0.0)            ; 0 (0)               ; 33 (0)                    ; 0 (0)         ; 0                 ; 0     ; 0                        ; 0                                      ; 0                                                 ; 0    ; 0 (0)  ; fast_recompile_fpga_di_inst|VectorAdd_std_ic_inst|VectorAdd_inst_0|kernel|theVectorAdd_function_aunroll_x|thebb_VectorAdd_B1_aunroll_x|thebb_VectorAdd_B1_stall_region|thei_sfc_s_c0_in_for_body_i_vectoradds_c0_enter111_vectoradd_113_1gr_aunroll_x|thei_sfc_logic_s_c0_in_for_body_i_vectoradds_c0_enter111_vectoradd_120_0gr_aunroll_x|thei_llvm_fpga_push_i64_i_0_i201_push3_vectoradd_345_0gr_i_llvm_fpga_push_i64_i_0_i201_push3_vectoradd_345_1gr_x                                                                                                                                                                                 ; hld_fifo                                                         ; N/A          ;
;                                  |llreg.acl_low_latency_fifo_inst|                                                                                                                     ; 8.2 (8.2)            ; 8.2 (8.2)                        ; 0.0 (0.0)                                         ; 0.0 (0.0)                        ; 0.0 (0.0)            ; 0 (0)               ; 33 (33)                   ; 0 (0)         ; 0                 ; 0     ; 0                        ; 0                                      ; 0                                                 ; 0    ; 0 (0)  ; fast_recompile_fpga_di_inst|VectorAdd_std_ic_inst|VectorAdd_inst_0|kernel|theVectorAdd_function_aunroll_x|thebb_VectorAdd_B1_aunroll_x|thebb_VectorAdd_B1_stall_region|thei_sfc_s_c0_in_for_body_i_vectoradds_c0_enter111_vectoradd_113_1gr_aunroll_x|thei_sfc_logic_s_c0_in_for_body_i_vectoradds_c0_enter111_vectoradd_120_0gr_aunroll_x|thei_llvm_fpga_push_i64_i_0_i201_push3_vectoradd_345_0gr_i_llvm_fpga_push_i64_i_0_i201_push3_vectoradd_345_1gr_x|llreg.acl_low_latency_fifo_inst                                                                                                                                                 ; acl_low_latency_fifo                                             ; N/A          ;
;                               |thei_llvm_fpga_push_i65_fpga_indvars_iv_push2_vectoradd_361_0gr_i_llvm_fpga_push_i65_fpga_indvars_iv_push2_vectoradd_361_1gr_x|                         ; 24.5 (0.0)           ; 24.1 (0.0)                       ; 0.4 (0.0)                                         ; 0.8 (0.0)                        ; 0.0 (0.0)            ; 36 (0)              ; 72 (0)                    ; 0 (0)         ; 0                 ; 0     ; 0                        ; 0                                      ; 0                                                 ; 0    ; 0 (0)  ; fast_recompile_fpga_di_inst|VectorAdd_std_ic_inst|VectorAdd_inst_0|kernel|theVectorAdd_function_aunroll_x|thebb_VectorAdd_B1_aunroll_x|thebb_VectorAdd_B1_stall_region|thei_sfc_s_c0_in_for_body_i_vectoradds_c0_enter111_vectoradd_113_1gr_aunroll_x|thei_sfc_logic_s_c0_in_for_body_i_vectoradds_c0_enter111_vectoradd_120_0gr_aunroll_x|thei_llvm_fpga_push_i65_fpga_indvars_iv_push2_vectoradd_361_0gr_i_llvm_fpga_push_i65_fpga_indvars_iv_push2_vectoradd_361_1gr_x                                                                                                                                                                   ; hld_fifo                                                         ; N/A          ;
;                                  |zlreg.acl_zero_latency_fifo_inst|                                                                                                                    ; 24.5 (0.2)           ; 24.1 (0.5)                       ; 0.4 (0.3)                                         ; 0.8 (0.0)                        ; 0.0 (0.0)            ; 36 (1)              ; 72 (0)                    ; 0 (0)         ; 0                 ; 0     ; 0                        ; 0                                      ; 0                                                 ; 0    ; 0 (0)  ; fast_recompile_fpga_di_inst|VectorAdd_std_ic_inst|VectorAdd_inst_0|kernel|theVectorAdd_function_aunroll_x|thebb_VectorAdd_B1_aunroll_x|thebb_VectorAdd_B1_stall_region|thei_sfc_s_c0_in_for_body_i_vectoradds_c0_enter111_vectoradd_113_1gr_aunroll_x|thei_sfc_logic_s_c0_in_for_body_i_vectoradds_c0_enter111_vectoradd_120_0gr_aunroll_x|thei_llvm_fpga_push_i65_fpga_indvars_iv_push2_vectoradd_361_0gr_i_llvm_fpga_push_i65_fpga_indvars_iv_push2_vectoradd_361_1gr_x|zlreg.acl_zero_latency_fifo_inst                                                                                                                                  ; acl_zero_latency_fifo                                            ; N/A          ;
;                                     |ll_fifo_inst|                                                                                                                                     ; 24.4 (23.9)          ; 23.6 (23.1)                      ; 0.0 (0.0)                                         ; 0.8 (0.8)                        ; 0.0 (0.0)            ; 35 (35)             ; 72 (71)                   ; 0 (0)         ; 0                 ; 0     ; 0                        ; 0                                      ; 0                                                 ; 0    ; 0 (0)  ; fast_recompile_fpga_di_inst|VectorAdd_std_ic_inst|VectorAdd_inst_0|kernel|theVectorAdd_function_aunroll_x|thebb_VectorAdd_B1_aunroll_x|thebb_VectorAdd_B1_stall_region|thei_sfc_s_c0_in_for_body_i_vectoradds_c0_enter111_vectoradd_113_1gr_aunroll_x|thei_sfc_logic_s_c0_in_for_body_i_vectoradds_c0_enter111_vectoradd_120_0gr_aunroll_x|thei_llvm_fpga_push_i65_fpga_indvars_iv_push2_vectoradd_361_0gr_i_llvm_fpga_push_i65_fpga_indvars_iv_push2_vectoradd_361_1gr_x|zlreg.acl_zero_latency_fifo_inst|ll_fifo_inst                                                                                                                     ; acl_low_latency_fifo                                             ; N/A          ;
;                                        |acl_reset_handler_inst|                                                                                                                        ; 0.2 (0.2)            ; 0.5 (0.5)                        ; 0.3 (0.3)                                         ; 0.0 (0.0)                        ; 0.0 (0.0)            ; 0 (0)               ; 1 (1)                     ; 0 (0)         ; 0                 ; 0     ; 0                        ; 0                                      ; 0                                                 ; 0    ; 0 (0)  ; fast_recompile_fpga_di_inst|VectorAdd_std_ic_inst|VectorAdd_inst_0|kernel|theVectorAdd_function_aunroll_x|thebb_VectorAdd_B1_aunroll_x|thebb_VectorAdd_B1_stall_region|thei_sfc_s_c0_in_for_body_i_vectoradds_c0_enter111_vectoradd_113_1gr_aunroll_x|thei_sfc_logic_s_c0_in_for_body_i_vectoradds_c0_enter111_vectoradd_120_0gr_aunroll_x|thei_llvm_fpga_push_i65_fpga_indvars_iv_push2_vectoradd_361_0gr_i_llvm_fpga_push_i65_fpga_indvars_iv_push2_vectoradd_361_1gr_x|zlreg.acl_zero_latency_fifo_inst|ll_fifo_inst|acl_reset_handler_inst                                                                                              ; acl_reset_handler                                                ; N/A          ;
;                            |theloop_admit|                                                                                                                                             ; 8.0 (5.2)            ; 12.5 (7.8)                       ; 4.9 (2.7)                                         ; 0.3 (0.2)                        ; 0.0 (0.0)            ; 12 (7)              ; 27 (13)                   ; 0 (0)         ; 0                 ; 0     ; 0                        ; 0                                      ; 0                                                 ; 0    ; 0 (0)  ; fast_recompile_fpga_di_inst|VectorAdd_std_ic_inst|VectorAdd_inst_0|kernel|theVectorAdd_function_aunroll_x|thebb_VectorAdd_B1_aunroll_x|thebb_VectorAdd_B1_stall_region|thei_sfc_s_c0_in_for_body_i_vectoradds_c0_enter111_vectoradd_113_1gr_aunroll_x|theloop_admit                                                                                                                                                                                                                                                                                                                                                                         ; acl_loop_admit                                                   ; N/A          ;
;                               |acl_reset_handler_inst|                                                                                                                                 ; 0.5 (0.5)            ; 1.5 (1.5)                        ; 1.0 (1.0)                                         ; 0.1 (0.1)                        ; 0.0 (0.0)            ; 0 (0)               ; 4 (4)                     ; 0 (0)         ; 0                 ; 0     ; 0                        ; 0                                      ; 0                                                 ; 0    ; 0 (0)  ; fast_recompile_fpga_di_inst|VectorAdd_std_ic_inst|VectorAdd_inst_0|kernel|theVectorAdd_function_aunroll_x|thebb_VectorAdd_B1_aunroll_x|thebb_VectorAdd_B1_stall_region|thei_sfc_s_c0_in_for_body_i_vectoradds_c0_enter111_vectoradd_113_1gr_aunroll_x|theloop_admit|acl_reset_handler_inst                                                                                                                                                                                                                                                                                                                                                  ; acl_reset_handler                                                ; N/A          ;
;                               |fork_latency_match|                                                                                                                                     ; 0.4 (0.4)            ; 0.5 (0.5)                        ; 0.2 (0.2)                                         ; 0.1 (0.1)                        ; 0.0 (0.0)            ; 0 (0)               ; 2 (2)                     ; 0 (0)         ; 0                 ; 0     ; 0                        ; 0                                      ; 0                                                 ; 0    ; 0 (0)  ; fast_recompile_fpga_di_inst|VectorAdd_std_ic_inst|VectorAdd_inst_0|kernel|theVectorAdd_function_aunroll_x|thebb_VectorAdd_B1_aunroll_x|thebb_VectorAdd_B1_stall_region|thei_sfc_s_c0_in_for_body_i_vectoradds_c0_enter111_vectoradd_113_1gr_aunroll_x|theloop_admit|fork_latency_match                                                                                                                                                                                                                                                                                                                                                      ; acl_shift_register_no_reset_dont_merge                           ; N/A          ;
;                               |kernel_downstream_latency_match|                                                                                                                        ; 0.0 (0.0)            ; 0.0 (0.0)                        ; 0.0 (0.0)                                         ; 0.0 (0.0)                        ; 0.0 (0.0)            ; 0 (0)               ; 1 (1)                     ; 0 (0)         ; 0                 ; 0     ; 0                        ; 0                                      ; 0                                                 ; 0    ; 0 (0)  ; fast_recompile_fpga_di_inst|VectorAdd_std_ic_inst|VectorAdd_inst_0|kernel|theVectorAdd_function_aunroll_x|thebb_VectorAdd_B1_aunroll_x|thebb_VectorAdd_B1_stall_region|thei_sfc_s_c0_in_for_body_i_vectoradds_c0_enter111_vectoradd_113_1gr_aunroll_x|theloop_admit|kernel_downstream_latency_match                                                                                                                                                                                                                                                                                                                                         ; acl_shift_register_no_reset_dont_merge                           ; N/A          ;
;                               |latency_counter_upstream_data_latency|                                                                                                                  ; 0.6 (0.6)            ; 0.9 (0.9)                        ; 0.3 (0.3)                                         ; 0.0 (0.0)                        ; 0.0 (0.0)            ; 1 (1)               ; 3 (3)                     ; 0 (0)         ; 0                 ; 0     ; 0                        ; 0                                      ; 0                                                 ; 0    ; 0 (0)  ; fast_recompile_fpga_di_inst|VectorAdd_std_ic_inst|VectorAdd_inst_0|kernel|theVectorAdd_function_aunroll_x|thebb_VectorAdd_B1_aunroll_x|thebb_VectorAdd_B1_stall_region|thei_sfc_s_c0_in_for_body_i_vectoradds_c0_enter111_vectoradd_113_1gr_aunroll_x|theloop_admit|latency_counter_upstream_data_latency                                                                                                                                                                                                                                                                                                                                   ; latency_counter                                                  ; N/A          ;
;                               |latency_counter_upstream_empty|                                                                                                                         ; 1.2 (1.2)            ; 1.8 (1.8)                        ; 0.6 (0.6)                                         ; 0.0 (0.0)                        ; 0.0 (0.0)            ; 4 (4)               ; 4 (4)                     ; 0 (0)         ; 0                 ; 0     ; 0                        ; 0                                      ; 0                                                 ; 0    ; 0 (0)  ; fast_recompile_fpga_di_inst|VectorAdd_std_ic_inst|VectorAdd_inst_0|kernel|theVectorAdd_function_aunroll_x|thebb_VectorAdd_B1_aunroll_x|thebb_VectorAdd_B1_stall_region|thei_sfc_s_c0_in_for_body_i_vectoradds_c0_enter111_vectoradd_113_1gr_aunroll_x|theloop_admit|latency_counter_upstream_empty                                                                                                                                                                                                                                                                                                                                          ; latency_counter                                                  ; N/A          ;
;                            |therst_sync|                                                                                                                                               ; 2.2 (2.2)            ; 1.8 (1.8)                        ; 0.2 (0.2)                                         ; 0.5 (0.5)                        ; 0.0 (0.0)            ; 0 (0)               ; 5 (5)                     ; 0 (0)         ; 0                 ; 0     ; 0                        ; 0                                      ; 0                                                 ; 0    ; 0 (0)  ; fast_recompile_fpga_di_inst|VectorAdd_std_ic_inst|VectorAdd_inst_0|kernel|theVectorAdd_function_aunroll_x|thebb_VectorAdd_B1_aunroll_x|thebb_VectorAdd_B1_stall_region|thei_sfc_s_c0_in_for_body_i_vectoradds_c0_enter111_vectoradd_113_1gr_aunroll_x|therst_sync                                                                                                                                                                                                                                                                                                                                                                           ; acl_reset_handler                                                ; N/A          ;
;                         |thei_sfc_s_c2_in_for_body_i_vectoradds_c2_enter_vectoradd_113_8gr_aunroll_x|                                                                                  ; 71.9 (0.0)           ; 88.0 (0.0)                       ; 16.1 (0.0)                                        ; 0.0 (0.0)                        ; 0.0 (0.0)            ; 93 (0)              ; 161 (0)                   ; 0 (0)         ; 16384             ; 1     ; 1                        ; 1                                      ; 0                                                 ; 0    ; 0 (0)  ; fast_recompile_fpga_di_inst|VectorAdd_std_ic_inst|VectorAdd_inst_0|kernel|theVectorAdd_function_aunroll_x|thebb_VectorAdd_B1_aunroll_x|thebb_VectorAdd_B1_stall_region|thei_sfc_s_c2_in_for_body_i_vectoradds_c2_enter_vectoradd_113_8gr_aunroll_x                                                                                                                                                                                                                                                                                                                                                                                          ; VectorAdd_i_sfc_s_c2_in_for_body_i_vecto0000er_vectoradd_113_8gr ; N/A          ;
;                            |thei_llvm_fpga_sfc_exit_s_c2_out_for_body_i_vectoradds_c2_exit_vectoradd_453_1gr_aunroll_x|                                                                ; 68.9 (8.2)           ; 84.5 (10.2)                      ; 15.6 (2.0)                                        ; 0.0 (0.0)                        ; 0.0 (0.0)            ; 91 (0)              ; 152 (33)                  ; 0 (0)         ; 16384             ; 1     ; 0                        ; 0                                      ; 0                                                 ; 0    ; 0 (0)  ; fast_recompile_fpga_di_inst|VectorAdd_std_ic_inst|VectorAdd_inst_0|kernel|theVectorAdd_function_aunroll_x|thebb_VectorAdd_B1_aunroll_x|thebb_VectorAdd_B1_stall_region|thei_sfc_s_c2_in_for_body_i_vectoradds_c2_enter_vectoradd_113_8gr_aunroll_x|thei_llvm_fpga_sfc_exit_s_c2_out_for_body_i_vectoradds_c2_exit_vectoradd_453_1gr_aunroll_x                                                                                                                                                                                                                                                                                               ; VectorAdd_i_llvm_fpga_sfc_exit_s_c2_out_0000it_vectoradd_464_0gr ; N/A          ;
;                               |thei_llvm_fpga_sfc_exit_s_c2_out_for_body_i_vectoradds_c2_exit_vectoradd_453_1gr_full_detector|                                                         ; 16.2 (0.0)           ; 18.7 (0.0)                       ; 2.5 (0.0)                                         ; 0.0 (0.0)                        ; 0.0 (0.0)            ; 23 (0)              ; 26 (0)                    ; 0 (0)         ; 0                 ; 0     ; 0                        ; 0                                      ; 0                                                 ; 0    ; 0 (0)  ; fast_recompile_fpga_di_inst|VectorAdd_std_ic_inst|VectorAdd_inst_0|kernel|theVectorAdd_function_aunroll_x|thebb_VectorAdd_B1_aunroll_x|thebb_VectorAdd_B1_stall_region|thei_sfc_s_c2_in_for_body_i_vectoradds_c2_enter_vectoradd_113_8gr_aunroll_x|thei_llvm_fpga_sfc_exit_s_c2_out_for_body_i_vectoradds_c2_exit_vectoradd_453_1gr_aunroll_x|thei_llvm_fpga_sfc_exit_s_c2_out_for_body_i_vectoradds_c2_exit_vectoradd_453_1gr_full_detector                                                                                                                                                                                                ; VectorAdd_i_llvm_fpga_sfc_exit_s_c2_out_000053_1gr_full_detector ; N/A          ;
;                                  |thei_llvm_fpga_sfc_exit_s_c2_out_for_body_i_vectoradds_c2_exit_vectoradd_453_1gr_full_detector|                                                      ; 16.2 (0.0)           ; 18.7 (0.0)                       ; 2.5 (0.0)                                         ; 0.0 (0.0)                        ; 0.0 (0.0)            ; 23 (0)              ; 26 (0)                    ; 0 (0)         ; 0                 ; 0     ; 0                        ; 0                                      ; 0                                                 ; 0    ; 0 (0)  ; fast_recompile_fpga_di_inst|VectorAdd_std_ic_inst|VectorAdd_inst_0|kernel|theVectorAdd_function_aunroll_x|thebb_VectorAdd_B1_aunroll_x|thebb_VectorAdd_B1_stall_region|thei_sfc_s_c2_in_for_body_i_vectoradds_c2_enter_vectoradd_113_8gr_aunroll_x|thei_llvm_fpga_sfc_exit_s_c2_out_for_body_i_vectoradds_c2_exit_vectoradd_453_1gr_aunroll_x|thei_llvm_fpga_sfc_exit_s_c2_out_for_body_i_vectoradds_c2_exit_vectoradd_453_1gr_full_detector|thei_llvm_fpga_sfc_exit_s_c2_out_for_body_i_vectoradds_c2_exit_vectoradd_453_1gr_full_detector                                                                                                 ; acl_full_detector                                                ; N/A          ;
;                                     |acl_reset_handler_inst|                                                                                                                           ; 3.4 (3.4)            ; 4.0 (4.0)                        ; 0.6 (0.6)                                         ; 0.0 (0.0)                        ; 0.0 (0.0)            ; 5 (5)               ; 5 (5)                     ; 0 (0)         ; 0                 ; 0     ; 0                        ; 0                                      ; 0                                                 ; 0    ; 0 (0)  ; fast_recompile_fpga_di_inst|VectorAdd_std_ic_inst|VectorAdd_inst_0|kernel|theVectorAdd_function_aunroll_x|thebb_VectorAdd_B1_aunroll_x|thebb_VectorAdd_B1_stall_region|thei_sfc_s_c2_in_for_body_i_vectoradds_c2_enter_vectoradd_113_8gr_aunroll_x|thei_llvm_fpga_sfc_exit_s_c2_out_for_body_i_vectoradds_c2_exit_vectoradd_453_1gr_aunroll_x|thei_llvm_fpga_sfc_exit_s_c2_out_for_body_i_vectoradds_c2_exit_vectoradd_453_1gr_full_detector|thei_llvm_fpga_sfc_exit_s_c2_out_for_body_i_vectoradds_c2_exit_vectoradd_453_1gr_full_detector|acl_reset_handler_inst                                                                          ; acl_reset_handler                                                ; N/A          ;
;                                     |fast_incr_decr_counter|                                                                                                                           ; 12.8 (11.3)          ; 14.7 (13.2)                      ; 1.9 (1.9)                                         ; 0.0 (0.0)                        ; 0.0 (0.0)            ; 18 (18)             ; 21 (18)                   ; 0 (0)         ; 0                 ; 0     ; 0                        ; 0                                      ; 0                                                 ; 0    ; 0 (0)  ; fast_recompile_fpga_di_inst|VectorAdd_std_ic_inst|VectorAdd_inst_0|kernel|theVectorAdd_function_aunroll_x|thebb_VectorAdd_B1_aunroll_x|thebb_VectorAdd_B1_stall_region|thei_sfc_s_c2_in_for_body_i_vectoradds_c2_enter_vectoradd_113_8gr_aunroll_x|thei_llvm_fpga_sfc_exit_s_c2_out_for_body_i_vectoradds_c2_exit_vectoradd_453_1gr_aunroll_x|thei_llvm_fpga_sfc_exit_s_c2_out_for_body_i_vectoradds_c2_exit_vectoradd_453_1gr_full_detector|thei_llvm_fpga_sfc_exit_s_c2_out_for_body_i_vectoradds_c2_exit_vectoradd_453_1gr_full_detector|fast_incr_decr_counter                                                                          ; acl_tessellated_incr_decr_threshold                              ; N/A          ;
;                                        |acl_reset_handler_inst|                                                                                                                        ; 1.5 (1.5)            ; 1.5 (1.5)                        ; 0.0 (0.0)                                         ; 0.0 (0.0)                        ; 0.0 (0.0)            ; 0 (0)               ; 3 (3)                     ; 0 (0)         ; 0                 ; 0     ; 0                        ; 0                                      ; 0                                                 ; 0    ; 0 (0)  ; fast_recompile_fpga_di_inst|VectorAdd_std_ic_inst|VectorAdd_inst_0|kernel|theVectorAdd_function_aunroll_x|thebb_VectorAdd_B1_aunroll_x|thebb_VectorAdd_B1_stall_region|thei_sfc_s_c2_in_for_body_i_vectoradds_c2_enter_vectoradd_113_8gr_aunroll_x|thei_llvm_fpga_sfc_exit_s_c2_out_for_body_i_vectoradds_c2_exit_vectoradd_453_1gr_aunroll_x|thei_llvm_fpga_sfc_exit_s_c2_out_for_body_i_vectoradds_c2_exit_vectoradd_453_1gr_full_detector|thei_llvm_fpga_sfc_exit_s_c2_out_for_body_i_vectoradds_c2_exit_vectoradd_453_1gr_full_detector|fast_incr_decr_counter|acl_reset_handler_inst                                                   ; acl_reset_handler                                                ; N/A          ;
;                               |thei_llvm_fpga_sfc_exit_s_c2_out_for_body_i_vectoradds_c2_exit_vectoradd_464_1gr_data_fifo_aunroll_x|                                                   ; 44.5 (0.0)           ; 55.5 (0.0)                       ; 11.0 (0.0)                                        ; 0.0 (0.0)                        ; 0.0 (0.0)            ; 68 (0)              ; 93 (0)                    ; 0 (0)         ; 16384             ; 1     ; 0                        ; 0                                      ; 0                                                 ; 0    ; 0 (0)  ; fast_recompile_fpga_di_inst|VectorAdd_std_ic_inst|VectorAdd_inst_0|kernel|theVectorAdd_function_aunroll_x|thebb_VectorAdd_B1_aunroll_x|thebb_VectorAdd_B1_stall_region|thei_sfc_s_c2_in_for_body_i_vectoradds_c2_enter_vectoradd_113_8gr_aunroll_x|thei_llvm_fpga_sfc_exit_s_c2_out_for_body_i_vectoradds_c2_exit_vectoradd_453_1gr_aunroll_x|thei_llvm_fpga_sfc_exit_s_c2_out_for_body_i_vectoradds_c2_exit_vectoradd_464_1gr_data_fifo_aunroll_x                                                                                                                                                                                          ; VectorAdd_i_llvm_fpga_sfc_exit_s_c2_out_0000dd_464_1gr_data_fifo ; N/A          ;
;                                  |thei_llvm_fpga_sfc_exit_s_c2_out_for_body_i_vectoradds_c2_exit_vectoradd_737_0gr|                                                                    ; 44.5 (0.0)           ; 55.5 (0.0)                       ; 11.0 (0.0)                                        ; 0.0 (0.0)                        ; 0.0 (0.0)            ; 68 (0)              ; 93 (0)                    ; 0 (0)         ; 16384             ; 1     ; 0                        ; 0                                      ; 0                                                 ; 0    ; 0 (0)  ; fast_recompile_fpga_di_inst|VectorAdd_std_ic_inst|VectorAdd_inst_0|kernel|theVectorAdd_function_aunroll_x|thebb_VectorAdd_B1_aunroll_x|thebb_VectorAdd_B1_stall_region|thei_sfc_s_c2_in_for_body_i_vectoradds_c2_enter_vectoradd_113_8gr_aunroll_x|thei_llvm_fpga_sfc_exit_s_c2_out_for_body_i_vectoradds_c2_exit_vectoradd_453_1gr_aunroll_x|thei_llvm_fpga_sfc_exit_s_c2_out_for_body_i_vectoradds_c2_exit_vectoradd_464_1gr_data_fifo_aunroll_x|thei_llvm_fpga_sfc_exit_s_c2_out_for_body_i_vectoradds_c2_exit_vectoradd_737_0gr                                                                                                         ; hld_fifo                                                         ; N/A          ;
;                                     |ms.acl_mid_speed_fifo_inst|                                                                                                                       ; 44.5 (5.2)           ; 55.5 (7.8)                       ; 11.0 (2.5)                                        ; 0.0 (0.0)                        ; 0.0 (0.0)            ; 68 (12)             ; 93 (14)                   ; 0 (0)         ; 16384             ; 1     ; 0                        ; 0                                      ; 0                                                 ; 0    ; 0 (0)  ; fast_recompile_fpga_di_inst|VectorAdd_std_ic_inst|VectorAdd_inst_0|kernel|theVectorAdd_function_aunroll_x|thebb_VectorAdd_B1_aunroll_x|thebb_VectorAdd_B1_stall_region|thei_sfc_s_c2_in_for_body_i_vectoradds_c2_enter_vectoradd_113_8gr_aunroll_x|thei_llvm_fpga_sfc_exit_s_c2_out_for_body_i_vectoradds_c2_exit_vectoradd_453_1gr_aunroll_x|thei_llvm_fpga_sfc_exit_s_c2_out_for_body_i_vectoradds_c2_exit_vectoradd_464_1gr_data_fifo_aunroll_x|thei_llvm_fpga_sfc_exit_s_c2_out_for_body_i_vectoradds_c2_exit_vectoradd_737_0gr|ms.acl_mid_speed_fifo_inst                                                                              ; acl_mid_speed_fifo                                               ; N/A          ;
;                                        |addr_match_inst|                                                                                                                               ; 10.7 (9.2)           ; 12.5 (11.0)                      ; 1.8 (1.8)                                         ; 0.0 (0.0)                        ; 0.0 (0.0)            ; 17 (17)             ; 17 (14)                   ; 0 (0)         ; 0                 ; 0     ; 0                        ; 0                                      ; 0                                                 ; 0    ; 0 (0)  ; fast_recompile_fpga_di_inst|VectorAdd_std_ic_inst|VectorAdd_inst_0|kernel|theVectorAdd_function_aunroll_x|thebb_VectorAdd_B1_aunroll_x|thebb_VectorAdd_B1_stall_region|thei_sfc_s_c2_in_for_body_i_vectoradds_c2_enter_vectoradd_113_8gr_aunroll_x|thei_llvm_fpga_sfc_exit_s_c2_out_for_body_i_vectoradds_c2_exit_vectoradd_453_1gr_aunroll_x|thei_llvm_fpga_sfc_exit_s_c2_out_for_body_i_vectoradds_c2_exit_vectoradd_464_1gr_data_fifo_aunroll_x|thei_llvm_fpga_sfc_exit_s_c2_out_for_body_i_vectoradds_c2_exit_vectoradd_737_0gr|ms.acl_mid_speed_fifo_inst|addr_match_inst                                                              ; acl_tessellated_incr_decr_threshold                              ; N/A          ;
;                                           |acl_reset_handler_inst|                                                                                                                     ; 1.5 (1.5)            ; 1.5 (1.5)                        ; 0.0 (0.0)                                         ; 0.0 (0.0)                        ; 0.0 (0.0)            ; 0 (0)               ; 3 (3)                     ; 0 (0)         ; 0                 ; 0     ; 0                        ; 0                                      ; 0                                                 ; 0    ; 0 (0)  ; fast_recompile_fpga_di_inst|VectorAdd_std_ic_inst|VectorAdd_inst_0|kernel|theVectorAdd_function_aunroll_x|thebb_VectorAdd_B1_aunroll_x|thebb_VectorAdd_B1_stall_region|thei_sfc_s_c2_in_for_body_i_vectoradds_c2_enter_vectoradd_113_8gr_aunroll_x|thei_llvm_fpga_sfc_exit_s_c2_out_for_body_i_vectoradds_c2_exit_vectoradd_453_1gr_aunroll_x|thei_llvm_fpga_sfc_exit_s_c2_out_for_body_i_vectoradds_c2_exit_vectoradd_464_1gr_data_fifo_aunroll_x|thei_llvm_fpga_sfc_exit_s_c2_out_for_body_i_vectoradds_c2_exit_vectoradd_737_0gr|ms.acl_mid_speed_fifo_inst|addr_match_inst|acl_reset_handler_inst                                       ; acl_reset_handler                                                ; N/A          ;
;                                        |gen_ram.gen_m20k.altera_syncram|                                                                                                               ; 0.0 (0.0)            ; 0.0 (0.0)                        ; 0.0 (0.0)                                         ; 0.0 (0.0)                        ; 0.0 (0.0)            ; 0 (0)               ; 0 (0)                     ; 0 (0)         ; 16384             ; 1     ; 0                        ; 0                                      ; 0                                                 ; 0    ; 0 (0)  ; fast_recompile_fpga_di_inst|VectorAdd_std_ic_inst|VectorAdd_inst_0|kernel|theVectorAdd_function_aunroll_x|thebb_VectorAdd_B1_aunroll_x|thebb_VectorAdd_B1_stall_region|thei_sfc_s_c2_in_for_body_i_vectoradds_c2_enter_vectoradd_113_8gr_aunroll_x|thei_llvm_fpga_sfc_exit_s_c2_out_for_body_i_vectoradds_c2_exit_vectoradd_453_1gr_aunroll_x|thei_llvm_fpga_sfc_exit_s_c2_out_for_body_i_vectoradds_c2_exit_vectoradd_464_1gr_data_fifo_aunroll_x|thei_llvm_fpga_sfc_exit_s_c2_out_for_body_i_vectoradds_c2_exit_vectoradd_737_0gr|ms.acl_mid_speed_fifo_inst|gen_ram.gen_m20k.altera_syncram                                              ; altera_syncram                                                   ; N/A          ;
;                                           |auto_generated|                                                                                                                             ; 0.0 (0.0)            ; 0.0 (0.0)                        ; 0.0 (0.0)                                         ; 0.0 (0.0)                        ; 0.0 (0.0)            ; 0 (0)               ; 0 (0)                     ; 0 (0)         ; 16384             ; 1     ; 0                        ; 0                                      ; 0                                                 ; 0    ; 0 (0)  ; fast_recompile_fpga_di_inst|VectorAdd_std_ic_inst|VectorAdd_inst_0|kernel|theVectorAdd_function_aunroll_x|thebb_VectorAdd_B1_aunroll_x|thebb_VectorAdd_B1_stall_region|thei_sfc_s_c2_in_for_body_i_vectoradds_c2_enter_vectoradd_113_8gr_aunroll_x|thei_llvm_fpga_sfc_exit_s_c2_out_for_body_i_vectoradds_c2_exit_vectoradd_453_1gr_aunroll_x|thei_llvm_fpga_sfc_exit_s_c2_out_for_body_i_vectoradds_c2_exit_vectoradd_464_1gr_data_fifo_aunroll_x|thei_llvm_fpga_sfc_exit_s_c2_out_for_body_i_vectoradds_c2_exit_vectoradd_737_0gr|ms.acl_mid_speed_fifo_inst|gen_ram.gen_m20k.altera_syncram|auto_generated                               ; altera_syncram_uqhv1                                             ; N/A          ;
;                                              |altera_syncram_impl1|                                                                                                                    ; 0.0 (0.0)            ; 0.0 (0.0)                        ; 0.0 (0.0)                                         ; 0.0 (0.0)                        ; 0.0 (0.0)            ; 0 (0)               ; 0 (0)                     ; 0 (0)         ; 16384             ; 1     ; 0                        ; 0                                      ; 0                                                 ; 0    ; 0 (0)  ; fast_recompile_fpga_di_inst|VectorAdd_std_ic_inst|VectorAdd_inst_0|kernel|theVectorAdd_function_aunroll_x|thebb_VectorAdd_B1_aunroll_x|thebb_VectorAdd_B1_stall_region|thei_sfc_s_c2_in_for_body_i_vectoradds_c2_enter_vectoradd_113_8gr_aunroll_x|thei_llvm_fpga_sfc_exit_s_c2_out_for_body_i_vectoradds_c2_exit_vectoradd_453_1gr_aunroll_x|thei_llvm_fpga_sfc_exit_s_c2_out_for_body_i_vectoradds_c2_exit_vectoradd_464_1gr_data_fifo_aunroll_x|thei_llvm_fpga_sfc_exit_s_c2_out_for_body_i_vectoradds_c2_exit_vectoradd_737_0gr|ms.acl_mid_speed_fifo_inst|gen_ram.gen_m20k.altera_syncram|auto_generated|altera_syncram_impl1          ; altera_syncram_impl_hac71                                        ; N/A          ;
;                                        |ram_rd_addr_inst|                                                                                                                              ; 2.5 (0.0)            ; 3.5 (0.0)                        ; 1.0 (0.0)                                         ; 0.0 (0.0)                        ; 0.0 (0.0)            ; 2 (0)               ; 9 (0)                     ; 0 (0)         ; 0                 ; 0     ; 0                        ; 0                                      ; 0                                                 ; 0    ; 0 (0)  ; fast_recompile_fpga_di_inst|VectorAdd_std_ic_inst|VectorAdd_inst_0|kernel|theVectorAdd_function_aunroll_x|thebb_VectorAdd_B1_aunroll_x|thebb_VectorAdd_B1_stall_region|thei_sfc_s_c2_in_for_body_i_vectoradds_c2_enter_vectoradd_113_8gr_aunroll_x|thei_llvm_fpga_sfc_exit_s_c2_out_for_body_i_vectoradds_c2_exit_vectoradd_453_1gr_aunroll_x|thei_llvm_fpga_sfc_exit_s_c2_out_for_body_i_vectoradds_c2_exit_vectoradd_464_1gr_data_fifo_aunroll_x|thei_llvm_fpga_sfc_exit_s_c2_out_for_body_i_vectoradds_c2_exit_vectoradd_737_0gr|ms.acl_mid_speed_fifo_inst|ram_rd_addr_inst                                                             ; acl_lfsr                                                         ; N/A          ;
;                                           |lfsr_inst|                                                                                                                                  ; 2.5 (2.5)            ; 3.5 (3.5)                        ; 1.0 (1.0)                                         ; 0.0 (0.0)                        ; 0.0 (0.0)            ; 2 (2)               ; 9 (9)                     ; 0 (0)         ; 0                 ; 0     ; 0                        ; 0                                      ; 0                                                 ; 0    ; 0 (0)  ; fast_recompile_fpga_di_inst|VectorAdd_std_ic_inst|VectorAdd_inst_0|kernel|theVectorAdd_function_aunroll_x|thebb_VectorAdd_B1_aunroll_x|thebb_VectorAdd_B1_stall_region|thei_sfc_s_c2_in_for_body_i_vectoradds_c2_enter_vectoradd_113_8gr_aunroll_x|thei_llvm_fpga_sfc_exit_s_c2_out_for_body_i_vectoradds_c2_exit_vectoradd_453_1gr_aunroll_x|thei_llvm_fpga_sfc_exit_s_c2_out_for_body_i_vectoradds_c2_exit_vectoradd_464_1gr_data_fifo_aunroll_x|thei_llvm_fpga_sfc_exit_s_c2_out_for_body_i_vectoradds_c2_exit_vectoradd_737_0gr|ms.acl_mid_speed_fifo_inst|ram_rd_addr_inst|lfsr_inst                                                   ; fibonacci_lfsr                                                   ; N/A          ;
;                                        |ram_wr_addr_inst|                                                                                                                              ; 2.8 (0.0)            ; 4.8 (0.0)                        ; 2.0 (0.0)                                         ; 0.0 (0.0)                        ; 0.0 (0.0)            ; 2 (0)               ; 9 (0)                     ; 0 (0)         ; 0                 ; 0     ; 0                        ; 0                                      ; 0                                                 ; 0    ; 0 (0)  ; fast_recompile_fpga_di_inst|VectorAdd_std_ic_inst|VectorAdd_inst_0|kernel|theVectorAdd_function_aunroll_x|thebb_VectorAdd_B1_aunroll_x|thebb_VectorAdd_B1_stall_region|thei_sfc_s_c2_in_for_body_i_vectoradds_c2_enter_vectoradd_113_8gr_aunroll_x|thei_llvm_fpga_sfc_exit_s_c2_out_for_body_i_vectoradds_c2_exit_vectoradd_453_1gr_aunroll_x|thei_llvm_fpga_sfc_exit_s_c2_out_for_body_i_vectoradds_c2_exit_vectoradd_464_1gr_data_fifo_aunroll_x|thei_llvm_fpga_sfc_exit_s_c2_out_for_body_i_vectoradds_c2_exit_vectoradd_737_0gr|ms.acl_mid_speed_fifo_inst|ram_wr_addr_inst                                                             ; acl_lfsr                                                         ; N/A          ;
;                                           |lfsr_inst|                                                                                                                                  ; 2.8 (2.8)            ; 4.8 (4.8)                        ; 2.0 (2.0)                                         ; 0.0 (0.0)                        ; 0.0 (0.0)            ; 2 (2)               ; 9 (9)                     ; 0 (0)         ; 0                 ; 0     ; 0                        ; 0                                      ; 0                                                 ; 0    ; 0 (0)  ; fast_recompile_fpga_di_inst|VectorAdd_std_ic_inst|VectorAdd_inst_0|kernel|theVectorAdd_function_aunroll_x|thebb_VectorAdd_B1_aunroll_x|thebb_VectorAdd_B1_stall_region|thei_sfc_s_c2_in_for_body_i_vectoradds_c2_enter_vectoradd_113_8gr_aunroll_x|thei_llvm_fpga_sfc_exit_s_c2_out_for_body_i_vectoradds_c2_exit_vectoradd_453_1gr_aunroll_x|thei_llvm_fpga_sfc_exit_s_c2_out_for_body_i_vectoradds_c2_exit_vectoradd_464_1gr_data_fifo_aunroll_x|thei_llvm_fpga_sfc_exit_s_c2_out_for_body_i_vectoradds_c2_exit_vectoradd_737_0gr|ms.acl_mid_speed_fifo_inst|ram_wr_addr_inst|lfsr_inst                                                   ; fibonacci_lfsr                                                   ; N/A          ;
;                                        |real_almost_empty.almost_empty_inst|                                                                                                           ; 12.1 (10.6)          ; 13.2 (11.7)                      ; 1.2 (1.2)                                         ; 0.0 (0.0)                        ; 0.0 (0.0)            ; 18 (18)             ; 20 (17)                   ; 0 (0)         ; 0                 ; 0     ; 0                        ; 0                                      ; 0                                                 ; 0    ; 0 (0)  ; fast_recompile_fpga_di_inst|VectorAdd_std_ic_inst|VectorAdd_inst_0|kernel|theVectorAdd_function_aunroll_x|thebb_VectorAdd_B1_aunroll_x|thebb_VectorAdd_B1_stall_region|thei_sfc_s_c2_in_for_body_i_vectoradds_c2_enter_vectoradd_113_8gr_aunroll_x|thei_llvm_fpga_sfc_exit_s_c2_out_for_body_i_vectoradds_c2_exit_vectoradd_453_1gr_aunroll_x|thei_llvm_fpga_sfc_exit_s_c2_out_for_body_i_vectoradds_c2_exit_vectoradd_464_1gr_data_fifo_aunroll_x|thei_llvm_fpga_sfc_exit_s_c2_out_for_body_i_vectoradds_c2_exit_vectoradd_737_0gr|ms.acl_mid_speed_fifo_inst|real_almost_empty.almost_empty_inst                                          ; acl_tessellated_incr_decr_threshold                              ; N/A          ;
;                                           |acl_reset_handler_inst|                                                                                                                     ; 1.5 (1.5)            ; 1.5 (1.5)                        ; 0.0 (0.0)                                         ; 0.0 (0.0)                        ; 0.0 (0.0)            ; 0 (0)               ; 3 (3)                     ; 0 (0)         ; 0                 ; 0     ; 0                        ; 0                                      ; 0                                                 ; 0    ; 0 (0)  ; fast_recompile_fpga_di_inst|VectorAdd_std_ic_inst|VectorAdd_inst_0|kernel|theVectorAdd_function_aunroll_x|thebb_VectorAdd_B1_aunroll_x|thebb_VectorAdd_B1_stall_region|thei_sfc_s_c2_in_for_body_i_vectoradds_c2_enter_vectoradd_113_8gr_aunroll_x|thei_llvm_fpga_sfc_exit_s_c2_out_for_body_i_vectoradds_c2_exit_vectoradd_453_1gr_aunroll_x|thei_llvm_fpga_sfc_exit_s_c2_out_for_body_i_vectoradds_c2_exit_vectoradd_464_1gr_data_fifo_aunroll_x|thei_llvm_fpga_sfc_exit_s_c2_out_for_body_i_vectoradds_c2_exit_vectoradd_737_0gr|ms.acl_mid_speed_fifo_inst|real_almost_empty.almost_empty_inst|acl_reset_handler_inst                   ; acl_reset_handler                                                ; N/A          ;
;                                        |real_almost_full.almost_full_inst|                                                                                                             ; 11.4 (10.1)          ; 13.7 (12.2)                      ; 2.4 (2.2)                                         ; 0.0 (0.0)                        ; 0.0 (0.0)            ; 17 (17)             ; 24 (21)                   ; 0 (0)         ; 0                 ; 0     ; 0                        ; 0                                      ; 0                                                 ; 0    ; 0 (0)  ; fast_recompile_fpga_di_inst|VectorAdd_std_ic_inst|VectorAdd_inst_0|kernel|theVectorAdd_function_aunroll_x|thebb_VectorAdd_B1_aunroll_x|thebb_VectorAdd_B1_stall_region|thei_sfc_s_c2_in_for_body_i_vectoradds_c2_enter_vectoradd_113_8gr_aunroll_x|thei_llvm_fpga_sfc_exit_s_c2_out_for_body_i_vectoradds_c2_exit_vectoradd_453_1gr_aunroll_x|thei_llvm_fpga_sfc_exit_s_c2_out_for_body_i_vectoradds_c2_exit_vectoradd_464_1gr_data_fifo_aunroll_x|thei_llvm_fpga_sfc_exit_s_c2_out_for_body_i_vectoradds_c2_exit_vectoradd_737_0gr|ms.acl_mid_speed_fifo_inst|real_almost_full.almost_full_inst                                            ; acl_tessellated_incr_decr_threshold                              ; N/A          ;
;                                           |acl_reset_handler_inst|                                                                                                                     ; 1.3 (1.3)            ; 1.5 (1.5)                        ; 0.2 (0.2)                                         ; 0.0 (0.0)                        ; 0.0 (0.0)            ; 0 (0)               ; 3 (3)                     ; 0 (0)         ; 0                 ; 0     ; 0                        ; 0                                      ; 0                                                 ; 0    ; 0 (0)  ; fast_recompile_fpga_di_inst|VectorAdd_std_ic_inst|VectorAdd_inst_0|kernel|theVectorAdd_function_aunroll_x|thebb_VectorAdd_B1_aunroll_x|thebb_VectorAdd_B1_stall_region|thei_sfc_s_c2_in_for_body_i_vectoradds_c2_enter_vectoradd_113_8gr_aunroll_x|thei_llvm_fpga_sfc_exit_s_c2_out_for_body_i_vectoradds_c2_exit_vectoradd_453_1gr_aunroll_x|thei_llvm_fpga_sfc_exit_s_c2_out_for_body_i_vectoradds_c2_exit_vectoradd_464_1gr_data_fifo_aunroll_x|thei_llvm_fpga_sfc_exit_s_c2_out_for_body_i_vectoradds_c2_exit_vectoradd_737_0gr|ms.acl_mid_speed_fifo_inst|real_almost_full.almost_full_inst|acl_reset_handler_inst                     ; acl_reset_handler                                                ; N/A          ;
;                            |thei_sfc_logic_s_c2_in_for_body_i_vectoradds_c2_enter_vectoradd_453_0gr_aunroll_x|                                                                         ; 1.0 (1.0)            ; 1.0 (1.0)                        ; 0.0 (0.0)                                         ; 0.0 (0.0)                        ; 0.0 (0.0)            ; 2 (2)               ; 3 (3)                     ; 0 (0)         ; 0                 ; 0     ; 1                        ; 1                                      ; 0                                                 ; 0    ; 0 (0)  ; fast_recompile_fpga_di_inst|VectorAdd_std_ic_inst|VectorAdd_inst_0|kernel|theVectorAdd_function_aunroll_x|thebb_VectorAdd_B1_aunroll_x|thebb_VectorAdd_B1_stall_region|thei_sfc_s_c2_in_for_body_i_vectoradds_c2_enter_vectoradd_113_8gr_aunroll_x|thei_sfc_logic_s_c2_in_for_body_i_vectoradds_c2_enter_vectoradd_453_0gr_aunroll_x                                                                                                                                                                                                                                                                                                        ; VectorAdd_i_sfc_logic_s_c2_in_for_body_i0000er_vectoradd_453_0gr ; N/A          ;
;                            |therst_sync|                                                                                                                                               ; 2.0 (2.0)            ; 2.5 (2.5)                        ; 0.5 (0.5)                                         ; 0.0 (0.0)                        ; 0.0 (0.0)            ; 0 (0)               ; 6 (6)                     ; 0 (0)         ; 0                 ; 0     ; 0                        ; 0                                      ; 0                                                 ; 0    ; 0 (0)  ; fast_recompile_fpga_di_inst|VectorAdd_std_ic_inst|VectorAdd_inst_0|kernel|theVectorAdd_function_aunroll_x|thebb_VectorAdd_B1_aunroll_x|thebb_VectorAdd_B1_stall_region|thei_sfc_s_c2_in_for_body_i_vectoradds_c2_enter_vectoradd_113_8gr_aunroll_x|therst_sync                                                                                                                                                                                                                                                                                                                                                                              ; acl_reset_handler                                                ; N/A          ;
;                         |themerged_in_SE_bubble_select_i_llvm_fpga_mem_lm2_vectoradd_113_6gr|                                                                                          ; 8.2 (5.8)            ; 8.7 (6.8)                        ; 1.0 (1.0)                                         ; 0.5 (0.0)                        ; 0.0 (0.0)            ; 8 (8)               ; 21 (16)                   ; 0 (0)         ; 0                 ; 0     ; 0                        ; 0                                      ; 0                                                 ; 0    ; 0 (0)  ; fast_recompile_fpga_di_inst|VectorAdd_std_ic_inst|VectorAdd_inst_0|kernel|theVectorAdd_function_aunroll_x|thebb_VectorAdd_B1_aunroll_x|thebb_VectorAdd_B1_stall_region|themerged_in_SE_bubble_select_i_llvm_fpga_mem_lm2_vectoradd_113_6gr                                                                                                                                                                                                                                                                                                                                                                                                  ; acl_sync_stall_latency                                           ; N/A          ;
;                            |acl_reset_handler_inst|                                                                                                                                    ; 2.3 (2.3)            ; 1.8 (1.8)                        ; 0.0 (0.0)                                         ; 0.5 (0.5)                        ; 0.0 (0.0)            ; 0 (0)               ; 5 (5)                     ; 0 (0)         ; 0                 ; 0     ; 0                        ; 0                                      ; 0                                                 ; 0    ; 0 (0)  ; fast_recompile_fpga_di_inst|VectorAdd_std_ic_inst|VectorAdd_inst_0|kernel|theVectorAdd_function_aunroll_x|thebb_VectorAdd_B1_aunroll_x|thebb_VectorAdd_B1_stall_region|themerged_in_SE_bubble_select_i_llvm_fpga_mem_lm2_vectoradd_113_6gr|acl_reset_handler_inst                                                                                                                                                                                                                                                                                                                                                                           ; acl_reset_handler                                                ; N/A          ;
;                         |themerged_in_SE_in_i_llvm_fpga_mem_unnamed_vectoradd5_vectoradd_113_10|                                                                                       ; 8.6 (6.4)            ; 10.6 (8.6)                       ; 2.5 (2.1)                                         ; 0.5 (0.0)                        ; 0.0 (0.0)            ; 8 (8)               ; 24 (19)                   ; 0 (0)         ; 0                 ; 0     ; 0                        ; 0                                      ; 0                                                 ; 0    ; 0 (0)  ; fast_recompile_fpga_di_inst|VectorAdd_std_ic_inst|VectorAdd_inst_0|kernel|theVectorAdd_function_aunroll_x|thebb_VectorAdd_B1_aunroll_x|thebb_VectorAdd_B1_stall_region|themerged_in_SE_in_i_llvm_fpga_mem_unnamed_vectoradd5_vectoradd_113_10                                                                                                                                                                                                                                                                                                                                                                                               ; acl_sync_stall_latency                                           ; N/A          ;
;                            |acl_reset_handler_inst|                                                                                                                                    ; 2.2 (2.2)            ; 2.0 (2.0)                        ; 0.3 (0.3)                                         ; 0.5 (0.5)                        ; 0.0 (0.0)            ; 0 (0)               ; 5 (5)                     ; 0 (0)         ; 0                 ; 0     ; 0                        ; 0                                      ; 0                                                 ; 0    ; 0 (0)  ; fast_recompile_fpga_di_inst|VectorAdd_std_ic_inst|VectorAdd_inst_0|kernel|theVectorAdd_function_aunroll_x|thebb_VectorAdd_B1_aunroll_x|thebb_VectorAdd_B1_stall_region|themerged_in_SE_in_i_llvm_fpga_mem_unnamed_vectoradd5_vectoradd_113_10|acl_reset_handler_inst                                                                                                                                                                                                                                                                                                                                                                        ; acl_reset_handler                                                ; N/A          ;
;                         |themerged_in_SE_sel_for_coalesced_delay_0|                                                                                                                    ; 7.9 (5.6)            ; 9.0 (6.5)                        ; 1.6 (0.9)                                         ; 0.5 (0.0)                        ; 0.0 (0.0)            ; 8 (8)               ; 15 (10)                   ; 0 (0)         ; 0                 ; 0     ; 0                        ; 0                                      ; 0                                                 ; 0    ; 0 (0)  ; fast_recompile_fpga_di_inst|VectorAdd_std_ic_inst|VectorAdd_inst_0|kernel|theVectorAdd_function_aunroll_x|thebb_VectorAdd_B1_aunroll_x|thebb_VectorAdd_B1_stall_region|themerged_in_SE_sel_for_coalesced_delay_0                                                                                                                                                                                                                                                                                                                                                                                                                            ; acl_sync_stall_latency                                           ; N/A          ;
;                            |acl_reset_handler_inst|                                                                                                                                    ; 2.2 (2.2)            ; 2.5 (2.5)                        ; 0.8 (0.8)                                         ; 0.5 (0.5)                        ; 0.0 (0.0)            ; 0 (0)               ; 5 (5)                     ; 0 (0)         ; 0                 ; 0     ; 0                        ; 0                                      ; 0                                                 ; 0    ; 0 (0)  ; fast_recompile_fpga_di_inst|VectorAdd_std_ic_inst|VectorAdd_inst_0|kernel|theVectorAdd_function_aunroll_x|thebb_VectorAdd_B1_aunroll_x|thebb_VectorAdd_B1_stall_region|themerged_in_SE_sel_for_coalesced_delay_0|acl_reset_handler_inst                                                                                                                                                                                                                                                                                                                                                                                                     ; acl_reset_handler                                                ; N/A          ;
;                         |theredist1_i_sfc_s_c0_in_for_body_i_vectoradds_c0_enter111_vectoradd_113_1gr_aunroll_x_out_c0_exit12_aggregateComponentTag_4_x_tpl_546_fifo|                  ; 50.4 (0.0)           ; 60.8 (0.0)                       ; 11.0 (0.0)                                        ; 0.5 (0.0)                        ; 0.0 (0.0)            ; 75 (0)              ; 101 (0)                   ; 0 (0)         ; 33792             ; 2     ; 0                        ; 0                                      ; 0                                                 ; 0    ; 0 (0)  ; fast_recompile_fpga_di_inst|VectorAdd_std_ic_inst|VectorAdd_inst_0|kernel|theVectorAdd_function_aunroll_x|thebb_VectorAdd_B1_aunroll_x|thebb_VectorAdd_B1_stall_region|theredist1_i_sfc_s_c0_in_for_body_i_vectoradds_c0_enter111_vectoradd_113_1gr_aunroll_x_out_c0_exit12_aggregateComponentTag_4_x_tpl_546_fifo                                                                                                                                                                                                                                                                                                                          ; hld_fifo                                                         ; N/A          ;
;                            |ms.acl_mid_speed_fifo_inst|                                                                                                                                ; 50.4 (5.0)           ; 60.8 (8.8)                       ; 11.0 (3.8)                                        ; 0.5 (0.0)                        ; 0.0 (0.0)            ; 75 (12)             ; 101 (14)                  ; 0 (0)         ; 33792             ; 2     ; 0                        ; 0                                      ; 0                                                 ; 0    ; 0 (0)  ; fast_recompile_fpga_di_inst|VectorAdd_std_ic_inst|VectorAdd_inst_0|kernel|theVectorAdd_function_aunroll_x|thebb_VectorAdd_B1_aunroll_x|thebb_VectorAdd_B1_stall_region|theredist1_i_sfc_s_c0_in_for_body_i_vectoradds_c0_enter111_vectoradd_113_1gr_aunroll_x_out_c0_exit12_aggregateComponentTag_4_x_tpl_546_fifo|ms.acl_mid_speed_fifo_inst                                                                                                                                                                                                                                                                                               ; acl_mid_speed_fifo                                               ; N/A          ;
;                               |acl_reset_handler_inst|                                                                                                                                 ; 1.4 (1.4)            ; 1.5 (1.5)                        ; 0.1 (0.1)                                         ; 0.0 (0.0)                        ; 0.0 (0.0)            ; 0 (0)               ; 3 (3)                     ; 0 (0)         ; 0                 ; 0     ; 0                        ; 0                                      ; 0                                                 ; 0    ; 0 (0)  ; fast_recompile_fpga_di_inst|VectorAdd_std_ic_inst|VectorAdd_inst_0|kernel|theVectorAdd_function_aunroll_x|thebb_VectorAdd_B1_aunroll_x|thebb_VectorAdd_B1_stall_region|theredist1_i_sfc_s_c0_in_for_body_i_vectoradds_c0_enter111_vectoradd_113_1gr_aunroll_x_out_c0_exit12_aggregateComponentTag_4_x_tpl_546_fifo|ms.acl_mid_speed_fifo_inst|acl_reset_handler_inst                                                                                                                                                                                                                                                                        ; acl_reset_handler                                                ; N/A          ;
;                               |addr_match_inst|                                                                                                                                        ; 11.6 (10.1)          ; 13.0 (11.5)                      ; 1.4 (1.4)                                         ; 0.0 (0.0)                        ; 0.0 (0.0)            ; 19 (19)             ; 19 (16)                   ; 0 (0)         ; 0                 ; 0     ; 0                        ; 0                                      ; 0                                                 ; 0    ; 0 (0)  ; fast_recompile_fpga_di_inst|VectorAdd_std_ic_inst|VectorAdd_inst_0|kernel|theVectorAdd_function_aunroll_x|thebb_VectorAdd_B1_aunroll_x|thebb_VectorAdd_B1_stall_region|theredist1_i_sfc_s_c0_in_for_body_i_vectoradds_c0_enter111_vectoradd_113_1gr_aunroll_x_out_c0_exit12_aggregateComponentTag_4_x_tpl_546_fifo|ms.acl_mid_speed_fifo_inst|addr_match_inst                                                                                                                                                                                                                                                                               ; acl_tessellated_incr_decr_threshold                              ; N/A          ;
;                                  |acl_reset_handler_inst|                                                                                                                              ; 1.5 (1.5)            ; 1.5 (1.5)                        ; 0.0 (0.0)                                         ; 0.0 (0.0)                        ; 0.0 (0.0)            ; 0 (0)               ; 3 (3)                     ; 0 (0)         ; 0                 ; 0     ; 0                        ; 0                                      ; 0                                                 ; 0    ; 0 (0)  ; fast_recompile_fpga_di_inst|VectorAdd_std_ic_inst|VectorAdd_inst_0|kernel|theVectorAdd_function_aunroll_x|thebb_VectorAdd_B1_aunroll_x|thebb_VectorAdd_B1_stall_region|theredist1_i_sfc_s_c0_in_for_body_i_vectoradds_c0_enter111_vectoradd_113_1gr_aunroll_x_out_c0_exit12_aggregateComponentTag_4_x_tpl_546_fifo|ms.acl_mid_speed_fifo_inst|addr_match_inst|acl_reset_handler_inst                                                                                                                                                                                                                                                        ; acl_reset_handler                                                ; N/A          ;
;                               |gen_ram.gen_m20k.altera_syncram|                                                                                                                        ; 0.0 (0.0)            ; 0.0 (0.0)                        ; 0.0 (0.0)                                         ; 0.0 (0.0)                        ; 0.0 (0.0)            ; 0 (0)               ; 0 (0)                     ; 0 (0)         ; 33792             ; 2     ; 0                        ; 0                                      ; 0                                                 ; 0    ; 0 (0)  ; fast_recompile_fpga_di_inst|VectorAdd_std_ic_inst|VectorAdd_inst_0|kernel|theVectorAdd_function_aunroll_x|thebb_VectorAdd_B1_aunroll_x|thebb_VectorAdd_B1_stall_region|theredist1_i_sfc_s_c0_in_for_body_i_vectoradds_c0_enter111_vectoradd_113_1gr_aunroll_x_out_c0_exit12_aggregateComponentTag_4_x_tpl_546_fifo|ms.acl_mid_speed_fifo_inst|gen_ram.gen_m20k.altera_syncram                                                                                                                                                                                                                                                               ; altera_syncram                                                   ; N/A          ;
;                                  |auto_generated|                                                                                                                                      ; 0.0 (0.0)            ; 0.0 (0.0)                        ; 0.0 (0.0)                                         ; 0.0 (0.0)                        ; 0.0 (0.0)            ; 0 (0)               ; 0 (0)                     ; 0 (0)         ; 33792             ; 2     ; 0                        ; 0                                      ; 0                                                 ; 0    ; 0 (0)  ; fast_recompile_fpga_di_inst|VectorAdd_std_ic_inst|VectorAdd_inst_0|kernel|theVectorAdd_function_aunroll_x|thebb_VectorAdd_B1_aunroll_x|thebb_VectorAdd_B1_stall_region|theredist1_i_sfc_s_c0_in_for_body_i_vectoradds_c0_enter111_vectoradd_113_1gr_aunroll_x_out_c0_exit12_aggregateComponentTag_4_x_tpl_546_fifo|ms.acl_mid_speed_fifo_inst|gen_ram.gen_m20k.altera_syncram|auto_generated                                                                                                                                                                                                                                                ; altera_syncram_grf3                                              ; N/A          ;
;                                     |altera_syncram_impl1|                                                                                                                             ; 0.0 (0.0)            ; 0.0 (0.0)                        ; 0.0 (0.0)                                         ; 0.0 (0.0)                        ; 0.0 (0.0)            ; 0 (0)               ; 0 (0)                     ; 0 (0)         ; 33792             ; 2     ; 0                        ; 0                                      ; 0                                                 ; 0    ; 0 (0)  ; fast_recompile_fpga_di_inst|VectorAdd_std_ic_inst|VectorAdd_inst_0|kernel|theVectorAdd_function_aunroll_x|thebb_VectorAdd_B1_aunroll_x|thebb_VectorAdd_B1_stall_region|theredist1_i_sfc_s_c0_in_for_body_i_vectoradds_c0_enter111_vectoradd_113_1gr_aunroll_x_out_c0_exit12_aggregateComponentTag_4_x_tpl_546_fifo|ms.acl_mid_speed_fifo_inst|gen_ram.gen_m20k.altera_syncram|auto_generated|altera_syncram_impl1                                                                                                                                                                                                                           ; altera_syncram_impl_vgn                                          ; N/A          ;
;                               |ram_rd_addr_inst|                                                                                                                                       ; 2.7 (0.0)            ; 3.5 (0.0)                        ; 0.8 (0.0)                                         ; 0.0 (0.0)                        ; 0.0 (0.0)            ; 2 (0)               ; 10 (0)                    ; 0 (0)         ; 0                 ; 0     ; 0                        ; 0                                      ; 0                                                 ; 0    ; 0 (0)  ; fast_recompile_fpga_di_inst|VectorAdd_std_ic_inst|VectorAdd_inst_0|kernel|theVectorAdd_function_aunroll_x|thebb_VectorAdd_B1_aunroll_x|thebb_VectorAdd_B1_stall_region|theredist1_i_sfc_s_c0_in_for_body_i_vectoradds_c0_enter111_vectoradd_113_1gr_aunroll_x_out_c0_exit12_aggregateComponentTag_4_x_tpl_546_fifo|ms.acl_mid_speed_fifo_inst|ram_rd_addr_inst                                                                                                                                                                                                                                                                              ; acl_lfsr                                                         ; N/A          ;
;                                  |lfsr_inst|                                                                                                                                           ; 2.7 (2.7)            ; 3.5 (3.5)                        ; 0.8 (0.8)                                         ; 0.0 (0.0)                        ; 0.0 (0.0)            ; 2 (2)               ; 10 (10)                   ; 0 (0)         ; 0                 ; 0     ; 0                        ; 0                                      ; 0                                                 ; 0    ; 0 (0)  ; fast_recompile_fpga_di_inst|VectorAdd_std_ic_inst|VectorAdd_inst_0|kernel|theVectorAdd_function_aunroll_x|thebb_VectorAdd_B1_aunroll_x|thebb_VectorAdd_B1_stall_region|theredist1_i_sfc_s_c0_in_for_body_i_vectoradds_c0_enter111_vectoradd_113_1gr_aunroll_x_out_c0_exit12_aggregateComponentTag_4_x_tpl_546_fifo|ms.acl_mid_speed_fifo_inst|ram_rd_addr_inst|lfsr_inst                                                                                                                                                                                                                                                                    ; fibonacci_lfsr                                                   ; N/A          ;
;                               |ram_wr_addr_inst|                                                                                                                                       ; 2.8 (0.0)            ; 5.5 (0.0)                        ; 2.7 (0.0)                                         ; 0.0 (0.0)                        ; 0.0 (0.0)            ; 2 (0)               ; 10 (0)                    ; 0 (0)         ; 0                 ; 0     ; 0                        ; 0                                      ; 0                                                 ; 0    ; 0 (0)  ; fast_recompile_fpga_di_inst|VectorAdd_std_ic_inst|VectorAdd_inst_0|kernel|theVectorAdd_function_aunroll_x|thebb_VectorAdd_B1_aunroll_x|thebb_VectorAdd_B1_stall_region|theredist1_i_sfc_s_c0_in_for_body_i_vectoradds_c0_enter111_vectoradd_113_1gr_aunroll_x_out_c0_exit12_aggregateComponentTag_4_x_tpl_546_fifo|ms.acl_mid_speed_fifo_inst|ram_wr_addr_inst                                                                                                                                                                                                                                                                              ; acl_lfsr                                                         ; N/A          ;
;                                  |lfsr_inst|                                                                                                                                           ; 2.8 (2.8)            ; 5.5 (5.5)                        ; 2.7 (2.7)                                         ; 0.0 (0.0)                        ; 0.0 (0.0)            ; 2 (2)               ; 10 (10)                   ; 0 (0)         ; 0                 ; 0     ; 0                        ; 0                                      ; 0                                                 ; 0    ; 0 (0)  ; fast_recompile_fpga_di_inst|VectorAdd_std_ic_inst|VectorAdd_inst_0|kernel|theVectorAdd_function_aunroll_x|thebb_VectorAdd_B1_aunroll_x|thebb_VectorAdd_B1_stall_region|theredist1_i_sfc_s_c0_in_for_body_i_vectoradds_c0_enter111_vectoradd_113_1gr_aunroll_x_out_c0_exit12_aggregateComponentTag_4_x_tpl_546_fifo|ms.acl_mid_speed_fifo_inst|ram_wr_addr_inst|lfsr_inst                                                                                                                                                                                                                                                                    ; fibonacci_lfsr                                                   ; N/A          ;
;                               |real_almost_empty.almost_empty_inst|                                                                                                                    ; 12.4 (10.4)          ; 13.0 (11.5)                      ; 0.6 (1.1)                                         ; 0.0 (0.0)                        ; 0.0 (0.0)            ; 19 (18)             ; 19 (16)                   ; 0 (0)         ; 0                 ; 0     ; 0                        ; 0                                      ; 0                                                 ; 0    ; 0 (0)  ; fast_recompile_fpga_di_inst|VectorAdd_std_ic_inst|VectorAdd_inst_0|kernel|theVectorAdd_function_aunroll_x|thebb_VectorAdd_B1_aunroll_x|thebb_VectorAdd_B1_stall_region|theredist1_i_sfc_s_c0_in_for_body_i_vectoradds_c0_enter111_vectoradd_113_1gr_aunroll_x_out_c0_exit12_aggregateComponentTag_4_x_tpl_546_fifo|ms.acl_mid_speed_fifo_inst|real_almost_empty.almost_empty_inst                                                                                                                                                                                                                                                           ; acl_tessellated_incr_decr_threshold                              ; N/A          ;
;                                  |acl_reset_handler_inst|                                                                                                                              ; 1.5 (1.5)            ; 1.5 (1.5)                        ; 0.0 (0.0)                                         ; 0.0 (0.0)                        ; 0.0 (0.0)            ; 1 (1)               ; 3 (3)                     ; 0 (0)         ; 0                 ; 0     ; 0                        ; 0                                      ; 0                                                 ; 0    ; 0 (0)  ; fast_recompile_fpga_di_inst|VectorAdd_std_ic_inst|VectorAdd_inst_0|kernel|theVectorAdd_function_aunroll_x|thebb_VectorAdd_B1_aunroll_x|thebb_VectorAdd_B1_stall_region|theredist1_i_sfc_s_c0_in_for_body_i_vectoradds_c0_enter111_vectoradd_113_1gr_aunroll_x_out_c0_exit12_aggregateComponentTag_4_x_tpl_546_fifo|ms.acl_mid_speed_fifo_inst|real_almost_empty.almost_empty_inst|acl_reset_handler_inst                                                                                                                                                                                                                                    ; acl_reset_handler                                                ; N/A          ;
;                               |real_almost_full.almost_full_inst|                                                                                                                      ; 14.5 (12.4)          ; 15.5 (13.7)                      ; 1.5 (1.4)                                         ; 0.5 (0.0)                        ; 0.0 (0.0)            ; 21 (20)             ; 26 (23)                   ; 0 (0)         ; 0                 ; 0     ; 0                        ; 0                                      ; 0                                                 ; 0    ; 0 (0)  ; fast_recompile_fpga_di_inst|VectorAdd_std_ic_inst|VectorAdd_inst_0|kernel|theVectorAdd_function_aunroll_x|thebb_VectorAdd_B1_aunroll_x|thebb_VectorAdd_B1_stall_region|theredist1_i_sfc_s_c0_in_for_body_i_vectoradds_c0_enter111_vectoradd_113_1gr_aunroll_x_out_c0_exit12_aggregateComponentTag_4_x_tpl_546_fifo|ms.acl_mid_speed_fifo_inst|real_almost_full.almost_full_inst                                                                                                                                                                                                                                                             ; acl_tessellated_incr_decr_threshold                              ; N/A          ;
;                                  |acl_reset_handler_inst|                                                                                                                              ; 2.2 (2.2)            ; 1.8 (1.8)                        ; 0.1 (0.1)                                         ; 0.5 (0.5)                        ; 0.0 (0.0)            ; 1 (1)               ; 3 (3)                     ; 0 (0)         ; 0                 ; 0     ; 0                        ; 0                                      ; 0                                                 ; 0    ; 0 (0)  ; fast_recompile_fpga_di_inst|VectorAdd_std_ic_inst|VectorAdd_inst_0|kernel|theVectorAdd_function_aunroll_x|thebb_VectorAdd_B1_aunroll_x|thebb_VectorAdd_B1_stall_region|theredist1_i_sfc_s_c0_in_for_body_i_vectoradds_c0_enter111_vectoradd_113_1gr_aunroll_x_out_c0_exit12_aggregateComponentTag_4_x_tpl_546_fifo|ms.acl_mid_speed_fifo_inst|real_almost_full.almost_full_inst|acl_reset_handler_inst                                                                                                                                                                                                                                      ; acl_reset_handler                                                ; N/A          ;
;                   |thebb_VectorAdd_B2|                                                                                                                                                 ; 49.0 (0.0)           ; 54.3 (0.0)                       ; 7.5 (0.0)                                         ; 2.1 (0.0)                        ; 0.0 (0.0)            ; 61 (0)              ; 97 (0)                    ; 0 (0)         ; 0                 ; 0     ; 0                        ; 0                                      ; 0                                                 ; 0    ; 0 (0)  ; fast_recompile_fpga_di_inst|VectorAdd_std_ic_inst|VectorAdd_inst_0|kernel|theVectorAdd_function_aunroll_x|thebb_VectorAdd_B2                                                                                                                                                                                                                                                                                                                                                                                                                                                                                                                ; VectorAdd_bb_B2                                                  ; N/A          ;
;                      |theVectorAdd_B2_branch|                                                                                                                                          ; 20.0 (0.0)           ; 22.8 (0.0)                       ; 3.9 (0.0)                                         ; 1.1 (0.0)                        ; 0.0 (0.0)            ; 24 (0)              ; 44 (0)                    ; 0 (0)         ; 0                 ; 0     ; 0                        ; 0                                      ; 0                                                 ; 0    ; 0 (0)  ; fast_recompile_fpga_di_inst|VectorAdd_std_ic_inst|VectorAdd_inst_0|kernel|theVectorAdd_function_aunroll_x|thebb_VectorAdd_B2|theVectorAdd_B2_branch                                                                                                                                                                                                                                                                                                                                                                                                                                                                                         ; VectorAdd_B2_branch                                              ; N/A          ;
;                         |theVectorAdd_B2_branch_branch_storage|                                                                                                                        ; 20.0 (0.0)           ; 22.8 (0.0)                       ; 3.9 (0.0)                                         ; 1.1 (0.0)                        ; 0.0 (0.0)            ; 24 (0)              ; 44 (0)                    ; 0 (0)         ; 0                 ; 0     ; 0                        ; 0                                      ; 0                                                 ; 0    ; 0 (0)  ; fast_recompile_fpga_di_inst|VectorAdd_std_ic_inst|VectorAdd_inst_0|kernel|theVectorAdd_function_aunroll_x|thebb_VectorAdd_B2|theVectorAdd_B2_branch|theVectorAdd_B2_branch_branch_storage                                                                                                                                                                                                                                                                                                                                                                                                                                                   ; VectorAdd_B2_branch_branch_storage                               ; N/A          ;
;                            |theVectorAdd_B2_branch_branch_storage|                                                                                                                     ; 17.6 (0.0)           ; 21.1 (0.0)                       ; 4.1 (0.0)                                         ; 0.6 (0.0)                        ; 0.0 (0.0)            ; 24 (0)              ; 38 (0)                    ; 0 (0)         ; 0                 ; 0     ; 0                        ; 0                                      ; 0                                                 ; 0    ; 0 (0)  ; fast_recompile_fpga_di_inst|VectorAdd_std_ic_inst|VectorAdd_inst_0|kernel|theVectorAdd_function_aunroll_x|thebb_VectorAdd_B2|theVectorAdd_B2_branch|theVectorAdd_B2_branch_branch_storage|theVectorAdd_B2_branch_branch_storage                                                                                                                                                                                                                                                                                                                                                                                                             ; hld_fifo                                                         ; N/A          ;
;                               |ms.acl_mid_speed_fifo_inst|                                                                                                                             ; 17.6 (1.8)           ; 21.1 (2.3)                       ; 4.1 (0.5)                                         ; 0.6 (0.0)                        ; 0.0 (0.0)            ; 24 (4)              ; 38 (5)                    ; 0 (0)         ; 0                 ; 0     ; 0                        ; 0                                      ; 0                                                 ; 0    ; 0 (0)  ; fast_recompile_fpga_di_inst|VectorAdd_std_ic_inst|VectorAdd_inst_0|kernel|theVectorAdd_function_aunroll_x|thebb_VectorAdd_B2|theVectorAdd_B2_branch|theVectorAdd_B2_branch_branch_storage|theVectorAdd_B2_branch_branch_storage|ms.acl_mid_speed_fifo_inst                                                                                                                                                                                                                                                                                                                                                                                  ; acl_mid_speed_fifo                                               ; N/A          ;
;                                  |addr_match_inst|                                                                                                                                     ; 6.4 (4.9)            ; 7.4 (6.1)                        ; 1.0 (1.2)                                         ; 0.0 (0.0)                        ; 0.0 (0.0)            ; 9 (9)               ; 11 (8)                    ; 0 (0)         ; 0                 ; 0     ; 0                        ; 0                                      ; 0                                                 ; 0    ; 0 (0)  ; fast_recompile_fpga_di_inst|VectorAdd_std_ic_inst|VectorAdd_inst_0|kernel|theVectorAdd_function_aunroll_x|thebb_VectorAdd_B2|theVectorAdd_B2_branch|theVectorAdd_B2_branch_branch_storage|theVectorAdd_B2_branch_branch_storage|ms.acl_mid_speed_fifo_inst|addr_match_inst                                                                                                                                                                                                                                                                                                                                                                  ; acl_tessellated_incr_decr_threshold                              ; N/A          ;
;                                     |acl_reset_handler_inst|                                                                                                                           ; 1.3 (1.3)            ; 1.3 (1.3)                        ; 0.0 (0.0)                                         ; 0.0 (0.0)                        ; 0.0 (0.0)            ; 0 (0)               ; 3 (3)                     ; 0 (0)         ; 0                 ; 0     ; 0                        ; 0                                      ; 0                                                 ; 0    ; 0 (0)  ; fast_recompile_fpga_di_inst|VectorAdd_std_ic_inst|VectorAdd_inst_0|kernel|theVectorAdd_function_aunroll_x|thebb_VectorAdd_B2|theVectorAdd_B2_branch|theVectorAdd_B2_branch_branch_storage|theVectorAdd_B2_branch_branch_storage|ms.acl_mid_speed_fifo_inst|addr_match_inst|acl_reset_handler_inst                                                                                                                                                                                                                                                                                                                                           ; acl_reset_handler                                                ; N/A          ;
;                                  |gen_real_stall_out.stall_out_inst|                                                                                                                   ; 2.3 (0.3)            ; 2.0 (0.5)                        ; 0.2 (0.2)                                         ; 0.5 (0.0)                        ; 0.0 (0.0)            ; 1 (1)               ; 4 (1)                     ; 0 (0)         ; 0                 ; 0     ; 0                        ; 0                                      ; 0                                                 ; 0    ; 0 (0)  ; fast_recompile_fpga_di_inst|VectorAdd_std_ic_inst|VectorAdd_inst_0|kernel|theVectorAdd_function_aunroll_x|thebb_VectorAdd_B2|theVectorAdd_B2_branch|theVectorAdd_B2_branch_branch_storage|theVectorAdd_B2_branch_branch_storage|ms.acl_mid_speed_fifo_inst|gen_real_stall_out.stall_out_inst                                                                                                                                                                                                                                                                                                                                                ; acl_tessellated_incr_decr_threshold                              ; N/A          ;
;                                     |acl_reset_handler_inst|                                                                                                                           ; 2.0 (2.0)            ; 1.5 (1.5)                        ; 0.0 (0.0)                                         ; 0.5 (0.5)                        ; 0.0 (0.0)            ; 0 (0)               ; 3 (3)                     ; 0 (0)         ; 0                 ; 0     ; 0                        ; 0                                      ; 0                                                 ; 0    ; 0 (0)  ; fast_recompile_fpga_di_inst|VectorAdd_std_ic_inst|VectorAdd_inst_0|kernel|theVectorAdd_function_aunroll_x|thebb_VectorAdd_B2|theVectorAdd_B2_branch|theVectorAdd_B2_branch_branch_storage|theVectorAdd_B2_branch_branch_storage|ms.acl_mid_speed_fifo_inst|gen_real_stall_out.stall_out_inst|acl_reset_handler_inst                                                                                                                                                                                                                                                                                                                         ; acl_reset_handler                                                ; N/A          ;
;                                  |real_almost_full.almost_full_inst|                                                                                                                   ; 7.2 (5.7)            ; 9.4 (7.9)                        ; 2.4 (2.4)                                         ; 0.1 (0.1)                        ; 0.0 (0.0)            ; 10 (10)             ; 18 (15)                   ; 0 (0)         ; 0                 ; 0     ; 0                        ; 0                                      ; 0                                                 ; 0    ; 0 (0)  ; fast_recompile_fpga_di_inst|VectorAdd_std_ic_inst|VectorAdd_inst_0|kernel|theVectorAdd_function_aunroll_x|thebb_VectorAdd_B2|theVectorAdd_B2_branch|theVectorAdd_B2_branch_branch_storage|theVectorAdd_B2_branch_branch_storage|ms.acl_mid_speed_fifo_inst|real_almost_full.almost_full_inst                                                                                                                                                                                                                                                                                                                                                ; acl_tessellated_incr_decr_threshold                              ; N/A          ;
;                                     |acl_reset_handler_inst|                                                                                                                           ; 1.5 (1.5)            ; 1.5 (1.5)                        ; 0.0 (0.0)                                         ; 0.0 (0.0)                        ; 0.0 (0.0)            ; 0 (0)               ; 3 (3)                     ; 0 (0)         ; 0                 ; 0     ; 0                        ; 0                                      ; 0                                                 ; 0    ; 0 (0)  ; fast_recompile_fpga_di_inst|VectorAdd_std_ic_inst|VectorAdd_inst_0|kernel|theVectorAdd_function_aunroll_x|thebb_VectorAdd_B2|theVectorAdd_B2_branch|theVectorAdd_B2_branch_branch_storage|theVectorAdd_B2_branch_branch_storage|ms.acl_mid_speed_fifo_inst|real_almost_full.almost_full_inst|acl_reset_handler_inst                                                                                                                                                                                                                                                                                                                         ; acl_reset_handler                                                ; N/A          ;
;                            |therst_sync|                                                                                                                                               ; 2.2 (2.2)            ; 1.7 (1.7)                        ; 0.0 (0.0)                                         ; 0.5 (0.5)                        ; 0.0 (0.0)            ; 0 (0)               ; 6 (6)                     ; 0 (0)         ; 0                 ; 0     ; 0                        ; 0                                      ; 0                                                 ; 0    ; 0 (0)  ; fast_recompile_fpga_di_inst|VectorAdd_std_ic_inst|VectorAdd_inst_0|kernel|theVectorAdd_function_aunroll_x|thebb_VectorAdd_B2|theVectorAdd_B2_branch|theVectorAdd_B2_branch_branch_storage|therst_sync                                                                                                                                                                                                                                                                                                                                                                                                                                       ; acl_reset_handler                                                ; N/A          ;
;                      |theVectorAdd_B2_merge|                                                                                                                                           ; 28.5 (0.0)           ; 31.0 (0.0)                       ; 3.5 (0.0)                                         ; 1.0 (0.0)                        ; 0.0 (0.0)            ; 37 (0)              ; 51 (0)                    ; 0 (0)         ; 0                 ; 0     ; 0                        ; 0                                      ; 0                                                 ; 0    ; 0 (0)  ; fast_recompile_fpga_di_inst|VectorAdd_std_ic_inst|VectorAdd_inst_0|kernel|theVectorAdd_function_aunroll_x|thebb_VectorAdd_B2|theVectorAdd_B2_merge                                                                                                                                                                                                                                                                                                                                                                                                                                                                                          ; VectorAdd_B2_merge                                               ; N/A          ;
;                         |theVectorAdd_B2_merge_storage|                                                                                                                                ; 28.5 (0.0)           ; 31.0 (0.0)                       ; 3.5 (0.0)                                         ; 1.0 (0.0)                        ; 0.0 (0.0)            ; 37 (0)              ; 51 (0)                    ; 0 (0)         ; 0                 ; 0     ; 0                        ; 0                                      ; 0                                                 ; 0    ; 0 (0)  ; fast_recompile_fpga_di_inst|VectorAdd_std_ic_inst|VectorAdd_inst_0|kernel|theVectorAdd_function_aunroll_x|thebb_VectorAdd_B2|theVectorAdd_B2_merge|theVectorAdd_B2_merge_storage                                                                                                                                                                                                                                                                                                                                                                                                                                                            ; VectorAdd_B2_merge_storage                                       ; N/A          ;
;                            |theVectorAdd_B2_merge_storage|                                                                                                                             ; 26.2 (0.0)           ; 28.8 (0.0)                       ; 3.1 (0.0)                                         ; 0.5 (0.0)                        ; 0.0 (0.0)            ; 37 (0)              ; 45 (0)                    ; 0 (0)         ; 0                 ; 0     ; 0                        ; 0                                      ; 0                                                 ; 0    ; 0 (0)  ; fast_recompile_fpga_di_inst|VectorAdd_std_ic_inst|VectorAdd_inst_0|kernel|theVectorAdd_function_aunroll_x|thebb_VectorAdd_B2|theVectorAdd_B2_merge|theVectorAdd_B2_merge_storage|theVectorAdd_B2_merge_storage                                                                                                                                                                                                                                                                                                                                                                                                                              ; hld_fifo                                                         ; N/A          ;
;                               |ms.acl_mid_speed_fifo_inst|                                                                                                                             ; 26.2 (2.4)           ; 28.8 (3.0)                       ; 3.1 (0.6)                                         ; 0.5 (0.0)                        ; 0.0 (0.0)            ; 37 (6)              ; 45 (5)                    ; 0 (0)         ; 0                 ; 0     ; 0                        ; 0                                      ; 0                                                 ; 0    ; 0 (0)  ; fast_recompile_fpga_di_inst|VectorAdd_std_ic_inst|VectorAdd_inst_0|kernel|theVectorAdd_function_aunroll_x|thebb_VectorAdd_B2|theVectorAdd_B2_merge|theVectorAdd_B2_merge_storage|theVectorAdd_B2_merge_storage|ms.acl_mid_speed_fifo_inst                                                                                                                                                                                                                                                                                                                                                                                                   ; acl_mid_speed_fifo                                               ; N/A          ;
;                                  |addr_match_inst|                                                                                                                                     ; 6.6 (5.2)            ; 7.0 (5.7)                        ; 0.4 (0.4)                                         ; 0.0 (0.0)                        ; 0.0 (0.0)            ; 10 (10)             ; 11 (8)                    ; 0 (0)         ; 0                 ; 0     ; 0                        ; 0                                      ; 0                                                 ; 0    ; 0 (0)  ; fast_recompile_fpga_di_inst|VectorAdd_std_ic_inst|VectorAdd_inst_0|kernel|theVectorAdd_function_aunroll_x|thebb_VectorAdd_B2|theVectorAdd_B2_merge|theVectorAdd_B2_merge_storage|theVectorAdd_B2_merge_storage|ms.acl_mid_speed_fifo_inst|addr_match_inst                                                                                                                                                                                                                                                                                                                                                                                   ; acl_tessellated_incr_decr_threshold                              ; N/A          ;
;                                     |acl_reset_handler_inst|                                                                                                                           ; 1.3 (1.3)            ; 1.3 (1.3)                        ; 0.0 (0.0)                                         ; 0.0 (0.0)                        ; 0.0 (0.0)            ; 0 (0)               ; 3 (3)                     ; 0 (0)         ; 0                 ; 0     ; 0                        ; 0                                      ; 0                                                 ; 0    ; 0 (0)  ; fast_recompile_fpga_di_inst|VectorAdd_std_ic_inst|VectorAdd_inst_0|kernel|theVectorAdd_function_aunroll_x|thebb_VectorAdd_B2|theVectorAdd_B2_merge|theVectorAdd_B2_merge_storage|theVectorAdd_B2_merge_storage|ms.acl_mid_speed_fifo_inst|addr_match_inst|acl_reset_handler_inst                                                                                                                                                                                                                                                                                                                                                            ; acl_reset_handler                                                ; N/A          ;
;                                  |gen_real_stall_out.stall_out_inst|                                                                                                                   ; 7.6 (6.1)            ; 8.1 (6.8)                        ; 0.5 (0.7)                                         ; 0.0 (0.0)                        ; 0.0 (0.0)            ; 10 (10)             ; 12 (9)                    ; 0 (0)         ; 0                 ; 0     ; 0                        ; 0                                      ; 0                                                 ; 0    ; 0 (0)  ; fast_recompile_fpga_di_inst|VectorAdd_std_ic_inst|VectorAdd_inst_0|kernel|theVectorAdd_function_aunroll_x|thebb_VectorAdd_B2|theVectorAdd_B2_merge|theVectorAdd_B2_merge_storage|theVectorAdd_B2_merge_storage|ms.acl_mid_speed_fifo_inst|gen_real_stall_out.stall_out_inst                                                                                                                                                                                                                                                                                                                                                                 ; acl_tessellated_incr_decr_threshold                              ; N/A          ;
;                                     |acl_reset_handler_inst|                                                                                                                           ; 1.3 (1.3)            ; 1.3 (1.3)                        ; 0.0 (0.0)                                         ; 0.0 (0.0)                        ; 0.0 (0.0)            ; 0 (0)               ; 3 (3)                     ; 0 (0)         ; 0                 ; 0     ; 0                        ; 0                                      ; 0                                                 ; 0    ; 0 (0)  ; fast_recompile_fpga_di_inst|VectorAdd_std_ic_inst|VectorAdd_inst_0|kernel|theVectorAdd_function_aunroll_x|thebb_VectorAdd_B2|theVectorAdd_B2_merge|theVectorAdd_B2_merge_storage|theVectorAdd_B2_merge_storage|ms.acl_mid_speed_fifo_inst|gen_real_stall_out.stall_out_inst|acl_reset_handler_inst                                                                                                                                                                                                                                                                                                                                          ; acl_reset_handler                                                ; N/A          ;
;                                  |real_almost_full.almost_full_inst|                                                                                                                   ; 9.8 (7.8)            ; 10.8 (9.3)                       ; 1.5 (1.5)                                         ; 0.5 (0.0)                        ; 0.0 (0.0)            ; 11 (11)             ; 17 (14)                   ; 0 (0)         ; 0                 ; 0     ; 0                        ; 0                                      ; 0                                                 ; 0    ; 0 (0)  ; fast_recompile_fpga_di_inst|VectorAdd_std_ic_inst|VectorAdd_inst_0|kernel|theVectorAdd_function_aunroll_x|thebb_VectorAdd_B2|theVectorAdd_B2_merge|theVectorAdd_B2_merge_storage|theVectorAdd_B2_merge_storage|ms.acl_mid_speed_fifo_inst|real_almost_full.almost_full_inst                                                                                                                                                                                                                                                                                                                                                                 ; acl_tessellated_incr_decr_threshold                              ; N/A          ;
;                                     |acl_reset_handler_inst|                                                                                                                           ; 2.0 (2.0)            ; 1.5 (1.5)                        ; 0.0 (0.0)                                         ; 0.5 (0.5)                        ; 0.0 (0.0)            ; 0 (0)               ; 3 (3)                     ; 0 (0)         ; 0                 ; 0     ; 0                        ; 0                                      ; 0                                                 ; 0    ; 0 (0)  ; fast_recompile_fpga_di_inst|VectorAdd_std_ic_inst|VectorAdd_inst_0|kernel|theVectorAdd_function_aunroll_x|thebb_VectorAdd_B2|theVectorAdd_B2_merge|theVectorAdd_B2_merge_storage|theVectorAdd_B2_merge_storage|ms.acl_mid_speed_fifo_inst|real_almost_full.almost_full_inst|acl_reset_handler_inst                                                                                                                                                                                                                                                                                                                                          ; acl_reset_handler                                                ; N/A          ;
;                            |therst_sync|                                                                                                                                               ; 2.2 (2.2)            ; 2.2 (2.2)                        ; 0.5 (0.5)                                         ; 0.5 (0.5)                        ; 0.0 (0.0)            ; 0 (0)               ; 6 (6)                     ; 0 (0)         ; 0                 ; 0     ; 0                        ; 0                                      ; 0                                                 ; 0    ; 0 (0)  ; fast_recompile_fpga_di_inst|VectorAdd_std_ic_inst|VectorAdd_inst_0|kernel|theVectorAdd_function_aunroll_x|thebb_VectorAdd_B2|theVectorAdd_B2_merge|theVectorAdd_B2_merge_storage|therst_sync                                                                                                                                                                                                                                                                                                                                                                                                                                                ; acl_reset_handler                                                ; N/A          ;
;                      |thebb_VectorAdd_B2_stall_region|                                                                                                                                 ; 0.5 (0.5)            ; 0.5 (0.5)                        ; 0.0 (0.0)                                         ; 0.0 (0.0)                        ; 0.0 (0.0)            ; 0 (0)               ; 2 (2)                     ; 0 (0)         ; 0                 ; 0     ; 0                        ; 0                                      ; 0                                                 ; 0    ; 0 (0)  ; fast_recompile_fpga_di_inst|VectorAdd_std_ic_inst|VectorAdd_inst_0|kernel|theVectorAdd_function_aunroll_x|thebb_VectorAdd_B2|thebb_VectorAdd_B2_stall_region                                                                                                                                                                                                                                                                                                                                                                                                                                                                                ; VectorAdd_bb_B2_stall_region                                     ; N/A          ;
;                |therst_sync|                                                                                                                                                           ; 2.5 (2.5)            ; 2.3 (2.3)                        ; 0.3 (0.3)                                         ; 0.5 (0.5)                        ; 0.0 (0.0)            ; 0 (0)               ; 6 (6)                     ; 0 (0)         ; 0                 ; 0     ; 0                        ; 0                                      ; 0                                                 ; 0    ; 0 (0)  ; fast_recompile_fpga_di_inst|VectorAdd_std_ic_inst|VectorAdd_inst_0|kernel|therst_sync                                                                                                                                                                                                                                                                                                                                                                                                                                                                                                                                                       ; acl_reset_handler                                                ; N/A          ;
;          |VectorAdd_start_elem_inst_0|                                                                                                                                                 ; 2.6 (0.6)            ; 2.5 (1.0)                        ; 0.4 (0.4)                                         ; 0.5 (0.0)                        ; 0.0 (0.0)            ; 2 (2)               ; 5 (2)                     ; 0 (0)         ; 0                 ; 0     ; 0                        ; 0                                      ; 0                                                 ; 0    ; 0 (0)  ; fast_recompile_fpga_di_inst|VectorAdd_std_ic_inst|VectorAdd_start_elem_inst_0                                                                                                                                                                                                                                                                                                                                                                                                                                                                                                                                                               ; acl_start_signal_chain_element                                   ; N/A          ;
;             |acl_reset_handler_inst|                                                                                                                                                   ; 2.0 (2.0)            ; 1.5 (1.5)                        ; 0.0 (0.0)                                         ; 0.5 (0.5)                        ; 0.0 (0.0)            ; 0 (0)               ; 3 (3)                     ; 0 (0)         ; 0                 ; 0     ; 0                        ; 0                                      ; 0                                                 ; 0    ; 0 (0)  ; fast_recompile_fpga_di_inst|VectorAdd_std_ic_inst|VectorAdd_start_elem_inst_0|acl_reset_handler_inst                                                                                                                                                                                                                                                                                                                                                                                                                                                                                                                                        ; acl_reset_handler                                                ; N/A          ;
;          |VectorAdd_task_finish_detector_inst_0|                                                                                                                                       ; 3.2 (1.1)            ; 3.4 (1.7)                        ; 0.7 (0.6)                                         ; 0.5 (0.0)                        ; 0.0 (0.0)            ; 2 (2)               ; 7 (3)                     ; 0 (0)         ; 0                 ; 0     ; 0                        ; 0                                      ; 0                                                 ; 0    ; 0 (0)  ; fast_recompile_fpga_di_inst|VectorAdd_std_ic_inst|VectorAdd_task_finish_detector_inst_0                                                                                                                                                                                                                                                                                                                                                                                                                                                                                                                                                     ; acl_task_copy_finish_detector                                    ; N/A          ;
;             |acl_reset_handler_inst|                                                                                                                                                   ; 2.2 (2.2)            ; 1.7 (1.7)                        ; 0.0 (0.0)                                         ; 0.5 (0.5)                        ; 0.0 (0.0)            ; 0 (0)               ; 4 (4)                     ; 0 (0)         ; 0                 ; 0     ; 0                        ; 0                                      ; 0                                                 ; 0    ; 0 (0)  ; fast_recompile_fpga_di_inst|VectorAdd_std_ic_inst|VectorAdd_task_finish_detector_inst_0|acl_reset_handler_inst                                                                                                                                                                                                                                                                                                                                                                                                                                                                                                                              ; acl_reset_handler                                                ; N/A          ;
;       |cra_ring_wrapper_inst|                                                                                                                                                          ; 9.1 (0.0)            ; 9.1 (0.0)                        ; 0.5 (0.0)                                         ; 0.5 (0.0)                        ; 0.0 (0.0)            ; 21 (0)              ; 7 (0)                     ; 0 (0)         ; 0                 ; 0     ; 0                        ; 0                                      ; 0                                                 ; 0    ; 0 (0)  ; fast_recompile_fpga_di_inst|cra_ring_wrapper_inst                                                                                                                                                                                                                                                                                                                                                                                                                                                                                                                                                                                           ; cra_ring_wrapper                                                 ; N/A          ;
;          |cra_root|                                                                                                                                                                    ; 3.9 (1.2)            ; 3.6 (1.2)                        ; 0.2 (0.1)                                         ; 0.5 (0.0)                        ; 0.0 (0.0)            ; 4 (3)               ; 7 (1)                     ; 0 (0)         ; 0                 ; 0     ; 0                        ; 0                                      ; 0                                                 ; 0    ; 0 (0)  ; fast_recompile_fpga_di_inst|cra_ring_wrapper_inst|cra_root                                                                                                                                                                                                                                                                                                                                                                                                                                                                                                                                                                                  ; cra_ring_root                                                    ; N/A          ;
;             |acl_reset_handler_inst|                                                                                                                                                   ; 2.7 (2.7)            ; 2.3 (2.3)                        ; 0.1 (0.1)                                         ; 0.5 (0.5)                        ; 0.0 (0.0)            ; 1 (1)               ; 6 (6)                     ; 0 (0)         ; 0                 ; 0     ; 0                        ; 0                                      ; 0                                                 ; 0    ; 0 (0)  ; fast_recompile_fpga_di_inst|cra_ring_wrapper_inst|cra_root|acl_reset_handler_inst                                                                                                                                                                                                                                                                                                                                                                                                                                                                                                                                                           ; acl_reset_handler                                                ; N/A          ;
;          |csr_ring_node_avm_wire_0_cra_ring_inst_0|                                                                                                                                    ; 5.2 (5.2)            ; 5.5 (5.5)                        ; 0.3 (0.3)                                         ; 0.0 (0.0)                        ; 0.0 (0.0)            ; 17 (17)             ; 0 (0)                     ; 0 (0)         ; 0                 ; 0     ; 0                        ; 0                                      ; 0                                                 ; 0    ; 0 (0)  ; fast_recompile_fpga_di_inst|cra_ring_wrapper_inst|csr_ring_node_avm_wire_0_cra_ring_inst_0                                                                                                                                                                                                                                                                                                                                                                                                                                                                                                                                                  ; cra_ring_node                                                    ; N/A          ;
;       |lsu_ic_top_gmem|                                                                                                                                                                ; 424.6 (0.2)          ; 519.3 (0.3)                      ; 98.5 (0.2)                                        ; 3.8 (0.0)                        ; 60.0 (0.0)           ; 481 (0)             ; 1045 (1)                  ; 0 (0)         ; 72192             ; 5     ; 0                        ; 0                                      ; 0                                                 ; 0    ; 0 (0)  ; fast_recompile_fpga_di_inst|lsu_ic_top_gmem                                                                                                                                                                                                                                                                                                                                                                                                                                                                                                                                                                                                 ; lsu_ic_top                                                       ; N/A          ;
;          |GEN_SIMPLE.lsu_ic|                                                                                                                                                           ; 422.5 (138.5)        ; 517.5 (182.2)                    ; 98.3 (45.1)                                       ; 3.3 (1.3)                        ; 60.0 (0.0)           ; 481 (201)           ; 1041 (425)                ; 0 (0)         ; 72192             ; 5     ; 0                        ; 0                                      ; 0                                                 ; 0    ; 0 (0)  ; fast_recompile_fpga_di_inst|lsu_ic_top_gmem|GEN_SIMPLE.lsu_ic                                                                                                                                                                                                                                                                                                                                                                                                                                                                                                                                                                               ; lsu_token_ring                                                   ; N/A          ;
;             |GEN_HYPER_PIPELINE_1.GEN_DISABLE_DATA_REORDER.GEN_DATA_VALID[0].lsu_rd_back|                                                                                              ; 68.7 (17.5)          ; 82.7 (24.9)                      ; 14.6 (7.5)                                        ; 0.6 (0.1)                        ; 0.0 (0.0)            ; 75 (5)              ; 243 (138)                 ; 0 (0)         ; 1536              ; 1     ; 0                        ; 0                                      ; 0                                                 ; 0    ; 0 (0)  ; fast_recompile_fpga_di_inst|lsu_ic_top_gmem|GEN_SIMPLE.lsu_ic|GEN_HYPER_PIPELINE_1.GEN_DISABLE_DATA_REORDER.GEN_DATA_VALID[0].lsu_rd_back                                                                                                                                                                                                                                                                                                                                                                                                                                                                                                   ; lsu_rd_back                                                      ; N/A          ;
;                |acl_reset_handler_inst|                                                                                                                                                ; 1.5 (1.5)            ; 2.0 (2.0)                        ; 0.5 (0.5)                                         ; 0.0 (0.0)                        ; 0.0 (0.0)            ; 1 (1)               ; 10 (10)                   ; 0 (0)         ; 0                 ; 0     ; 0                        ; 0                                      ; 0                                                 ; 0    ; 0 (0)  ; fast_recompile_fpga_di_inst|lsu_ic_top_gmem|GEN_SIMPLE.lsu_ic|GEN_HYPER_PIPELINE_1.GEN_DISABLE_DATA_REORDER.GEN_DATA_VALID[0].lsu_rd_back|acl_reset_handler_inst                                                                                                                                                                                                                                                                                                                                                                                                                                                                            ; acl_reset_handler                                                ; N/A          ;
;                |avm_read_req_fifo|                                                                                                                                                     ; 47.9 (0.0)           ; 53.6 (0.0)                       ; 6.2 (0.0)                                         ; 0.5 (0.0)                        ; 0.0 (0.0)            ; 67 (0)              ; 88 (0)                    ; 0 (0)         ; 1536              ; 1     ; 0                        ; 0                                      ; 0                                                 ; 0    ; 0 (0)  ; fast_recompile_fpga_di_inst|lsu_ic_top_gmem|GEN_SIMPLE.lsu_ic|GEN_HYPER_PIPELINE_1.GEN_DISABLE_DATA_REORDER.GEN_DATA_VALID[0].lsu_rd_back|avm_read_req_fifo                                                                                                                                                                                                                                                                                                                                                                                                                                                                                 ; hld_fifo                                                         ; N/A          ;
;                   |ms.acl_mid_speed_fifo_inst|                                                                                                                                         ; 47.9 (3.9)           ; 53.6 (5.7)                       ; 6.2 (1.7)                                         ; 0.5 (0.0)                        ; 0.0 (0.0)            ; 67 (10)             ; 88 (9)                    ; 0 (0)         ; 1536              ; 1     ; 0                        ; 0                                      ; 0                                                 ; 0    ; 0 (0)  ; fast_recompile_fpga_di_inst|lsu_ic_top_gmem|GEN_SIMPLE.lsu_ic|GEN_HYPER_PIPELINE_1.GEN_DISABLE_DATA_REORDER.GEN_DATA_VALID[0].lsu_rd_back|avm_read_req_fifo|ms.acl_mid_speed_fifo_inst                                                                                                                                                                                                                                                                                                                                                                                                                                                      ; acl_mid_speed_fifo                                               ; N/A          ;
;                      |addr_match_inst|                                                                                                                                                 ; 11.6 (10.1)          ; 12.2 (11.0)                      ; 0.6 (0.9)                                         ; 0.0 (0.0)                        ; 0.0 (0.0)            ; 17 (17)             ; 17 (14)                   ; 0 (0)         ; 0                 ; 0     ; 0                        ; 0                                      ; 0                                                 ; 0    ; 0 (0)  ; fast_recompile_fpga_di_inst|lsu_ic_top_gmem|GEN_SIMPLE.lsu_ic|GEN_HYPER_PIPELINE_1.GEN_DISABLE_DATA_REORDER.GEN_DATA_VALID[0].lsu_rd_back|avm_read_req_fifo|ms.acl_mid_speed_fifo_inst|addr_match_inst                                                                                                                                                                                                                                                                                                                                                                                                                                      ; acl_tessellated_incr_decr_threshold                              ; N/A          ;
;                         |acl_reset_handler_inst|                                                                                                                                       ; 1.2 (1.2)            ; 1.2 (1.2)                        ; 0.0 (0.0)                                         ; 0.0 (0.0)                        ; 0.0 (0.0)            ; 0 (0)               ; 3 (3)                     ; 0 (0)         ; 0                 ; 0     ; 0                        ; 0                                      ; 0                                                 ; 0    ; 0 (0)  ; fast_recompile_fpga_di_inst|lsu_ic_top_gmem|GEN_SIMPLE.lsu_ic|GEN_HYPER_PIPELINE_1.GEN_DISABLE_DATA_REORDER.GEN_DATA_VALID[0].lsu_rd_back|avm_read_req_fifo|ms.acl_mid_speed_fifo_inst|addr_match_inst|acl_reset_handler_inst                                                                                                                                                                                                                                                                                                                                                                                                               ; acl_reset_handler                                                ; N/A          ;
;                      |gen_ram.gen_m20k.altera_syncram|                                                                                                                                 ; 0.0 (0.0)            ; 0.0 (0.0)                        ; 0.0 (0.0)                                         ; 0.0 (0.0)                        ; 0.0 (0.0)            ; 0 (0)               ; 0 (0)                     ; 0 (0)         ; 1536              ; 1     ; 0                        ; 0                                      ; 0                                                 ; 0    ; 0 (0)  ; fast_recompile_fpga_di_inst|lsu_ic_top_gmem|GEN_SIMPLE.lsu_ic|GEN_HYPER_PIPELINE_1.GEN_DISABLE_DATA_REORDER.GEN_DATA_VALID[0].lsu_rd_back|avm_read_req_fifo|ms.acl_mid_speed_fifo_inst|gen_ram.gen_m20k.altera_syncram                                                                                                                                                                                                                                                                                                                                                                                                                      ; altera_syncram                                                   ; N/A          ;
;                         |auto_generated|                                                                                                                                               ; 0.0 (0.0)            ; 0.0 (0.0)                        ; 0.0 (0.0)                                         ; 0.0 (0.0)                        ; 0.0 (0.0)            ; 0 (0)               ; 0 (0)                     ; 0 (0)         ; 1536              ; 1     ; 0                        ; 0                                      ; 0                                                 ; 0    ; 0 (0)  ; fast_recompile_fpga_di_inst|lsu_ic_top_gmem|GEN_SIMPLE.lsu_ic|GEN_HYPER_PIPELINE_1.GEN_DISABLE_DATA_REORDER.GEN_DATA_VALID[0].lsu_rd_back|avm_read_req_fifo|ms.acl_mid_speed_fifo_inst|gen_ram.gen_m20k.altera_syncram|auto_generated                                                                                                                                                                                                                                                                                                                                                                                                       ; altera_syncram_4fnn                                              ; N/A          ;
;                            |altera_syncram_impl1|                                                                                                                                      ; 0.0 (0.0)            ; 0.0 (0.0)                        ; 0.0 (0.0)                                         ; 0.0 (0.0)                        ; 0.0 (0.0)            ; 0 (0)               ; 0 (0)                     ; 0 (0)         ; 1536              ; 1     ; 0                        ; 0                                      ; 0                                                 ; 0    ; 0 (0)  ; fast_recompile_fpga_di_inst|lsu_ic_top_gmem|GEN_SIMPLE.lsu_ic|GEN_HYPER_PIPELINE_1.GEN_DISABLE_DATA_REORDER.GEN_DATA_VALID[0].lsu_rd_back|avm_read_req_fifo|ms.acl_mid_speed_fifo_inst|gen_ram.gen_m20k.altera_syncram|auto_generated|altera_syncram_impl1                                                                                                                                                                                                                                                                                                                                                                                  ; altera_syncram_impl_jitk                                         ; N/A          ;
;                      |gen_real_stall_out.stall_out_inst|                                                                                                                               ; 12.4 (10.9)          ; 12.7 (11.2)                      ; 0.3 (0.3)                                         ; 0.0 (0.0)                        ; 0.0 (0.0)            ; 17 (17)             ; 18 (15)                   ; 0 (0)         ; 0                 ; 0     ; 0                        ; 0                                      ; 0                                                 ; 0    ; 0 (0)  ; fast_recompile_fpga_di_inst|lsu_ic_top_gmem|GEN_SIMPLE.lsu_ic|GEN_HYPER_PIPELINE_1.GEN_DISABLE_DATA_REORDER.GEN_DATA_VALID[0].lsu_rd_back|avm_read_req_fifo|ms.acl_mid_speed_fifo_inst|gen_real_stall_out.stall_out_inst                                                                                                                                                                                                                                                                                                                                                                                                                    ; acl_tessellated_incr_decr_threshold                              ; N/A          ;
;                         |acl_reset_handler_inst|                                                                                                                                       ; 1.5 (1.5)            ; 1.5 (1.5)                        ; 0.0 (0.0)                                         ; 0.0 (0.0)                        ; 0.0 (0.0)            ; 0 (0)               ; 3 (3)                     ; 0 (0)         ; 0                 ; 0     ; 0                        ; 0                                      ; 0                                                 ; 0    ; 0 (0)  ; fast_recompile_fpga_di_inst|lsu_ic_top_gmem|GEN_SIMPLE.lsu_ic|GEN_HYPER_PIPELINE_1.GEN_DISABLE_DATA_REORDER.GEN_DATA_VALID[0].lsu_rd_back|avm_read_req_fifo|ms.acl_mid_speed_fifo_inst|gen_real_stall_out.stall_out_inst|acl_reset_handler_inst                                                                                                                                                                                                                                                                                                                                                                                             ; acl_reset_handler                                                ; N/A          ;
;                      |ram_rd_addr_inst|                                                                                                                                                ; 3.5 (0.0)            ; 4.0 (0.0)                        ; 0.5 (0.0)                                         ; 0.0 (0.0)                        ; 0.0 (0.0)            ; 2 (0)               ; 9 (0)                     ; 0 (0)         ; 0                 ; 0     ; 0                        ; 0                                      ; 0                                                 ; 0    ; 0 (0)  ; fast_recompile_fpga_di_inst|lsu_ic_top_gmem|GEN_SIMPLE.lsu_ic|GEN_HYPER_PIPELINE_1.GEN_DISABLE_DATA_REORDER.GEN_DATA_VALID[0].lsu_rd_back|avm_read_req_fifo|ms.acl_mid_speed_fifo_inst|ram_rd_addr_inst                                                                                                                                                                                                                                                                                                                                                                                                                                     ; acl_lfsr                                                         ; N/A          ;
;                         |lfsr_inst|                                                                                                                                                    ; 3.5 (3.5)            ; 4.0 (4.0)                        ; 0.5 (0.5)                                         ; 0.0 (0.0)                        ; 0.0 (0.0)            ; 2 (2)               ; 9 (9)                     ; 0 (0)         ; 0                 ; 0     ; 0                        ; 0                                      ; 0                                                 ; 0    ; 0 (0)  ; fast_recompile_fpga_di_inst|lsu_ic_top_gmem|GEN_SIMPLE.lsu_ic|GEN_HYPER_PIPELINE_1.GEN_DISABLE_DATA_REORDER.GEN_DATA_VALID[0].lsu_rd_back|avm_read_req_fifo|ms.acl_mid_speed_fifo_inst|ram_rd_addr_inst|lfsr_inst                                                                                                                                                                                                                                                                                                                                                                                                                           ; fibonacci_lfsr                                                   ; N/A          ;
;                      |ram_wr_addr_inst|                                                                                                                                                ; 2.1 (0.0)            ; 4.0 (0.0)                        ; 1.9 (0.0)                                         ; 0.0 (0.0)                        ; 0.0 (0.0)            ; 2 (0)               ; 9 (0)                     ; 0 (0)         ; 0                 ; 0     ; 0                        ; 0                                      ; 0                                                 ; 0    ; 0 (0)  ; fast_recompile_fpga_di_inst|lsu_ic_top_gmem|GEN_SIMPLE.lsu_ic|GEN_HYPER_PIPELINE_1.GEN_DISABLE_DATA_REORDER.GEN_DATA_VALID[0].lsu_rd_back|avm_read_req_fifo|ms.acl_mid_speed_fifo_inst|ram_wr_addr_inst                                                                                                                                                                                                                                                                                                                                                                                                                                     ; acl_lfsr                                                         ; N/A          ;
;                         |lfsr_inst|                                                                                                                                                    ; 2.1 (2.1)            ; 4.0 (4.0)                        ; 1.9 (1.9)                                         ; 0.0 (0.0)                        ; 0.0 (0.0)            ; 2 (2)               ; 9 (9)                     ; 0 (0)         ; 0                 ; 0     ; 0                        ; 0                                      ; 0                                                 ; 0    ; 0 (0)  ; fast_recompile_fpga_di_inst|lsu_ic_top_gmem|GEN_SIMPLE.lsu_ic|GEN_HYPER_PIPELINE_1.GEN_DISABLE_DATA_REORDER.GEN_DATA_VALID[0].lsu_rd_back|avm_read_req_fifo|ms.acl_mid_speed_fifo_inst|ram_wr_addr_inst|lfsr_inst                                                                                                                                                                                                                                                                                                                                                                                                                           ; fibonacci_lfsr                                                   ; N/A          ;
;                      |real_almost_full.almost_full_inst|                                                                                                                               ; 14.4 (12.4)          ; 15.0 (13.5)                      ; 1.1 (1.1)                                         ; 0.5 (0.0)                        ; 0.0 (0.0)            ; 19 (18)             ; 26 (23)                   ; 0 (0)         ; 0                 ; 0     ; 0                        ; 0                                      ; 0                                                 ; 0    ; 0 (0)  ; fast_recompile_fpga_di_inst|lsu_ic_top_gmem|GEN_SIMPLE.lsu_ic|GEN_HYPER_PIPELINE_1.GEN_DISABLE_DATA_REORDER.GEN_DATA_VALID[0].lsu_rd_back|avm_read_req_fifo|ms.acl_mid_speed_fifo_inst|real_almost_full.almost_full_inst                                                                                                                                                                                                                                                                                                                                                                                                                    ; acl_tessellated_incr_decr_threshold                              ; N/A          ;
;                         |acl_reset_handler_inst|                                                                                                                                       ; 2.0 (2.0)            ; 1.5 (1.5)                        ; 0.0 (0.0)                                         ; 0.5 (0.5)                        ; 0.0 (0.0)            ; 1 (1)               ; 3 (3)                     ; 0 (0)         ; 0                 ; 0     ; 0                        ; 0                                      ; 0                                                 ; 0    ; 0 (0)  ; fast_recompile_fpga_di_inst|lsu_ic_top_gmem|GEN_SIMPLE.lsu_ic|GEN_HYPER_PIPELINE_1.GEN_DISABLE_DATA_REORDER.GEN_DATA_VALID[0].lsu_rd_back|avm_read_req_fifo|ms.acl_mid_speed_fifo_inst|real_almost_full.almost_full_inst|acl_reset_handler_inst                                                                                                                                                                                                                                                                                                                                                                                             ; acl_reset_handler                                                ; N/A          ;
;                |avm_read_req_fifo_skid_buffer|                                                                                                                                         ; 1.9 (1.5)            ; 2.2 (1.8)                        ; 0.4 (0.3)                                         ; 0.0 (0.0)                        ; 0.0 (0.0)            ; 2 (2)               ; 7 (4)                     ; 0 (0)         ; 0                 ; 0     ; 0                        ; 0                                      ; 0                                                 ; 0    ; 0 (0)  ; fast_recompile_fpga_di_inst|lsu_ic_top_gmem|GEN_SIMPLE.lsu_ic|GEN_HYPER_PIPELINE_1.GEN_DISABLE_DATA_REORDER.GEN_DATA_VALID[0].lsu_rd_back|avm_read_req_fifo_skid_buffer                                                                                                                                                                                                                                                                                                                                                                                                                                                                     ; acl_skid_buffer                                                  ; N/A          ;
;                   |acl_reset_handler_inst|                                                                                                                                             ; 0.4 (0.4)            ; 0.5 (0.5)                        ; 0.1 (0.1)                                         ; 0.0 (0.0)                        ; 0.0 (0.0)            ; 0 (0)               ; 3 (3)                     ; 0 (0)         ; 0                 ; 0     ; 0                        ; 0                                      ; 0                                                 ; 0    ; 0 (0)  ; fast_recompile_fpga_di_inst|lsu_ic_top_gmem|GEN_SIMPLE.lsu_ic|GEN_HYPER_PIPELINE_1.GEN_DISABLE_DATA_REORDER.GEN_DATA_VALID[0].lsu_rd_back|avm_read_req_fifo_skid_buffer|acl_reset_handler_inst                                                                                                                                                                                                                                                                                                                                                                                                                                              ; acl_reset_handler                                                ; N/A          ;
;             |GEN_HYPER_PIPELINE_1.GEN_HOST_ROOT_FIFO[0].GEN_ENABLE_HOST_ROOT_FIFO.host_root_fifo|                                                                                      ; 96.6 (0.0)           ; 98.3 (0.0)                       ; 1.7 (0.0)                                         ; 0.0 (0.0)                        ; 60.0 (0.0)           ; 53 (0)              ; 53 (0)                    ; 0 (0)         ; 0                 ; 0     ; 0                        ; 0                                      ; 0                                                 ; 0    ; 0 (0)  ; fast_recompile_fpga_di_inst|lsu_ic_top_gmem|GEN_SIMPLE.lsu_ic|GEN_HYPER_PIPELINE_1.GEN_HOST_ROOT_FIFO[0].GEN_ENABLE_HOST_ROOT_FIFO.host_root_fifo                                                                                                                                                                                                                                                                                                                                                                                                                                                                                           ; hld_fifo                                                         ; N/A          ;
;                |ms.acl_mid_speed_fifo_inst|                                                                                                                                            ; 96.6 (4.0)           ; 98.3 (4.3)                       ; 1.7 (0.3)                                         ; 0.0 (0.0)                        ; 60.0 (0.0)           ; 53 (7)              ; 53 (8)                    ; 0 (0)         ; 0                 ; 0     ; 0                        ; 0                                      ; 0                                                 ; 0    ; 0 (0)  ; fast_recompile_fpga_di_inst|lsu_ic_top_gmem|GEN_SIMPLE.lsu_ic|GEN_HYPER_PIPELINE_1.GEN_HOST_ROOT_FIFO[0].GEN_ENABLE_HOST_ROOT_FIFO.host_root_fifo|ms.acl_mid_speed_fifo_inst                                                                                                                                                                                                                                                                                                                                                                                                                                                                ; acl_mid_speed_fifo                                               ; N/A          ;
;                   |addr_match_inst|                                                                                                                                                    ; 8.0 (6.2)            ; 8.3 (6.7)                        ; 0.3 (0.5)                                         ; 0.0 (0.0)                        ; 0.0 (0.0)            ; 11 (10)             ; 11 (8)                    ; 0 (0)         ; 0                 ; 0     ; 0                        ; 0                                      ; 0                                                 ; 0    ; 0 (0)  ; fast_recompile_fpga_di_inst|lsu_ic_top_gmem|GEN_SIMPLE.lsu_ic|GEN_HYPER_PIPELINE_1.GEN_HOST_ROOT_FIFO[0].GEN_ENABLE_HOST_ROOT_FIFO.host_root_fifo|ms.acl_mid_speed_fifo_inst|addr_match_inst                                                                                                                                                                                                                                                                                                                                                                                                                                                ; acl_tessellated_incr_decr_threshold                              ; N/A          ;
;                      |acl_reset_handler_inst|                                                                                                                                          ; 1.7 (1.7)            ; 1.7 (1.7)                        ; 0.0 (0.0)                                         ; 0.0 (0.0)                        ; 0.0 (0.0)            ; 1 (1)               ; 3 (3)                     ; 0 (0)         ; 0                 ; 0     ; 0                        ; 0                                      ; 0                                                 ; 0    ; 0 (0)  ; fast_recompile_fpga_di_inst|lsu_ic_top_gmem|GEN_SIMPLE.lsu_ic|GEN_HYPER_PIPELINE_1.GEN_HOST_ROOT_FIFO[0].GEN_ENABLE_HOST_ROOT_FIFO.host_root_fifo|ms.acl_mid_speed_fifo_inst|addr_match_inst|acl_reset_handler_inst                                                                                                                                                                                                                                                                                                                                                                                                                         ; acl_reset_handler                                                ; N/A          ;
;                   |gen_ram.gen_mlab.altdpram_component|                                                                                                                                ; 60.0 (0.0)           ; 60.0 (0.0)                       ; 0.0 (0.0)                                         ; 0.0 (0.0)                        ; 60.0 (0.0)           ; 0 (0)               ; 0 (0)                     ; 0 (0)         ; 0                 ; 0     ; 0                        ; 0                                      ; 0                                                 ; 0    ; 0 (0)  ; fast_recompile_fpga_di_inst|lsu_ic_top_gmem|GEN_SIMPLE.lsu_ic|GEN_HYPER_PIPELINE_1.GEN_HOST_ROOT_FIFO[0].GEN_ENABLE_HOST_ROOT_FIFO.host_root_fifo|ms.acl_mid_speed_fifo_inst|gen_ram.gen_mlab.altdpram_component                                                                                                                                                                                                                                                                                                                                                                                                                            ; altdpram                                                         ; N/A          ;
;                      |auto_generated|                                                                                                                                                  ; 60.0 (60.0)          ; 60.0 (60.0)                      ; 0.0 (0.0)                                         ; 0.0 (0.0)                        ; 60.0 (60.0)          ; 0 (0)               ; 0 (0)                     ; 0 (0)         ; 0                 ; 0     ; 0                        ; 0                                      ; 0                                                 ; 0    ; 0 (0)  ; fast_recompile_fpga_di_inst|lsu_ic_top_gmem|GEN_SIMPLE.lsu_ic|GEN_HYPER_PIPELINE_1.GEN_HOST_ROOT_FIFO[0].GEN_ENABLE_HOST_ROOT_FIFO.host_root_fifo|ms.acl_mid_speed_fifo_inst|gen_ram.gen_mlab.altdpram_component|auto_generated                                                                                                                                                                                                                                                                                                                                                                                                             ; dpram_3nqf1                                                      ; N/A          ;
;                   |gen_real_stall_out.stall_out_inst|                                                                                                                                  ; 8.7 (7.0)            ; 8.7 (7.0)                        ; 0.0 (0.0)                                         ; 0.0 (0.0)                        ; 0.0 (0.0)            ; 11 (10)             ; 12 (9)                    ; 0 (0)         ; 0                 ; 0     ; 0                        ; 0                                      ; 0                                                 ; 0    ; 0 (0)  ; fast_recompile_fpga_di_inst|lsu_ic_top_gmem|GEN_SIMPLE.lsu_ic|GEN_HYPER_PIPELINE_1.GEN_HOST_ROOT_FIFO[0].GEN_ENABLE_HOST_ROOT_FIFO.host_root_fifo|ms.acl_mid_speed_fifo_inst|gen_real_stall_out.stall_out_inst                                                                                                                                                                                                                                                                                                                                                                                                                              ; acl_tessellated_incr_decr_threshold                              ; N/A          ;
;                      |acl_reset_handler_inst|                                                                                                                                          ; 1.7 (1.7)            ; 1.7 (1.7)                        ; 0.0 (0.0)                                         ; 0.0 (0.0)                        ; 0.0 (0.0)            ; 1 (1)               ; 3 (3)                     ; 0 (0)         ; 0                 ; 0     ; 0                        ; 0                                      ; 0                                                 ; 0    ; 0 (0)  ; fast_recompile_fpga_di_inst|lsu_ic_top_gmem|GEN_SIMPLE.lsu_ic|GEN_HYPER_PIPELINE_1.GEN_HOST_ROOT_FIFO[0].GEN_ENABLE_HOST_ROOT_FIFO.host_root_fifo|ms.acl_mid_speed_fifo_inst|gen_real_stall_out.stall_out_inst|acl_reset_handler_inst                                                                                                                                                                                                                                                                                                                                                                                                       ; acl_reset_handler                                                ; N/A          ;
;                   |ram_rd_addr_inst|                                                                                                                                                   ; 3.0 (0.0)            ; 3.2 (0.0)                        ; 0.2 (0.0)                                         ; 0.0 (0.0)                        ; 0.0 (0.0)            ; 6 (0)               ; 5 (0)                     ; 0 (0)         ; 0                 ; 0     ; 0                        ; 0                                      ; 0                                                 ; 0    ; 0 (0)  ; fast_recompile_fpga_di_inst|lsu_ic_top_gmem|GEN_SIMPLE.lsu_ic|GEN_HYPER_PIPELINE_1.GEN_HOST_ROOT_FIFO[0].GEN_ENABLE_HOST_ROOT_FIFO.host_root_fifo|ms.acl_mid_speed_fifo_inst|ram_rd_addr_inst                                                                                                                                                                                                                                                                                                                                                                                                                                               ; acl_lfsr                                                         ; N/A          ;
;                      |lfsr_inst|                                                                                                                                                       ; 3.0 (3.0)            ; 3.2 (3.2)                        ; 0.2 (0.2)                                         ; 0.0 (0.0)                        ; 0.0 (0.0)            ; 6 (6)               ; 5 (5)                     ; 0 (0)         ; 0                 ; 0     ; 0                        ; 0                                      ; 0                                                 ; 0    ; 0 (0)  ; fast_recompile_fpga_di_inst|lsu_ic_top_gmem|GEN_SIMPLE.lsu_ic|GEN_HYPER_PIPELINE_1.GEN_HOST_ROOT_FIFO[0].GEN_ENABLE_HOST_ROOT_FIFO.host_root_fifo|ms.acl_mid_speed_fifo_inst|ram_rd_addr_inst|lfsr_inst                                                                                                                                                                                                                                                                                                                                                                                                                                     ; fibonacci_lfsr                                                   ; N/A          ;
;                   |ram_wr_addr_inst|                                                                                                                                                   ; 2.9 (0.0)            ; 2.9 (0.0)                        ; 0.0 (0.0)                                         ; 0.0 (0.0)                        ; 0.0 (0.0)            ; 6 (0)               ; 5 (0)                     ; 0 (0)         ; 0                 ; 0     ; 0                        ; 0                                      ; 0                                                 ; 0    ; 0 (0)  ; fast_recompile_fpga_di_inst|lsu_ic_top_gmem|GEN_SIMPLE.lsu_ic|GEN_HYPER_PIPELINE_1.GEN_HOST_ROOT_FIFO[0].GEN_ENABLE_HOST_ROOT_FIFO.host_root_fifo|ms.acl_mid_speed_fifo_inst|ram_wr_addr_inst                                                                                                                                                                                                                                                                                                                                                                                                                                               ; acl_lfsr                                                         ; N/A          ;
;                      |lfsr_inst|                                                                                                                                                       ; 2.9 (2.9)            ; 2.9 (2.9)                        ; 0.0 (0.0)                                         ; 0.0 (0.0)                        ; 0.0 (0.0)            ; 6 (6)               ; 5 (5)                     ; 0 (0)         ; 0                 ; 0     ; 0                        ; 0                                      ; 0                                                 ; 0    ; 0 (0)  ; fast_recompile_fpga_di_inst|lsu_ic_top_gmem|GEN_SIMPLE.lsu_ic|GEN_HYPER_PIPELINE_1.GEN_HOST_ROOT_FIFO[0].GEN_ENABLE_HOST_ROOT_FIFO.host_root_fifo|ms.acl_mid_speed_fifo_inst|ram_wr_addr_inst|lfsr_inst                                                                                                                                                                                                                                                                                                                                                                                                                                     ; fibonacci_lfsr                                                   ; N/A          ;
;                   |real_almost_full.almost_full_inst|                                                                                                                                  ; 9.4 (8.2)            ; 10.8 (9.2)                       ; 1.4 (1.0)                                         ; 0.0 (0.0)                        ; 0.0 (0.0)            ; 12 (11)             ; 12 (9)                    ; 0 (0)         ; 0                 ; 0     ; 0                        ; 0                                      ; 0                                                 ; 0    ; 0 (0)  ; fast_recompile_fpga_di_inst|lsu_ic_top_gmem|GEN_SIMPLE.lsu_ic|GEN_HYPER_PIPELINE_1.GEN_HOST_ROOT_FIFO[0].GEN_ENABLE_HOST_ROOT_FIFO.host_root_fifo|ms.acl_mid_speed_fifo_inst|real_almost_full.almost_full_inst                                                                                                                                                                                                                                                                                                                                                                                                                              ; acl_tessellated_incr_decr_threshold                              ; N/A          ;
;                      |acl_reset_handler_inst|                                                                                                                                          ; 1.2 (1.2)            ; 1.7 (1.7)                        ; 0.5 (0.5)                                         ; 0.0 (0.0)                        ; 0.0 (0.0)            ; 1 (1)               ; 3 (3)                     ; 0 (0)         ; 0                 ; 0     ; 0                        ; 0                                      ; 0                                                 ; 0    ; 0 (0)  ; fast_recompile_fpga_di_inst|lsu_ic_top_gmem|GEN_SIMPLE.lsu_ic|GEN_HYPER_PIPELINE_1.GEN_HOST_ROOT_FIFO[0].GEN_ENABLE_HOST_ROOT_FIFO.host_root_fifo|ms.acl_mid_speed_fifo_inst|real_almost_full.almost_full_inst|acl_reset_handler_inst                                                                                                                                                                                                                                                                                                                                                                                                       ; acl_reset_handler                                                ; N/A          ;
;             |GEN_HYPER_PIPELINE_1.GEN_MULTIPLE_PORT.GEN_ENABLE_RD.GEN_RD_SET[0].read_root_fifo|                                                                                        ; 21.1 (0.0)           ; 25.9 (0.0)                       ; 4.8 (0.0)                                         ; 0.0 (0.0)                        ; 0.0 (0.0)            ; 30 (0)              ; 44 (0)                    ; 0 (0)         ; 16896             ; 1     ; 0                        ; 0                                      ; 0                                                 ; 0    ; 0 (0)  ; fast_recompile_fpga_di_inst|lsu_ic_top_gmem|GEN_SIMPLE.lsu_ic|GEN_HYPER_PIPELINE_1.GEN_MULTIPLE_PORT.GEN_ENABLE_RD.GEN_RD_SET[0].read_root_fifo                                                                                                                                                                                                                                                                                                                                                                                                                                                                                             ; hld_fifo                                                         ; N/A          ;
;                |ms.acl_mid_speed_fifo_inst|                                                                                                                                            ; 21.1 (4.1)           ; 25.9 (5.7)                       ; 4.8 (1.6)                                         ; 0.0 (0.0)                        ; 0.0 (0.0)            ; 30 (9)              ; 44 (9)                    ; 0 (0)         ; 16896             ; 1     ; 0                        ; 0                                      ; 0                                                 ; 0    ; 0 (0)  ; fast_recompile_fpga_di_inst|lsu_ic_top_gmem|GEN_SIMPLE.lsu_ic|GEN_HYPER_PIPELINE_1.GEN_MULTIPLE_PORT.GEN_ENABLE_RD.GEN_RD_SET[0].read_root_fifo|ms.acl_mid_speed_fifo_inst                                                                                                                                                                                                                                                                                                                                                                                                                                                                  ; acl_mid_speed_fifo                                               ; N/A          ;
;                   |addr_match_inst|                                                                                                                                                    ; 11.0 (9.6)           ; 12.2 (11.0)                      ; 1.2 (1.4)                                         ; 0.0 (0.0)                        ; 0.0 (0.0)            ; 17 (17)             ; 17 (14)                   ; 0 (0)         ; 0                 ; 0     ; 0                        ; 0                                      ; 0                                                 ; 0    ; 0 (0)  ; fast_recompile_fpga_di_inst|lsu_ic_top_gmem|GEN_SIMPLE.lsu_ic|GEN_HYPER_PIPELINE_1.GEN_MULTIPLE_PORT.GEN_ENABLE_RD.GEN_RD_SET[0].read_root_fifo|ms.acl_mid_speed_fifo_inst|addr_match_inst                                                                                                                                                                                                                                                                                                                                                                                                                                                  ; acl_tessellated_incr_decr_threshold                              ; N/A          ;
;                      |acl_reset_handler_inst|                                                                                                                                          ; 1.2 (1.2)            ; 1.2 (1.2)                        ; 0.0 (0.0)                                         ; 0.0 (0.0)                        ; 0.0 (0.0)            ; 0 (0)               ; 3 (3)                     ; 0 (0)         ; 0                 ; 0     ; 0                        ; 0                                      ; 0                                                 ; 0    ; 0 (0)  ; fast_recompile_fpga_di_inst|lsu_ic_top_gmem|GEN_SIMPLE.lsu_ic|GEN_HYPER_PIPELINE_1.GEN_MULTIPLE_PORT.GEN_ENABLE_RD.GEN_RD_SET[0].read_root_fifo|ms.acl_mid_speed_fifo_inst|addr_match_inst|acl_reset_handler_inst                                                                                                                                                                                                                                                                                                                                                                                                                           ; acl_reset_handler                                                ; N/A          ;
;                   |gen_ram.gen_m20k.altera_syncram|                                                                                                                                    ; 0.0 (0.0)            ; 0.0 (0.0)                        ; 0.0 (0.0)                                         ; 0.0 (0.0)                        ; 0.0 (0.0)            ; 0 (0)               ; 0 (0)                     ; 0 (0)         ; 16896             ; 1     ; 0                        ; 0                                      ; 0                                                 ; 0    ; 0 (0)  ; fast_recompile_fpga_di_inst|lsu_ic_top_gmem|GEN_SIMPLE.lsu_ic|GEN_HYPER_PIPELINE_1.GEN_MULTIPLE_PORT.GEN_ENABLE_RD.GEN_RD_SET[0].read_root_fifo|ms.acl_mid_speed_fifo_inst|gen_ram.gen_m20k.altera_syncram                                                                                                                                                                                                                                                                                                                                                                                                                                  ; altera_syncram                                                   ; N/A          ;
;                      |auto_generated|                                                                                                                                                  ; 0.0 (0.0)            ; 0.0 (0.0)                        ; 0.0 (0.0)                                         ; 0.0 (0.0)                        ; 0.0 (0.0)            ; 0 (0)               ; 0 (0)                     ; 0 (0)         ; 16896             ; 1     ; 0                        ; 0                                      ; 0                                                 ; 0    ; 0 (0)  ; fast_recompile_fpga_di_inst|lsu_ic_top_gmem|GEN_SIMPLE.lsu_ic|GEN_HYPER_PIPELINE_1.GEN_MULTIPLE_PORT.GEN_ENABLE_RD.GEN_RD_SET[0].read_root_fifo|ms.acl_mid_speed_fifo_inst|gen_ram.gen_m20k.altera_syncram|auto_generated                                                                                                                                                                                                                                                                                                                                                                                                                   ; altera_syncram_fkgi1                                             ; N/A          ;
;                         |altera_syncram_impl1|                                                                                                                                         ; 0.0 (0.0)            ; 0.0 (0.0)                        ; 0.0 (0.0)                                         ; 0.0 (0.0)                        ; 0.0 (0.0)            ; 0 (0)               ; 0 (0)                     ; 0 (0)         ; 16896             ; 1     ; 0                        ; 0                                      ; 0                                                 ; 0    ; 0 (0)  ; fast_recompile_fpga_di_inst|lsu_ic_top_gmem|GEN_SIMPLE.lsu_ic|GEN_HYPER_PIPELINE_1.GEN_MULTIPLE_PORT.GEN_ENABLE_RD.GEN_RD_SET[0].read_root_fifo|ms.acl_mid_speed_fifo_inst|gen_ram.gen_m20k.altera_syncram|auto_generated|altera_syncram_impl1                                                                                                                                                                                                                                                                                                                                                                                              ; altera_syncram_impl_lo4a1                                        ; N/A          ;
;                   |ram_rd_addr_inst|                                                                                                                                                   ; 3.3 (0.0)            ; 3.3 (0.0)                        ; 0.0 (0.0)                                         ; 0.0 (0.0)                        ; 0.0 (0.0)            ; 2 (0)               ; 9 (0)                     ; 0 (0)         ; 0                 ; 0     ; 0                        ; 0                                      ; 0                                                 ; 0    ; 0 (0)  ; fast_recompile_fpga_di_inst|lsu_ic_top_gmem|GEN_SIMPLE.lsu_ic|GEN_HYPER_PIPELINE_1.GEN_MULTIPLE_PORT.GEN_ENABLE_RD.GEN_RD_SET[0].read_root_fifo|ms.acl_mid_speed_fifo_inst|ram_rd_addr_inst                                                                                                                                                                                                                                                                                                                                                                                                                                                 ; acl_lfsr                                                         ; N/A          ;
;                      |lfsr_inst|                                                                                                                                                       ; 3.3 (3.3)            ; 3.3 (3.3)                        ; 0.0 (0.0)                                         ; 0.0 (0.0)                        ; 0.0 (0.0)            ; 2 (2)               ; 9 (9)                     ; 0 (0)         ; 0                 ; 0     ; 0                        ; 0                                      ; 0                                                 ; 0    ; 0 (0)  ; fast_recompile_fpga_di_inst|lsu_ic_top_gmem|GEN_SIMPLE.lsu_ic|GEN_HYPER_PIPELINE_1.GEN_MULTIPLE_PORT.GEN_ENABLE_RD.GEN_RD_SET[0].read_root_fifo|ms.acl_mid_speed_fifo_inst|ram_rd_addr_inst|lfsr_inst                                                                                                                                                                                                                                                                                                                                                                                                                                       ; fibonacci_lfsr                                                   ; N/A          ;
;                   |ram_wr_addr_inst|                                                                                                                                                   ; 2.7 (0.0)            ; 4.8 (0.0)                        ; 2.1 (0.0)                                         ; 0.0 (0.0)                        ; 0.0 (0.0)            ; 2 (0)               ; 9 (0)                     ; 0 (0)         ; 0                 ; 0     ; 0                        ; 0                                      ; 0                                                 ; 0    ; 0 (0)  ; fast_recompile_fpga_di_inst|lsu_ic_top_gmem|GEN_SIMPLE.lsu_ic|GEN_HYPER_PIPELINE_1.GEN_MULTIPLE_PORT.GEN_ENABLE_RD.GEN_RD_SET[0].read_root_fifo|ms.acl_mid_speed_fifo_inst|ram_wr_addr_inst                                                                                                                                                                                                                                                                                                                                                                                                                                                 ; acl_lfsr                                                         ; N/A          ;
;                      |lfsr_inst|                                                                                                                                                       ; 2.7 (2.7)            ; 4.8 (4.8)                        ; 2.1 (2.1)                                         ; 0.0 (0.0)                        ; 0.0 (0.0)            ; 2 (2)               ; 9 (9)                     ; 0 (0)         ; 0                 ; 0     ; 0                        ; 0                                      ; 0                                                 ; 0    ; 0 (0)  ; fast_recompile_fpga_di_inst|lsu_ic_top_gmem|GEN_SIMPLE.lsu_ic|GEN_HYPER_PIPELINE_1.GEN_MULTIPLE_PORT.GEN_ENABLE_RD.GEN_RD_SET[0].read_root_fifo|ms.acl_mid_speed_fifo_inst|ram_wr_addr_inst|lfsr_inst                                                                                                                                                                                                                                                                                                                                                                                                                                       ; fibonacci_lfsr                                                   ; N/A          ;
;             |GEN_HYPER_PIPELINE_1.GEN_MULTIPLE_PORT.GEN_ENABLE_RD.rd_ring|                                                                                                             ; 19.3 (0.0)           ; 25.9 (0.0)                       ; 8.0 (0.0)                                         ; 1.3 (0.0)                        ; 0.0 (0.0)            ; 43 (0)              ; 53 (0)                    ; 0 (0)         ; 0                 ; 0     ; 0                        ; 0                                      ; 0                                                 ; 0    ; 0 (0)  ; fast_recompile_fpga_di_inst|lsu_ic_top_gmem|GEN_SIMPLE.lsu_ic|GEN_HYPER_PIPELINE_1.GEN_MULTIPLE_PORT.GEN_ENABLE_RD.rd_ring                                                                                                                                                                                                                                                                                                                                                                                                                                                                                                                  ; lsu_n_token                                                      ; N/A          ;
;                |GEN_ENABLE_FAST.lsu_n_fast|                                                                                                                                            ; 19.3 (18.2)          ; 25.9 (23.7)                      ; 8.0 (6.8)                                         ; 1.3 (1.3)                        ; 0.0 (0.0)            ; 43 (43)             ; 53 (43)                   ; 0 (0)         ; 0                 ; 0     ; 0                        ; 0                                      ; 0                                                 ; 0    ; 0 (0)  ; fast_recompile_fpga_di_inst|lsu_ic_top_gmem|GEN_SIMPLE.lsu_ic|GEN_HYPER_PIPELINE_1.GEN_MULTIPLE_PORT.GEN_ENABLE_RD.rd_ring|GEN_ENABLE_FAST.lsu_n_fast                                                                                                                                                                                                                                                                                                                                                                                                                                                                                       ; lsu_n_fast                                                       ; N/A          ;
;                   |acl_reset_handler_inst|                                                                                                                                             ; 1.0 (1.0)            ; 2.2 (2.2)                        ; 1.2 (1.2)                                         ; 0.0 (0.0)                        ; 0.0 (0.0)            ; 0 (0)               ; 10 (10)                   ; 0 (0)         ; 0                 ; 0     ; 0                        ; 0                                      ; 0                                                 ; 0    ; 0 (0)  ; fast_recompile_fpga_di_inst|lsu_ic_top_gmem|GEN_SIMPLE.lsu_ic|GEN_HYPER_PIPELINE_1.GEN_MULTIPLE_PORT.GEN_ENABLE_RD.rd_ring|GEN_ENABLE_FAST.lsu_n_fast|acl_reset_handler_inst                                                                                                                                                                                                                                                                                                                                                                                                                                                                ; acl_reset_handler                                                ; N/A          ;
;             |GEN_HYPER_PIPELINE_1.GEN_MULTIPLE_PORT.GEN_ENABLE_WRITE_RING.GEN_SINGLE_WR_RING.wr_ring|                                                                                  ; 30.2 (0.0)           ; 41.4 (0.0)                       ; 11.3 (0.0)                                        ; 0.0 (0.0)                        ; 0.0 (0.0)            ; 14 (0)              ; 123 (0)                   ; 0 (0)         ; 0                 ; 0     ; 0                        ; 0                                      ; 0                                                 ; 0    ; 0 (0)  ; fast_recompile_fpga_di_inst|lsu_ic_top_gmem|GEN_SIMPLE.lsu_ic|GEN_HYPER_PIPELINE_1.GEN_MULTIPLE_PORT.GEN_ENABLE_WRITE_RING.GEN_SINGLE_WR_RING.wr_ring                                                                                                                                                                                                                                                                                                                                                                                                                                                                                       ; lsu_n_token                                                      ; N/A          ;
;                |GEN_DISABLE_FAST.GEN_IC[0].ic|                                                                                                                                         ; 30.2 (29.1)          ; 41.4 (38.9)                      ; 11.3 (9.8)                                        ; 0.0 (0.0)                        ; 0.0 (0.0)            ; 14 (14)             ; 123 (113)                 ; 0 (0)         ; 0                 ; 0     ; 0                        ; 0                                      ; 0                                                 ; 0    ; 0 (0)  ; fast_recompile_fpga_di_inst|lsu_ic_top_gmem|GEN_SIMPLE.lsu_ic|GEN_HYPER_PIPELINE_1.GEN_MULTIPLE_PORT.GEN_ENABLE_WRITE_RING.GEN_SINGLE_WR_RING.wr_ring|GEN_DISABLE_FAST.GEN_IC[0].ic                                                                                                                                                                                                                                                                                                                                                                                                                                                         ; lsu_ic_token                                                     ; N/A          ;
;                   |acl_reset_handler_inst|                                                                                                                                             ; 1.1 (1.1)            ; 2.5 (2.5)                        ; 1.4 (1.4)                                         ; 0.0 (0.0)                        ; 0.0 (0.0)            ; 0 (0)               ; 10 (10)                   ; 0 (0)         ; 0                 ; 0     ; 0                        ; 0                                      ; 0                                                 ; 0    ; 0 (0)  ; fast_recompile_fpga_di_inst|lsu_ic_top_gmem|GEN_SIMPLE.lsu_ic|GEN_HYPER_PIPELINE_1.GEN_MULTIPLE_PORT.GEN_ENABLE_WRITE_RING.GEN_SINGLE_WR_RING.wr_ring|GEN_DISABLE_FAST.GEN_IC[0].ic|acl_reset_handler_inst                                                                                                                                                                                                                                                                                                                                                                                                                                  ; acl_reset_handler                                                ; N/A          ;
;             |GEN_HYPER_PIPELINE_1.GEN_MULTIPLE_PORT.GEN_ENABLE_WRITE_RING.GEN_WR_ROOT_FIFOS[0].write_root_fifo|                                                                        ; 34.4 (0.0)           ; 42.8 (0.0)                       ; 8.4 (0.0)                                         ; 0.0 (0.0)                        ; 0.0 (0.0)            ; 48 (0)              ; 68 (0)                    ; 0 (0)         ; 53760             ; 3     ; 0                        ; 0                                      ; 0                                                 ; 0    ; 0 (0)  ; fast_recompile_fpga_di_inst|lsu_ic_top_gmem|GEN_SIMPLE.lsu_ic|GEN_HYPER_PIPELINE_1.GEN_MULTIPLE_PORT.GEN_ENABLE_WRITE_RING.GEN_WR_ROOT_FIFOS[0].write_root_fifo                                                                                                                                                                                                                                                                                                                                                                                                                                                                             ; hld_fifo                                                         ; N/A          ;
;                |ms.acl_mid_speed_fifo_inst|                                                                                                                                            ; 34.4 (4.2)           ; 42.8 (5.8)                       ; 8.4 (1.6)                                         ; 0.0 (0.0)                        ; 0.0 (0.0)            ; 48 (9)              ; 68 (9)                    ; 0 (0)         ; 53760             ; 3     ; 0                        ; 0                                      ; 0                                                 ; 0    ; 0 (0)  ; fast_recompile_fpga_di_inst|lsu_ic_top_gmem|GEN_SIMPLE.lsu_ic|GEN_HYPER_PIPELINE_1.GEN_MULTIPLE_PORT.GEN_ENABLE_WRITE_RING.GEN_WR_ROOT_FIFOS[0].write_root_fifo|ms.acl_mid_speed_fifo_inst                                                                                                                                                                                                                                                                                                                                                                                                                                                  ; acl_mid_speed_fifo                                               ; N/A          ;
;                   |addr_match_inst|                                                                                                                                                    ; 11.4 (9.9)           ; 13.0 (11.5)                      ; 1.6 (1.6)                                         ; 0.0 (0.0)                        ; 0.0 (0.0)            ; 17 (17)             ; 17 (14)                   ; 0 (0)         ; 0                 ; 0     ; 0                        ; 0                                      ; 0                                                 ; 0    ; 0 (0)  ; fast_recompile_fpga_di_inst|lsu_ic_top_gmem|GEN_SIMPLE.lsu_ic|GEN_HYPER_PIPELINE_1.GEN_MULTIPLE_PORT.GEN_ENABLE_WRITE_RING.GEN_WR_ROOT_FIFOS[0].write_root_fifo|ms.acl_mid_speed_fifo_inst|addr_match_inst                                                                                                                                                                                                                                                                                                                                                                                                                                  ; acl_tessellated_incr_decr_threshold                              ; N/A          ;
;                      |acl_reset_handler_inst|                                                                                                                                          ; 1.5 (1.5)            ; 1.5 (1.5)                        ; 0.0 (0.0)                                         ; 0.0 (0.0)                        ; 0.0 (0.0)            ; 0 (0)               ; 3 (3)                     ; 0 (0)         ; 0                 ; 0     ; 0                        ; 0                                      ; 0                                                 ; 0    ; 0 (0)  ; fast_recompile_fpga_di_inst|lsu_ic_top_gmem|GEN_SIMPLE.lsu_ic|GEN_HYPER_PIPELINE_1.GEN_MULTIPLE_PORT.GEN_ENABLE_WRITE_RING.GEN_WR_ROOT_FIFOS[0].write_root_fifo|ms.acl_mid_speed_fifo_inst|addr_match_inst|acl_reset_handler_inst                                                                                                                                                                                                                                                                                                                                                                                                           ; acl_reset_handler                                                ; N/A          ;
;                   |gen_ram.gen_m20k.altera_syncram|                                                                                                                                    ; 0.0 (0.0)            ; 0.0 (0.0)                        ; 0.0 (0.0)                                         ; 0.0 (0.0)                        ; 0.0 (0.0)            ; 0 (0)               ; 0 (0)                     ; 0 (0)         ; 53760             ; 3     ; 0                        ; 0                                      ; 0                                                 ; 0    ; 0 (0)  ; fast_recompile_fpga_di_inst|lsu_ic_top_gmem|GEN_SIMPLE.lsu_ic|GEN_HYPER_PIPELINE_1.GEN_MULTIPLE_PORT.GEN_ENABLE_WRITE_RING.GEN_WR_ROOT_FIFOS[0].write_root_fifo|ms.acl_mid_speed_fifo_inst|gen_ram.gen_m20k.altera_syncram                                                                                                                                                                                                                                                                                                                                                                                                                  ; altera_syncram                                                   ; N/A          ;
;                      |auto_generated|                                                                                                                                                  ; 0.0 (0.0)            ; 0.0 (0.0)                        ; 0.0 (0.0)                                         ; 0.0 (0.0)                        ; 0.0 (0.0)            ; 0 (0)               ; 0 (0)                     ; 0 (0)         ; 53760             ; 3     ; 0                        ; 0                                      ; 0                                                 ; 0    ; 0 (0)  ; fast_recompile_fpga_di_inst|lsu_ic_top_gmem|GEN_SIMPLE.lsu_ic|GEN_HYPER_PIPELINE_1.GEN_MULTIPLE_PORT.GEN_ENABLE_WRITE_RING.GEN_WR_ROOT_FIFOS[0].write_root_fifo|ms.acl_mid_speed_fifo_inst|gen_ram.gen_m20k.altera_syncram|auto_generated                                                                                                                                                                                                                                                                                                                                                                                                   ; altera_syncram_7f472                                             ; N/A          ;
;                         |altera_syncram_impl1|                                                                                                                                         ; 0.0 (0.0)            ; 0.0 (0.0)                        ; 0.0 (0.0)                                         ; 0.0 (0.0)                        ; 0.0 (0.0)            ; 0 (0)               ; 0 (0)                     ; 0 (0)         ; 53760             ; 3     ; 0                        ; 0                                      ; 0                                                 ; 0    ; 0 (0)  ; fast_recompile_fpga_di_inst|lsu_ic_top_gmem|GEN_SIMPLE.lsu_ic|GEN_HYPER_PIPELINE_1.GEN_MULTIPLE_PORT.GEN_ENABLE_WRITE_RING.GEN_WR_ROOT_FIFOS[0].write_root_fifo|ms.acl_mid_speed_fifo_inst|gen_ram.gen_m20k.altera_syncram|auto_generated|altera_syncram_impl1                                                                                                                                                                                                                                                                                                                                                                              ; altera_syncram_impl_q7l7                                         ; N/A          ;
;                   |ram_rd_addr_inst|                                                                                                                                                   ; 2.6 (0.0)            ; 4.2 (0.0)                        ; 1.5 (0.0)                                         ; 0.0 (0.0)                        ; 0.0 (0.0)            ; 2 (0)               ; 9 (0)                     ; 0 (0)         ; 0                 ; 0     ; 0                        ; 0                                      ; 0                                                 ; 0    ; 0 (0)  ; fast_recompile_fpga_di_inst|lsu_ic_top_gmem|GEN_SIMPLE.lsu_ic|GEN_HYPER_PIPELINE_1.GEN_MULTIPLE_PORT.GEN_ENABLE_WRITE_RING.GEN_WR_ROOT_FIFOS[0].write_root_fifo|ms.acl_mid_speed_fifo_inst|ram_rd_addr_inst                                                                                                                                                                                                                                                                                                                                                                                                                                 ; acl_lfsr                                                         ; N/A          ;
;                      |lfsr_inst|                                                                                                                                                       ; 2.6 (2.6)            ; 4.2 (4.2)                        ; 1.5 (1.5)                                         ; 0.0 (0.0)                        ; 0.0 (0.0)            ; 2 (2)               ; 9 (9)                     ; 0 (0)         ; 0                 ; 0     ; 0                        ; 0                                      ; 0                                                 ; 0    ; 0 (0)  ; fast_recompile_fpga_di_inst|lsu_ic_top_gmem|GEN_SIMPLE.lsu_ic|GEN_HYPER_PIPELINE_1.GEN_MULTIPLE_PORT.GEN_ENABLE_WRITE_RING.GEN_WR_ROOT_FIFOS[0].write_root_fifo|ms.acl_mid_speed_fifo_inst|ram_rd_addr_inst|lfsr_inst                                                                                                                                                                                                                                                                                                                                                                                                                       ; fibonacci_lfsr                                                   ; N/A          ;
;                   |ram_wr_addr_inst|                                                                                                                                                   ; 2.5 (0.0)            ; 4.0 (0.0)                        ; 1.5 (0.0)                                         ; 0.0 (0.0)                        ; 0.0 (0.0)            ; 2 (0)               ; 9 (0)                     ; 0 (0)         ; 0                 ; 0     ; 0                        ; 0                                      ; 0                                                 ; 0    ; 0 (0)  ; fast_recompile_fpga_di_inst|lsu_ic_top_gmem|GEN_SIMPLE.lsu_ic|GEN_HYPER_PIPELINE_1.GEN_MULTIPLE_PORT.GEN_ENABLE_WRITE_RING.GEN_WR_ROOT_FIFOS[0].write_root_fifo|ms.acl_mid_speed_fifo_inst|ram_wr_addr_inst                                                                                                                                                                                                                                                                                                                                                                                                                                 ; acl_lfsr                                                         ; N/A          ;
;                      |lfsr_inst|                                                                                                                                                       ; 2.5 (2.5)            ; 4.0 (4.0)                        ; 1.5 (1.5)                                         ; 0.0 (0.0)                        ; 0.0 (0.0)            ; 2 (2)               ; 9 (9)                     ; 0 (0)         ; 0                 ; 0     ; 0                        ; 0                                      ; 0                                                 ; 0    ; 0 (0)  ; fast_recompile_fpga_di_inst|lsu_ic_top_gmem|GEN_SIMPLE.lsu_ic|GEN_HYPER_PIPELINE_1.GEN_MULTIPLE_PORT.GEN_ENABLE_WRITE_RING.GEN_WR_ROOT_FIFOS[0].write_root_fifo|ms.acl_mid_speed_fifo_inst|ram_wr_addr_inst|lfsr_inst                                                                                                                                                                                                                                                                                                                                                                                                                       ; fibonacci_lfsr                                                   ; N/A          ;
;                   |real_almost_full.almost_full_inst|                                                                                                                                  ; 13.7 (12.2)          ; 15.8 (14.3)                      ; 2.2 (2.2)                                         ; 0.0 (0.0)                        ; 0.0 (0.0)            ; 18 (18)             ; 24 (21)                   ; 0 (0)         ; 0                 ; 0     ; 0                        ; 0                                      ; 0                                                 ; 0    ; 0 (0)  ; fast_recompile_fpga_di_inst|lsu_ic_top_gmem|GEN_SIMPLE.lsu_ic|GEN_HYPER_PIPELINE_1.GEN_MULTIPLE_PORT.GEN_ENABLE_WRITE_RING.GEN_WR_ROOT_FIFOS[0].write_root_fifo|ms.acl_mid_speed_fifo_inst|real_almost_full.almost_full_inst                                                                                                                                                                                                                                                                                                                                                                                                                ; acl_tessellated_incr_decr_threshold                              ; N/A          ;
;                      |acl_reset_handler_inst|                                                                                                                                          ; 1.5 (1.5)            ; 1.5 (1.5)                        ; 0.0 (0.0)                                         ; 0.0 (0.0)                        ; 0.0 (0.0)            ; 0 (0)               ; 3 (3)                     ; 0 (0)         ; 0                 ; 0     ; 0                        ; 0                                      ; 0                                                 ; 0    ; 0 (0)  ; fast_recompile_fpga_di_inst|lsu_ic_top_gmem|GEN_SIMPLE.lsu_ic|GEN_HYPER_PIPELINE_1.GEN_MULTIPLE_PORT.GEN_ENABLE_WRITE_RING.GEN_WR_ROOT_FIFOS[0].write_root_fifo|ms.acl_mid_speed_fifo_inst|real_almost_full.almost_full_inst|acl_reset_handler_inst                                                                                                                                                                                                                                                                                                                                                                                         ; acl_reset_handler                                                ; N/A          ;
;             |GEN_HYPER_PIPELINE_1.GEN_MULTIPLE_PORT.GEN_ENABLE_WRITE_RING.GEN_WR_ROOT_FIFOS[0].write_root_fifo_empty_lookahead_gen|                                                    ; 11.8 (10.4)          ; 13.0 (11.8)                      ; 1.2 (1.3)                                         ; 0.0 (0.0)                        ; 0.0 (0.0)            ; 17 (17)             ; 17 (14)                   ; 0 (0)         ; 0                 ; 0     ; 0                        ; 0                                      ; 0                                                 ; 0    ; 0 (0)  ; fast_recompile_fpga_di_inst|lsu_ic_top_gmem|GEN_SIMPLE.lsu_ic|GEN_HYPER_PIPELINE_1.GEN_MULTIPLE_PORT.GEN_ENABLE_WRITE_RING.GEN_WR_ROOT_FIFOS[0].write_root_fifo_empty_lookahead_gen                                                                                                                                                                                                                                                                                                                                                                                                                                                         ; acl_tessellated_incr_decr_threshold                              ; N/A          ;
;                |acl_reset_handler_inst|                                                                                                                                                ; 1.2 (1.2)            ; 1.2 (1.2)                        ; 0.0 (0.0)                                         ; 0.0 (0.0)                        ; 0.0 (0.0)            ; 0 (0)               ; 3 (3)                     ; 0 (0)         ; 0                 ; 0     ; 0                        ; 0                                      ; 0                                                 ; 0    ; 0 (0)  ; fast_recompile_fpga_di_inst|lsu_ic_top_gmem|GEN_SIMPLE.lsu_ic|GEN_HYPER_PIPELINE_1.GEN_MULTIPLE_PORT.GEN_ENABLE_WRITE_RING.GEN_WR_ROOT_FIFOS[0].write_root_fifo_empty_lookahead_gen|acl_reset_handler_inst                                                                                                                                                                                                                                                                                                                                                                                                                                  ; acl_reset_handler                                                ; N/A          ;
;             |GEN_HYPER_PIPELINE_1.acl_reset_handler_inst|                                                                                                                              ; 2.0 (2.0)            ; 5.2 (5.2)                        ; 3.2 (3.2)                                         ; 0.0 (0.0)                        ; 0.0 (0.0)            ; 0 (0)               ; 15 (15)                   ; 0 (0)         ; 0                 ; 0     ; 0                        ; 0                                      ; 0                                                 ; 0    ; 0 (0)  ; fast_recompile_fpga_di_inst|lsu_ic_top_gmem|GEN_SIMPLE.lsu_ic|GEN_HYPER_PIPELINE_1.acl_reset_handler_inst                                                                                                                                                                                                                                                                                                                                                                                                                                                                                                                                   ; acl_reset_handler                                                ; N/A          ;
;          |acl_reset_handler_inst|                                                                                                                                                      ; 2.0 (2.0)            ; 1.5 (1.5)                        ; 0.0 (0.0)                                         ; 0.5 (0.5)                        ; 0.0 (0.0)            ; 0 (0)               ; 3 (3)                     ; 0 (0)         ; 0                 ; 0     ; 0                        ; 0                                      ; 0                                                 ; 0    ; 0 (0)  ; fast_recompile_fpga_di_inst|lsu_ic_top_gmem|acl_reset_handler_inst                                                                                                                                                                                                                                                                                                                                                                                                                                                                                                                                                                          ; acl_reset_handler                                                ; N/A          ;
+----------------------------------------------------------------------------------------------------------------------------------------------------------------------------------------+----------------------+----------------------------------+---------------------------------------------------+----------------------------------+----------------------+---------------------+---------------------------+---------------+-------------------+-------+--------------------------+----------------------------------------+---------------------------------------------------+------+--------+---------------------------------------------------------------------------------------------------------------------------------------------------------------------------------------------------------------------------------------------------------------------------------------------------------------------------------------------------------------------------------------------------------------------------------------------------------------------------------------------------------------------------------------------------------------------------------------------------------------------------------------------+------------------------------------------------------------------+--------------+
Note: For table entries with two numbers listed, the numbers in parentheses indicate the number of resources of the given type used by the specific entity alone. The numbers listed outside of parentheses indicate the total resources of the given type used by the specific entity and all of its sub-entities in the hierarchy.


+-----------------------------------------------------------------------------------------------------------------+
; Fitter Partition Statistics                                                                                     ;
+-------------------------------------------------------+---------------------------+-----------------------------+
; Statistic                                             ; |                         ; fast_recompile_fpga_di_inst ;
+-------------------------------------------------------+---------------------------+-----------------------------+
; ALMs needed [=A-B+C]                                  ; 2555.9 / 912800 ( < 1 % ) ; 2249.9 / 912800 ( < 1 % )   ;
;     [A] ALMs used in final placement                  ; 3040.5 / 912800 ( < 1 % ) ; 2886.0 / 912800 ( < 1 % )   ;
;     [B] Estimate of ALMs recoverable by dense packing ; 709.9 / 912800 ( < 1 % )  ; 666.9 / 912800 ( < 1 % )    ;
;     [C] Estimate of ALMs unavailable                  ; 225.3 / 912800 ( < 1 % )  ; 30.8 / 912800 ( < 1 % )     ;
; ALMs used for memory                                  ; 110.0                     ; 110.0                       ;
; Combinational ALUTs                                   ; 2729                      ; 2728                        ;
; Dedicated Logic Registers                             ; 6933 / 3651200 ( < 1 % )  ; 6543 / 3651200 ( < 1 % )    ;
; I/O Registers                                         ; 0                         ; 0                           ;
; Block Memory Bits                                     ; 304640                    ; 304640                      ;
; M20Ks                                                 ; 24 / 13272 ( < 1 % )      ; 24 / 13272 ( < 1 % )        ;
; DSP Blocks needed [=A-B]                              ; 1 / 8528 ( < 1 % )        ; 1 / 8528 ( < 1 % )          ;
;     [A] DSP Blocks used in final placement            ; 1 / 8528 ( < 1 % )        ; 1 / 8528 ( < 1 % )          ;
;     [B] Estimate of DSPs recoverable by dense merging ; 0 / 8528 ( 0 % )          ; 0 / 8528 ( 0 % )            ;
; Pins                                                  ; 0                         ; 0                           ;
; IOPLLs                                                ; 0                         ; 0                           ;
;                                                       ;                           ;                             ;
; Region Placement                                      ; -                         ; -                           ;
;                                                       ;                           ;                             ;
; Partition Ports                                       ;                           ;                             ;
;     -- Input Ports                                    ; 0                         ; 150                         ;
;     -- Output Ports                                   ; 0                         ; 242                         ;
;                                                       ;                           ;                             ;
; Connections                                           ;                           ;                             ;
;     -- Input Connections                              ; 8753                      ; 242                         ;
;     -- Registered Input Connections                   ; 635                       ; 1                           ;
;     -- Output Connections                             ; 242                       ; 8753                        ;
;     -- Registered Output Connections                  ; 241                       ; 8140                        ;
;                                                       ;                           ;                             ;
; Internal Connections                                  ;                           ;                             ;
;     -- Total Connections                              ; 9792                      ; 42790                       ;
;     -- Registered Connections                         ; 1119                      ; 34961                       ;
;                                                       ;                           ;                             ;
; External Connections                                  ;                           ;                             ;
;     -- |                                              ; 0                         ; 8995                        ;
;     -- fast_recompile_fpga_di_inst                    ; 8995                      ; 0                           ;
+-------------------------------------------------------+---------------------------+-----------------------------+


+---------------------------------------------------------------------------------------+
; Global & Other Fast Signals Summary                                                   ;
+-------------------------+------------------------+---------+--------------------------+
; Name                    ; Location               ; Fan-Out ; Clock Region             ;
+-------------------------+------------------------+---------+--------------------------+
; clock~FITTER_INSERTED_0 ; MLABCELL_X226_Y166_N24 ; 8506    ; Sectors (2, 3) to (3, 4) ;
+-------------------------+------------------------+---------+--------------------------+


-------------------------------
; Global Signal Visualization ;
-------------------------------
This report is unavailable in plain text report export.


+--------------------------------------------------------------------------------------------------+
; Global & Other Fast Signals Details                                                              ;
+---------------------------------------------------+----------------------------------------------+
; Property                                          ; Value                                        ;
+---------------------------------------------------+----------------------------------------------+
; Name                                              ; clock~FITTER_INSERTED_0                      ;
;     -- SDC Name                                   ; clock                                        ;
;     -- Source Node                                ; clock~FITTER_INSERTED_0                      ;
;     -- Source Type                                ; Combinational cell                           ;
;     -- Source Location                            ; MLABCELL_X226_Y166_N24                       ;
;     -- Fan-Out                                    ; 8506                                         ;
;     -- Promotion Reason                           ; Mandatory                                    ;
;     -- Clock Region                               ; Sectors (2, 3) to (3, 4)                     ;
;     -- Clock Partition Ownership for Preservation ; root_partition                               ;
;     -- Clock Region Size (in Sectors)             ; 2 x 2 (4 total)                              ;
;     -- Clock Region Bounding Box                  ; (118, 126) to (225, 207)                     ;
;     -- Clock Region Constraint                    ; SX2 SY3 SX3 SY4                              ;
;     -- Terminating Spine Index                    ; 12                                           ;
;     -- Path Length                                ; 1.5 clock sector wire(s) and 0 layer jump(s) ;
;         -- Length from Clock Source to Clock Tree ; 1.0 clock sector wire(s) and 0 layer jump(s) ;
;         -- Clock Tree Length                      ; 0.5 clock sector wire(s) and 0 layer jump(s) ;
+---------------------------------------------------+----------------------------------------------+
To visualize how these signals are routed, use the Chip Planner task "Report Clock Details".
To manually specify the size and placement of these signals, use the Assignment Editor to make Clock Region assignments.


+--------------------------------------------------------------------------------------------------------------------------------------------------------+
; Non-Global High Fan-Out Signals                                                                                                                        ;
+---------------------------------------------------------------------------------------------------------------------------+---------+------------------+
; Name                                                                                                                      ; Fan-Out ; Physical Fan-Out ;
+---------------------------------------------------------------------------------------------------------------------------+---------+------------------+
; fast_recompile_fpga_di_inst|VectorAdd_std_ic_inst|VectorAdd_csr_agent_reset_delay_inst|GEN_RESET_PIPELINE.pipe[9][0]~xsyn ; 515     ; 46               ;
+---------------------------------------------------------------------------------------------------------------------------+---------+------------------+


+---------------------------------------------------------------------------------------------------------------------------------------------------------------------------------------------------------------------------------------------------------------------------------------------------------------------------------------------------------------------------------------------------------------------------------------------------------------------------------------------------------------------------------------------------------------------------------------------------------------------------------------------------------------------------------------------------------------------------------------------------------------------------------------------------------------------------------------------------------------------------------------------------------------------------------------------------------------------------------------------------------------------------------------------------------------------------------------------------------------------------------------------------------------------------------------------------------------------------------------------------------------------------------------------------------------+
; Fitter RAM Summary                                                                                                                                                                                                                                                                                                                                                                                                                                                                                                                                                                                                                                                                                                                                                                                                                                                                                                                                                                                                                                                                                                                                                                                                                                                                                            ;
+------------------------------------------------------------------------------------------------------------------------------------------------------------------------------------------------------------------------------------------------------------------------------------------------------------------------------------------------------------------------------------------------------------------------------------------------------------------------------------------------------------------------------------------------------------------------------------------------------------------------------------------------------------+------+------------------+--------------+--------------+--------------+--------------+--------------+------------------------+-------------------------+------------------------+-------------------------+--------------+-----------------------------+-----------------------------+-----------------------------+-----------------------------+---------------------+-------------+-------+------+------------------------------------------------------------------------------------------------------------+---------------------+-----------------+-----------------+----------+------------------------+------------------+---------------+
; Name                                                                                                                                                                                                                                                                                                                                                                                                                                                                                                                                                                                                                                                       ; Type ; Mode             ; Clock Mode   ; Port A Depth ; Port A Width ; Port B Depth ; Port B Width ; Port A Input Registers ; Port A Output Registers ; Port B Input Registers ; Port B Output Registers ; Logical Size ; Implementation Port A Depth ; Implementation Port A Width ; Implementation Port B Depth ; Implementation Port B Width ; Implementation Bits ; M20K blocks ; MLABs ; MIF  ; Location                                                                                                   ; Mixed Port RDW Mode ; Port A RDW Mode ; Port B RDW Mode ; ECC Mode ; ECC Pipeline Registers ; Performance Mode ; Fits in MLABs ;
+------------------------------------------------------------------------------------------------------------------------------------------------------------------------------------------------------------------------------------------------------------------------------------------------------------------------------------------------------------------------------------------------------------------------------------------------------------------------------------------------------------------------------------------------------------------------------------------------------------------------------------------------------------+------+------------------+--------------+--------------+--------------+--------------+--------------+------------------------+-------------------------+------------------------+-------------------------+--------------+-----------------------------+-----------------------------+-----------------------------+-----------------------------+---------------------+-------------+-------+------+------------------------------------------------------------------------------------------------------------+---------------------+-----------------+-----------------+----------+------------------------+------------------+---------------+
; fast_recompile_fpga_di_inst|VectorAdd_std_ic_inst|VectorAdd_inst_0|kernel|theVectorAdd_function_aunroll_x|thebb_VectorAdd_B1_aunroll_x|thebb_VectorAdd_B1_stall_region|thecoalesced_delay_0_fifo|ms.acl_mid_speed_fifo_inst|gen_ram.gen_m20k.altera_syncram|auto_generated|altera_syncram_impl1|ALTERA_SYNCRAM                                                                                                                                                                                                                                                                                                                                             ; M20K ; Simple Dual Port ; Single Clock ; 1024         ; 2            ; 1024         ; 2            ; yes                    ; no                      ; yes                    ; yes                     ; 2048         ; 1024                        ; 1                           ; 1024                        ; 1                           ; 1024                ; 1.000       ; 0.000 ; None ; M20K_X199_Y173_N0                                                                                          ; Don't care          ; New data        ; New data        ; Off      ; No                     ; High Speed       ; Yes           ;
; fast_recompile_fpga_di_inst|VectorAdd_std_ic_inst|VectorAdd_inst_0|kernel|theVectorAdd_function_aunroll_x|thebb_VectorAdd_B1_aunroll_x|thebb_VectorAdd_B1_stall_region|thei_llvm_fpga_mem_lm2_vectoradd_113_6gr|thei_llvm_fpga_mem_lm2_vectoradd_437_1gr|bursting_read|avalon_fifo|ms.acl_mid_speed_fifo_inst|gen_ram.gen_m20k.altera_syncram|auto_generated|altera_syncram_impl1|ALTERA_SYNCRAM                                                                                                                                                                                                                                                           ; M20K ; Simple Dual Port ; Single Clock ; 512          ; 33           ; 512          ; 33           ; yes                    ; no                      ; yes                    ; yes                     ; 16896        ; 512                         ; 33                          ; 512                         ; 33                          ; 16896               ; 1.000       ; 0.000 ; None ; M20K_X189_Y164_N0                                                                                          ; Don't care          ; New data        ; New data        ; Off      ; No                     ; High Speed       ; Yes           ;
; fast_recompile_fpga_di_inst|VectorAdd_std_ic_inst|VectorAdd_inst_0|kernel|theVectorAdd_function_aunroll_x|thebb_VectorAdd_B1_aunroll_x|thebb_VectorAdd_B1_stall_region|thei_llvm_fpga_mem_lm2_vectoradd_113_6gr|thei_llvm_fpga_mem_lm2_vectoradd_437_1gr|bursting_read|dout_fifo|ms.acl_mid_speed_fifo_inst|gen_ram.gen_mlab.altdpram_component|auto_generated|ALTDPRAM_INSTANCE                                                                                                                                                                                                                                                                           ; MLAB ; Simple Dual Port ; Single Clock ; 32           ; 32           ; 32           ; 32           ; yes                    ; no                      ; no                     ; yes                     ; 1024         ; 32                          ; 32                          ; 32                          ; 32                          ; 1024                ; 0.000       ; 2.000 ; None ; LAB_X177_Y161_N0, LAB_X175_Y161_N0                                                                         ; Don't care          ;                 ;                 ;          ;                        ;                  ;               ;
; fast_recompile_fpga_di_inst|VectorAdd_std_ic_inst|VectorAdd_inst_0|kernel|theVectorAdd_function_aunroll_x|thebb_VectorAdd_B1_aunroll_x|thebb_VectorAdd_B1_stall_region|thei_llvm_fpga_mem_lm2_vectoradd_113_6gr|thei_llvm_fpga_mem_lm2_vectoradd_437_1gr|bursting_read|readdata_fifo|ms.acl_mid_speed_fifo_inst|gen_ram.gen_m20k.altera_syncram|auto_generated|altera_syncram_impl1|ALTERA_SYNCRAM                                                                                                                                                                                                                                                         ; M20K ; Simple Dual Port ; Single Clock ; 512          ; 64           ; 512          ; 64           ; yes                    ; no                      ; yes                    ; yes                     ; 32768        ; 512                         ; 64                          ; 512                         ; 64                          ; 32768               ; 2.000       ; 0.000 ; None ; M20K_X178_Y160_N0, M20K_X178_Y159_N0                                                                       ; Don't care          ; New data        ; New data        ; Off      ; No                     ; High Speed       ; Yes           ;
; fast_recompile_fpga_di_inst|VectorAdd_std_ic_inst|VectorAdd_inst_0|kernel|theVectorAdd_function_aunroll_x|thebb_VectorAdd_B1_aunroll_x|thebb_VectorAdd_B1_stall_region|thei_llvm_fpga_mem_lm2_vectoradd_113_6gr|thei_llvm_fpga_mem_lm2_vectoradd_437_1gr|bursting_read|thread_fifo|ms.acl_mid_speed_fifo_inst|gen_ram.gen_m20k.altera_syncram|auto_generated|altera_syncram_impl1|ALTERA_SYNCRAM                                                                                                                                                                                                                                                           ; M20K ; Simple Dual Port ; Single Clock ; 512          ; 4            ; 512          ; 4            ; yes                    ; no                      ; yes                    ; yes                     ; 2048         ; 512                         ; 3                           ; 512                         ; 3                           ; 1536                ; 1.000       ; 0.000 ; None ; M20K_X189_Y158_N0                                                                                          ; Don't care          ; New data        ; New data        ; Off      ; No                     ; High Speed       ; Yes           ;
; fast_recompile_fpga_di_inst|VectorAdd_std_ic_inst|VectorAdd_inst_0|kernel|theVectorAdd_function_aunroll_x|thebb_VectorAdd_B1_aunroll_x|thebb_VectorAdd_B1_stall_region|thei_llvm_fpga_mem_lm_vectoradd_113_5gr|thei_llvm_fpga_mem_lm_vectoradd_423_1gr|bursting_read|avalon_fifo|ms.acl_mid_speed_fifo_inst|gen_ram.gen_m20k.altera_syncram|auto_generated|altera_syncram_impl1|ALTERA_SYNCRAM                                                                                                                                                                                                                                                             ; M20K ; Simple Dual Port ; Single Clock ; 512          ; 33           ; 512          ; 33           ; yes                    ; no                      ; yes                    ; yes                     ; 16896        ; 512                         ; 33                          ; 512                         ; 33                          ; 16896               ; 1.000       ; 0.000 ; None ; M20K_X189_Y165_N0                                                                                          ; Don't care          ; New data        ; New data        ; Off      ; No                     ; High Speed       ; Yes           ;
; fast_recompile_fpga_di_inst|VectorAdd_std_ic_inst|VectorAdd_inst_0|kernel|theVectorAdd_function_aunroll_x|thebb_VectorAdd_B1_aunroll_x|thebb_VectorAdd_B1_stall_region|thei_llvm_fpga_mem_lm_vectoradd_113_5gr|thei_llvm_fpga_mem_lm_vectoradd_423_1gr|bursting_read|dout_fifo|ms.acl_mid_speed_fifo_inst|gen_ram.gen_mlab.altdpram_component|auto_generated|ALTDPRAM_INSTANCE                                                                                                                                                                                                                                                                             ; MLAB ; Simple Dual Port ; Single Clock ; 32           ; 32           ; 32           ; 32           ; yes                    ; no                      ; no                     ; yes                     ; 1024         ; 32                          ; 32                          ; 32                          ; 32                          ; 1024                ; 0.000       ; 2.000 ; None ; LAB_X175_Y163_N0, LAB_X175_Y162_N0                                                                         ; Don't care          ;                 ;                 ;          ;                        ;                  ;               ;
; fast_recompile_fpga_di_inst|VectorAdd_std_ic_inst|VectorAdd_inst_0|kernel|theVectorAdd_function_aunroll_x|thebb_VectorAdd_B1_aunroll_x|thebb_VectorAdd_B1_stall_region|thei_llvm_fpga_mem_lm_vectoradd_113_5gr|thei_llvm_fpga_mem_lm_vectoradd_423_1gr|bursting_read|readdata_fifo|ms.acl_mid_speed_fifo_inst|gen_ram.gen_m20k.altera_syncram|auto_generated|altera_syncram_impl1|ALTERA_SYNCRAM                                                                                                                                                                                                                                                           ; M20K ; Simple Dual Port ; Single Clock ; 512          ; 64           ; 512          ; 64           ; yes                    ; no                      ; yes                    ; yes                     ; 32768        ; 512                         ; 64                          ; 512                         ; 64                          ; 32768               ; 2.000       ; 0.000 ; None ; M20K_X178_Y158_N0, M20K_X178_Y157_N0                                                                       ; Don't care          ; New data        ; New data        ; Off      ; No                     ; High Speed       ; Yes           ;
; fast_recompile_fpga_di_inst|VectorAdd_std_ic_inst|VectorAdd_inst_0|kernel|theVectorAdd_function_aunroll_x|thebb_VectorAdd_B1_aunroll_x|thebb_VectorAdd_B1_stall_region|thei_llvm_fpga_mem_lm_vectoradd_113_5gr|thei_llvm_fpga_mem_lm_vectoradd_423_1gr|bursting_read|thread_fifo|ms.acl_mid_speed_fifo_inst|gen_ram.gen_m20k.altera_syncram|auto_generated|altera_syncram_impl1|ALTERA_SYNCRAM                                                                                                                                                                                                                                                             ; M20K ; Simple Dual Port ; Single Clock ; 512          ; 4            ; 512          ; 4            ; yes                    ; no                      ; yes                    ; yes                     ; 2048         ; 512                         ; 3                           ; 512                         ; 3                           ; 1536                ; 1.000       ; 0.000 ; None ; M20K_X189_Y159_N0                                                                                          ; Don't care          ; New data        ; New data        ; Off      ; No                     ; High Speed       ; Yes           ;
; fast_recompile_fpga_di_inst|VectorAdd_std_ic_inst|VectorAdd_inst_0|kernel|theVectorAdd_function_aunroll_x|thebb_VectorAdd_B1_aunroll_x|thebb_VectorAdd_B1_stall_region|thei_llvm_fpga_mem_unnamed_vectoradd5_vectoradd_113_10|thei_llvm_fpga_mem_unnamed_vectoradd5_vectoradd_472_1gr|bursting_write|control_fifo|ms.acl_mid_speed_fifo_inst|gen_ram.gen_m20k.altera_syncram|auto_generated|altera_syncram_impl1|ALTERA_SYNCRAM                                                                                                                                                                                                                            ; M20K ; Simple Dual Port ; Single Clock ; 256          ; 33           ; 256          ; 33           ; yes                    ; no                      ; yes                    ; yes                     ; 8448         ; 256                         ; 33                          ; 256                         ; 33                          ; 8448                ; 1.000       ; 0.000 ; None ; M20K_X189_Y171_N0                                                                                          ; Don't care          ; New data        ; New data        ; Off      ; No                     ; High Speed       ; Yes           ;
; fast_recompile_fpga_di_inst|VectorAdd_std_ic_inst|VectorAdd_inst_0|kernel|theVectorAdd_function_aunroll_x|thebb_VectorAdd_B1_aunroll_x|thebb_VectorAdd_B1_stall_region|thei_llvm_fpga_mem_unnamed_vectoradd5_vectoradd_113_10|thei_llvm_fpga_mem_unnamed_vectoradd5_vectoradd_472_1gr|bursting_write|data_fifo|ms.acl_mid_speed_fifo_inst|gen_ram.gen_m20k.altera_syncram|auto_generated|altera_syncram_impl1|ALTERA_SYNCRAM                                                                                                                                                                                                                               ; M20K ; Simple Dual Port ; Single Clock ; 256          ; 72           ; 256          ; 72           ; yes                    ; no                      ; yes                    ; yes                     ; 18432        ; 256                         ; 72                          ; 256                         ; 72                          ; 18432               ; 2.000       ; 0.000 ; None ; M20K_X178_Y172_N0, M20K_X178_Y173_N0                                                                       ; Don't care          ; New data        ; New data        ; Off      ; No                     ; High Speed       ; Yes           ;
; fast_recompile_fpga_di_inst|VectorAdd_std_ic_inst|VectorAdd_inst_0|kernel|theVectorAdd_function_aunroll_x|thebb_VectorAdd_B1_aunroll_x|thebb_VectorAdd_B1_stall_region|thei_llvm_fpga_mem_unnamed_vectoradd5_vectoradd_113_10|thei_llvm_fpga_mem_unnamed_vectoradd5_vectoradd_472_1gr|bursting_write|last_fifo|ms.acl_mid_speed_fifo_inst|gen_ram.gen_m20k.altera_syncram|auto_generated|altera_syncram_impl1|ALTERA_SYNCRAM                                                                                                                                                                                                                               ; M20K ; Simple Dual Port ; Single Clock ; 256          ; 1            ; 256          ; 1            ; yes                    ; no                      ; yes                    ; yes                     ; 256          ; 256                         ; 1                           ; 256                         ; 1                           ; 256                 ; 1.000       ; 0.000 ; None ; M20K_X189_Y172_N0                                                                                          ; Don't care          ; New data        ; New data        ; Off      ; No                     ; High Speed       ; Yes           ;
; fast_recompile_fpga_di_inst|VectorAdd_std_ic_inst|VectorAdd_inst_0|kernel|theVectorAdd_function_aunroll_x|thebb_VectorAdd_B1_aunroll_x|thebb_VectorAdd_B1_stall_region|thei_sfc_s_c0_in_entry_vectoradds_c1_enter_vectoradd_113_3gr_aunroll_x|thei_llvm_fpga_sfc_exit_s_c0_in_for_body_i_vectoradds_c1_exit_vectoradd_398_1gr_aunroll_x|thei_llvm_fpga_sfc_exit_s_c0_in_for_body_i_vectoradds_c1_exit_vectoradd_414_1gr_data_fifo_aunroll_x|thei_llvm_fpga_sfc_exit_s_c0_in_for_body_i_vectoradds_c1_exit_vectoradd_708_0gr|ms.acl_mid_speed_fifo_inst|gen_ram.gen_mlab.altdpram_component|auto_generated|ALTDPRAM_INSTANCE                                ; MLAB ; Simple Dual Port ; Single Clock ; 32           ; 16           ; 32           ; 16           ; yes                    ; no                      ; no                     ; yes                     ; 512          ; 32                          ; 1                           ; 32                          ; 1                           ; 32                  ; 0.000       ; 1.000 ; None ; LAB_X203_Y173_N0                                                                                           ; Don't care          ;                 ;                 ;          ;                        ;                  ;               ;
; fast_recompile_fpga_di_inst|VectorAdd_std_ic_inst|VectorAdd_inst_0|kernel|theVectorAdd_function_aunroll_x|thebb_VectorAdd_B1_aunroll_x|thebb_VectorAdd_B1_stall_region|thei_sfc_s_c0_in_for_body_i_vectoradds_c0_enter111_vectoradd_113_1gr_aunroll_x|thei_llvm_fpga_sfc_exit_s_c0_out_for_body_i_vectoradds_c0_exit12_vectoradd_120_1gr_aunroll_x|thei_llvm_fpga_sfc_exit_s_c0_out_for_body_i_vectoradds_c0_exit12_vectoradd_371_1gr_data_fifo_aunroll_x|thei_llvm_fpga_sfc_exit_s_c0_out_for_body_i_vectoradds_c0_exit12_vectoradd_661_0gr|ms.acl_mid_speed_fifo_inst|gen_ram.gen_m20k.altera_syncram|auto_generated|altera_syncram_impl1|ALTERA_SYNCRAM ; M20K ; Simple Dual Port ; Single Clock ; 512          ; 224          ; 512          ; 224          ; yes                    ; no                      ; yes                    ; yes                     ; 114688       ; 512                         ; 101                         ; 512                         ; 101                         ; 51712               ; 3.000       ; 0.000 ; None ; M20K_X194_Y167_N0, M20K_X194_Y168_N0, M20K_X194_Y169_N0                                                    ; Don't care          ; New data        ; New data        ; Off      ; No                     ; High Speed       ; Yes           ;
; fast_recompile_fpga_di_inst|VectorAdd_std_ic_inst|VectorAdd_inst_0|kernel|theVectorAdd_function_aunroll_x|thebb_VectorAdd_B1_aunroll_x|thebb_VectorAdd_B1_stall_region|thei_sfc_s_c2_in_for_body_i_vectoradds_c2_enter_vectoradd_113_8gr_aunroll_x|thei_llvm_fpga_sfc_exit_s_c2_out_for_body_i_vectoradds_c2_exit_vectoradd_453_1gr_aunroll_x|thei_llvm_fpga_sfc_exit_s_c2_out_for_body_i_vectoradds_c2_exit_vectoradd_464_1gr_data_fifo_aunroll_x|thei_llvm_fpga_sfc_exit_s_c2_out_for_body_i_vectoradds_c2_exit_vectoradd_737_0gr|ms.acl_mid_speed_fifo_inst|gen_ram.gen_m20k.altera_syncram|auto_generated|altera_syncram_impl1|ALTERA_SYNCRAM          ; M20K ; Simple Dual Port ; Single Clock ; 512          ; 40           ; 512          ; 40           ; yes                    ; no                      ; yes                    ; yes                     ; 20480        ; 512                         ; 32                          ; 512                         ; 32                          ; 16384               ; 1.000       ; 0.000 ; None ; M20K_X178_Y165_N0                                                                                          ; Don't care          ; New data        ; New data        ; Off      ; No                     ; High Speed       ; Yes           ;
; fast_recompile_fpga_di_inst|VectorAdd_std_ic_inst|VectorAdd_inst_0|kernel|theVectorAdd_function_aunroll_x|thebb_VectorAdd_B1_aunroll_x|thebb_VectorAdd_B1_stall_region|theredist1_i_sfc_s_c0_in_for_body_i_vectoradds_c0_enter111_vectoradd_113_1gr_aunroll_x_out_c0_exit12_aggregateComponentTag_4_x_tpl_546_fifo|ms.acl_mid_speed_fifo_inst|gen_ram.gen_m20k.altera_syncram|auto_generated|altera_syncram_impl1|ALTERA_SYNCRAM                                                                                                                                                                                                                           ; M20K ; Simple Dual Port ; Single Clock ; 1024         ; 64           ; 1024         ; 64           ; yes                    ; no                      ; yes                    ; yes                     ; 65536        ; 1024                        ; 33                          ; 1024                        ; 33                          ; 33792               ; 2.000       ; 0.000 ; None ; M20K_X194_Y171_N0, M20K_X194_Y170_N0                                                                       ; Don't care          ; New data        ; New data        ; Off      ; No                     ; High Speed       ; Yes           ;
; fast_recompile_fpga_di_inst|lsu_ic_top_gmem|GEN_SIMPLE.lsu_ic|GEN_HYPER_PIPELINE_1.GEN_DISABLE_DATA_REORDER.GEN_DATA_VALID[0].lsu_rd_back|avm_read_req_fifo|ms.acl_mid_speed_fifo_inst|gen_ram.gen_m20k.altera_syncram|auto_generated|altera_syncram_impl1|ALTERA_SYNCRAM                                                                                                                                                                                                                                                                                                                                                                                  ; M20K ; Simple Dual Port ; Single Clock ; 512          ; 6            ; 512          ; 6            ; yes                    ; no                      ; yes                    ; yes                     ; 3072         ; 512                         ; 3                           ; 512                         ; 3                           ; 1536                ; 1.000       ; 0.000 ; None ; M20K_X189_Y163_N0                                                                                          ; Don't care          ; New data        ; New data        ; Off      ; No                     ; High Speed       ; Yes           ;
; fast_recompile_fpga_di_inst|lsu_ic_top_gmem|GEN_SIMPLE.lsu_ic|GEN_HYPER_PIPELINE_1.GEN_HOST_ROOT_FIFO[0].GEN_ENABLE_HOST_ROOT_FIFO.host_root_fifo|ms.acl_mid_speed_fifo_inst|gen_ram.gen_mlab.altdpram_component|auto_generated|ALTDPRAM_INSTANCE                                                                                                                                                                                                                                                                                                                                                                                                          ; MLAB ; Simple Dual Port ; Single Clock ; 32           ; 109          ; 32           ; 109          ; yes                    ; no                      ; no                     ; yes                     ; 3488         ; 32                          ; 107                         ; 32                          ; 107                         ; 3424                ; 0.000       ; 6.000 ; None ; LAB_X182_Y170_N0, LAB_X182_Y167_N0, LAB_X182_Y171_N0, LAB_X175_Y170_N0, LAB_X177_Y171_N0, LAB_X175_Y171_N0 ; Don't care          ;                 ;                 ;          ;                        ;                  ;               ;
; fast_recompile_fpga_di_inst|lsu_ic_top_gmem|GEN_SIMPLE.lsu_ic|GEN_HYPER_PIPELINE_1.GEN_MULTIPLE_PORT.GEN_ENABLE_RD.GEN_RD_SET[0].read_root_fifo|ms.acl_mid_speed_fifo_inst|gen_ram.gen_m20k.altera_syncram|auto_generated|altera_syncram_impl1|ALTERA_SYNCRAM                                                                                                                                                                                                                                                                                                                                                                                              ; M20K ; Simple Dual Port ; Single Clock ; 512          ; 34           ; 512          ; 34           ; yes                    ; no                      ; yes                    ; yes                     ; 17408        ; 512                         ; 33                          ; 512                         ; 33                          ; 16896               ; 1.000       ; 0.000 ; None ; M20K_X189_Y169_N0                                                                                          ; Don't care          ; New data        ; New data        ; Off      ; No                     ; High Speed       ; Yes           ;
; fast_recompile_fpga_di_inst|lsu_ic_top_gmem|GEN_SIMPLE.lsu_ic|GEN_HYPER_PIPELINE_1.GEN_MULTIPLE_PORT.GEN_ENABLE_WRITE_RING.GEN_WR_ROOT_FIFOS[0].write_root_fifo|ms.acl_mid_speed_fifo_inst|gen_ram.gen_m20k.altera_syncram|auto_generated|altera_syncram_impl1|ALTERA_SYNCRAM                                                                                                                                                                                                                                                                                                                                                                              ; M20K ; Simple Dual Port ; Single Clock ; 512          ; 107          ; 512          ; 107          ; yes                    ; no                      ; yes                    ; yes                     ; 54784        ; 512                         ; 105                         ; 512                         ; 105                         ; 53760               ; 3.000       ; 0.000 ; None ; M20K_X178_Y170_N0, M20K_X178_Y168_N0, M20K_X178_Y169_N0                                                    ; Don't care          ; New data        ; New data        ; Off      ; No                     ; High Speed       ; Yes           ;
+------------------------------------------------------------------------------------------------------------------------------------------------------------------------------------------------------------------------------------------------------------------------------------------------------------------------------------------------------------------------------------------------------------------------------------------------------------------------------------------------------------------------------------------------------------------------------------------------------------------------------------------------------------+------+------------------+--------------+--------------+--------------+--------------+--------------+------------------------+-------------------------+------------------------+-------------------------+--------------+-----------------------------+-----------------------------+-----------------------------+-----------------------------+---------------------+-------------+-------+------+------------------------------------------------------------------------------------------------------------+---------------------+-----------------+-----------------+----------+------------------------+------------------+---------------+
Note: Fitter may spread logical memories into multiple blocks to improve timing. The actual required RAM blocks can be found in the Fitter Resource Usage section.


+----------------------------------------------------------------------------------------------------------------------------------------------------------------------------------------------------------------------------------------------------------------------------------------------------------------------------------------------------------------------------------------------------------------------------------------------------------------------------------------------------------------------------------------------------------------------------------------------------------------------------------------------------------------------------------------------------------------------------------------------+
; Fitter Physical RAM Information                                                                                                                                                                                                                                                                                                                                                                                                                                                                                                                                                                                                                                                                                                              ;
+-----------------------+-------------------------+-------------------------------+------------------------------------------------------------------------------------------------------------------------------------------------------------------------------------------------------------------------------------------------------------------------------------------------------------------------------------------------------------------------------------------------------------------------------------------------------------------------------------------------------------------------------------------------------------------------------------------------------------------------------------------------------------+
; Physical RAM Location ; Physical RAM Usage Bits ; Physical RAM Usage Percentage ; Logical RAM Name                                                                                                                                                                                                                                                                                                                                                                                                                                                                                                                                                                                                                                           ;
+-----------------------+-------------------------+-------------------------------+------------------------------------------------------------------------------------------------------------------------------------------------------------------------------------------------------------------------------------------------------------------------------------------------------------------------------------------------------------------------------------------------------------------------------------------------------------------------------------------------------------------------------------------------------------------------------------------------------------------------------------------------------------+
; M20K_X189_Y172_N0     ; 256                     ; 1.2                           ; fast_recompile_fpga_di_inst|VectorAdd_std_ic_inst|VectorAdd_inst_0|kernel|theVectorAdd_function_aunroll_x|thebb_VectorAdd_B1_aunroll_x|thebb_VectorAdd_B1_stall_region|thei_llvm_fpga_mem_unnamed_vectoradd5_vectoradd_113_10|thei_llvm_fpga_mem_unnamed_vectoradd5_vectoradd_472_1gr|bursting_write|last_fifo|ms.acl_mid_speed_fifo_inst|gen_ram.gen_m20k.altera_syncram|auto_generated|altera_syncram_impl1|ALTERA_SYNCRAM                                                                                                                                                                                                                               ;
; M20K_X199_Y173_N0     ; 1024                    ; 5.0                           ; fast_recompile_fpga_di_inst|VectorAdd_std_ic_inst|VectorAdd_inst_0|kernel|theVectorAdd_function_aunroll_x|thebb_VectorAdd_B1_aunroll_x|thebb_VectorAdd_B1_stall_region|thecoalesced_delay_0_fifo|ms.acl_mid_speed_fifo_inst|gen_ram.gen_m20k.altera_syncram|auto_generated|altera_syncram_impl1|ALTERA_SYNCRAM                                                                                                                                                                                                                                                                                                                                             ;
; M20K_X189_Y158_N0     ; 1536                    ; 7.5                           ; fast_recompile_fpga_di_inst|VectorAdd_std_ic_inst|VectorAdd_inst_0|kernel|theVectorAdd_function_aunroll_x|thebb_VectorAdd_B1_aunroll_x|thebb_VectorAdd_B1_stall_region|thei_llvm_fpga_mem_lm2_vectoradd_113_6gr|thei_llvm_fpga_mem_lm2_vectoradd_437_1gr|bursting_read|thread_fifo|ms.acl_mid_speed_fifo_inst|gen_ram.gen_m20k.altera_syncram|auto_generated|altera_syncram_impl1|ALTERA_SYNCRAM                                                                                                                                                                                                                                                           ;
; M20K_X189_Y159_N0     ; 1536                    ; 7.5                           ; fast_recompile_fpga_di_inst|VectorAdd_std_ic_inst|VectorAdd_inst_0|kernel|theVectorAdd_function_aunroll_x|thebb_VectorAdd_B1_aunroll_x|thebb_VectorAdd_B1_stall_region|thei_llvm_fpga_mem_lm_vectoradd_113_5gr|thei_llvm_fpga_mem_lm_vectoradd_423_1gr|bursting_read|thread_fifo|ms.acl_mid_speed_fifo_inst|gen_ram.gen_m20k.altera_syncram|auto_generated|altera_syncram_impl1|ALTERA_SYNCRAM                                                                                                                                                                                                                                                             ;
; M20K_X189_Y163_N0     ; 1536                    ; 7.5                           ; fast_recompile_fpga_di_inst|lsu_ic_top_gmem|GEN_SIMPLE.lsu_ic|GEN_HYPER_PIPELINE_1.GEN_DISABLE_DATA_REORDER.GEN_DATA_VALID[0].lsu_rd_back|avm_read_req_fifo|ms.acl_mid_speed_fifo_inst|gen_ram.gen_m20k.altera_syncram|auto_generated|altera_syncram_impl1|ALTERA_SYNCRAM                                                                                                                                                                                                                                                                                                                                                                                  ;
; M20K_X178_Y173_N0     ; 8192                    ; 40.0                          ; fast_recompile_fpga_di_inst|VectorAdd_std_ic_inst|VectorAdd_inst_0|kernel|theVectorAdd_function_aunroll_x|thebb_VectorAdd_B1_aunroll_x|thebb_VectorAdd_B1_stall_region|thei_llvm_fpga_mem_unnamed_vectoradd5_vectoradd_113_10|thei_llvm_fpga_mem_unnamed_vectoradd5_vectoradd_472_1gr|bursting_write|data_fifo|ms.acl_mid_speed_fifo_inst|gen_ram.gen_m20k.altera_syncram|auto_generated|altera_syncram_impl1|ALTERA_SYNCRAM                                                                                                                                                                                                                               ;
; M20K_X189_Y171_N0     ; 8448                    ; 41.2                          ; fast_recompile_fpga_di_inst|VectorAdd_std_ic_inst|VectorAdd_inst_0|kernel|theVectorAdd_function_aunroll_x|thebb_VectorAdd_B1_aunroll_x|thebb_VectorAdd_B1_stall_region|thei_llvm_fpga_mem_unnamed_vectoradd5_vectoradd_113_10|thei_llvm_fpga_mem_unnamed_vectoradd5_vectoradd_472_1gr|bursting_write|control_fifo|ms.acl_mid_speed_fifo_inst|gen_ram.gen_m20k.altera_syncram|auto_generated|altera_syncram_impl1|ALTERA_SYNCRAM                                                                                                                                                                                                                            ;
; M20K_X178_Y172_N0     ; 10240                   ; 50.0                          ; fast_recompile_fpga_di_inst|VectorAdd_std_ic_inst|VectorAdd_inst_0|kernel|theVectorAdd_function_aunroll_x|thebb_VectorAdd_B1_aunroll_x|thebb_VectorAdd_B1_stall_region|thei_llvm_fpga_mem_unnamed_vectoradd5_vectoradd_113_10|thei_llvm_fpga_mem_unnamed_vectoradd5_vectoradd_472_1gr|bursting_write|data_fifo|ms.acl_mid_speed_fifo_inst|gen_ram.gen_m20k.altera_syncram|auto_generated|altera_syncram_impl1|ALTERA_SYNCRAM                                                                                                                                                                                                                               ;
; M20K_X194_Y167_N0     ; 10752                   ; 52.5                          ; fast_recompile_fpga_di_inst|VectorAdd_std_ic_inst|VectorAdd_inst_0|kernel|theVectorAdd_function_aunroll_x|thebb_VectorAdd_B1_aunroll_x|thebb_VectorAdd_B1_stall_region|thei_sfc_s_c0_in_for_body_i_vectoradds_c0_enter111_vectoradd_113_1gr_aunroll_x|thei_llvm_fpga_sfc_exit_s_c0_out_for_body_i_vectoradds_c0_exit12_vectoradd_120_1gr_aunroll_x|thei_llvm_fpga_sfc_exit_s_c0_out_for_body_i_vectoradds_c0_exit12_vectoradd_371_1gr_data_fifo_aunroll_x|thei_llvm_fpga_sfc_exit_s_c0_out_for_body_i_vectoradds_c0_exit12_vectoradd_661_0gr|ms.acl_mid_speed_fifo_inst|gen_ram.gen_m20k.altera_syncram|auto_generated|altera_syncram_impl1|ALTERA_SYNCRAM ;
; M20K_X178_Y157_N0     ; 12288                   ; 60.0                          ; fast_recompile_fpga_di_inst|VectorAdd_std_ic_inst|VectorAdd_inst_0|kernel|theVectorAdd_function_aunroll_x|thebb_VectorAdd_B1_aunroll_x|thebb_VectorAdd_B1_stall_region|thei_llvm_fpga_mem_lm_vectoradd_113_5gr|thei_llvm_fpga_mem_lm_vectoradd_423_1gr|bursting_read|readdata_fifo|ms.acl_mid_speed_fifo_inst|gen_ram.gen_m20k.altera_syncram|auto_generated|altera_syncram_impl1|ALTERA_SYNCRAM                                                                                                                                                                                                                                                           ;
; M20K_X178_Y159_N0     ; 12288                   ; 60.0                          ; fast_recompile_fpga_di_inst|VectorAdd_std_ic_inst|VectorAdd_inst_0|kernel|theVectorAdd_function_aunroll_x|thebb_VectorAdd_B1_aunroll_x|thebb_VectorAdd_B1_stall_region|thei_llvm_fpga_mem_lm2_vectoradd_113_6gr|thei_llvm_fpga_mem_lm2_vectoradd_437_1gr|bursting_read|readdata_fifo|ms.acl_mid_speed_fifo_inst|gen_ram.gen_m20k.altera_syncram|auto_generated|altera_syncram_impl1|ALTERA_SYNCRAM                                                                                                                                                                                                                                                         ;
; M20K_X178_Y169_N0     ; 12800                   ; 62.5                          ; fast_recompile_fpga_di_inst|lsu_ic_top_gmem|GEN_SIMPLE.lsu_ic|GEN_HYPER_PIPELINE_1.GEN_MULTIPLE_PORT.GEN_ENABLE_WRITE_RING.GEN_WR_ROOT_FIFOS[0].write_root_fifo|ms.acl_mid_speed_fifo_inst|gen_ram.gen_m20k.altera_syncram|auto_generated|altera_syncram_impl1|ALTERA_SYNCRAM                                                                                                                                                                                                                                                                                                                                                                              ;
; M20K_X194_Y171_N0     ; 13312                   ; 65.0                          ; fast_recompile_fpga_di_inst|VectorAdd_std_ic_inst|VectorAdd_inst_0|kernel|theVectorAdd_function_aunroll_x|thebb_VectorAdd_B1_aunroll_x|thebb_VectorAdd_B1_stall_region|theredist1_i_sfc_s_c0_in_for_body_i_vectoradds_c0_enter111_vectoradd_113_1gr_aunroll_x_out_c0_exit12_aggregateComponentTag_4_x_tpl_546_fifo|ms.acl_mid_speed_fifo_inst|gen_ram.gen_m20k.altera_syncram|auto_generated|altera_syncram_impl1|ALTERA_SYNCRAM                                                                                                                                                                                                                           ;
; M20K_X178_Y165_N0     ; 16384                   ; 80.0                          ; fast_recompile_fpga_di_inst|VectorAdd_std_ic_inst|VectorAdd_inst_0|kernel|theVectorAdd_function_aunroll_x|thebb_VectorAdd_B1_aunroll_x|thebb_VectorAdd_B1_stall_region|thei_sfc_s_c2_in_for_body_i_vectoradds_c2_enter_vectoradd_113_8gr_aunroll_x|thei_llvm_fpga_sfc_exit_s_c2_out_for_body_i_vectoradds_c2_exit_vectoradd_453_1gr_aunroll_x|thei_llvm_fpga_sfc_exit_s_c2_out_for_body_i_vectoradds_c2_exit_vectoradd_464_1gr_data_fifo_aunroll_x|thei_llvm_fpga_sfc_exit_s_c2_out_for_body_i_vectoradds_c2_exit_vectoradd_737_0gr|ms.acl_mid_speed_fifo_inst|gen_ram.gen_m20k.altera_syncram|auto_generated|altera_syncram_impl1|ALTERA_SYNCRAM          ;
; M20K_X189_Y164_N0     ; 16896                   ; 82.5                          ; fast_recompile_fpga_di_inst|VectorAdd_std_ic_inst|VectorAdd_inst_0|kernel|theVectorAdd_function_aunroll_x|thebb_VectorAdd_B1_aunroll_x|thebb_VectorAdd_B1_stall_region|thei_llvm_fpga_mem_lm2_vectoradd_113_6gr|thei_llvm_fpga_mem_lm2_vectoradd_437_1gr|bursting_read|avalon_fifo|ms.acl_mid_speed_fifo_inst|gen_ram.gen_m20k.altera_syncram|auto_generated|altera_syncram_impl1|ALTERA_SYNCRAM                                                                                                                                                                                                                                                           ;
; M20K_X189_Y165_N0     ; 16896                   ; 82.5                          ; fast_recompile_fpga_di_inst|VectorAdd_std_ic_inst|VectorAdd_inst_0|kernel|theVectorAdd_function_aunroll_x|thebb_VectorAdd_B1_aunroll_x|thebb_VectorAdd_B1_stall_region|thei_llvm_fpga_mem_lm_vectoradd_113_5gr|thei_llvm_fpga_mem_lm_vectoradd_423_1gr|bursting_read|avalon_fifo|ms.acl_mid_speed_fifo_inst|gen_ram.gen_m20k.altera_syncram|auto_generated|altera_syncram_impl1|ALTERA_SYNCRAM                                                                                                                                                                                                                                                             ;
; M20K_X189_Y169_N0     ; 16896                   ; 82.5                          ; fast_recompile_fpga_di_inst|lsu_ic_top_gmem|GEN_SIMPLE.lsu_ic|GEN_HYPER_PIPELINE_1.GEN_MULTIPLE_PORT.GEN_ENABLE_RD.GEN_RD_SET[0].read_root_fifo|ms.acl_mid_speed_fifo_inst|gen_ram.gen_m20k.altera_syncram|auto_generated|altera_syncram_impl1|ALTERA_SYNCRAM                                                                                                                                                                                                                                                                                                                                                                                              ;
; M20K_X178_Y158_N0     ; 20480                   ; 100.0                         ; fast_recompile_fpga_di_inst|VectorAdd_std_ic_inst|VectorAdd_inst_0|kernel|theVectorAdd_function_aunroll_x|thebb_VectorAdd_B1_aunroll_x|thebb_VectorAdd_B1_stall_region|thei_llvm_fpga_mem_lm_vectoradd_113_5gr|thei_llvm_fpga_mem_lm_vectoradd_423_1gr|bursting_read|readdata_fifo|ms.acl_mid_speed_fifo_inst|gen_ram.gen_m20k.altera_syncram|auto_generated|altera_syncram_impl1|ALTERA_SYNCRAM                                                                                                                                                                                                                                                           ;
; M20K_X178_Y160_N0     ; 20480                   ; 100.0                         ; fast_recompile_fpga_di_inst|VectorAdd_std_ic_inst|VectorAdd_inst_0|kernel|theVectorAdd_function_aunroll_x|thebb_VectorAdd_B1_aunroll_x|thebb_VectorAdd_B1_stall_region|thei_llvm_fpga_mem_lm2_vectoradd_113_6gr|thei_llvm_fpga_mem_lm2_vectoradd_437_1gr|bursting_read|readdata_fifo|ms.acl_mid_speed_fifo_inst|gen_ram.gen_m20k.altera_syncram|auto_generated|altera_syncram_impl1|ALTERA_SYNCRAM                                                                                                                                                                                                                                                         ;
; M20K_X178_Y168_N0     ; 20480                   ; 100.0                         ; fast_recompile_fpga_di_inst|lsu_ic_top_gmem|GEN_SIMPLE.lsu_ic|GEN_HYPER_PIPELINE_1.GEN_MULTIPLE_PORT.GEN_ENABLE_WRITE_RING.GEN_WR_ROOT_FIFOS[0].write_root_fifo|ms.acl_mid_speed_fifo_inst|gen_ram.gen_m20k.altera_syncram|auto_generated|altera_syncram_impl1|ALTERA_SYNCRAM                                                                                                                                                                                                                                                                                                                                                                              ;
; M20K_X178_Y170_N0     ; 20480                   ; 100.0                         ; fast_recompile_fpga_di_inst|lsu_ic_top_gmem|GEN_SIMPLE.lsu_ic|GEN_HYPER_PIPELINE_1.GEN_MULTIPLE_PORT.GEN_ENABLE_WRITE_RING.GEN_WR_ROOT_FIFOS[0].write_root_fifo|ms.acl_mid_speed_fifo_inst|gen_ram.gen_m20k.altera_syncram|auto_generated|altera_syncram_impl1|ALTERA_SYNCRAM                                                                                                                                                                                                                                                                                                                                                                              ;
; M20K_X194_Y168_N0     ; 20480                   ; 100.0                         ; fast_recompile_fpga_di_inst|VectorAdd_std_ic_inst|VectorAdd_inst_0|kernel|theVectorAdd_function_aunroll_x|thebb_VectorAdd_B1_aunroll_x|thebb_VectorAdd_B1_stall_region|thei_sfc_s_c0_in_for_body_i_vectoradds_c0_enter111_vectoradd_113_1gr_aunroll_x|thei_llvm_fpga_sfc_exit_s_c0_out_for_body_i_vectoradds_c0_exit12_vectoradd_120_1gr_aunroll_x|thei_llvm_fpga_sfc_exit_s_c0_out_for_body_i_vectoradds_c0_exit12_vectoradd_371_1gr_data_fifo_aunroll_x|thei_llvm_fpga_sfc_exit_s_c0_out_for_body_i_vectoradds_c0_exit12_vectoradd_661_0gr|ms.acl_mid_speed_fifo_inst|gen_ram.gen_m20k.altera_syncram|auto_generated|altera_syncram_impl1|ALTERA_SYNCRAM ;
; M20K_X194_Y169_N0     ; 20480                   ; 100.0                         ; fast_recompile_fpga_di_inst|VectorAdd_std_ic_inst|VectorAdd_inst_0|kernel|theVectorAdd_function_aunroll_x|thebb_VectorAdd_B1_aunroll_x|thebb_VectorAdd_B1_stall_region|thei_sfc_s_c0_in_for_body_i_vectoradds_c0_enter111_vectoradd_113_1gr_aunroll_x|thei_llvm_fpga_sfc_exit_s_c0_out_for_body_i_vectoradds_c0_exit12_vectoradd_120_1gr_aunroll_x|thei_llvm_fpga_sfc_exit_s_c0_out_for_body_i_vectoradds_c0_exit12_vectoradd_371_1gr_data_fifo_aunroll_x|thei_llvm_fpga_sfc_exit_s_c0_out_for_body_i_vectoradds_c0_exit12_vectoradd_661_0gr|ms.acl_mid_speed_fifo_inst|gen_ram.gen_m20k.altera_syncram|auto_generated|altera_syncram_impl1|ALTERA_SYNCRAM ;
; M20K_X194_Y170_N0     ; 20480                   ; 100.0                         ; fast_recompile_fpga_di_inst|VectorAdd_std_ic_inst|VectorAdd_inst_0|kernel|theVectorAdd_function_aunroll_x|thebb_VectorAdd_B1_aunroll_x|thebb_VectorAdd_B1_stall_region|theredist1_i_sfc_s_c0_in_for_body_i_vectoradds_c0_enter111_vectoradd_113_1gr_aunroll_x_out_c0_exit12_aggregateComponentTag_4_x_tpl_546_fifo|ms.acl_mid_speed_fifo_inst|gen_ram.gen_m20k.altera_syncram|auto_generated|altera_syncram_impl1|ALTERA_SYNCRAM                                                                                                                                                                                                                           ;
+-----------------------+-------------------------+-------------------------------+------------------------------------------------------------------------------------------------------------------------------------------------------------------------------------------------------------------------------------------------------------------------------------------------------------------------------------------------------------------------------------------------------------------------------------------------------------------------------------------------------------------------------------------------------------------------------------------------------------------------------------------------------------+
Note: This table shows up to 500 physical rams that are least utilized. You can change this number by setting PHYSICAL_RAM_RPT_MAX_ROW in qsf file.


+------------------------------------------+
; Fitter DSP Block Usage Summary           ;
+----------------------------+-------------+
; Statistic                  ; Number Used ;
+----------------------------+-------------+
; FP32 Adder                 ; 1           ;
; Total number of DSP blocks ; 1           ;
+----------------------------+-------------+


+----------------+
; Place Messages ;
+----------------+
Info (20030): Parallel compilation is enabled and will use 18 of the 18 processors detected
Info: *******************************************************************
Info: Running Quartus Prime Fitter
    Info: Version 25.1.0 Build 129 03/26/2025 SC Pro Edition
    Info: Processing started: Tue Sep 29 11:41:43 2026
    Info: System process ID: 1399
Info: Command: quartus_fit --read_settings_files=on --write_settings_files=off quartus_compile -c quartus_compile
Info: qfit2_default_script.tcl version: #1
Info: Project  = quartus_compile
Info: Revision = quartus_compile
Info (11165): Fitter preparation operations ending: elapsed time is 00:01:29
Info (18252): The Fitter is using Physical Synthesis.
Info (22300): Design uses Placement Effort Multiplier = 1.0.
Info (18258): Fitter Physical Synthesis operations beginning
Info (18259): Fitter Physical Synthesis operations ending: elapsed time is 00:00:00
Info (11888): Total time spent on timing analysis during Physical Synthesis is 0.00 seconds.
Info (11178): Promoted 1 clock 
    Info (18386): clock (8506 fanout) drives clock sectors (2, 3) to (3, 4)
Info (22300): Design uses Placement Effort Multiplier = 1.0.
Info (170189): Fitter placement preparation operations beginning
Info (11888): Total time spent on timing analysis during Physical Synthesis is 0.00 seconds.
Info (22300): Design uses Placement Effort Multiplier = 1.0.
Info (170191): Fitter placement operations beginning
Info (170137): Fitter placement was successful
Info (170192): Fitter placement operations ending: elapsed time is 00:00:37
Info (11888): Total time spent on timing analysis during Placement is 0.00 seconds.


