:020000020000FC
:0400000000000834C0
:04000100002008547F
:040002003400006066
:0400030000000000F9
:0400040000000000F8
:0400050000000000F7
:0400060000000000F6
:0400070000000000F5
:04000800980200203A
:04000900FC00108C5B
:04000A00001000AA38
:04000B000000F014ED
:04000C000000E834D4
:04000D00003CEF5470
:04000E000400F76093
:04000F000001D834E0
:04001000D000DED46A
:040011000002D034E5
:040012000140D6943F
:0400130000001014C5
:0400140000011814BB
:040015000001203492
:04001600C40220A060
:04001700B80000A08D
:040018005000002074
:04001900501A06A0D3
:04001A00FFFF18C408
:04001B00FFE800E218
:04001C00000110349B
:04001D0081B4109406
:04001E000001183491
:04001F009FFC18D456
:04002000000C18AA0E
:04002100000000B724
:040022000004108442
:04002300FFF418BA14
:04002400001663C09F
:04002500FFFC0002DA
:04002600112B029BFD
:0400270010E81715B1
:040028001715900018
:04002900901410E837
:04002A00E009103B9E
:04002B00003BE009AD
:04002C000108012A9C
:04002D00016A113B18
:04002E001695010220
:04002F00800C18E841
:040030006755F8E335
:04003100002D314627
:0400320018C4089551
:040033004BAB0003D0
:0400340090001928F7
:0400350049550755CD
:0400360000E00C9545
:04003700590B4B43D3
:04003800195528C965
:040039004A840120D4
:04003A0003F0212C82
:04003B00295528C952
:04003C00212C591901
:04003D0028C9000FBF
:04003E00012039550F
:04003F00F90B4884ED
:0400400019A828C90A
:04004100069590048C
:04004200900400E83E
:0400430000E8069536
:040044006D55900462
:04004500103B65A364
:040046001928E0098C
:0400470007559000C9
:040048000C95495575
:040049004B4300E045
:04004A0028C9590B5D
:04004B000120195522
:04004C00212C4A8495
:04004D0028C903F0CB
:04004E0059192955BE
:04004F00000F212C51
:04005000395528C92D
:0400510048840120BE
:0400520028C9F90BB5
:04005300900419A854
:04005400695557553E
:0400550056D90C95D7
:0400560048A4012099
:04005700000718EC9A
:040058007FE0210C18
:04005900795528C9E4
:04005A0028C9590B4D
:04005B00900419A84C
:04005C008955069527
:04005D00900420E803
:04005E003946F30329
:04005F009955002C83
:040060000FEB069507
:040061008021AF55F6
:0400620024C02AD1BB
:04006300103B00004E
:04006400183B002124
:040065001ED99955B2
:040066004F010C95A5
:0400670021A80915AE
:040068001895900453
:04006900800C3928A6
:04006A0021846D552B
:04006B00C7010003C6
:04006C00FFEE393A30
:04006D0030FA06D18E
:04006E00EB43FFDA87
:04006F00E009029B07
:040070001715132B22
:04007100800810E80B
:04007200FFFC109FE0
:04007300900810E8F9
:04007400E009103B54
:04007500E009029B01
:040076001715132B1C
:04007700800810E805
:0400780000031094DD
:04007900900810E8F3
:04007A00E009103B4E
:04007B00E009029BFB
:04007C0010A815159E
:04007D00108C80085B
:04007E0010AE0007B9
:04007F00E00900078D
:040080000400103434
:04008100910000A842
:0400820080741697D9
:04008300A08902ABA3
:04008400003BE00954
:04008500040010342F
:0400860000841804D6
:04008700911818A80C
:04008800040010342C
:04008900910000A83A
:04008A00003BE0094E
:04008B00214080612F
:04008C00303400000C
:04008D00003300003C
:04008E003184383B46
:04008F00095B020007
:0400900006B7203B54
:04009100AD4080748A
:0400920000610016F3
:040093000400183419
:0400940018C4CC219F
:04009500913B01009A
:0400960081BB897B26
:0400970010E899FBD9
:04009800148B800045
:040099002140F8A367
:04009A0094BF00000F
:04009B00103400011C
:04009C0090A8040024
:04009D008C7F9104BF
:04009E001034000317
:04009F0088A8040029
:0400A000101991089A
:0400A1000400103413
:0400A2000003843F94
:0400A300910C80A894
:0400A4000400103410
:0400A500911898A86E
:0400A600003B4C21AE
:0400A70026B7052B48
:0400A800E009807477
:0400A900807406B7A2
:0400AA000000E00969
:0400AB0005158D5555
:0400AC0000302944B3
:0400AD0096D9C79188
:0400AE00399F749171
:0400AF0028E3FFFC47
:0400B000800018A80C
:0400B100F8E306CB9F
:0400B2002D15E0091F
:0400B30000004117F1
:0400B4000D856181D4
:0400B50041A01D99B0
:0400B6004457C406E1
:0400B70041A800005C
:0400B80000119000A3
:0400B90001C31E4120
:0400BA0030A8C42185
:0400BB000D8B800029
:0400BC00897BF9A3A0
:0400BD004D05803B32
:0400BE00FFCE343A03
:0400BF00800030A8E5
:0400C0000001319476
:0400C100900030A8D3
:0400C2002B5186D167
:0400C30018A8DCE3BA
:0400C40006CB8000E7
:0400C5004421F8E3F7
:0400C6008078169791
:0400C70038021120CA
:0400C800000A18B65C
:0400C900149B02E39F
:0400CA00003BE0090E
:0400CB00807826B75C
:0400CC00003BE0090C
:0400CD002EB78021A9
:0400CE001034807CEE
:0400CF0000A8040081
:0400D000D75990A0CC
:0400D10004001034E3
:0400D20090AC18A82E
:0400D3001034FB4B9F
:0400D40028A8040054
:0400D500103490A8AB
:0400D6000CDB04003B
:0400D70090A418A831
:0400D80004322804C2
:0400D90000157A4054
:0400DA006A8200A096
:0400DB0016B70491BF
:0400DC0000218080FF
:0400DD0000042034C7
:0400DE002104FF5B9F
:0400DF003348D09042
:0400E000003B0000E1
:0400E10004001034D3
:0400E20090A400A83E
:0400E300003BE009F5
:0400E40004001834C8
:0400E50000B018C48B
:0400E600900000E89E
:0400E70004001034CD
:0400E80000B41084CC
:0400E900800010A8DB
:0400EA00800018E892
:0400EB002689549975
:0400EC00003BE009EC
:0400ED0080802E974A
:0400EE007A408021B3
:0400EF0000A0001558
:0400F0000021694240
:0400F100813BC4216A
:0400F2002E97217BA9
:0400F30010198080E0
:0400F40000157A4039
:0400F500695100A0AD
:0400F60000003900CD
:0400F70000021834B7
:0400F8003601A281AA
:0400F900861810F75E
:0400FA00003B442162
:0400FB00813BC02164
:0400FC00390010199E
:0400FD0018340000B3
:0400FE0036010002C5
:0400FF00861818D770
:04010000F499A68147
:04010100003B40215E
:04010200813BC0215C
:040103003900101996
:0401040018340000AB
:0401050036010002BD
:04010600861810F750
:04010700003B402158
:04010800103419197D
:04010900C02100020F
:04010A0080972501B4
:04010B003900861819
:04010C00A40100004A
:04010D00003B402152
:04010E0080802E9728
:04010F007A40C4214D
:0401100000A0001536
:0401110039006950F8
:0401120088BB0000A6
:0401130000003900AF
:0401140080FAB44178
:040115004421FFF68C
:040116008078169740
:04011700113605098F
:0401180002A3000A34
:040119004388151BE7
:04011A00003B0000A6
:04011B000000E009F7
:04011C00D03816E8D9
:04011D00002016FBAD
:04011E00413BC40994
:04011F000260023048
:040120000460003047
:040121000460003046
:040122000460003045
:040123000460003044
:040124000460003043
:040125000008026A62
:040126000560003040
:04012700E00900E902
:04012800056000303E
:0401290000004097FB
:04012A0002302691E8
:04012B004804036021
:04012C00003000019E
:04012D00003004603A
:04012E000030046039
:04012F000030046038
:040130000030046037
:0401310010FB04605B
:04013200003BF94352
:0401330016841919FC
:040134002881808C12
:040135001684009D8F
:040136002881808418
:04013700E009009D3E
:040138001E841D19EB
:04013900C021808CD5
:04013A0001D57CC1AE
:04013B0048C4012093
:04013C000002103479
:04013D00862810847C
:04013E001919410149
:04013F000AB5288154
:04014000203405D58D
:040141002104800015
:040142000491003FE5
:040143000092088995
:040144008491000A98
:04014500FFC02004D3
:04014600049128896F
:0401470004F53CC1BE
:040148001E8408D534
:040149003CC18084B1
:04014A00112004D5A7
:04014B004021A002AD
:04014C0016841919E3
:04014D001E84808C00
:04014E002881808400
:04014F00049538C11A
:04015000A68106D5A9
:040151000002009216
:04015200E0096491CB
:040153001E841D19D0
:040154002834808447
:040155002CC1800039
:0401560004950E9569
:04015700003F2944F8
:040158000A8904917B
:04015900000A009206
:04015A002804849160
:04015B002A89FFC02E
:04015C0001200491E9
:04015D003CC148C495
:04015E004F0104F554
:04015F001034191926
:040160001084000205
:040161002881862843
:04016200E009049517
:040163001B590F6BAA
:0401640029115B0101
:04016500FFFC313733
:04016600FFF6293A3D
:040167000000E009AB
:04016800197B113BB3
:0401690009AB0CCB07
:04016A00000118E692
:04016B00E00912E3B2
:04016C0086D9849913
:04016D00CB01FDC302
:04016E00293204919D
:04016F00E009FFF8AC
:04017000FEC3103B7F
:04017100E8A201609F
:0401720014997B4B16
:040173000515450128
:04017400048B5A8915
:04017500003BE00962
:0401760016970919B6
:04017700288181A4B6
:040178005A81048D17
:04017900000110343D
:04017A00188625417D
:04017B001034773095
:04017C0016D900018F
:04017D00109724C1F2
:04017E00E00979D447
:04017F0083941697B8
:04018000012028AB87
:04018100196BE8A26C
:0401820082D41E976E
:0401830083402E97F0
:040184001E97474932
:0401850018C4829C7C
:0401860000E0007F16
:040187005741E8E311
:0401880000051084DA
:040189000092AA81B5
:04018A00103B000224
:04018B00003BE0094C
:04018C0083C416977B
:04018D00030018341F
:04018E0000D018C4C1
:04018F00288914990E
:04019000E0092689D3
:04019100169719198B
:04019200288181CC73
:04019300B7190895FB
:04019400F0FF111F48
:04019500CD682120F0
:040196000006293EF8
:0401970019111D63BA
:040198002697171976
:0401990038C183C422
:04019A00203416D91E
:04019B002104030038
:04019C0038C11880CE
:04019D00580210E014
:04019E0016D9E00985
:04019F00003C18CC3C
:0401A000003BFC0321
:0401A10010341919E4
:0401A2002501000231
:0401A30090BC209755
:0401A400111FB71957
:0401A5002120F0FF26
:0401A600293ECD68B9
:0401A7001D630006CE
:0401A80017191911F9
:0401A90083C426974E
:0401AA0016D938C169
:0401AB0003002034F9
:0401AC001880210492
:0401AD0010E038C165
:0401AE00E00958020A
:0401AF0018CC16D979
:0401B000FC03003C10
:0401B100169719196B
:0401B200288181D04F
:0401B3006308089540
:0401B400003B00000C
:0401B5000002103400
:0401B6001086250189
:0401B70000A0938C85
:0401B80010B449A294
:0401B900E009030056
:0401BA00838C169785
:0401BB00191914AB4F
:0401BC0081BC169755
:0401BD0004952881FC
:0401BE00CD6810A058
:0401BF00000610AE78
:0401C000103BE00907
:0401C100003BE00916
:0401C20082FC16970E
:0401C3001120C42122
:0401C4000A014C10D0
:0401C50000006E8048
:0401C60088BB243B93
:0401C70000006D4087
:0401C80083C41E9737
:0401C90010E016D953
:0401CA00183458028B
:0401CB00086B0300BA
:0401CC00196018C4DA
:0401CD00442126891A
:0401CE0018E018C459
:0401CF00003BFEC330
:0401D00082FC169700
:0401D100813BC42189
:0401D2004C021120AA
:0401D3006D404A81B0
:0401D400243B0000C8
:0401D5006E8088BBF5
:0401D6001E97000070
:0401D70016D983C4EE
:0401D800103410AB24
:0401D900108403008B
:0401DA0010E01970A8
:0401DB00228958021B
:0401DC001034442176
:0401DD001084030087
:0401DE00FDC318F055
:0401DF00169719193D
:0401E000288181C42D
:0401E1006308089512
:0401E200003B0000DE
:0401E30010341919A2
:0401E40025010002EF
:0401E50090BC209713
:0401E60000006308AA
:0401E7000030110CC7
:0401E800054B22ABF6
:0401E90003001834C3
:0401EA0018C444A34E
:0401EB00169719C08A
:0401EC00203483C474
:0401ED0021040040A9
:0401EE001499E00080
:0401EF002A89094907
:0401F000E009268973
:0401F1000400112EC7
:0401F20003001834BA
:0401F300112E1AA30C
:0401F40014A301004F
:0401F5000200212EB5
:0401F60018C40F23F7
:0401F70095591C00FA
:0401F80003C0108CA4
:0401F900F8C3368190
:0401FA001C2018C4E9
:0401FB0018C4FE0323
:0401FC00F74319E0CC
:0401FD0082C8169707
:0401FE0002DB419B44
:0401FF004CC9E58181
:040200008138369774
:0402010086D18B59BE
:040202004D0144C99D
:0402030054C908C909
:0402040082D82697DF
:040205002E973AC135
:0402060010C4839805
:04020700116B000374
:0402080082D01E97EB
:040209008491288133
:04020A00EC0218A04A
:04020B00E009468937
:04020C00000429269B
:04020D0018C40F639F
:04020E0018DF0005F0
:04020F0010D4FFFC0C
:04021000E009000100
:0402110000022126A0
:04021200109405231C
:04021300E0090001FD
:0402140082D81697DF
:0402150016974501F2
:04021600891182D0F8
:04021700EC041120C2
:04021800838416972E
:040219000005108448
:04021A00E0092501D1
:04021B0081DC1697D5
:04021C00108C549559
:04021D00E0090007ED
:04021E00833C169770
:04021F00048B58896B
:0402200016970CAB76
:0402210020A083781E
:04022200048BEC025B
:04022300103BE009A3
:04022400003BE009B2
:040225002000190C90
:04022600CD6911206D
:040227000CDB02EBFF
:04022800149926817E
:040229000300183482
:04022A00268166D1F2
:04022B00003F212C43
:04022C00030118347E
:04022D0018C4288940
:04022E002689C0005D
:04022F00003BE009A7
:04023000283B8021C6
:0402310000007080D9
:04023200800010A890
:0402330003FF108C29
:04023400003B00216A
:04023500283B8021C1
:040236000000740050
:04023700800010A88B
:040238001FFF108C08
:04023900003B002165
:04023A0082FC169795
:04023B0045098021D0
:04023C0000006D4011
:04023D00030018346E
:04023E00180818C4C0
:04023F0010A8268954
:04024000948B80001B
:04024100003B00215D
:04024200A17BD821A3
:04024300830C2E9763
:040244009034A93B0E
:040245007A400300F8
:0402460016990015F0
:0402470081CC9E9731
:0402480000E49484B6
:04024900C4031CE0EE
:04024A0090E006D565
:04024B0080E85803EC
:04024C000691800097
:04024D001CE016D9C2
:04024E0006D5C4030A
:04024F00580390E0E0
:04025000800088E8BA
:040251001499149157
:04025200C40214E0EE
:0402530090A00495DE
:04025400B0A85802F4
:040255002E97800060
:04025600257B830C75
:0402570000157A40D4
:04025800000310840B
:0402590014E0149900
:04025A0014D7C413DE
:04025B0090A000006F
:04025C0018A8580284
:04025D00052A8000EE
:04025E001E2B001043
:04025F0005AA086B79
:0402600000E00018A2
:04026100147B801179
:040262008C20582173
:04026300B0A05802ED
:04026400268958028D
:04026500801100A064
:04026600883BFD8351
:04026700003BFD0358
:04026800644080214D
:0402690010A80000D9
:04026A00108C800074
:04026B00002101FF6E
:04026C0016971919AF
:04026D00183481D0F0
:04026E0018C40300AD
:04026F00288100C022
:040270002689049542
:04027100800010A851
:04027200003BE00964
:040273001034191911
:040274001834000238
:04027500250103005C
:0402760090BC109791
:0402770000AC18C4FB
:0402780010A826891B
:040279000D63800091
:04027A000008109CCC
:04027B00CC6310A0A0
:04027C00E009183B42
:04027D00CC4210A0BF
:04027E00003BFEC380
:04027F006840802132
:0402800010A80000C2
:04028100108C80005D
:04028200002101FF57
:0402830000C0103473
:0402840003AC108433
:040285001B5955416B
:04028600E000111F64
:040287001968254984
:04028800029B800055
:04028900CD682120FB
:04028A0026894889F0
:04028B009000116866
:04028C00003BE0094A
:04028D0000C0103469
:04028E0003A810842D
:04028F001B59554161
:04029000E000111F5A
:04029100196825497A
:04029200029B80004B
:04029300CD682120F1
:0402940026894889E6
:04029500900011685C
:04029600003BE00940
:040297000120D02151
:04029800893B485303
:04029900803B917B9A
:04029A001000A1545B
:04029B00830416972B
:04029C000002143A0E
:04029D002C3B502185
:04029E007080247BCD
:04029F00A0A8000013
:0402A000169790001D
:0402A1000CAB84849A
:0402A200846C1697BB
:0402A300C40298A059
:0402A400000090AF17
:0402A500FA830011C7
:0402A600913BCC219B
:0402A700803B897B94
:0402A8000002996651
:0402A900825C1697C6
:0402AA000002143A00
:0402AB00166B4C2161
:0402AC0004E2243B09
:0402AD006E80000A55
:0402AE000AA300009F
:0402AF00FC830011BB
:0402B00000006E805C
:0402B1002CBBF6A3C9
:0402B200A5C0243B84
:0402B300FD830000C7
:0402B40010341919D0
:0402B500250100021D
:0402B6008ECC18973B
:0402B70003001034FC
:0402B800008410842A
:0402B90010E824C95C
:0402BA002B5980003C
:0402BB00FFF7109F9A
:0402BC0010E82A8993
:0402BD00E0099000C4
:0402BE0058D3C4212C
:0402BF000300803484
:0402C0005011183B86
:0402C10000016004D4
:0402C200000228E22C
:0402C30019E04421D9
:0402C400048B6C0239
:0402C500411732A308
:0402C60000E0000054
:0402C700423448690C
:0402C80049A0030046
:0402C90002E2C40980
:0402CA005186002435
:0402CB001299000084
:0402CC00C4114460B5
:0402CD0090005468E1
:0402CE0088A6049169
:0402CF00E6630008DA
:0402D0002089051567
:0402D100900060A891
:0402D200291106D117
:0402D3001260F7437B
:0402D4005446C411B7
:0402D500FAC3000068
:0402D6008034C4218B
:0402D700103B0300D5
:0402D8000074840426
:0402D900001A28A23D
:0402DA0003004834A1
:0402DB000300503498
:0402DC00C408002032
:0402DD0000704A441F
:0402DE000040528406
:0402DF0000B42A221B
:0402E0001699442106
:0402E10002551701AA
:0402E20006D5378185
:0402E3001C6820492A
:0402E40004919000F1
:0402E50006D1F9C382
:0402E60048A0051512
:0402E70031A85806DC
:0402E800F3AB8000F4
:0402E900000330FEE0
:0402EA0050A0EDA390
:0402EB00183B58065E
:0402EC001099103B1A
:0402ED0084280C0154
:0402EE0002998000F1
:0402EF00006D13C1CA
:0402F000000888B6C4
:0402F100F00B0C639F
:0402F2008000841CE8
:0402F30080008404FF
:0402F400049130C180
:0402F500000C80A6D3
:0402F60010C4D82335
:0402F7000092D000A1
:0402F80010C400042A
:0402F90031CFD0072A
:0402FA0000A0000060
:0402FB0011CFE863D4
:0402FC0089FB000872
:0402FD00AC81803B15
:0402FE00001031CFEC
:0402FF0031CF2C814E
:040300002C8100123A
:04030100F000108474
:040302006581FC997C
:04030300E82601A047
:0403040000085C365B
:0403050002E2044DBF
:04030600A681001EAE
:04030700046D001170
:04030800000C1426AB
:04030900E8A3125102
:04030A0000014204A8
:04030B00001839C4D9
:04030C00E9032911C7
:04030D00EC03183BAA
:04030E00FC03AC81BF
:04030F0082D41697E7
:04031000103445015F
:0403110026B7033FC9
:040312001084828051
:040313002114181089
:0403140020A880009D
:04031500E00990006B
:04031600103417196F
:04031700CC210002F3
:04031800109724C155
:04031900915F8ECC96
:04031A00817BFFFCE8
:04031B00581214A0C0
:04031C00000211E6E4
:04031D0094B499BB40
:04031E0022A3030013
:04031F00800014A89E
:04032000FB1B183B70
:040321002019200B74
:04032200580398E004
:0403230040C9410983
:040324001120690932
:0403250026893802EB
:04032600900014A887
:040327009B594C2171
:040328005D8089FB70
:040329000A63000063
:04032A00490304E09F
:04032B00FFFF20149C
:04032C008C6EFA4396
:04032D00E063000386
:04032E00FE03183B77
:04032F00913BD0210D
:04033000883B997BF2
:040331000013A444CD
:040332001697803B5F
:0403330018AE827C02
:040334002AE30001B7
:04033500000710AEFF
:04033600269B28A337
:040337006C0684A02C
:040338000D8B408168
:04033900FB9B03AB7C
:04033A002D3B3CFB20
:04033B000000C58079
:04033C001426001172
:04033D00D2A300093E
:04033E00025B0C63EF
:04033F002A9BF8C33A
:04034000229BFB43BE
:040341005021FAC38A
:040342000340103430
:04034300841410848A
:04034400900020A85D
:04034500033F10342E
:040346000E441084CD
:04034700900020A85A
:04034800033F10342B
:040349002E441084AA
:04034A00900020A857
:04034B0084841697F9
:04034C00169708AB4D
:04034D0020B78490C1
:04034E00E00900744E
:04034F00033F103424
:04035000108402DB38
:0403510018A810A830
:0403520010349000D3
:040353001084033FD0
:0403540018A812A82B
:0403550010349000D0
:040356001084033FCD
:0403570018A80E28AC
:04035800E009900028
:04035900813BC421FF
:04035A0077C0897B64
:04035B0088A800006E
:04035C001697900060
:04035D000AAB8484DF
:04035E00846016970A
:04035F0020811019D0
:04036000442102AD85
:04036100893BC421EF
:040362001697803B2F
:04036300143A826066
:04036400442100022E
:040365002C7B243B8E
:040366000000D6407D
:04036700FD43001141
:04036800813BC421F0
:040369006C40897BE0
:04036A0088A800005F
:04036B001697900051
:04036C000AAB8484D0
:04036D0084781697E3
:04036E0020811019C1
:04036F00442102AD76
:04037000913BDC21C0
:040371000020997B54
:040372000020C4178C
:040373001697C416FF
:0403740015BA8260D4
:040375005C21000205
:0403760082C0869724
:04037700830C1E973E
:0403780020F6103B20
:040379004323000218
:04037A00C40214E0C5
:04037B00EC1114204D
:04037C00EC109C20C5
:04037D000020ACBBF5
:04037E009420C414EF
:04037F001697C410F9
:04038000A5E0830C65
:040381008491C4049B
:040382000024153A04
:0403830001801416CB
:0403840004A32C3B67
:0403850001802804C7
:040386000000DA0099
:04038700830C169736
:040388000001B58437
:04038900C41715E0A0
:04038A0086D9F48399
:04038B00F6430491A0
:04038C000180155681
:04038D0004A32D7B1D
:04038E0001802804BE
:04038F0000022C122A
:04039000DA002C3B28
:040391008D6000007B
:04039200A504C415E5
:04039300F5C30001AD
:04039400813BC421C4
:0403950078C0897B28
:0403960088A8000033
:040397001697900025
:040398000AAB8484A4
:0403990084701697BF
:04039A002081101995
:04039B00442102AD4A
:04039C001319C4214C
:04039D000002103416
:04039E002441817BFA
:04039F008ECC209749
:0403A00000006300F6
:0403A100900080A8A0
:0403A20084841697A2
:0403A300169708ABF6
:0403A40022818454DA
:0403A500442100AD42
:0403A6009834D02196
:0403A700893B03008B
:0403A800803B917B8A
:0403A900180C9CC4CC
:0403AA008000A154DA
:0403AB00830416971A
:0403AC000002143AFD
:0403AD00269750211E
:0403AE00246082FC49
:0403AF0041014C04B8
:0403B00000006D409C
:0403B100580298A0B6
:0403B2009000A0A86F
:0403B3008484169791
:0403B40016970AABE3
:0403B50022818448D5
:0403B600000090A70C
:0403B700F9830011B5
:0403B800893BC42198
:0403B9001697803BD8
:0403BA00143A825C13
:0403BB0044210002D7
:0403BC0082FC1E970A
:0403BD0000021034F6
:0403BE001C20243BA0
:0403BF0000114C03DA
:0403C000288624C1A6
:0403C100DA4199582C
:0403C2000000E980CE
:0403C300003BFB03FD
:0403C4008484169780
:0403C50008AB8021E0
:0403C600848C169776
:0403C70076B50EDB1E
:0403C800826C2E977E
:0403C90083D0269720
:0403CA0000007F4070
:0403CB0016B720BB86
:0403CC00EE00814876
:0403CD00269700006F
:0403CE0085008148DD
:0403CF0020BB00004F
:0403D000814416B797
:0403D1000000D080D8
:0403D2000021103BBB
:0403D300813BC02189
:0403D400033F20348F
:0403D50030002104CF
:0403D60000006300C0
:0403D700900080A86A
:0403D800827C1E976E
:0403D90080481684BE
:0403DA00848436974A
:0403DB0084543E9771
:0403DC000A852681E7
:0403DD00289A103B0F
:0403DE00169700323C
:0403DF00269783A832
:0403E000288983A441
:0403E100169758AB68
:0403E20038AB836849
:0403E30082C02E970F
:0403E40082AC16973A
:0403E50028925A01FF
:0403E60028BB00022E
:0403E700000718EE05
:0403E800531B38E388
:0403E900C8043EE81E
:0403EA000000E70820
:0403EB0000022034B8
:0403EC00210648811D
:0403ED00092B997CC3
:0403EE00189907ABA8
:0403EF00012D49C1D2
:0403F000F64304913B
:0403F100836C16976C
:0403F2001E9714AB93
:0403F300169782C017
:0403F400560182AC80
:0403F5000002289248
:0403F6004B1B28BBBA
:0403F7004021F8C3E6
:0403F800897BC42118
:0403F9006440813BA0
:0403FA001C5400008F
:0403FB0018A810002E
:0403FC0016979000C0
:0403FD000AAB84843F
:0403FE00847C16974E
:0403FF002081101930
:04040000442102ADE4
:0404010082D41697F4
:040402001136450169
:0404030016A3000438
:04040400828426B711
:0404050082841E9738
:04040600033F10346C
:040407001834108411
:04040800900018A8A0
:04040900069BE00965
:04040A00828416B71B
:04040B00003BFCC3F3
:04040C00827C169741
:04040D00897BC42102
:04040E00000710A62D
:04040F00211C04A305
:040410007A6B0004FF
:04041100FFFF18349D
:0404120000FF18C40B
:040413000001283488
:04041400716C395777
:040415000001283486
:0404160081571919D8
:04041700103B718C99
:04041800830C2E978C
:04041900005A28BAA3
:04041A0082D8869767
:04041B000004142E97
:04041C0084267AA315
:04041D0010110002B8
:04041E0016977A6350
:04041F0010AE827C1D
:040420006CA30007C2
:04042100035B591B05
:0404220000005D80F9
:0404230018345089B0
:0404240018C4033FB6
:0404250010E80D04CA
:04042600606390007F
:04042700827C169726
:04042800000710AE0B
:04042900591B52A366
:04042A005D80283B8E
:04042B0050890000F4
:04042C00033F18343E
:04042D000D0018C4E2
:04042E00900010E842
:04042F00FEDB44218B
:040430002E97F143CF
:04043100594181CCE0
:040432000A8B0D55CF
:04043300030031B4DD
:040434002E97096393
:04043500116B834C78
:0404360029FB0EA3ED
:0404370029A80749A0
:04043800049190009B
:04043900EF03291193
:04043A00FE032C3B56
:04043B00F103803B0E
:04043C00F243511B1B
:04043D00F2C3FE9B6D
:04043E00F583511BD6
:04043F00F603FE9B27
:04044000E82401208B
:04044100030829196A
:04044200003B00017A
:04044300897BC421CC
:040444006840813B50
:040445001C54000043
:0404460018A81000E2
:040447001697900074
:040448000AAB8484F3
:04044900847416970A
:04044A0020811019E4
:04044B00442102AD99
:04044C000300103465
:04044D0004201084F3
:04044E00192825093B
:04044F0010DF80003A
:04045000296BFFBF56
:0404510000401094C3
:04045200002410E290
:0404530081A81697CF
:0404540000041094FC
:0404550081A816B7AD
:0404560081A81697CC
:0404570010AE548B04
:0404580014A3000FDA
:0404590015AA2004BC
:04045A00000047084F
:04045B00FFE810EABC
:04045C0090001128D3
:04045D00FC03D76362
:04045E00003BE00976
:04045F00813BC021FC
:0404600000C82004AC
:0404610000004380D4
:040462000002103450
:04046300942C20971E
:04046400030010344D
:0404650004001084FB
:0404660081282509BB
:040467002697900044
:04046800132B83A02F
:040469000002183441
:04046A00942C18C4F2
:04046B0010E016D5B2
:04046C0080A858020A
:04046D0020049000D7
:04046E00438000C8FF
:04046F001E970000D4
:0404700084D583FCB0
:04047100342B26A35F
:040472002E9746D5A6
:04047300203B827038
:0404740030FB16D96A
:0404750029B209118E
:040476002136001417
:040477001523000841
:04047800748B109BD6
:04047900040018342F
:04047A00952010E8D1
:04047B00EB814021B0
:04047C00BAC1FC43C2
:04047D0028F20491CC
:04047E00FCC3FFF8C4
:04047F00FC43209B7F
:04048000DEC4FFE1F6
:04048100993BF96C3E
:040482000020897B52
:04048300803BC412E4
:0404840081B0169796
:0404850003BA00A214
:040486000008143E18
:04048700B00442A3D8
:0404880090040008D4
:0404890077430006AF
:04048A000420103BFF
:04048B002C7B4886F8
:04048C0025892D3D54
:04048D00000058C053
:04048E0099FD24FBB5
:04048F002C7B2DBDD8
:040490000000B58033
:04049100025016C43B
:04049200C40490A06E
:040493000130AEC4C2
:04049400C41400206C
:04049500000C8D22A8
:040496009484001139
:04049700F603001850
:04049800F8C30C9BFE
:04049900319B2D7BEB
:04049A0000166100E7
:04049B000001A504B3
:04049C0000C02084F8
:04049D000018AD4452
:04049E00419BFB4340
:04049F00813D283B38
:0404A0000016628060
:0404A1004868056042
:0404A200025016C42A
:0404A300010056C43A
:0404A400C40C40A0A4
:0404A50032BB5B3BD0
:0404A6000011803B86
:0404A7003C3B49BBD6
:0404A8000088B1FA1D
:0404A9005AC42D9173
:0404AA00B422001860
:0404AB00103BFFEC17
:0404AC00189902DBBE
:0404AD0021041B7D8E
:0404AE004B01069C5C
:0404AF00FA302117E7
:0404B00000042A9783
:0404B10000022152D2
:0404B20006D110FB64
:0404B300000452846B
:0404B400FFDEB0E2D5
:0404B5000520009985
:0404B6002D3D48434D
:0404B7002019040103
:0404B80000A0370168
:0404B900442048840F
:0404BA0016C4C41090
:0404BB00008102506A
:0404BC00580491202F
:0404BD0008F598BDE9
:0404BE00A8A0319B26
:0404BF002C3BC4040A
:0404C00000166100C1
:0404C100A8A0E0BD52
:0404C200319BC404A2
:0404C30061002C3B6D
:0404C40005200016F9
:0404C50038BD486492
:0404C600375B119BF4
:0404C7006280488186
:0404C800A504001671
:0404C900AD4400013D
:0404CA0057C30018FC
:0404CB00203B05D9F4
:0404CC002E81183B2A
:0404CD0060A024996E
:0404CE0022E0C40262
:0404CF0020A0C405A0
:0404D0006B4EC40D9E
:0404D1000B4D0000CF
:0404D200E405696074
:0404D300FFFF714C6A
:0404D4008000739C95
:0404D50080007384AC
:0404D6000392697BA9
:0404D70028200004D5
:0404D8001911E40D05
:0404D90000102926C0
:0404DA00C4031B60DC
:0404DB000595CD6353
:0404DC0018DCF6CB67
:0404DD0018C48000BF
:0404DE0026818000F3
:0404DF00125705B5F6
:0404E0000FD1000434
:0404E10000044A4485
:0404E20012772681E6
:0404E300E203000030
:0404E40050C31F1BC7
:0404E500397D369196
:0404E6000B4555412C
:0404E700658169BD05
:0404E8000FA5F94122
:0404E900658181BDEB
:0404EA000FA57941A0
:0404EB00658151BD19
:0404EC0004910BA5C7
:0404ED00FFDE10E23C
:0404EE004C0310FBB0
:0404EF006C02A56096
:0404F00000A2048BD7
:0404F10038BD0170A1
:0404F200C402B0A0F0
:0404F30050BD11F3F4
:0404F400C40AB0A0E6
:0404F500B0A068BD8E
:0404F6001173C402B8
:0404F700B0A080BD74
:0404F8001233C402F5
:0404F9001073069BDB
:0404FA00486205202F
:0404FB0048931AFD0B
:0404FC00069C1084C6
:0404FD0028342681F8
:0404FE006004000195
:0404FF001273000173
:040500006CE029443E
:04050100CC83126035
:04050200827B1133B4
:0405030068A9026081
:04050400010A00AA3E
:04050500840C1253FD
:040506002081000749
:04050700FA00188757
:04050800FA3010872E
:0405090000F6189A46
:04050A00253D219BCF
:04050B004B335373A8
:04050C002AB362F3B9
:04050D000016610073
:04050E001AFD0419B5
:04050F0010845353AE
:040510002681069C9E
:04051100F978588E8F
:0405120062D34B1352
:0405130042FB2A93EA
:04051400C40D0020F2
:04051500103B183B44
:04051600320C383B30
:04051700220C0008AA
:04051800FA3B000F9B
:0405190068A80220AC
:04051A00010201A237
:04051B000600700462
:04051C002720091972
:04051D0025E0C4060B
:04051E00318FC40451
:04051F00210F0000A8
:0405200071A00000C6
:040521007120E4065B
:0405220019EBE404E9
:04052300019271BB15
:04052400302000047F
:0405250078BBE40EAD
:04052600000400923B
:04052700E40F1020AD
:04052800000873D282
:04052900CC846FE02F
:04052A0017EB11BBFF
:04052B000112313B4D
:04052C0079890002C7
:04052D0000D270FB8D
:04052E00182000048D
:04052F003392E40E11
:04053000193B000271
:040531000FD12113B2
:04053200FF8E3922DD
:04053300009220BB57
:040534007509000243
:04053500000200D2EE
:04053600191A76C94F
:040537001A130096FD
:0405380030C121535A
:04053900101A410152
:04053A0000AA00B45F
:04053B00036200C097
:04053C0082A000B0E9
:04053D000485C4026B
:04053E0004E58491BB
:04053F0000001107A0
:04054000000018C7D8
:0405410000AA10DA22
:04054200F4D934C1F3
:04054300C41082A0BE
:0405440000A026816C
:040545000425E8227F
:040546001320103B33
:040547001053380C09
:040548001073849117
:04054900FEDC00A232
:04054A00000A032A76
:04054B00A0A0029BCF
:04054C0015604C02E8
:04054D00A504581594
:04054E00E7040001BD
:04054F00BDC400180F
:04055000B584001856
:040551008D220008EF
:0405520010D3FE7252
:040553000066156ABF
:040554001033049BC1
:0405550051BD3D7BDC
:0405560024FB2C7BDB
:040557000000AF8071
:040558002DBD99FD1F
:0405590024FB2C7BD8
:04055A000000B58068
:04055B00700417030E
:04055C00DF83080031
:04055D0082A019D38C
:04055E000905C404C3
:04055F0008E530C1BA
:040560001ACC071B8F
:0405610006D9000FA8
:0405620002E0891119
:040563001DE068AB84
:040564001F20C4068A
:0405650006CDC403F8
:04056600E72307ADD3
:040567000362E80340
:0405680082A0FF501E
:040569000485C4023F
:04056A0005250491CE
:04056B0004C5E9C317
:04056C00029BFEC32D
:04056D00049BEC837C
:04056E00383B1033D3
:04056F00F30339BD9C
:04057000000294846D
:0405710014A224BDEF
:04057200103B0044F6
:040573000694DEC448
:04057400143E7FE1D1
:0405750000A20003DD
:04057600B004FC4E83
:04057700002000035D
:040578000020C41289
:040579000020C41585
:04057A008D22C414F6
:04057B002834FC8C98
:04057C00219B0001BE
:04057D006CF02944B1
:04057E0061001D3DBE
:04057F00029B0016C5
:0405800096C4428952
:040581008491003829
:04058200245910F3F5
:04058300148F11B30D
:0405840010B30000B0
:04058500FD7800926B
:04058600103B071B04
:0405870010E21993D2
:040588000020FD72E0
:0405890010D3C415B2
:04058A00FF94156A5B
:04058B000130E6C491
:04058C0001C0BEC428
:04058D00C416002070
:04058E00C414002071
:04058F00003BE10349
:040590001136CFE170
:0405910080E90002FB
:0405920000A2893BFF
:0405930001200166DC
:0405940006D9800301
:04059500000210341C
:04059600288E24C1C6
:04059700103499245F
:0405980000AF0002AE
:040599001834993643
:04059A0038340002EF
:04059B0030340301F4
:04059C00103B03010C
:04059D0018C4803BC3
:04059E005466990402
:04059F0039C4000259
:0405A0005C668418F9
:0405A100318400039E
:0405A2004804C00049
:0405A30011600001E2
:0405A400090B6C04CF
:0405A50020CE372B02
:0405A60011200032EE
:0405A700090BEC044C
:0405A80058992B2310
:0405A900014402A265
:0405AA004848042099
:0405AB0000112D0905
:0405AC0000484204BD
:0405AD00C408DA2084
:0405AE00FFC0223731
:0405AF00003240CE08
:0405B0004C04126085
:0405B1005804412089
:0405B200003220EF04
:0405B30020A60491E9
:0405B400BB23001055
:0405B50000A8042A6C
:0405B60000031466C4
:0405B70026970AA3D6
:0405B800283B832039
:0405B900000113002A
:0405BA000033369B39
:0405BB0036C4383BCF
:0405BC002C3B0007CD
:0405BD008C6E053DFE
:0405BE0016E700023A
:0405BF00AF80000702
:0405C00004620000D1
:0405C1001697010880
:0405C200629583FCBF
:0405C3000462424B41
:0405C400143E00FCE5
:0405C5009C3B000754
:0405C600980404A3EE
:0405C700002000060A
:0405C800031BC4123B
:0405C900000040806E
:0405CA00484404A0FD
:0405CB002CFB04BD44
:0405CC002000488142
:0405CD00031B00010B
:0405CE00420024497A
:0405CF00B6990000D9
:0405D00083B816973F
:0405D1000006948408
:0405D200E41394207A
:0405D30016B72681B0
:0405D40014FE83B8D6
:0405D50004A3000774
:0405D600000698047F
:0405D700FFC284BA21
:0405D800357B20044B
:0405D90000004700D7
:0405DA0081AC168654
:0405DB00001710B63F
:0405DC0020340CA318
:0405DD002104001FD6
:0405DE004580848050
:0405DF00847B000019
:0405E000827C16976C
:0405E100000710A659
:0405E200169724A3A1
:0405E3001E9783F8E4
:0405E400C49581B089
:0405E5002000108C56
:0405E60012AB2689A5
:0405E7003595200422
:0405E80000004700C8
:0405E90083202697AE
:0405EA001300035B9C
:0405EB00143B0001BC
:0405EC004FE100E9F2
:0405ED0000041126CF
:0405EE002E9706A39B
:0405EF00D4C383707E
:0405F00000021034C1
:0405F10000021926C5
:0405F20099041084D4
:0405F300188E0CE36F
:0405F400288E002E1F
:0405F5000749002A88
:0405F6001E97D183F8
:0405F700103483CC6D
:0405F80006D900021E
:0405F900288E24C163
:0405FA00CF4399044E
:0405FB005808392043
:0405FC0080006228F1
:0405FD00FEB0032227
:0405FE00001602E2FF
:0405FF0080006228EE
:04060000FEA403222F
:0406010080A06697D8
:04060200FE9C032235
:04060300883BFDC370
:04060400201BEAC30A
:04060500003BF303C0
:0406060084041697BB
:0406070003BE20AA64
:0406080026B7CFE161
:04060900112684042E
:04060A0085690001FD
:04060B0003A000A2A6
:04060C000001303485
:04060D00000128348C
:04060E00033F8834EA
:04060F00033F403431
:04061000033F483428
:04061100033F50341F
:04061200033F583416
:04061300033F60340D
:04061400030080342B
:04061500718C31842F
:04061600716C294496
:040617008C44103BC4
:040618004204120086
:040619004A441240FD
:04061A0052841000F6
:04061B005AC41100AC
:04061C006304104023
:04061D006011114017
:04061E00000118348B
:04061F0070D73681D9
:0406200088A0714CF1
:0406210070E8580322
:0406220040A0900064
:0406230070E8580320
:0406240018849000A6
:0406250018F6FFE8DC
:0406260068E300087D
:04062700827C1E971C
:04062800000518EEC3
:0406290019976AE3D0
:04062A006997FFF8D5
:04062B0079570000FB
:04062C000F55FFF86F
:04062D00780468E005
:04062E0038047120FB
:04062F003BE037096C
:0406300070E07803FB
:0406310078E0380332
:0406320048A0780361
:040633006BA8580E4A
:0406340050A0900042
:040635003B68580DB9
:0406360058A0900038
:040637002368580DCF
:0406380060A090002E
:040639001928580420
:04063A00269790006F
:04063B000122834CC9
:04063C002491008E77
:04063D00002018A6DB
:04063E002B512D917E
:04063F00FF7800E25E
:040640004FE1056918
:0406410000006997B5
:04064200237B0F55B2
:04064300F74319FB65
:04064400FFDBFEDBFF
:040645006804FF1B2B
:04064600F5C3FFFFFA
:04064700484E0360B6
:0406480081D02697A0
:04064900C404712054
:04064A0020A00915CE
:04064B0021345804FA
:04064C003928030046
:04064D00269790005C
:04064E00712081D0C6
:04064F000915C404C1
:04065000580420A08A
:04065100192821093A
:040652002697900057
:040653002360830C91
:040654002697C40D14
:04065500237A82582A
:04065600383BFFC26C
:04065700825426970C
:04065800FF8E21F2FE
:04065900484D01E027
:04065A0081C8269796
:04065B00C40469204A
:04065C0020A00915BC
:04065D002109580413
:04065E0090001928C7
:04065F00FB830FD139
:04066000C40D0020A5
:040661002104F983F4
:040662001E97FFCE12
:04066300168482D0A7
:04066400315B804442
:0406650090862681D4
:04066600303B000025
:0406670000018C669C
:040668004C10912081
:0406690058C0193D1F
:04066A00035B00002E
:04066B004C05916049
:04066C0000025834FC
:04066D000002503403
:04066E0000016034F3
:04066F0003006834E8
:040670005AC45141D6
:0406710052848B44E0
:0406720000208B20B9
:040673006304C4094F
:0406740076C46F9C3D
:040675006B440010C2
:0406760002600040DE
:04067700343B4823A5
:0406780048E0409B7B
:0406790000E0C403D6
:04067A001B20488376
:04067B000543C4036C
:04067C0079064CC1EE
:04067D000F910000D9
:04067E007820046379
:04067F002697180F93
:04068000412682D8B5
:04068100022200044D
:04068200849100A6B9
:04068300009020843F
:04068400C404D920B1
:04068500FF80792752
:0406860029BA31FB61
:040687003AFBFFD269
:040688001297303B5A
:0406890011BA0000A2
:04068A004A440100DD
:04068B00126E0001EA
:04068C005AC4000943
:04068D00528400484B
:04068E009EAB00041B
:04068F00033F1834D9
:0406900018C4FE9BF1
:0406910010E812005B
:040692001834900088
:0406930018C4033F45
:0406940010E8120454
:040695001834900085
:0406960018C4033F42
:0406970010E812084D
:040698001834900082
:0406990018C4033F3F
:04069A0010E8120C46
:04069B00183490007F
:04069C0018C4033F3C
:04069D0010E812103F
:04069E00183490007C
:04069F0018C4033F39
:0406A00010E8121438
:0406A1001834900079
:0406A20018C4033F36
:0406A30010E8121831
:0406A4001834900076
:0406A50018C4033F33
:0406A60010E8121C2A
:0406A7001697900012
:0406A80000AA834CD5
:0406A9002834FE5A99
:0406AA00183B0300F6
:0406AB0021C36B51AB
:0406AC0041847EC146
:0406AD000DC5000275
:0406AE006D890263ED
:0406AF0078B3783371
:0406B00030F3307380
:0406B100F9267EFBAD
:0406B200391E0001EC
:0406B30033D7000336
:0406B4008891000029
:0406B500009091041C
:0406B600C412DCA0EE
:0406B700FF8034A7E5
:0406B80000E407E271
:0406B900685201A0E2
:0406BA00108498917F
:0406BB00D8A0008E35
:0406BC0090A7C4023D
:0406BD0001A0FF8019
:0406BE0085116893A7
:0406BF000090908493
:0406C000C412DCA0E4
:0406C100FF809CA773
:0406C200001207E239
:0406C30068C601A064
:0406C40020849511E8
:0406C500D9200090A8
:0406C6003127C40410
:0406C7007BC4FF8071
:0406C8007BA200040D
:0406C9003A3BFFA811
:0406CA0018BDDDC3B7
:0406CB001BA0183B1D
:0406CC007917C404D2
:0406CD0009D500004B
:0406CE00580420E0CC
:0406CF0003002134CF
:0406D00090007928F5
:0406D10020E009D547
:0406D200692058043F
:0406D3007928580426
:0406D40026979000D5
:0406D5002F2B834CF8
:0406D60040972DA379
:0406D7007A20000085
:0406D8007A20380448
:0406D90040B77808A6
:0406DA004097000045
:0406DB00412000209A
:0406DC004120780F32
:0406DD004097380406
:0406DE0078B70040A9
:0406DF0022200020B5
:0406E00020B75804E3
:0406E10026D10040DE
:0406E200002020E6EE
:0406E3009F2324919C
:0406E4002FD10D9174
:0406E50010D9D183D4
:0406E600203B19BDDF
:0406E70081C8169719
:0406E80000403997FE
:0406E90004952081D3
:0406EA005802112081
:0406EB0038A82A8978
:0406EC002911900040
:0406ED0000201126B2
:0406EE00E0A32D91C7
:0406EF00169706D183
:0406F00010FA82601A
:0406F100A703FFD08C
:0406F200FF2A01E2F8
:0406F300E9C3113B0B
:0406F4000032113689
:0406F50000A2897B5B
:0406F6009911FDACAD
:0406F700E009B583DE
:0406F80083FC1697D2
:0406F900FF5B802102
:0406FA0033404895AC
:0406FB0006B700003E
:0406FC000021837CDA
:0406FD0005001834A8
:0406FE00000018C41C
:0406FF001EB754D5F9
:04070000203483FC22
:04070100108400025E
:04070200109F000341
:040703002681FFFC50
:0407040005001834A0
:04070500100018C404
:0407060083E01EB7B7
:0407070000021834A0
:04070800D00018C441
:04070900E0002104E7
:04070A0016B780217D
:04070B0016B783F0AA
:04070C001EB783E8A9
:04070D0026B783F494
:04070E001EB783E4AB
:04070F0006B783ECBA
:0407100006B783DCC9
:040711001B8083D8EE
:040712001697001224
:04071300109481A815
:0407140016B7000113
:04071500002181A896
:04071600848016972E
:0407170016974AAB3C
:04071800C421848CE8
:0407190084502E9743
:04071A00825C8E97D8
:04071B0084848697B5
:04071C00303B769563
:04071D0089A2CF0BD3
:04071E003A950018F0
:04071F00F6CB3AC912
:04072000C90B04EB12
:04072100082B0B2B6B
:040722000C9D069D87
:040723000A9D089D86
:04072400414E4421DD
:0407250040EA0000A6
:0407260007EB0002DB
:04072700016F042B2F
:040728000D9100002F
:04072900F9C32B5194
:04072A00003BE009A7
:04072B008480169719
:04072C00C4214EABEB
:04072D00848C16970B
:04072E00825C8E97C4
:04072F0084848697A1
:0407300084503E971C
:04073100416E183BC2
:0407320088E200FF5A
:0407330036950012E5
:040734000A2B0CE39D
:040735006CB5769594
:0407360036B54AB5D5
:04073700442158B54C
:040738000004022295
:04073900001219622F
:04073A00000049CEA4
:04073B00000A02624C
:04073C004897082BA7
:04073D0049EF001C64
:04073E0006D10000E0
:04073F00F9432FD17A
:04074000003BE00991
:040741008320169764
:04074200392EC0216B
:04074300813B0001F5
:04074400030020345A
:040745000404210483
:0407460038A828891E
:040747001E97900069
:0407480010348320C6
:040749001084030015
:04074A00342E04083D
:04074B0024C90002BB
:04074C00900030E801
:04074D0083A01E97D0
:04074E0018341CEB54
:04074F0018C40002C8
:040750001AD5942CF6
:0407510058042160C7
:0407520090003928B2
:0407530010E016D5C7
:0407540030A858026F
:040755003C2B9000A9
:04075600832016974F
:04075700030018344F
:04075800042018C49D
:0407590018A826892D
:04075A0088CB8000C8
:04075B0018D4092382
:04075C0018A80020B9
:04075D00269790004B
:04075E00035B832096
:04075F0000028426EA
:040760000001130081
:04076100FB9B0E23CD
:04076200031BFB5B1F
:04076300C8043EE8A0
:040764000001CAC8FE
:04076500003B4021F4
:0407660084841697DA
:0407670028121CAB8D
:040768001697001AC6
:04076900116082D4C5
:04076A002B25EC054A
:04076B000010301238
:04076C0082D4169786
:04076D00EC0611A0E5
:04076E00E0093D253C
:04076F00FD43283BE3
:04077000FE83303B99
:04077100827C1697D9
:04077200000118AEBC
:0407730010A606E3E3
:0407740016A30007C1
:040775001697871933
:04077600191981D4F8
:04077700048526814E
:0407780020A0390B79
:04077900548BEC02AF
:04077A00103BE00947
:04077B00003BE00956
:04077C000002103433
:04077D00942C2897F9
:04077E000300103430
:04077F0008001084DA
:040780002549D02116
:0407810001FC300443
:04078200900031684A
:0407830083A02E978A
:04078400011C016AE9
:040785000002183422
:04078600942C18C4D3
:0407870010E016D593
:0407880030A858023B
:04078900049B90003D
:04078A0000EA370B3F
:04078B00300401062F
:04078C00183401FC20
:04078D0018C4030089
:04078E002E9708009A
:04078F0028BA822CD6
:04079000410B00F821
:0407910000E6042258
:04079200000210341D
:0407930003003034FB
:0407940003003834F2
:0407950003008834A1
:04079600941C10841B
:040797003184283B46
:0407980040040E808B
:0407990039C401F965
:04079A008C440EA0DD
:04079B001E970EB0E7
:04079C00197A82281C
:04079D00103400DA3A
:04079E0030340002F1
:04079F0038340300E7
:0407A0008834030096
:0407A10010840300BD
:0407A200283B93D489
:0407A3000E8031840F
:0407A40001F8400414
:0407A5000EA039C4A5
:0407A6000EB08C44C1
:0407A70082241E97F3
:0407A80000DC197ADE
:0407A900000298347E
:0407AA009CC4883B28
:0407AB0016978A7C97
:0407AC00147A8258E1
:0407AD00883401B8D3
:0407AE008C44000275
:0407AF009C7B8F9C04
:0407B000C41200204F
:0407B10082541697C1
:0407B20000E414BA91
:0407B300C41200204C
:0407B40082601697B2
:0407B500010414BA6D
:0407B6000002883481
:0407B7008ECC8C4414
:0407B800C412002047
:0407B90080489E8452
:0407BA00827C169790
:0407BB00C40214E080
:0407BC0014BA0485E2
:0407BD00169700F695
:0407BE0004998240D8
:0407BF00010A143ADD
:0407C000838C869709
:0407C1009034282325
:0407C2008834000275
:0407C3009834000264
:0407C400A03403005A
:0407C5009484030015
:0407C6008C448A7C59
:0407C7009CC48A58EC
:0407C800A5040EA0D6
:0407C90016970EA8C9
:0407CA00143A81E478
:0407CB0050210114A4
:0407CC00DE83029B2B
:0407CD0001FF3004F4
:0407CE001E99DF038E
:0407CF0000022834C8
:0407D00029575BC189
:0407D1002749942CF4
:0407D20090003168FA
:0407D300DD4304916D
:0407D4002CC9069591
:0407D500900040E868
:0407D6000895183B2F
:0407D700580420E0C2
:0407D80001282F09BC
:0407D90008959000EF
:0407DA00580420E0BF
:0407DB0001282309C5
:0407DC0026D1900092
:0407DD00001020E602
:0407DE000B51E123B7
:0407DF00DDC32491C1
:0407E0002CC9069585
:0407E100900040E85C
:0407E2000895183B23
:0407E300580420E0B6
:0407E40001282F09B0
:0407E50008959000E3
:0407E600580420E0B3
:0407E70001282309B9
:0407E80026D1900086
:0407E900001020E6F6
:0407EA000B51E123AB
:0407EB00DD832491F5
:0407EC000120A4D76D
:0407ED00253B055B48
:0407EE000000A34024
:0407EF00253B283B43
:0407F0000000A0C0A5
:0407F1000001148C63
:0407F200075B08ABEE
:0407F300A340253BBF
:0407F40094840000E9
:0407F5009CC400019F
:0407F600DD0300041B
:0407F700035B085543
:0407F80000019484E4
:0407F9000000A0C09C
:0407FA00DC83225129
:0407FB0000021034B4
:0407FC00C40214A07F
:0407FD00997C10864D
:0407FE00085508ABE7
:0407FF00A340283BB0
:0408000094840000DC
:04080100225100017F
:040802001697DBC3A7
:0408030018AE827C2D
:0408040026E30001E6
:04080500000718AE22
:0408060010AE20E32D
:040807001EA3000527
:040808002401509BDC
:0408090018341499F2
:04080A00035B00028A
:04080B0020D736813B
:04080C0000118ECC7D
:04080D000000A34004
:04080E00589BD78399
:04080F00489BFC8383
:04081000243BFC0386
:0408110000006D4036
:04081200580298A050
:04081300800010A8A9
:04081400000014AF1D
:040815006D40243BD3
:04081600A0A000009E
:0408170010A85802CB
:04081800046D8000EB
:0408190094840011B2
:04081A001251000275
:04081B001659D70390
:04081C0081D01697DA
:04081D002681283BCD
:04081E0000009097AF
:04081F00A34024BB13
:04082000283B000071
:04082100A0C024BB94
:04082200044B000083
:04082300035B08ABC0
:04082400A34024BB0E
:040825001697000022
:0408260018AB838CFC
:0408270094A09459AC
:0408280002DBCD68BA
:0408290090E00499BE
:04082A0014E04C0387
:04082B00088DC4026E
:04082C0006AD28C924
:04082D00BEC30251F3
:04082E00650BC42171
:04082F007EA3813BE8
:0408300018AB350BC1
:04083100033F10343D
:040832000F0010841F
:04083300900000A889
:04083400033F10343A
:040835002F001084FC
:04083600900000A886
:0408370024AB040BDF
:04083800033F103436
:040839000F04108414
:04083A00900000A882
:04083B00033F103433
:04083C002F041084F1
:04083D00900000A87F
:04083E00034010342F
:04083F00870C10848E
:04084000900000A87C
:040841000CAB440BAD
:04084200034010342B
:040843008700108496
:04084400900000A878
:0408450026AB140BBF
:0408460083F8169786
:0408470003408834AE
:0408480087048C4451
:0408490010ACC49596
:04084A0000AA0010F0
:04084B00191B00E88D
:04084C000001DF00C8
:04084D0090000468AB
:04084E00DF00151B97
:04084F00840B000115
:04085000009C00A266
:04085100DF00191B90
:04085200103400015D
:0408530002DB034081
:04085400870810847D
:04085500900018A84F
:040856000CAB140BC8
:040857000340103416
:04085800870410847D
:04085900900018A84B
:04085A00DF00151B8B
:04085B00440B000149
:04085C0010340EAB9B
:04085D0010840340C0
:04085E0002DB870032
:04085F00900018A845
:04086000033F183406
:0408610018C4029B1A
:0408620010E82F0863
:0408630018349000B5
:0408640018C4033F72
:0408650010E80F0880
:04086600060B9000ED
:04086700183424EB32
:0408680018C403406D
:0408690010E8870C00
:04086A0018349000AE
:04086B0018C4033F6B
:04086C0010E82F045D
:04086D0018349000AB
:04086E0018C4033F68
:04086F0010E80F047A
:04087000340B9000B5
:0408710010341AAB7A
:0408720002DB033F63
:040873002F001084BE
:04087400900018A830
:04087500033F1034F9
:040876000F001084DB
:04087700900018A82D
:040878000014840CD8
:0408790000048426CD
:04087A0020342A23D9
:04087B002104000252
:04087C003E97990406
:04087D00290E822C92
:04087E0018340032F8
:04087F0018C4000297
:04088000103B942C69
:04088100021B303BEB
:04088200001039A287
:0408830004ABC48B73
:040884000032292FE6
:04088500046844219E
:04088600E4439000B7
:040887000D9114CDEE
:04088800948B26D156
:040889004C021420E9
:04088A0028A06489B5
:04088B00029B38058F
:04088C00003BFAC370
:04088D00827C1697BC
:04088E00000110A6AF
:04088F0016976AA3AB
:0408900010A682D854
:0408910060A300025E
:040892002834C0A1A5
:04089300813B0001A4
:0408940029440F9B49
:0408950026C46E9473
:0408960061000001FC
:0408970044230016E0
:040898000C008004CC
:0408990003402834BC
:04089A002944203B92
:04089B0016C48000FF
:04089C0028810001AE
:04089D00169706851F
:04089E00303481A0D1
:04089F000ED900026C
:0408A0002E8116D9B6
:0408A1006DC1048D94
:0408A200109F2AC9B0
:0408A3002089E3FFC6
:0408A4008DCC11AF37
:0408A50010E8F48BD8
:0408A60009119000A4
:0408A700000711260F
:0408A80040A1CCA3FC
:0408A900F783803B16
:0408AA00003BE00926
:0408AB0083F8169721
:0408AC00148BC49550
:0408AD00C02136AB85
:0408AE00292B813B36
:0408AF00C3C0217B26
:0408B0001697000097
:0408B10020A3838C71
:0408B200827C169797
:0408B300000510AE7E
:0408B4001834049957
:0408B50018C4033F21
:0408B600208918007D
:0408B700900010E8B5
:0408B8004021143B8C
:0408B900FD03103BF0
:0408BA00FC83029B1E
:0408BB00003BE00915
:0408BC0016972F2339
:0408BD0010AE827C7B
:0408BE0028A3000764
:0408BF0011001034E0
:0408C00081941E976A
:0408C100900010E8AB
:0408C2001697152B45
:0408C30010AE827C75
:0408C40016A3000770
:0408C5001E97E09BFF
:0408C60010E8831C97
:0408C700E0099000B4
:0408C800FB83103B63
:0408C9001B001034CC
:0408CA00CC9BFAC306
:0408CB00003BFD03EE
:0408CC00827C16977D
:0408CD00000118AE60
:0408CE0010AE08E37D
:0408CF0000AA000774
:0408D00016970094E3
:0408D100183481D086
:0408D20018C4030043
:0408D300049500E0A8
:0408D40010A82689B9
:0408D500303480003B
:0408D6000160033F7B
:0408D700109F49C560
:0408D8003184BFFFA9
:0408D9002A8910E078
:0408DA00900011A8D1
:0408DB0024AB350B0A
:0408DC008254169795
:0408DD0016971EABA1
:0408DE00049581C834
:0408DF0010A82689AE
:0408E0001834800048
:0408E100109F033F22
:0408E2002A89BFFFA1
:0408E30012E018C443
:0408E400900010E888
:0408E5004123190B87
:0408E6001ED9E0092E
:0408E70081BC169723
:0408E8000C952E81BC
:0408E90011A82989A0
:0408EA00109F8000DB
:0408EB002A89BFFF98
:0408EC00900011A8BF
:0408ED0081B8169721
:0408EE000C952E81B6
:0408EF0011A829899A
:0408F000109F8000D5
:0408F1002A89BFFF92
:0408F200900011A8B9
:0408F300169706D17D
:0408F40010FA825C18
:0408F500E009FFC453
:0408F60003002034A7
:0408F7002104183B85
:0408F800FD4300E0DC
:0408F90083F81697D3
:0408FA000040109713
:0408FB00100010AC2D
:0408FC0000C200A294
:0408FD0081AC16862E
:0408FE00001710BE11
:0408FF0000B600A29D
:04090000033F10346D
:0409010038581084CE
:0409020002DB792B70
:04090300900018A8A0
:04090400033F103469
:04090500385C1084C6
:0409060018A87EDBD4
:0409070016979000AF
:0409080018AE82E4BF
:0409090010E30001F6
:04090A008390169729
:04090B00169750A348
:04090C00108E83F8CE
:04090D00048B003225
:04090E00838C1E9721
:04090F00A00300E061
:0409100000E01CD90E
:04091100278948A347
:040912002499258976
:0409130010342589EE
:040914001084033F09
:0409150030A8185C92
:040916001034900009
:040917001084033F06
:0409180000A82F10F4
:040919001034900006
:04091A001084033F03
:04091B0000A80F1011
:04091C00383B9000D4
:04091D0020047F5BD8
:04091E00470825A7BA
:04091F00029B000037
:0409200000A8F6C372
:0409210010349000FE
:040922001084033FFB
:0409230000A8385C94
:0409240010349000FB
:040925001084033FF8
:0409260000A8185CB1
:0409270010349000F8
:040928001084033FF5
:0409290000A82F10E3
:04092A0010349000F5
:04092B001084033FF2
:04092C0000A80F1000
:04092D00E00990004D
:04092E0000201196FE
:04092F0005150AA3FD
:040930004C033160E3
:0409310005352689D9
:040932000021199EE9
:040933001EE3151595
:040934004D49DD91BB
:04093500580628A098
:04093600827C169712
:0409370010A61D35B4
:0409380018A30007F9
:0409390020040B1576
:04093A00470814F462
:04093B0009AB000004
:04093C00BCC140DB1F
:04093D00FB83574998
:04093E00FB03283B54
:04093F00003BE00990
:040940009834CCA17A
:04094100893B0300EB
:040942000033917B72
:04094300803B007382
:0409440000AC9CC4A3
:04094500831026975E
:040946000006243A49
:04094700185310131E
:040948002C7B4CA117
:0409490000157A40DB
:04094A001E97208153
:04094B00149981CCAE
:04094C00049524C129
:04094D00580298A014
:04094E00800010A86D
:04094F00001404A2EA
:040950000008109CEF
:04095100CC6328A0AB
:0409520026FB343B11
:0409530000024B80D3
:04095400F803001193
:04095500CC4228A0C8
:04095600003BFDC3A2
:040957008697C0219E
:04095800169781B0BD
:04095900162B80B029
:04095A002E9754A3DD
:04095B00029B80ACCF
:04095C0080B016B79A
:04095D008180803BDA
:04095E00143B000145
:04095F003E9740215E
:04096000368482D087
:040961002E9780400D
:040962006F8180AC75
:0409630030B20D851C
:040964004501001237
:04096500000181808C
:0409660080B01697B0
:0409670016B704912A
:04096800FAC380B09E
:040969000002192E41
:04096A00197206D127
:04096B000B5100101C
:04096C0080AC2EB776
:04096D0080B006B799
:04096E000001818083
:04096F00021BF783ED
:04097000003BF7034E
:04097100806983E135
:040972000001283424
:040973002944819BF7
:0409740026FB6D00F1
:040975000016610007
:0409760020FD16FB4F
:0409770001280895B6
:040978002491900036
:04097900FFF418A2CD
:04097A0003E100692C
:04097B0082F8169751
:04097C0082FC1E9744
:04097D00025BCCA1AC
:04097E001120A6811D
:04097F0044494C1388
:0409800000730033CD
:04098100C41200207C
:0409820084E0803B52
:04098300283BC40445
:04098400000250001D
:0409850028BB34BB9C
:040986004B8026FB81
:0409870016970002BD
:0409880000118310C7
:04098900C41214A0E0
:04098A00FFDE8C22DE
:04098B0018531013DA
:04098C00003B4CA13F
:04098D0026B7FD612B
:04098E00203481A4EC
:04098F002833033FC7
:040990002104103BF3
:0409910028133000F7
:0409920028A21699E8
:04099300883400B0F4
:040994008C4400028D
:04099500803B8ECC49
:040996008048B6845B
:04099700827C1697B1
:04099800C40315A0DF
:040999001C3A06C539
:04099A0020AE009EED
:04099B00092300012B
:04099C00000718A692
:04099D0000D400E2A0
:04099E0082D81E9746
:04099F00000428EE3A
:0409A00000C401622C
:0409A100000218E652
:0409A200012216D147
:0409A30010AE00C2D0
:0409A40000A20005A8
:0409A500900400CAF0
:0409A600A004002881
:0409A7004FDB0026FC
:0409A8000029980486
:0409A9000340A8342B
:0409AA000340B03422
:0409AB00033FB8341A
:0409AC00033FE034F1
:0409AD00033F403490
:0409AE00033F483487
:0409AF00AD44803B98
:0409B000B584854045
:0409B100BDC485003C
:0409B200E7040DC089
:0409B30042042DC00D
:0409B4004A440D00A4
:0409B50010132D00EE
:0409B60080A21219F0
:0409B70016970092FD
:0409B80010A6827C87
:0409B90010A3000582
:0409BA00431B035B7D
:0409BB000000AD008B
:0409BC00451B035B79
:0409BD000000AD0089
:0409BE00838806B76D
:0409BF0028C97D6165
:0409C000900000E8BB
:0409C100E7C30491F3
:0409C20000021034EB
:0409C3001086240175
:0409C40006A3997C71
:0409C50022510011AA
:0409C600AC57E843FF
:0409C700002000000C
:0409C800AD74C41333
:0409C9001013030004
:0409CA00485404E0A9
:0409CB00FFE498AA03
:0409CC00243B2CFBA1
:0409CD0000005D8049
:0409CE00A56008AB6D
:0409CF00152858147B
:0409D0009CC4900033
:0409D100FBC3000163
:0409D200E7C3183B24
:0409D300E7C3183B23
:0409D400002C90045F
:0409D500002AA00450
:0409D600980457DB4F
:0409D700E883002D84
:0409D8000025900462
:0409D9000023A00453
:0409DA00980449DB59
:0409DB00E683002689
:0409DC002C3B21FB94
:0409DD0040F3493367
:0409DE00387318B39F
:0409DF0000005D8037
:0409E0005804AC60AB
:0409E1009000112849
:0409E2002C3B253B4A
:0409E30000005D8033
:0409E4005804B4609F
:0409E5009000112845
:0409E6002C3B24FB87
:0409E70000005D802F
:0409E8005804BC6093
:0409E9009000112841
:0409EA005802E4606B
:0409EB00900000A8D0
:0409EC002C3B24BBC1
:0409ED0000005D8029
:0409EE0040D3189347
:0409EF004460568981
:0409F000112858046E
:0409F1004913900016
:0409F200827416975E
:0409F3004C603853C9
:0409F4001EA35811D5
:0409F50024BB2C3BB8
:0409F60018B340F3FF
:0409F70000005D801F
:0409F80038531893C5
:0409F900568940D308
:0409FA001468491321
:0409FB000011900057
:0409FC00FE9BDC83FF
:0409FD00003BFE833A
:0409FE00030020349E
:0409FF002104183B7C
:040A00003004188026
:040A010028FE1000BB
:040A020014D90006FD
:040A030034910363C4
:040A040083C42E97E2
:040A050014992A8195
:040A060010B428817F
:040A070030A8033FD1
:040A080006D1900083
:040A0900000C10E6E7
:040A0A00E009DCA380
:040A0B00839C1E9713
:040A0C008069DFE13D
:040A0D00897B813B25
:040A0E00012A00EACF
:040A0F0000AA154BD9
:040A10001697012410
:040A1100849182E466
:040A120016B7088982
:040A1300146E83C01A
:040A140000A200023A
:040A150094510114E3
:040A1600000210B614
:040A1700010E00A22A
:040A180084008E9731
:040A1900827C16972E
:040A1A00000120AE09
:040A1B0010AE0923ED
:040A1C0000AA000725
:040A1D00269700EC2C
:040A1E002E9782F09D
:040A1F00029B83A013
:040A200024208911F4
:040A21002AC94C137F
:040A22004C1398A039
:040A230000E400EA01
:040A240082E41E97B3
:040A250048C9360185
:040A260014E0468909
:040A27009EB758130B
:040A2800002080CC5E
:040A2900A804C41247
:040A2A00169700011A
:040A2B0014BA824433
:040A2C001C3600C6AE
:040A2D001697000216
:040A2E0000E283F867
:040A2F00A895010481
:040A300002AB040B06
:040A31002E97D9190A
:040A3200183B8234B7
:040A33008000368485
:040A340028E21B5940
:040A3500B83400F0E1
:040A36009EFB000221
:040A3700C4150020C2
:040A38008ECCBDC4DF
:040A39008234169756
:040A3A0000FC157A2D
:040A3B008230169758
:040A3C00969770AB6E
:040A3D001CB6827CE5
:040A3E0066E3000269
:040A3F008E975089B5
:040A4000048B83C8D8
:040A4100005A88AA25
:040A42000001283453
:040A43002944619B46
:040A4400093D6D40BB
:040A45000016610036
:040A46008248369715
:040A4700000228344D
:040A480021FD08BDC7
:040A4900000194A66E
:040A4A008ECC2944E1
:040A4B00000131A6CF
:040A4C0004A2069565
:040A4D0007A30008F3
:040A4E00001320EE83
:040A4F0018951723BC
:040A5000191916D981
:040A510000D5374154
:040A520041174941BE
:040A530040F7000068
:040A54000135000068
:040A550011E23491E5
:040A56000460FFD663
:040A57008EB7A011A5
:040A5800006983C8E6
:040A5900143B5FE10A
:040A5A00183BDC0366
:040A5B008EB7DE4331
:040A5C00DE03840031
:040A5D00E443103B23
:040A5E00827C1697E9
:040A5F00000118AECC
:040A600010AE38E3B9
:040A610036A30007B1
:040A62009560191B67
:040A630024A04C146B
:040A64009D20C40409
:040A6500052038141C
:040A66002D3BA01470
:040A67000000AD00DE
:040A6800827C1697DF
:040A6900000710A6CC
:040A6A002D3B0AA373
:040A6B0000082484D7
:040A6C000000AD00D9
:040A6D00000194846C
:040A6E00151BDE0373
:040A6F000D1BF983DF
:040A7000B895F90339
:040A71001C6BDF43D8
:040A72006C021920D9
:040A73009491548B7B
:040A7400000638B68A
:040A750025810FE3E5
:040A76001EE00485F5
:040A770005F5C407B6
:040A7800DDC326D1E3
:040A7900FE43103BED
:040A7A00827C1697CD
:040A7B00000710AEB2
:040A7C0090045EA3E1
:040A7D008CD700040E
:040A7E00ACA0000028
:040A7F0024BBC412BE
:040A8000FFFEA4448D
:040A810000022D360C
:040A82000000AD00C3
:040A830024BB283B2D
:040A84000002A53E89
:040A850000005D8090
:040A8600000805223D
:040A8700FF00109FBD
:040A8800580214609C
:040A8900484304A03A
:040A8A000002203412
:040A8B00211748C126
:040A8C0021348ECCB7
:040A8D001128030029
:040A8E001697900027
:040A8F008C6E83885E
:040A900012A30003AA
:040A9100AD441063FD
:040A92009CC40001FF
:040A9300D283000406
:040A940000029004C8
:040A95001259F403FB
:040A960016B7029BF2
:040A97000020838830
:040A98001DE0C41485
:040A99001E97C416CA
:040A9A001034827C16
:040A9B0016D9000167
:040A9C00109724C1CA
:040A9D001532729C00
:040A9E0024BBFFCCAA
:040A9F005D802D3B0E
:040AA000052000002D
:040AA100259748430A
:040AA2005289000075
:040AA30018F428C952
:040AA40010E8030053
:040AA500A504900014
:040AA600F94300010F
:040AA70000022834ED
:040AA8009904294440
:040AA9000036194EAC
:040AAA000030114EB9
:040AAB000689C421D3
:040AAC00003A194EA5
:040AAD00068966C987
:040AAE000038194EA5
:040AAF000080012A98
:040AB000012066C9F2
:040AB1008834484BF2
:040AB20040340002CA
:040AB30006890301AC
:040AB4006004303B6F
:040AB5008C4400016C
:040AB600420494441E
:040AB7003320C02404
:040AB80012604C0973
:040AB9004AEB3803C9
:040ABA00002011996E
:040ABB004820C40A01
:040ABC000041180DD0
:040ABD0038EE1605F4
:040ABE0033E300FF1F
:040ABF0040E056D9E4
:040AC00038E85803B7
:040AC10039DF800099
:040AC20059E0FFFBFD
:040AC30038E85807B0
:040AC400392B90003A
:040AC500800038E88D
:040AC60007E36FCB08
:040AC70080A03E9736
:040AC800194EF3EBE5
:040AC9001A60003877
:040ACA00196F580345
:040ACB0002AA003843
:040ACC000D91001276
:040ACD00001019A656
:040ACE001697A4E3F0
:040ACF00442180A09E
:040AD000EFC3648983
:040AD10050042605A2
:040AD200F5430001E7
:040AD3000038194E80
:040AD40038031B6068
:040AD500003BFA8365
:040AD60081AC168653
:040AD700001710BE36
:040AD800016C00A20B
:040AD90083FC1697ED
:040ADA009097CC2104
:040ADB00948C0018DF
:040ADC0004A201006F
:040ADD008034015E02
:040ADE00840400028A
:040ADF00140E990454
:040AE0001C0E0030B8
:040AE1006489002EF6
:040AE20000AA0689D7
:040AE3002834013280
:040AE400183B0301B7
:040AE500294403DBC2
:040AE60019E0841877
:040AE70020A04C04FB
:040AE80015AB38060C
:040AE9002B895CD920
:040AEA00800031A8AF
:040AEB00340E0BAB0F
:040AEC002D090030A0
:040AED000030242F82
:040AEE0020E606D127
:040AEF00DB230010F5
:040AF0002C0E029B2B
:040AF1001C0E0032A5
:040AF200F94B00308C
:040AF300FCCB6909C6
:040AF400032B0D09BA
:040AF5008C0E029BC6
:040AF6000AC9003CED
:040AF7006249F6CB8F
:040AF800526B0649EE
:040AF90083FC1697CD
:040AFA0000189897B1
:040AFB0004009CCC8B
:040AFC0000D004E240
:040AFD000499409B7D
:040AFE0000021834A6
:040AFF0028CE368146
:040B00000349990408
:040B010004E20B6B94
:040B0200211B00BEF5
:040B03000013564045
:040B040000282C0E8B
:040B05000040140E8A
:040B060005496B49E9
:040B07000B6B034928
:040B080000A804E25B
:040B09005640491BEE
:040B0A00140E0013B2
:040B0B002449003C3D
:040B0C00003C8C2FEE
:040B0D00240E029B15
:040B0E001C0E003287
:040B0F0008C90030E1
:040B1000003C240E73
:040B1100240E08C9DD
:040B120008C90034DA
:040B13000036240E76
:040B140008C969099A
:040B1500283444EB51
:040B160003DB0301F9
:040B1700C024294489
:040B18004C0491E018
:040B1900380220E09E
:040B1A0004A024AB64
:040B1B001034484604
:040B1C00258100022D
:040B1D009444108666
:040B1E002A89549933
:040B1F00800010A89A
:040B20000AAB448B4D
:040B21000036140E78
:040B2200242F25094E
:040B23009484003680
:040B240014A6000112
:040B2500C8A3001051
:040B2600240E029BFC
:040B27001C0E00366A
:040B280008C90030C8
:040B2900003A240E5C
:040B2A0008C9690984
:040B2B000038240E5C
:040B2C0008C9690982
:040B2D00031B08EBB3
:040B2E000002A9C058
:040B2F004C21029BB8
:040B3000DFC3103BD4
:040B3100E5C32C9B51
:040B3200E803031BB6
:040B3300EAC30D1BE9
:040B3400E009103B89
:040B3500FCC3103BB2
:040B360026972D636E
:040B3700168482D0CE
:040B38001E97803450
:040B390028818198F6
:040B3A001EB7048559
:040B3B0006B780A8D1
:040B3C00268180B0DE
:040B3D0080AC06B7CB
:040B3E000009189EF4
:040B3F00109B02E322
:040B4000819816B7CB
:040B41002966E00938
:040B42001363000237
:040B4300031B8021EF
:040B440000018180AB
:040B450080A81697D7
:040B4600819816B7C5
:040B4700E0090021A0
:040B4800803BC82105
:040B4900825C16971D
:040B4A00002E143A2B
:040B4B002C7B482196
:040B4C007080243B56
:040B4D0010A80000EC
:040B4E00108C800087
:040B4F00149203FFFA
:040B500090BB000254
:040B510016970251A0
:040B5200147A83048A
:040B5300243BFFE060
:040B5400A5C02CBB51
:040B5500001100008B
:040B56000020F9433F
:040B5700883BC41201
:040B5800003BFC83DF
:040B59000300103451
:040B5A000300108400
:040B5B0083201E973E
:040B5C0018E824C9A8
:040B5D0006CB800043
:040B5E001E9706E3F5
:040B5F00ECEB80A09B
:040B6000003BE0096D
:040B6100831C169744
:040B6200900020A837
:040B63000002D6486E
:040B6400827C1697E2
:040B6500000710AEC7
:040B660080211CA32B
:040B6700D840111B46
:040B68001E970002D2
:040B6900103483C001
:040B6A0016D9000296
:040B6B0002DB24C1C4
:040B6C00994818B7D5
:040B6D00E00900217A
:040B6E00827C1697D8
:040B6F00000710AEBD
:040B70001E972AA3FF
:040B71001034819427
:040B720080210100DD
:040B7300000F1084DB
:040B7400900010E8F5
:040B7500D8401F1B2A
:040B76001E970002C4
:040B7700103483C0F3
:040B780016D9000288
:040B790000B724C1DC
:040B7A000021994875
:040B7B00003BE00952
:040B7C00827C1697CA
:040B7D00000118AEAD
:040B7E0010A606E3D4
:040B7F0016A30007B2
:040B800083801697C1
:040B8100000E20AA98
:040B8200838026B78F
:040B8300DB880523E3
:040B8400D90800028A
:040B8500E009000281
:040B8600827C1697C0
:040B870018AE802103
:040B880006E300017F
:040B8900000710A6AB
:040B8A0016970EA309
:040B8B0010A68380AD
:040B8C0004A30001BD
:040B8D000002DB8007
:040B8E0082D01E975C
:040B8F0018A0809B8F
:040B90001E97EC02BE
:040B910026818140F8
:040B920081941E9795
:040B9300010010B499
:040B9400900010E8D5
:040B9500827C2697A1
:040B96000001112E1B
:040B9700112E34A344
:040B980032A300057F
:040B99000007212E02
:040B9A00001421041E
:040B9B000002D8403C
:040B9C00827C1697AA
:040B9D00000118AE8D
:040B9E0010A606E3B4
:040B9F001AA300078E
:040BA00083801697A1
:040BA100000110A699
:040BA2003EE810A376
:040BA300D908C800A5
:040BA400291B000207
:040BA500A31BFAC3D1
:040BA6000021FA43ED
:040BA700827C16979F
:040BA800893BCC2198
:040BA900000118AE81
:040BAA0091BB817BFF
:040BAB0006E399FBC9
:040BAC00000710A688
:040BAD0016970EA3E6
:040BAE0010A683808A
:040BAF0004A300019A
:040BB0000002DB80E4
:040BB100840416970B
:040BB200000110AE80
:040BB30010340EA349
:040BB4001084034066
:040BB50004DB82C01B
:040BB600900018A8EB
:040BB700017804E2DB
:040BB80001011436ED
:040BB9009C047EA377
:040BBA00021BFFFF1C
:040BBB0000022034E0
:040BBC002104283BAD
:040BBD00419B883898
:040BBE0080BC9EB7A2
:040BBF0080C086B7B5
:040BC0000016628039
:040BC100827C169785
:040BC20000021834E1
:040BC30082D8269717
:040BC400000128AE56
:040BC500883818C490
:040BC60028A60763F3
:040BC7005D63000763
:040BC8000004292ECE
:040BC90028344B631E
:040BCA0029440101B8
:040BCB003034001FA3
:040BCC0029B7000243
:040BCD002E9788389F
:040BCE0031448140ED
:040BCF0031B4FFFD41
:040BD0001CF501000F
:040BD10000043126C5
:040BD20030342DA3EB
:040BD3003CF50202E9
:040BD4000001316E7D
:040BD500019601A2E2
:040BD6000002296E82
:040BD70028346F63EC
:040BD8000D83010088
:040BD90068D00420BC
:040BDA00003F98043C
:040BDB00EF83001193
:040BDC0002022834B5
:040BDD003034F68337
:040BDE00FA430101D4
:040BDF00000528A63F
:040BE000392E5163F6
:040BE10001E2000429
:040BE2002834015260
:040BE300294401019F
:040BE4003034001F8A
:040BE50029B700022A
:040BE6002E97883886
:040BE700812E81409A
:040BE8009D51000219
:040BE90031B4E181C1
:040BEA001CF50100F5
:040BEB00013201E2F0
:040BEC000002316E64
:040BED00013001A230
:040BEE00010030349E
:040BEF0031263CF57A
:040BF0009BA30004BF
:040BF1000001296E68
:040BF2000122016279
:040BF30002002834A0
:040BF40038AE5AF5C8
:040BF5003697000728
:040BF6008697833427
:040BF7002E9783387A
:040BF80001E282D0C4
:040BF900E181010E87
:040BFA0031846D01D4
:040BFB0029A0000E1F
:040BFC0094B4EC05BC
:040BFD0090F701006C
:040BFE002974001046
:040BFF002AF50100D2
:040C000000F4046296
:040C0100010A01E201
:040C0200000528AE13
:040C030000F6016294
:040C04001F6328340E
:040C05005805996095
:040C06002E976AF5C6
:040C0700039B819832
:040C08002C664B8982
:040C09008D910002C7
:040C0A0000EC016297
:040C0B00000528A612
:040C0C000100016280
:040C0D000004212E90
:040C0E00010C0122B2
:040C0F007D00283408
:040C100004627AF50B
:040C110001E20108F3
:040C120010AE01100F
:040C130000A2000536
:040C14008A9B010CAA
:040C150080B816B7D6
:040C160081942E9700
:040C17001834103B42
:040C1800368100021F
:040C1900883818D728
:040C1A00192845410F
:040C1B002491900090
:040C1C00002018A6F6
:040C1D008C66E8E316
:040C1E00D3C000023D
:040C1F00046200006B
:040C2000169700FC27
:040C210010A6827C1B
:040C220000A2000527
:040C2300169700F030
:040C24001E97831C78
:040C250018A880B8D3
:040C2600169790008D
:040C270018A8832066
:040C280010A8800090
:040C2900169780009A
:040C2A0018AE827C02
:040C2B0006E30001DB
:040C2C00000710A607
:040C2D0016970EA365
:040C2E0010A6838009
:040C2F0004A3000119
:040C30000002D900E5
:040C3100840416978A
:040C3200000110AEFF
:040C330010340CA3CA
:040C340010840340E5
:040C350000A882C0D1
:040C36004C219000BD
:040C37000202283459
:040C38003034D583FC
:040C3900DA83020256
:040C3A000200303450
:040C3B002834D9C3BD
:040C3C00DB83030053
:040C3D00DEC3A19BD6
:040C3E00000528AED7
:040C3F0013E30F6349
:040C40003D6D2834AA
:040C41002834E1C3AF
:040C4200E103316435
:040C43004E6428349F
:040C44002834E0432D
:040C4500DF83366AA9
:040C460027E310632D
:040C4700000520AED6
:040C480028341B230E
:040C49002D490165CB
:040C4A0020AEE2C333
:040C4B002834000544
:040C4C00F323016627
:040C4D0028340DE357
:040C4E00FD43016FF2
:040C4F0001662834DE
:040C50002834FC83C5
:040C5100FBC3016C74
:040C52007E002834C4
:040C530018AEDE43B6
:040C54000EE30005A6
:040C5500000710A6DE
:040C56006A9B0CA3E6
:040C5700689BDEC3F5
:040C58002E9BDE43AE
:040C5900629BDDC3FA
:040C5A002697DD43B9
:040C5B00001180B84C
:040C5C000002D8407A
:040C5D0080C01697A6
:040C5E00FFEE143A57
:040C5F00803BE38370
:040C6000003BFE4314
:040C6100383B317B70
:040C6200031B293B0C
:040C63000002E9C8DA
:040C6400303B03DB43
:040C6500203B283BCD
:040C66000002E9C8D7
:040C670082D8169782
:040C68008491C02192
:040C69001697488111
:040C6A00550982D0D6
:040C6B00113E452BC6
:040C6C0081110101F0
:040C6D0010343EA35E
:040C6E0020BA0001A7
:040C6F00B419002C88
:040C70002E97803B00
:040C7100183481941E
:040C720018C40100A1
:040C7300196800FFFD
:040C74001E97900037
:040C750010B48190A6
:040C760010E87E7F85
:040C770010349000A5
:040C780020BA00019D
:040C7900051B002433
:040C7A0084200303CC
:040C7B00FA9BCFF021
:040C7C00803BFA03BC
:040C7D0081901697B5
:040C7E007E0084343C
:040C7F00900080A8B9
:040C80003EE8071B28
:040C8100D848C80483
:040C8200051B00024C
:040C83000002D84053
:040C84008011F40BDC
:040C85004021F4A373
:040C86003180802118
:040C870020BB00008E
:040C8800C8003EE87A
:040C8900000319C883
:040C8A000120D02154
:040C8B00F30B6A14E9
:040C8C00C41200206E
:040C8D001697803BFB
:040C8E0018AE827C9E
:040C8F0000E200017E
:040C900010AE01128F
:040C910000A20007B6
:040C9200211B010E13
:040C93006C13852039
:040C94009CCC4101B2
:040C950004E2000174
:040C9600303B0102EC
:040C9700095B383B82
:040C98000000C58013
:040C9900142600110C
:040C9A009CA0000416
:040C9B00C6A3781262
:040C9C00C41400205C
:040C9D00827C1697A8
:040C9E00000118AE8B
:040C9F0000E400E28B
:040CA000000718AE83
:040CA10000E000E28D
:040CA200000510AE8B
:040CA30000DC00A2CF
:040CA400A460269B87
:040CA500A0A06C138C
:040CA6009CCCC4041A
:040CA70004E2000162
:040CA800303B00CE0F
:040CA900095B383B70
:040CAA000000C58001
:040CAB000001A5049B
:040CAC00000E1526FB
:040CAD00780394E054
:040CAE0000A400A2FC
:040CAF00FB9B383B38
:040CB0004B1B095B76
:040CB1000000C580FA
:040CB20082501697BF
:040CB300001210BE5D
:040CB400383B0CA31A
:040CB500095B303B6C
:040CB600C5804D1B8D
:040CB700169700008C
:040CB80028AB83687A
:040CB900827C16978C
:040CBA00000118AE6F
:040CBB00008800E2CB
:040CBC00000718AE67
:040CBD0010A67EE31C
:040CBE007CA300050E
:040CBF0094E20F1B91
:040CC000303B007A4B
:040CC100095B383B58
:040CC2000000C580E9
:040CC30081901E9767
:040CC40001001034E7
:040CC50010E874912E
:040CC60016979000ED
:040CC7001E97827C76
:040CC80020AE819445
:040CC90059230001AA
:040CCA00000510A66B
:040CCB00103452A3EC
:040CCC0074917700A8
:040CCD00900010E89B
:040CCE00827C169777
:040CCF00000118AE5A
:040CD00010A606E381
:040CD10002AB00056D
:040CD200243B0A1B9A
:040CD300C87C3EE8B3
:040CD4000002D848FA
:040CD500DE83231B7C
:040CD600DE031B1B03
:040CD700DF83FB9B21
:040CD800E20390FBA8
:040CD900E5432A9B2A
:040CDA00E4C3229BB2
:040CDB00E443109B43
:040CDC00E603FB9B95
:040CDD00F0C34B1BFA
:040CDE00F043531B71
:040CDF00F0831F9BE4
:040CE0007C7F1034D1
:040CE100F583049102
:040CE20061238021E9
:040CE30082D82697F6
:040CE40081B036970E
:040CE5000002292EB2
:040CE600008E01AAD1
:040CE70000021126D0
:040CE800009400A2D2
:040CE90001001034C2
:040CEA00000310846F
:040CEB0000021834B7
:040CEC00882810F74D
:040CED0001001034BE
:040CEE00008401621B
:040CEF001834049120
:040CF00018C4000222
:040CF10014F5882846
:040CF200017E10343B
:040CF300108479A34D
:040CF40024F5000FD4
:040CF500827C169750
:040CF600000710AE35
:040CF70010346EA3A4
:040CF8006FAB550089
:040CF900031B7763FF
:040CFA0034F528891C
:040CFB0081942E971B
:040CFC001834103B5D
:040CFD00368100023A
:040CFE00882818D753
:040CFF00192845412A
:040D000024919000AA
:040D0100001018A620
:040D0200D3C0E8E38F
:040D0300DB80000091
:040D0400169700023C
:040D050010AE827C2E
:040D060044A30007FB
:040D0700D840511B64
:040D08003EE80002BF
:040D0900D908C8003D
:040D0A00103400029F
:040D0B00016A010078
:040D0C001084FF76DA
:040D0D00EE8300076A
:040D0E00010010349C
:040D0F00ED830491DB
:040D10000003108448
:040D11001084EF0358
:040D1200F0C3000723
:040D13005300103445
:040D14002126F2039F
:040D150005230002B0
:040D1600F1830F1B3B
:040D1700F103071BC2
:040D1800F743551B2D
:040D1900827C16972B
:040D1A0081941E970B
:040D1B00000710AE0F
:040D1C00103438A3B4
:040D1D0010845300EB
:040D1E0010E8001FBA
:040D1F001697900093
:040D200010A6827C1B
:040D21001CA3000708
:040D220081901E9707
:040D23000100103487
:040D24000031108406
:040D2500900010E842
:040D2600827C16971E
:040D270010AE5F1B90
:040D280002A300071B
:040D2900D8485B1B30
:040D2A00103400027F
:040D2B00F8C34F00BA
:040D2C00827C169718
:040D2D00813BC42121
:040D2E00000118AEFA
:040D2F0008E3897BD1
:040D3000000710AEFA
:040D3100012C00AAE7
:040D3200838016970D
:040D3300000110A605
:040D3400042306A3EB
:040D35000002DB805D
:040D3600D281169BB5
:040D370082D81E97A9
:040D38004A891A9B2F
:040D3900000218E6B6
:040D3A0081942697E3
:040D3B0000E28499B5
:040D3C00183400B2B5
:040D3D0018C4017F56
:040D3E001928000F61
:040D3F001E9790006B
:040D40002697827CF4
:040D410018EE819097
:040D420000E20007C4
:040D43001834008AD6
:040D44001928011851
:040D4500269790005D
:040D46001834818C50
:040D470018C4017F4C
:040D48001928001452
:040D49002697900059
:040D4A001834818850
:040D4B0018C40100C7
:040D4C001928003F23
:040D4D001E9790005D
:040D4E002697827CE6
:040D4F0018EE8178A1
:040D50005AE300075B
:040D5100011B183436
:040D520090001928CC
:040D530081841E97E2
:040D5400017910B45D
:040D5500900010E812
:040D5600827C1697EE
:040D570081801E97E2
:040D5800000710AED2
:040D5900008200A272
:040D5A0013781034C6
:040D5B0000011094EF
:040D5C00900010E80B
:040D5D00827C1697E7
:040D5E00000710AECC
:040D5F00CD1B72A393
:040D60000002D84075
:040D610083801697DE
:040D6200000110A6D6
:040D6300642366A3FC
:040D6400C80C3EE891
:040D65000002D908A7
:040D6600012218341A
:040D67001834EE83CB
:040D6800F4830125EA
:040D69000200183438
:040D6A00000F18C49A
:040D6B0090001928B3
:040D6C00827C1E97D0
:040D6D0081902697B4
:040D6E00000718EE74
:040D6F00183426E32B
:040D70001928021824
:040D71002697900031
:040D72001834818C24
:040D730018C402009E
:040D74001928001426
:040D7500183490009E
:040D760026970100BB
:040D770018C4818893
:040D7800EC83001FE9
:040D79000222183406
:040D7A001034FB0333
:040D7B00EF831D786D
:040D7C00F183B91B2B
:040D7D00003B4421D2
:040D7E00827C1697C6
:040D7F00893BFC218F
:040D8000000118AEA8
:040D810020A608E3BD
:040D82000122000743
:040D8300B80401C6E9
:040D84001E1B00042E
:040D8500000EB004A8
:040D86006A1C04607F
:040D8700FFFFA44C7A
:040D880000E2000B7A
:040D890010AE013A6D
:040D8A0000A20007BC
:040D8B00900401329D
:040D8C00002000083B
:040D8D00BCE2C413ED
:040D8E000020012C14
:040D8F001697C413DC
:040D900018AE827C9B
:040D910000E200017B
:040D920018AE015E38
:040D930000E2000773
:040D940010AE015A42
:040D950000A20005B3
:040D9600271B0156C0
:040D97006C159D201A
:040D9800C4049920D6
:040D99000001AD4C5C
:040D9A0001480562A5
:040D9B00383B303B76
:040D9C009CC42CBB0C
:040D9D00C58000010C
:040D9E00AC20000085
:040D9F00B4E2781032
:040DA0001697FFBCE7
:040DA10018AE827C8A
:040DA20000E200016A
:040DA30010A6012A6B
:040DA4003CA3000765
:040DA500383B431B79
:040DA6002CBB303BF7
:040DA7000000C58003
:040DA80082501697C8
:040DA900001210BE66
:040DAA00169726A3CF
:040DAB0010AE827C88
:040DAC0000A200079A
:040DAD004D1B0106D3
:040DAE004000344C81
:040DAF00FB9B03ABFC
:040DB0002CBB383BE5
:040DB100CDCEA520DE
:040DB2000000C580F8
:040DB3007810A420F0
:040DB40083681E979B
:040DB500836C16979E
:040DB6001E972689D5
:040DB70026898358AE
:040DB80016972CABB3
:040DB90018AE827C72
:040DBA0000E2000152
:040DBB0018AE00D698
:040DBC0000E200074A
:040DBD0010A600CAB2
:040DBE0000A200058A
:040DBF000F1B00C640
:040DC0001E1B022BC9
:040DC100343B383B4C
:040DC200C5802CBB01
:040DC300169700007F
:040DC40010AE827C6F
:040DC5000EAB00056C
:040DC60081901E9763
:040DC70001001034E3
:040DC80010E874912A
:040DC90016979000E9
:040DCA001E97827C72
:040DCB0020AE819441
:040DCC0001220001FF
:040DCD0010A60092DA
:040DCE0000A200057A
:040DCF001034008A52
:040DD00074917700A3
:040DD100900010E896
:040DD200827C269762
:040DD3000001112EDC
:040DD40021267EA3B3
:040DD50029110005DB
:040DD600CFFC3EE828
:040DD7000002D848F6
:040DD800000490047F
:040DD9001697D9830D
:040DDA0018AE827C51
:040DDB002CE3000104
:040DDC00000710AE4E
:040DDD00211B2AA309
:040DDE006C159F20D1
:040DDF00C40499208F
:040DE0000001AD4C15
:040DE100001C05628B
:040DE200383B303B2F
:040DE300C5802CBBE0
:040DE400AC2000003F
:040DE5009CC4781022
:040DE600D3430001F2
:040DE700FB03231BCC
:040DE800FA831B1B54
:040DE900FC43FB9B31
:040DEA00D6032B1BE6
:040DEB00D583231B6E
:040DEC00D503111BFF
:040DED00D6C3FB9BD3
:040DEE00DB434B1B7D
:040DEF00DF03451BBE
:040DF000E7834B1B2F
:040DF100E703531BA6
:040DF2007C7F1034BE
:040DF300EE830491F6
:040DF400F0830B1B62
:040DF500000520AE27
:040DF600FF4A012A85
:040DF700C4170020FD
:040DF800B004803B88
:040DF900C603000C21
:040DFA00827C16974A
:040DFB00813BC02157
:040DFC0018AE090B19
:040DFD00012A0001C6
:040DFE0006E3008682
:040DFF00000710A633
:040E000016976EA330
:040E010010A6838034
:040E020004A3000144
:040E03000002DB808E
:040E040082D81697E3
:040E0500000210AE29
:040E060018343EA3BB
:040E070010340200A1
:040E080026977E00AB
:040E0900192881948F
:040E0A001E9790009F
:040E0B0010E88190DA
:040E0C0016979000A5
:040E0D001834818C88
:040E0E0018A87D00A3
:040E0F0016979000A2
:040E1000300B827CA5
:040E1100000710AE18
:040E12001CA3182BDA
:040E13001E97DE9BAD
:040E140010E8831C43
:040E150040219000E8
:040E1600010018348B
:040E17000100103492
:040E180008A3F80330
:040E1900FCC3E69B95
:040E1A00FC43CA9B30
:040E1B00FBC3D29BA8
:040E1C00579B383B6D
:040E1D00051B035B53
:040E1E00C8043EE8DE
:040E1F000002E9C81C
:040E200010A606E32F
:040E210056A30007CD
:040E22003A2B300B2C
:040E2300103444E360
:040E24001E971900FC
:040E250010E8818CC4
:040E2600169790008B
:040E270010A682D8B7
:040E28000CA3000413
:040E29008190169707
:040E2A000100183477
:040E2B00900018A873
:040E2C000002D640AA
:040E2D008380169711
:040E2E00000110A609
:040E2F003EE898A35E
:040E3000D908C80411
:040E310010E30002C8
:040E32001500103463
:040E3300001E108409
:040E34001034F8037B
:040E3500F7430F0070
:040E36000B00103469
:040E37001697FDC34A
:040E38001E9782D8A7
:040E390010AE8178FE
:040E3A0010A30004FD
:040E3B00520010341D
:040E3C00900010E82A
:040E3D00C8043EE8BF
:040E3E000002D64890
:040E3F005300103418
:040E4000003BFDC3B3
:040E41009834D021F0
:040E4200893B0300E5
:040E4300803B917BE4
:040E440018089CC42A
:040E45008000A15434
:040E46008304169774
:040E47000002143A57
:040E48002697502178
:040E4900246082FCA3
:040E4A0041014C0412
:040E4B0000006D40F6
:040E4C00580298A010
:040E4D009000A0A8C9
:040E4E0084841697EB
:040E4F0016970AAB3D
:040E50002281844C2B
:040E5100000090A766
:040E5200F98300110F
:040E5300827C1697F0
:040E5400893BC821ED
:040E5500000118AED2
:040E560081BB917B50
:040E570010A606E3F8
:040E58000EA30007DE
:040E590083801697E5
:040E5A00000110A6DD
:040E5B00DB8004A391
:040E5C00042200026A
:040E5D00147600AE59
:040E5E0032A30101B9
:040E5F00025B8C5155
:040E6000827C1E97DB
:040E610080C88EB700
:040E620080C436B75B
:040E6300000188EE14
:040E6400000738E665
:040E650021E3026320
:040E660082D8169781
:040E6700000210AEC7
:040E680000DA00A20A
:040E690002028034CD
:040E6A00001F8404DD
:040E6B000460040318
:040E6C007F9B68D12F
:040E6D00F903025132
:040E6E00000510E685
:040E6F00169710A31F
:040E700010AE82D866
:040E710000A20002D9
:040E7200803400BA0E
:040E73002E970202B2
:040E74002034819C09
:040E750081370002BF
:040E7600031B88587A
:040E770010344B09DF
:040E780010840002E0
:040E790094B488584D
:040E7A0090B701002C
:040E7B0080EE000401
:040E7C0089110007D1
:040E7D0000920422B9
:040E7E00017828349B
:040E7F002AB529491E
:040E800018EE0C63F9
:040E810000E2000586
:040E820004220086C0
:040E83001834008897
:040E84002CC95A76A5
:040E850001E236B59B
:040E8600183400829A
:040E870018C401008A
:040E880046B5001358
:040E890081942E978B
:040E8A001834103BCD
:040E8B0036810002AA
:040E8C00885818D793
:040E8D00192845419A
:040E8E00249190001B
:040E8F00001418A68D
:040E9000D3C0E8E300
:040E9100803B0000A2
:040E920080C8169767
:040E93000054143AB9
:040E9400832016970A
:040E9500800018A819
:040E9600800010A820
:040E9700827C1697AC
:040E9800000118AE8F
:040E990010A606E3B6
:040E9A0060A300074A
:040E9B0083801697A3
:040E9C00000110A69B
:040E9D003EE856A332
:040E9E00D908C81C8B
:040E9F008034000299
:040EA000E4830101E5
:040EA1000101803497
:040EA2002834E88385
:040EA300ED83017763
:040EA4006B7618341D
:040EA5001834EF838B
:040EA600EEC35875CA
:040EA700017F18347B
:040EA800EFC306D1BD
:040EA900827C26978A
:040EAA000001112E04
:040EAB00112E16A34B
:040EAC0014A3000586
:040EAD000007212EEB
:040EAE00001D2104FE
:040EAF000002D84025
:040EB000F0830011BA
:040EB100FE833B1B66
:040EB200FE03191B07
:040EB300003B482197
:040EB40094C8303B73
:040EB500003B0003FB
:040EB600827C16978D
:040EB700000110AE78
:040EB800E0093EA36C
:040EB90026971A99C5
:040EBA004B0181BCAB
:040EBB0027090915E5
:040EBC008000212869
:040EBD0026970491DF
:040EBE0020BA825C78
:040EBF00575BFFE698
:040EC000AD00031B63
:040EC100883400036E
:040EC200803B03006E
:040EC3009004103B4C
:040EC4008C44002139
:040EC5001E9700CCA8
:040EC6001C3A825CF4
:040EC70048210010AE
:040EC80003001834D7
:040EC900103BC821F1
:040ECA0000CC18C47C
:040ECB003E97F90352
:040ECC003CA0819C29
:040ECD0019DE4C07D7
:040ECE0002E301003A
:040ECF001819FBDB18
:040ED00081BC1E972C
:040ED10006D538C149
:040ED20030E822C919
:040ED30087D980003B
:040ED400000C19B243
:040ED50020042C3B8E
:040ED60047003B7A1C
:040ED700029B00007A
:040ED800F6430011CC
:040ED900283B039B14
:040EDA0094C8203B5D
:040EDB00003B0003D5
:040EDC0083F81697EA
:040EDD00348BC495F9
:040EDE00024400AA20
:040EDF008697C4210D
:040EE000042283A0C5
:040EE100169701F46B
:040EE200893B827C4A
:040EE300000118AE44
:040EE40018A608E361
:040EE50000E2000720
:040EE600046A01E0B9
:040EE70014990192C7
:040EE80000011834B9
:040EE90028D736814F
:040EEA001834727CCA
:040EEB00368100014B
:040EEC007EB820D7D5
:040EED00000263405C
:040EEE00827C169755
:040EEF0000011834B2
:040EF000368114999A
:040EF100723C28D750
:040EF20000011834AF
:040EF30010D736815D
:040EF40016B77E7837
:040EF500103481A094
:040EF6001084034021
:040EF7008162800094
:040EF8001697019AAE
:040EF90018AE82E4C9
:040EFA0000E2000111
:040EFB0018AE01A488
:040EFC0000E200020E
:040EFD0010A601A09A
:040EFE001CA300032E
:040EFF0014991C9B8B
:040F0000034018345E
:040F0100800018C490
:040F0200580418A0D7
:040F03009000012831
:040F040020A624916E
:040F0500F123004490
:040F060082E41697D4
:040F0700000118AE1F
:040F0800017600E28C
:040F0900000218AE1C
:040F0A00017200E28E
:040F0B00000310A629
:040F0C00709B1CA317
:040F0D0018341499E7
:040F0E0018C40340C0
:040F0F0018A08000A6
:040F10000128580458
:040F11002491900097
:040F1200010420A610
:040F13001697F12319
:040F1400108C81704C
:040F150000A2100026
:040F1600115B014822
:040F170082D81E97C7
:040F18004A89029B65
:040F1900000418EECA
:040F1A008194269701
:040F1B0000E28491DB
:040F1C001834013450
:040F1D00192801008E
:040F1E001E9790008A
:040F1F00269782D8B7
:040F200018EE8190B6
:040F210000E20004E6
:040F2200183401225C
:040F230036D10100C2
:040F240090001928F8
:040F250082D81E97B9
:040F2600818C2697FD
:040F2700000418EEBC
:040F2800011000E2D2
:040F29000100183477
:040F2A00192866D14B
:040F2B001E9790007D
:040F2C0010B4817C00
:040F2D0010E8017D4A
:040F2E002697900072
:040F2F00210C8170A0
:040F3000012A100082
:040F3100169700F619
:040F3200349182D4A0
:040F33000092AA81FD
:040F3400103B00026C
:040F350044C902DBCE
:040F36000D2B84D12A
:040F37000004009220
:040F3800000610C4DB
:040F3900E86200A0CA
:040F3A0081781E9705
:040F3B00017C10B471
:040F3C00900010E829
:040F3D008320169760
:040F3E000300183460
:040F3F00028018C450
:040F400018042689E2
:040F410018A80A00E2
:040F4200169790006E
:040F430026DB831C0A
:040F4400900018A859
:040F4500033F103422
:040F46002E4810849D
:040F470018A80ADB01
:040F480010349000D1
:040F49001084033FCE
:040F4A000CDB0E4866
:040F4B00900018A852
:040F4C00000210345B
:040F4D00942C109739
:040F4E000300183450
:040F4F00060018C4BC
:040F500088A82689BE
:040F51003263900077
:040F52000008283437
:040F5300A12029446C
:040F54008034203B8A
:040F55003C40030019
:040F5600840400000F
:040F570016970300E6
:040F58002089832049
:040F5900800010A85C
:040F5A000EA3048B53
:040F5B003EC0203B39
:040F5C0006A30000E8
:040F5D0080A01697C3
:040F5E004421E4AB9B
:040F5F0026970C19AC
:040F6000161981A03D
:040F6100090D4D0128
:040F620020E824C996
:040F630000119000E9
:040F6400109BC98392
:040F6500169BCD0307
:040F66004C9BCC8351
:040F67005E9BD2C3F8
:040F6800075BD2430E
:040F69001834D6C39F
:040F6A00D943020065
:040F6B000100183435
:040F6C00DB8326D12C
:040F6D000100183433
:040F6E00DDC356D1B8
:040F6F00E183209B5F
:040F7000003BE00959
:040F71000120D0216A
:040F7200913B6A1332
:040F7300000814F668
:040F740004E00EA3E4
:040F750010344843A9
:040F760024C1000290
:040F77008AE820B72D
:040F7800000710342A
:040F79006BF810847D
:040F7A00780214A045
:040F7B009CCC803B4F
:040F7C0088B400072E
:040F7D0016970008BB
:040F7E0060AB839C45
:040F7F000002143E1A
:040F800083C0A697ED
:040F8100075B0CA35B
:040F82003EE8253BE5
:040F830082C8C87CDC
:040F84002E970002A2
:040F8500243B82E4A3
:040F860000157A4098
:040F8700A0A0055BC6
:040F880082C0C4045B
:040F890024BB000283
:040F8A0000035F8081
:040F8B00827C1697B7
:040F8C00000110A6AA
:040F8D00169722A3EE
:040F8E001E9783A87F
:040F8F00268983A488
:040F900014EE16AB9A
:040F910010A30007A2
:040F920081D8169755
:040F9300048B048542
:040F9400247B06A311
:040F950000035F8076
:040F9600F343001110
:040F97005021C82BF2
:040F98002834CEA18A
:040F9900099B0001AF
:040F9A006E9C2944DC
:040F9B0026C4993B94
:040F9C0061000001EF
:040F9D0028340016DE
:040F9E000F9B0001A4
:040F9F006EA02944D3
:040FA000000526C45E
:040FA10000166100D5
:040FA200827C969720
:040FA300000114AE87
:040FA400009000A217
:040FA500000714A687
:040FA600009000A215
:040FA70086C40E5B93
:040FA8002E9700057B
:040FA900399B81DC13
:040FAA009CCC073D97
:040FAB0061000004DD
:040FAC0004EA00163D
:040FAD0010D3000855
:040FAE00010010949A
:040FAF0094A610F301
:040FB00004A2000196
:040FB1001697003857
:040FB20032AB83A437
:040FB30082E4169727
:040FB400000410A67F
:040FB500169728A3C0
:040FB600949183C0CF
:040FB700000210B66E
:040FB8000D1B1CA34E
:040FB9000001DC4017
:040FBA0012EB068BA5
:040FBB0000A01A1365
:040FBC0018DF48A250
:040FBD00108CFE3F57
:040FBE00268901C0BF
:040FBF0000201233C9
:040FC0009420C412A3
:040FC1000485C402DD
:040FC2000001948412
:040FC30010841499E9
:040FC400D8A0002889
:040FC5002097C402AB
:040FC600DC40FFE428
:040FC700946200032D
:040FC8004EA1FFE057
:040FC900000586C4D5
:040FCA00EEC30E5B09
:040FCB00000186C4D7
:040FCC00EDC3085B0E
:040FCD001697191941
:040FCE00288181DC19
:040FCF00DC4808955D
:040FD000003B0003DF
:040FD100827C169771
:040FD20018AEC02174
:040FD30006E3000130
:040FD400000718AE4C
:040FD500803B1EEB54
:040FD600243B0203B3
:040FD70082C0283B71
:040FD800203B0002B8
:040FD9000003E6002B
:040FDA001697001155
:040FDB00141A82E47E
:040FDC004021FFE8C9
:040FDD00000510A655
:040FDE002034F8A320
:040FDF0021040006E3
:040FE00021801A80D2
:040FE100051B0003E9
:040FE2000003F340D5
:040FE3003EE8811B48
:040FE4002188C80494
:040FE500003B0003CA
:040FE600803BC42167
:040FE700825816977F
:040FE800002E143A89
:040FE90081DC1697FA
:040FEA003895803B7B
:040FEB000003DC40E3
:040FEC00825816977A
:040FED00002A143A88
:040FEE0083C08E9797
:040FEF001697803B96
:040FF000141A82E469
:040FF100035B002C72
:040FF2003EE8247B36
:040FF30082C8C80CDC
:040FF400243B000298
:040FF5000300035B97
:040FF6001697000149
:040FF7000401830C62
:040FF800243BF7435C
:040FF9000300283B8E
:040FFA001697000145
:040FFB000401830C5E
:040FFC00283BF7C3D4
:040FFD0082C0243B4F
:040FFE008C2A000237
:040FFF00031B000AC6
:041000000003F340B6
:04100100F6C3001121
:04100200FE830B1B43
:0410030000021034A3
:041004008AEC1097CB
:0410050048A30120DB
:041006004964012018
:04100700DF9F109FB8
:04100800006018CCA0
:04100900210C268907
:04100A0020A0200002
:04100B00DC48580461
:04100C00003B0003A2
:04100D00827C169734
:04100E00000110A627
:04100F0000BA00A281
:0410100083A4169708
:0410110000B200A287
:0410120081DC1E97C8
:04101300494201202D
:0410140056D5C821C4
:041015000400108C37
:041016002689813B6B
:04101700330B170B75
:041018000008910C2F
:04101900008400EA65
:04101A000689FEDB6A
:04101B00008204A2A9
:04101C00F7FF1804BE
:04101D007E6306895F
:04101E00EFFF2004BC
:04101F00380420A0D1
:041020000003DC40AD
:041021000096200411
:041022000000438007
:0410230081CC1697CF
:041024000300183479
:041025000F0C18C4D0
:04102600268904957E
:04102700800010A88D
:04102800FFF7109F1F
:04102900001004AA05
:04102A0081DC1E97B0
:04102B00001490D746
:04102C00691204A0A1
:04102D000008948C97
:04102E00580290A034
:04102F00FFEF109F20
:041030001E970A6B92
:0410310052D581DC37
:04103200624BB25902
:04103300000C840C1D
:04103400000C842602
:0410350022891019E3
:04103600FFFB109F0D
:041037001034240944
:041038001084033FDE
:0410390080A80F0C70
:04103A0048219000B9
:04103B00FBFF18049B
:04103C00FEDBEF03E5
:04103D00FF1BEFC3E3
:04103E00E009F04392
:04103F00993BFE21BA
:041040000100216E1C
:041041000122817B8C
:04104200116E016AC0
:0410430000A2020005
:04104400116E0162C6
:0410450000A21000F5
:041046001166015AD4
:0410470018A30010DA
:04104800827C1697F9
:04104900000118AEDC
:04104A00014800E277
:04104B00000710AEDC
:04104C00014000A2BD
:04104D000443883B95
:04104E000004116E1B
:04104F00116E0CA36F
:0410500006A30008EB
:0410510000401166E4
:041052008E97EAA3E8
:04105300146E827C19
:0410540000A20001F5
:041055008C6E011A82
:04105600AC2E0007B5
:041057000020004035
:041058001E97C41605
:04105900169783481B
:04105A0010E08350CF
:04105B0000AA58028D
:04105C00E42E010E6F
:04105D0005A20040A8
:04105E00142E010C3F
:04105F0000A20800E3
:04106000A42E0108B1
:0410610016971000CE
:041062000CAB834C04
:041063000100012265
:041064001000142E36
:0410650000F800A2ED
:0410660000FA00EAA2
:041067000040942E83
:04106800012C04E271
:041069000088056A8C
:04106A000001283425
:04106B002944219B58
:04106C0026FB6D7082
:04106D000016610008
:04106E0080B4BE97F5
:04106F000010841CCD
:04107000CC84842088
:04107100484205E00C
:0410720028342019E5
:041073005491000193
:04107400C402D8A03A
:041075002944219B4E
:04107600093D6D8043
:04107700FFE0A89757
:0410780000166100FD
:04107900D8A0541196
:04107A001417C41073
:04107B008491FFF469
:04107C00000415F265
:04107D0000019DC40D
:04107E00033F1034E8
:04107F0080B49EB7E4
:0410800010101084B8
:041081009000A8A88B
:04108200033F1034E4
:0410830010141084B1
:041084009000A8A888
:041085000018072A1E
:04108600033F1034E0
:0410870012101084AF
:041088009000A8A884
:04108900033F1034DD
:04108A0012141084A8
:04108B009000A8A881
:04108C00002405AA8D
:04108D00827C1697B4
:04108E00000118AE97
:04108F0010A606E3BE
:0410900058A300075A
:041091000340203BBD
:04109200031B000438
:041093001840095B9D
:041094001D1B00031D
:041095000004034010
:04109600000604AAA2
:041097000340203BB7
:04109800646B000481
:041099000229131BFA
:04109A00CFFC3EE861
:04109B0000037E8848
:04109C00DCC3025B54
:04109D000001B0049A
:04109E00A804883BDF
:04109F00DC4300012D
:0410A000C41C00204C
:0410A100A5BBDE030A
:0410A200A004DF8344
:0410A300DEC30001A7
:0410A40000019004B3
:0410A5000020E14303
:0410A600E083C4120D
:0410A70082D816973E
:0410A80003402034AD
:0410A900800021049E
:0410AA00000410A688
:0410AB00002E10847F
:0410AC0004991699F4
:0410AD00269728C991
:0410AE00250181A0F7
:0410AF001094048D08
:0410B00010E81C0028
:0410B100F2039000B6
:0410B2000022052AE9
:0410B300F2C30B1B5E
:0410B40000039CE6B3
:0410B500001604E23B
:0410B600151B166B85
:0410B70000037E8034
:0410B800000604AA80
:0410B90003401D1BB8
:0410BA0005620004C7
:0410BB007E2100444E
:0410BC00FFEC052A16
:0410BD007E800D1B09
:0410BE00169700037E
:0410BF0018AE827C69
:0410C000DCE300016C
:0410C100000710AE66
:0410C2001697D6A304
:0410C300203482D87B
:0410C40021040340C0
:0410C50010A68000F1
:0410C600108400048E
:0410C7001699002E48
:0410C80028C9049996
:0410C90081A0269745
:0410CA00048D25016B
:0410CB00900010E899
:0410CC00283BF5C305
:0410CD0006B7031B44
:0410CE00022984046B
:0410CF00CFFC3EE82C
:0410D0000001818812
:0410D100821C1E97C8
:0410D200033F103494
:0410D3001084C021A4
:0410D400813B181430
:0410D500900018A8C7
:0410D60081DC16970C
:0410D7003D8B2C958C
:0410D800FB9B03ABD0
:0410D9000D5B383B38
:0410DA00C5802B1B87
:0410DB001697000064
:0410DC001C9581DC02
:0410DD0003AB0D8BC9
:0410DE00383BFB9B05
:0410DF00211B0D5B69
:0410E0000000C580C7
:0410E10081DC169701
:0410E2004D8B0C9591
:0410E300FB9B03ABC5
:0410E4000D5B383B2D
:0410E500C580171B90
:0410E6001697000059
:0410E7000C9581DC07
:0410E80003AB0D8BBE
:0410E900383BFB9BFA
:0410EA00111B0D5B6E
:0410EB000000C580BC
:0410EC0007D0200405
:0410ED00000045803A
:0410EE00831C1697B2
:0410EF0018A816DB4C
:0410F0002034900018
:0410F10021040BEFDC
:0410F2004580CF4026
:0410F300169700004C
:0410F40000A8831CB1
:0410F5002034900013
:0410F60021040006CB
:0410F700100B1A8040
:0410F8000003218050
:0410F9001697402BDB
:0410FA00289581DCD8
:0410FB00FFBF211FF3
:0410FC000003DC40D1
:0410FD002180811BB2
:0410FE00031B0003CD
:0410FF000003F340B7
:0411000010002004B7
:041101000003218046
:04110200F340203B5B
:0411030020040003C1
:041104002180100036
:04110500203400038F
:0411060021040002BE
:041107003EE886A098
:041108004588C8044A
:04110900051B0000C2
:04110A000003F340AB
:04110B00003BF8C3EA
:04110C000007103494
:04110D001084C90B76
:04110E00C8211700DD
:04110F00917B2509A2
:0411100089FB81BB1B
:041111000003DC40BB
:04111200002204A211
:0411130048840420E8
:04111400C90B524B66
:041115002114230975
:041116002134100070
:04111700DC400007B1
:0411180020040003AC
:041119003EE8138811
:04111A004588C81C20
:04111B00381900007F
:04111C00210CC24B95
:04111D00FB830F0041
:04111E0081D81697C7
:04111F00035B099BCA
:0411200000133886FA
:04112100832C16867F
:0411220001E00D1BC0
:04112300049968E7DC
:0411240025C91FD9E1
:04112500000139D4B8
:041126000004430876
:04112700199B383B9D
:04112800203B283B05
:041129000004430873
:04112A00826816972A
:04112B0082641E9725
:04112C00283BC42177
:04112D0018B2813B38
:04112E008E97003266
:04112F00203B83C01E
:0411300028B2147B52
:041131007A40002CD4
:0411320020BB0015C9
:0411330082C0283B13
:041134000420000291
:04113500039B488749
:04113600203B035BFC
:04113700000443006D
:04113800247B035BB6
:04113900C80C3EE8B8
:04113A00000282C865
:04113B000B51A6812D
:04113C00AA81F88309
:04113D00F943091158
:04113E001697C82117
:04113F009697826895
:041140001E9783C0B3
:04114100803B826409
:04114200008418B25B
:04114300883B14BB16
:04114400008280B2F3
:04114500243B2C7BA0
:0411460000157A40D6
:04114700283B20BB66
:04114800000282C05F
:041149002258200404
:04114A00000047005A
:04114B00059B0DDB18
:04114C00203B283BE1
:04114D000004430057
:04114E00039B03DB21
:04114F00203B035BE3
:041150000004430054
:041151008264169707
:04115200000210A6E1
:041153002C3B36A358
:041154000001245C16
:0411550000157A40C7
:04115600283B20BB57
:04115700000282C050
:04115800199B0BDBF9
:04115900203B283BD4
:04115A00000443004A
:04115B00DC40071B52
:04115C00388C0001CA
:04115D0039D400077A
:04115E00079B0008E3
:04115F00203B283BCE
:041160000004430044
:0411610024BB283B48
:04116200C81C3EE87F
:04116300000282C83C
:041164000011A6814F
:04116500A081EE4334
:04116600EE830251C1
:041167001697D021E6
:04116800A69782685C
:041169001E9783C08A
:04116A00803B8264E0
:04116B00009E18B218
:04116C000020153B0F
:04116D0080B2C41375
:04116E002CFB009ABC
:04116F007A40243B63
:04117000283B001503
:0411710090BB20BB54
:0411720082C0883B74
:0411730016970002C9
:04117400147A826007
:04117500051B0086D0
:041176000001DC4058
:04117700200428BB6D
:0411780088BB2237D7
:04117900000047002B
:04117A00059B3C7B1A
:04117B00203B283BB2
:04117C000004430028
:04117D0082641697DB
:04117E00000210A6B5
:04117F002C3B3CA326
:04118000000124DC6A
:0411810000157A409B
:0411820020BB283B2B
:0411830082C080BBEB
:04118400071B000243
:041185000001DC4049
:041186000007388C9A
:04118700283B079B5F
:041188004300203BC5
:04118900283B0004FB
:04118A00383B203B93
:04118B004300199B69
:04118C00035B0004FD
:04118D0082C0243BBD
:04118E0024BB00027C
:04118F0082C0035BBC
:04119000035B0002FB
:041191003EE8253BD4
:0411920082C8C87CCB
:04119300A68100022F
:04119400EB03001158
:041195009CC4A081D5
:04119600EB43000126
:04119700830C2E9700
:041198007A40247BFA
:0411990020BB001562
:04119A000300035BF0
:04119B00383B0001DC
:04119C00035B039B53
:04119D004300203BB0
:04119E002E97000484
:04119F00247B830C1E
:0411A0007A4012512E
:0411A100283B0015D2
:0411A200030020BB6B
:0411A300E7C300019D
:0411A40082681697B0
:0411A50082641E97AB
:0411A600897BC82158
:0411A700283B813B25
:0411A800004218B237
:0411A90083C09697D2
:0411AA0014BB203B17
:0411AB00003C28B22A
:0411AC0000157A4070
:0411AD0020BB283B00
:0411AE00000282C0F9
:0411AF000004478071
:0411B0009E0B0C6B1B
:0411B100035B0B9B36
:0411B20043000B1BD0
:0411B30020340004E0
:0411B400210400070B
:0411B500DC40170003
:0411B600035B0003D4
:0411B7003EE824BB2F
:0411B80082C8C81C05
:0411B900A681000209
:0411BA00F6830B515C
:0411BB000911AA81EB
:0411BC00003BF743BA
:0411BD0083A416975A
:0411BE0014AB8021CD
:0411BF00203B283B6E
:0411C00000046900BE
:0411C1000096200470
:0411C200C8003EE83B
:0411C300000043885D
:0411C40081DC16971D
:0411C500168668958D
:0411C600211F832C36
:0411C70000A0FF0085
:0411C800250948C2EB
:0411C900008021146D
:0411CA000003DC4002
:0411CB00003BFAC328
:0411CC00827C169774
:0411CD00813BC02181
:0411CE00000118AE56
:0411CF0010A606E37D
:0411D0001EA3000753
:0411D10083A4169746
:0411D200035B18ABF8
:0411D3006900243B50
:0411D40020040004EF
:0411D50086B7009643
:0411D6003EE8832448
:0411D7004388C8047D
:0411D8001686000077
:0411D9001E97832CAE
:0411DA00016081DC53
:0411DB0000A048E543
:0411DC0066D548C2CA
:0411DD0018DF2A8964
:0411DE002689FF005F
:0411DF00580480A090
:0411E0000003DC40EC
:0411E100003BF98353
:0411E200035BC021CA
:0411E3007300813BD9
:0411E400283B0004A0
:0411E5003EE8243B81
:0411E6007308C804BE
:0411E700003B0004C5
:0411E8008E97C421F9
:0411E900803B83C004
:0411EA0082E41697EE
:0411EB00141A283B6F
:0411EC00247B001848
:0411ED00000282C0BA
:0411EE0081DC1697F3
:0411EF0021143895FA
:0411F0003EE80010C5
:0411F100DC48C80C02
:0411F200243B000397
:0411F300000282C0B4
:0411F40000128C2A2F
:0411F50081DC1697EC
:0411F6002114189513
:0411F700DC401000C8
:0411F80000110003DF
:0411F9002004F84393
:0411FA000D5B220265
:0411FB0000004700A9
:0411FC0081DC1697E5
:0411FD00211F5895C1
:0411FE002114FE3F7B
:0411FF00FBC30180AD
:04120000112EC4E106
:04120100897B0040A5
:0412020000CC00A27A
:04120300004111365F
:0412040000A200A2A2
:041205000008112E9E
:0412060000BC00A286
:041207000009113693
:04120800008200A2BE
:041209000003113E8F
:04120A0000AC00A292
:04120B000004212E8C
:04120C002834011968
:04120D00139B00012E
:04120E006D90294472
:04120F00000326C4EE
:041210000016610063
:04121100000C1C04AD
:04121200D8E02459A3
:041213001C07C410E0
:04121400448BFFF711
:0412150018342681E2
:0412160018C4033FB6
:0412170010E83F900C
:0412180018349000F6
:0412190018C4033FB3
:04121A0010E83FD0C9
:04121B0018349000F3
:04121C0018C4033FB0
:04121D0010E81F9026
:04121E0018349000F0
:04121F0018C4033FAD
:0412200010E81FD0E3
:04122100124B9000DC
:04122200439B566B29
:041223000002103481
:041224000300283467
:04122500942C108471
:041226005B51203BBD
:04122700822C1E9760
:041228000040193A2F
:04122900112E44E15D
:04122A0006A3001007
:04122B000020212658
:04122C000C1B2B2349
:04122D001136EF8304
:04122E0010A3040104
:04122F000100112E7B
:04123000212606A3CA
:04123100152302007F
:04123200ECC30A1BE4
:041233000800112E70
:041234002126E0A3EC
:04123500FDC31000E5
:04123600EAC3041BE8
:04123700EA43803BCB
:04123800F503239BFC
:0412390018C406953A
:04123A002AC940007D
:04123B00900030E807
:04123C0024910911DF
:04123D00003BF4C3BB
:04123E00DEC4FFE12A
:04123F000B1BFDDCAC
:0412400000037E80A9
:04124100283B219B8A
:041242006280093D80
:041243002E970016CC
:041244003697838CCA
:041245003E97825CF2
:04124600016081BC06
:041247000B518005C2
:04124800021B203B2A
:041249000068313ACE
:04124A000300A034C9
:04124B000300A834C0
:04124C00A5041E5B7C
:04124D00AD4400703C
:04124E0010340074E4
:04124F001084033FC5
:0412500088A8171043
:04125100146690008F
:0412520096C4000F2F
:041253000020001067
:0412540010B3C413FC
:0412550000001497EA
:041256009CC464A32D
:0412570014E6000198
:041258009484000476
:04125900ECA30004FE
:04125A001466825143
:04125B00CAA300061C
:04125C0003009034C7
:04125D009484803BBA
:04125E0016971410BB
:04125F00143A825C5F
:041260000D1B01CA97
:041261000260DEC485
:04126200CFFC3EE897
:0412630000037E887E
:041264002420151914
:041265004B014C11DC
:04126600069525C103
:04126700CD0810E0BE
:0412680069A300E096
:04126900268916CBF1
:04126A0004FD1499D2
:04126B000258108491
:04126C001897268128
:04126D0022C9FDB0E5
:04126E00FDB018B700
:04126F002CFBECC3A5
:041270008034211B8A
:0412710080000002F7
:0412720084040004EC
:041273002C3B942C50
:041274001697203B6E
:04127500113A822C7C
:04127600283400EC2C
:0412770029443B9B30
:04127800203BCA004D
:041279003B9BE03487
:04127A0000003C40F4
:04127B00C416002075
:04127C00CA00E704B9
:04127D00822C169712
:04127E0000F415BAA9
:04127F00B804803BF4
:0412800016970001BC
:041281001432825C45
:041282003497FF504E
:0412830085E0000002
:0412840030F34C1CDB
:0412850038023720D4
:04128600009C00AA1E
:041287001697161987
:04128800268181BC7E
:0412890089400895FB
:04128A0020A8000098
:04128B001893800034
:04128C002C0430D32B
:04128D0014040048FD
:04128E001AE300243B
:04128F0005FD1759E9
:04129000025818C424
:0412910020F73EC143
:041292001699FDC0EC
:04129300025818C421
:0412940020F73EC140
:041295001B59FDC024
:04129600149905FDA5
:04129700025829448C
:0412980029575F4132
:0412990004FDFDC093
:04129A000258108462
:04129B000050294492
:04129C002681D9418D
:04129D0000A129760D
:04129E00FDC01897E0
:04129F0000B4016234
:0412A000002718C447
:0412A10018F6B8C1C2
:0412A20000E2004F17
:0412A3001C0400A681
:0412A40016D9006CEB
:0412A500FDC020B7B1
:0412A60027102804E1
:0412A700025818C40D
:0412A80088F73EC1C4
:0412A9007A40FDC0CA
:0412AA00CE990015C4
:0412AB002C3B347B29
:0412AC00766820043C
:0412AD0000004700F6
:0412AE00838C169780
:0412AF00800200A019
:0412B00004010491A0
:0412B1001697E78322
:0412B20020A381B044
:0412B30005550D9B35
:0412B4004000108462
:0412B5005802A8A093
:0412B600800018A8F4
:0412B700FF8818DFB5
:0412B80018A82CC97D
:0412B9000911900087
:0412BA00DCC32B5115
:0412BB00FBC3303B06
:0412BC000000BC175B
:0412BD00BDC4303B41
:0412BE00A5E0400067
:0412BF0015E85817BF
:0412C0000EAB8000F1
:0412C100000311BE57
:0412C200B58408A344
:0412C30020110001F5
:0412C4000D91DC4369
:0412C50030F3203BA7
:0412C60000003EC026
:0412C700DEAB30D397
:0412C800583C20046A
:0412C90000004700DA
:0412CA00203B2F3B5B
:0412CB0000003C40A3
:0412CC00F94330D3DF
:0412CD00181CE020E9
:0412CE00381C372071
:0412CF000000E4B780
:0412D00020042C3B8F
:0412D1004700766CF0
:0412D200ED830000A8
:0412D30082FC2697DC
:0412D4004C04242082
:0412D50000006D4068
:0412D600006C1C0488
:0412D700053D16D9E2
:0412D800580290A088
:0412D900025818C4DB
:0412DA0098D738C1A8
:0412DB0098A8FDC012
:0412DC001404900066
:0412DD00149900243C
:0412DE0027102804A9
:0412DF00025810841D
:0412E00020972881AA
:0412E1007A40FDC092
:0412E2000092001561
:0412E300108400046F
:0412E40016190FFFC9
:0412E500E99100A0EB
:0412E60081BC16971A
:0412E70027102804A0
:0412E800148D2681BA
:0412E900948B04FDE1
:0412EA001404107365
:0412EB00149900480A
:0412EC000258108410
:0412ED00209726819F
:0412EE007A40FDC085
:0412EF000092001554
:0412F0001084000462
:0412F10000A00FFF4B
:0412F2002C3BE98226
:0412F30010333C7BFD
:0412F400200434FBA3
:0412F50047007678C0
:0412F6001697000047
:0412F70000A0838C44
:0412F80004918002DB
:0412F900B2430401F7
:0412FA0081AC168627
:0412FB00001710BE0A
:0412FC00169734A36A
:0412FD00802181705B
:0412FE00400010ACF0
:0412FF0021260EA3F3
:0413000009230001BC
:0413010000048F80D5
:041302000021103B7B
:041303002004195B4E
:0413040047007683A5
:0413050010340000A0
:041306001084033F0D
:0413070018DB1410CB
:04130800900018A891
:04130900103BFC4356
:04130A00003BE009BB
:04130B00813BFCA185
:04130C00917B203B76
:04130D002EA7A97BE3
:04130E000340832CE9
:04130F001697000429
:0413100018AE827C15
:0413110070E3000184
:04131200000710AE12
:0413130026976AA30C
:04131400103B8260A8
:0413150020E2183B7F
:04131600883B0150BF
:04131700015420B2AB
:0413180000046F401E
:041319007880247B39
:04131A0000200004AB
:04131B002E97C41332
:04131C00269782602E
:04131D002CFA83C063
:04131E00A48C01405A
:04131F00283400FF6F
:0413200005200001A3
:041321003C7B4916B2
:041322002944313BEE
:0413230020046EB480
:04132400A033544C52
:041325000001A834E7
:04132600000047007C
:041327007A00883B85
:04132800002000049D
:04132900AD44C413F8
:04132A0016976EB4F0
:04132B00147A825856
:04132C00F98001241F
:04132D000643000370
:04132E0083A41697E7
:04132F00BC8C90AB37
:0413300005E000FFD5
:04133100B034491774
:041332004F800001E7
:04133300A43B0004D3
:04133400C4130020BE
:04133500AD4C883BF8
:04133600B58400FF7B
:0413370016976EB4E3
:0413380014FA8258C9
:0413390059C0001087
:04133A001D1B000473
:04133B000004034067
:04133C00832C96A7C1
:04133D0015067CA174
:04133E00850600011F
:04133F00035B00004C
:04134000040124FB85
:04134100E83004206C
:0413420000010300A3
:0413430000046F40F3
:041344007880243B4E
:04134500283B00043D
:04134600030024FB81
:0413470016970001F4
:04134800E444848471
:0413490010AB0001E4
:04134A008458169716
:04134B00BC20185951
:04134C002881580399
:04134D0026AD06AD16
:04134E0084801697EA
:04134F0083C026979A
:041350002E972EABFB
:041351007A408260FC
:041352001E970015CD
:0413530032C18428F7
:0413540000E534C1BB
:0413550084801697E3
:041356002E9716AB0D
:04135700269783C092
:041358007A408260F5
:041359001E970015C6
:04135A0032C18428F0
:04135B0010E534C1A4
:04135C0083C036977D
:04135D002DBB3C7BED
:04135E0054362004DD
:04135F008033A873BC
:041360000000470042
:0413610083C0369778
:041362008033A873B9
:041363002DBB3F3B24
:0413640054382004D5
:04136500000047003D
:04136600830C169747
:04136700A504125176
:0413680004990002E2
:04136900C41314E0B5
:04136A005601E683BF
:04136B0006D10B4557
:04136C00D4432A81BB
:04136D000251A88100
:04136E001697D443B7
:04136F0010AB8480BB
:0413700000157A40AA
:0413710084281E9717
:04137200C40398E038
:0413730002E534C19A
:0413740000019CC414
:04137500BC06D303DC
:04137600035B000015
:041377000300247BD0
:041378006F400001C1
:0413790025FB00044C
:04137A000004788073
:04137B00247B283B6C
:04137C000001030069
:04137D0084841697B7
:04137E0004E012ABCA
:04137F001697484332
:0413800026818458E6
:04138100B0E00605CD
:0413820006AD580359
:0413830084801697B5
:041384002E971EABD7
:04138500269783C064
:04138600BC068260BF
:041387007A400000A8
:041388001E97001597
:0413890098E084283C
:04138A0034C1C403A3
:04138B000000B8E7BF
:04138C000405A07341
:04138D0083C036974C
:04138E0010333CFBE1
:04138F0020042D7B8E
:041390004700546559
:0413910016970000AB
:041392009CC4830C68
:041393000011000144
:04139400CAC3144173
:0413950082681697BD
:0413960082641E97B8
:041397009029FFE1B9
:04139800813B917B89
:0413990018B2283B23
:04139A00994400442E
:04139B0094E0FFFFDC
:04139C0014BB381333
:04139D0028B2203B17
:04139E007A40003A57
:04139F00A8BB0015D2
:0413A000827C16979E
:0413A100000710AE83
:0413A200283B30A311
:0413A30082C0257B64
:0413A4001697000296
:0413A50010AE827C88
:0413A60070AB000721
:0413A700031B702391
:0413A800001276C0F9
:0413A9008AC0631B78
:0413AA0003DB00124F
:0413AB00A6810C43C8
:0413AC00F6430B51A8
:0413AD000911AA81F7
:0413AE00142EF7837F
:0413AF00CAAB0001C4
:0413B000000EB03447
:0413B100C414002040
:0413B20000E8B58416
:0413B3001034068369
:0413B40015200001FF
:0413B5001086C402D8
:0413B600A5046DD449
:0413B7003299000166
:0413B800492200A026
:0413B9000F008C4C49
:0413BA00000110AC72
:0413BB00B4602449AD
:0413BC00247BC411B9
:0413BD000012824058
:0413BE0001C02894AE
:0413BF0079C0247B52
:0413C000169700126A
:0413C100153A825CFB
:0413C200EFC3FFC4B2
:0413C30009DB9C2B7B
:0413C400283B199B0E
:0413C5004300203B86
:0413C60030040004EB
:0413C700283B00902F
:0413C80062800F3DF3
:0413C90030040016D6
:0413CA00FB5B009039
:0413CB006280573DA8
:0413CC00542B001688
:0413CD00000AA0046E
:0413CE00B504883B9F
:0413CF00BC4C000111
:0413D0003DFB003FA2
:0413D100035B353B4A
:0413D200430024FBB5
:0413D3003DFB0004DA
:0413D400035B35BBC7
:0413D500430024FBB2
:0413D60032230004BA
:0413D70024BB035BD5
:0413D800000282C0CD
:0413D9007E800B1BEC
:0413DA0020040003E8
:0413DB00438007D074
:0413DC003444000095
:0413DD00BEC4003A50
:0413DE00E6C400ACB5
:0413DF00203B001C93
:0413E00000073C5E68
:0413E1000DC39D8B10
:0413E2000002A00461
:0413E300031BF543B0
:0413E40000022F00D4
:0413E500035BFB8328
:0413E60038F3313374
:0413E700908020B31F
:0413E8001F170000CB
:0413E900048B000071
:0413EA0006D920936D
:0413EB00311338D3AF
:0413EC00580210E0B3
:0413ED0000001DD708
:0413EE0000001737AD
:0413EF00FFFF18EEF6
:0413F00029E32AEBD8
:0413F10010A6C48BF3
:0413F20020A3007FB5
:0413F300000035F7CA
:0413F40016971A230B
:0413F500469581DCBC
:0413F600080018DCF7
:0413F700CD6B18E0C2
:0413F80048A300E026
:0413F90096CB3CC192
:0413FA0000001DF7DB
:0413FB00BDC4091153
:0413FC00E7040004FE
:0413FD00169700043B
:0413FE00113A8260BE
:0413FF000422FF982D
:041400000D1B009828
:0414010000037E80E6
:04140200257B283BE3
:04140300000282C0A1
:041404001466025117
:0414050000A20050F1
:0414060049C0FF24B6
:041407001697000430
:0414080010AE827C24
:0414090010AB00071D
:04140A0000BA0422FE
:04140B0076C0203B4C
:04140C00431B00126C
:04140D0000128AC07F
:04140E0000044F8007
:04140F0000B40422FF
:041410000001B834EB
:041411006EB8BDC430
:04141200487104A079
:04141300000210348F
:041414009514108497
:04141500C41194600A
:04141600A83412598B
:0414170000200001B0
:041418001441C41C9B
:04141900000110348A
:04141A006EA8108424
:04141B00103410F386
:04141C001084000137
:04141D0011336EB861
:04141E000001103485
:04141F006EC0108407
:04142000AD4400B324
:0414210011736EB025
:041422008260269727
:04142300006E273AF6
:04142400000459C0A7
:0414250010291093E7
:04142600203B7FE107
:0414270000022F0090
:041428001034EDC3CC
:041429001560000149
:04142A001086C40262
:04142B00AD446DD48B
:04142C0032990001F0
:04142D00492200A0B0
:04142E000F008C4CD3
:04142F00000110ACFC
:04143000B460244937
:04143100247BC41143
:0414320000128240E2
:04143300FE3F289FB1
:0414340079C0247BDC
:04143500247B001202
:0414360000128240DE
:04143700825C169726
:04143800FFBE157A64
:04143900B034EA439E
:04143A000020000E80
:04143B00B584C4159B
:04143C00FD0300E8C4
:04143D000001B834BE
:04143E006EA8BDC413
:04143F000720E94356
:0414400056BD484409
:04144100B117488116
:0414420025AE0000D3
:041443007B23FFFF09
:04144400827C2697E9
:0414450000012F0C67
:041446000007212654
:04144700E0202F234F
:041448000D8B1806EA
:04144900C406352080
:04144A00035B2763B6
:04144B0031B3273B57
:04144C00000110008B
:04144D003DBB3193DF
:04144E0024FB035B1D
:04144F000004430052
:04145000B467222338
:0414510021530240E1
:0414520004C32DFBA7
:04145300FA83317B6C
:041454003DBB24FB7D
:041455004300035BF2
:04145600283B00042B
:041457001000273B1F
:04145800FB83000111
:041459000090B467E4
:04145A002913FB83D4
:04145B0010B3029B2D
:04145C002033257B99
:04145D00B0733F3BEE
:04145E00200434BB77
:04145F00470075735A
:04146000E70400009D
:041461000251000133
:04146200DE2BDFC3DB
:0414630080B328D357
:04146400003BFBC38B
:0414650082681697EC
:0414660082641E97E7
:04146700997BCC2180
:0414680091BB813B78
:0414690018B2283B52
:04146A0014FB003E31
:04146B0028B2203B48
:04146C007A40003C86
:04146D0094A600152C
:04146E0088BB000136
:04146F00009804A23B
:04147000827C1697CD
:04147100000710A6BA
:0414720020342AA355
:041473002C3B00020C
:0414740065005911A5
:04147500203400120D
:041476002C3B000407
:04147700001C210430
:04147800C83C3EE846
:0414790000126508F0
:04147A000B51A681EB
:04147B00AA81F70348
:04147C00F743091118
:04147D00247B283B69
:04147E00000282C026
:04147F00000720340E
:04148000DC40091132
:041481002004000340
:041482004580138806
:04148300283B000002
:0414840082C024FB03
:04148500940C0002C1
:0414860024BB00FF84
:0414870000032280BC
:04148800000324B485
:041489002280600954
:04148A00C00B000390
:04148B000001243404
:04148C0000032280B7
:04148D000002243401
:04148E0000032280B5
:04148F00247B283B57
:04149000000282C014
:0414910000072034FC
:041492000003DC4037
:041493001388200496
:04149400C83C3EE82A
:041495000000458886
:04149600283B20BB14
:04149700000282C00D
:041498000B1B883B67
:0414990000079004B4
:04149A00E4078CA037
:04149B006C073C207E
:04149C000FCB2C4BFB
:04149D00FBDB03EB87
:04149E004300035BA9
:04149F0002510004F2
:0414A00000081466C6
:0414A1004C2102A335
:0414A2000004245EC0
:0414A300A004012080
:0414A400000521041A
:0414A500003BFA43CB
:0414A600A193D0211D
:0414A70099BB913B21
:0414A800776381FBEA
:0414A900039B897B9D
:0414AA00194029FBC1
:0414AB0004E2000552
:0414AC009020000488
:0414AD00303B1812A6
:0414AE002C3B24BBF4
:0414AF0000051940DB
:0414B000243B035B7B
:0414B100000282C0F3
:0414B20000034640AD
:0414B3002F00031BE8
:0414B4000020000212
:0414B5001697C412B0
:0414B600147A8260C2
:0414B700203B002AAC
:0414B80000022F00FF
:0414B9008268169798
:0414BA0082641E9793
:0414BB0018B2283B00
:0414BC00203B00D001
:0414BD0000D02C32FD
:0414BE0000157A405B
:0414BF00283B20BBEB
:0414C000000282C0E4
:0414C100502114BBE7
:0414C2002D3B247B1F
:0414C3000000908015
:0414C4000251428906
:0414C500581214A005
:0414C60021FBF7838C
:0414C70082C0035B81
:0414C800D900000245
:0414C900DB800002C2
:0414CA00303B0002B1
:0414CB0024BB2C3BD7
:0414CC0000051940BE
:0414CD00243B035B5E
:0414CE00000282C0D6
:0414CF00827C16976E
:0414D00081941E974E
:0414D100000710AE52
:0414D200103458A3D7
:0414D3001084510030
:0414D40010E8001FFD
:0414D50016979000D6
:0414D60010AE827C56
:0414D7004CA300071B
:0414D800D8405F1B7E
:0414D90004E2000227
:0414DA00303B000C97
:0414DB0090202C3BF6
:0414DC001940180497
:0414DD00035B0005A8
:0414DE0082C0243B69
:0414DF004640000281
:0414E000031B0003E7
:0414E10000022F00D6
:0414E2000020883B23
:0414E3001697C41282
:0414E400147A826094
:0414E500203B001A8E
:0414E60000022F00D1
:0414E7000002D90026
:0414E8001034E84391
:0414E90010844D001E
:0414EA00F4C3003F08
:0414EB00F643671B42
:0414EC002D3B247BF5
:0414ED0000009080EB
:0414EE0002514289DC
:0414EF00581214A0DB
:0414F000A681F98355
:0414F100E4C30B51F4
:0414F20009118A0151
:0414F300003BE4C313
:0414F4009F29FFE14C
:0414F500A97BA13BF3
:0414F600009030042E
:0414F700873DFB5BD7
:0414F80000166280F8
:0414F90001060522C1
:0414FA001133089B07
:0414FB0000011034A8
:0414FC006EC8108422
:0414FD001034123362
:0414FE001084000155
:0414FF0012736EB83E
:0415000048620560D8
:041501000002183498
:04150200951418C460
:04150300C402A8A0D6
:04150400883B149973
:0415050011F3268137
:0415060000011526A5
:04150700169712B36E
:0415080010AE827C23
:041509002CAB000700
:04150A000002203487
:04150B005911575BC0
:04150C000012650064
:04150D000004203482
:04150E002104575B02
:04150F006500001C57
:04151000031B0012A7
:0415110000128D0037
:0415120008A3129385
:0415130000126D4015
:04151400001272004F
:04151500826816973B
:0415160082641E9736
:0415170018B2283BA3
:04151800914400A456
:04151900ACA0FFFF84
:04151A00157B3812F3
:04151B0028B2203B97
:04151C007A40009A77
:04151D0020BB0015DA
:04151E000001148C28
:04151F00149E117392
:0415200000A2000223
:041521009804008C9E
:04152200283B000E54
:04152300000282C080
:0415240080181E8489
:041525001E8419B354
:041526001AF3801024
:041527009D201913D7
:04152800803BC4132D
:04152900B504103BBA
:04152A00E0C4000613
:04152B0068AB0001A8
:04152C004F8010F3E9
:04152D001034000472
:04152E0089D300015C
:04152F006EA810840E
:0415300000019034F2
:041531000001B034D1
:04153200C4170020BA
:04153300948411B3D8
:04153400B5846EB05C
:0415350016976EB8DF
:0415360015FA8260C0
:0415370059C0013A5C
:0415380010D30004C8
:0415390001E200A229
:04153A001F29029BC8
:04153B00109B7FE1A1
:04153C001034113323
:04153D001084000115
:04153E0012336EC432
:04153F000001103463
:041540006EA81084FD
:04154100A681DF039D
:04154200EA430B511C
:041543000911AA815F
:041544009804EB8399
:04154500EE43000C65
:04154600199B3DBBF5
:04154700203B283BE2
:041548000004430058
:041549002153119386
:04154A00228134FBCB
:04154B00035B0485B5
:04154C00C4170020A0
:04154D00488700A02B
:04154E00430025C968
:04154F0012D30004AF
:04155000035B3113F5
:04155100C402B8A078
:0415520024BB008531
:0415530043003C3BDA
:041554003C3B000418
:04155500035B373BC2
:04155600430024BB6F
:041557002D3B000424
:041558003D7B0033A4
:04155900571B303BB1
:04155A0000052980DF
:04155B0082602E97E5
:04155C0028E2183B2E
:04155D00039B005C90
:04155E00571B2D3BAF
:04155F003D7B00339D
:0415600000052980D9
:0415610082603697D7
:04156200203B757D38
:0415630000543122DD
:0415640086FD031BE2
:0415650020F3103B24
:04156600005E11A270
:041567000001BDC4FE
:04156800000515EE77
:0415690010D304A3F4
:04156A0049C094AB35
:04156B0016970004CB
:04156C0010A6827CC7
:04156D000CA30007C4
:04156E0008A3129329
:04156F0000126D40B9
:0415700000127200F3
:04157100146E0251A1
:0415720000A20005CE
:0415730010D3FEE4AF
:04157400753DDB8363
:0415750018A0670152
:0415760006D16C042A
:04157700090B6909EA
:04157800F1C309A50D
:0415790000003947EE
:04157A006C0320A03E
:04157B0009110B51F6
:04157C0006CB0EC9C3
:04157D00FFFF1967EC
:04157E0008D5F24357
:04157F00FFFF212623
:04158000753D0D2385
:0415810021074501F8
:04158200092B000031
:04158300049102F5D8
:04158400F08326D1F9
:04158500FEC300F3AE
:04158600484205E0F2
:0415870024C186FDF8
:041588000000E097E8
:04158900FFFF172E1B
:04158A00039600A222
:04158B00827C1697B1
:04158C00000125CC69
:04158D00000710A69D
:04158E00B82040A39E
:04158F00048B1802AF
:041590001E84149908
:041591003723801864
:04159200035B25FBD7
:041593001AF3133301
:041594000001100042
:0415950013131AD33F
:04159600C404E0E0C9
:0415970044090105FD
:04159800C403E0E0C8
:04159900052204C55E
:04159A001467003A98
:04159B00103402D036
:04159C002A530001CD
:04159D006EC0108488
:04159E00113B068374
:04159F00E0E0F8434D
:0415A0000905C40471
:0415A100035B34FBB9
:0415A2004C021120C6
:0415A3001AF32153C3
:0415A4003C3B24099F
:0415A50000044300FB
:0415A60025FB283BBE
:0415A700000110002F
:0415A800F7831AD3D8
:0415A90001201467A2
:0415AA002DBBF883DA
:0415AB00E70414BB82
:0415AC003DFBFFFE06
:0415AD001033E073A4
:0415AE002004357B65
:0415AF00470074621B
:0415B000BDC40000B6
:0415B10002510001E2
:0415B2001697C18344
:0415B30010AE827C78
:0415B40000A200078A
:0415B500AA1B017EEE
:0415B6002804499B21
:0415B7003F3D00F0C4
:0415B8000016628037
:0415B9002804499B1E
:0415BA00513D00F0AF
:0415BB000016628034
:0415BC002804499B1B
:0415BD001B3D00F0E2
:0415BE000016628031
:0415BF002804499B18
:0415C0002D3D00F0CD
:0415C100001662802E
:0415C200499B283BDE
:0415C3006280633DA2
:0415C4001697001660
:0415C5001E97826883
:0415C600283B8264D8
:0415C700013818B21D
:0415C800A8A0855101
:0415C9001173380260
:0415CA00157B203B32
:0415CB00012E28B213
:0415CC0000157A404C
:0415CD00283B20BBDC
:0415CE00000282C0D5
:0415CF0000063D04D1
:0415D000283B199B00
:0415D1004300203B78
:0415D20011130004ED
:0415D300FFF1B80468
:0415D40000019884F6
:0415D50000FF15CC32
:0415D6000080109CE5
:0415D7008DFBF49103
:0415D80095FBB5FBCF
:0415D90000FC009280
:0415DA00B8A0209BFA
:0415DB003113E41CC8
:0415DC003F3B21531D
:0415DD004300035B69
:0415DE002153000491
:0415DF0034FB3F3B5F
:0415E0004300035B66
:0415E100029B000465
:0415E20010332D3B5A
:0415E300303B3D7BE1
:0415E4002980243BFB
:0415E5002E97000538
:0415E600183B8260CC
:0415E70000C828E22E
:0415E8002D3B029BFA
:0415E9001033243B5C
:0415EA00039B3D7BA7
:0415EB00000529804E
:0415EC0082605E9724
:0415ED00203B757DAD
:0415EE0000BE5922C0
:0415EF0000FF548C19
:0415F0000080529C89
:0415F100FF805284A1
:0415F200517D62FDC8
:0415F3004EC43FBDE6
:0415F4001BFD005883
:0415F5008251203BC4
:0415F600000F52AEE2
:0415F70000B022E23C
:0415F8000001BDC46D
:0415F900001015E6E3
:0415FA00FF6800A2E4
:0415FB00000449C0DF
:0415FC0000044F8018
:0415FD0000011034A5
:0415FE00983481D3C9
:0415FF009034000123
:041600001084000151
:0416010000206EC88F
:041602009CC4C416AA
:0416030094846EC499
:0416040012F36EB0BF
:041605008260169752
:0416060000B015BA61
:04160700000459C0C2
:0416080000A210D359
:041609003697019679
:04160A00CF7D8260AE
:04160B000A5B86BD33
:04160C00FFDB203BA5
:04160D00016C21A2A9
:04160E000005147649
:04160F00FCA800A291
:0416100020042C7B0B
:041611004700749882
:041612001697000027
:0416130000AA80A009
:041614009283FBCCF6
:04161500D003561B8D
:041616000B51A6814D
:04161700AA81D7C30A
:04161800D9030911D8
:04161900E0C3E5FB4A
:04161A006701753DB2
:04161B006C0418A0A3
:04161C00690906D181
:04161D0009A5090B07
:04161E003147E44329
:04161F0020A0000007
:041620000B516C03FB
:041621000CC90911D6
:04162200196706CB73
:04162300E503FFFFDD
:04162400288174BDE8
:0416250040C7048531
:04162600608C0000D4
:04162700631C00FF41
:0416280063040080D7
:04162900032AFF8011
:04162A000222012077
:04162B00B1E700041F
:04162C0002AA00000E
:04162D0044BB0004B6
:04162E0004E522C3EA
:04162F0006D10911C6
:041630000D910B51BC
:0416310000014A4426
:04163200E2030FD1EF
:04163300B0A03EBD68
:041634001887C4024D
:0416350050BD0000A4
:04163600C402B0A09A
:041637000000B88770
:04163800E4111DE0BC
:0416390011B3045194
:04163A00E82200A002
:04163B0018EE16810E
:04163C0066E3FFF072
:04163D00FFF0BDE617
:04163E00484305A078
:04163F003681CEBD65
:041640000000B8F7F7
:0416410000580452F7
:041642000010E004B0
:04164300E41C8F20F4
:0416440000FC05EAB7
:04164500827C1E97EE
:041646000001258CEE
:04164700000718E69A
:04164800B02042E3A9
:041649000D8B1806E7
:04164A006C8111138B
:04164B00035B3B23DF
:04164C00333325BB54
:04164D000001100088
:04164E0021533313DE
:04164F00035B3F3BBF
:04165000000443004F
:04165100003405223A
:0416520001B0E427D8
:041653000001183446
:041654002A13B8D3CA
:041655006EC018C487
:0416560000200583E8
:04165700F303C417BE
:04165800F583E47BB7
:04165900F803313B26
:04165A003F3B21539E
:04165B004300035BEA
:04165C00283B000423
:04165D00100025BB99
:04165E00F90300018B
:04165F000000E4277C
:041660002AD3F9434D
:0416610011931CBB0A
:0416620088733DBB91
:04166300183310B375
:041664002004357BAE
:041665004700738641
:04166600B584000047
:04166700001100016D
:04166800CE03B8F302
:041669000CE3075532
:04166A0006D106950A
:04166B00000288D21F
:04166C000EB588FB34
:04166D002B510911E3
:04166E00CF032491F1
:04166F000002103B2A
:04167000052AFB2824
:041671002993FCE4D9
:04167200022A9C4369
:04167300447BFEEEC8
:04167400054504E53F
:04167500000061C64A
:041676000000718679
:0416770000016A0400
:041678006360049116
:0416790070A0E40D6C
:04167A006B4CE402CF
:04167B00C48B00FF1D
:04167C0000806B5C23
:04167D000080109C3D
:04167E0000004267BF
:04167F00FF806B4439
:041680006892F491E7
:041681004167FEB609
:0416820061A700005C
:04168300D58300000B
:04168400FF6E052AC6
:04168500ED832CFBCA
:04168600827C1697B5
:04168700000110A6A8
:04168800169724A3EA
:041689001EAB8360B1
:04168A000002103416
:04168B008F741097B1
:04168C00030018340B
:04168D0000E018C49D
:04168E0018A82689E9
:04168F0018D48000EB
:0416900018A8100086
:041691001697900018
:0416920018AE827C90
:0416930008E3000167
:04169400000718A68D
:04169500041600E255
:04169600690BFC21BF
:04169700D8406923AB
:04169800169700029F
:0416990010A6827C99
:04169A001EA3000784
:04169B0083F8169723
:04169C00108CC49555
:04169D0012A3200074
:04169E0083C08E97E0
:04169F0082E48697C4
:0416A000041280119F
:0416A1008EB700A65A
:0416A200203483C0AD
:0416A300210400031B
:0416A40045800D4030
:0416A5001697000094
:0416A60010AE827C84
:0416A70000A2000796
:0416A800151B00A668
:0416A9000002D84023
:0416AA0000082034E0
:0416AB00A120210455
:0416AC000000458075
:0416AD00831C1697ED
:0416AE0018A802DB9B
:0416AF002004900083
:0416B000218000FA9B
:0416B1001697000385
:0416B20010AE827C78
:0416B3007CA300070D
:0416B40083A816975A
:0416B50083A41E9755
:0416B60000A22689DF
:0416B70086970122EF
:0416B8009E9782E493
:0416B900883483C02E
:0416BA009034787F71
:0416BB008011747FA7
:0416BC0094840251BF
:0416BD000412000112
:0416BE001E97027AF7
:0416BF00169783A453
:0416C0009EB783A8A6
:0416C10010E083C0F2
:0416C20000A2580228
:0416C300169702D2A2
:0416C40018AE827C5E
:0416C50000EA000136
:0416C6001E97034A1E
:0416C7001034821C3D
:0416C8001084033F48
:0416C90018A8181431
:0416CA006803900021
:0416CB0020042C3B90
:0416CC0086B7239129
:0416CD00470083C08F
:0416CE00203B0000BD
:0416CF0000126B801A
:0416D000001010AC4A
:0416D100E703F4AB8C
:0416D200EB030D1BFE
:0416D30082E4869790
:0416D400013190341C
:0416D5000004883451
:0416D6009484801167
:0416D7008C442D0012
:0416D800041A0818D0
:0416D900283BFF6A41
:0416DA0082C0243B6B
:0416DB00169700025C
:0416DC00C49583F836
:0416DD002000108C4D
:0416DE0016970CA3AC
:0416DF000AAB81B021
:0416E0008AC0431B5E
:0416E1008011001262
:0416E2002004FB03E2
:0416E3004700235D3C
:0416E40024BB000023
:0416E500000045803C
:0416E60000126B8003
:0416E700200010AC23
:0416E80020041EAB11
:0416E900470023642F
:0416EA00169700004F
:0416EB00183483200C
:0416EC0018C403001B
:0416ED00268904083E
:0416EE0018A802DB5B
:0416EF00FFC39000A5
:0416F000031B283B75
:0416F10000128F80D4
:0416F2002804247B29
:0416F300650000800E
:0416F4000D5B001278
:0416F5008F800F1BB8
:0416F600AC400012F2
:0416F700247B00123E
:0416F800650028BBA6
:0416F9000D5B001273
:0416FA008F800F1BB3
:0416FB00031B0012BB
:0416FC0000128D004B
:0416FD008AC0431B41
:0416FE006B800012EB
:0416FF00F0C3001222
:04170000827C16973A
:04170100000718A61F
:04170200026C00E293
:0417030083F81697BA
:04170400108CC495EC
:0417050000A220001E
:041706001697FEC470
:041707001E9782683F
:04170800883B826434
:04170900011218B2FF
:04170A00000198340E
:04170B000007A034FF
:04170C000007A834F6
:04170D000007B034ED
:04170E00C4120020E1
:04170F009CC4803BBB
:04171000A5046DF8C7
:04171100AD440400DF
:04171200B584060094
:0417130016970065C0
:0417140014328264A5
:04171500283BFE88E7
:0417160082C024BBAE
:0417170000200002AC
:0417180005E0C4170D
:041719001697682394
:04171A00268181D8CB
:04171B0005E0088558
:04171C00348B484280
:04171D00EC041120A7
:04171E00488205E018
:04171F000001BDC444
:041720002509590B33
:041721000007213468
:041722000003DC40A4
:041723001388200403
:0417240000004580FC
:04172500001015E6B5
:041726000020C8A334
:041727001697C41736
:041728001DFB81D84C
:041729000001BDC43A
:04172A008885268107
:04172B00490205E08A
:04172C002134250936
:04172D00DC40000795
:04172E002004000390
:04172F004580138856
:0417300015E60000BA
:04173100D6A3000B30
:04173200827C169708
:04173300000710AEED
:0417340016976EA3F3
:041735005AAB83A484
:04173600C4170020B4
:04173700000615EEA5
:0417380025FB12A3D8
:041739000001DC408F
:04173A0035FB38BB88
:04173B00203B283BEC
:04173C000004430062
:04173D000001BDC426
:04173E00001015E69C
:04173F001697DEA378
:041740000D9B81D8A4
:04174100AE85035B13
:041742004300203B05
:0417430016970004F1
:041744000B1B81D822
:0417450038860D9B3A
:04174600035B00132E
:0417470043009FCBF1
:0417480047800004D2
:041749002034000444
:04174A00210400076F
:04174B00DC40170067
:04174C000011000385
:04174D00C4128CA096
:04174E00A681E2830B
:04174F00DC830251E4
:041750000001B834A8
:041751006DE6BDC4C0
:041752000000E5CEE0
:041753000002BDC40F
:04175400CDE8272095
:041755005804A12073
:041756000003DC4070
:0417570000FF270C5C
:041758005804A92068
:041759000003DC406D
:04175A00DC4025BB8F
:04175B00BCE20003E9
:04175C00EBC3FFD606
:04175D00243B283BC6
:04175E00000282C043
:04175F00E6000B1B7A
:0417600016970003D5
:041761001E97827CD1
:0417620010AE8194B0
:0417630048A3000790
:0417640010E814BBBA
:041765001697900043
:0417660010AE827CC3
:041767003CA3000798
:04176800D8401B1B2F
:041769002004000256
:04176A0019C00200A0
:04176B0016970003CA
:04176C0018AE827CB5
:04176D0006E300018E
:04176E00000710A6BA
:04176F00169716A310
:04177000A6978210A6
:0417710016A782181D
:041772006F40832C15
:04177300253B00040E
:041774000004788075
:04177500A3C3801179
:04177600F6C3147B27
:04177700F843131B05
:04177800827C1697C2
:04177900000720A69F
:04177A001697152386
:04177B00C49583F896
:04177C002000108CAD
:04177D00FD1600A2B3
:04177E00FD1200EA6E
:04177F0000EA0183F8
:0417800010AEFD0C9E
:0417810000AA0001B9
:04178200803BFD04A7
:04178300283B098373
:0417840082C0243BC0
:0417850016970002B1
:04178600001181DCF1
:04178700211F689521
:041788002114FF40E9
:04178900DC400080C0
:04178A002004000334
:04178B004380009601
:04178C0016970000AC
:04178D00689581DCFE
:04178E0000802114A2
:04178F000003DC4037
:04179000009620049B
:041791000000438091
:0417920081DC169749
:04179300DC40689539
:04179400200400032A
:0417950043800096F7
:0417960016970000A2
:04179700141A82E4BA
:041798009543FFACCA
:04179900000710AE87
:04179A00FCAE00A2FF
:04179B0010A67C21F7
:04179C000EA3000593
:04179D0000043448C8
:04179E00000110AE88
:04179F00FC5E00AA42
:0417A000E009B303A6
:0417A10083DC1E9730
:0417A20000012926F3
:0417A30014D9313BE9
:0417A40083E826842C
:0417A5001E973363F5
:0417A600250180F8A1
:0417A70083D806B726
:0417A8001E9706B5CD
:0417A90004D180F4F3
:0417AA001EB71A99B3
:0417AB0010B683DC15
:0417AC004B010003EA
:0417AD00E7810EA31F
:0417AE0016841D99E7
:0417AF005A8183F0E8
:0417B00000166108B6
:0417B100FE43303B88
:0417B20005154501D3
:0417B30080F41EB7E9
:0417B40080F816B7EC
:0417B500003BE0090C
:0417B60003001834E0
:0417B7000A0018C448
:0417B80020001104F8
:0417B90018342709B0
:0417BA0018C403004C
:0417BB0028A00FFC57
:0417BC0018A0580514
:0417BD001168580354
:0417BE00112880006E
:0417BF0030E880008E
:0417C000312880004C
:0417C10007A38000FA
:0417C20080A0369736
:0417C300E009E9ABA5
:0417C40003001834D2
:0417C50020001104EB
:0417C6000FFC18C438
:0417C700580528A0F9
:0417C8001834268922
:0417C90018C403003D
:0417CA0027090A00E1
:0417CB0090003168F1
:0417CC00800018A8D9
:0417CD008000192857
:0417CE001E9706E379
:0417CF00ECEB80A01F
:0417D000003BE009F1
:0417D100211F951926
:0417D200108CF0FF88
:0417D300288903C09E
:0417D400003BE009ED
:0417D500190CC42106
:0417D600893B180033
:0417D70034EB81BBB3
:0417D800C00B217BA6
:0417D9000005F440D3
:0417DA000080841CEB
:0417DB0008008C4C2A
:0417DC001834F011BC
:0417DD00166B030084
:0417DE00140C18C40B
:0417DF0018A8268997
:0417E00018DF80008E
:0417E10020C9FFF02C
:0417E200900018A8B3
:0417E30018C44421C1
:0417E400FD031408E5
:0417E50000CF8C4C59
:0417E600000079C0C6
:0417E700700B086B10
:0417E800900080A845
:0417E9001C3BFCC3E6
:0417EA00841CC00B90
:0417EB00F011008079
:0417EC0000020412E1
:0417ED00C6CB183B14
:0417EE00008018DC83
:0417EF0018A8F6D16F
:0417F0000420901031
:0417F1007009EBE3AD
:0417F200FA83060967
:0417F300BAD3FC6108
:0417F400A17B893B11
:0417F50099FB91BB10
:0417F6000020103B84
:0417F70090A2C41CDC
:0417F800072A007646
:0417F90084FB0184E8
:0417FA00103BACFBF9
:0417FB000830B44CB2
:0417FC00007A14A2B9
:0417FD0000021034A2
:0417FE00942C108493
:0417FF000300383477
:04180000283B30BB96
:04180100007439C472
:04180200822C1E977F
:04180300008E197AC0
:041804000300283481
:041805002944203B17
:041806001E970070B9
:04180700193A822CDC
:0418080005A200B87D
:04180900B4AA013646
:04180A000405012AA6
:04180B00000410AE17
:04180C0064051EA3AE
:04180D000018152288
:04180E00042F381556
:04180F008940000804
:0418100020A800000C
:04181100035B8000F5
:041812005A00F90B74
:04181300442D000060
:041814000001B58496
:04181500F9C34011C2
:04181600488300A063
:041817001CE004913C
:0418180006C5C4033A
:04181900000418E6C9
:04181A00581C1F2017
:04181B001D46EE0375
:04181C0018EE0000C2
:04181D001EE30004C2
:04181E00000805A217
:04181F0000061D465C
:0418200000121D2273
:041821000002354745
:04182200000C2D5732
:041823001033247BDF
:041824000005F54086
:041825000491101307
:041826000010AD44BD
:041827001E97E9C35C
:041828002CE381B07C
:0418290000001CC6D9
:04182A00000218FEA2
:04182B00400426E36C
:04182C000795000517
:04182D00400018C49B
:04182E0020E82EC9B7
:04182F00211F8000F5
:041830004120FFF85C
:0418310020E858044F
:041832000B519000C6
:04183300E7032D9109
:04183400FBC3473B70
:041835000003400468
:041836000695FB0315
:0418370018C4303B66
:041838002AC9400079
:04183900800038E80B
:04183A0039BE0DEBBB
:04183B0007E30003BC
:04183C0024910911D9
:04183D000D91E483A2
:04183E000405FD435D
:04183F00000410AEE3
:04184000341534A384
:0418410088A2048BEA
:0418420015C6002C9B
:041843001522000169
:0418440004E0002498
:041845001697484367
:0418460005EF81CC5D
:0418470026810002F4
:041848008940089536
:0418490020A80000D3
:04184A00035B8000BC
:04184B005A00F90B3B
:04184C0015EF000094
:04184D009CC4000235
:04184E00BDC4000114
:04184F007405000418
:04185000E403B4E019
:04185100FFB210FAD8
:041852000001AD44A0
:04185300B4FB401191
:041854000004ACA23E
:041855007C61103B67
:04185600FC439DBBF7
:04185700C416002093
:04185800C415002093
:0418590000208C6E71
:04185A00029BFCC32E
:04185B00003BFD034E
:04185C00112CFFA1AB
:04185D00813B0002C9
:04185E0010041CABAB
:04185F0016A7FF9831
:04186000168680E187
:0418610010B681AC90
:0418620000A20017C9
:0418630010DB010C89
:0418640016A7268914
:04186500142C80E0DF
:0418660000A20004D8
:04186700040B013439
:04186800140C10F359
:0418690010AE0005B8
:04186A0016AB0005B4
:04186B0080E116867C
:04186C0048C301A0CC
:04186D002689548BE9
:04186E00488301604A
:04186F0016A7268909
:04187000140C80E1F3
:04187100113301002E
:041872000500140C4D
:04187300050010A6B6
:04187400168616A31B
:0418750001A080E06E
:04187600548B48C384
:04187700016026895D
:0418780026894883F2
:0418790080E016A74E
:04187A000002940CC8
:04187B0000E604A2DD
:04187C000200140C46
:04187D0000A2117341
:04187E00440B01080E
:04187F00020800A2B9
:041880002000140C24
:04188100033600A288
:041882008000140CC2
:04188300B03414ABBE
:04188400B584000225
:041885000020886C4B
:041886001697C415D8
:04188700157A825CF0
:04188800640B03B634
:04188900045C00A259
:04188A0000A210D3D5
:04188B001113045CD5
:04188C001E8636ABD3
:04188D00103480E0B3
:04188E001084033F80
:04188F0018A8174C32
:04189000103B900079
:04189100825C1E97C0
:0418920080E0368636
:04189300048618BAF5
:0418940083C02E9748
:0418950039A0558B96
:041896001033CCE659
:04189700CCA431A00C
:04189800688E200432
:041899000000470004
:04189A000001842C99
:04189B001E86202B5A
:04189C00103480E1A3
:04189D001084033F71
:04189E0018A8370847
:04189F001E86900011
:0418A000103480E0A0
:0418A1001084033F6D
:0418A20018A8374CFF
:0418A30004A290000B
:0418A400115304BE1A
:0418A500052800A270
:0418A60030DB7FA113
:0418A700FF801004AA
:0418A8001E97DDC3E7
:0418A900268680E827
:0418AA0034C180E1E4
:0418AB00049108E5B7
:0418AC0082581E97A9
:0418AD00FFEA18BA7C
:0418AE001E97103B36
:0418AF0018B2825C8D
:0418B0001E97FEDCA5
:0418B100268680E423
:0418B20034C180E0DD
:0418B300049108E5AF
:0418B400103BFD03E5
:0418B50001A0FB4350
:0418B600016048D1B4
:0418B7003E0B488814
:0418B8001697183B2C
:0418B90010F282584F
:0418BA0013EBFF0627
:0418BB0080E8269704
:0418BC0005054701D6
:0418BD002289548B9D
:0418BE00580240A0EC
:0418BF0006D1052524
:0418C00001A0FC0384
:0418C100016048C6B4
:0418C2003C0C48850D
:0418C300183B0400CA
:0418C400825C169795
:0418C500FEE210F23D
:0418C600269711EB65
:0418C700470180E471
:0418C800548B050533
:0418C9002A892C89B3
:0418CA0006D1052519
:0418CB002804FC43AE
:0418CC00253B02D0E6
:0418CD0000157A4048
:0418CE00883B48BB50
:0418CF0080DCB6976C
:0418D00000B4280434
:0418D1004DA0247B87
:0418D20049B3C4163C
:0418D30000157A4042
:0418D400C41615A081
:0418D500C416ADA0E8
:0418D6000000258663
:0418D70083C02E9705
:0418D800B10C883394
:0418D900C90B00FF38
:0418DA003D3B2073FF
:0418DB006805200478
:0418DC004700357B11
:0418DD00158C000066
:0418DE0025CCFFFF17
:0418DF004993FFFF2B
:0418E00000061132BB
:0418E100E53B9C7BCC
:0418E2000251BDBB37
:0418E3000004146683
:0418E400A504AAA30A
:0418E5001686000162
:0418E60010BE81AC03
:0418E70064A30017DF
:0418E800153A089B0A
:0418E9001697FF88C7
:0418EA0008AB80D8EF
:0418EB00C402A8A0EB
:0418EC000000B8A799
:0418ED0080E82697D2
:0418EE0048C504E005
:0418EF00FFFFBDCC6E
:0418F000C404A92063
:0418F100357B050539
:0418F200548B3F3B99
:0418F30007202A8917
:0418F400AD44488532
:0418F5002A8900013B
:0418F6002E970525FF
:0418F700B87383C07F
:0418F80020049833FD
:0418F9004700681923
:0418FA00169700003D
:0418FB001572825888
:0418FC000020FE0EBC
:0418FD000020C414EF
:0418FE000020C413EF
:0418FF000020C41CE5
:04190000F243C417D3
:04190100F343049B0D
:04190200C4150020E8
:041903003697FB8395
:041904005DE080DC46
:041905002804C407E7
:0419060061A000B428
:04190700253BC406B2
:041908006B33737357
:041909001AB342F3D8
:04190A0061F35A73B8
:04190B0031B33A3387
:04190C0000157A4008
:04190D003A133193C5
:04190E0083C02E97CD
:04190F006F816581FE
:04191000A073058536
:04191100C88B9833B4
:04191200357B20B34E
:04191300682B200419
:04191400470011B3C4
:04191500119300002A
:0419160061D37353D3
:04191700C48BC88B2A
:041918001A935A5371
:041919006B1342D337
:04191A00000270B2A5
:04191B005AC4693B06
:04191C001697000119
:04191D00734C831074
:04191E0012FAFFFFBB
:04191F00158CFF9094
:0419200070B2FFFFA3
:04192100453B00063C
:04192200B37B1CFB7C
:041923000001A50416
:041924000004152E78
:04192500009800AA7C
:0419260000019CC45C
:0419270002D0630483
:0419280081AC1686F2
:04192900001710BED5
:04192A00008E00A289
:04192B0014FA089B07
:04192C002697007A80
:04192D00022080E430
:04192E003A3B48C533
:04192F00C404A92023
:0419300030FB05057E
:041931002A89548B20
:04193200488500E004
:0419330005252A89D3
:0419340080E416979E
:0419350083C02697AE
:04193600C402A8A09F
:0419370025190A85DF
:041938001499288155
:0419390068422004DC
:04193A00C402A8A09B
:04193B0017200499D4
:04193C000AA5C40232
:04193D000001B0A74E
:04193E00FFFFB58C66
:04193F00B0332D7B19
:04194000000047005C
:041941008310169762
:041942000001AD44AF
:04194300C41715E0D0
:04194400825C169714
:04194500FCF015722B
:04194600C40C0020AD
:04194700C4130020A5
:04194800C4080020AF
:041949000020183B27
:04194A00EE83C4164E
:04194B00C4140020A0
:04194C00C40B0020A8
:04194D00FFFF68042C
:04194E00049BE7030C
:04194F00E034EE038F
:041950000020000271
:041951000020C41599
:04195200E704C417CB
:04195300F803886CA1
:0419540000014886C0
:0419550020041E85C7
:04195600357B685025
:041957001A732DFBD7
:0419580049F34233DA
:04195900470011B37F
:04195A0049D300006D
:04195B0011931A5377
:04195C00FFFF224C1B
:04195D0019324213E6
:04195E00E5FB0004A1
:04195F00BDC4427B46
:0419600010840001EE
:04196100269700487D
:041962001A0C82E4F5
:0419630025DAFFFF83
:041964000720FFBE9B
:041965002034486280
:041966002D7B0002D3
:04196700C402E0A036
:04196800373B14995C
:041969000002B5843F
:04196A00C402A8A06B
:04196B004881049912
:04196C0080E4169766
:04196D00886C21065B
:04196E00C402A8A067
:04196F00169708A51A
:04197000200480E4EB
:04197100A8A0685B67
:041972000E85C40218
:04197300AD44183334
:041974004700000127
:0419750088430000A3
:04197600002015BB7D
:041977000020C41771
:041978004004C41C47
:04197900F3C3FFFFB6
:04197A0080D4169768
:04197B00686C200470
:04197C002681357B10
:04197D00C402A8A058
:04197E002DBB0E85EA
:04197F00C5CB42335F
:0419800019F3CFCBBD
:04198100470011B357
:0419820011930000BD
:04198300421319D31F
:04198400E132F88BC9
:04198500BDBB0004E2
:04198600B58440BB29
:0419870018C400017F
:04198800169700901E
:04198900E20C82E406
:04198A00159AFFFFAC
:04198B0005E0FFBABA
:04198C0016974863FF
:04198D002D7B80D05E
:04198E00C403B8E0F6
:04198F00488300E0A9
:04199000200435FBFF
:0419910026816875CE
:04199200C402A8A043
:041993001697068518
:04199400A8A080E89F
:0419950006A5C402DD
:0419960080E8169738
:04199700C402A8A03E
:04199800E0330E85A5
:041999000001AD4458
:04199A000000470002
:04199B0082581697C1
:04199C00FBB4157211
:04199D000020183BD3
:04199E000020C4164B
:04199F004004C41725
:0419A000F3C3FFFF8F
:0419A100C415002049
:0419A2001E86FC435E
:0419A300103480E19B
:0419A4001084033F69
:0419A50018A817085F
:0419A600103B900062
:0419A70082581E97AD
:0419A80080E136861E
:0419A900001C18BA4C
:0419AA0083C02E9731
:0419AB0039A0558B7F
:0419AC001033CCE642
:0419AD00CCA431A0F5
:0419AE006883200426
:0419AF0000004700ED
:0419B000FB6A0002CC
:0419B10084841E9775
:0419B2001E9708EB89
:0419B30034C1842097
:0419B40004910CE5A9
:0419B5001E97F8C3BE
:0419B60008EB848432
:0419B700841C1E97D7
:0419B8000CE534C145
:0419B9000002049193
:0419BA001619FB5AA5
:0419BB0081CC16972E
:0419BC0008952681E3
:0419BD000005F440ED
:0419BE0080E81E9708
:0419BF00580290A09A
:0419C00006C530C167
:0419C100900018A8D2
:0419C200848416976C
:0419C300169710ABB8
:0419C400208180E816
:0419C50016970685E6
:0419C60020818420D8
:0419C700169706A5C4
:0419C8002E9780E8EE
:0419C900343B83C068
:0419CA000E852081E5
:0419CB0068A22004EA
:0419CC0055CB0011E6
:0419CD0011E01073A2
:0419CE001033CCE620
:0419CF00CCA439E08B
:0419D00000004700CC
:0419D100825816978B
:0419D200FF9E143A26
:0419D300FB420002D1
:0419D4000300903448
:0419D5009484803B3B
:0419D600FD031408F1
:0419D7001697161930
:0419D800268181BC27
:0419D900F440089539
:0419DA001E9700054F
:0419DB00228980E4F9
:0419DC0006C530C14B
:0419DD00900018A8B6
:0419DE008484169750
:0419DF00169710AB9C
:0419E000208180E4FE
:0419E10016970685CA
:0419E2002081841CC0
:0419E300169706A5A8
:0419E4002E9780E4D6
:0419E500343B83C04C
:0419E6000E852081C9
:0419E70068AD2004C3
:0419E80055CB0011CA
:0419E90011E0107386
:0419EA001033CCE604
:0419EB00CCA439E06F
:0419EC0000004700B0
:0419ED00825C16976B
:0419EE00FFA0143A08
:0419EF00FAD8000220
:0419F0000300883434
:0419F1008C44803B67
:0419F200FD03140CD1
:0419F30082C02E97E9
:0419F40082C81697F8
:0419F50082A81E970F
:0419F600419B0B59AD
:0419F700BAC1E5810B
:0419F8004D49035BF7
:0419F90045498B5180
:0419FA0054C90AC9F9
:0419FB000092A701AE
:0419FC00103B00029A
:0419FD00003BE009C2
:0419FE00293BC021A0
:0419FF002004813B04
:041A000047001C1D62
:041A0100FB9B00004B
:041A0200243BFB5B2B
:041A03000001CAC054
:041A0400D040051BAE
:041A050044C00001D8
:041A0600169700121D
:041A0700FAAB80A016
:041A08004021103B2E
:041A090083DC1697CD
:041A0A000120CC21CA
:041A0B00893B485279
:041A0C00868418991B
:041A0D00997B83E856
:041A0E000AD53801BC
:041A0F0083E01E84CE
:041A1000091548C1AB
:041A1100C405916017
:041A1200000629326F
:041A130016B704916D
:041A1400169783DCC2
:041A150020B683DC98
:041A16001D2300028A
:041A170083D82697B3
:041A1800000C213667
:041A190014991323E6
:041A1A000915440165
:041A1B0004D534C1F9
:041A1C00C40491204D
:041A1D00000620B2ED
:041A1E007F80051BA5
:041A1F001697000610
:041A2000183483DC17
:041A21001499000212
:041A220004150401A2
:041A2300000014F7B4
:041A2400C40290A0C8
:041A250016970435D7
:041A2600089983D8C0
:041A270088EF37010C
:041A2800069199A6E4
:041A290083D81EB789
:041A2A00003B4C2110
:041A2B0081BC2697BD
:041A2C00FD0018346D
:041A2D00E07F18C47A
:041A2E0080210515F9
:041A2F0018340689D8
:041A300018C40300D3
:041A31002689198069
:041A3200800010A878
:041A3300FD00183466
:041A340016B7248B32
:041A3500051582E031
:041A3600E07B18C475
:041A370018340689D0
:041A380018C40300CB
:041A3900268919845D
:041A3A00800020A860
:041A3B00CCA41920FE
:041A3C002120250B35
:041A3D0026B7CD8C6F
:041A3E0020EE83987B
:041A3F00012200037D
:041A400018E601841F
:041A410006D10002C8
:041A420082D01EB779
:041A4300000320AECE
:041A44000176012204
:041A4500000220AECD
:041A46000172012206
:041A4700000110A6E4
:041A4800031B1491D7
:041A49004C03192011
:041A4A0016B745097D
:041A4B00169782D494
:041A4C001EB781BC84
:041A4D0026B782D85E
:041A4E00049582DC9D
:041A4F00FD0018344A
:041A5000E05318C483
:041A510018340689B6
:041A520018C40300B1
:041A5300268919AC1B
:041A5400800010A856
:041A5500030018343E
:041A560016B7548BE0
:041A5700169783401B
:041A580018C481D05D
:041A5900049500FCF4
:041A5A0010A8268921
:041A5B00108C80006B
:041A5C0010AE0007C1
:041A5D0006A30007D5
:041A5E007F801D1B4D
:041A5F0016970006D0
:041A6000183481D0E5
:041A610018C40300A2
:041A6200049500ECFB
:041A630010A8268918
:041A64001E97800049
:041A6500031B82D409
:041A6600CDEF10A010
:041A670029203AD127
:041A680016B74C075A
:041A690010C48344DE
:041A6A003EB700077C
:041A6B003E9782C45C
:041A6C00112082D0F3
:041A6D0016B74C0656
:041A6E002E8182C87B
:041A6F0082B816B76C
:041A70004C021120F3
:041A710082CC2EB73E
:041A720016B75F4103
:041A730004D982B060
:041A740036B74B092D
:041A7500268182C084
:041A760004992E8120
:041A770082B426B758
:041A78000001203415
:041A7900210F488170
:041A7A002EB76E1005
:041A7B0026B782BC4C
:041A7C00203482ACE4
:041A7D00488100019B
:041A7E006DF8110FDF
:041A7F0082A816B76C
:041A800082DC169757
:041A8100000110A6AA
:041A8200008600A238
:041A830082E0169750
:041A840000021096B6
:041A850048E200A093
:041A8600829C16B771
:041A870082741697B8
:041A8800827C1E97A7
:041A8900A00200A017
:041A8A00838416B784
:041A8B00000110EE58
:041A8C0010E606A3B7
:041A8D0066A3000745
:041A8E0082E4169741
:041A8F000002109EA3
:041A900016975CA3A6
:041A9100C49583F87D
:041A9200000110AC93
:041A930001A050A3BB
:041A9400035BE844C4
:041A95002EB7029BCB
:041A960026B7839458
:041A970004AB82908A
:041A9800E82201A09F
:041A9900828C16B76E
:041A9A00826C1697AD
:041A9B00000518E644
:041A9C00817416B784
:041A9D00169730E385
:041A9E0010A682D834
:041A9F0004910004AA
:041AA000813C16B7B8
:041AA100183B0021CD
:041AA200103BCFC363
:041AA300029BD2834D
:041AA4001697D203BC
:041AA50018C482E0FF
:041AA6004689000667
:041AA700283BEF43A6
:041AA800203B103B94
:041AA900049BF603A1
:041AAA00003BFAC340
:041AAB00827C16978C
:041AAC009697FF61A9
:041AAD0010A683C03C
:041AAE00813B000177
:041AAF00009A00A2F7
:041AB000FFF6110428
:041AB100000418B65F
:041AB200008E00E2C0
:041AB300025B90BB87
:041AB40024BB035BF1
:041AB500000282C0E9
:041AB6008368169794
:041AB70016970CA3CF
:041AB8001CAB836C74
:041AB9000025142EC2
:041ABA00169716A3C2
:041ABB0010AE827C6B
:041ABC006AA3000118
:041ABD0003DB4B1BE1
:041ABE002B5BFB9B08
:041ABF000000C580DE
:041AC000839C169756
:041AC100825CE697C6
:041AC200C415002027
:041AC300203416A312
:041AC400FB5B0300C5
:041AC50000CC21042C
:041AC600825C1E9789
:041AC700004218BA07
:041AC8000001E00435
:041AC900825C16978E
:041ACA00C403E5600C
:041ACB0018B21973C1
:041ACC001173000290
:041ACD003880203B02
:041ACE002697000354
:041ACF00B6978164E1
:041AD000B12082C0FF
:041AD100B0A0E402DB
:041AD200109EE4027C
:041AD30052A3018099
:041AD400483605A0EB
:041AD500103B6E6BE9
:041AD600883B0C83BA
:041AD700531BEE436C
:041AD80000A0F283F5
:041AD9001E974848C4
:041ADA0040E081BCAB
:041ADB0006D5C40365
:041ADC0018E828C915
:041ADD00183B800032
:041ADE003E970B9B89
:041ADF0041E081BCA5
:041AE0000FD5C40753
:041AE10039E829C9EE
:041AE2008D91800062
:041AE300EBA33EC172
:041AE400000A28F2DA
:041AE50088EBA8BB27
:041AE60028FB049144
:041AE700197BEF4335
:041AE800206BFEC3AE
:041AE900482305A0E9
:041AEA0082AC16971D
:041AEB00C405B1205D
:041AEC001152A6816C
:041AED00117B000267
:041AEE00009AA88131
:041AEF004501FF9816
:041AF0000000F4C03E
:041AF10082C09E977A
:041AF20081641E9756
:041AF30082AC269704
:041AF400484204E080
:041AF500E416B0E063
:041AF600C40298A0EE
:041AF700C402B0A0D5
:041AF800111211B303
:041AF90021B3000213
:041AFA0081B016970A
:041AFB0001DE00AA5E
:041AFC00E86204E0B8
:041AFD0004E011F3FD
:041AFE0004A0E84216
:041AFF000020482358
:041B000012B3C41741
:041B0100E40214E006
:041B0200029B1233FD
:041B03001034113356
:041B04001084030046
:041B0500127300CC8B
:041B0600482204A0CD
:041B070000B300F334
:041B0800168412F33A
:041B0900268181248C
:041B0A00C4140020DF
:041B0B0011931333EC
:041B0C00000CB09A7F
:041B0D00151A121380
:041B0E00111301A00E
:041B0F00019A00AA8D
:041B1000AE97121367
:041B1100151A8164BC
:041B120012930346E1
:041B1300C41314E003
:041B1400033CA4DA10
:041B1500029A046AC2
:041B1600483704A0A8
:041B1700812C2E846B
:041B1800812426847A
:041B1900C402B960E9
:041B1A000000B08E89
:041B1B00C402B92027
:041B1C009D8C0E8D01
:041B1D009CDCFFFF4E
:041B1E00F5CB800083
:041B1F008000109C96
:041B200080001084AD
:041B210080009CC4E0
:041B2200C41314E0F4
:041B2300839C1697F2
:041B2400E83304E0BE
:041B250082AC4697B1
:041B260082E44E9770
:041B2700026004ABA9
:041B2800368448298E
:041B2900103B811CD0
:041B2A00C40A0020C9
:041B2B004A9AE1BB36
:041B2C001E9701F20D
:041B2D0000A282C0D0
:041B2E001D6002082C
:041B2F0014FBE406B9
:041B300001FA309AEC
:041B3100E84600E0A2
:041B3200E406356030
:041B3300A681A0BB2C
:041B3400FFF83092F4
:041B35000180151600
:041B3600A00404A360
:041B37009D2001806C
:041B3800B4E0E4131E
:041B3900B920C416F5
:041B3A003CE0C404C3
:041B3B001697C41322
:041B3C00B960827C8E
:041B3D00992FC40513
:041B3E00B16F000083
:041B3F009CCC00003A
:041B4000B58CFFFF62
:041B4100B59CFFFF51
:041B42009CDC8000A7
:041B4300B5848000E5
:041B44009CC48000BD
:041B450018AE800056
:041B460026970001DD
:041B4700A5A084547D
:041B48009D20E416E2
:041B490000E2E413BF
:041B4A0010AE01C018
:041B4B0000A20007ED
:041B4C00189B01BC25
:041B4D00C40214A01A
:041B4E0034FB1499B7
:041B4F0045012DBB64
:041B50000001D98037
:041B51000252B0127A
:041B5200024E981295
:041B5300C41CBF20CF
:041B54008164A6B74B
:041B55000000A72FB6
:041B56000020AD3B83
:041B5700257BC41412
:041B58000000F4C0D5
:041B590003E8200479
:041B5A0000004380C4
:041B5B00023005222D
:041B5C000001303420
:041B5D006EC03184A1
:041B5E00B033987395
:041B5F002CBB3D7BE3
:041B600044642004B5
:041B61000000470039
:041B62000002D900A4
:041B630083681697E6
:041B640016970CA321
:041B65001EAB836CC4
:041B66000025842EA4
:041B67001697182392
:041B680010AE827CBD
:041B690000A20001D5
:041B6A004B1B0236D9
:041B6B00303B07DB29
:041B6C00C5802B5BAA
:041B6D00A460000070
:041B6E000E6B581191
:041B6F00A180051B31
:041B7000035B00050E
:041B710082C024BB4F
:041B7200153B00021D
:041B730016977F61E1
:041B7400051B82D4F7
:041B75004C021120ED
:041B76002DBBC3437D
:041B7700E700243B24
:041B780016970000BC
:041B790010A883200D
:041B7A00157B800057
:041B7B0018BA195328
:041B7C00031B003A0D
:041B7D0000033880A9
:041B7E00203B157B78
:041B7F001953283B93
:041B8000003E18BA51
:041B81000058E162C5
:041B820072C02F3BC3
:041B8300269700158C
:041B8400512381B0B8
:041B85001913791B9C
:041B8600600520A036
:041B870020924AEB73
:041B880011D30078FD
:041B890015A0293347
:041B8A00C043C4167A
:041B8B0026971A99E6
:041B8C001A5381BCAB
:041B8D0009154B01EA
:041B8E0021282709DA
:041B8F00049180003D
:041B90001E99F54362
:041B910081BC369746
:041B92006F811A53F2
:041B930027890D95FC
:041B9400800031A8F4
:041B95000004301206
:041B96004D010B51A1
:041B9700F3C30491FF
:041B9800F543103BC6
:041B9900F5C33D1B38
:041B9A00FFB6209AD8
:041B9B00000A05E255
:041B9C002933171BB7
:041B9D0000067F803F
:041B9E00BDA02913AA
:041B9F001512E40235
:041BA0001A6BFFA01D
:041BA10026841B1368
:041BA200B8EF812CEB
:041BA3001AD3000051
:041BA400B12F470115
:041BA500A0BB0000E1
:041BA600BDBBF103CF
:041BA700B8F3F0831C
:041BA800FE43B0B395
:041BA9000000198F90
:041BAA0018920CEB96
:041BAB0010FB000229
:041BAC00000240D221
:041BAD00528440FB23
:041BAE001D91000184
:041BAF002681BE03CA
:041BB00040A0BFC3CF
:041BB10000A0C402CA
:041BB20000E0E82245
:041BB300A4FBE82681
:041BB400C40811A0B0
:041BB500000CA21A64
:041BB6001512AC81D7
:041BB7001D20FDF6FA
:041BB800FEC3C41490
:041BB900E4141D20F3
:041BBA00149BFD4338
:041BBB000C9BC8C3F4
:041BBC001093C84377
:041BBD0018A018D381
:041BBE000560C415E5
:041BBF00A8A0E835BD
:041BC000142EE413E8
:041BC1001D60000A99
:041BC2007CA3E41705
:041BC3000009142ED3
:041BC40014267AA3C6
:041BC5001491000B6C
:041BC6001834049932
:041BC70018C400023C
:041BC80034C18A1C7E
:041BC900000020CF29
:041BCA0021522893E9
:041BCB000AED00021D
:041BCC0000021834C7
:041BCD0089E018C4CF
:041BCE0010CF34C13F
:041BCF0020D300001F
:041BD000000220925D
:041BD100002008EDFB
:041BD2002D7BC4148F
:041BD300E700243BC8
:041BD400142E0000CB
:041BD50060A3000AFF
:041BD6000009142EC0
:041BD700142E64A3C1
:041BD80068A3000BF3
:041BD90000012834AB
:041BDA006EE4294448
:041BDB000066052279
:041BDC000001383498
:041BDD006EC039C4D9
:041BDE00C413BCE090
:041BDF00A83398731C
:041BE000200434BBEE
:041BE100BF83446C0E
:041BE200F183103B40
:041BE300F103029B6D
:041BE4000020186B5A
:041BE5000020C41305
:041BE600A004C4167D
:041BE700B7C300017F
:041BE8000001303494
:041BE9006EB0318425
:041BEA000020B9C35B
:041BEB000020C417FB
:041BEC00A004C4137A
:041BED00F2430001BE
:041BEE000001283496
:041BEF006ED829443F
:041BF0002834F5435D
:041BF1002944000182
:041BF200F4036ECCBE
:041BF3000001283491
:041BF4006EF429441E
:041BF5003834F2C3CB
:041BF60039C40001ED
:041BF700F3036EB0D6
:041BF800B903531BBF
:041BF900827C16973D
:041BFA003133FDE1A5
:041BFB0018AE3833B5
:041BFC00913B000118
:041BFD005EE3817BA7
:041BFE00000710A626
:041BFF00E00458A303
:041C0000A834000AFA
:041C01001E97737C3B
:041C02001034819089
:041C03001084010048
:041C040010E8001FC5
:041C0500169790009E
:041C060000A082C0F8
:041C0700A681E823A7
:041C0800169710F328
:041C090010A6827C23
:041C0A000CA3000720
:041C0B0008AB15D33A
:041C0C000007203479
:041C0D000003DC40B4
:041C0E001834141959
:041C0F0018C40002F3
:041C1000B0138ECCB3
:041C1100C4140020D7
:041C12000020FE5B55
:041C1300B804C4133A
:041C140004C1000106
:041C1500E0041EC306
:041C1600A834000EE0
:041C1700F4C373009F
:041C180024BB2DBB01
:041C19000000E700E0
:041C1A00C91B15537A
:041C1B000000B0B75E
:041C1C000000438001
:041C1D00183404155E
:041C1E0018C40300E3
:041C1F00268900CC46
:041C2000800010A888
:041C210081941697FD
:041C22009000A8A8DE
:041C23007C7F30345E
:041C24000D91103BD3
:041C250081B01E97D5
:041C2600009000E248
:041C2700189A06DB26
:041C2800183B000461
:041C2900273B0D0345
:041C2A00117331B34E
:041C2B000002D8409B
:041C2C0000962004FA
:041C2D0000004380F0
:041C2E00827C1E97FF
:041C2F003193115389
:041C3000000718E6AB
:041C31001DD362E37A
:041C32001E975EEBB0
:041C330011B38194D4
:041C3400900030E804
:041C350031730B1BE1
:041C36000002D84090
:041C370081941E97DF
:041C38009000A8E888
:041C39002034061538
:041C3A00210403007E
:041C3B0028C900CCE8
:041C3C00800018E824
:041C3D00119331537B
:041C3E003834081519
:041C3F0039C40300A1
:041C40002F0900CC9C
:041C410080002128D6
:041C4200049138C110
:041C4300111386EB08
:041C440000E01EABF3
:041C45001593800370
:041C460005EA1CA3EC
:041C47000020004C2D
:041C480020E3C414BD
:041C490003838DBBC9
:041C4A00F983183BC7
:041C4B00EDC302DB08
:041C4C00A00300E011
:041C4D001593FC03EC
:041C4E00000110A6DB
:041C4F0005E206A301
:041C5000E0E3004A83
:041C5100B8FB149335
:041C5200C41615A0FF
:041C5300B09A1453DC
:041C5400052A000459
:041C55009812FF0AD8
:041C560014D300465D
:041C570006B5185363
:041C580018931513B5
:041C5900103B06B581
:041C5A002CE37DE119
:041C5B00FFFF14660D
:041C5C00171B0AA3A5
:041C5D007F801973F8
:041C5E001953000610
:041C5F00E4028DA06E
:041C6000FFC014D2DB
:041C6100B07388B321
:041C6200F70398BB31
:041C630010130AEB65
:041C6400FFD815A2EE
:041C6500FC838DBBB4
:041C660014E010D3A3
:041C6700F4834014AE
:041C680020042CBB6D
:041C6900470046DD0D
:041C6A00029B0000D9
:041C6B00003BF74300
:041C6C008129FFE1EA
:041C6D00020010342D
:041C6E000001283415
:041C6F0008061084CF
:041C7000219B893BF0
:041C71006D9C2944F9
:041C720013B31F3D4C
:041C730000166100F6
:041C740081B016978E
:041C750082C09697FC
:041C76008164A69748
:041C7700E4149520BC
:041C780001C600AAF7
:041C7900E88204A059
:041C7A00483204A048
:041C7B00183411F315
:041C7C00A4A000021E
:041C7D001233C40258
:041C7E000300283403
:041C7F00000210341B
:041C8000002AE4440E
:041C8100941C10841B
:041C8200942C18C4C2
:041C830018142944C4
:041C84000895119B13
:041C850031282B09CE
:041C86002491900015
:041C8700FFF218A2AE
:041C8800247B035B5B
:041C8900000282C013
:041C8A008D00203B6E
:041C8B00203B0012E8
:041C8C0000128E8034
:041C8D0048420720A2
:041C8E000002A83474
:041C8F008ECCAD4406
:041C90000300B03469
:041C9100C412002059
:041C9200C415156000
:041C930000CCB58448
:041C940012F3FE9BAE
:041C95001CBD13332C
:041C9600C40290A054
:041C970004A0008520
:041C98001EFD4842A3
:041C990000022034F1
:041C9A000A9524C1C2
:041C9B0000B8210468
:041C9C0065000201DC
:041C9D00243B0012D2
:041C9E00AD00283B32
:041C9F0003DB000063
:041CA000243B159B31
:041CA100C5803B5B64
:041CA2002D3B0000D6
:041CA300A373243BC8
:041CA4000000E70055
:041CA5004380C91B94
:041CA60015570000CE
:041CA700B0A00000E9
:041CA80010A8580226
:041CA900169780000A
:041CAA0020348194CD
:041CAB0020A8737C7E
:041CAC0026979000E7
:041CAD0010348190DE
:041CAE00108401009D
:041CAF001128001FD9
:041CB000151B900070
:041CB1000002D84015
:041CB2000096200474
:041CB300000043806A
:041CB40000001557C0
:041CB5005802B0A081
:041CB600800030A8D2
:041CB70011331ABD0E
:041CB80010F318BD50
:041CB90010B316BD91
:041CBA0001A011D3A1
:041CBB0001B38006EB
:041CBC00121310737C
:041CBD003D3B017337
:041CBE002F3B103375
:041CBF00FE40243B84
:041CC00032D3000615
:041CC10098BB431376
:041CC200C40241A077
:041CC300E83700A05E
:041CC400001404A262
:041CC50026840A590E
:041CC6004B01812429
:041CC7000000412FA9
:041CC800812C2684C1
:041CC9000D2D4B0191
:041CCA00008204E2AE
:041CCB00243B2DFB8E
:041CCC00327342B37A
:041CCD000000E7002C
:041CCE0042933253B8
:041CCF0000013834A4
:041CD0006EC039C4E5
:041CD100E40441A046
:041CD200303320F398
:041CD3004073B8B3EF
:041CD4002C7B343BF6
:041CD500475F200441
:041CD60000004700C3
:041CD700000404A25F
:041CD8008164BEB7AE
:041CD900303B07DBBA
:041CDA00243B3B5B11
:041CDB000000C580C0
:041CDC00000C04E212
:041CDD0000019484EA
:041CDE00000414A644
:041CDF00FED000A291
:041CE00000022034AA
:041CE1002104283B77
:041CE200650000B8E1
:041CE300031B0012CD
:041CE40000128D005D
:041CE5008368269753
:041CE60000128E80DA
:041CE700247B035BFC
:041CE800000282C0B4
:041CE900012914FBBE
:041CEA00029B7FE1F9
:041CEB003834C7437F
:041CEC009804000157
:041CED0039C40001F5
:041CEE00F1036EB0E0
:041CEF008368169759
:041CF000E6C4FFE166
:041CF1001737005C45
:041CF2001697FEEC57
:041CF3008EA983C073
:041CF4001084203BFD
:041CF5001737002A73
:041CF600029BFEE867
:041CF700836816B731
:041CF80000128D0049
:041CF9008AC0471B3B
:041CFA00031B0012B6
:041CFB0000128E80C5
:041CFC0083C02697E4
:041CFD0082C0283B3E
:041CFE001697000233
:041CFF0000A281B00E
:041D0000049B0096AA
:041D010082D41E97D3
:041D020082C02697DE
:041D03008164B697AA
:041D04008834468950
:041D0500A70400022D
:041D06001737FF206C
:041D07000120FEE4D5
:041D08008C44E822FD
:041D0900B5018ECCC6
:041D0A001737250161
:041D0B001519FEDCCC
:041D0C00C404B1203A
:041D0D00FEE01F379E
:041D0E00C402B0A0BB
:041D0F00FF00173783
:041D10000000F4C01B
:041D11000300303467
:041D12002D3B247BC6
:041D13003E84103BBF
:041D1400318480484E
:041D15001E9700C055
:041D160037C1827CD3
:041D170018BA06C52B
:041D18001717003A5F
:041D19009834FF00FB
:041D1A0090340002FF
:041D1B009CC4000262
:041D1C00948489E042
:041D1D0017378A1CCE
:041D1E000737FF0480
:041D1F000737FEF88C
:041D20000737FEF48F
:041D21001686FF081B
:041D22001F17810CFA
:041D230010DAFF08CB
:041D24000020002C6F
:041D250050C3C415CE
:041D2600ED03109B1E
:041D2700000218346A
:041D280018C6368122
:041D290012EB997CA4
:041D2A002CC90715A4
:041D2B00800018E834
:041D2C0004910775A2
:041D2D0029112B51FC
:041D2E00183BF383E8
:041D2F001F17FE4339
:041D30001697FF08FB
:041D31002681811076
:041D320018340485D8
:041D3300C08B00025F
:041D340018C6360196
:041D350000EA997CAB
:041D3600DF37021E73
:041D37001C2EFEF070
:041D380078E3002527
:041D3900FFE1108432
:041D3A0010BEC48B88
:041D3B0070AB000386
:041D3C00C4170020A8
:041D3D00029B70ABEA
:041D3E00FEFC173759
:041D3F0016971D9B3B
:041D40000737827C63
:041D41000737FF1051
:041D420010AEFF18C8
:041D43000020000775
:041D440000A2C41520
:041D45003F5B0154AB
:041D4600243B03DB5C
:041D47000000C58053
:041D4800FF001F1762
:041D490005603DBB39
:041D4A00031B4842ED
:041D4B00270421B395
:041D4C002133FF0C34
:041D4D00FF18270450
:041D4E0020F3450138
:041D4F00FF10270456
:041D5000A97325014D
:041D5100171710B39D
:041D52001833FEE460
:041D53001073303B9E
:041D5400FEE82F175F
:041D5500FE40243BED
:041D56000B43000635
:041D5700F203029BF6
:041D5800000FB804BC
:041D59001C9BF1C31B
:041D5A00FEFC17373D
:041D5B00F1C3039B32
:041D5C0035FB03DB75
:041D5D00243B283BC0
:041D5E00FF14073730
:041D5F00FF1C073727
:041D60000000C5803A
:041D6100827C1697D3
:041D62000001A804D0
:041D6300000710AEB7
:041D640000DA00A2FF
:041D650037173F5B92
:041D660003DBFEFCA1
:041D6700C580243BD4
:041D68003F17000021
:041D6900B1DAFF18D4
:041D6A001F17000C33
:041D6B001717FF1037
:041D6C001892FF00CA
:041D6D00056AFF7094
:041D6E001F17FFB686
:041D6F001717FF1C27
:041D70001892FF18AE
:041D710010FB000261
:041D7200FF1427171C
:041D7300FF101F1727
:041D7400000219123E
:041D7500BE97193BC1
:041D7600B8E082C08F
:041D7700B8A0E40824
:041D7800A4C1E41707
:041D7900FEE01F1752
:041D7A00FEFC17371D
:041D7B000082189A30
:041D7C00FEDC17175B
:041D7D00FEFC1F1732
:041D7E000076189A39
:041D7F00C415BA20AD
:041D8000E8350560DD
:041D8100FF0417172D
:041D8200FF0CAF376C
:041D830000041552F1
:041D8400FF04AF3772
:041D8500243B2D7B53
:041D8600FED8473705
:041D87000000E70071
:041D880047171419CC
:041D89002697FED8C3
:041D8A00D691845416
:041D8B00C403E0E0CD
:041D8C00AA20450143
:041D8D00A8F7E405CA
:041D8E00BD60FF40F5
:041D8F00D980E4060D
:041D9000C91B00016A
:041D9100000043808B
:041D92000000148FAA
:041D9300FED8471718
:041D94000004121223
:041D9500000044AF57
:041D9600000014CF66
:041D97000004B892FA
:041D98000000BCEF9C
:041D9900C41500204D
:041D9A003B5B0203AA
:041D9B003B5BD54396
:041D9C000737E4839E
:041D9D00A804FF0C8B
:041D9E00156E0001BD
:041D9F002E9700017A
:041DA00000A283C05A
:041DA100383400864C
:041DA20039C400013F
:041DA30017376EC0C0
:041DA4001717FED837
:041DA500343BFEFCD1
:041DA6004BC2200408
:041DA7001F1710F3FF
:041DA800B873FF0C01
:041DA90018B34033F8
:041DAA0000004700EE
:041DAB00FED8171730
:041DAC0007DB68A346
:041DAD00283B303B64
:041DAE00C580243B8D
:041DAF001697000083
:041DB00010AE827C73
:041DB1004EA3000736
:041DB20007DB3F5BB1
:041DB300243B303B62
:041DB4000000C580E6
:041DB500343B031B9D
:041DB6006700283B5F
:041DB70027170015D5
:041DB8001120FEF800
:041DB900173758027E
:041DBA001717FEF801
:041DBB002689FEF483
:041DBC00FEF41737E3
:041DBD00FEF0DF173E
:041DBE00FF081717EC
:041DBF0000029CC4BE
:041DC0000002948405
:041DC100173704913B
:041DC200AF43FF0824
:041DC30000013834AF
:041DC4006EB039C400
:041DC5003B5BEF0392
:041DC600DF17F6032A
:041DC7009D3BFEF052
:041DC8009684803B42
:041DC90016978048A1
:041DCA0014A0827C63
:041DCB000485C402C5
:041DCC000092143A33
:041DCD009834C91B62
:041DCE00438003004B
:041DCF00803B000055
:041DD000C416002015
:041DD10000C09CC4EE
:041DD200827C169762
:041DD300C40214A092
:041DD400143A048534
:041DD5001E9700A8AD
:041DD600169782C01A
:041DD700A6818164FC
:041DD800E84300E0FC
:041DD9001F17A681A9
:041DDA0010D2FF0420
:041DDB002004000CD4
:041DDC0047004BF37E
:041DDD00A804000056
:041DDE0005AA00044E
:041DDF002004000CD0
:041DE00047004BF875
:041DE100A804000052
:041DE2001697000848
:041DE3001E9783A81C
:041DE400268983A425
:041DE50016970AA3A0
:041DE600589581DCAF
:041DE7000003DC40D9
:041DE800FEEC1717DF
:041DE90006B704A392
:041DEA00269783684D
:041DEB008E808368FB
:041DEC00431B001283
:041DED0000128AC096
:041DEE008D00031B46
:041DEF00157B00124E
:041DF000FFE0DF042D
:041DF10010347C210D
:041DF20024010002C6
:041DF300997C108641
:041DF400271724ABDE
:041DF5002F17FEF8AE
:041DF600343BFEF488
:041DF700001564402F
:041DF80012A3048BA3
:041DF90081642E973C
:041DFA00E700243B9F
:041DFB001697000037
:041DFC0014F78164F3
:041DFD0000110000D1
:041DFE0000049CC47D
:041DFF001034E503B4
:041E000024010002B7
:041E0100997C108632
:041E02000C5522ABAE
:041E0300580699A044
:041E0400800011A8A1
:041E050000003D1785
:041E0600001011EACD
:041E07002C3B10332D
:041E08004BE7200480
:041E0900000047008E
:041E0A000001B0041F
:041E0B00225100114F
:041E0C000004A50425
:041E0D00003BE24371
:041E0E00DEC4FFE14E
:041E0F002834FD9CDA
:041E10004F9B0001E3
:041E11006DAC294447
:041E1200007126C471
:041E13000016610054
:041E140082C01697DB
:041E150081641E972F
:041E16001933B4C107
:041E170081B01E97E1
:041E1800028600EA54
:041E1900E88300A0BA
:041E1A001B330499D9
:041E1B0026811913F0
:041E1C00C09B1373E1
:041E1D00BA9B16B3A3
:041E1E00169716F30A
:041E1F0010AC817012
:041E20001273001029
:041E2100026600AAAB
:041E220016EF029B1A
:041E2300029B0044DA
:041E2400002E16EF87
:041E2500002C16EF88
:041E2600033F103432
:041E270030CC108427
:041E28000001980419
:041E2900023303B3CA
:041E2A00002002B3DF
:041E2B0014F3C412D6
:041E2C0000469EEFDF
:041E2D0011D301F3D9
:041E2E0013F3049115
:041E2F0026A3125381
:041E30002180811B71
:041E310016970003FD
:041E32001BD381DC61
:041E330028D9049511
:041E3400FFC0109F3C
:041E3500580298A017
:041E3600580420A08C
:041E37000003DC4088
:041E38002180811B69
:041E3900A697000365
:041E3A0016C482C088
:041E3B0010F300712F
:041E3C00017311B36A
:041E3D0000B3803B33
:041E3E00000210345A
:041E3F008ECC1084B1
:041E4000008418976B
:041E410018F4080B7E
:041E4200032B03006B
:041E430020E8FB1B7D
:041E44001097900063
:041E4500160B0088F0
:041E4600030010B4D1
:041E4700FADB02EBD5
:041E4800900018A846
:041E49004580C91BEC
:041E4A004C7D0000CB
:041E4B001913147BD8
:041E4C0018AF249116
:041E4D001B53FFFC28
:041E4E00FFFE18AFCC
:041E4F0018A266FD72
:041E5000141FFFEC70
:041E5100B6C4FFFD17
:041E520014330068DD
:041E53000000BD9737
:041E5400831C16973E
:041E55009000B8A899
:041E56004580C91BDF
:041E5700AEC4000015
:041E58001EC402049E
:041E5900157B021ED5
:041E5A0000AF031BB7
:041E5B0000AF001ABA
:041E5C0000AF00349F
:041E5D0020AF0000B2
:041E5E001491008259
:041E5F00FFEA10E2A4
:041E6000BDE6E113E7
:041E61001353005DBA
:041E62000166E092A3
:041E630082C036976C
:041E6400257B147B4B
:041E6500290E51BB36
:041E6600190E004E03
:041E6700D7410068F7
:041E680048CC391316
:041E69004A5CFFFFD1
:041E6A004A44800066
:041E6B003A60800059
:041E6C001960E40B0A
:041E6D00599AC408B2
:041E6E000A8D024097
:041E6F00FFFF594CCC
:041E700080005ADCB8
:041E710080005AC4CF
:041E720000024AD24E
:041E7300168D28FBA5
:041E74004A0C0AAD5D
:041E7500FACBFFFFA6
:041E76008000295C63
:041E770080004A5C41
:041E78008000294479
:041E790080004A4457
:041E7A0000022A52E6
:041E7B0016AD1A3B4B
:041E7C0066FD24914A
:041E7D0010E2191145
:041E7E00B584FF9C8C
:041E7F0038BD000466
:041E8000FF48B0A2C5
:041E8100B0FB11534E
:041E8200011ABEC4BF
:041E83001C26268172
:041E84001C3300010A
:041E850000011C2E0E
:041E8600C41C002058
:041E870019931CB3DC
:041E8800C403E0E0CF
:041E8900192E08C541
:041E8A0000E200FF73
:041E8B00183401D234
:041E8C003701000218
:041E8D00997C18C65E
:041E8E00800300E0ED
:041E8F0000002D4FD3
:041E9000FFFF316EB1
:041E9100021401A294
:041E920003CE00EA91
:041E930003CA281244
:041E940000021C4FDD
:041E95000000344FC6
:041E9600A152DCC1B8
:041E97003C93000672
:041E9800A17B03E344
:041E99003CC138937D
:041E9A007BC1FCD933
:041E9B003C1338B309
:041E9C0001A06781B9
:041E9D001E97E8267E
:041E9E0001E282C01B
:041E9F00572E018633
:041EA00002A2000C8E
:041EA100554F017E1A
:041EA200354F006850
:041EA3000B59004E89
:041EA400C40651A07F
:041EA500E82601A08A
:041EA600E84A00E026
:041EA700001A2DEF01
:041EA800E40651A05B
:041EA900001A35AF37
:041EAA000000288F7D
:041EAB00004E554F41
:041EAC000068354F46
:041EAD001D7319196F
:041EAE002AA0ED4138
:041EAF005697E40559
:041EB000153384540E
:041EB100C40422A0A3
:041EB2000001D980D2
:041EB30000CC26CF6A
:041EB4001D53151392
:041EB50001380422CA
:041EB60000040722FB
:041EB7008164269785
:041EB800E82500E039
:041EB900E40A2920EE
:041EBA0002DB28839C
:041EBB000A9BAF438C
:041EBC00273BB3030A
:041EBD000000F4C06D
:041EBE0010A814D381
:041EBF00C91B8000BB
:041EC0000000458059
:041EC1005A8C573BA5
:041EC2005ADCFFFFE8
:041EC3001D7B800003
:041EC4005AC4303B91
:041EC5001413800072
:041EC60011A606ABB0
:041EC7005EA3000C0A
:041EC80011934DFB2A
:041EC90008852C81DB
:041ECA0000FF112ED6
:041ECB00103456A3D6
:041ECC0025010002EA
:041ECD00997C108666
:041ECE0019994AAB69
:041ECF0081CC169715
:041ED00008952881C8
:041ED10003001034C6
:041ED20000CC1084AC
:041ED3005802112080
:041ED400800040A8A2
:041ED50003001034C2
:041ED60000E4108490
:041ED70011282509A0
:041ED8001262800012
:041ED90002200034AF
:041EDA0010CF80089D
:041EDB0030AB0082A6
:041EDC0000040222DA
:041EDD000034E0EFFE
:041EDE00008240EF4F
:041EDF00480401436F
:041EE000F3C3000147
:041EE10004EDFE9B73
:041EE20011A60D91A7
:041EE30016D1000D07
:041EE400131384A3AD
:041EE500C41C1720E2
:041EE6004004BD8374
:041EE700F9430001BA
:041EE800FFD40222FF
:041EE900003460CE93
:041EEA00001AE0EF0B
:041EEB00FFFF4B0C9E
:041EEC0080004A5CCC
:041EED0080004A44E3
:041EEE00002202626A
:041EEF005E73171BEC
:041EF0004DF3563325
:041EF10035731DB375
:041EF20064B345335D
:041EF30000067F80E6
:041EF40056135E53D0
:041EF5001D934DD319
:041EF6004513355308
:041EF70010CF649311
:041EF8004AE00000BC
:041EF9004892E4091E
:041EFA006720FF8ED0
:041EFB0004EDE4020C
:041EFC00006860EF2B
:041EFD00004E50EF54
:041EFE0050E0EFC3FE
:041EFF00B403E40341
:041F0000C703183BC0
:041F010031530CAD9F
:041F0200C40635E0FC
:041F0300D3030BAD4C
:041F040001622C1337
:041F05002F04FECADD
:041F06002976FFF643
:041F07000162000271
:041F080000E0FEBE39
:041F09004B01E8257B
:041F0A006781D6C352
:041F0B000C8D0CAD80
:041F0C00FFFF598CEE
:041F0D0080005ADC1A
:041F0E0080005AC431
:041F0F00FFEA52DAB9
:041F10000C8D59419A
:041F1100211CF98B0B
:041F12002104800026
:041F1300215A8000CF
:041F1400211601C2CF
:041F1500052301801F
:041F16001A3308DB97
:041F17000001E704DA
:041F1800000D1F2673
:041F19000002AD44D1
:041F1A00B5841491E5
:041F1B00BDC400023F
:041F1C00225100024C
:041F1D00FDA600E23B
:041F1E00831C169773
:041F1F0018A802DB21
:041F2000C91B900049
:041F210000004580F7
:041F22000011115346
:041F2300001A10840C
:041F24001193117391
:041F2500000D108417
:041F2600142611B3B9
:041F270000A2000311
:041F28001034FC561F
:041F2900108400021E
:041F2A0018978ECCAA
:041F2B00FB1B008418
:041F2C00030018F4A2
:041F2D00900020E818
:041F2E000088109780
:041F2F00030010B4E7
:041F3000900020A855
:041F3100000CA49A62
:041F320000389522BC
:041F3300189312935A
:041F340000301892CF
:041F3500677D9D9B8C
:041F36006100B53D54
:041F37009D9B001658
:041F3800011A2EC498
:041F390001B626C403
:041F3A00001661002C
:041F3B00953B1213AD
:041F3C0013D313B3F5
:041F3D00002E16EF6D
:041F3E00004616CE75
:041F3F00002C16EF6D
:041F400012B3109335
:041F41001ECE11D3CC
:041F420004910044C2
:041F4300049111F301
:041F440010F2F48B18
:041F45009CC4FBA09D
:041F460014CC0001B6
:041F470010F2FFFF96
:041F48001253FB8EA7
:041F4900901A34A313
:041F4A002834010630
:041F4B002944000124
:041F4C0086CE6EB01F
:041F4D008ECE002E06
:041F4E009033002CA0
:041F4F003C7B343B68
:041F5000510920040F
:041F51000000470045
:041F520081DC1E9779
:041F530004D5201978
:041F5400FFC0109F1B
:041F55002089228934
:041F560026CF04F599
:041F570000200168FD
:041F58000020C4138E
:041F5900F4C0C412FA
:041F5A008CFB0000FC
:041F5B0010D3803BE4
:041F5C00A0862081BA
:041F5D0016C40000A6
:041F5E00228101B625
:041F5F000000A88E48
:041F600000FF152E3B
:041F610010344EA347
:041F62001520000244
:041F63001086C4021E
:041F640040AB997C79
:041F6500FFFF1D4C11
:041F6600800018DC03
:041F6700800018C41A
:041F680008D1B4BD2B
:041F6900B08F228192
:041F6A00F519000065
:041F6B003DBB2CBB93
:041F6C0000A0288128
:041F6D002004E82242
:041F6E00343B511E91
:041F6F00F4D910731E
:041F700000A0268126
:041F71001033E8221F
:041F72000000470024
:041F7300253B2DBB22
:041F74000000E70082
:041F75002281B4BD54
:041F7600A8AF0011FF
:041F7700142600002C
:041F78001251000DF5
:041F790010D388A356
:041F7A00000194844A
:041F7B00001A9CC4E8
:041F7C00000D1084C0
:041F7D0014AE10F39B
:041F7E0000AA0003B2
:041F7F002004FF6CCF
:041F8000438003E8AF
:041F8100051B00003C
:041F820000043440E3
:041F8300DEC4139312
:041F84007FE1026493
:041F85000CADE78137
:041F8600373BC5031D
:041F870020042C3BCB
:041F8800153350E6D7
:041F8900000047000D
:041F8A001233029B71
:041F8B00C5831513E2
:041F8C0000012834F4
:041F8D006EC02944B5
:041F8E00003BDF0332
:041F8F0083681697B6
:041F9000E6C4FFE1C3
:041F91001737005CA2
:041F9200029BFF8827
:041F930083A88E97FA
:041F9400836816B791
:041F950083A4169774
:041F9600244983A9AE
:041F970000FA0462E6
:041F980081DC16973B
:041F990082701E979D
:041F9A000014909708
:041F9B0082D0169743
:041F9C0000072C8C82
:041F9D00103444C9EF
:041F9E00108400119A
:041F9F0018B2C8DFCD
:041FA000103400D425
:041FA1001084001593
:041FA20018A05CBF68
:041FA3001491E002B3
:041FA400FFF8249F7F
:041FA500800328A0ED
:041FA600581011209E
:041FA700FFA81F3739
:041FA800020084149B
:041FA900000428AA5E
:041FAA000003DC4014
:041FAB00000884AAFC
:041FAC00DC40243BB6
:041FAD00025B0003D0
:041FAE0081B0169751
:041FAF0000A200A2EA
:041FB0001E97049BD9
:041FB100468982D407
:041FB200730018346C
:041FB300FF84173759
:041FB4008194169767
:041FB500900018A8D8
:041FB60000021034E1
:041FB7008F7410977C
:041FB80003001834D6
:041FB90000CC18C47C
:041FBA001F3726891E
:041FBB0010A8FF94D7
:041FBC0026978000E4
:041FBD00983482C012
:041FBE009034000259
:041FBF0001200002FB
:041FC0009CC4E822B3
:041FC100948489E09B
:041FC200B5018A1CBF
:041FC30017372501A6
:041FC4001697FF80ED
:041FC5001F378164DD
:041FC6001737FF9C2E
:041FC7001F17FFC41D
:041FC8001519FFC424
:041FC9002681470125
:041FCA00FFB4173712
:041FCB000000F4C05E
:041FCC00FFB4171730
:041FCD00FFB0073723
:041FCE00FFAC073726
:041FCF00FFC0173701
:041FD000FFC8073708
:041FD100810C1686E3
:041FD200FFC81F170E
:041FD300001610DA0A
:041FD400C414002011
:041FD500029B6DC33B
:041FD600883BE6C39B
:041FD700FFA8073721
:041FD800109BEAC3AD
:041FD9001F17EB8360
:041FDA001697FFC88F
:041FDB0026818110CA
:041FDC00183404852C
:041FDD00C08B0002B3
:041FDE0018C63601EA
:041FDF0000EA997CFF
:041FE000DF370320C4
:041FE1001C2EFF981B
:041FE20000E2000910
:041FE300108401283D
:041FE400C48BFFDDCE
:041FE500000310BE27
:041FE600011E00AA2E
:041FE700FF90073729
:041FE800011E00AA2C
:041FE9001737029B09
:041FEA001D9BFF8CB0
:041FEB003F5B03DB7A
:041FEC000737243B54
:041FED000737FFD0E3
:041FEE00C580FFD8D3
:041FEF0017170000C0
:041FF000A717FFB47C
:041FF1000020FFC409
:041FF2000020C415F2
:041FF3001737C416C2
:041FF400FE9BFFB899
:041FF50003DBBD3B12
:041FF600FFCC1737CE
:041FF700FFA0073709
:041FF800FFA4073704
:041FF900FFBC0737EB
:041FFA00FFB81717FE
:041FFB000004B89A8C
:041FFC00013205AAFF
:041FFD0048420560F1
:041FFE00FFA0271702
:041FFF00E0E0D691B7
:0420000010FBC4030A
:04200100FFF820F7CD
:04200200FFA41F1701
:04200300FFF018B71B
:0420040000B8056AB1
:04200500FFDC1717CE
:04200600FFD81F17C9
:04200700000210D2F1
:04200800271718BBC3
:042009001717FFD4D2
:04200A001112FFD0E0
:04200B00113B000283
:04200C00FF9C2F17EF
:04200D00291AC68145
:04200E002F1701EC9B
:04200F00215AFF80D3
:0420100010E001E4F7
:042011000560C4158D
:042012002717E8356F
:042013002552FFC093
:04201400AF370004DE
:042015002D7BFFC060
:042016001737243B19
:042017001F37FFB8B8
:04201800E700FFCC12
:042019001F1700008D
:04201A001717FFCCC9
:04201B003E97FFB835
:04201C0018198454B7
:04201D00E4061D6058
:04201E00E405A8A08D
:04201F001F3749C15D
:042020001737FFBCB3
:04202100D980FFCC97
:04202200C91B0001D5
:0420230000004380F6
:042024000000248F05
:04202500FFCC1717BE
:04202600FFBC1F17C5
:0420270000042092FF
:04202800000014AFF1
:04202900000024CFC0
:04202A000004191283
:04202B0000001CEFA6
:04202C00C4140020B8
:04202D00029B2F03E0
:04202E001EDBDC4396
:04202F00FF901F37C8
:042030001C9BDBC357
:04203100FF8C1737D2
:04203200DC03039B2D
:04203300FF903717CC
:04203400283B03DB67
:042035000737243B0A
:042036000737FFD495
:04203700C580FFDC85
:042038003717000056
:0420390003DBFF8C3A
:04203A00243B3F5BA9
:04203B000000C5805C
:04203C0082C01697B1
:04203D00FFD8A7170A
:04203E00FFD01F1799
:04203F000001A804F0
:04204000C414A0A084
:0420410017372681A6
:042042001717FFB8B5
:04204300151AFFC4A7
:042044001717000E5C
:042045001F17FFB4AE
:0420460018A0FFB827
:04204700D643601606
:042048000001B004DF
:042049002DFBD58313
:04204A003F37243BBD
:04204B00E700FF7C2F
:04204C00C91B0000AC
:04204D0000004380CC
:04204E00FF7C3F17BD
:04204F00C4080020A1
:0420500081B01697AE
:04205100069B52A3F5
:042052000004121A5A
:0420530006C3103B75
:0420540047371D1BD2
:042055003F37FF789A
:04205600D840FF7CF3
:04205700200400025F
:04205800438000962B
:04205900103400003F
:04205A0010970002D9
:04205B001F178F7448
:04205C002689FF943E
:04205D00800010A847
:04205E00FF784717A9
:04205F00FF7C3F17AC
:042060000001420435
:0420610000A0BAAB76
:042062000562A0086B
:042063002BEB000E55
:04206400002010A3A5
:0420650002C3C416D8
:04206600F583029B61
:04206700580411E028
:042068001E97292373
:042069001DE082C034
:04206A001737E4023E
:04206B001717FFCC78
:04206C003A3BFF8478
:04206D00C41715E09F
:04206E0010A3C5C333
:04206F00FFBC171784
:04207000FF9C1F179B
:04207100401618A05D
:0420720056A3FC83F2
:0420730082C03E9752
:04207400E4073DE060
:042075000004056AF4
:042076000040A5EA97
:04207700FFCC17176C
:04207800FFFF10A6B0
:04207900171B16A378
:04207A00FF783F3775
:04207B00FF7C473768
:04207C0000067F805B
:04207D00FF7C471786
:04207E00FF783F1791
:04207F00FFCC171764
:04208000FFBC1F176B
:0420810010D2A5C113
:042082001F17FFA481
:042083003F37FFCC18
:042084001737FFA467
:042085001F37FFBC46
:04208600F243FFA082
:04208700FFCC3F3714
:042088008BEBFB43A0
:042089000020F2C37E
:04208A00A004C415D5
:04208B00452E0001DD
:04208C002E9700018A
:04208D00022283C0E8
:04208E003834007C66
:04208F0039C400014F
:0420900047376EC0A0
:042091001D60FFCC03
:04209200A8A0E4031B
:0420930018B3E40298
:04209400A8331073EA
:042095002004343BB4
:0420960047004D5062
:0420970047170000E7
:042098000222FFCC55
:0420990007DB005A07
:04209A00283B303B74
:04209B00C580243B9D
:04209C0007DB00005E
:04209D003F5B303B3A
:04209E00C580243B9A
:04209F00031B00001F
:0420A000283B343B6A
:0420A10000156700BF
:0420A200FFB027174D
:0420A30058021120AE
:0420A400FFB017373B
:0420A500FFAC17175E
:0420A6001737268939
:0420A700DF17FFAC94
:0420A8001717FF986F
:0420A9009CC4FFC80C
:0420AA009484000218
:0420AB00049100029A
:0420AC00FFC817371B
:0420AD00383491C36F
:0420AE0039C4000130
:0420AF00F0436EB0DC
:0420B000FF98DF179F
:0420B100C413002034
:0420B2008048968448
:0420B300827C16977E
:0420B4008164869726
:0420B500C40214A0AD
:0420B60014DA0485AF
:0420B7001697007206
:0420B800840182C05D
:0420B900E84200A059
:0420BA00171784016F
:0420BB008092FFC050
:0420BC002004000CF0
:0420BD0047004D8902
:0420BE00A00400007A
:0420BF00169700046C
:0420C0001E9783A83C
:0420C100268983A445
:0420C2001E6B20A3CE
:0420C300FFA8171744
:0420C40016970EABB2
:0420C500589581DCCD
:0420C600FFF8211FDF
:0420C7000003DC40F6
:0420C80081DC16970A
:0420C900DC4058950A
:0420CA0017170003E1
:0420CB0016B7FF88BD
:0420CC00052A8368F6
:0420CD0086970012E0
:0420CE00051B83C0AB
:0420CF000005A180E7
:0420D000243B035B4F
:0420D100000282C0C7
:0420D200DF04153BD7
:0420D3007C21FFE08D
:0420D40000021034C2
:0420D500C40214E04D
:0420D600997C10865B
:0420D70027171AAB02
:0420D8002F17FFB00F
:0420D90034FBFFAC29
:0420DA000015644049
:0420DB0008A3048BC7
:0420DC0024FB2C3B7A
:0420DD000000E70018
:0420DE0000019CC49D
:0420DF00003BE9C316
:0420E0008484169747
:0420E10008ABFCA1AB
:0420E200848C16973D
:0420E30076B510DBE3
:0420E400827C16974D
:0420E500000118AE30
:0420E60010A608E355
:0420E70000A200074C
:0420E800169701E660
:0420E900789583FC67
:0420EA000005210CC0
:0420EB000005212E9D
:0420EC0000121A8044
:0420ED0081708697E1
:0420EE00202B800B18
:0420EF00817016974F
:0420F0000040108C10
:0420F10000E400AA5D
:0420F2002004803B0B
:0420F300438003E83B
:0420F400203B00008D
:0420F50000121A803B
:0420F6007CA1143B7A
:0420F700827C16973A
:0420F800000118AE1D
:0420F90010A606E344
:0420FA00D0A3000768
:0420FB00812C368E70
:0420FC0081242E8E7F
:0420FD0082E446979C
:0420FE00812C1E848F
:0420FF00812426848E
:04210000918C103B73
:04210100F34BFFFF9E
:042102008000949C29
:0421030080008C5C70
:04210400800094843F
:0421050080008C4486
:042106000036409AC5
:042107000062945A84
:0421080083C03697C3
:042109002004FB5B58
:04210A00CAC0009BAC
:04210B002834000173
:04210C00021B0001B1
:04210D006EB0294443
:04210E00816436971B
:04210F0047DF200482
:0421100088339381FC
:04211100E40734A00B
:042112000000470082
:04211300FF6C042A2F
:042114000ECDEF03FA
:04211500FFFF49CCB3
:0421160080004A5C9F
:0421170080004A44B6
:0421180000029252DD
:042119000F0D31FB7A
:04211A00FFFF49CCAE
:04211B0080004A5C9A
:04211C0080004A44B1
:04211D0000024C521E
:04211E00049129FB04
:04211F00191116D1AB
:042120008CA0F0039C
:0421210000A0C40254
:0421220016B7E822E2
:04212300109681642D
:0421240006A301808D
:042125007F80031B99
:0421260026970006F2
:04212700F4C081641B
:042128002834000057
:042129002944000144
:04212A00F1836EC00F
:04212B00835C8697B4
:04212C0016970C23D3
:04212D0010A6827CFA
:04212E0000A2000704
:04212F00BE86FF0C5D
:042130009834810C52
:0421310090340002E4
:04213200A8340002CB
:04213300B0340001C3
:042134009CC4000146
:0421350094848A1CE8
:04213600803B89E081
:04213700C4140020AC
:042138006EB0AD4494
:042139006EC0B5843B
:04213A00FEDEBD12F6
:04213B008110169762
:04213C00C402A0A099
:04213D000000E08638
:04213E000002103457
:04213F00C40217209F
:04214000997C1086F0
:042141001CCF66AB9E
:04214200148F0000F6
:0421430014C10000C3
:04214400E83104601A
:04214500006210D252
:0421460083C0369785
:042147002004FB5B1A
:04214800CAC0009B6E
:04214900021B000174
:04214A00000014CFAE
:04214B0000001C8FE5
:04214C000050189A8D
:04214D00B64135BBA7
:04214E001873A281DF
:04214F003C7B103392
:0421500020042F3BFD
:0421510047004802F9
:0421520036970000BC
:04215300899282AC3F
:042154002C7B001AC6
:04215500480C20040E
:04215600000047003E
:0421570083C0369774
:042158002004FB5B09
:04215900CAC0009B5D
:04215A00021B000163
:04215B000001A504D6
:04215C0000029CC41D
:04215D000002948464
:04215E002C7BEDC326
:04215F00E700273B33
:04216000F483000004
:04216100F5C3357B12
:04216200C983803B72
:0421630083D8169770
:0421640083DC2E9753
:042165000002203420
:0421660016B7849193
:04216700049983D87C
:042168001E841D595B
:04216900488183E83E
:04216A0099A6210E03
:04216B0004D53CC19A
:04216C00A881191914
:04216D001E8404F5D3
:04216E003CC183F0FD
:04216F0018A206D5D7
:0421700015630022D1
:04217100051B8021A9
:0421720000067F8064
:0421730083DC16975C
:0421740016B7849185
:04217500002183DCE6
:0421760083DC169759
:0421770016B7849182
:04217800E00983DC1B
:04217900003BE0093E
:04217A008129FFE1D7
:04217B000081113698
:04217C00112E11F31C
:04217D0010B300108B
:04217E000081113695
:04217F00A97B993B64
:04218000112E4CA32D
:0421810000A20008B0
:04218200113601E031
:0421830020A300098C
:042184000002112E16
:0421850001E600A2CD
:042186000004112E12
:0421870001D400A2DD
:042188000001112E13
:0421890001E800A2C7
:04218A000020803B76
:04218B000BC3C417A7
:04218C000010112E00
:04218D0001A600A205
:04218E000040112ECE
:04218F008697EAAB9A
:0421900016978258C4
:04219100BE9782E88B
:04219200040181D0F3
:0421930011360803F6
:0421940016A3040189
:042195000100112E06
:04219600112E1CA347
:04219700C8AB0200CF
:0421980082EC8697B8
:0421990081C8BE97A4
:04219A00112E04837B
:04219B0010A3080085
:04219C001000112EF0
:04219D008697B2ABC4
:04219E00BE9782580E
:04219F0001C381CC2B
:0421A000825C869740
:0421A10082FC16970F
:0421A20081BCBE97A7
:0421A3000560440986
:0421A400181968623C
:0421A5000473257D1D
:0421A60080F016B7F8
:0421A700824004B3BB
:0421A80014EE00062B
:0421A90006A3001079
:0421AA00080014E62F
:0421AB0026970AA3C6
:0421AC00237D8258B5
:0421AD000006824066
:0421AE008C931453A7
:0421AF000002A03456
:0421B00010F31133E4
:0421B10003001034E3
:0421B20000EC1084A9
:0421B30014E611B36A
:0421B40012330800DA
:0421B50004C014CC82
:0421B60014C41273C8
:0421B70010BEFFFF58
:0421B80012B300025C
:0421B9000004154CBD
:0421BA00154C12F3BB
:0421BB0013330001D9
:0421BC00080014EE15
:0421BD0014EE137396
:0421BE00A504100064
:0421BF00B47B90BCA1
:0421C000C41C00201B
:0421C100C412002024
:0421C200872213B3AA
:0421C3002CFB014AA6
:0421C4000FC0203BED
:0421C500FE9B000479
:0421C60080EC16B7DC
:0421C70000CF14CC65
:0421C800000F949CD4
:0421C90002BC00AAAA
:0421CA000020A0044D
:0421CB006842052041
:0421CC000010B4E665
:0421CD00052011B325
:0421CE0011734842FF
:0421CF00C417002011
:0421D0000001A8045E
:0421D1004C02BD609F
:0421D200380290A09F
:0421D3002DFB4AA3F3
:0421D400800024FB68
:0421D50011130004DE
:0421D600343B3C7BDF
:0421D7002DFB103399
:0421D800FCC024FB28
:0421D900B8A00005A5
:0421DA0014A04C02FF
:0421DB0005A25812EF
:0421DC00169700262C
:0421DD0020AB838C24
:0421DE00411B2DFB79
:0421DF000004800078
:0421E0003C7B111320
:0421E1001033343B48
:0421E200411B2DFB75
:0421E3000005FCC037
:0421E4004C02B8A051
:0421E500581214A0D8
:0421E6000001BDC473
:0421E700000415E6F5
:0421E8001697A2A301
:0421E90000A280F0E0
:0421EA0005A2024008
:0421EB00A11302A496
:0421EC00004014EEAD
:0421ED000001A83411
:0421EE000002E444C3
:0421EF0010F3383B76
:0421F0006F60AD442B
:0421F100029281EAEB
:0421F2000001B834FC
:0421F30008001004CC
:0421F400C40B0020F8
:0421F5006EB4BDC443
:0421F600004164F64A
:0421F700869764C3A0
:0421F8001697825C58
:0421F900440982FC17
:0421FA008697C803F9
:0421FB00BE978260A9
:0421FC00D34381C088
:0421FD0082608697DF
:0421FE0081C4BE9743
:0421FF001697D2035A
:042200008697827CBF
:0422010020A6824051
:04220200392300017B
:0422030003835B9B5B
:04220400827C16972B
:0422050082408697F6
:04220600000120AE05
:0422070020AE1F23C3
:04220800192300078F
:04220900000510AE0E
:04220A00519B16A32B
:04220B0010341D99D5
:04220C001084000238
:04220D0011A08ECCC2
:04220E00CA43C417E4
:04220F00FD83599B57
:04221000FD03499BE6
:04221100000720AEF4
:0422120010AEC32324
:0422130004A300051B
:04221400FB03539BDA
:04221500FA834B9B62
:0422160005A7109375
:0422170078A30007A1
:0422180000A21213FB
:042219000720013663
:04221A001697484586
:04221B002A8181BCD7
:04221C0015B7049559
:04221D000020000C91
:04221E001697C40942
:04221F00127A825855
:04222000FF5B006EF2
:042221002DA712D300
:0422220000A2000610
:042223001313014A46
:04222400014800A2CB
:042225000001158619
:04222600000115A7F7
:0422270000A21353AB
:042228001393013ECD
:04222900013800A2D6
:04222A00FFF11004AC
:04222B00000215A7F1
:04222C00000415A7EE
:04222D0005A71E9B48
:04222E0005AF0000F8
:04222F0015A70008E7
:0422300005A70005F9
:0422310005AF0003F2
:04223200E704000AB3
:04223300B58400016D
:04223400A5040010ED
:04223500C643FFFCA1
:042236006D40273B95
:04223700273B000041
:042238006E80A8BB51
:0422390000A0000001
:04223A00A960800512
:04223B00F043580212
:04223C0048450260AF
:04223D0081CC1697A3
:04223E00A8972A81B2
:04223F002D970000D7
:042240000560000C29
:04224100016069A22D
:04224200117369A506
:04224300169735496C
:04224400294C838C12
:04224500016001FF34
:042246002AABA0051A
:04224700156011937A
:0422480010A8580280
:0422490010A0800061
:04224A0058A6CDCCF9
:04224B0002E20003A8
:04224C00273B0050DC
:04224D004BF32C33F0
:04224E0000006E809E
:04224F00800200A069
:042250002C134BD32D
:04225100356B05499B
:04225200195310D339
:04225300000048A798
:04225400CD0815603C
:042255000002A8CC0F
:042256005815A8A0CF
:04225700A8A710D351
:04225800029B0001E4
:042259004C15A8A0D8
:04225A00ACA010D351
:04225B002491581260
:04225C00158610F3E0
:04225D0004910007E1
:04225E00000715A7B9
:04225F0000014A44EC
:0422600010A6DF03E2
:0422610010A30002C4
:042262002C33273BB7
:042263006E804BF34B
:0422640000A00000D6
:04226500F503A002DB
:04226600F503103B31
:042267000AAB125359
:0422680082581697EB
:042269000002E0A2ED
:04226A001293BD3BD3
:04226B00172002DB5B
:04226C0014994C0273
:04226D00C40215E0B2
:04226E0028A004950B
:04226F0015B7CD08CA
:0422700000A0000CBE
:04227100148B69A2BF
:04227200580211609D
:0422730010E028BB94
:0422740014A04C0264
:04227500D5835812A3
:04227600D783109B5F
:04227700D703103B3E
:04227800D903103B3B
:042279000010A004AD
:04227A000445A8432C
:04227B00000210A6A7
:04227C00FDB600A209
:04227D000008A4446D
:04227E00C417002061
:04227F00C415002062
:042280002E97203B3A
:042281002DF2825860
:042282002D0EFDA080
:042283004B0100000B
:0422840083102E97FE
:0422850011A28D51C4
:042286005A000034C6
:0422870005600000EE
:042288002034482591
:04228900FE8B0002C6
:04228A002E97494101
:04228B00112F83C0CC
:04228C00357B898C89
:04228D003FDD20040D
:04228E000000470005
:04228F000001AD4459
:04229000203B103BA4
:042291000001BDC4C7
:042292000010A5048F
:042293000491F68339
:0422940014EEFE4303
:0422950000A208009B
:0422960014EEFD54F1
:04229700A834004027
:04229800B834000155
:04229900A47B000121
:04229A0000015004EB
:04229B00C41C00203F
:04229C00AD4410F34A
:04229D00BDC46F60ED
:04229E0000026EB418
:04229F0018D3081236
:0422A000012800E22F
:0422A10000E2032232
:0422A200000824EE1E
:0422A30001200122F3
:0422A400000924F613
:0422A50000C401224E
:0422A600000224EE20
:0422A700011A0122F5
:0422A800000424EE1C
:0422A900011C0122F1
:0422AA00000124E625
:0422AB00011E0122ED
:0422AC0000012834D1
:0422AD006F2429442D
:0422AE00250E35FBC9
:0422AF00583300029E
:0422B000207362F342
:0422B10040172004AE
:0422B2005A7312B396
:0422B30047003A3373
:0422B400250E0000F3
:0422B5003A130002D6
:0422B600293E5A5310
:0422B7001293080175
:0422B800016262D38A
:0422B90029040106ED
:0422BA00309EF8005A
:0422BB0001A2080173
:0422BC003084010267
:0422BD002992F8006A
:0422BE00113B0002CE
:0422BF0000015AC4FC
:0422C0000004A5046D
:0422C10000052706E7
:0422C200FF7222FA8B
:0422C3000006172FCB
:0422C400000124EE03
:0422C500015601229B
:0422C60000E219D346
:0422C700189300F078
:0422C80007E800E241
:0422C900001124F6E6
:0422CA0000D001221D
:0422CB00000424EEF9
:0422CC0007E4012200
:0422CD0000012834B0
:0422CE00000824EEF2
:0422CF006F342944FB
:0422D000283411237A
:0422D10024EE0001F6
:0422D2002944000299
:0422D300012A6F2845
:0422D400303400B2F0
:0422D500318400014F
:0422D6001E836EB441
:0422D700006E05A2EE
:0422D80000012834A5
:0422D9006F402944E5
:0422DA0024F6E9C33A
:0422DB0017230401C0
:0422DC00010024EEEB
:0422DD0024E663236D
:0422DE005323020084
:0422DF00000128349E
:0422E0006F1429440A
:0422E10024EEE643BE
:0422E2005723080076
:0422E300100024E6DD
:0422E40026973D23D9
:0422E500283480F029
:0422E6002944000186
:0422E70001226F0061
:0422E8003034FF1679
:0422E900318400013B
:0422EA00E1C36F10CD
:0422EB00E1032D7B63
:0422EC000001283491
:0422ED006F342944DD
:0422EE002834DFC3EE
:0422EF00294400017D
:0422F000DE836F28F2
:0422F100000128348C
:0422F2006F2C2944E0
:0422F3002834DD436B
:0422F4002944000178
:0422F500DC036F583F
:0422F6000001283487
:0422F7006F1C2944EB
:0422F8002834DAC3E9
:0422F9002944000173
:0422FA00D9836F48CD
:0422FB0008002804AB
:0422FC00DEC3D94123
:0422FD0008003004A1
:0422FE00DF43E58154
:0422FF002D7B18D348
:04230000FF4E00E2AA
:04230100000128347B
:042302006F582944A3
:0423030024F6E88351
:042304001723040196
:04230500010024EEC1
:0423060007080122A1
:042307000001283475
:04230800020024EEBD
:042309006F142944E0
:04230A0024EEE48356
:04230B0001220800A3
:04230C0024E606FEBF
:04230D00CD231000CC
:04230E0080F026979E
:04230F00000128346D
:042310006F002944ED
:04231100FF0A01229C
:042312000001303462
:042313006F10318492
:042314001707107324
:0423150020040000A0
:042316003A334022F4
:042317004700103338
:042318003A13000074
:042319000010E704C5
:04231A0000020FD1DD
:04231B002834FB5611
:04231C00294400014F
:04231D00DB436F240B
:04231E0000001506A0
:04231F00150E1CA3D8
:04232000152F00086D
:042321001E9B000AF5
:042322000002152779
:042323001527029BDD
:042324000020000095
:042325000002C40AE4
:0423260020A605EEFA
:04232700012200018E
:042328002E9701D417
:04232900150E80EC21
:04232A00250E000A72
:04232B00316600080F
:04232C0001A2FFFF0C
:04232D00FA8B00F433
:04232E0029A0FD0BDA
:04232F0056B7C00AD3
:0423300029BA80EC5A
:04233100A501006A98
:0423320010BEF48B5A
:0423330050AB002883
:0423340000A210D320
:0423350014F6009EFC
:0423360066A3004159
:04233700000814EE98
:04233800009400A26B
:04233900000914F68D
:04233A0014EE4AA3B0
:04233B0000A20002FA
:04233C0028340090B1
:04233D0014EE000199
:04233E00294400042A
:04233F0010A36F2C4C
:04234000000114E69E
:04234100009800A25E
:04234200000128343A
:042343006F24294496
:0423440040902004A1
:04234500000047004D
:04234600FFFF101471
:0423470080EC16B759
:042348000001150675
:04234900000A052F52
:04234A000002152751
:04234B00EBC3049B41
:04234C00F283A881EF
:04234D00006805A27D
:04234E00000128342E
:04234F006F4029446E
:0423500014F6F9C3C3
:0423510016A30401CA
:04235200010014EE84
:0423530014E63EA3AB
:042354004CA3020094
:042355000001283427
:042356006F14294493
:0423570014EEF64347
:0423580032A30800A4
:04235900100014E676
:04235A00283436A34A
:04235B002944000110
:04235C00F3836F0098
:04235D00F3032D7BDE
:04235E00000128341E
:04235F006F3429446A
:042360002834F1C369
:04236100294400010A
:04236200F0836F286D
:042363000001283419
:042364006F1C29447D
:042365002834EF43E6
:042366002944000105
:04236700EE036F48CA
:042368000001283414
:042369006F5829443C
:04236A003014ECC37C
:04236B00316AFFFFD5
:04236C001953FF6E94
:04236D00F48BF90BE9
:04236E004701556B63
:04236F00FF6020BA31
:04237000A005016063
:0423710080EC2EB717
:04237200000114EE64
:04237300008800A23C
:0423740048A311D396
:0423750000A210931F
:0423760014F60562F2
:0423770036A3001178
:04237800000414EE5B
:04237900056000A259
:04237A000001283402
:04237B00000814EE54
:04237C006F3429444D
:04237D0028345EA3FF
:04237E0014EE000158
:04237F0029440002EB
:0423800050A36F28CF
:0423810000012834FB
:042382006F58294423
:04238300268108C3E4
:04238400FF0C113AFF
:0423850010D3F54339
:04238600FCC32D7BEC
:04238700040114F643
:0423880014EE16A396
:0423890000A20100AD
:04238A002834052AC4
:04238B0014EE00014B
:04238C0029440200DE
:04238D00F9436F148D
:04238E00080014EE41
:04238F00052000A283
:04239000100014E63F
:042391001697BEA33A
:04239200283480F07B
:0423930029440001D8
:042394000EAB6F001D
:04239500024335FBCF
:0423960000012834E6
:042397006F24294442
:042398003034FE439C
:04239900318400018A
:04239A003F3B6F1046
:04239B0040A6200434
:04239C0000004700F6
:04239D0010AED54366
:04239E0000A2000495
:04239F0010D3040A49
:0423A00000EC00A2AB
:0423A100004114F6ED
:0423A20000A200A2F3
:0423A300000814EE2C
:0423A40000E000A2B3
:0423A500000914F621
:0423A600008400A20D
:0423A700000214EE2E
:0423A80000DA00A2B5
:0423A900000414EE2A
:0423AA0000DC00A2B1
:0423AB00000114E633
:0423AC0000F200A299
:0423AD0000012834CF
:0423AE006F2429442B
:0423AF00150E35FBD7
:0423B0003F3B0008A7
:0423B10040B520040F
:0423B2001507107388
:0423B300523300029F
:0423B400470010339B
:0423B5001697000077
:0423B600521380F04E
:0423B70000D000AAA8
:0423B80083102E97C9
:0423B9005A00273B64
:0423BA000499000082
:0423BB0000022034C8
:0423BC0048815213EF
:0423BD00898C290ED0
:0423BE0000085D0EA8
:0423BF0036971993A1
:0423C00012CC80ECCF
:0423C10028E0FFFF12
:0423C20010E0C40E55
:0423C30013A0C40C93
:0423C4002B20400D7D
:0423C50001A240042D
:0423C6002B1202F2E2
:0423C7005FC302F2FC
:0423C800008205A2E8
:0423C90000012834B3
:0423CA006F402944F3
:0423CB0014F6F1C350
:0423CC0016A304014F
:0423CD00010014EE09
:0423CE0014E658A316
:0423CF0066A30200FF
:0423D00000012834AC
:0423D1006F14294418
:0423D20014EEEE43D4
:0423D3004CA308000F
:0423D400100014E6FB
:0423D500169750A364
:0423D600283480F037
:0423D7002944000194
:0423D80000A26F00F0
:0423D9003034FF5647
:0423DA003184000149
:0423DB00E9C36F10D3
:0423DC00E9032D7B69
:0423DD00000128349F
:0423DE006F342944EB
:0423DF002834E7C3F4
:0423E000294400018B
:0423E100E6836F28F8
:0423E200000128349A
:0423E3006F2C2944EE
:0423E4002834E54371
:0423E5002944000186
:0423E600E4036F1C81
:0423E7000001283495
:0423E8006F482944CD
:0423E9002834E2C3EF
:0423EA002944000181
:0423EB00E1836F58C3
:0423EC0008002804B9
:0423ED004501E8437B
:0423EE002881F51934
:0423EF00E82200A040
:0423F00000021527AB
:0423F10004A2998326
:0423F200052200ECD4
:0423F30014EE003EA6
:0423F40000A200083B
:0423F50014F600E4F6
:0423F60022A3000915
:0423F700000214EEDE
:0423F80000E000A25F
:0423F900000414EEDA
:0423FA0000E200A25B
:0423FB00000114EEDB
:0423FC0000E400A257
:0423FD00000128347F
:0423FE006F582944A7
:0423FF0010930943EB
:042400002834F2ABDF
:042401002944000169
:0424020007836F409D
:04240300040114F6C6
:0424040014EE18A317
:0424050000A2010030
:0424060014EE00C808
:04240700D4AB020050
:042408000001283473
:042409006F142944DF
:04240A0014EE03C306
:04240B0000A2080023
:04240C0014E600BA18
:04240D00BCA310005C
:04240E0080F01697AD
:04240F00000128346C
:042410006F002944EC
:0424110000AE00AA6F
:04241200144E357BB4
:04241300200400079A
:042414003DBB410D7E
:0424150014471073E5
:04241600103300007F
:04241700000047007A
:04241800000124E6B5
:042419008258169738
:04241A0000032CCCC3
:04241B000098012202
:04241C00827C269701
:04241D00842C16975E
:04241E000001292E62
:04241F0000800162D6
:042420000007292E5A
:04242100212E7B638A
:042422007923000515
:042423002881511BA0
:04242400482405A0A3
:0424250084842E97E6
:042426000A45076BF1
:042427000AA5288159
:042428000000344735
:0424290000092C5723
:04242A00B58424FB56
:04242B00F540000177
:04242C004251000514
:04242D002DFB4243FE
:04242E002834F1C39A
:04242F00294400013B
:04243000F0836F3492
:04243100000128344A
:042432006F282944A2
:042433002834EF4317
:042434002944000136
:04243500EE036F2C17
:042436000001283445
:042437006F242944A1
:042438002834ECC395
:042439002944000131
:04243A00EB836F1CA5
:04243B000001283440
:04243C006F48294478
:04243D003034EA430A
:04243E0031840001E4
:04243F00E9436F10EE
:04244000F143591BF0
:04244100F0C3491B80
:04244200000224E68A
:04244300269727238E
:042444001697827CE9
:04244500292E842C8C
:04244600116300011D
:042447000007292E33
:04244800212E0B63D3
:04244900092300055E
:04244A00EC43531BF1
:04244B00EBC35B1B69
:04244C00EB434B1BF8
:04244D0058E31893A5
:04244E00080024EE70
:04244F0024EE532301
:04245000472300041A
:04245100000824EE6D
:0424520024EE3B2316
:042453002D23010034
:04245400100024EE62
:0424550024E627232F
:042456000B23020052
:04245700843C269704
:0424580025BBA501FA
:0424590024E6E5C3CD
:04245A002B230040F0
:04245B00000615BAA8
:04245C008438269703
:04245D001697FD438E
:04245E00FCC38440F7
:04245F008444169704
:04246000E183E16BC8
:04246100841816972E
:042462001697FB03CB
:04246300FA43843084
:04246400843416970F
:04246500103BFD43E8
:042466000520FCC38E
:042467001697484339
:04246800268181CC7C
:04246900F44008959E
:04246A0090A0000539
:04246B0010A858025B
:04246C00548B80000D
:04246D00C41515601D
:04246E000001A504C0
:04246F0083102E9711
:04247000E4028520DD
:04247100FFD228BAB4
:04247200A9208959BB
:042473005A00C40443
:0424740024D7000069
:0424750080BB012007
:042476000005F44029
:04247700580290A0D7
:04247800800018A820
:04247900FFF018DF79
:04247A0018A820C9B5
:04247B00343B90005E
:04247C0020042C7B91
:04247D0047003EEFE7
:04247E000251000007
:04247F0000049CC4F5
:042480001F43853B36
:042481000020A43B58
:04248200F603C41584
:042483000010139A98
:0424840000026506E7
:0424850000016304EB
:0424860000046527C2
:04248700237B03A30D
:042488000B2BC90B46
:042489000002250622
:04248A002527891168
:04248B0065060005DD
:04248C00250E000019
:04248D006B2E000AA8
:04248E0003620002E3
:04248F00AA81001608
:0424900000020092B4
:04249100F90B748946
:042492000112CB0167
:0424930079090002C1
:04249400001A20B258
:042495000002150626
:04249600000A5D2FAC
:0424970000026326B6
:042498000003152701
:042499000006032214
:04249A001527069B61
:04249B002507000011
:04249C00150700041C
:04249D00209A00057C
:04249E0028140008F6
:04249F0029A2FFFF70
:0424A000089BFD3464
:0424A10000001527FB
:0424A2000001E7044A
:0424A3000010A5047C
:0424A400F9E48722AE
:0424A500000802A287
:0424A60080A0169765
:0424A700F49C00AAF7
:0424A800071B2CFBE7
:0424A9000001B83442
:0424AA000001A83451
:0424AB0000040FC05A
:0424AC0000038C4459
:0424AD00C416002031
:0424AE00004094EE68
:0424AF006F60BDC4D9
:0424B0006EB4AD4415
:0424B1000041A4F64C
:0424B200FCFA85A209
:0424B30006A31093D9
:0424B400080014E622
:0424B50058C004A364
:0424B60058C0000802
:0424B7001CCC000831
:0424B80022EB100003
:0424B900834C1697A3
:0424BA0098341CAB8B
:0424BB009034000257
:0424BC009CC40300B9
:0424BD00803B8F9C35
:0424BE009484883B3F
:0424BF001697140850
:0424C000147A825CAC
:0424C100103BFEFED0
:0424C2007FE101298C
:0424C30000012834B8
:0424C4006F402944F8
:0424C500F83A0002DF
:0424C60000012834B5
:0424C7006F2C294409
:0424C800F82E0002E8
:0424C90000012834B2
:0424CA006F1C294416
:0424CB00F8220002F1
:0424CC0000012834AF
:0424CD006F482944E7
:0424CE00F8160002FA
:0424CF0000012834AC
:0424D0006F402944EC
:0424D100FB0C0002FE
:0424D20000012834A9
:0424D3006F2C2944FD
:0424D400FB00000207
:0424D50000012834A6
:0424D6006F1C29440A
:0424D700FAF4000211
:0424D80000012834A3
:0424D9006F482944DB
:0424DA00FAE800021A
:0424DB000120FC617F
:0424DC00A034485789
:0424DD00A83403001C
:0424DE00B034030013
:0424DF00813B03003A
:0424E000883B917B29
:0424E1008000E15442
:0424E2001830A50405
:0424E3001970AD447B
:0424E4001840B58463
:0424E50083041697BF
:0424E6000002147A62
:0424E700243B7C61B5
:0424E80000006E8002
:0424E9002C7B1EA387
:0424EA007400243B1B
:0424EB00E0A8000065
:0424EC0016979000AF
:0424ED000CAB84842C
:0424EE008468169751
:0424EF00C402B8A0CB
:0424F000000090AFA9
:0424F10082FC2697AC
:0424F2004C04242052
:0424F3006D404301F4
:0424F4002697000027
:0424F50098BB828C82
:0424F600A0A0035B44
:0424F7001033580244
:0424F80000005FC0C1
:0424F900000518843E
:0424FA00001910DED7
:0424FB001F1B0AA3F6
:0424FC007F80183392
:0424FD0018130006AA
:0424FE00006018D48E
:0424FF005802A4E0FB
:04250000900018A887
:042501006E80243B89
:0425020030AB0000FA
:0425030082FC269799
:042504004C0424203F
:042505006D404301E1
:042506001E9700001C
:0425070016D983C49A
:04250800A8E024C95A
:04250900E0E85803AB
:04250A001697900090
:04250B000CAB84840D
:04250C008464169736
:04250D00C402B8A0AC
:04250E00000090AF8A
:04250F0082C81697D1
:042510005813B4E0C8
:0425110014A014916D
:04251200101AEC02AD
:04251300029B000225
:04251400900014E837
:04251500E783025105
:0425160081A9FFE1B7
:042517000001192680
:042518002B7322F30C
:04251900103B33330D
:04251A001B931BB341
:04251B0083C416B7A8
:04251C00070A00E2C8
:04251D0082E41E979F
:04251E000050189AB7
:04251F0082902697E9
:042520005FC0283B35
:0425210080840000B2
:04252200141E00067D
:0425230006A30019F2
:042524007F801F1B7A
:042525001834000660
:042526001414033F47
:0425270018C400C014
:0425280010E810E0C7
:0425290018349000D2
:04252A0018C4033F8F
:04252B0010E812E0C2
:04252C0020349000C7
:04252D00183B030054
:04252E0000E02104A4
:04252F0082602E9701
:0425300006C028FABF
:0425310083C406B7A2
:042532003903103B1E
:04253300148B12D320
:0425340010AB1233A3
:04253500833836971A
:0425360083342E9725
:042537006B3C2004D5
:042538000000470058
:0425390083F8169776
:04253A000300B034B6
:04253B00C4150020A3
:04253C00003098973C
:04253D0000E8B58479
:04253E0004009CCC2D
:04253F0082902697C9
:0425400006B7283B77
:0425410006B78294C3
:042542005FC082985C
:0425430026970000D7
:04254400288182DC8C
:0425450082D426977F
:0425460020A08491BC
:042547000092EC040E
:04254800203B000232
:04254900834416971A
:04254A00201A06ABA2
:04254B00031B00026C
:04254C00827C969760
:04254D00000114AEC7
:04254E0014A606A326
:04254F000EA30007D0
:0425500083A41697B3
:04255100111608ABAC
:0425520002A30002DE
:04255300BE97051B0F
:0425540036978274C0
:0425550005E282D049
:042556002E97013E7D
:04255700316083D498
:042558002944EC0521
:042559003E970003A6
:04255A0031E08338B1
:04255B0005EAEC1190
:04255C0014A6012A96
:04255D0000A20001D7
:04255E00BDEE0128A5
:04255F00BC6000015B
:042560004C89C402DC
:04256100209AA5C156
:04256200E697011ED9
:04256300135382C0CC
:0425640082B03E976C
:04256500E85407200F
:042566001313944176
:042567000180A50446
:04256800C408002083
:04256900C40915206C
:04256A0081644EB783
:04256B00289A147B1B
:04256C00895A00FA8E
:04256D00834100FEA8
:04256E0021FB2C3BE6
:04256F004AB343F335
:042570007A403A7300
:0425710043D300153B
:042572003A534A93FB
:0425730000FF420C17
:04257400C40248A0B5
:04257500022A5041A5
:0425760016B7000490
:0425770016978164CE
:04257800217B813C06
:04257900111A803B78
:04257A00289A00CECD
:04257B00CA8100D041
:04257C00C00B29FB6C
:04257D0000157A408B
:04257E0016B7042B5D
:04257F001697829891
:04258000269783A86F
:042581003E9783A45A
:0425820028898164BF
:04258300169718ABE4
:0425840026978368AB
:042585002889836CB2
:04258600A7200CABD3
:0425870011D2C402A7
:04258800E560000406
:042589002697C415B8
:04258A001B13829805
:04258B00C402A920BD
:04258C00C40525203D
:04258D002E81574103
:04258E00000228928D
:04258F00449F117BD9
:04259000F501FFFB57
:04259100816416B794
:04259200422E803B1A
:0425930024A6000179
:0425940011E000074B
:042595000222C40951
:042596006F230002AD
:042597002D202F3B89
:04259800289AC405B4
:04259900C00B005C17
:04259A0016B7082B3D
:04259B004EB7816452
:04259C0004EA829833
:04259D001034005C9A
:04259E001097000290
:04259F00B0A08ECC8E
:0425A00010A8580225
:0425A10026978000F9
:0425A200108C8164B4
:0425A30020921FFF64
:0425A400029B003C5A
:0425A5007FE101A928
:0425A600D943283BB2
:0425A7000001B80473
:0425A8000020DB83B1
:0425A900DAC3C417B6
:0425AA00DA4382513D
:0425AB004004049153
:0425AC00DF43000108
:0425AD00E003803B8C
:0425AE00021B0911F2
:0425AF00203BE503E5
:0425B000E0A0E5C3FF
:0425B100021BC40243
:0425B200283BF103CE
:0425B30016B7F20362
:0425B400E6978164C1
:0425B500169782C033
:0425B600269781647F
:0425B700072082D0A7
:0425B8001273E84C66
:0425B9004C0424604A
:0425BA000180930405
:0425BB00E41090A0F8
:0425BC0083381697B3
:0425BD0082C8369703
:0425BE0082B8A697A2
:0425BF002697A88132
:0425C0004C8982B010
:0425C1004C17A5E02E
:0425C2000109891171
:0425C30083AC5697F8
:0425C400C40491209A
:0425C500B8A0288111
:0425C60002A2E41772
:0425C700233B008E24
:0425C80083302E9797
:0425C900B92085911F
:0425CA004549C404B7
:0425CB0083341697A8
:0425CC00C40B2320F9
:0425CD00815426B758
:0425CE005EB74C891F
:0425CF005541815899
:0425D000010B1404E3
:0425D10002A25541CC
:0425D200103B006654
:0425D300827CBE97B1
:0425D4008340769733
:0425D500829C6E97DF
:0425D600029BD5414E
:0425D7004C0FA0A065
:0425D800FF281004C4
:0425D900E40C60A00E
:0425DA00000515EEF5
:0425DB004C0E33A0CF
:0425DC0000C06B448C
:0425DD0015E644A318
:0425DE0038A300011D
:0425DF008274169755
:0425E000000110AE38
:0425E100049B34A380
:0425E2004C02A0A067
:0425E300C40278A016
:0425E40070A07491DE
:0425E50068A0C40224
:0425E60060A0C4022B
:0425E70016B7C4025D
:0425E80011528138D3
:0425E900E560001891
:0425EA00AA03C41567
:0425EB00EE03203BA0
:0425EC00F303133BA7
:0425ED00000715EEE0
:0425EE0013FBF9439F
:0425EF00D541F9C316
:0425F0008298169720
:0425F10083D02EB7AE
:0425F20014A012B36C
:0425F300115AC402B3
:0425F400111AFFD4E5
:0425F50012DAFFD027
:0425F600409BFFCC3B
:0425F700029BCC81F6
:0425F8004C0420A0CF
:0425F9002C7354B338
:0425FA004D098911ED
:0425FB000B09343361
:0425FC0023F35D095F
:0425FD0000067CC098
:0425FE0083D45E978D
:0425FF00816016B72A
:04260000341323D399
:0426010054932C536F
:0426020000045892E6
:0426030081605EB7DD
:042604008160169744
:042605000112C501F8
:0426060004E20006E4
:04260700F0C3FE74AA
:0426080030A0FE9B65
:042609004D094C0B20
:04260A00582054B34D
:04260B002AE0180B9E
:04260C0022E0380B85
:04260D002697580BA9
:04260E00035B828C5C
:04260F00815C5EB7D5
:0426100034735C3390
:042611005FC023F390
:0426120000A0000024
:042613005C1348E22A
:04261400C40290A0CC
:04261500FF4E12DA88
:04261600000115EEBC
:04261700345323D342
:0426180010A3549324
:0426190000074DEE7B
:04261A000008026250
:04261B0081B01697DD
:04261C00017800A29F
:04261D0083F8169791
:04261E00148BC495C0
:04261F00016C00AAA0
:0426200082E41697A3
:042621000002109E05
:04262200016000A2B1
:04262300015C201224
:042624000780100417
:04262500FF0E12DAB8
:04262600015402A2B7
:0426270014A0103BB0
:042628001A93C41627
:0426290018A0125390
:04262A000720E4128F
:04262B0014A0E822ED
:04262C00959AE41285
:04262D001213014241
:04262E002DBB0AAB0B
:04262F006CFD20041A
:04263000000047005F
:04263100033F20340F
:04263200310021044E
:042633000000630040
:042634009000B0A8BA
:04263500000804E2B3
:0426360081642697FE
:042637000000F4C0EB
:0426380081609E9788
:04263900C4120020A7
:04263A00825C169711
:04263B00010E14BABE
:04263C00815C9E9788
:04263D00C4120020A3
:04263E00825C16970D
:04263F00012014BAA8
:04264000EC10A420D6
:0426410081741697F3
:04264200826C2E97E1
:04264300115202012D
:0426440028BB0002AD
:0426450082C81E9792
:042646008160169702
:04264700815C2697F5
:0426480048814689F6
:0426490000007F40CE
:04264A0016B720BBE4
:04264B00EE008148D4
:04264C0026970000CD
:04264D00850081483B
:04264E0020BB0000AD
:04264F00814416B7F5
:042650000000D08036
:04265100814C06B7FB
:0426520000027F8083
:0426530082C4269780
:042654000120283BFE
:0426550026B7E84478
:04265600A980815086
:04265700103400003B
:0426580086B70340FE
:042659001084814028
:04265A0080A88410C0
:04265B0010349000A7
:04265C001084033FA4
:04265D0080A80E4003
:04265E0010349000A4
:04265F001084033FA1
:0426600080A82E40E0
:042661001697900038
:0426620008AB8484B9
:0426630084901697B2
:04266400007080B7CB
:0426650081582697DB
:042666000000D84058
:04266700033F2034D9
:0426680081548E9774
:042669001000210438
:04266A000000630009
:04266B00900088A8AB
:04266C00827C1697BF
:04266D00000510AEA6
:04266E00008E00A238
:04266F0081548E976D
:04267000033F2034D0
:04267100120021042E
:042672000000630001
:04267300900088A8A3
:04267400827C1697B7
:04267500000510AE9E
:0426760086970EAB8A
:0426770080198254F0
:0426780082541697DB
:042679000084143A8B
:04267A001B83803B03
:04267B00D483103BB9
:04267C00069B9D918B
:04267D00D4C34C89ED
:04267E00C416E5A0F9
:04267F001E97D68349
:04268000103482FC94
:0426810024BB000274
:042682004C031CA049
:04268300000194843A
:04268400288624C1BF
:042685002CE0995854
:042686009040E40597
:04268700D903000370
:04268800827C1E979B
:04268900000518E64A
:04268A00849912E33A
:04268B00000C90A20D
:04268C0082C016975B
:04268D00E82200A09F
:04268E00C41314E07D
:04268F002CFB24BB41
:04269000000936C047
:04269100000194842C
:042692008697D5C38F
:0426930080198258D0
:0426940082581697BB
:04269500FF64143298
:0426960082C02E9739
:042697000011243BCF
:04269800E8250160D0
:04269900DA005341CF
:04269A00FC830000BD
:04269B0082C02E9734
:04269C000011243BCA
:04269D00E8250160CB
:04269E00E5005341BF
:04269F00EC03000048
:0426A000827C16978B
:0426A100000118AE6E
:0426A20000A800E2AA
:0426A300000718AE66
:0426A40000A000E2B0
:0426A500000510AE6E
:0426A600009C00A2F2
:0426A7002401509B1F
:0426A8001834149935
:0426A900080B000218
:0426AA0028D7368176
:0426AB0009118ECCB7
:0426AC00000079C0F1
:0426AD00800010A8F1
:0426AE004B6200A0DB
:0426AF0030C126FD13
:0426B000EB6200A039
:0426B10004E500112B
:0426B20082401697B5
:0426B300143A049938
:0426B4005C40FFAED9
:0426B500803B000264
:0426B60082401697B1
:0426B700143A049934
:0426B8001213005A9F
:0426B900169744AB81
:0426BA003E97815472
:0426BB00369781606D
:0426BC0011F38298FC
:0426BD008158169793
:0426BE0081642E976E
:0426BF006D3B20044B
:0426C000169711B3A5
:0426C10011738140D0
:0426C200814C16979A
:0426C3001697113322
:0426C40010F381503E
:0426C500814416979F
:0426C600169710B3A0
:0426C70010738148C3
:0426C800815C169784
:0426C9004700103383
:0426CA00169700005F
:0426CB00049183C42F
:0426CC00F9360002D9
:0426CD00ECC3589B67
:0426CE00EC43489BF6
:0426CF00827C16975C
:0426D000000118AE3F
:0426D10018AE30E32C
:0426D2002AE30007F0
:0426D300000510AE40
:0426D400509B28A34C
:0426D500149924012F
:0426D60030C126FDEC
:0426D700000030C708
:0426D80000021834B0
:0426D90028D7368147
:0426DA00080B8ECC8F
:0426DB00F5400911AC
:0426DC0000110005E4
:0426DD00589BEC43D7
:0426DE00489BFB43D7
:0426DF0002DBFAC35D
:0426E000F8F4000208
:0426E1002E971CD93B
:0426E2005D4181C411
:0426E30029490B5521
:0426E40090001168E9
:0426E50081C02E97EB
:0426E6000B555D41F2
:0426E7001168294904
:0426E80006D1900087
:0426E900F9140002DE
:0426EA001D99EB81CA
:0426EB0000021034A5
:0426EC0089D41084F9
:0426ED00000218349B
:0426EE0083C42EB7BC
:0426EF0089D400F793
:0426F00028B51CB538
:0426F100003BE009C1
:0426F2000002183496
:0426F30089D418C4AA
:0426F400250114D5D3
:0426F5008000292810
:0426F60008E326D5FA
:0426F700800018A89F
:0426F800900019280D
:0426F900900028A87D
:0426FA00003BE009B8
:0426FB000002103495
:0426FC0089D41097D6
:0426FD0083C406B7D5
:0426FE00003BE009B4
:0426FF00BA80D821A4
:04270000803B000911
:04270100825816974D
:042702000040143A45
:04270300000290340C
:042704008F9C94848E
:042705000300A034F9
:0427060000209CBB58
:04270700803BC4153A
:042708001970A5049B
:04270900825C169741
:04270A000118143A64
:04270B001697803B62
:04270C00143A826099
:04270D00803B0112FA
:04270E008254169744
:04270F0000049484AA
:04271000013E143A38
:04271100C9FC3EE8D9
:042712000009BEC834
:042713006440243BBF
:0427140020BB0000E6
:042715000009BC807B
:042716006C40243BB4
:0427170020BB0000E3
:042718000009BC8078
:0427190048520420FE
:04271A0081CC1697C1
:04271B000400200492
:04271C0090A0001178
:04271D000A95C40253
:04271E00000079C07E
:04271F0088BB20BB98
:042720000009BC8070
:04272100BC804851DF
:0427220016970009FD
:04272300811B81D0C5
:04272400C40290A0BB
:0427250079C00A95D8
:0427260020BB0000D4
:042727000009BC8069
:042728002C7BEC43D7
:042729007080243B5D
:04272A0020BB0000D0
:04272B000009BC8065
:04272C00243B2C7BA3
:04272D000000740034
:04272E00BC8020BB90
:04272F0016970009F0
:042730001EA3838CD5
:0427310082FC269769
:042732004C0424200F
:042733006D404301B1
:0427340026970000E4
:04273500191983C427
:04273600A1202509B0
:04273700BC80580406
:0427380025BB0009B4
:0427390000006D40EF
:04273A00211B28BB7C
:04273B00000079C061
:04273C00B0BB20BB53
:04273D000009BC8053
:04273E0000102584DE
:04273F000009BC8051
:042740001697025195
:04274100AC60830401
:04274200147AC4162B
:042743001697FF9452
:0427440026AB834CF1
:042745006840243B89
:0427460020BB0000B4
:042747000009BC8049
:0427480001202CD769
:042749000400200464
:04274A00000079C052
:04274B0088BB20BB6C
:04274C000009BC8044
:04274D00BC804851B3
:04274E00001100096D
:04274F0000049CC422
:04275000DC03ADBB3E
:04275100F743883B87
:0427520077C0243BED
:0427530020BB0000A7
:042754000009BC803C
:0427550016971219A8
:04275600091B81C416
:0427570022810011CA
:0427580079C00A95A5
:0427590020BB0000A1
:04275A000009BC8036
:04275B0081C016978C
:04275C002281111BAA
:04275D0079C00A95A0
:04275E0020BB00009C
:04275F000009BC8031
:04276000243BD583BE
:04276100000078C03C
:04276200BC8020BB5C
:042763002C970009A6
:04276400811B011CB8
:0427650079C0001126
:0427660020BB000094
:042767000009BC8029
:04276800003BD2C39D
:04276900292A317B6D
:04276A00293B0008FF
:04276B00BFC8203B88
:04276C00E009000977
:04276D0083FC16973C
:04276E00E0092881D5
:04276F000009190440
:0427700083FC169739
:04277100368116D9BE
:0427720012EB06D58B
:0427730029323A9538
:0427740000E0000C75
:0427750007236BC407
:042776002681F6CBF7
:04277700103BE0092A
:04277800003BE00939
:042779008A29FFE1C9
:04277A0026B7A17B62
:04277B00DBC083CC70
:04277C0080BB000915
:04277D0083F816B710
:04277E000006152E0E
:04277F00141708A380
:0427800016B7004048
:0427810016978170B6
:042782004C06817010
:0427830082050009C2
:04278400108C10F3B2
:0427850016B704007F
:04278600A405816CB9
:0427870000135406E1
:0427880000146C06C7
:04278900827416B789
:04278A002C063415D0
:04278B00240600160A
:04278C0016B7001765
:04278D00140682703C
:04278E00E40600104D
:04278F00924C001850
:0427900016B700FF79
:042791001406826C3C
:042792008EB70015E9
:0427930096B7827CF7
:042794001033827804
:04279500826016B791
:04279600001914060C
:04279700826856B747
:0427980082646EB732
:0427990016B711B3AB
:04279A00140682504F
:04279B002EB7001A3B
:04279C0026B7825C7E
:04279D00E6B78258C1
:04279E0011F382545D
:04279F00824C16B79B
:0427A000001F1406FC
:0427A10083FC3E97E0
:0427A20000361C0ED3
:0427A30016B7123320
:0427A400140682484D
:0427A5003406001BDB
:0427A6005C060025A8
:0427A7001073002685
:0427A800824416B79A
:0427A90000211406F1
:0427AA00002764069A
:0427AB0016B737C165
:0427AC00140682404D
:0427AD0036B7001E1D
:0427AE005EB7822C64
:0427AF001133822838
:0427B000823C16B79A
:0427B100001C1406EE
:0427B200822466B760
:0427B30082201EB7AB
:0427B40016B71273CF
:0427B500140682384C
:0427B60012B3001D3D
:0427B700823416B79B
:0427B80000201406E3
:0427B900823016B79D
:0427BA000001146E98
:0427BB00146E0EA3E7
:0427BC0000A2000770
:0427BD00146E097A13
:0427BE007CAB0005EB
:0427BF0000061526D5
:0427C00004D576AB1B
:0427C10000FF708C19
:0427C200CD0810A08E
:0427C300821416B7AF
:0427C400821C76B746
:0427C500000714668F
:0427C60024D15EA319
:0427C7000022740672
:0427C800000C788405
:0427C900484E03A0D3
:0427CA00C40370E0F4
:0427CB0001F078FAA7
:0427CC000000709702
:0427CD00820876B751
:0427CE0000047097FC
:0427CF00820476B753
:0427D00000087097F6
:0427D10076B713FBC9
:0427D200708482008D
:0427D30070FA001088
:0427D400069501DC89
:0427D50081FC1EB7AE
:0427D6001EB716957F
:0427D700269581F8CA
:0427D8001EB734955F
:0427D90016B781F4BA
:0427DA00169781F0DD
:0427DB0000AA81B01F
:0427DC00029B01D289
:0427DD0081EC16B7BE
:0427DE00FFF7949FCE
:0427DF00000214AE32
:0427E00083A816B7FD
:0427E100000414AE2E
:0427E20083A416B7FF
:0427E300CC63126051
:0427E40016B712F31F
:0427E500146E83A04B
:0427E60016B700051D
:0427E700105383AC5C
:0427E8000010724C1F
:0427E900CC844A60F2
:0427EA00839C4EB7C7
:0427EB00840006B7A9
:0427EC0050B2183B94
:0427ED0048530194B8
:0427EE0082F01EB7A0
:0427EF006A72103BBF
:0427F00016B7019087
:0427F10003AA82F4C1
:0427F20086D9000C78
:0427F3001EB78499F0
:0427F40016B782F0A2
:0427F50012D382F485
:0427F60000451C0678
:0427F700004A4C0E3A
:0427F8006C0A12A0B5
:0427F90049E014D9C6
:0427FA0056B7C40901
:0427FB00126082E402
:0427FC001173C4028F
:0427FD0081D816B7B2
:0427FE00002314069A
:0427FF0081DC4EB774
:042800000006A52EFB
:04280100149926817F
:04280200C40212609A
:0428030081D416B7AF
:04280400002A05227F
:042805000001146E4C
:04280600146608A3A9
:0428070000A2000724
:0428080014A60142CF
:0428090000A2000425
:04280A001153013035
:04280B00001410861F
:04280C00CCE718A05D
:04280D001EB7948BD3
:04280E0016B7821067
:04280F00146E8218A9
:0428100008A3000118
:042811000007146642
:04281200012000A2FF
:04281300821816977A
:04281400832416B74C
:042815000001146E3C
:042816001C6608A391
:0428170000E20007D4
:042818007686010EB1
:0428190000A2821087
:04281A0044DB010C8E
:04281B000020113B4D
:04281C004013C4148D
:04281D00010240B2C2
:04281E000020113B4A
:04281F0028B2C41304
:042820000722010486
:04282100103B011453
:04282200830816B75A
:04282300832C76A7E5
:0428240083281EB730
:04282500830CA6B7C3
:0428260083109EB7C6
:0428270081E406B78B
:0428280081E006B78E
:042829000024152E44
:04282A0000F400A214
:04282B000012B52EB4
:04282C0082F8B6B7C1
:04282D00002414EE81
:04282E0000EA00A21A
:04282F00001214EE91
:04283000109310B33E
:0428310000466C0EE3
:0428320016B736F3AC
:04283300029B82FC86
:042834004C03B0A001
:04283500C40D69E085
:042836001BB35F333E
:0428370083001EB745
:042838006773189317
:04283900183B468979
:04283A0016B7133387
:04283B0010348304CE
:04283C001084000202
:04283D001633942C8E
:04283E000002103450
:04283F00941C108451
:0428400010341673C7
:0428410010840002FD
:0428420016B393D462
:04284300268136BDF7
:04284400006030C43C
:042845000000709788
:04284600C40CD9A045
:042847001503103B2A
:04284800820806B745
:04284900820406B748
:04284A00C40E002098
:04284B00029BC30326
:04284C0081F816B742
:04284D002EE0100465
:04284E0081F416B744
:04284F0081FC06B74B
:04285000C443029BE0
:0428510081EC06B759
:0428520050A0C5C30A
:0428530006D1E402C4
:042854006A60CC03E7
:042855000491E409FD
:042856001257CC83C6
:0428570018A00018AD
:04285800DA03CCC60D
:04285900821006B72C
:04285A00821806B723
:04285B00DC03103B4F
:04285C00C40E002086
:04285D00183BDE83C3
:04285E004013DE4302
:04285F000001A504CB
:04286000E40240A0AE
:04286100AA81DD83E8
:0428620000019CC411
:04286300E360DE034D
:042864000491E40DEA
:04286500FFF6E37225
:04286600693BDDC32A
:04286700FE83103BA1
:042868000002B004B6
:04286900049BE143A8
:04286A001C99E2C310
:04286B0000005B17F7
:04286C00C40B32E087
:04286D00C40613602A
:04286E0004910D853F
:04286F0049A601A0D5
:04287000030031B47C
:04287100000032F73A
:04287200FFDE70A273
:04287300136026D1F7
:0428740010EEC40D91
:0428750000AA000CA9
:042876001034FF32E9
:0428770010840002C7
:0428780017B38ECC38
:042879000002103415
:04287A008F9C10849B
:04287B00146E17F3CD
:04287C0000A20001B5
:04287D00146E010CC8
:04287E0000A20007AD
:04287F00249B010491
:04288000183414995B
:0428810018C4000275
:0428820026818F9C80
:0428830016F71373BE
:04288400103400808C
:0428850010840002B9
:0428860016F7902C85
:042887001034008485
:0428880010840002B6
:0428890016F790743A
:04288A00103400887E
:04288B0010840002B3
:04288C0016F790BCEF
:04288D001034008C77
:04288E0010840002B0
:04288F0016F7914C5B
:04289000110400909F
:042891001499006C2A
:0428920016F726818E
:04289300146E00942B
:0428940000A200019D
:04289500146E00B00D
:0428960000A2000597
:04289700609B00AC96
:042898004DBD4BF3F4
:04289900D00909A8B1
:04289A0010132BB537
:04289B0000B026F76C
:04289C0000022034E2
:04289D0000A416F786
:04289E0000A816F781
:04289F000048140ECB
:0428A000FB5B499BFA
:0428A100938C2104EF
:0428A200C41511E068
:0428A30000ACE6F7A8
:0428A40000B406F77F
:0428A5000016628037
:0428A60000022034D8
:0428A700FB5B499BF3
:0428A80093B02104C4
:0428A9000016628033
:0428AA0000022034D4
:0428AB00283B919B9A
:0428AC008A7C2104FD
:0428AD00001662802F
:0428AE0060344BD374
:0428AF001684000289
:0428B000303B81E454
:0428B100938C63049D
:0428B200146E14B3D9
:0428B30001AA000175
:0428B400B834058EA1
:0428B500BDC400029C
:0428B60032A393D4E2
:0428B700000714669C
:0428B80015992CAB97
:0428B9001884313D11
:0428BA0048C1007C95
:0428BB00FFBC19172E
:0428BC001BF3203BAF
:0428BD0024C13CFDF9
:0428BE0011AE143310
:0428BF00147300018D
:0428C000489B7B8333
:0428C100689BDF43EE
:0428C2004C9BEAC37E
:0428C3001184EA434F
:0428C40010BEFFFD46
:0428C500CAAB000298
:0428C60011A60D91B9
:0428C700AAA30008B8
:0428C80081E4B6975A
:0428C9000002A8342D
:0428CA00938CAD44FA
:0428CB0000022034B3
:0428CC002D7B35BB70
:0428CD0093B021049F
:0428CE00610048B3AA
:0428CF0014E60016F5
:0428D000B6B7000493
:0428D100489381E0C7
:0428D200042C00A230
:0428D30000021034BB
:0428D400938C10864B
:0428D50000011D469B
:0428D600A00218A0A4
:0428D700838C16B721
:0428D80000021034B6
:0428D900914C10848A
:0428DA0081D016B7DC
:0428DB0081CC16B7DF
:0428DC0000021034B2
:0428DD0090BC108417
:0428DE0081C816B7E0
:0428DF0000021034AF
:0428E0008F9C108435
:0428E10081BC16B7E9
:0428E2001C6E135302
:0428E30016B7000123
:0428E40000E281B8D5
:0428E500146E03E882
:0428E60000A2000745
:0428E700069B03E069
:0428E800313D1499D1
:0428E900007C1084DB
:0428EA00109728819A
:0428EB0016B7FF9C81
:0428EC0000E281C4C1
:0428ED00146E03CC96
:0428EE0000A200073D
:0428EF00089B03C47B
:0428F00030FD14990A
:0428F1000014225756
:0428F200007C1084D2
:0428F3001097268193
:0428F400B466FF9C2B
:0428F50016B7000111
:0428F600140681C083
:0428F70016B70012FE
:0428F8001406833807
:0428F900A68B001199
:0428FA00CCE710A077
:0428FB0083341EB74D
:0428FC00833016B758
:0428FD0000071C664E
:0428FE00038A00E267
:0428FF00908611535B
:04290000948C0007AC
:04290100C0150001FC
:04290200836896B799
:04290300836C06B724
:042904000020842CFF
:0429050081B086B760
:04290600038C00E25C
:04290700039404220F
:042908000001103486
:042909006E5C10846C
:04290A00811016B76B
:04290B00039000E253
:04290C00039204220C
:04290D0016A7349B3A
:04290E000422810C12
:04290F001034038CF1
:04291000108400012E
:0429110016B76E4443
:042912000422810812
:042913002C9B038274
:04291400810416A77D
:04291500037C042219
:042916000001103478
:042917006E28108492
:04291800810016B76D
:04291900037204221F
:04291A0016A7369B2B
:04291B001C6680FCBA
:04291C0000E20005D0
:04291D0012570368E2
:04291E0040A00008CD
:04291F0046B7CC8467
:0429200000E28358F6
:042921001257035EE8
:0429220010A00008F9
:0429230016B7CCC651
:0429240000E28354F6
:042925003A570352C8
:0429260039E000088C
:0429270004A2CCA595
:0429280005A2034AB7
:0429290010D3034C78
:04292A000040A89C25
:04292B00CCC6AD6009
:04292C008364AEB75B
:04292D008360AEB75E
:04292E00033C072A35
:04292F00033C05A2BE
:04293000CD4A192053
:0429310083501EB7FA
:04293200033405A2C3
:04293300CD6BB9208F
:042934008348BEB75F
:04293500032E05A2C6
:04293600CD8C912093
:04293700834C96B780
:04293800032805A2C9
:04293900108C10D31B
:04293A0000A20040B7
:04293B00157B031EE7
:04293C00835C16B7EB
:04293D000002103450
:04293E001084031BE3
:04293F0018B59948E6
:0429400038B528B5C9
:042941008048168430
:042942002834228192
:042943000C850002FD
:042944009948217716
:04294500838026B7AE
:042946000002203437
:042947002104035B09
:042948001973997CEA
:0429490040B338F36C
:04294A0083C806B781
:04294B000016628090
:04294C00195311D337
:04294D0016F738D36E
:04294E00119300B829
:04294F004834409335
:0429500016F7000274
:04295100121300BCA1
:042952005EC45D7D85
:0429530016F700DC97
:04295400105300C05C
:04295500997C4A44DB
:0429560000C416F7AC
:0429570016F711134B
:04295800129300C80E
:0429590000CC16F7A1
:04295A0016F7125307
:04295B00111300D084
:04295C0000D416F796
:04295D0016F7105306
:04295E00245900D820
:04295F00203422817D
:0429600048810001A9
:0429610061060D55A9
:0429620061BA71AC39
:042963002B51028270
:04296400596204911F
:0429650005A2FFE8E0
:042966000562028E76
:042967001034000820
:0429680000A70002C2
:04296900273B99A5CA
:04296A002813103BE3
:04296B00029A293271
:04296C00831816B7FF
:04296D00029A04AA1C
:04296E0016B7173B46
:04296F00B8E082EC5E
:0429700005E258170D
:04297100002000043E
:042972002CFBC41C5A
:04297300E6B7253B63
:042974005A0082E89B
:0429750016B7000091
:042976001034831482
:0429770010970002B3
:0429780016B7942CCE
:0429790012D38320D2
:04297A001034169966
:04297B0024C1000271
:04297C00942C1097F0
:04297D000300183407
:04297E00020018C477
:04297F00042A268977
:04298000203B0254A2
:0429810016B7183B32
:042982001034831C6E
:042983001084034079
:0429840016B78240C0
:0429850010348194F5
:042986001084034076
:0429870016B78244B9
:0429880010348190F6
:042989001084034073
:04298A0016B78248B2
:04298B001034818CF7
:04298C001084034070
:04298D0016B7824CAB
:04298E0010348188F8
:04298F00108403406D
:0429900016B78250A4
:0429910010348184F9
:04299200108403406A
:0429930016B782549D
:0429940010348180FA
:042995001084034067
:0429960016B7825896
:042997001034817CFB
:042998001084034064
:0429990016B7825C8F
:04299A0026B7817863
:04299B001EB7819C46
:04299C000A298198EB
:04299D0014997FE129
:04299E000001AD4443
:04299F00C40215E079
:0429A0000000589744
:0429A10010C3117BD3
:0429A20065F32CFBB2
:0429A3004D7335B388
:0429A40024F35D3388
:0429A50000005A00D4
:0429A6005D1324D3C6
:0429A70035934D53C4
:0429A800189365D348
:0429A9007C932B13DD
:0429AA006B3B4689B4
:0429AB0002E05A816B
:0429AC00136069BF8C
:0429AD005AE0C40E1A
:0429AE002B60CEAD1F
:0429AF001386C405C2
:0429B00058AA000021
:0429B10010A6001656
:0429B20000A200FF80
:0429B30013D700A096
:0429B400FBA700007D
:0429B5000491000089
:0429B600000013F713
:0429B70013D309111C
:0429B800FC34112AB0
:0429B90000002D46A7
:0429BA00CCE41160F8
:0429BB0059665B4BB3
:0429BC0002E2000F24
:0429BD005D46FF80F4
:0429BE0028340001B8
:0429BF00AD44000221
:0429C00002E000022F
:0429C1002AE0484B75
:0429C2005957C40598
:0429C3001C1393D47A
:0429C400484D012059
:0429C5000AD5349962
:0429C600580258A0BB
:0429C700C40569607A
:0429C800145305752A
:0429C90011AE44A364
:0429CA0000A2000364
:0429CB0011AE012E1A
:0429CC0000A200065F
:0429CD0011AEFF52F6
:0429CE00A0AB0007B3
:0429CF0065F32D3B44
:0429D0004D7335B35B
:0429D10024F35D335B
:0429D20000005A00A7
:0429D3005D1324D399
:0429D40035934D5397
:0429D500683465D32A
:0429D600B0A00002AB
:0429D7002B934C02F0
:0429D80093B06B4409
:0429D90081E07E8497
:0429DA00113BE84382
:0429DB007384E68398
:0429DC007162000123
:0429DD00EC83FF4840
:0429DE000002103BA8
:0429DF00029BFBDE7E
:0429E000049B83C30E
:0429E10005A2874381
:0429E200110C0012C2
:0429E30012A3000734
:0429E400000214AE2B
:0429E50094AE0CA3FD
:0429E6008D43000419
:0429E700C4120020F6
:0429E80090048C8348
:0429E9008BC300019B
:0429EA001034102372
:0429EB001084000153
:0429EC008E836E78F0
:0429ED00802C1684A0
:0429EE0016848DC3FB
:0429EF008D038030A4
:0429F000369B0423EB
:0429F100069B8E03B0
:0429F20016848D8337
:0429F3008EC38024EB
:0429F4008F830C9B26
:0429F50080201684A4
:0429F600089B90C3E7
:0429F70000209183A8
:0429F8009343C40839
:0429F90094C3103B38
:0429FA009643383B8D
:0429FB000001A8042B
:0429FC00002097C35D
:0429FD009703C41563
:0429FE009903183BE6
:0429FF00988302DBDC
:042A0000C4170020D7
:042A010000209943D5
:042A02009A03C4125D
:042A03009C03103BE5
:042A04000001203479
:042A05006906488195
:042A0600326071F4D5
:042A07000D91C40465
:042A0800C404692079
:042A0900AC43811D3C
:042A0A0000058C66D1
:042A0B00FD760462EE
:042A0C00000802229A
:042A0D00000210347F
:042A0E00998300A701
:042A0F00FD6601E27D
:042A1000000210347C
:042A1100998200A7FF
:042A12002813AB8357
:042A1300CB0104915E
:042A1400103BAB03C5
:042A1500071BAC836C
:042A1600B5430ADBDF
:042A1700DEC3113BCE
:042A18000002B834CC
:042A1900941CBDC488
:042A1A00FA7000AAA4
:042A1B00FA72000249
:042A1C000006152675
:042A1D00F68A00A293
:042A1E00000210FBA7
:042A1F00003BF69EE4
:042A20008E97DC2190
:042A210006B783FC75
:042A22000020833CD1
:042A23003055C41452
:042A2400833C9E97BA
:042A2500018EA42258
:042A26000002203456
:042A2700283B859B28
:042A280099042104E8
:042A290000166280B1
:042A2A0000029034E2
:042A2B0083A0AE973F
:042A2C0099049484F1
:042A2D00C4170020AA
:042A2E00B00484BBB1
:042A2F00BCE0000106
:042A3000048B6C02A5
:042A310025FB36ABA0
:042A32000009DBC0FC
:042A3300488EC8956C
:042A34004086004692
:042A350016B70025AB
:042A3600112C83F8E4
:042A370000AA0010E1
:042A380020DB01603E
:042A390006D9255B3A
:042A3A00303B0B59C9
:042A3B005A01360105
:042A3C00015441BA46
:042A3D000020112C38
:042A3E0081B016B796
:042A3F000001BDC411
:042A4000001015E687
:042A41000002948477
:042A42007455B4A370
:042A4300CD4618A0C4
:042A4400109F0AE3F2
:042A45001094F83FB2
:042A4600747505009E
:042A47000022240E37
:042A480000201C0E40
:042A490028C97455CF
:042A4A00A120031BA9
:042A4B0010A04C0487
:042A4C001C2FCD4628
:042A4D0089110028C3
:042A4E0016A766C998
:042A4F00242F81AC03
:042A5000C48B002C07
:042A5100242F07091E
:042A520010BE002A88
:042A530000A20017C6
:042A5400685500D2EF
:042A55000100210C4F
:042A560000C8012291
:042A5700000238340D
:042A58000100303415
:042A590039C4183B29
:042A5A008D91944482
:042A5B0006D11AD9AD
:042A5C0005555F417C
:042A5D00FE0010ACBB
:042A5E0005752C8945
:042A5F00001010E66D
:042A60001034EAA3A1
:042A610000AF0002C0
:042A62001034994251
:042A630000AF0002BE
:042A64008C449944C1
:042A650040040064C5
:042A6600064D000118
:042A6700FFFF48CC59
:042A680080004A5C44
:042A690080004A445B
:042A6A00CC6010E04C
:042A6B00CD0550E065
:042A6C00CD4A30E03F
:042A6D00CD6B28E025
:042A6E0000400252D0
:042A6F005C0EC48BAA
:042A700012200034FC
:042A710018E04C0914
:042A720044C9CDCEB8
:042A730058095A6044
:042A740000344C2FAF
:042A7500003A4C0EC9
:042A760048E0149987
:042A770025C158031A
:042A7800003A1C2FD5
:042A79001A20069584
:042A7A0006B58F18F6
:042A7B0050A71685C5
:042A7C0018E6000058
:042A7D0000E200FF74
:042A7E0018A5008611
:042A7F001C0EC58BD9
:042A80004889003E43
:042A8100268912513F
:042A8200003E142FCF
:042A83004889C54B6E
:042A840000401C0EE4
:042A85002689091184
:042A86000040142FC9
:042A87000010112604
:042A8800FF7600A233
:042A8900253B5C216C
:042A8A000009DBC0A4
:042A8B00800200A025
:042A8C004C02A0A0B8
:042A8D000001A5049B
:042A8E00580298A0B2
:042A8F00833C16B7B7
:042A900022DBC9C3B9
:042A9100D3C3275B29
:042A9200C4023260E8
:042A93000485244151
:042A940000003C8E74
:042A950015A0A4994B
:042A960038A04C0216
:042A97003CAF5807F1
:042A98000ECD00005F
:042A9900580738A002
:042A9A000BAB0EED87
:042A9B00000139A657
:042A9C00056A0BE3D9
:042A9D000F4D0006D3
:042A9E00056D2E890B
:042A9F00CE030D91C4
:042AA00018E6268589
:042AA10000E200FF50
:042AA20028A5FF72F2
:042AA300003BEDC344
:042AA400833C1697C2
:042AA500048B5889BD
:042AA600003BE00908
:042AA700893BC42182
:042AA800DBC0217BF3
:042AA900188E00097A
:042AAA001697004635
:042AAB00071B83FC86
:042AAC0048B10460C9
:042AAD0000852681F9
:042AAE0000020B8097
:042AAF0003002834C4
:042AB00049B0042005
:042AB100002C294488
:042AB2000300843465
:042AB300ED80243B53
:042AB400309F00054A
:042AB5002834FF9F23
:042AB600238903006D
:042AB700002C294482
:042AB8003EE8243B95
:042AB900F108C80C4C
:042ABA00003B0005D8
:042ABB0082C4169724
:042ABC000699C02196
:042ABD00040020DE13
:042ABE0018040523D0
:042ABF001EB703FF3C
:042AC000189E82A436
:042AC10004E3020028
:042AC20001FF1004FC
:042AC30016B7203BE7
:042AC4008C0082A060
:042AC5002E97000048
:042AC600203B82A48B
:042AC700A5C080BB6B
:042AC8001E97000055
:042AC90010EE827C0D
:042ACA0006A300015E
:042ACB00000718E602
:042ACC001E9716E358
:042ACD0010EB83A0E7
:042ACE008194269732
:042ACF00183444A3D0
:042AD00006D1787F34
:042AD1009000192830
:042AD2001388200441
:042AD300000043803C
:042AD4008C00203B17
:042AD500F69900006E
:042AD60082A4269719
:042AD70000E034C126
:042AD8002092E8233D
:042AD90016B7000428
:042ADA00169782A425
:042ADB0010D282A0F3
:042ADC001EB700041D
:042ADD002C3B82A06C
:042ADE003EE8203B73
:042ADF00A5C8C804BA
:042AE00018340000A6
:042AE100F743747FC4
:042AE2001126FC615C
:042AE300813B000132
:042AE400203B2AABBE
:042AE5000001D040DC
:042AE60000041426AE
:042AE700030800A23E
:042AE800827C16973F
:042AE900000710A62C
:042AEA0016970CA38C
:042AEB00C49583F813
:042AEC002000108C2A
:042AED00471B06A3DA
:042AEE0000020B8057
:042AEF000B803B1B02
:042AF000251B0002A0
:042AF10000020B8054
:042AF20082748E97C5
:042AF30002F4046283
:042AF400827C169733
:042AF500000110A626
:042AF600269714A368
:042AF70028348320DC
:042AF800294403006A
:042AF900ED80009CD0
:042AFA0088A00005AB
:042AFB001034CE7352
:042AFC00B08E000296
:042AFD009697942EE6
:042AFE009E978274A9
:042AFF00A69781E431
:042B0000025182D02C
:042B0100820C8EB7FD
:042B0200003FB58C4F
:042B030083D406B7BA
:042B0400C4150020D4
:042B0500000194AE89
:042B060002AC9D621E
:042B0700832016977A
:042B0800030018347A
:042B0900042018C4C8
:042B0A0018A8268958
:042B0B0018D480005A
:042B0C0018A80010F5
:042B0D0010349000F0
:042B0E001084033FED
:042B0F0002DB184489
:042B1000900018A871
:042B1100033F183432
:042B1200100010049B
:042B1300108418C44E
:042B1400900010E835
:042B1500033F18342E
:042B1600128418C449
:042B1700900010E832
:042B1800033F18342B
:042B1900308418C428
:042B1A00900010E82F
:042B1B00033F183428
:042B1C00318418C424
:042B1D00900010E82C
:042B1E00827C969788
:042B1F00000714A6F1
:042B200016970EA353
:042B2100C49583F8DC
:042B22002000108CF3
:042B2300013A00A2D1
:042B24000002203457
:042B2500283B499B65
:042B26008B202104DB
:042B2700840406B765
:042B280000166280B1
:042B2900838CB6974C
:042B2A0081E4BE97ED
:042B2B000002A034D0
:042B2C000002A834C7
:042B2D000001E5843A
:042B2E00C4130020AC
:042B2F008A7CA504F3
:042B30008B20AD4405
:042B3100024ABCFA9E
:042B3200485204A061
:042B33000001103459
:042B3400C40214A023
:042B3500729C2897CF
:042B36000001103456
:042B3700C40214A020
:042B38007ED820978C
:042B390000026340F3
:042B3A00031B283B16
:042B3B000001818094
:042B3C00827C1697EA
:042B3D000001183447
:042B3E00368114992F
:042B3F007E9828D77D
:042B40000001183444
:042B410030D73681D2
:042B4200103B725C76
:042B430011220999B9
:042B440010340262E5
:042B450010840002F6
:042B460018348DCCE6
:042B470016B703407A
:042B480018C481A08C
:042B4900103B8000BD
:042B4A00025A11A278
:042B4B0082D816977F
:042B4C00000410A6CB
:042B4D00009200A250
:042B4E00827C1697D8
:042B4F00000120AEB3
:042B500018AE112387
:042B510000E2000797
:042B520018AE025265
:042B530000E2000597
:042B540068DB024EEA
:042B550000011EE776
:042B560018AE112381
:042B570000E2000791
:042B580018AE02426F
:042B590000E2000591
:042B5A0072DB023EEA
:042B5B0000021EE76F
:042B5C00023C012214
:042B5D00000718AEA7
:042B5E00023000E25F
:042B5F00000510A6B7
:042B6000022C00A2A1
:042B61002834589B21
:042B620016E703402F
:042B6300203B000310
:042B64008000294480
:042B6500000116C491
:042B66000685288137
:042B670081A016979C
:042B68000002303403
:042B690016D90ED992
:042B6A00048D2E8127
:042B6B002AC96DC145
:042B6C00E3FF109FD4
:042B6D000C001094B4
:042B6E008DCC11AF4A
:042B6F0010E8F48BEB
:042B700009119000B7
:042B71000003112626
:042B72001697CAA345
:042B7300842E83A089
:042B740000AA0001B2
:042B7500183401DE31
:042B760018C400027D
:042B770018D5942CAD
:042B78000300103412
:042B79000380108441
:042B7A000128250900
:042B7B002034900072
:042B7C00211700021B
:042B7D001120942C63
:042B7E0000A8580251
:042B7F00103490007E
:042B80002097000298
:042B81001034942C4C
:042B820010840300B8
:042B8300250902001E
:042B84009000812814
:042B850010E016D571
:042B860080A85802C9
:042B8700169790000D
:042B880010A6827C95
:042B89000CA3000792
:042B8A0083F816971F
:042B8B00108CC49551
:042B8C0006A320007C
:042B8D0017C0031B4F
:042B8E001697000195
:042B8F0030AB83A044
:042B900000021034FB
:042B910094302097C5
:042B9200820C169704
:042B930003001834EF
:042B9400038018C4DE
:042B950000031084A5
:042B9600270904996E
:042B97009000112871
:042B980000021034F3
:042B9900942C1097D1
:042B9A0002DB2689AB
:042B9B00900018A8E6
:042B9C00033F1034AF
:042B9D002E4810842A
:042B9E00900000A8FB
:042B9F00033F1034AC
:042BA0000E48108447
:042BA100900000A8F8
:042BA200203B283B71
:042BA30000022AC042
:042BA400B700203B1B
:042BA500169700037C
:042BA60000AA82748B
:042BA7000069011CA4
:042BA800CFFC3EE838
:042BA900000AAEC8A8
:042BAA00827C16977C
:042BAB00000710A669
:042BAC0016970EA3C7
:042BAD00C49583F850
:042BAE002000108C67
:042BAF00FCFC00A288
:042BB0009E83451BA0
:042BB100A4C3883BF6
:042BB2006D40257BD2
:042BB30020A000005E
:042BB40025B2CEB0C8
:042BB500B120003219
:042BB60004A2E4048D
:042BB700A120003029
:042BB8002C7B4C0422
:042BB90000157A4049
:042BBA0000021834C9
:042BBB00C4031D60D2
:042BBC00995810E72D
:042BBD0083D41E9708
:042BBE0010D2C48BE2
:042BBF0016B7000441
:042BC000AD4483D4C9
:042BC100A20300016A
:042BC200E40425A062
:042BC300103BF98347
:042BC40004E0FAC36C
:042BC500A0A0482262
:042BC600028DC402B6
:042BC700001605AA45
:042BC80024FB148D49
:042BC9006D402449EE
:042BCA00203B0000AC
:042BCB000A63283B36
:042BCC00C413E4E06A
:042BCD00103BB1C345
:042BCE00064BFD03B2
:042BCF0017592EEB79
:042BD000C4031D60BD
:042BD1000F910CD57F
:042BD20027590EF57C
:042BD300580720A0DF
:042BD40006D93AC123
:042BD5003CC10B51A3
:042BD600303416D9A8
:042BD7006CC10002CB
:042BD8008B4439B73A
:042BD9000009196670
:042BDA00283B02E3AF
:042BDB0021048259F6
:042BDC00F7430100BA
:042BDD000ECD3541A3
:042BDE0000021834A5
:042BDF0038EF368114
:042BE00014918DCCF3
:042BE1000E99B10395
:042BE20081A02E9709
:042BE3005F4118999D
:042BE40027090B4D65
:042BE500900029280B
:042BE600B183049122
:042BE700B68370DB66
:042BE800B60348DB0D
:042BE900B8837ADB58
:042BEA00B80352DBFF
:042BEB00BAC3829B4C
:042BEC00BA437A9BD3
:042BED00831C169798
:042BEE002697CC0357
:042BEF0028348320E3
:042BF0002944030071
:042BF100ED80002C47
:042BF200183400058E
:042BF30080A00002BC
:042BF40010F7CDAD5C
:042BF50086B78B080C
:042BF60004228168CC
:042BF7009034FEC058
:042BF800883400021B
:042BF900A8340002FA
:042BFA00A034030000
:042BFB0094840300BB
:042BFC008C448B0872
:042BFD00AD44942C23
:042BFE00B8040E8089
:042BFF00A504000128
:042C00001697002CF7
:042C01001432822CDB
:042C0200B457FE9431
:042C03009834000001
:042C04001CDB0004D1
:042C050080002584A2
:042C060030009CC43A
:042C07005802A920A6
:042C0800800010A890
:042C0900FE0810842D
:042C0A00000210B6FE
:042C0B001DE008A31D
:042C0C0014E04C0282
:042C0D0006D1581381
:042C0E00001210E6BA
:042C0F00200021047C
:042C10002D3BDAA3DB
:042C1100ED8025BB72
:042C120014B70005EE
:042C130098A0000085
:042C14002D3B5806F6
:042C1500F10025BBEA
:042C160000110005A4
:042C1700000494849D
:042C1800F3C322518F
:042C1900893BFFE113
:042C1A008129390BC8
:042C1B00012291BB46
:042C1C00044B010460
:042C1D0000DA00AA2F
:042C1E00819C1E97E0
:042C1F004689409B07
:042C200082D01E97A9
:042C210018A006D120
:042C22001697EC17FE
:042C230018AE82D88D
:042C240000E20004C6
:042C250010AE00EA03
:042C260000A2000206
:042C2700100400E6AF
:042C28001C4400FC4C
:042C290018FEFF7F13
:042C2A0000E20002C2
:042C2B001C4400DC69
:042C2C0018FEFFBFD0
:042C2D0000E20002BF
:042C2E00303B00D463
:042C2F00494305E030
:042C300000A02C894B
:042C310028E04882CD
:042C32000120580520
:042C330006D980033B
:042C340006009C4CAE
:042C35001094268948
:042C360004EA10009C
:042C3700464B00B454
:042C380000AE00E208
:042C3900033F183409
:042C3A00128018C428
:042C3B00900028E8F5
:042C3C00033F183406
:042C3D00128418C421
:042C3E00900010E80A
:042C3F00014C04AA96
:042C400000C6012A9F
:042C4100831036972F
:042C420082603E97D7
:042C430081D02E9777
:042C440002FD1D99D7
:042C4500A8FB203B8D
:042C46003922021B12
:042C4700844B009624
:042C48000300E03471
:042C49000040A03473
:042C4A000020103323
:042C4B008C4CC416D3
:042C4C00E704003465
:042C4D00A5040E00CC
:042C4E001697FC00D9
:042C4F0015BA81E44D
:042C500010340092AA
:042C51001084033FA9
:042C5200B8A80E040C
:042C530001299000C3
:042C5400146E7FE19A
:042C550012A30800BE
:042C56001000146EE8
:042C5700144B10A367
:042C58001E9710AB08
:042C5900209B8198A3
:042C5A00209BE28356
:042C5B00109BE243A5
:042C5C00103BE1C385
:042C5D00B804E14393
:042C5E00100400015D
:042C5F00E44300FE4C
:042C6000E3C3103B7F
:042C610000F010046B
:042C62000B9BE303E2
:042C6300159BE5C315
:042C64001834E543F8
:042C650018C4033F4D
:042C660028E81080CA
:042C6700183490008D
:042C680018C4033F4A
:042C690010E81084DB
:042C6A001C4C90006E
:042C6B0000E2060875
:042C6C00E903FF3247
:042C6D0009110555EF
:042C6E0010A05D4114
:042C6F001420CD68F8
:042C700016D14C022B
:042C7100FFFE10EF63
:042C7200A834EA0395
:042C7300AD4400026A
:042C7400E9438A7C2A
:042C7500838C16979F
:042C760005A040A3D2
:042C770004EA482201
:042C78001834007894
:042C7900368100029E
:042C7A008A5810CE96
:042C7B002409803B6D
:042C7C006D4025BBC7
:042C7D00F60B000052
:042C7E0000E066C943
:042C7F00E0A0494345
:042C8000A0E0580276
:042C810090E03803A4
:042C820018A8580333
:042C83001697900010
:042C84000491838CA8
:042C8500C41615A0BC
:042C86000E63E403F2
:042C8700482205A03A
:042C8800C40215600D
:042C8900048D108D19
:042C8A0025BBF883EB
:042C8B0000006E8057
:042C8C000EEB181320
:042C8D0005A00EABE5
:042C8E001560482263
:042C8F00008DC402EE
:042C9000F2ABF5C3EB
:042C910000011584A5
:042C9200FDC30499E1
:042C9300033F1034B7
:042C94000E0010849A
:042C9500900000A803
:042C96001560DE8364
:042C9700008DC402E6
:042C9800F143103BB9
:042C99008484169782
:042C9A0008ABFCE1A6
:042C9B00848C169778
:042C9C0076B51ADB14
:042C9D00078A01227F
:042C9E0083FC169706
:042C9F000300A0345A
:042CA000C41200203A
:042CA100A50472957F
:042CA2008C4C00C096
:042CA3009C6E00051E
:042CA40024FB000508
:042CA50000121A807F
:042CA6000005AC6613
:042CA70082988697F2
:042CA8002C3B622B34
:042CA9006D91200405
:042CAA0000004700DF
:042CAB00803B203B0F
:042CAC000001B0046F
:042CAD0082E4169710
:042CAE0083C426B7FE
:042CAF000068111A8E
:042CB000B83424FB15
:042CB10006B7000260
:042CB200BDC483C456
:042CB3001A808ECC29
:042CB40000200012EA
:042CB500E684C416D7
:042CB60016978048A5
:042CB7001720827CE4
:042CB8000485C402C9
:042CB900013615BA11
:042CBA00B004203B07
:042CBB001697000167
:042CBC0026B782E4D1
:042CBD00111A83C4A1
:042CBE0024FB017280
:042CBF0083C406B70D
:042CC00000121A8064
:042CC10001D004A298
:042CC20082B026971F
:042CC30082981E973E
:042CC40028FB103B9E
:042CC500041AB8C174
:042CC600C48B01B802
:042CC7002EB704AB75
:042CC800900482985A
:042CC900EE83000195
:042CCA00004005625F
:042CCB0083F81697DD
:042CCC004C0425A0EF
:042CCD000509E4957C
:042CCE00A00401203D
:042CCF0000121A8055
:042CD000C417002005
:042CD1008260169770
:042CD200002415FACB
:042CD300C417002002
:042CD4008258169775
:042CD500005215FA9A
:042CD600C4170020FF
:042CD7008254169776
:042CD800008015FA69
:042CD90083C42697F3
:042CDA00E9030911F0
:042CDB00F983203B1E
:042CDC0077C025FB9D
:042CDD00E0A800006B
:042CDE0016978000C5
:042CDF0017208298A0
:042CE0001704E41CD5
:042CE10004A2FE80CB
:042CE2008092000CD0
:042CE30080BB0002B0
:042CE4000001BDC46A
:042CE5000092F5C3A1
:042CE600031B0006C6
:042CE70000067F80E4
:042CE80025FB2F3B5E
:042CE9000000D640D1
:042CEA0025FBFCC307
:042CEB0000006C4039
:042CEC008000E0A8DC
:042CED00829816971C
:042CEE00E41C1720AB
:042CEF00FE80170448
:042CF000000C04A22E
:042CF10000028092CB
:042CF200BDC480BB22
:042CF300F0030001E9
:042CF4000006009244
:042CF5007F80031BBE
:042CF6002F3B00066A
:042CF700DA0025FBDF
:042CF800FCC3000019
:042CF90078C025FB7F
:042CFA00E0A800004E
:042CFB0016978000A8
:042CFC001720829883
:042CFD001704E41CB8
:042CFE0004A2FE80AE
:042CFF008092000CB3
:042D000080BB000292
:042D01000001BDC44C
:042D02000092EA430E
:042D0300031B0006A8
:042D040000067F80C6
:042D050025FB2F3B40
:042D06000000E500E4
:042D07001034FCC3C5
:042D080015A0000210
:042D09001086C4026A
:042D0A0020AB997CE5
:042D0B00000015D7D8
:042D0C005802A0A029
:042D0D00800028A872
:042D0E0082981697FA
:042D0F001144D54155
:042D100004A2FE809B
:042D1100809200109C
:042D120080BB000280
:042D13000001B58482
:042D14000004BDC436
:042D15000092D083D5
:042D1600031B000A91
:042D17007F8028731E
:042D18002853000636
:042D1900E70025BBEF
:042D1A00FC030000B6
:042D1B000028056225
:042D1C0083F816978B
:042D1D004C0425A09D
:042D1E000509E4952A
:042D1F00A0040120EB
:042D200000121A8003
:042D2100C4170020B3
:042D2200825C169722
:042D2300000C15FA91
:042D240083C42697A7
:042D2500CAC3091103
:042D2600FC83203BCF
:042D27008D4025FBBB
:042D28001E970000F2
:042D290018A08298D4
:042D2A001704E41C8A
:042D2B0004A2FE8080
:042D2C008092000C85
:042D2D0080BB000265
:042D2E000001BDC41F
:042D2F000092F943D2
:042D3000031B00067B
:042D310000067F8099
:042D320025FB2F3B13
:042D3300000936C09D
:042D34000801FCC3D3
:042D3500C743029BF3
:042D3600827C1697EE
:042D3700000118AED1
:042D3800028400E22F
:042D3900000718AEC9
:042D3A00027C00E235
:042D3B00000510AED1
:042D3C00027800A277
:042D3D001499509BFA
:042D3E000002183443
:042D3F000002A834B2
:042D400020D73681E1
:042D4100AD448ECC43
:042D420063008ECCD0
:042D430080A8000064
:042D440010348000C7
:042D450020970002D1
:042D460063008ECCCC
:042D470018A80000C8
:042D4800269780004A
:042D4900103B82C0F9
:042D4A00024480DAE5
:042D4B00E825012056
:042D4C000491BAC173
:042D4D00023E1C1A0C
:042D4E00000310BEB0
:042D4F002C3B1AA35C
:042D50006DFB2004F3
:042D51000000470037
:042D5200033F2034E7
:042D53003100210426
:042D54000000630018
:042D5500900080A8C2
:042D560082981E97AA
:042D5700169718EBC8
:042D5800A68183D0FD
:042D59000180189647
:042D5A00100404E37A
:042D5B0016B7018026
:042D5C00F10083D02F
:042D5D001E970000BD
:042D5E00C4D583F85D
:042D5F002000108CB4
:042D600000CA00A203
:042D6100004010D747
:042D620000A2B48B8C
:042D63001E9700C0F7
:042D640074D583FCA3
:042D65004008108C86
:042D6600400810AE63
:042D6700031BF4A3B3
:042D680000004080A7
:042D6900827C1697BB
:042D6A00814896976F
:042D6B00000710A6A7
:042D6C0001C600A2FA
:042D6D0083F816973A
:042D6E00841CC0956C
:042D6F00842020009C
:042D700024BBCDAD06
:042D710000008500D9
:042D72002CBB30BB8B
:042D73005F47200492
:042D74000000470014
:042D750081481697E4
:042D760082D81E974A
:042D770016B7A68164
:042D78000422814868
:042D79001E9701F6AA
:042D7A00169782D84E
:042D7B0024C18148A6
:042D7C00149A2681FE
:042D7D0016B7027013
:042D7E00A69781484B
:042D7F00253B814827
:042D800000008500CA
:042D810080BB253BB3
:042D82000000EE005F
:042D8300D080243B9D
:042D8400A69700000E
:042D850024BB8148A2
:042D860000008500C4
:042D8700A4A0A081E3
:042D88002D3BE416E5
:042D89003C3B10338C
:042D8A00200435BB31
:042D8B0047005F920C
:042D8C00031B000025
:042D8D000000420000
:042D8E001697BA9941
:042D8F0006AB848487
:042D900084141697FA
:042D910020042AB53B
:042D920047006E1177
:042D9300169700008F
:042D940000A2829483
:042D9500169702F695
:042D96001E9783A859
:042D9700268983A462
:042D980016973AABA5
:042D990000AA8368A1
:042D9A00169702F096
:042D9B0010AE827C78
:042D9C0000A200078A
:042D9D00531B02E0E2
:042D9E0010341719BD
:042D9F0024C1000249
:042DA0008ECC10972E
:042DA10003001834DF
:042DA20000C018C491
:042DA30028A82689AD
:042DA40016978000FE
:042DA500D54182C0D2
:042DA6000000E70042
:042DA70083A0169758
:042DA80000A000AADD
:042DA900820C96976B
:042DAA0082D0169726
:042DAB000002B0046E
:042DAC00000194840A
:042DAD004C0615A01B
:042DAE004C0214A01F
:042DAF000002983452
:042DB000942C9CC4FF
:042DB10014D71073B0
:042DB20018340004CD
:042DB30018C403003D
:042DB4002689041058
:042DB5008000A0A852
:042DB6000002A5046E
:042DB7009000A0A840
:042DB800825C86971C
:042DB900FD00B8342D
:042DBA000300E034FE
:042DBB00B034801997
:042DBC009034FD0052
:042DBD0000200300EF
:042DBE00BDC4C415B7
:042DBF00E704F0BF76
:042DC000B5840E4088
:042DC1009484E0F323
:042DC2008E97180CC4
:042DC3008C3A825C68
:042DC400257B026CFD
:042DC5000000850085
:042DC60028348659CE
:042DC7003034FD00A7
:042DC8002944030097
:042DC9003184F0BBA6
:042DCA0026970E44F6
:042DCB0020FA825C0C
:042DCC001CD702B45A
:042DCD0020340004AA
:042DCE0021040300D9
:042DCF0028C90414F7
:042DD000900010E877
:042DD1001A80203B09
:042DD200169700123E
:042DD30010A6827C48
:042DD4000EA3000743
:042DD50083F81697D2
:042DD600108CC49504
:042DD70000A2200036
:042DD800F44002A819
:042DD900544300035C
:042DDA00B143589B0E
:042DDB00B0C3489B9E
:042DDC008491880155
:042DDD000801B643F0
:042DDE00021BB7031A
:042DDF0025BBC883C5
:042DE0005000283B3C
:042DE100268900023D
:042DE200A01000A09D
:042DE3000001B584B2
:042DE400042A154365
:042DE500303B00B2CD
:042DE600051B283B66
:042DE700000B064097
:042DE800031B095B65
:042DE900000318408B
:042DEA00C4160020EB
:042DEB008260169755
:042DEC00009615B286
:042DED000090042A24
:042DEE005EC025BBE3
:042DEF00268900022F
:042DF000A01000A08F
:042DF1000001B584A4
:042DF2001697FC43F1
:042DF3001E9781485E
:042DF400042A82D853
:042DF500A681FE10A5
:042DF600814816B743
:042DF70081488697F2
:042DF80083D41697D3
:042DF900FDFE141AAD
:042DFA008500243BF1
:042DFB00243B000075
:042DFC00EE00A0BB8A
:042DFD00253B000072
:042DFE000000D08081
:042DFF000020021B93
:042E00001697C41449
:042E0100151282E440
:042E0200042AFFC0DF
:042E0300035BFDD898
:042E040082C0253B28
:042E0500203B00026C
:042E06000004034081
:042E0700DF00203B8D
:042E0800303B000259
:042E0900031B283B44
:042E0A00000B064073
:042E0B000002E18060
:042E0C00411B575BB4
:042E0D000003AD0011
:042E0E00C4160020C6
:042E0F008260169730
:042E1000FF4E15B2AA
:042E1100FF36042262
:042E1200303B803B96
:042E1300111B283B2C
:042E1400000B064069
:042E1500DF00031BBC
:042E16001D1B00027E
:042E17000004034070
:042E18000001A5040C
:042E190096B7F383F2
:042E1A00B1C3814877
:042E1B00169756634D
:042E1C00242083F8F3
:042E1D00E4954C04E8
:042E1E000120050981
:042E1F001A80A00471
:042E2000002000127C
:042E21001697C4122A
:042E220014BA8260FC
:042E23000020003A51
:042E24001697C41227
:042E250014BA825801
:042E26000020005A2E
:042E27001697C41224
:042E280014BA825402
:042E29002697007A6E
:042E2A00091183C443
:042E2B0082E4169790
:042E2C0083C426B77E
:042E2D00FFB4111AC3
:042E2E0006B724FBC4
:042E2F001A8083C4BE
:042E3000B243001297
:042E3100F6C3203B89
:042E320077C024BB86
:042E3300A0A8000053
:042E3400169780006D
:042E3500200482945F
:042E36002CBB6E2023
:042E3700E41415206A
:042E38004700353BDF
:042E390024BB0000B6
:042E3A00D6402D3B16
:042E3B00948400007B
:042E3C00F24300015C
:042E3D006C4024BB06
:042E3E00A0A8000048
:042E3F001697800062
:042E40002004829454
:042E41002CBB6E2513
:042E4200E41415205F
:042E43004700353BD4
:042E440024BB0000AB
:042E4500DA002D3B47
:042E46009484000070
:042E4700EE43000155
:042E480078C024BB6F
:042E4900A0A800003D
:042E4A001697800057
:042E4B002004829449
:042E4C002CBB6E2A03
:042E4D00E414152054
:042E4E004700353BC9
:042E4F0024BB0000A0
:042E5000E5002D3B31
:042E51009484000065
:042E5200EA4300014E
:042E53008C66203B2E
:042E5400021B000558
:042E55004B1BEAC366
:042E56001697A3C365
:042E570000AA836CDE
:042E58001557FD3AD3
:042E59001834009495
:042E5A0018C4030095
:042E5B00268900C004
:042E5C00800028A822
:042E5D0082C0169782
:042E5E00D5414B1BF4
:042E5F001219A3435E
:042E600081BC169784
:042E6100228130B3E7
:042E6200B8A004957B
:042E6300E0A03802B1
:042E6400A0A85802C8
:042E6500243B90007A
:042E660000008E805A
:042E6700243B18539D
:042E6800904054C181
:042E690016970003B5
:042E6A00228181BC84
:042E6B00B0A004957A
:042E6C0090A03802F8
:042E6D0088A85802D7
:042E6E00105380007D
:042E6F00243BA24B13
:042E7000E980528122
:042E71001034000019
:042E72002401000235
:042E730099581086D4
:042E740022813093F4
:042E750015522C8145
:042E7600A8BB0002F3
:042E7700838C16979B
:042E780004010491BC
:042E79001ED9A48337
:042E7A0081BC26975A
:042E7B0009154F01E5
:042E7C002D090B0908
:042E7D009000112888
:042E7E00838C269784
:042E7F0038C109113C
:042E80002126A5035F
:042E81000122000228
:042E82001034FD40CB
:042E83001084033F75
:042E840000A8184446
:042E8500169790000C
:042E860018AE827C84
:042E87000CE3000157
:042E8800000710AE81
:042E8900169706A3EF
:042E8A001AA381B056
:042E8B0081701697A5
:042E8C001000108C96
:042E8D0000DE00AAB9
:042E8E0082D416973D
:042E8F00D541135BBB
:042E90002AC0031B36
:042E9100031B00021D
:042E920000020B80AF
:042E930017C0203B09
:042E9400169700018C
:042E950026AB83A045
:042E960000021034F2
:042E970094301897C4
:042E980003001034EF
:042E9900038010841E
:042E9A0000E824C95F
:042E9B001834900057
:042E9C0018D7000241
:042E9D0010E0942C81
:042E9E0000A858022E
:042E9F00031B900081
:042EA0000003B70074
:042EA1008168169797
:042EA2008274869719
:042EA30020232409BB
:042EA4000002903464
:042EA500000288346B
:042EA6000300983459
:042EA700942C94844F
:042EA8008B088C44C3
:042EA900002C9CC499
:042EAA00822C1697C9
:042EAB00006A143A6B
:042EAC00033F10349C
:042EAD0010841084F9
:042EAE00900000A8E8
:042EAF00033F103499
:042EB00012841084F4
:042EB100900000A8E5
:042EB200033F103496
:042EB30030841084D3
:042EB400900000A8E2
:042EB500033F103493
:042EB60031841084CF
:042EB700900000A8DF
:042EB8003E40031B7A
:042EB90010340002CF
:042EBA0018040340B5
:042EBB00108401FF7F
:042EBC0018A88800CA
:042EBD00103490003D
:042EBE001084033F3A
:042EBF0018A82E80A1
:042EC000103490003A
:042EC1001084033F37
:042EC20018A80E80BE
:042EC30016979000CE
:042EC4001CA3848443
:042EC500035B7CE14E
:042EC6000C55E4C300
:042EC700000024974C
:042EC80000112CFBCE
:042EC9000005F1000F
:042ECA0000049484E8
:042ECB00EF0322519E
:042ECC00848C169745
:042ECD00FB830E9DD8
:042ECE0081B0169722
:042ECF0032A3D861F1
:042ED000031B075B7E
:042ED10000022AC011
:042ED200169728AB7C
:042ED3000ADB81B0E5
:042ED400169706AB9C
:042ED500B4C182D42E
:042ED60082C8169701
:042ED7001084031B45
:042ED8002681000748
:042ED90019C04509CE
:042EDA00283B00038E
:042EDB002AC0203BAE
:042EDC00203B000295
:042EDD0000040340AA
:042EDE000002E1808D
:042EDF00283B303B21
:042EE0000640031B8A
:042EE100AE97000B9D
:042EE2000020814CFF
:042EE3000020C416F1
:042EE4001697C41465
:042EE500153A825CBC
:042EE600200400685C
:042EE7002180012C19
:042EE8002697000326
:042EE90089118310B8
:042EEA0000009A004A
:042EEB00814C1E9761
:042EEC001E97468166
:042EED00169782A40E
:042EEE0001208150EE
:042EEF0010D2E824F1
:042EF00010FB0002D1
:042EF10000021112B8
:042EF200283B20BB9E
:042EF300000198340E
:042EF4000001A03405
:042EF5000000A980B0
:042EF6000020883BF5
:042EF7009CC4C412A1
:042EF800A5046EB00F
:042EF90016976EC0FA
:042EFA00147A825C68
:042EFB00191B00900F
:042EFC00000403408B
:042EFD00283B303B03
:042EFE000640111B5E
:042EFF0014BB000BF5
:042F000086975861F7
:042F0100169782C4D9
:042F0200801182A018
:042F030000028092B6
:042F04001E9780BBD9
:042F0500103B8310EA
:042F0600000220F6AF
:042F07001420392336
:042F0800957BEC11B8
:042F0900C41085600B
:042F0A00C4130020CC
:042F0B008310169782
:042F0C00C4049DA0BC
:042F0D0014FA84919D
:042F0E002E970022D8
:042F0F002C1282A05E
:042F10002C3B000254
:042F11000000FE00BE
:042F1200831016977B
:042F13000001A50410
:042F1400C41615A02A
:042F150086D9E783EF
:042F1600F7830491A8
:042F1700FE002CBBD1
:042F18001697000008
:042F1900141282A06C
:042F1A00143B000262
:042F1B00C4039460F7
:042F1C0010D290BB84
:042F1D0090FB000223
:042F1E0000019CC44E
:042F1F00247BF5C357
:042F200000008D40E0
:042F2100169780BBC4
:042F2200188482C0CD
:042F230080DA0180CF
:042F24001697002AD2
:042F2500809282A86C
:042F2600A8040026D5
:042F27002E970001E0
:042F2800056283C0FB
:042F29003D3B0066C6
:042F2A008033347B41
:042F2B005D742004AD
:042F2C00000047005A
:042F2D005812ACA0EA
:042F2E00E543025124
:042F2F00F9C384015D
:042F3000247B2C3B97
:042F3100000936C09D
:042F32004580C91BF2
:042F3300095B000036
:042F3400AD00031BCE
:042F3500035B000337
:042F36005000247BA8
:042F370036970002C7
:042F3800031B8310E4
:042F3900B0BB283BC6
:042F3A006700A8FB89
:042F3B0000A00015DD
:042F3C008A91A004D2
:042F3D002DA2C8C138
:042F3E002562000CFC
:042F3F0016970008D9
:042F4000040182C046
:042F41000020F183F8
:042F4200F243C4157D
:042F4300F3033CFB5D
:042F4400A697FFE16C
:042F4500103481586B
:042F46008FE9033FCD
:042F4700182C1084AE
:042F480018A802DBE8
:042F49001697900047
:042F4A0018A6827CC7
:042F4B0000E200019F
:042F4C00169700D6FE
:042F4D0000AA83A4AF
:042F4E00969700D47E
:042F4F00169783C08E
:042F50001E978268DE
:042F5100803B8264DB
:042F520000B018B201
:042F5300883B14BBE8
:042F540000AE80B299
:042F5500243B2C7B72
:042F560000157A40A8
:042F5700283B20BB38
:042F5800000282C031
:042F5900199B0BDBDA
:042F5A00203B283BB5
:042F5B00000443002B
:042F5C0082641697DE
:042F5D00000210A6B8
:042F5E002C3B36A32F
:042F5F000001245CED
:042F600000157A409E
:042F6100283B20BB2E
:042F6200000282C027
:042F6300199B0BDBD0
:042F6400203B283BAB
:042F65000004430021
:042F6600DC40071B29
:042F6700388C0001A1
:042F680039D4000751
:042F6900079B0008BA
:042F6A00203B283BA5
:042F6B00000443001B
:042F6C0024BB283B1F
:042F6D00000282C01C
:042F6E00031B035BE3
:042F6F000002330029
:042F70000090300499
:042F71000D3D283BAF
:042F72000016628063
:042F73000090300496
:042F7400553DFB5B71
:042F75000100A8347B
:042F76001D7FB034D7
:042F7700001662805E
:042F7800C41200205F
:042F7900000AAD4459
:042F7A0000A1B58479
:042F7B00838C169796
:042F7C0002AC00A201
:042F7D0002B004A2F8
:042F7E001283051B9A
:042F7F000011A68116
:042F8000A081E8C381
:042F8100E90302510D
:042F8200000710A68E
:042F8300151BAAA3CD
:042F84000004034002
:042F850082E4169735
:042F86000002109E97
:042F87008E9732A34C
:042F8800803B83C047
:042F890000168C2A78
:042F8A00283B243B81
:042F8B00000282C0FE
:042F8C0081DC169737
:042F8D00211418955E
:042F8E00DC40100013
:042F8F00169700038E
:042F9000001182E4C6
:042F9100FFDC141A33
:042F9200247B035B3E
:042F9300000282C0F6
:042F9400827C16978E
:042F9500000710AE73
:042F9600169714A3D3
:042F9700289581DC1C
:042F98000E00110C0A
:042F9900211F08AB41
:042F9A00DC40F1FF27
:042F9B001697000382
:042F9C00109581DC2F
:042F9D00F8FF841F96
:042F9E0001002414F6
:042F9F000003DC400F
:042FA0000180241474
:042FA1000003DC400D
:042FA20004AAE5C3D5
:042FA300451B00804A
:042FA400283B303B5B
:042FA500000B0640D7
:042FA60082C08697C8
:042FA7000100B83439
:042FA80004209D3B29
:042FA900BDC4E8D0EB
:042FAA0002190015F3
:042FAB001041241994
:042FAC00A0810259A5
:042FAD00C402A0A01A
:042FAE0072891073A1
:042FAF0024FB10B33C
:042FB00000165400B3
:042FB10082C026971D
:042FB2001173E0FBBC
:042FB30000165400B0
:042FB4003834303B42
:042FB50028FB3FF4C2
:042FB600F50020BB47
:042FB700253B0015A1
:042FB80018F31133C6
:042FB90000165400AA
:042FBA0028D34913BC
:042FBB0038FB30BBF4
:042FBC007B80227B79
:042FBD004153001567
:042FBE0038FB30BBF1
:042FBF002F3B223B47
:042FC0000015EAC04E
:042FC100000A009A68
:042FC20000019484F2
:042FC300251BDBC32C
:042FC40024FBEFC338
:042FC5000000D840F0
:042FC6000000D3C074
:042FC700827C16975B
:042FC80081941E973B
:042FC900000710AE3F
:042FCA0015FB48A308
:042FCB00900010E87A
:042FCC00827C169756
:042FCD0081901E973A
:042FCE00000710AE3A
:042FCF0015BB38A353
:042FD000900010E875
:042FD100827C169751
:042FD200000710AE36
:042FD300C71B2CA349
:042FD4000002D840DF
:042FD500547D109384
:042FD60014E00DFDF9
:042FD70010F3C4022D
:042FD800C41C0020F5
:042FD9008260169765
:042FDA000012173A90
:042FDB00C41384E0B7
:042FDC00157BE983F5
:042FDD00103BF6C3EC
:042FDE00B31BF8C366
:042FDF001697FA4304
:042FE0000EAB838C25
:042FE1003933273B1E
:042FE20000006E80FD
:042FE30014A23913E8
:042FE400283B003254
:042FE5003933273B1A
:042FE6000002500095
:042FE700048B39130B
:042FE80006D907D52A
:042FE900580210E09A
:042FEA0005F506558E
:042FEB00FFFF18E6E6
:042FEC00185312E381
:042FED00000C1CDADE
:042FEE0010A6C48BDA
:042FEF0004A3007FB8
:042FF000047510D381
:042FF1000001E704F0
:042FF2002FD1225168
:042FF300A681F2C3FE
:042FF4001EC30011E7
:042FF5009484A0819F
:042FF6001F030001B4
:042FF700000710AE11
:042FF800016800AAC2
:042FF900F340031B83
:042FFA001697000323
:042FFB0010AE827C16
:042FFC0000A2000728
:042FFD0016970156CC
:042FFE00249581DCB9
:042FFF000E00108C24
:04300000051B06ABFB
:043001000003F34095
:0430020003401D1B4F
:04300300278300041B
:0430040082E41697B5
:043005000002109E17
:043006008E97CAA334
:04300700803B83C0C7
:0430080000128C2AFC
:04300900283B243B01
:04300A00000282C07E
:04300B0081DC1697B7
:04300C00DC401895F7
:04300D00169700030F
:04300E00001182E447
:04300F00FFE0141AB0
:04301000247B035BBF
:04301100000282C077
:043012009417F343D9
:0430130014AE0000F7
:0430140042A3FFFFD5
:0430150083C01E97BF
:04301600247B2CBB30
:04301700268124D911
:043018001E86149963
:04301900152082C03C
:04301A0086D1C40295
:04301B0090E022819E
:04301C0006A53803CA
:04301D000000D64099
:04301E00FFFF14A6F6
:04301F0083C02E97A5
:043020003DBB1AA3F7
:043021009033347B39
:043022005FE4200443
:043023000000470062
:043024002011025124
:0430250098041D43AB
:04302600FB83000127
:04302700FC833D7B6E
:04302800000214BED0
:04302900FDE200A222
:04302A00827C1697F7
:04302B00000118A6E2
:04302C00FF2800E297
:04302D0083A41697CB
:04302E00FF5400AAA1
:04302F0083C09E9725
:043030008268169705
:0430310082641E9700
:0430320018B2803B15
:0430330014FBFF008B
:04303400C4120020A2
:04303500FEFC80B26B
:04303600243B2CBB50
:0430370000157A40C6
:04303800283B20BB56
:0430390082C088BB0E
:04303A00383B00021D
:04303B00283B199B7A
:04303C004300203BF2
:04303D0016970004DE
:04303E0010A68264F2
:04303F003CA30002AC
:04304000249C2C3B65
:043041007A400001D0
:04304200283B001512
:0430430080BB20BB73
:04304400000282C044
:04304500DC40071B49
:04304600388C0001C1
:04304700079B0007DC
:04304800203B283BC6
:04304900000443003C
:04304A00203B283BC4
:04304B00199B383B5A
:04304C000004430039
:04304D00243B035BC2
:04304E00000282C03A
:04304F00247B035B80
:04305000000282C038
:0430510024FB035BFE
:04305200000282C036
:04305300031B283BF8
:043054000002330043
:04305500033F1034F1
:04305600182C10849E
:04305700900000A83D
:043058000002A0349E
:043059000001A83496
:04305A000001B0348D
:04305B00883B543D1D
:04305C00C413002079
:04305D009484A504AE
:04305E006EC0AD444F
:04305F006EB0B58416
:0430600082601697DD
:04306100FEC2147A1D
:04306200283B303B9C
:043063000640111BF7
:0430640014FB000B4E
:043065007FE10FE90F
:0430660084841697B1
:043067001E970EABF7
:043068001034848C10
:0430690010840001CE
:04306A0074F50005F4
:04306B00827C1697B6
:04306C00000118AE99
:04306D0010A606E3C0
:04306E0004A30007B0
:04306F00000BD10879
:04307000E009103B28
:043071008697D42149
:043072001404821CA4
:0430730018B6000586
:0430740002E3003340
:04307500369780BB4F
:043076002C3B821459
:0430770060022004CF
:04307800000047000D
:04307900000C1980AE
:04307A00033F983444
:04307B0000A088BB6E
:04307C00A804A012F2
:04307D009CC40001EE
:04307E001697181475
:04307F0024A380A066
:0430800014A65263DD
:0430810044A3000262
:04308200821C2E97E7
:04308300600A2004BB
:043084000000470001
:04308500821C1E97F4
:04308600033F1034C0
:043087001814108485
:04308800900018A8F4
:043089005421147B3F
:04308A00FFFB8404C0
:04308B000001A48418
:04308C002D3B343B69
:04308D006029200492
:04308E0000004700F7
:04308F00900084E841
:04309000000C198097
:04309100B2A388BBA3
:04309200F5C3953BB2
:043093000002149E85
:04309400FB0314A383
:043095000002149E83
:043096002004D2AB95
:043097004700600F7F
:043098000020000014
:04309900056AC412EE
:04309A001416000AFE
:04309B00B8A30005D1
:04309C00821C869775
:04309D00002E1416D7
:04309E008404AAA359
:04309F000020000508
:0430A000F503C4155B
:0430A1008484169776
:0430A200DEC4FFE1A8
:0430A300813BFD5C14
:0430A4001E970EABBA
:0430A5001034848CD3
:0430A6001084000290
:0430A70074F50005B7
:0430A8000003AD80F4
:0430A9001233203B83
:0430AA0000040340DB
:0430AB00DF00203BE7
:0430AC001697000271
:0430AD0010A6827C6B
:0430AE0000A2000775
:0430AF003034009821
:0430B0003184000166
:0430B1004795718C42
:0430B200033F103494
:0430B3001050108425
:0430B400FF0018DF22
:0430B500003C18D4EF
:0430B600900018A8C6
:0430B70000012834B8
:0430B800716C2944CA
:0430B9002034455525
:0430BA002104033FAB
:0430BB00109F115001
:0430BC001094FF006D
:0430BD001128007E58
:0430BE00203490002A
:0430BF002104033FA6
:0430C00019281010AB
:0430C100183490002F
:0430C20018C4033FEC
:0430C30010E81110F0
:0430C400579590008C
:0430C500033F103481
:0430C600105410840E
:0430C700FF0018DF0F
:0430C800007E18D49A
:0430C900900018A8B3
:0430CA002034555504
:0430CB002104033F9A
:0430CC00109F1154EC
:0430CD001094FF005C
:0430CE001128003C89
:0430CF002034900019
:0430D0002104033F95
:0430D1001928101496
:0430D200183490001E
:0430D30018C4033FDB
:0430D40010E81114DB
:0430D500243B900008
:0430D6000000C3C073
:0430D70082609697E6
:0430D80002DBBCBD9E
:0430D900483004A0D7
:0430DA00485104A0B5
:0430DB00C41780A0F6
:0430DC00C41485E0B3
:0430DD00C402852084
:0430DE00208111B389
:0430DF00169711F33C
:0430E00084918280D5
:0430E1004C0210E0AD
:0430E2002201127342
:0430E3000032101295
:0430E400002E8452E4
:0430E50074FD2D3D0C
:0430E600FF5B103B41
:0430E700142A039B09
:0430E800BDFD005AD0
:0430E9000BED75C1B5
:0430EA00C40715E022
:0430EB0015200BEDB4
:0430EC000D35C407D3
:0430ED0001EF00DD12
:0430EE0029110000A4
:0430EF00149126D141
:0430F000343BFB83EF
:0430F100BD3DFB5B8B
:0430F20000166280E2
:0430F300283B343B07
:0430F4006280253B96
:0430F50025FB0016A1
:0430F600FB5B343B11
:0430F70000166280DD
:0430F800183B2CBD98
:0430F9001CAA031BEF
:0430FA0008B500080D
:0430FB00249106D145
:0430FC00347BFE83A0
:0430FD00753D283BBA
:0430FE0000166280D6
:0430FF00827C169722
:04310000000718AEFE
:04310100008600E262
:0431020000801834FD
:04310300280406D1C5
:0431040010A6008091
:0431050000A000071F
:04310600274948C24B
:0431070028A0051BDC
:04310800303B5805FB
:04310900000B064071
:04310A00827C169716
:04310B0082C01E97C9
:04310C00000120AEF0
:04310D0020A60723CE
:04310E005B23000738
:04310F0083A42697D8
:0431100010AE552B7D
:04311100049100071E
:0431120081549697B7
:043113004C0210E07A
:04311400FE80948421
:043115000002909292
:04311600169790BBBD
:04311700883B815818
:0431180090A000F390
:043119001133E40288
:04311A00030010346A
:04311B000E2C1084E2
:04311C00169712B33D
:04311D0018AE827CEA
:04311E0000E20001CA
:04311F0010AE037873
:0431200000AA0007FA
:04312100046A0452E6
:043122000002037034
:043123001834042C2C
:04312400283B0080C4
:04312500103BEF83E9
:043126000D1BF5C3C5
:0431270010347BC322
:043128001084033FCD
:0431290002DB10A80D
:04312A00900018A851
:04312B00D840243B29
:04312C0016970000F2
:04312D0010A6827CEA
:04312E000EA30007E5
:04312F002D7B1113D0
:043130009920C4011D
:04313100DC00C404F6
:04313200E180000038
:0431330036970002C9
:04313400283B826052
:043135001D99753D2E
:04313600001662809D
:04313700827C1697E9
:04313800000710AECE
:04313900B00428A313
:04313A000020000170
:04313B002463C41C29
:04313C001422111335
:04313D00095B001E0C
:04313E001840031B17
:04313F004004000345
:0431400074FD000119
:043141004C08E22034
:04314200283B30FBFB
:04314300B0040EC303
:04314400FAC30003C7
:04314500000319006A
:043146002697FC8349
:043147001C3382F8BB
:04314800216034735B
:043149004BF34C04F4
:04314A004F0143B33B
:04314B003B332B7374
:04314C006D4022F3BD
:04314D001A930000D1
:04314E0010A8268916
:04314F005034800078
:0431500022D3000284
:043151003B134BD30E
:043152002B530919D9
:043153005120439331
:04315400228EC40AF9
:043155001C138A7C41
:04315600088934535D
:043157000FFF108CCA
:04315800800220A031
:04315900580912609F
:04315A0016970FD1E4
:04315B0011FA8300E2
:04315C000262FFA864
:04315D00223B0062AF
:04315E000B51059577
:04315F0028892D91FD
:04316000FFFC11B7A8
:0431610082601697DB
:043162000044117A9A
:043163000001E7047C
:04316400FF5AE5A287
:04316500FFFF5C0C00
:0431660080005ADCAF
:04316700005846C402
:043168002D3B35FBCB
:043169000020BDFD88
:04316A004DAEC41C86
:04316B00500400010B
:04316C005AC4000140
:04316D002697800021
:04316E00273A82601A
:04316F00029B001EA1
:0431700018D348899F
:0431710010EA84914B
:04317200125302DE14
:0431730058430401B8
:04317400C40900206A
:04317500F243383BAE
:04317600F383203B84
:0431770000100262E0
:0431780020BE04D59C
:043179000723000325
:04317A00000410A697
:04317B0000DD02A3CE
:04317C000000121726
:04317D000000B0D7C7
:04317E0005A21CABDF
:04317F0001AD00029C
:043180000000B23762
:043181000001E7045E
:0431820000044204FF
:043183001B511D912E
:0431840026D11FD160
:0431850005A2F403A8
:0431860001ED0076E1
:043187000000618E55
:04318800FFFF6B0CCE
:0431890080006B5CFB
:04318A0080006B4412
:04318B00FFFF1366C9
:04318C00171B2EA33C
:04318D004CB35CF3F0
:04318E001C336C730F
:04318F0043B333F320
:043190002B333B732F
:043191007F8062F3E6
:043192005CD3000604
:043193006C534C939A
:0431940033D31C1302
:043195003B534393D2
:0431960062D32B13C2
:0431970000015004DF
:043198000000114FD3
:04319900E40D6AE0F7
:04319A00FF946892A4
:04319B00E40C6420BC
:04319C000000616F5F
:04319D00482207209D
:04319E0061CE21934A
:04319F0045010000E6
:0431A0000000612F9B
:0431A100098D61D360
:0431A200C402132030
:0431A300EE0308AD82
:0431A40082C0269728
:0431A50081B06697F8
:0431A600E8420120DA
:0431A70000020322FD
:0431A800214FA5010D
:0431A9002092000070
:0431AA0020D3FF56D9
:0431AB004C02E2A050
:0431AC005802112094
:0431AD00E90310F32F
:0431AE00B6C3025151
:0431AF0021D30459CB
:0431B000C40315201F
:0431B1000000E0CF6B
:0431B200908F2501D4
:0431B300E012000026
:0431B4001697011851
:0431B50010A6827C62
:0431B60000A2000172
:0431B700269700FE59
:0431B8001E9783C01B
:0431B900251982C092
:0431BA0094207609DE
:0431BB00288138101F
:0431BC0015601499ED
:0431BD002281C402A5
:0431BE002409048557
:0431BF000002941264
:0431C0002C3B06019D
:0431C100D640247B55
:0431C2002E97000044
:0431C300E01A83C0CB
:0431C4003DFB00E0EF
:0431C500E41294205C
:0431C60014CF90B3DF
:0431C700347B000055
:0431C800A08180332F
:0431C900200410735B
:0431CA0047006280D8
:0431CB0002510000AD
:0431CC0000029CC49D
:0431CD00826016976F
:0431CE00FF80147AF0
:0431CF00827C169751
:0431D000000710A63E
:0431D100183478A393
:0431D20018C400011C
:0431D3004CD5718CDA
:0431D400033F103471
:0431D5001050108402
:0431D600900030A88D
:0431D70000011034AF
:0431D800716C108482
:0431D90020344A95BF
:0431DA002104033F8A
:0431DB00292811503E
:0431DC0058D5900032
:0431DD00033F183460
:0431DE00105418C4AD
:0431DF00900020E854
:0431E00010345695BC
:0431E1001084033F14
:0431E20018A81154C4
:0431E3001034900014
:0431E4001084033F11
:0431E50030A81010EE
:0431E6001034900011
:0431E7001084033F0E
:0431E80028A81110F2
:0431E900103490000E
:0431EA001084033F0B
:0431EB0020A81014F4
:0431EC00103490000B
:0431ED001084033F08
:0431EE0018A81114F8
:0431EF00031B90002E
:0431F0000002DF00FA
:0431F10003401D1B5F
:0431F200303B00046A
:0431F300111B283B49
:0431F400000B064086
:0431F500DEC412130F
:0431F6007FE102A4CF
:0431F700000084CF81
:0431F800C41094204B
:0431F900E830042096
:0431FA00029BE3034E
:0431FB001233803BD0
:0431FC003DBBE303F1
:0431FD000462E3C3C2
:0431FE00002000B8F5
:0431FF001034C415AF
:04320000108403FD36
:04320100153301FF81
:0432020082C0869769
:0432030007F9103483
:0432040005FB108432
:0432050015441573E4
:04320600142000018F
:0432070022FDEC10A8
:04320800029C1444CC
:043209002087268173
:04320A002C3BFD70EC
:04320B007A400019EC
:04320C001E970015F4
:04320D0090E0815478
:04320E0018A0E4031D
:04320F001004C413D0
:04321000A081018018
:04321100FE70989221
:04321200018014D64D
:0432130004A324FBF1
:043214000180200411
:04321500DC002D7B31
:043216001697000007
:043217008697827C98
:0432180018AE82ACBE
:0432190008E30001C5
:04321A00000710A6F3
:04321B00FC2A00A2E7
:04321C0083A42697CA
:04321D008004012008
:04321E000006210481
:04321F0082C02E97A4
:0432200000157A40DB
:0432210026811913D6
:0432220014121173FE
:0432230081730002B1
:0432240011538113AE
:04322500FC06141A75
:0432260082601E970D
:043227004689029B37
:04322800849118D3A2
:04322900FE1018A2D9
:04322A00827C1697F5
:04322B00000110AEE0
:04322C00200408ABC7
:04322D00470062658F
:04322E00A8340000C0
:04322F00B0340002B5
:04323000B8340001AD
:04323100999300016C
:04323200AD44883BE4
:04323300B584948446
:04323400BDC46EC0E7
:04323500CB836EB029
:043236000008146612
:04323700A804DCAB60
:04323800E343000369
:043239001697FFE104
:04323A00DEC48484E6
:04323B0029F3FC80F7
:04323C0000443EE725
:04323D00A1BBB93B3D
:04323E00169708AB2C
:04323F0008DB848C98
:0432400011D376B57B
:04324100000110A6D2
:04324200010400A2E1
:04324300831816973F
:0432440000009834BA
:0432450009FC9CC420
:04324600103411B37C
:0432470010840000EF
:043248001273110CE0
:04324900B8A0029B8C
:04324A001C33E4034A
:04324B0082A48E9734
:04324C0000F6B8A22E
:04324D0000008034C9
:04324E000000B03498
:04324F00318484043E
:043250003190B58480
:0432510020AE11D3C7
:043252000122000154
:04325300A83400EEAD
:04325400AD44000085
:04325500012025002F
:0432560015C4495200
:043257001919000140
:04325800581214A054
:0432590000101494B9
:04325A00149412F3C3
:04325B001333002009
:04325C000004034027
:04325D0081702697BF
:04325E00696401207E
:04325F000040190B07
:0432600005E2000182
:04326100169700C4F8
:0432620010A6827CB4
:0432630000A20007BE
:04326400152E00B46F
:0432650000AA0001BA
:04326600169700BCFB
:04326700389581DC39
:043268000004211429
:043269000003DC4042
:04326A0081DC169756
:04326B000004203407
:04326C003A95591125
:04326D0000042954DC
:04326E0000126500E5
:04326F000002203405
:043270005911575B3E
:0432710000126500E2
:043272000004203400
:043273002104575B80
:043274006500001CD5
:0432750010340012FF
:0432760010970001AC
:043277001834719006
:0432780018C4033F34
:04327900109F10444E
:04327A00109400FFAD
:04327B0010E8D40083
:04327C00103490007A
:04327D0010970001A5
:04327E00183471701F
:04327F0018C4033F2D
:04328000109F114446
:04328100109400FFA6
:0432820010E8D4007C
:0432830008C39000EC
:043284008310169706
:043285000000983479
:0432860009A09CC43B
:04328700103411B33B
:0432880010840000AE
:0432890012730FE0CD
:04328A008034DF436A
:04328B00B03400005B
:04328C0084040000B6
:04328D00B5843AD0FA
:04328E00E1033B64B9
:04328F000000A8345F
:0432900009CCAD4474
:04329100E180E203F3
:043292001697000289
:0432930010AE827C7B
:0432940000A200078D
:04329500BE97FF3CA5
:04329600283B825CF3
:0432970005E02F3DE2
:0432980062804866A2
:043299001193001677
:04329A00029C2EC4A0
:04329B000E99BFBD0C
:04329C0001C3203B0F
:04329D001993103B36
:04329E00003218A240
:04329F006F81091121
:0432A00025E25F4183
:0432A1001E97FFEE87
:0432A200109B828477
:0432A3004689203BFD
:0432A400EC111C60AD
:0432A500DF001441F1
:0432A60011D300023E
:0432A700000110AE64
:0432A80000FE00AA7A
:0432A900C417002026
:0432AA001000E0042C
:0432AB000699044339
:0432AC0019A00491D0
:0432AD003741C408D9
:0432AE0000008A2F63
:0432AF00000000EF2C
:0432B00025FBF68381
:0432B1000000684071
:0432B2009000E0A800
:0432B3000001BDC495
:0432B4008254169793
:0432B500FFEA15FA1D
:0432B60082A4269731
:0432B700A980283B87
:0432B80020040000EE
:0432B9002180025816
:0432BA001697000360
:0432BB0000A2838C5E
:0432BC0024BB00B679
:0432BD00020A3004CD
:0432BE000640283B63
:0432BF00575B000B4E
:0432C0008409247BDE
:0432C100838C16974D
:0432C200231324AB03
:0432C300020A3004C7
:0432C4000640283B5D
:0432C500B834000B0E
:0432C600BDC4033F41
:0432C700089B183C0C
:0432C800900015E875
:0432C900247B575BB0
:0432CA0005E8840986
:0432CB0011939000CB
:0432CC00000A10BE26
:0432CD00D20004A384
:0432CE00303B00028F
:0432CF0000A228042D
:0432D000064024BBD5
:0432D100575B000B3C
:0432D2008409247BCC
:0432D3000001152EB3
:0432D400283B36A3BA
:0432D500CD80253B48
:0432D600253B000292
:0432D700000255C0DC
:0432D8002804303B5B
:0432D90024BB00A270
:0432DA00000B06409F
:0432DB0081B0169711
:0432DC00411B3AA3B5
:0432DD008409575BAE
:0432DE0055C0253B77
:0432DF0030AB00020E
:0432E000253B055B2A
:0432E1000002CD809A
:0432E20010A611D34E
:0432E30000A2000144
:0432E400E034015C75
:0432E500E7040001F9
:0432E60002B36F6C54
:0432E700C4170020E8
:0432E8007F800AC316
:0432E900E6030002F6
:0432EA00E90322D3FF
:0432EB00F883091B40
:0432EC00F883858955
:0432ED0025FB283B5A
:0432EE0025FB8549EE
:0432EF001DB31BF3FD
:0432F000157313B38C
:0432F10000008C004D
:0432F20012931373AD
:0432F300029C1EC457
:0432F4000499383BC6
:0432F50012332681E9
:0432F6006E81129340
:0432F70011E211933C
:0432F80005E0009E4F
:0432F9002EFD4862FC
:0432FA0024C132B306
:0432FB00BDC41B93A0
:0432FC0006B5000112
:0432FD0016B51BD314
:0432FE00825C169741
:0432FF00FFB415FA09
:04330000838C2E97F5
:043301000160203B0C
:04330200A980800519
:0433030020040000A2
:043304002180012CF7
:043305001697000314
:0433060002A3838C0F
:0433070022D392F348
:043308000086300407
:043309000640283B17
:04330A00575B000B02
:04330B008409247B92
:04330C00838C169701
:04330D00055B34AB7D
:04330E00A980203B37
:04330F002004000096
:043310002180012CEB
:04331100231300037F
:0433120000863004FD
:043313000640283B0D
:04331400B834000BBE
:04331500BDC4033FF1
:04331600089B183CBC
:04331700900015E825
:04331800247B575B60
:0433190005E8840936
:04331A00119390007B
:04331B00000A10BED6
:04331C00D20004A334
:04331D00002000028A
:04331E000020C417B0
:04331F001743C41C70
:043320002B3D29FB1D
:043321003CB334F392
:0433220000005C400B
:0433230034D33C93D0
:04332400121320ABB5
:043325008000180408
:0433260006AD35FBC0
:0433270020042F3B14
:0433280047005643C1
:04332900121300007B
:04332A0014913C932B
:04332B0012330FD179
:04332C0021BBE4C31A
:04332D0034B33CF386
:04332E001B5384C9E0
:04332F00349322139E
:04333000072DB6812E
:0433310082C41E979D
:043332003CD3235312
:04333300E88300E04B
:043334000152D8C1A9
:04333500283B00022F
:04333600BAC1554182
:04333700000200D2BE
:043338001253183BD9
:0433390021BB57411C
:04333A0080893CB397
:04333B00E034F70380
:04333C00E7040001A1
:04333D00D4436EB453
:04333E0082C41E9790
:04333F0000E0273B48
:043340001A33E863F1
:0433410000008C00FC
:0433420026811A13B3
:0433430082A41E97AB
:0433440000021892D9
:0433450028FB18BB8E
:043346001A33273BD4
:043347000000A5C01D
:04334800482205E032
:04334900029C1EC400
:04334A00199326812C
:04334B00C4061DE0B7
:04334C0035E21A1339
:04334D00E704006829
:04334E0016970001CD
:04334F00173A825C4B
:043350002004FFB6A0
:043351002180012CAA
:04335200303B000309
:043353000222280426
:04335400064024BB50
:04335500575B000BB7
:043356008409247B47
:043357000001152E2E
:04335800283B36A335
:04335900CD80253BC3
:04335A00253B00020D
:04335B00000255C057
:04335C002804303BD6
:04335D0024BB022269
:04335E00000B06401A
:04335F0081B016978C
:04336000411B5EA30C
:043361008409575B29
:0433620055C0253BF2
:0433630054AB000265
:04336400253B055BA5
:043365000002CD8015
:04336600803B883BE5
:04336700288F104358
:04336800216E0000D2
:04336900312380008C
:04336A0082C426975C
:04336B00594157412C
:04336C00E844012010
:04336D000152D941EF
:04336E00283B0002F6
:04336F0082A026977B
:04337000000229121C
:043371001233293BAF
:0433720025FB1253D2
:043373001AB332F364
:0433740032D3808947
:0433750012131A9382
:043376000001BDC4D1
:04337700EA43149180
:04337800F403091B36
:04337900F40385894B
:04337A00243B283B8D
:04337B00042085495C
:04337C00243B487630
:04337D00483204606E
:04337E001DB31573F3
:04337F0000008C00BE
:043380002EBD123319
:04338100C41615A0B9
:0433820014A0BEBD18
:043383000020C41250
:043384001193C417C6
:04338500C41CBC6048
:0433860000A615E2A6
:0433870000118F3B67
:04338800825C1697B6
:04338900FFC0143A33
:04338A00DF00031B42
:04338B001413000215
:04338C0000C000AAD3
:04338D00000188347F
:04338E006EB48C4449
:04338F00023311D321
:0433900010A6803BC8
:0433910012F3000132
:04339200004416C617
:04339300133302B33B
:04339400825C1697AA
:0433950000A6143A40
:0433960003401D1BB8
:04339700303B0004C3
:04339800111B283BA2
:04339900000B0640DF
:04339A00827C169784
:04339B00000710A671
:04339C00152648A307
:04339D0042A3000146
:04339E0000011834DE
:04339F00719018D73A
:0433A000033F1034A3
:0433A1001044108440
:0433A200900018A8D7
:0433A30000011834D9
:0433A400717018D755
:0433A500033F10349E
:0433A600114410843A
:0433A700900018A8D2
:0433A80081DC169717
:0433A900DC40389537
:0433AA00169700036F
:0433AB00203481DC6D
:0433AC0059110004AF
:0433AD0065003A95E8
:0433AE001293001264
:0433AF000380DEC4F5
:0433B0002DFB7FE191
:0433B1005C4025BB9C
:0433B20022A3000052
:0433B3002B3D2DFB86
:0433B40000005C4079
:0433B500273B18A3F7
:0433B6001A1384C999
:0433B70005E0A68106
:0433B800BDC4482325
:0433B9001CA0000153
:0433BA0004EDC40357
:0433BB001004E48393
:0433BC00FD4380004D
:0433BD00000188344F
:0433BE006F108C44BC
:0433BF001213E7C33B
:0433C000E697BEFDD1
:0433C100049982A049
:0433C2001B733681C2
:0433C300029C1EC486
:0433C40013B3268198
:0433C5001193183B0D
:0433C60000E610E22B
:0433C70000A212D37B
:0433C80014190106CD
:0433C90003E81ED720
:0433CA00B09724C1D3
:0433CB00B02000002E
:0433CC002DBBE41C15
:0433CD00A5C0243B38
:0433CE0096970000CE
:0433CF00103482A094
:0433D000AA1300013B
:0433D1000001503473
:0433D2006EC0108435
:0433D30001F39CBBAB
:0433D400C4170020FA
:0433D5006EB0528400
:0433D600119313F349
:0433D70000F215E209
:0433D8001993121320
:0433D9001233268104
:0433DA00835416976B
:0433DB0021D35AABF5
:0433DC005A0028FB70
:0433DD0028BB000009
:0433DE00A8BB243B29
:0433DF00000110C019
:0433E00003E416D715
:0433E1001E9714AB74
:0433E200208182586C
:0433E30094E02681CB
:0433E40000D2C4034C
:0433E500183B00028F
:0433E600131306A512
:0433E70036972AA348
:0433E800901283C0FC
:0433E900981A00042A
:0433EA00183401D4BE
:0433EB0018C4000101
:0433EC0099336EB0F3
:0433ED00A8B390F3FE
:0433EE001833B0736D
:0433EF002C7B3C3BBC
:0433F00057C320049B
:0433F1000000470091
:0433F20001BC901278
:0433F30040159820C9
:0433F40010A31313FC
:0433F50016971819F6
:0433F60034FB846CB4
:0433F70048812CBB22
:0433F8000001D98077
:0433F900000E056A53
:0433FA0083C03697BF
:0433FB0020042C3B43
:0433FC00CAC0009BA8
:0433FD001293000126
:0433FE00A8A0001172
:0433FF0012B35802AB
:0434000004D9C9C35F
:043401002B93235393
:04340200254145011A
:043403000000108F26
:043404000000210F94
:04340500F51945016F
:0434060000A0288179
:04340700E092E82245
:04340800E0BB000223
:04340900DDC306D148
:04340A00834C169742
:04340B00E02012A308
:04340C000592E4162B
:04340D000020FEFCA1
:04340E000020C416C0
:04340F00DE43C41CB8
:0434100082C41697C5
:04341100E88200A0AD
:04341200E416E0A03C
:04341300E41C17207E
:0434140005E0FC03D0
:043415002393482293
:0434160034C11B534F
:04341700308F2501CC
:0434180018CF0000C9
:043419004CC10000A2
:04341A002881F519F7
:04341B00E82200A003
:04341C00E405E0A043
:04341D000002015256
:04341E0014F3283B40
:04341F00257B11D325
:043420002A81553375
:04342100125311F33E
:043422001C7334B330
:0434230080892C333D
:043424002C131C53F6
:0434250020EE3493CE
:0434260014D380003B
:043427000122551316
:04342800B4C1008E9D
:04342900000290D23B
:04342A0021AE90FB44
:04342B0001228000FA
:04342C00AC810082ED
:04342D00000298926F
:04342E0026D798BB4A
:04342F001D2B03E46A
:04343000019264C1E0
:04343100303B00022A
:043432006D2322D311
:0434330082583E97E6
:0434340003E426D7B0
:04343500C404A92002
:043436000D254F0110
:0434370047232313F1
:04343800369722D3CE
:04343900592383C0D0
:04343A000004181260
:04343B00004C101A17
:04343C00113322BB6B
:04343D0028B318F3A5
:04343E002C7B203390
:04343F005798200476
:043440003C3BB073EE
:043441001C331473B1
:04344200470054B338
:04344300145300001E
:0434440005601C13F0
:0434450030BB48440C
:0434460084741697DD
:04344700488128FB95
:043448000001D98026
:04344900BDC4549317
:04344A00AD4400018C
:04344B00C543000174
:04344C00EE03183B38
:04344D00EF83103BBE
:04344E00F283383B92
:04344F00F64323D34A
:04345000000418124A
:043451000032101A1B
:04345200117322BB15
:0434530028F319330E
:043454002C7B20733A
:0434550057A0200458
:04345600B833B0B324
:0434570014733C3B73
:0434580054B31C331A
:043459000000470028
:04345A001C131453D8
:04345B00484405607C
:04345C0028FB30BB5E
:04345D00847C1697BE
:04345E0023D3F483FD
:04345F001834F983A1
:0434600018C400018B
:04346100C5436EC031
:043462000001A804B9
:04346300003BC8431F
:04346400917BDFE198
:0434650081FB85E979
:04346600000394A625
:0434670000BCAED720
:04346800B1BBA13B18
:04346900AD80C00B67
:04346A0004A20003B5
:04346B0088BB006AB0
:04346C00834C1697E0
:04346D00169762ABA1
:04346E000CAB84849B
:04346F00848C1E9794
:043470000001103413
:0434710074F5249139
:04347200A833007308
:0434730035BB3C3BEE
:04347400253B055B94
:04347500000C8E4079
:0434760000089EC4E8
:0434770000202449C4
:04347800BCFBC412C3
:04347900825C1697C4
:04347A00001814BA68
:04347B00A833B87347
:04347C0035BB3C3BE5
:04347D00253B035B8D
:04347E00000C8E4070
:04347F00580214607B
:043480005FE105E91A
:043481008C0024BBDC
:0434820014F700003B
:04348300948400002D
:043484009CC40001E3
:04348500F9830004C3
:04348600848416978D
:04348700169708ABE1
:0434880008DB848C4D
:04348900007376B5A1
:04348A003C3BA833EC
:04348B00055B35BBED
:04348C008E40253B0E
:04348D00F903000C33
:04348E002697DBE1C1
:04348F002E97825C96
:0434900090E98158E6
:04349100103B02FDED
:0434920000461122BD
:0434930000019004A0
:0434940000949EC43E
:0434950080A08697F6
:0434960000B8042254
:04349700383B9833F3
:04349800075B039B30
:043499001900203BBB
:04349A0090BB000DD6
:04349B0000A400AADF
:04349C000004B6C4AE
:04349D00C414002033
:04349E001697883BBA
:04349F001472825CC5
:0434A0000522008E73
:0434A100AE97008E54
:0434A20002DB8310B6
:0434A300C415AC2080
:0434A4000AF50283A0
:0434A50026D1049197
:0434A60084E0F5C306
:0434A7000485C402D2
:0434A800183B02A328
:0434A900AC22001140
:0434AA001697FFF082
:0434AB0018AB82ECEC
:0434AC008258269785
:0434AD00014814447A
:0434AE00C402D8A0DC
:0434AF0010862881DA
:0434B00000A0FF4C2D
:0434B10004C98002C8
:0434B200869740E3D6
:0434B300169782C026
:0434B4001D97815887
:0434B50024010000EE
:0434B600002E10D202
:0434B700E8500420B5
:0434B8000601247B6A
:0434B90085B72C3B6C
:0434BA00D6400000F8
:0434BB00203B0000B2
:0434BC000001C580C6
:0434BD002C7B343BF5
:0434BE005C7C20040E
:0434BF0000004700C2
:0434C000B58402517C
:0434C100857B000403
:0434C200A004EE0371
:0434C300FE03000103
:0434C400FF40052A96
:0434C50010E914BB3B
:0434C600003B5BE18B
:0434C700A13BD461F0
:0434C8000020917BD4
:0434C900803BC4136D
:0434CA0081AC168635
:0434CB00001710BE18
:0434CC00089B62A354
:0434CD000010143A9D
:0434CE00283B303B2C
:0434CF00006924BBB1
:0434D000C8FC3EE80E
:0434D10000061708D2
:0434D200C4150020FD
:0434D300347B883B83
:0434D400253B2C3B2D
:0434D50000061700D6
:0434D60083F81697CA
:0434D700108CC495FC
:0434D8002CA38000A1
:0434D9001697039BA4
:0434DA009D6080DC95
:0434DB0003DBC40348
:0434DC001033268102
:0434DD00031B055B6D
:0434DE00000D1900C4
:0434DF00146602511C
:0434E000AD440004F3
:0434E100C6A300B4CA
:0434E2009CC4001175
:0434E300F30302D01D
:0434E400FA43659BA7
:0434E500F383049BCE
:0434E600848416972D
:0434E700DEC4D3E18B
:0434E80008ABF058E5
:0434E900848C169722
:0434EA0076B516DBC2
:0434EB0083FC1697B1
:0434EC00210C7895A2
:0434ED00212E000587
:0434EE001A8000053B
:0434EF00168600122B
:0434F00010B681ACE5
:0434F10000A200171E
:0434F20016C40110EB
:0434F300123D04A4DE
:0434F400026496C414
:0434F50069922004B4
:0434F60080DC16B7A9
:0434F70080D086B744
:0434F80080D496B72F
:0434F90080E886B72A
:0434FA0080E4DEB7D5
:0434FB000000470086
:0434FC0081AC168603
:0434FD00001710B6EE
:0434FE0000F600A232
:0434FF000003203472
:04350000283B303BF9
:04350100010121049F
:04350200035B1E0346
:0435030082C0243B23
:04350400283B00025E
:04350500DA40243B49
:04350600303B00094D
:04350700247B283BBE
:0435080080E896B70A
:0435090080E49EB705
:04350A0080DCA6B704
:04350B0080D806B7A7
:04350C0080D406B7AA
:04350D0080D006B7AD
:04350E00000617009C
:04350F0082E41697A5
:04351000000110A600
:04351100200408A3E7
:043512004700692FD6
:043513002004000090
:0435140047006933D0
:043515001686000016
:0435160010B681ACBE
:0435170074A3001782
:04351800155B0B1B19
:04351900000D31C0B0
:04351A0081AC1686E4
:04351B00001710BEC7
:04351C00169726A335
:04351D0010A682E48E
:04351E0008A30001FD
:04351F0069432004D8
:043520000000470060
:0435210069462004D3
:04352200000047005E
:043523002200280456
:04352400050020047A
:04352500000D31C0A4
:04352600203B2C3BDF
:043527000009DA407D
:0435280080A01697D2
:0435290000C200A23A
:04352A0016970011DF
:04352B00141A82E408
:04352C001E86FF58A0
:04352D0018FE81AC57
:04352E0000E20017A0
:04352F001096FF0CE7
:0435300000A20002F3
:04353100203BFF0438
:043532000FE4DEC400
:04353300C87C3EE82A
:0435340000121A88DF
:043535000505200464
:043536008834F103E1
:04353700803B0007CE
:04353800026496C4CF
:0435390000249EC408
:04353A0004A4A6C47B
:04353B0001018C44BA
:04353C00303BF70326
:04353D002014283BF3
:04353E0017008200F0
:04353F00883B0006BF
:0435400082E4169774
:043541000014145A04
:0435420069BC20043C
:04354300000047003D
:04354400283B303BB5
:043545001700251B2B
:04354600F543000643
:04354700283B303BB2
:043548000004203427
:0435490080E886B7D9
:04354A0080D896B7D8
:04354B00000617005F
:04354C00247B035B7E
:04354D00000282C036
:04354E00247B283B77
:04354F000009DA4055
:0435500069AE20043C
:04355100000047002F
:043552000B1B115BE3
:04355300000D31C076
:04355400247B283B71
:043555000009DA404F
:0435560080A01697A4
:043557000090840458
:0435580000909484C7
:04355900025104A374
:04355A00DEC4F2C316
:04355B0053E10FA881
:04355C001697FFE1DE
:04355D00DEC48484C0
:04355E0021F3FC4019
:04355F0036E73A739E
:04356000817B003B30
:04356100169708AB06
:043562000CDB848C6E
:04356300AD8076B50C
:0435640012B300039B
:04356500827C1697B7
:04356600000710A6A4
:04356700009800A226
:043568000001283402
:04356900718C2944F4
:04356A00103447557D
:04356B001084033F86
:04356C0018DF105004
:04356D0018D4FF006F
:04356E0018A8003C5D
:04356F002034900074
:043570002104000131
:043571004515716C1F
:04357200033F3034AF
:04357300115031843E
:04357400FF00109FA5
:04357500007E109430
:04357600900011A808
:04357700033F3034AA
:04357800101031847A
:04357900900019A8FD
:04357A00033F1834BF
:04357B00111018C44F
:04357C00900010E8C3
:04357D00103457555A
:04357E001084033F73
:04357F0018DF1054ED
:0435800018D4FF005C
:0435810018A8007E08
:04358200551590004B
:04358300033F2034AE
:0435840011542104B9
:04358500FF00109F94
:04358600003C109461
:043587009000112877
:04358800033F2034A9
:0435890010142104F5
:04358A00900019286C
:04358B00033F1834AE
:04358C00111418C43A
:04358D00900010E8B2
:04358E000340203B9B
:04358F002A7D00048D
:0435900003003034D0
:04359100183B2C7B3C
:0435920000C03184C0
:0435930082601697A5
:0435940000EC10FA3D
:0435950082C0169743
:043596008170269783
:043597002120049952
:043598000911CD8CBC
:04359900C3C0133365
:04359A009697000000
:04359B00A69782600D
:04359C00283B831035
:04359D00486604A0D8
:04359E009E974F3D68
:04359F006280830CB7
:0435A00005200016EC
:0435A1002C7B482215
:0435A2001233203B85
:0435A30011B3DEBDC5
:0435A40016C4319385
:0435A500117302DCC0
:0435A60024A238BB68
:0435A700169700E48F
:0435A80002DB828040
:0435A9008491203BAE
:0435AA00A83444C934
:0435AB00B034000236
:0435AC001B7303008A
:0435AD0000201B13CC
:0435AE00AD44C41351
:0435AF0010E093B0E5
:0435B00010DBEC122E
:0435B1004C0210E0D8
:0435B2001000B584CC
:0435B300C41214A08A
:0435B4000002DF0032
:0435B5008260169783
:0435B600011214FAF0
:0435B7002804303B79
:0435B800051B00A14E
:0435B900000B0640BD
:0435BA0024BB095BCA
:0435BB0000031840B1
:0435BC000001142EC8
:0435BD00283B3CA3C8
:0435BE00CD80243B5D
:0435BF00243B0002A7
:0435C000000255C0F0
:0435C1002804303B6F
:0435C200051B00A144
:0435C300000B0640B3
:0435C40081B0169725
:0435C50000DC00A284
:0435C600095B411B41
:0435C70000031840A5
:0435C80055C0243B8B
:0435C90000AA000252
:0435CA00055B00CECF
:0435CB00CD80243B50
:0435CC00B9530002ED
:0435CD00009C9EC4FC
:0435CE00C41C0020F9
:0435CF001EC3883B54
:0435D000827C16974C
:0435D100000510AE33
:0435D20018D932A32F
:0435D30081C4169702
:0435D40004952881B1
:0435D50010A82C8985
:0435D60026978000B4
:0435D700012082C08D
:0435D8000120E827BF
:0435D900AE81E84493
:0435DA002096A8810E
:0435DB000523018043
:0435DC000180100456
:0435DD0006D1056DA1
:0435DE00DA031B51A0
:0435DF008154169766
:0435E000103BFB039E
:0435E100000C14E2E4
:0435E20009111213A6
:0435E30065811B5192
:0435E400E0C375C10A
:0435E500414E0699B4
:0435E600531300007B
:0435E700C40919A05A
:0435E80042A037C105
:0435E900526FC40A4F
:0435EA0040EF0000AE
:0435EB000491000047
:0435EC001E97FA43E9
:0435ED00A56082F85B
:0435EE001CE0C40217
:0435EF0026814C03E2
:0435F0000120088529
:0435F100213449A494
:0435F200630003006F
:0435F3001C4F000069
:0435F400B0A0000083
:0435F50018A85802B8
:0435F600A504900098
:0435F7001697000122
:0435F800153A8300FD
:0435F9009CC4FFCCA3
:0435FA001251000169
:0435FB000020DCC30D
:0435FC00FD43C414B3
:0435FD00E443091B7F
:0435FE0000031900AD
:0435FF00247BE44302
:0436000000025EC0A6
:043601001AF3A8BB55
:043602001D3314F36D
:043603000020B5FBF3
:043604001697C4143D
:04360500E520830C2D
:04360600153AC403AA
:0436070012D30036A4
:043608000000ACF71B
:0436090014F702515F
:04360A001213000493
:04360B0000089CC453
:04360C0015E0E0FBEA
:04360D001697C41731
:04360E00147A826048
:04360F00A153FFC004
:04361000C4150020BD
:04361100C4130020BE
:043612008260169725
:04361300007214F23B
:043614000A83883B62
:04361500273D2D3BE5
:043616005C401BF306
:043617001BD30000C1
:0436180016971EAB38
:04361900353B82AC0F
:04361A0015AF2C7B41
:04361B002004000087
:04361C00470063847C
:04361D00A504000000
:04361E00B58400016E
:04361F00F243000270
:043620009B0020FBF0
:0436210015AF0000E1
:04362200FD43000064
:043623001697065997
:04362400025182C00D
:04362500C4031D209D
:04362600000028CFA9
:0436270000A0554169
:04362800D541E8425E
:043629000000DA00C3
:04362A00830C169760
:04362B00C404AC60C7
:04362C00FFD8147A35
:04362D009CC4121314
:04362E00A93B0001B3
:04362F00C41415208A
:04363000303BF0C378
:043631000221280446
:043632000640051B2E
:04363300095B000B24
:04363400184024BB5B
:04363500142E00034C
:0436360038A30001B4
:04363700243B283BCD
:043638000002CD803F
:0436390055C0243B19
:04363A00303B00021F
:04363B00022128043C
:04363C000640051B24
:04363D001697000BD1
:04363E0022A381B092
:04363F00095B411BC7
:04364000000318402B
:0436410055C0243B11
:0436420016AB0002C1
:04364300243B055BC4
:043644000002CD8033
:04364500002091933D
:04364600883BC414E5
:04364700091B070351
:043648001900FB83E7
:04364900FB830003FC
:04364A00487304605D
:04364B005EC0247BBE
:04364C0014F3000271
:04364D001D334EBD1E
:04364E00C41398A069
:04364F00C41600207D
:04365000830C16973A
:04365100C415A5A057
:04365200012A15BA7A
:0436530002511213FB
:0436540014A0A57B9E
:043655001697C412EE
:04365600147A826000
:04365700031BFFCA88
:0436580000018426C3
:043659000002DF008C
:04365A00013E042207
:04365B000001103426
:04365C006EB41084B4
:04365D0016C6137307
:04365E008834003B71
:04365F000020000146
:04366000803BC412D5
:04366100C41500206C
:043662008C4412F38F
:0436630016976EB098
:04366400157A8260F1
:043665001697011E95
:0436660010A6827CAC
:0436670078A300073D
:043668000001183411
:04366900718C18C484
:04366A0010344CD5F7
:04366B001084033F85
:04366C0030A8105022
:04366D001034900085
:04366E0010840001C3
:04366F004A95716C9B
:04367000033F2034C0
:0436710011502104CF
:043672009000292873
:04367300183458D5DA
:0436740018C4033F34
:0436750020E81054E5
:0436760056959000D5
:04367700033F1034C9
:043678001154108455
:04367900900018A8FD
:04367A00033F1034C6
:04367B001010108497
:04367C00900030A8E2
:04367D00033F1034C3
:04367E001110108493
:04367F00900028A8E7
:04368000033F1034C0
:04368100101410848D
:04368200900020A8EC
:04368300033F1034BD
:043684001114108489
:04368500900018A8F1
:0436860000A211D3BA
:04368700169704A8E6
:0436880010AE827C82
:0436890000A2000596
:04368A001697049CEF
:04368B001E978350B3
:04368C0026898348C0
:04368D00048E00AAFD
:04368E000340071BD3
:04368F001697000486
:043690000EAB848475
:04369100848C1E9770
:0436920000011034EF
:043693000006108499
:04369400051B74F5A9
:043695002834303B6A
:04369600064000806A
:043697001953000BB8
:04369800825486973B
:04369900031B103BC4
:04369A00142A16D107
:04369B0020EF015CBF
:04369C00049100D6BF
:04369D002DBBFE4300
:04369E005C4024FB6D
:04369F0024A3000060
:0436A000273D2DBBDA
:0436A10000005C4089
:0436A200257B1AA3C7
:0436A30000009B0088
:0436A400A6811B538D
:0436A500482305A011
:0436A6000001B584E6
:0436A700C4031CA09C
:0436A800D38304EDD7
:0436A9000180100488
:0436AA001034FD4398
:0436AB001084000186
:0436AC00D8036F10C0
:0436AD0082AC16973E
:0436AE00000148349B
:0436AF00C41400201F
:0436B000FE8098847C
:0436B10044FB119332
:0436B2006EC04A4458
:0436B300C40214A099
:0436B400115313F3A8
:0436B500C40214A097
:0436B600269714330C
:0436B700253A830C21
:0436B8009812004420
:0436B900402000DECF
:0436BA0012D34014D3
:0436BB00056012A3F1
:0436BC0016974844D1
:0436BD00323B8460B8
:0436BE0048812CFB18
:0436BF000001D980AD
:0436C000000E052AC9
:0436C10083C03697F5
:0436C20020042D7B38
:0436C300CAC0009BDE
:0436C400129300015C
:0436C5000001AD440F
:0436C6005802A0A066
:0436C700121312B315
:0436C800C41214A074
:0436C90013D3CD0347
:0436CA00482405206B
:0436CB0044734CB345
:0436CC0014135881FA
:0436CD000000B14FF9
:0436CE00B90F488167
:0436CF00243B000098
:0436D000C41CBDA0B9
:0436D1000001E70409
:0436D200E83C0720A9
:0436D300DA002F3BAF
:0436D400E5A000006D
:0436D5004453E41660
:0436D6009D924C93E2
:0436D7009DBB000295
:0436D800E417BF2014
:0436D900000245D2D4
:0436DA00125345FB47
:0436DB00408108AB77
:0436DC00C405BDA0C4
:0436DD0012D30B25D4
:0436DE0036973EA33A
:0436DF00B01283C0E2
:0436E000B81A000410
:0436E100247B003A0C
:0436E20020732B53D3
:0436E30020043D7B07
:0436E400B933642D65
:0436E500E0B3B0F3AB
:0436E6004CB3A0330E
:0436E70047004473E1
:0436E80056970000F1
:0436E90018198478B0
:0436EA002DBB35FBC4
:0436EB00C40422A051
:0436EC000001D98080
:0436ED0044534C9363
:0436EE000001A5042E
:0436EF00E3430011A0
:0436F000F883227BBE
:0436F1000001A00430
:0436F2000019E403D4
:0436F300283B2153FC
:0436F4006280343B81
:0436F500343B00164C
:0436F60026C4283B83
:0436F7006280024C9F
:0436F8002193001604
:0436F900283B343BFB
:0436FA0000166280D4
:0436FB0081B01E97E5
:0436FC0082C01697DB
:0436FD0000A03AEB04
:0436FE0004E0E89369
:0436FF00203B4857CD
:04370000C40215E00A
:04370100DF0013F3DF
:04370200383B00024E
:04370300203B099BC3
:04370400E9C0155BA8
:043705003834000252
:04370600303B030051
:0437070039C4203B66
:04370800169700C050
:043709001132826097
:04370A00131901BCD2
:04370B00080319BBDB
:04370C00000198041C
:04370D001697F88390
:04370E00228181C4CF
:04370F002E89049566
:04371000800010A87D
:0437110082C02E97AD
:0437120046C400D9D0
:04371300822002DC32
:043714000160C4107C
:043715000160E8283F
:0437160040A0E845A2
:04371700AA81E4029D
:04371800018028966E
:043719001004056330
:04371A00142F0180E7
:04371B0006D1009043
:04371C0083182E9749
:04371D0028BAACC159
:04371E000911FFBCD2
:04371F00F44330FB44
:04372000008E2C4F9C
:043721000011243B34
:043722000000E500BE
:04372300825416971F
:04372400143A1251F0
:043725001034FFEA73
:043726001084033FC9
:0437270002DB10A809
:04372800900018A84D
:043729000003190080
:04372A000233883BA3
:04372B000001B004E5
:04372C00826016970A
:04372D0000F414721E
:04372E000020121352
:04372F00803BC41700
:0437300016C40E9914
:0437310038A002DCDE
:043732001193C41417
:04373300C41538A0E1
:0437340089530BC3E7
:04373500F683803B5C
:04373600247B035B92
:04373700000250003C
:043738008308269745
:043739001D332C3BD5
:04373A0014F324332D
:04373B0000157A40BB
:04373C0028BB24136F
:04373D003501001141
:04373E000048197AAC
:04373F0000D8150F8A
:0437400001E400AAF6
:04374100000805E295
:043742000090150ED0
:043743000000152F3E
:0437440000D8BD2FBD
:04374500000405E295
:04374600C416002085
:043747000090150ECB
:043748000002AD448A
:043749000002A504D1
:04374A00C40214E0C1
:04374B00008E152FA8
:04374C001420121320
:04374D001697C41CEB
:04374E00143A83188E
:04374F000251FF9A8A
:04375000ED83E233F0
:043751001C73273D81
:043752005C402C3378
:0437530008A30000C7
:043754001C532C13C3
:04375500F4030B511D
:043756000001B804B2
:043757001D0EF3C38D
:04375800E50E00007A
:04375900FACB009017
:04375A008000295C66
:04375B000000E56F16
:04375C00800029447C
:04375D00171B0F63C4
:04375E001C332C7379
:04375F0000067F8061
:043760001C132C53B7
:04376100FFFF170C43
:043762008000109C37
:043763000090254F5E
:04376400800010844D
:043765001112AA8112
:043766001F20FF76AB
:04376700156FE402F4
:043768001D2F009081
:04376900E56F0048C0
:04376A00EC830048A4
:04376B0082541E97CF
:04376C004689029BED
:04376D0084911AD356
:04376E00001418AA81
:04376F00C4129CA044
:04377000909213D34D
:043771001313FF0C23
:043772000004909A25
:04377300FF0205AAA2
:04377400000190348C
:043775000001983483
:04377600003B86C6C8
:043777006EC0948408
:043778006EB09CC4CF
:0437790000201A030F
:04377A00B004C412C1
:04377B0002F3000154
:04377C001193F9C3E9
:04377D000090888EA2
:04377E00FFFFA44C59
:04377F008000A51C05
:043780008000A5041C
:04378100006CA01226
:043782000048B08FBC
:0437830021D31153EA
:043784000048B88FB2
:04378500C415BDA00A
:04378600E8350560BD
:04378700E5002D7BB1
:043788000422000017
:0437890011D300E672
:04378A00E406BD6034
:04378B00E405ADA004
:04378C0016971899DB
:04378D00488184707B
:04378E000001D980DD
:04378F004EA31253E0
:0437900083C0369725
:04379100009CA01ADE
:0437920011931CFB78
:043793002B5339D3A8
:043794000048108F4A
:043795006522200485
:04379600E402A8A001
:04379700115310F3C7
:043798000048108F46
:043799001833A873C6
:04379A00E4021560D0
:04379B00470010B320
:04379C000603000020
:04379D0083C0369718
:04379E00200429D307
:04379F000020009B6B
:0437A000CAC0C415C2
:0437A10012530001BE
:0437A200029B54AB87
:0437A30019D312B371
:0437A4002681125315
:0437A50082581E9791
:0437A6000512268161
:0437A700883B000259
:0437A8009C2B02A5AF
:0437A900049111D3A3
:0437AA00115311F3B3
:0437AB0011731491F1
:0437AC0014911193D0
:0437AD00169711B3A7
:0437AE0019D3825455
:0437AF00FF3210FADB
:0437B000DF00031B18
:0437B1001D1B0002DA
:0437B20000040340CC
:0437B300283B303B44
:0437B4000640111B9F
:0437B5001293000B60
:0437B60003C0DEC4AA
:0437B700029B7FE111
:0437B800F7C312B38E
:0437B900EC431CBB06
:0437BA00FE7205EAAC
:0437BB0082C016971B
:0437BC0000901D4F0D
:0437BD00E84200A03E
:0437BE00FE1418924B
:0437BF001AD3029B7C
:0437C0004C02E0A037
:0437C100580210E0BA
:0437C200C08312F3BB
:0437C30000A21253FB
:0437C400F203FF7C91
:0437C500827C169755
:0437C600DEC4FFE17D
:0437C70010A6FDFC4F
:0437C80000A2000556
:0437C900E697030478
:0437CA00072A8354F3
:0437CB00200400E8EE
:0437CC002180100048
:0437CD001697000348
:0437CE00289581DCDD
:0437CF000040211481
:0437D0000003DC40D6
:0437D10010002004C0
:0437D200000321804F
:0437D30082548697FF
:0437D400283424BDB4
:0437D5000019008057
:0437D60002022004C7
:0437D70080A0303B63
:0437D8008560C4152F
:0437D9002041C411B6
:0437DA00C41680A0F1
:0437DB00064010F3A1
:0437DC002697000B21
:0437DD0085A08254ED
:0437DE0084A0C412ED
:0437DF00103BC410C7
:0437E000035B183B34
:0437E1000096192213
:0437E20081B01E97FD
:0437E30082C01697F3
:0437E40000AE00EA49
:0437E500E89400A0C4
:0437E600484305202F
:0437E700099B383BC7
:0437E800035B24C19A
:0437E9001133203B3D
:0437EA00C4170020E0
:0437EB000002E9C02F
:0437EC00C4130020E2
:0437ED008254169755
:0437EE00008C14FA3D
:0437EF0082C01697E7
:0437F000033FB834A7
:0437F1000300E034BD
:0437F2000020049916
:0437F30002DBC4131E
:0437F400BDC41173CC
:0437F500E70412A82B
:0437F600111300ACFF
:0437F70000E29892C2
:0437F800989A115337
:0437F90000EA0004DE
:0437FA00A0D300A8B0
:0437FB000001A834ED
:0437FC000001B034E4
:0437FD00C4130020D1
:0437FE00C41C0020C7
:0437FF006EC0AD44A7
:043800006EB0B5846D
:043801008254169740
:04380200019214FA21
:04380300283B303BF3
:043804000640111B4E
:04380500173B000B62
:043806000204DEC416
:0438070025BD7FE17B
:0438080001AF658126
:043809001560000046
:04380A0001AFC40640
:04380B0014A0000005
:04380C0001AFC4063E
:04380D0015A0000002
:04380E000BADC40634
:04380F00149106D139
:04381000A004E843E5
:04381100EA030001C5
:043812009B0025FBF7
:043813001E970000FC
:0438140004E082C08A
:0438150000E0482463
:0438160000E0E825C1
:043817004801E84339
:04381800A681AA815A
:04381900018018967C
:04381A00100404E3AF
:04381B00052D0180F6
:04381C00830C16976C
:04381D0000019CC446
:04381E00C41715E0D6
:04381F0004D9E6C31F
:0438200019B320FBBD
:04382100288F2401C7
:04382200E5000000BD
:0438230019930000F5
:04382400169706D11C
:0438250010FA8254BF
:04382600029BFFE41E
:04382700900015E810
:043828000003190080
:043829005DBB2C3B1C
:04382A00004846C448
:04382B00657B54BBAA
:04382C00383B02DB48
:04382D008254169714
:04382E00000A11FA81
:04382F00C413A4E03A
:04383000183BE3035B
:0438310019D9F98325
:0438320081C816979C
:04383300049528814F
:043834005802E0A0B6
:04383500800030A837
:04383600000012CFAD
:0438370001A04D8B14
:0438380030ABA00D04
:04383900054D07AB87
:04383A000000122F49
:04383B0000006AEF30
:04383C00183B03AB87
:04383D000FD1054D55
:04383E0015201B51E5
:04383F00116FC4023F
:043840005AC4FFFE69
:04384100420400023B
:0438420052840002AA
:043843006304000218
:04384400F403000287
:04384500494ED7AB66
:043846004B2F000004
:04384700720E0000FD
:043848007B8C000075
:043849007BDCFFFF26
:04384A007BC48000BB
:04384B0003E2800014
:04384C00FEC4003284
:04384D000FE8003050
:04384E00171BDE481E
:04384F0052F37C7341
:0438500072733AB3A2
:0438510019F34A33EA
:043852007F8031B38F
:043853004EC4000659
:043854000A680030CE
:043855007C53CE488A
:043856003A9352D37C
:043857004A1372534B
:04385800319319D3BC
:04385900FFFF124C0F
:04385A008000109C3E
:04385B000000228FB8
:04385C008000108454
:04385D00E40278A069
:04385E00FF701112D4
:04385F00E4097260A6
:0438600000004AAF6B
:043861004A0E05D92D
:0438620044410000DD
:043863000000492FE9
:04386400230E48D314
:0438650012600000ED
:0438660008ADC402E3
:0438670004E0E9C3CD
:0438680014A048223E
:04386900B88FC4024E
:04386A00B812000090
:04386B00150F0062D3
:04386C00344F0000D5
:04386D0024FB000038
:04386E000C8110F3C6
:04386F00E830042019
:043870002C3B313389
:043871000000E5006E
:0438720004E010D38B
:043873003113484481
:043874001697D08152
:04387500EC0184706E
:04387600D98048812C
:043877002E97000187
:04387800B81A83C037
:043879003DBB004013
:04387A000000150F26
:04387B00200434FBF6
:04387C00A0814F8454
:04387D00144F10B321
:04387E008033000093
:04387F0000019CC4E4
:043880001073A4011C
:0438810000004700FC
:04388200A504125136
:04388300BE830002FE
:0438840083C0369730
:0438850020042CFBF4
:04388600CAC0009B19
:04388700803B000181
:043888000001E00457
:043889003D7BF70389
:04388A000020F7C360
:04388B00BCC3C41CDA
:04388C001697FFE1AB
:04388D00E6C481B05C
:04388E002F37005C74
:04388F00DEC4FE0C89
:04389000813BFDF487
:0438910000F600A29B
:0438920081701E978C
:04389300CD8C18E0E0
:043894004689029BC4
:04389500FE381737AB
:0438960000E6042222
:0438970082C416973A
:04389800E86200A042
:04389900173746890E
:04389A000422FE1CEA
:04389B00169700DAA2
:04389C001737821C3C
:04389D001697FE3448
:04389E001E97827C73
:04389F0020AE838C48
:0438A00035110005D9
:0438A10000C600EA73
:0438A200B0C102DBD4
:0438A300FE2C1F37A1
:0438A40000C004223A
:0438A50000C201223A
:0438A60083101E97D6
:0438A700FE2C2F17AD
:0438A8004A894AC936
:0438A900FE081F37BF
:0438AA00FE281737A6
:0438AB00FE281F17BD
:0438AC00FE081717E4
:0438AD000004189269
:0438AE00FE281737A2
:0438AF00009E012254
:0438B0008E97209B34
:0438B10017378258EB
:0438B2001717FE24C2
:0438B3008F37FE2429
:0438B4008892FE20D8
:0438B50017370004BD
:0438B6000422FE20CA
:0438B7002E970084C4
:0438B800271783103B
:0438B9005A00FE2093
:0438BA002F170000C4
:0438BB008851FE2012
:0438BC00FE041737B8
:0438BD005A004B0161
:0438BE00DEC4000064
:0438BF001737FC6853
:0438C0000CBDFDD46A
:0438C100FE30173787
:0438C200084A042A82
:0438C3008280169752
:0438C400FE1C1F17B0
:0438C50010E08491FA
:0438C6000499EC0273
:0438C700FDEC1737C6
:0438C80000001034B8
:0438C9000DA01084BA
:0438CA00FDF01737BF
:0438CB0000001034B5
:0438CC0009B01084AB
:0438CD00FDF41737B8
:0438CE000002089B51
:0438CF0006DB0844C8
:0438D0001697E1C3A3
:0438D100E30382C0CB
:0438D200832416979E
:0438D3000737E4834C
:0438D400E783FE2C5C
:0438D500830C1E97AB
:0438D60012DBE843D6
:0438D700249BE7C384
:0438D8002E97EC0338
:0438D900EF43830C2A
:0438DA00FDF41717CB
:0438DB009484247B32
:0438DC0080890002DD
:0438DD00FFFE14AF27
:0438DE0016970251E6
:0438DF00147A82587D
:0438E0000E23FFE6CE
:0438E100FE789704D2
:0438E2001697883B72
:0438E300147A825C75
:0438E400203B007411
:0438E5000004034098
:0438E600883460239F
:0438E7008C4400010C
:0438E800569B6F84F8
:0438E900FDE01737B0
:0438EA00C4170020DF
:0438EB00C4120020E3
:0438EC00FE1007378C
:0438ED00FDFC0737A0
:0438EE00FDE80737B3
:0438EF00FDD41717D6
:0438F000FE101F1790
:0438F100005018A2C9
:0438F20003401D1B57
:0438F300883B00040A
:0438F4008258169749
:0438F5000744147AF6
:0438F6008F040C230C
:0438F7001697FE78AA
:0438F800143A825CA0
:0438F900303B075603
:0438FA00111B283B3B
:0438FB00000B064078
:0438FC00FDE81717B5
:0438FD00FFE0DF0405
:0438FE0088347C216D
:0438FF008C440001F4
:04390000089B6F8829
:04390100247BF3C36D
:0439020000008C0035
:04390300000014AFFD
:043904009484025154
:04390500EE4300028B
:04390600FE30171761
:04390700FDD0DF37D9
:043908000396988406
:04390900371720BB91
:04390A002804FE246B
:04390B006280008056
:04390C0020840016FD
:04390D0024E200129E
:04390E001F04FFECA7
:04390F00103BFE5417
:04391000FF80200410
:04391100FE242F174A
:04391200049108ED27
:04391300116216D156
:043914002704FFF293
:04391500259BFE42AE
:043916006280283B68
:043917001F17001660
:043918002697FE20D0
:043919009737825802
:04391A000020FE3C4F
:04391B00103BC41683
:04391C00C40390E070
:04391D00FE3C2F1726
:04391E00007E28E21D
:04391F00825C169719
:04392000E402B8A065
:04392100FE00173756
:04392200FE001F176D
:04392300FE04171770
:0439240000041892F1
:04392500FE00173752
:04392600009A0422DD
:0439270082A01697CD
:04392800FE781F0FF7
:04392900FEC02F0F9E
:04392A00E82200A0EF
:04392B0082A42697B5
:04392C00C701AA81A4
:04392D000002111271
:04392E0076C9113B0A
:04392F0000021892E8
:043930001E9710FBD3
:04393100269782C48F
:0439320000E08170C0
:043933002120E883E4
:043934002681CD8C8F
:04393500FDFC173747
:04393600000100404C
:04393700DF00203B52
:0439380016970002DC
:043939001737819823
:04393A001697FDE4FB
:04393B0010AE82D870
:04393C0000AA0002DB
:04393D00069B009253
:04393E002F1712032A
:04393F001162FE080B
:04394000103B000236
:04394100FE282F1716
:04394200001C28B28B
:04394300FE3C2F1700
:0439440000142172D8
:04394500FE3C3717F6
:04394600FFE02D84ED
:04394700C405E16072
:04394800FE62316783
:043949000001B58440
:04394A00FE3C2F17F9
:04394B000B51049187
:04394C00FE3C2F37D7
:04394D006F40E7C31D
:04394E0016970004C4
:04394F00108C8170E7
:0439500040A3100080
:04395100C3C0243B90
:043952000737000033
:04395300029BFDE4F2
:043954004C02B0A0D1
:04395500FE1407371E
:04395600173784910A
:043957001F17FDC871
:04395800649BFE145A
:0439590000E2A08167
:04395A001804032A20
:04395B002689024077
:04395C00FDCC173750
:04395D00FE38171702
:04395E00C41300206E
:04395F001737748919
:043960000543FDD846
:04396100F7C3051B88
:04396200283B103BB3
:0439630016B7051B73
:04396400CD808198F9
:04396500051B00023C
:04396600000255C046
:043967008198169796
:04396800203BACABA9
:0439690000022340F5
:04396A009804F48346
:04396B002F17000111
:04396C002004FDCC6A
:04396D00303B0102E8
:04396E00000B064004
:04396F004380C91BAD
:0439700004E200006D
:0439710017170052D2
:04397200A717FE385D
:043973001737FE34D0
:04397400103BFDDC2B
:043975001F17AD3B30
:0439760010EAFDC88E
:0439770004E202A4C0
:04397800251E029C6A
:04397900C32B003329
:04397A0080A09697FC
:04397B00029204A20E
:04397C00FE341F17DF
:04397D0000C01D2247
:04397E0010344E2390
:04397F001084033F6E
:04398000A0A81814CF
:043981001717900084
:0439820025FBFE0023
:04398300C40615E081
:04398400000A3122E2
:043985000C83103B64
:04398600FDD817173A
:043987000519F583A6
:04398800FE781F04A2
:04398900FDC037370F
:04398A00288F24C19D
:04398B00171700000A
:04398C002737FDFCE0
:04398D005541FDC4DF
:04398E000000A5C0D0
:04398F00FDC4271735
:04399000FDC0371728
:04399100F90309111C
:04399200253B035B73
:0439930000047300B9
:043994001F04F843D1
:0439950044C1FE42E9
:0439960017370905D1
:043997000B19FDC447
:04399800E0A0D55185
:04399900294FC405E9
:04399A001717FEE01D
:04399B005541FDFC99
:04399C00FDF017170C
:04399D0017178089EF
:04399E000491FDC4CF
:04399F00FFD215A29C
:0439A00016972C2327
:0439A100269782845F
:0439A200049182C446
:0439A300EC041120FF
:0439A400FDE02F17FC
:0439A50000031840C3
:0439A6002F170C23A8
:0439A7002717FDF8E9
:0439A8001840FDECDA
:0439A90004E2000331
:0439AA0014FB00DC2E
:0439AB0026970483D4
:0439AC00169782C028
:0439AD00FA83828097
:0439AE00FDC4173706
:0439AF002034462357
:0439B0002104033FAC
:0439B100A12818141D
:0439B2001900900068
:0439B30017170003DF
:0439B4000520FDC429
:0439B50005604865FC
:0439B6001F17486827
:0439B700A160FE30DD
:0439B8000B59C405DE
:0439B900C408AA2074
:0439BA004828022077
:0439BB00317B5AC141
:0439BC00FE543F0472
:0439BD00C41500200D
:0439BE00480490BB6E
:0439BF00A420FFFF42
:0439C0000F43580A4F
:0439C100035B253B44
:0439C200000473008A
:0439C300FDF82F17C5
:0439C400FDEC2717D8
:0439C50000031840A3
:0439C6001704F68369
:0439C700A8A0FE4274
:0439C8000885C402A8
:0439C900FDF41717DB
:0439CA00FDB05737BE
:0439CB00FDB44F37C1
:0439CC00FDB84737C4
:0439CD00FDBC3F37C7
:0439CE00FDC03737CA
:0439CF00FDC42F37CD
:0439D000269780892D
:0439D1001F0482D479
:0439D2004717FDB8DE
:0439D30020A0FDB87B
:0439D4001717EC0BCA
:0439D5004F17FE1476
:0439D6005717FDB4CE
:0439D7001ED5FDB04C
:0439D8003AD52CD5DB
:0439D900009A00A2AE
:0439DA00FE34171789
:0439DB00002415228D
:0439DC00000059EF9F
:0439DD00AD44819DD7
:0439DE001FD10001F4
:0439DF00ADA20D91F7
:0439E00004EAFF985E
:0439E100271700F2B2
:0439E200AD3BFDD824
:0439E300252014BBCC
:0439E400C843C414FC
:0439E500A920031BF7
:0439E60091204C04DC
:0439E700D6A3380229
:0439E800FE301F1777
:0439E900C40245606F
:0439EA00000071CF99
:0439EB00108724C15C
:0439EC001F170000A1
:0439ED0072E0FE1C6A
:0439EE0070A0E40DD4
:0439EF0012E0C4021C
:0439F0006344E40246
:0439F1001892007FA9
:0439F2001820002871
:0439F30012E0E40BEF
:0439F4005E97400298
:0439F5005AE68214F8
:0439F60002E20001E8
:0439F70002AA00041C
:0439F800633600141E
:0439F900032200FFA6
:0439FA000AA3000C10
:0439FB00000069A7B8
:0439FC00029BF083B7
:0439FD001004FB8334
:0439FE0005A5FF809C
:0439FF00581224A096
:043A0000031BEE8333
:043A01004C04A920A8
:043A0200380224A0C2
:043A0300FF6600A2B8
:043A040000006187D6
:043A0500FF80132EFD
:043A060011CF4CA3ED
:043A070060A00000BB
:043A080058A0C402FC
:043A0900009AE40239
:043A0A0058BE003C66
:043A0B00A96000FFAF
:043A0C0002E2C4040A
:043A0D00100400049D
:043A0E00052500FE8C
:043A0F0002E0E703E7
:043A100058A0486210
:043A11000499C4024E
:043A1200C4021320B7
:043A1300000048A7C0
:043A1400FDDC1717A7
:043A1500C40B12E0EC
:043A1600001604E2B0
:043A1700003312DE88
:043A1800DAA3C48BDE
:043A19001717F2C3C6
:043A1A005D3BFE30E2
:043A1B00C40CA8A08F
:043A1C0002E0FCC305
:043A1D00FD03400263
:043A1E00FE38271730
:043A1F000512E18328
:043A200004EAFD6651
:043A21001717FD2452
:043A22000EA3FE14DD
:043A23001737029BB4
:043A24009943FE14B0
:043A25000180180400
:043A260004229A8359
:043A2700031B02B0CB
:043A28000002DF00B9
:043A2900031B055B1B
:043A2A000002CD8049
:043A2B00FDE4171788
:043A2C00819816B7B0
:043A2D0082D816978E
:043A2E00000210A6DC
:043A2F00031B06A3CC
:043A3000000223402D
:043A3100FE2817173D
:043A3200FE00073754
:043A3300000218B6BF
:043A3400171768E315
:043A35001737FE340D
:043A36001717FE144C
:043A37001F17FE1443
:043A38001892FE38AA
:043A390010340062E3
:043A3A0098340001BB
:043A3B00A0340001B2
:043A3C0010840001F1
:043A3D0000206EB047
:043A3E004804C41262
:043A3F000020FFFF65
:043A4000183BC40863
:043A4100C40A002093
:043A4200C415002087
:043A43006F749CC43C
:043A44006F7CA504EA
:043A4500FDDC173756
:043A46000038ADA2F5
:043A4700FE1017173F
:043A4800FDD0DF17B7
:043A4900FE3C971791
:043A4A001737049195
:043A4B001717FE103B
:043A4C0015E0FE047F
:043A4D000002C41798
:043A4E001F17FA82C2
:043A4F008499FE0058
:043A50001F3706D145
:043A5100F083FE0000
:043A5200FE14171730
:043A5300FE381F1703
:043A5400F043A68114
:043A5500FE30271701
:043A5600FE1417172C
:043A5700283B383B95
:043A58000020FF9BB0
:043A5900A920C40BD1
:043A5A002899C40ED5
:043A5B0009194501FF
:043A5C00C40423A0DB
:043A5D00792E0905B0
:043A5E0003E200FF80
:043A5F00591A0018D8
:043A600038BB00046B
:043A6100C98B593B79
:043A620000022092AC
:043A6300C94B30BB60
:043A64000002111239
:043A6500271728BB3C
:043A66002881FE387D
:043A67000033209E6A
:043A6800120CC92350
:043A6900C98B00FF06
:043A6A00000220B284
:043A6B00124C41BBFD
:043A6C00C94B00FF43
:043A6D000002113210
:043A6E001284497BFA
:043A6F001737000104
:043A70001704FDD862
:043A7100A8A0FE42C9
:043A72003EC1C40489
:043A73004F370D05B7
:043A74004737FDC013
:043A75001F37FDC436
:043A76005737FDC8F9
:043A77005833FDCCF7
:043A7800FDE45F37D3
:043A790053C0200412
:043A7A0047002C7B5A
:043A7B002717000009
:043A7C001717FE28F2
:043A7D003704FDD835
:043A7E0009A8FDC8CE
:043A7F005F17C1020A
:043A80004717FDE403
:043A81004F17FDC41A
:043A82001122FDC050
:043A8300171700F61B
:043A840054C9FE0023
:043A8500FE0C171705
:043A86001737049159
:043A87001717FDE42C
:043A880006A5FE0C85
:043A89008484169784
:043A8A0000B804225A
:043A8B0017172EAB30
:043A8C002697FE2C4F
:043A8D0014A0845CA1
:043A8E00B8A04C028E
:043A8F001499C402C0
:043A90004167550134
:043A9100496700027F
:043A92002F170003E7
:043A93000D6BFE2C8D
:043A940028812491D0
:043A9500000240A744
:043A9600000348A73A
:043A9700FDE8271708
:043A98004002582070
:043A9900E40A556086
:043A9A00580211209D
:043A9B00FDE81737F4
:043A9C00FFE01284B1
:043A9D00C40AE0A0D7
:043A9E0083C03E970C
:043A9F00FE622A8613
:043AA0000001948409
:043AA100006C02EAC9
:043AA20000011034DB
:043AA3006EC010845D
:043AA40026976823D6
:043AA50069238214FB
:043AA6005973253BF0
:043AA700FE0C5F377B
:043AA80018F32133BB
:043AA900171710B328
:043AAA003034FE10A6
:043AAB0028330001BB
:043AAC0031841073DE
:043AAD002C7B6EB44C
:043AAE0053E12004BC
:043AAF0000004700CC
:043AB000FE0C5F1792
:043AB100000E02E21F
:043AB20083C0369700
:043AB30020042CBB04
:043AB400CAC0009BE9
:043AB50048040001C0
:043AB6000020FFFFEE
:043AB700183BC408EC
:043AB8000503103BB7
:043AB900FF7400AAEC
:043ABA00C40495E0CB
:043ABB001697191928
:043ABC00EBC384587C
:043ABD00FDDC1717FE
:043ABE002686F2C3A3
:043ABF00F2C3832C9F
:043AC000F2C324FB2E
:043AC100FE0C2717B9
:043AC200FDE42737C1
:043AC300171750BBC6
:043AC400AD44FDE42C
:043AC50017370001AE
:043AC600BF83FE0CB0
:043AC700FE181717B7
:043AC8000251247B08
:043AC9000000288F42
:043ACA00FDF01717DD
:043ACB0017178089C0
:043ACC001491FE183B
:043ACD00FE18173791
:043ACE00F894000266
:043ACF0000002C4F78
:043AD0001251243B30
:043AD1000000A5C08C
:043AD20000020011DD
:043AD300257BF890C7
:043AD40000047880F2
:043AD5001697ADC3D0
:043AD6001F178284B0
:043AD70010E0FE1CE1
:043AD8000499EC025F
:043AD900FDEC1737B2
:043ADA0000001034A4
:043ADB000FE0108464
:043ADC00FDF01737AB
:043ADD0000001034A1
:043ADE0009A01084A7
:043ADF00FDF41737A4
:043AE0001737569BA3
:043AE1001704FDF8D1
:043AE2001737FEC0D4
:043AE30090BBFE187E
:043AE4000002883B19
:043AE500003BF7E4C7
:043AE600813BC82137
:043AE7009034512B9B
:043AE80094840002C0
:043AE900148E99049A
:043AEA008C8E002896
:043AEB00051B002E89
:043AEC0040800449C9
:043AED00F84B000092
:043AEE000109690958
:043AEF0000142D0092
:043AF00012AB88BBD2
:043AF1004200051B6F
:043AF200B699000081
:043AF30083BC1697E3
:043AF40016B726815A
:043AF500148E83BCEC
:043AF6002449002E31
:043AF7000028148E01
:043AF800002E8CAF61
:043AF900381080A061
:043AFA00846000499B
:043AFB00143B8010E8
:043AFC00003B482122
:043AFD00031B802106
:043AFE000000408004
:043AFF0080002034EF
:043B000000142D0080
:043B0100031B0CABEB
:043B0200000042007D
:043B030016B7B499A4
:043B0400103B83B43B
:043B0500003B002160
:043B0600003BE00997
:043B07009834D421F9
:043B08000020030096
:043B09009CC4C41282
:043B0A00A004041CF3
:043B0B008CBB00016E
:043B0C00243B803B9B
:043B0D0000008780AD
:043B0E00243B44AB65
:043B0F000009DBC00E
:043B10000046188EC5
:043B110083FC169784
:043B1200048526817F
:043B130049A200A023
:043B1400030010B4E6
:043B1500580298A01A
:043B1600800010A873
:043B17000041188CC5
:043B1800004018E66B
:043B1900C48B18E35E
:043B1A0000FF10AEEA
:043B1B002C3B10A38C
:043B1C006FE720042B
:043B1D00000047005D
:043B1E004C028520B0
:043B1F000011244924
:043B20000010142657
:043B21008CA2ACA323
:043B2200869700AAD8
:043B2300042280A058
:043B2400002000A0DD
:043B25009804C4122A
:043B260094E0000126
:043B270002894C02C1
:043B280024BB20ABEF
:043B29000009DBC0F4
:043B2A000046188EAB
:043B2B0083FC16976A
:043B2C002681283B8B
:043B2D0001200885E6
:043B2E00213449A451
:043B2F00130003007C
:043B30009484000178
:043B310014A60001D5
:043B3200CEA300100E
:043B33000340903487
:043B3400033F98347F
:043B3500033FA03476
:043B36000001A804DE
:043B370088009484EA
:043B38002E809CC47B
:043B39000E80A50451
:043B3A004C02856054
:043B3B003AAB028916
:043B3C00243B0F5BBC
:043B3D000009DE405D
:043B3E00DF00051B84
:043B3F00203B000126
:043B400000023E4001
:043B410000068AC030
:043B4200B700203B6D
:043B43001F1B000341
:043B440000020B80F0
:043B45003E40031BE0
:043B46001004000265
:043B470014A801FFBE
:043B480014E89000ED
:043B490015289000AB
:043B4A0000119000D6
:043B4B00001014262C
:043B4C005421B6A3A7
:043B4D00DEC3947BC4
:043B4E0081701697D5
:043B4F0006B7FFE1D5
:043B500010AC83C072
:043B510090E92000D7
:043B5200897B913B9F
:043B53002AA381BB65
:043B5400827C1697C2
:043B5500000110A6B5
:043B560086C020A362
:043B57001AAB0000A5
:043B58008320169719
:043B59000300183419
:043B5A00042018C467
:043B5B0018A82689F7
:043B5C0018DF8000EE
:043B5D0018A8FF7F26
:043B5E00203490007F
:043B5F002104001F1E
:043B60004580848098
:043B610024BB000081
:043B6200000AB8801D
:043B630083F8169736
:043B640010ECC69506
:043B650040AB001061
:043B6600000820EC47
:043B670082581686E4
:043B68001094052B85
:043B690018EC010053
:043B6A0000E2000273
:043B6B00309400F49E
:043B6C002697020096
:043B6D002834832055
:043B6E0029440300E3
:043B6F00F100011050
:043B7000169700059F
:043B7100269783F818
:043B72002834832050
:043B73000C8D0300B2
:043B740001142944CB
:043B75000005F10056
:043B76006400071BC5
:043B770090BB0001FE
:043B780083F8169721
:043B790018ACC4952B
:043B7A0014EB000840
:043B7B00108C122B6D
:043B7C000CA3200076
:043B7D00001F2034D1
:043B7E00848021041A
:043B7F00000045807D
:043B80007C8720041A
:043B810000004700F9
:043B820000021034F9
:043B830093D48097C0
:043B840003001034F6
:043B850019B81084D7
:043B860058021420AD
:043B8700800098A87A
:043B880082702E9782
:043B89007A4024FB5F
:043B8A0020340015CE
:043B8B0028BB3B9B7D
:043B8C00CA00210446
:043B8D00001572C0ED
:043B8E00103430BB04
:043B8F00108403009B
:043B9000240919BC2F
:043B910080003C284C
:043B92007C8D200402
:043B930047002CFBC0
:043B94008697000010
:043B9500842C81708B
:043B960004220800FD
:043B97001E8600C0C6
:043B9800103481ACB8
:043B99001084000292
:043B9A0018FE990474
:043B9B0038E30017F4
:043B9C0083FC1E97F1
:043B9D0018CC66D505
:043B9E002CE3040010
:043B9F0083CC1E971E
:043BA0000040288E2B
:043BA10000021034DA
:043BA20024C106D95B
:043BA3009904108EE3
:043BA40006896749DE
:043BA500200408AB45
:043BA600470075DE81
:043BA700511B0000AE
:043BA8003094010351
:043BA900E1430600EE
:043BAA001E97051B42
:043BAB00103483CC83
:043BAC009834000247
:043BAD0006D9000233
:043BAE000300A83434
:043BAF00942C9CC4F2
:043BB000288E24C176
:043BB1000020990453
:043BB200AD44C41446
:043BB3005640002C4C
:043BB400169700134D
:043BB500153A822C0F
:043BB6009834042615
:043BB700A034000234
:043BB8009CC40300A6
:043BB900A504941CAF
:043BBA001E971854E6
:043BBB0016978228AF
:043BBC0024C182247A
:043BBD000438143A7A
:043BBE00033F10347D
:043BBF008000181456
:043BC0001850108405
:043BC100900018A8B0
:043BC200033F103479
:043BC30038501084E2
:043BC400900018A8AD
:043BC5002004283B75
:043BC6004700760D31
:043BC700168600005E
:043BC80010B681AC06
:043BC90000A200173F
:043BCA005C40044A0D
:043BCB00303B000289
:043BCC00031B283B74
:043BCD000009458026
:043BCE00580214A0E5
:043BCF00169710B382
:043BD00010AC817044
:043BD10074A30001D8
:043BD20083FC1697C3
:043BD300840C709559
:043BD400842E000536
:043BD500243B000588
:043BD60000121B00BE
:043BD7001A80243BF1
:043BD800269700121A
:043BD900103483FC25
:043BDA003491002002
:043BDB0004C977158D
:043BDC00FFF810EAF4
:043BDD004080031B06
:043BDE00035B000085
:043BDF005E80031BE6
:043BE000035B00087B
:043BE10080BB051B85
:043BE20000085E80F9
:043BE300109324090E
:043BE4002089031B16
:043BE500420010B3D7
:043BE600BA99000088
:043BE7008480169729
:043BE800169706AB7B
:043BE9009AB58414F1
:043BEA007CCD20046A
:043BEB00000047008F
:043BEC001B00203B5F
:043BED00203B001267
:043BEE0000121A8027
:043BEF00827C169727
:043BF000000710A614
:043BF10016973EA342
:043BF200C49583F8FB
:043BF3002000108C12
:043BF400169732AB43
:043BF500108C81703F
:043BF60028A30800F8
:043BF70082E4869747
:043BF80083C0A69749
:043BF900FADF90342B
:043BFA0000AA983451
:043BFB00948480111D
:043BFC009CC4BEADFA
:043BFD00041A055C45
:043BFE00109300061A
:043BFF0003D600AA3F
:043C000083C0A6B720
:043C0100827C169714
:043C0200000710A601
:043C030016970EA35F
:043C0400C49583F8E8
:043C05002000108CFF
:043C060005AC00A267
:043C070003D204627E
:043C0800A180051B77
:043C09001697000505
:043C0A00C49583F8E2
:043C0B002000108CF9
:043C0C00059400A279
:043C0D004080071BD1
:043C0E001697000005
:043C0F00C49583F8DD
:043C1000CDEF10A044
:043C110011B3049156
:043C120083FC169782
:043C1300108C749508
:043C14001233000562
:043C1500000510AEE8
:043C1600117320BB4B
:043C170000121B007C
:043C180084801697F7
:043C19001E9718AB2F
:043C1A00168682DCAC
:043C1B0000E082D86B
:043C1C00548B4883FA
:043C1D001E9726893F
:043C1E0010E7848C9B
:043C1F00203B0048FE
:043C20000004BE805E
:043C21001A80215391
:043C220016970012DF
:043C230018AB8484D2
:043C240083CC1697A0
:043C250083FC1E9767
:043C260000091084FD
:043C270024C1149907
:043C28001697168D48
:043C290086B5848C4C
:043C2A0084801697E5
:043C2B0083BC2E9791
:043C2C00169708AB34
:043C2D0028B784141C
:043C2E00200400600E
:043C2F00470076E2F2
:043C300016970000E3
:043C31000CAB8480D4
:043C32008414169749
:043C330083B41E97A1
:043C3400006418B759
:043C350083B42E978F
:043C360076E420040C
:043C37000000470042
:043C380084801697D7
:043C390016970CAB23
:043C3A001E97841439
:043C3B0018B783B87B
:043C3C002E97005C63
:043C3D00200483B824
:043C3E00470076E6DF
:043C3F0016970000D4
:043C40000CAB8480C5
:043C4100841416973A
:043C4200809C1E97AD
:043C4300006818B746
:043C4400809C2E979B
:043C450076E82004F9
:043C4600C416002080
:043C47000000470032
:043C480001330273CF
:043C4900C580031B14
:043C4A001034000131
:043C4B0002DB033F56
:043C4C0010A0108430
:043C4D00900018A823
:043C4E00033F1034EC
:043C4F0012A010842B
:043C5000900018A820
:043C5100033F1034E9
:043C52000E201084AC
:043C5300900018A81D
:043C540084841697B7
:043C5500169706AB0D
:043C5600069D848CB7
:043C5700813406B7F7
:043C580083D006B758
:043C59002804103BF0
:043C5A0020047FFFC4
:043C5B001834800198
:043C5C0036810002AB
:043C5D008A1C28EFA6
:043C5E000002183414
:043C5F001491368105
:043C600089E020EFE8
:043C6100003C18A665
:043C62001697E4E3EA
:043C63008E97839C19
:043C640002AB82E449
:043C650096840259E6
:043C6600803B811C02
:043C6700043E8C1A71
:043C68001A8021534A
:043C69001697001298
:043C6A0010A6827CA2
:043C6B0010A30001A1
:043C6C0000032034FD
:043C6D00283B303B85
:043C6E00010121042B
:043C6F000006170034
:043C700083A416977C
:043C7100203412AB3E
:043C7200303B0002E1
:043C730000D8280449
:043C7400951421047E
:043C7500000058C033
:043C760082E48697C7
:043C770000F302B3A1
:043C78000020801197
:043C79000412C41C51
:043C7A001697040C89
:043C7B00108C8170B8
:043C7C0010AE006026
:043C7D0014A300602C
:043C7E000008380002
:043C7F00581C172096
:043C80000008072A07
:043C8100816C1697A5
:043C8200050200A295
:043C830083A41E9761
:043C8400827C169791
:043C8500145400E2F1
:043C8600827C16978F
:043C8700000110AE7A
:043C8800869770AB00
:043C8900903482E40D
:043C8A008E84000222
:043C8B00801182889A
:043C8C009874948410
:043C8D00158A04127E
:043C8E00827C169787
:043C8F00000110A67A
:043C9000168650A3A1
:043C910010BE81AC34
:043C920046A300172E
:043C9300817016978F
:043C94002000108C70
:043C9500031B3CA32E
:043C9600000040806A
:043C9700035B20D3D8
:043C9800000282C0E4
:043C9900203B28D3D1
:043C9A000009DA4003
:043C9B002004195B8D
:043C9C005E80100036
:043C9D0028D3000820
:043C9E001720203B90
:043C9F00DA40581C93
:043CA000031B0009F9
:043CA10000004200DD
:043CA2002004BA99A7
:043CA300470079ED70
:043CA4001E97000067
:043CA500169780A04E
:043CA60000E2827C3A
:043CA700189F046CF2
:043CA80018EEFFFB18
:043CA90008E300012B
:043CAA00000710A659
:043CAB0015C200A29C
:043CAC008170869706
:043CAD004000840C43
:043CAE0015B6042221
:043CAF0083FC2697D5
:043CB00000081034C4
:043CB10077153491BE
:043CB20010EA04C947
:043CB300031BFFF8F8
:043CB400000040804C
:043CB5001A802153FD
:043CB60020040012D4
:043CB70047007A0048
:043CB800169700005B
:043CB90008AB84844C
:043CBA00848C169749
:043CBB0076B512DBED
:043CBC00C41400200C
:043CBD00C41200200D
:043CBE00C41300200B
:043CBF0015200002CA
:043CC00000002CD7FD
:043CC1004000294452
:043CC2005802A9609B
:043CC300800030A8A5
:043CC40075F1200472
:043CC5000007398C2F
:043CC600CEB02960F3
:043CC700CC8331A0D9
:043CC80000004700B1
:043CC9000001A5044D
:043CCA0000049CC492
:043CCB00FBA2000256
:043CCC0000301C3276
:043CCD0000002CD7F0
:043CCE005802A16097
:043CCF00800038A891
:043CD00075FD20045A
:043CD100000711CC0B
:043CD200CDED3160A3
:043CD30039E0103391
:043CD4002960CCA4F3
:043CD5004700CEB026
:043CD60000110000D9
:043CD70000049CC485
:043CD800FB86000265
:043CD90016D9B60141
:043CDA0000021034A0
:043CDB00289724C141
:043CDC00F88393D402
:043CDD0083FC1697B7
:043CDE00840C60955D
:043CDF0004220100BA
:043CE0009834FBA871
:043CE100A034000209
:043CE2009CC400027C
:043CE300A504990497
:043CE40014CE944422
:043CE50080A0003487
:043CE600048BEC025D
:043CE70014192CABD5
:043CE800C4021520DD
:043CE9000C8526859B
:043CEA0010EE1E8535
:043CEB0002AB00FF29
:043CEC0014CEFEDB19
:043CED002C3B003A32
:043CEE0080A0183367
:043CEF002004EC02BF
:043CF000048B2ED73C
:043CF1004700107305
:043CF20000110000BD
:043CF3000010142683
:043CF4000002C0A367
:043CF5002CBBFB5495
:043CF60086B724FB6E
:043CF700650083C021
:043CF80024FB001297
:043CF900001267400E
:043CFA00800290A014
:043CFB00801110B371
:043CFC00251B808381
:043CFD00035B85835D
:043CFE0082C024BBA1
:043CFF001697000212
:043D000010AE827C03
:043D010000A2000715
:043D0200E1800096C6
:043D0300303B00024F
:043D0400031B283B3A
:043D0500000B064069
:043D0600031B575BE9
:043D07000003AD0008
:043D0800C4160020BD
:043D0900C4150020BD
:043D0A001697803B4D
:043D0B00143A825C88
:043D0C00ADA0016AFB
:043D0D0000A25802B6
:043D0E002D3B0176D2
:043D0F006A22200400
:043D10000000470068
:043D1100283B303BE0
:043D12000640111B3B
:043D1300303B000B36
:043D1400051B283B28
:043D1500000B064059
:043D1600031B095B27
:043D1700000318404D
:043D1800883B803B29
:043D1900C4170020AB
:043D1A008260169716
:043D1B00014415FA50
:043D1C0058028C209D
:043D1D00014C00A2B3
:043D1E0020042D3B15
:043D1F0047006A34BB
:043D2000303B000034
:043D2100111B283B0F
:043D2200000B06404C
:043D2300B420109325
:043D2400AC60581027
:043D25002209581106
:043D260080100420E5
:043D270010B320892C
:043D2800000194847E
:043D290082E4169783
:043D2A00FF4A149A9E
:043D2B00827C1697E9
:043D2C00000710AECE
:043D2D001B9A00A23B
:043D2E0083FC169765
:043D2F0081701E97EA
:043D300018EC749582
:043D3100848B000877
:043D320000A226893C
:043D3300203B1BC650
:043D3400000B26401A
:043D35003EA3109306
:043D3600827C1697DE
:043D3700000710A6CB
:043D3800169734A303
:043D3900C49583F8B2
:043D3A002000108CC9
:043D3B00869728A39C
:043D3C009E9782E4E8
:043D3D00883483C083
:043D3E0090340001BC
:043D3F0080110001EE
:043D40006EB08C4491
:043D41006EC0948438
:043D42000006041A59
:043D430000AA10932F
:043D44009EB71B9279
:043D45001E9783C082
:043D4600169783F851
:043D470018D7827C8B
:043D480018EC004033
:043D490000E2200074
:043D4A0010AE1BB8E4
:043D4B0000AA0001C9
:043D4C0086C01BBE54
:043D4D0000AA0000C8
:043D4E0010341BB65C
:043D4F0010970002C7
:043D500018348F7420
:043D510018C403008F
:043D5200268900CCF2
:043D5300800010A834
:043D54001B9C00AA0A
:043D550020041093A3
:043D560010947D55F3
:043D570010B3002085
:043D58000000470020
:043D59007D6E200457
:043D5A00000047001E
:043D5B0083FC169738
:043D5C00840C7095CE
:043D5D00842E0005AB
:043D5E00243B0005FD
:043D5F0000121A80B4
:043D60001B00243BE5
:043D6100051B00122C
:043D62000001D0404C
:043D63001A80203B67
:043D6400203B0012EE
:043D650000121B002D
:043D66001B680002D4
:043D6700283B243B96
:043D68000002500005
:043D6900581615A033
:043D6A0058151D606B
:043D6B00CF43001131
:043D6C00D1032CFB58
:043D6D005EC025FB14
:043D6E002409000222
:043D6F00BDC4264960
:043D7000D4830001F7
:043D7100D6432CFB0E
:043D72000001983480
:043D73000001A03477
:043D7400C412002055
:043D75006F8C9CC4EF
:043D76006F94A5049D
:043D770004AFD8C3FA
:043D78002C3B0000E0
:043D7900771A200491
:043D7A0000004700FE
:043D7B00948400111B
:043D7C00000200023F
:043D7D001213FBA67C
:043D7E00000510A686
:043D7F0000BE00A2E0
:043D800083F8169717
:043D81004109031BD6
:043D82000509E495B6
:043D8300A004012077
:043D840000121A808F
:043D8500243B035B7D
:043D8600000282C0F5
:043D870035BB29130C
:043D88004580051B52
:043D890017200009F6
:043D8A00072A581C90
:043D8B00169700087F
:043D8C0000A2816CA4
:043D8D001E9700D8A5
:043D8E001697817093
:043D8F0086CB827CE1
:043D900000C000E28D
:043D9100000118AE67
:043D920010A608E38C
:043D930000A2000783
:043D9400269700B2BC
:043D9500103483FC67
:043D96003491000262
:043D970004C97715CF
:043D9800FFF810EA36
:043D99004080031B48
:043D9A001697000078
:043D9B0008AB848469
:043D9C00848C169766
:043D9D0076B502DB1A
:043D9E00827C169776
:043D9F00000118A661
:043DA000240440E3D4
:043DA100AAC0000AAA
:043DA20017200006E0
:043DA3004EAB581CAF
:043DA40082C016972C
:043DA500E88300A00F
:043DA600E82200A06F
:043DA700C4161DA081
:043DA800002CB09AA1
:043DA90020042DBB0A
:043DAA0047007794C3
:043DAB002E9700004F
:043DAC002004832844
:043DAD0047007795BF
:043DAE00000200000F
:043DAF00203BFA6655
:043DB00010A6E9C3AD
:043DB10016A300074E
:043DB2001B00243B93
:043DB300F7430007CB
:043DB40083C03697FB
:043DB5002004FB5B90
:043DB600CAC0009BE4
:043DB700031B0001E9
:043DB80000004200C5
:043DB9001697BA9906
:043DBA0006AB84844C
:043DBB0084141697BF
:043DBC0020045AB5D0
:043DBD004700779CA8
:043DBE00072A0000D0
:043DBF00169700064D
:043DC0000AA3816C65
:043DC10080A0169731
:043DC200E0040EAB60
:043DC3001093000158
:043DC4005802E0A021
:043DC500B28310B302
:043DC600817016975B
:043DC7000040108C1C
:043DC80000AE00A2A7
:043DC900835C16976A
:043DCA00169710A395
:043DCB00109F827C47
:043DCC0010A6FFFD41
:043DCD0000A200054B
:043DCE00269700989C
:043DCF00103483FC2D
:043DD0003491000426
:043DD10004C9771595
:043DD200FFF810EAFC
:043DD3004080031B0E
:043DD400169700003E
:043DD50008AB84842F
:043DD600848C16972C
:043DD70076B504DBDE
:043DD800827C16973C
:043DD900000518A623
:043DDA00032C00E2D4
:043DDB0000078380DA
:043DDC00581C172038
:043DDD00468B34AB32
:043DDE001E9730E319
:043DDF00348B82C0DF
:043DE00002A308D959
:043DE1001253183B26
:043DE200C4161DA046
:043DE30012730491C2
:043DE4000008B11A08
:043DE500000A109E22
:043DE600F98800A2B6
:043DE70083C03697C8
:043DE8002004FB5B5D
:043DE900CAC0009BB1
:043DEA00031B0001B6
:043DEB000000420092
:043DEC001697BA99D3
:043DED0006AB848419
:043DEE00841416978C
:043DEF0020046AB58D
:043DF000470077CE43
:043DF100072A00009D
:043DF2001697000818
:043DF30000A2816C3D
:043DF4008E97FF3C6B
:043DF500169780A0FD
:043DF6000462827C65
:043DF70018AEFF2CD7
:043DF80006E30001DD
:043DF900000710A609
:043DFA00031B06A3FE
:043DFB000003E600DB
:043DFC00827C169718
:043DFD00000118AEFB
:043DFE0018A606E31A
:043DFF0022E30007B4
:043E000083A41E97E2
:043E010010A61CEB00
:043E020000A2000713
:043E0300169702A468
:043E040000AA81B0DF
:043E05002004029CF7
:043E06004700758478
:043E07008F20000008
:043E08001E97581C8D
:043E090074D583FCED
:043E0A00FAA3448B48
:043E0B004080031BD5
:043E0C00031B000094
:043E0D000004BE806F
:043E0E001720031B5B
:043E0F004200581CF9
:043E1000BA9900005B
:043E110084841697F8
:043E1200169708AB4C
:043E130028B7841434
:043E14002004006C1A
:043E1500470077F3F8
:043E160016970000FB
:043E170010A6827CF3
:043E180042A30001C0
:043E190081AC1686DC
:043E1A00001710BEBF
:043E1B00169738A31B
:043E1C00108C817015
:043E1D002EA32000B0
:043E1E002AA312932E
:043E1F004080031BC1
:043E2000095B00003A
:043E21000800200471
:043E220000085E80B6
:043E23001720031B46
:043E240080F3581CB3
:043E25000000420057
:043E26002004BA9921
:043E270047007800D8
:043E2800029B0000F9
:043E2900169712B323
:043E2A001E9780A0BF
:043E2B0000A2827CF3
:043E2C0018EEFE5836
:043E2D0016970007DD
:043E2E0000E28170BD
:043E2F0010AC00B023
:043E300000A20002EA
:043E3100269700A828
:043E3200103483FCC9
:043E33003491400086
:043E340004C9771531
:043E3500FFF810EA98
:043E36004080031BAA
:043E3700035B000029
:043E38005E80091B84
:043E3900035B00081F
:043E3A0088BB111B15
:043E3B0000085E809D
:043E3C002449031BF7
:043E3D00000042003F
:043E3E001697BA9980
:043E3F008F208480CC
:043E400008AB581C57
:043E41008414169738
:043E4200004828B755
:043E4300781D2004C2
:043E44000000470033
:043E45000008072A40
:043E4600816C1697DE
:043E4700FDEE00A2EA
:043E480083FC26973A
:043E490080001034B1
:043E4A007715349123
:043E4B0010EA04C9AC
:043E4C00031BFFF85D
:043E4D0000004080B1
:043E4E00811B035B76
:043E4F0000085E8089
:043E50001720031B19
:043E51004200581CB7
:043E5200BA99000019
:043E530084801697BA
:043E5400169708AB0A
:043E550028B78414F2
:043E56002004004CF8
:043E57004700782385
:043E5800072A000035
:043E590016970008B0
:043E5A0000A2816CD5
:043E5B001697FDA019
:043E5C0010AC8170B5
:043E5D0046A3000474
:043E5E0083FC1E972C
:043E5F00448B74D547
:043E6000031BFAA3A3
:043E6100000040809D
:043E6200211B035BC2
:043E630000085E8075
:043E64001720031B05
:043E65004200581CA3
:043E6600BA99000005
:043E670084801697A6
:043E6800169708ABF6
:043E690028B78414DE
:043E6A0020040050E0
:043E6B004700782E66
:043E6C00072A000021
:043E6D00169700089C
:043E6E0000A2816CC1
:043E6F001697FD5055
:043E700000A280A08C
:043E71001697FD445F
:043E7200048B8170CC
:043E730007A800A2FA
:043E740083FC1E9716
:043E7500108C74D564
:043E760010AE100872
:043E7700F4A3100898
:043E78004080031B68
:043E79001697000098
:043E7A0008AB848489
:043E7B00848C169786
:043E7C0076B506DB36
:043E7D00827C169796
:043E7E00000118AE79
:043E7F0018A608E396
:043E800000E2000755
:043E8100AD800744C5
:043E820011F3000335
:043E8300827C169790
:043E8400000118AE73
:043E8500020000E255
:043E8600000710AE73
:043E8700169712F385
:043E880010A6827C82
:043E890060A300072B
:043E8A0081AC16866B
:043E8B00000D10BE58
:043E8C00035B08A329
:043E8D0033000F1BD4
:043E8E00151B0002FE
:043E8F0000040340E8
:043E90004A80031B46
:043E9100169700047C
:043E9200389581DC02
:043E930000042114F2
:043E94000003DC400B
:043E950081DC16971F
:043E96002114489516
:043E9700DC40040007
:043E980020340003CF
:043E9900095B0004BD
:043E9A006500591155
:043E9B0020340012BD
:043E9C00AB5B00021A
:043E9D006500591152
:043E9E0020340012BA
:043E9F00AB5B000415
:043EA000001C2104DD
:043EA10000126500A6
:043EA200033F103496
:043EA300183C108433
:043EA400C41700201F
:043EA50052C313B33E
:043EA600000718A653
:043EA7003BC006E333
:043EA80099830007F3
:043EA900000110A65E
:043EAA00FCFE00A278
:043EAB000007E3C069
:043EAC00283B97C355
:043EAD0082C0243B70
:043EAE00D900000235
:043EAF001697000260
:043EB000389581DCE4
:043EB10000042114D4
:043EB2000003DC40ED
:043EB300827C169760
:043EB400000710A64D
:043EB500203430A3E2
:043EB600095B0004A0
:043EB7006500591138
:043EB80020340012A0
:043EB90021040002DE
:043EBA0067400070ED
:043EBB002834001295
:043EBC002944800015
:043EBD002034FFBFEF
:043EBE0028A0000236
:043EBF00210438059D
:043EC0006500007029
:043EC100169700123E
:043EC2001E9782685D
:043EC300283B8264B2
:043EC40000F818B238
:043EC500FFFF914426
:043EC600381284A08A
:043EC70028B2143BCE
:043EC800247B00F067
:043EC90000157A4026
:043ECA00283B20BBB6
:043ECB00000282C0AF
:043ECC00827C169747
:043ECD00000710A634
:043ECE001DDB0CA349
:043ECF00283B0F9BE2
:043ED0004300203B50
:043ED1003CBB0004F2
:043ED200283B119BDD
:043ED3004300203B4D
:043ED4002C3B00047F
:043ED500E540203B69
:043ED6002C3B00047D
:043ED70088BB203B49
:043ED80000053D00A4
:043ED90016972449CB
:043EDA0010A6827C30
:043EDB000CA300072D
:043EDC00000420348A
:043EDD005911283B14
:043EDE000012650069
:043EDF00243B283B1D
:043EE000000282C09A
:043EE1000002D90002
:043EE20081DC1697D2
:043EE300DC403895F2
:043EE400283B000374
:043EE50082C0243B38
:043EE6001697000229
:043EE700909781DC53
:043EE800949F00049F
:043EE9002494F8FF26
:043EEA00DC400100B7
:043EEB002494000318
:043EEC00DC40018035
:043EED002C3B000367
:043EEE00E540031B8D
:043EEF00283B000468
:043EF0002449243B02
:043EF100000282C089
:043EF20081DC1697C2
:043EF300DC40189502
:043EF400169700031A
:043EF50010AE827C0D
:043EF6000EA3000710
:043EF7008170169729
:043EF8000006009A26
:043EF900000C1C405D
:043EFA002C3B2449F0
:043EFB003D00031B68
:043EFC002034000569
:043EFD002104000795
:043EFE0088A0170081
:043EFF00DC4058113A
:043F0000035B00035C
:043F010082C0243B1B
:043F020082430002F4
:043F03000B51A68137
:043F0400AA81DFC3EC
:043F0500E0C30251C2
:043F060012F3029B15
:043F070081AC1686ED
:043F0800000D10BEDA
:043F0900035B08A3AB
:043F0A0033000F1B56
:043F0B00151B000280
:043F0C00000403406A
:043F0D0083A41697DC
:043F0E00031B08ABDE
:043F0F0000044A80E0
:043F10001697BB83C2
:043F1100389581DC82
:043F12000004211472
:043F13000003DC408B
:043F140081DC16979F
:043F15002114489596
:043F1600DC40040087
:043F1700B7C3000329
:043F1800000805EAAE
:043F1900089B1B9353
:043F1A00900010E81B
:043F1B0004B3047374
:043F1C00053304F372
:043F1D00C4120020AA
:043F1E00825C169714
:043F1F00016414BA6B
:043F2000817096977F
:043F2100CD8C94A00F
:043F2200000694847D
:043F2300C3C024BB38
:043F24001034000055
:043F25001084033FC2
:043F260008DB18009C
:043F2700900018A846
:043F280007730733E1
:043F2900009406F703
:043F2A00009806F7FE
:043F2B001697883B22
:043F2C00147A825C25
:043F2D00A034019427
:043F2E00A504FD00E9
:043F2F0016D7E0DFE2
:043F300013330094B3
:043F3100009816D707
:043F320013731B13D7
:043F330018A21713A6
:043F34001753019688
:043F350018A21B5360
:043F36008834018E3C
:043F370098340002B8
:043F38009034FD00C4
:043F39008C440300B1
:043F3A0000208AC415
:043F3B009CC4C41549
:043F3C009484E0DBAE
:043F3D001697182497
:043F3E00157A825C12
:043F3F001453028A8B
:043F400018A21B1395
:043F410014930430A1
:043F420018A21B5353
:043F430014D3042867
:043F440026891D139A
:043F4500800200A056
:043F460010E019D39B
:043F470011F3580218
:043F4800000605EA80
:043F490000A8139326
:043F4A00BDC4900062
:043F4B0016970001C4
:043F4C0000A0838CC2
:043F4D000491800259
:043F4E00FF2415FA3D
:043F4F0016B7029B04
:043F5000169781340B
:043F510010AE827CB0
:043F520026AB000199
:043F530083A4169796
:043F540003E800AAD4
:043F55004A80203B43
:043F56001D1B00042B
:043F5700000403401F
:043F580081AC16869C
:043F5900000D10BE89
:043F5A00283B08A355
:043F5B0033000F1B05
:043F5C0016970002B2
:043F5D0010AE827CA4
:043F5E003AAB000773
:043F5F0000127200DA
:043F60000004203405
:043F61005911283B8F
:043F620000126500E4
:043F63004A80203B35
:043F6400091B000431
:043F65000003F34022
:043F6600F340071B02
:043F67001D1B00031B
:043F6800000403400E
:043F690081AC16868B
:043F6A00000D10BE78
:043F6B00283B08A344
:043F6C0033000F1BF4
:043F6D00200400022A
:043F6E00438003E8A1
:043F6F0011D300006A
:043F7000581C1720A2
:043F7100039000AA0F
:043F720082C016975C
:043F73000001B58410
:043F7400E82200A09F
:043F7500F34CB092C7
:043F7600816C1697AD
:043F7700037C00AA1D
:043F7800F92A000220
:043F7900838C169788
:043F7A0000018C8432
:043F7B0012AB24BBA6
:043F7C0000006E8053
:043F7D00004015E209
:043F7E000001148C9E
:043F7F0024843EABAD
:043F80008E80FFFF31
:043F810024BB00005D
:043F82008D4098BB1B
:043F8300A0BB0000DF
:043F840082C016974A
:043F8500017F208414
:043F86000006A1127E
:043F870000431CDEF9
:043F88002CFB1EE30D
:043F8900000204D25C
:043F8A0024BB283BF1
:043F8B00000390405F
:043F8C0024BB2D3BEA
:043F8D00000936C031
:043F8E00C783947BD6
:043F8F00F843247B54
:043F9000E414152000
:043F910000019CC4CB
:043F92001697F9C3C2
:043F93000AAB838C66
:043F94006E80247B9C
:043F950015E2000031
:043F9600347B000A6E
:043F97004B3D035B40
:043F980000024B8058
:043F9900C8C3025146
:043F9A002CBB22D347
:043F9B000300A83443
:043F9C00FD00983458
:043F9D0000034B00D2
:043F9E00AD44883B6B
:043F9F009CC4182086
:043FA0001697E0FF91
:043FA1001472825CB8
:043FA2001697FE343C
:043FA3000AAB838C56
:043FA4006E80247B8C
:043FA50015E2000021
:043FA6002C7B005020
:043FA7005C40393D04
:043FA80046A300002C
:043FA9004848046020
:043FAA0081BC169729
:043FAB00C40240A06C
:043FAC00A0A0049538
:043FAD00A8E038034D
:043FAE0020E85803AC
:043FAF001834800042
:043FB00098A00300D2
:043FB10018C43802F6
:043FB2002689180044
:043FB300900000A8D2
:043FB40000201126B2
:043FB500347B18A39E
:043FB600233D035B49
:043FB70000024B8039
:043FB800035B347BF8
:043FB9004B80393DC3
:043FBA0002510002AE
:043FBB001697F283E0
:043FBC00443381BC4D
:043FBD0040A01BF312
:043FBE000495C402A0
:043FBF0098A0091BA2
:043FC0002689380214
:043FC100900020A8A4
:043FC2008E80247B4E
:043FC3003A9100002F
:043FC4000040115E4A
:043FC500347B60A346
:043FC600035B273D35
:043FC70000024B8029
:043FC800393D347BD0
:043FC9004B80035BCB
:043FCA002E9700022C
:043FCB00247B83C010
:043FCC008E802B7345
:043FCD00247B000051
:043FCE008D401333DC
:043FCF003B130000A0
:043FD00010332B532C
:043FD1002004347B19
:043FD20047005E62E4
:043FD300369700001D
:043FD4002C7B83C0FF
:043FD500009B200429
:043FD6000001CAC05C
:043FD70081BC1697FC
:043FD8001BD34413A0
:043FD900C40240A03E
:043FDA0098A0049512
:043FDB0026893802F9
:043FDC00900000A8A9
:043FDD00247BEE83D0
:043FDE00000390400C
:043FDF000180280431
:043FE00036C0247B48
:043FE100EC430009A4
:043FE200838C16971F
:043FE300257B0AAB85
:043FE40000006E80EB
:043FE500014615E29A
:043FE600233D2D7BCF
:043FE70000005C403A
:043FE800013A00AAF0
:043FE9008E80257B26
:043FEA00257B000033
:043FEB008D4013F3FF
:043FEC001E9700001C
:043FED003BD3827CC4
:043FEE00000120EEC0
:043FEF0018E60723A6
:043FF0000AE30007D9
:043FF10082C01E97D5
:043FF200E82300E0E0
:043FF3001E97A681EE
:043FF400C681829C64
:043FF50082C01E97D1
:043FF600011A103B61
:043FF7000560010858
:043FF8002E9748496F
:043FF900469781BCAA
:043FFA00FEDB82C8A0
:043FFB00C405496050
:043FFC004C0340E052
:043FFD0066C90B5531
:043FFE003805996089
:043FFF00916008C9FC
:0440000029685805CE
:0440010048048000EF
:0440020042600020F8
:04400300A004E40928
:044004004D2000014A
:04400500A5044C14AE
:044006004520FFFF53
:0440070025204C1410
:044008004520381403
:044009003D206C14D6
:04400A001520C414A5
:04400B000559C4147B
:04400C00C4141520A3
:04400D00813416974D
:04400E00FFFCA5040A
:04400F0000AC00AA57
:0440100016970E45AC
:044011003D2082C804
:044012004697E414D5
:04401300152081B043
:0440140016974C149B
:044015004E97827CC4
:044016001D2083F8EE
:044017001E97581484
:04401800569782E451
:044019002E97828CD0
:04401A0058AE82C05A
:04401B0018DE0001AA
:04401C0010AE0002E0
:04401D00251E000755
:04401E0001220180FA
:04401F0002E200A217
:0440200004A30006EF
:044021000016022261
:0440220000302257F1
:044023000F2B190B3B
:0440240050120CE347
:04402500251E00084C
:0440260001220780EC
:0440270001DA008238
:0440280029FB0086EA
:044029003BF3257BC5
:04402A0000039040BF
:04402B00257B2D3B89
:04402C00000936C091
:04402D0082C8169798
:04402E001E973BD3CB
:04402F0011E083D049
:04403000A0A04C02FE
:0440310010D2C402E3
:0440320016B70004B9
:044033002E9783D071
:04403400A03383C072
:044035002004357BB3
:0440360047005ED50C
:04403700AD44000094
:044038000251000130
:0440390084918203E9
:04403A00DDC347019A
:04403B00002005EA72
:04403C000001154C1E
:04403D00254414A35F
:04403E001034000139
:04403F002501000255
:044040008AC4108698
:044041000465CE8BB9
:044042002544E70327
:04404300FD43FFFF3B
:044044001BF3253B0A
:0440450000067CC035
:0440460038BB1BD395
:04404700E4430465E5
:04404800C4142D204F
:04404900E9C38FD167
:04404A0083C02E976A
:04404B00357BA033EE
:04404C005ED7200417
:04404D00029BF4835B
:04404E00FBDC000295
:04404F00F340091B16
:04405000071B000347
:044051000003F34035
:0440520010A682032F
:0440530008A30005B9
:04405400000BB3802A
:044055008CC311F314
:04405600FC7C0722C5
:044057004200031B05
:04405800BA99000011
:0440590084841697AE
:04405A00169706AB04
:04405B000AB584140A
:04405C007854200470
:04405D000000470018
:04405E0081701697C0
:04405F0014A3348BE7
:044060000000F1006B
:04406100581C1720B0
:044062000008072A21
:04406300816C1697BF
:04406400F57A00A247
:04406500827C1697AC
:04406600000110A69F
:0440670016974AA3BB
:04406800009A8170C9
:044069001E9700425C
:04406A0074D583FC8A
:04406B00FAA3448BE5
:04406C004080031B72
:04406D001C400000F3
:04406E00031B000C24
:04406F00581C1720A2
:04407000000042000A
:044071001697BA994B
:0440720008AB84848F
:044073008414169704
:04407400007028B7F9
:044075007867200444
:0440760000004700FF
:044077000008072A0C
:04407800816C1697AA
:04407900F52600A286
:04407A0080A0169775
:04407B00F51A00A290
:04407C0081701697A2
:04407D0058A3148BA5
:04407E0083FC1E970A
:04407F00108C74D558
:0440800010AE200856
:04408100F4A320087C
:044082004080031B5C
:04408300169700008C
:0440840018AE827C74
:0440850008E300014B
:04408600000710A679
:0440870000B200A2E1
:04408800000D238084
:044089001720031BDE
:04408A004200581C7C
:04408B00BA990000DE
:04408C00848416977B
:04408D00169706ABD1
:04408E001AB58414C7
:04408F0078A12004F0
:0440900000004700E5
:044091000008072AF2
:04409200816C169790
:04409300F4BE00A2D5
:0440940080A016975B
:04409500F4B200A2DF
:044096008170169788
:0440970000A2448BB4
:04409800269700ACBB
:04409900181483FC78
:04409A007515800810
:04409B008008108CFD
:04409C00FFF618AA69
:04409D004080031B41
:04409E001697000071
:04409F0018AE827C59
:0440A0005EE30001DA
:0440A100000710AE56
:0440A200169758A372
:0440A300108C81708C
:0440A4004EA3100017
:0440A5002840051B8F
:0440A6001E97000C55
:0440A70020EE827C09
:0440A80007230001E9
:0440A900000718E60E
:0440AA001E970AE370
:0440AB0018CC81703C
:0440AC0004EB8000A1
:0440AD00581C172064
:0440AE002AAB148B9A
:0440AF000491111354
:0440B0001096113322
:0440B1001EA3000347
:0440B20020042913AA
:0440B300000278D1BE
:0440B4000033F3E4FE
:0440B500039B383BF6
:0440B600203B075B49
:0440B700000D1900DF
:0440B800091BE843B5
:0440B900031BF603EC
:0440BA0000004200C0
:0440BB001697BA9901
:0440BC0006AB848447
:0440BD0084141697BA
:0440BE0020043AB5EB
:0440BF00470078D668
:0440C000072A0000CB
:0440C1001697000846
:0440C20000A2816C6B
:0440C3001697F40058
:0440C40000A280A036
:0440C5001697F3F463
:0440C600648B817016
:0440C700269772A323
:0440C800103483FC31
:0440C900349100012D
:0440CA0004C9771599
:0440CB00FFF810EA00
:0440CC004080031B12
:0440CD001697000042
:0440CE0018AE827C2A
:0440CF0008E3000101
:0440D000000710A62F
:0440D100029800A2AF
:0440D20081709697CC
:0440D3008000948C49
:0440D400028C04A2B4
:0440D50082189E9718
:0440D6000001A00441
:0440D70080A08E97A0
:0440D8000202046A72
:0440D900581C9720B8
:0440DA004200031B82
:0440DB00BA9900008E
:0440DC00848416972B
:0440DD00169706AB81
:0440DE004AB5841447
:0440DF0078E720045A
:0440E0000000470095
:0440E1000008072AA2
:0440E200816C169740
:0440E300F37E00A2C6
:0440E40080A016970B
:0440E500F37200A2D0
:0440E60080A08E9791
:0440E700F36A046212
:0440E80083FC269798
:0440E900001010347F
:0440EA007715349181
:0440EB0010EA04C90A
:0440EC00031BFFF8BB
:0440ED00000040800F
:0440EE008484169719
:0440EF00169708AB6D
:0440F00014DB848CCD
:0440F1009E9776B56B
:0440F200103483C043
:0440F3001084000233
:0440F40004E09874D8
:0440F5009CA04872D1
:0440F6000520C414C9
:0440F70015204854F4
:0440F8001697C4143F
:0440F90018AE827CFF
:0440FA0008E30001D6
:0440FB00000710A604
:0440FC00026600A2B6
:0440FD008170169721
:0440FE008000108CA2
:0440FF00025A00A2BF
:04410000031B2D3B35
:04410100000E230089
:044102003EA388BB95
:04410300C4039CA0B5
:04410400103416D984
:0441050024C10002CF
:044106009874108613
:04410700832C1E8661
:04410800832416B73F
:0441090001CA00E205
:04410A00000418BED7
:04410B0001DA00E2F3
:04410C00832C2E864C
:04410D00C2C0253BCC
:04410E001E970004F4
:04410F00168483C0CF
:0441100026818288FA
:04411100832C1E8657
:04411200969706A5D1
:0441130004A280A0E2
:04411400031BF2B8DF
:044115000000420064
:044116001697BA99A5
:0441170006AB8484EB
:04411800841416975E
:0441190020048AB53F
:04411A0047007923BE
:04411B0026970000E3
:04411C00103483FCDC
:04411D0034910400D5
:04411E0004C9771544
:04411F00FFF810EAAB
:044120004080031BBD
:0441210016970000ED
:0441220010AC8170EC
:044123001EA3008057
:0441240020042C3B0C
:044125004700792AAC
:0441260016970000E8
:04412700108C817007
:0441280000A21000E1
:04412900051B01C2AF
:04412A00000C28401D
:04412B00031B90BB27
:04412C00000042004D
:04412D001697BA998E
:04412E0006AB8484D4
:04412F008414169747
:044130002004EAB5C8
:04413100470079309A
:0441320004A20000E3
:044133001697004C8F
:0441340010AC8170DA
:0441350042A30100A0
:0441360083FC269749
:044137000800103438
:044138007715349132
:0441390010EA04C9BB
:04413A00031BFFF86C
:04413B0000004080C0
:04413C00383B035BAE
:04413D00203B303BB8
:04413E00000D570019
:04413F0090BB031B13
:044140000000420039
:044141001697BA997A
:0441420006AB8484C0
:044143008414169733
:044144002004FAB5A4
:04414500470079397D
:0441460016970000C8
:0441470000A280A0B2
:044148008F20F1E8EB
:044149009460581115
:04414A00072A581CCC
:04414B0016970008BB
:04414C0000A2816CE0
:04414D001697F1D8F8
:04414E0000A280A0AB
:04414F000A2BF1CC7A
:04415000283B343B99
:04415100BFC0031BCD
:04415200071B00093E
:044153000000420026
:044154002004BA99F0
:0441550080117969F3
:04415600000047001E
:044157001A80203B6F
:04415800000200124F
:04415900383BEC8083
:04415A00035B303B98
:04415B005700203BAE
:04415C0014A0000D9E
:04415D0004AA581246
:04415E00052AFDEA47
:04415F0014DE000A60
:0441600012A3002E78
:0441610082189E978B
:04416200000514DE62
:04416300FDD400A2E5
:04416400FFFB9CC4FD
:044165009CC400C333
:044166008D3B000588
:04416700C580203BB4
:044168002CFB00012B
:044169006562200467
:04416A00000047000A
:04416B0000046F409D
:04416C00788024FB38
:04416D00169700049D
:04416E0018A6827C91
:04416F0004E3000164
:044170000243091BE2
:04417100000710AE85
:044172001697F6A303
:04417300108C8170BB
:04417400ECA31000A8
:044175002840051BBE
:0441760090BB000CEE
:04417700AF83A47BF3
:04417800303B383B65
:04417900203B035B89
:04417A00000D5700DD
:04417B00581C172095
:04417C0018E6AEC3D0
:04417D0000E200015B
:04417E0018B6FE363B
:04417F0000EA002F23
:044180001084FE2E7B
:04418100183BFFE9FF
:04418200108400C3E2
:0441830002DB001744
:04418400031B4B7D51
:04418500832C1EA7C2
:04418600832416B7C1
:04418700000E230003
:04418800499B24A388
:04418900253B4B7D0A
:04418A0000166100BA
:04418B00C4129CA01E
:04418C00485204A0F1
:04418D0000021034E8
:04418E00C40214A0B3
:04418F00987410868A
:04419000832416B7B7
:044191001686BD438E
:0441920008A3832CCF
:0441930016A7029BCE
:04419400FB03832C7A
:04419500832C06A7CA
:044196002E86FA4334
:04419700499B832499
:044198006280253BE1
:04419900BC4300160D
:04419A00C783091BB3
:04419B00000710AE5B
:04419C00EC1E00A273
:04419D008268169787
:04419E0082641E9782
:04419F00C413002025
:0441A000008818B2C9
:0441A1000002A8343C
:0441A200FFFF14C443
:0441A3009514AD447E
:0441A400C412002021
:0441A5001697133323
:0441A600149282E409
:0441A70014BBEB7AE0
:0441A80098B2203B6E
:0441A9002CFB006E7D
:0441AA0000157A4042
:0441AB00131311F3E6
:0441AC002CBB31D324
:0441AD00381190A095
:0441AE0020043C7B32
:0441AF0047007987C5
:0441B00021D3000017
:0441B10082C0283B65
:0441B2004F80000238
:0441B300044B0004B5
:0441B4001456127318
:0441B50044A300021D
:0441B6001AB318DB45
:0441B7001A9B42A36A
:0441B800857B12F3FE
:0441B900C416002008
:0441BA0000200133AD
:0441BB001E97C41770
:0441BC001DBA826046
:0441BD0059C0002EB7
:0441BE0021D3000405
:0441BF009484035B86
:0441C00082C00001B8
:0441C100AD44000207
:0441C200F1430024A1
:0441C3009CC4A68171
:0441C400ED83000186
:0441C500E40298A0D8
:0441C600F0C3091128
:0441C700F7431CDBC3
:0441C800F7831E9BC0
:0441C9000001A58CC0
:0441CA0000080522C2
:0441CB0025BB035BB2
:0441CC0000011000DE
:0441CD0002403C066A
:0441CE0000023504B2
:0441CF00247B035BEF
:0441D00000044300A4
:0441D10000903C0618
:0441D200000A3504A6
:0441D300247B035BEB
:0441D40000044300A0
:0441D50001B03C06F3
:0441D60000043504A8
:0441D700247B035BE7
:0441D800000443009C
:0441D90035040E0596
:0441DA00035B00087B
:0441DB004300247BFE
:0441DC001C060004B9
:0441DD00052202D0E5
:0441DE0014060010B3
:0441DF00B8FB012008
:0441E000B58411335E
:0441E10000110001C8
:0441E20000E0EC838A
:0441E3003293488348
:0441E4001DE0225365
:0441E5003DFB58172F
:0441E6004300035B34
:0441E7001C060004AE
:0441E800111301208E
:0441E90000E022537D
:0441EA0032D3488301
:0441EB002689035BC3
:0441EC00113338BB98
:0441ED000004430087
:0441EE0025BB283B8A
:0441EF0000011000BB
:0441F0002C3BF80369
:0441F10079D220045B
:0441F2000000470082
:0441F300035B243B0B
:0441F400000282C083
:0441F5002041281924
:0441F60041010A85F4
:0441F7008011191901
:0441F800C40424A037
:0441F9000004C2C03C
:0441FA00EA4800028D
:0441FB0024FB035B43
:0441FC00000282C07B
:0441FD0024FB283B3C
:0441FE000009DA409A
:0441FF00A4604A7DF1
:04420000203BC40596
:04420100000E230088
:04420200203B2CFB36
:04420300581214A099
:044204000009DA4093
:04420500017204E25C
:0442060000019CC453
:044207000024A504E6
:0442080082E416979F
:04420900FFC414DA00
:04420A0003008834F1
:04420B000001A034DA
:04420C0018148C44B2
:04420D006EB4A504E2
:04420E0081E416979A
:04420F000166143AF6
:044210001A80203BB5
:04421100031B001279
:044212000000420066
:044213001697BA99A7
:0442140097208480EB
:0442150006AB581C80
:04421600841416975F
:0442170020047AB550
:0442180047007A0DD4
:04421900072A000070
:04421A0016970008EB
:04421B0000A2816C10
:04421C001E97EE9C5F
:04421D00169780A0D0
:04421E0000E2827CBC
:04421F0010A6EE8C6B
:0442200050A30001A6
:0442210081AC1686D0
:04422200001710BEB3
:04422300169746A301
:04422400108C817009
:044225003CA3200096
:044226004080031BB6
:0442270020D30000A0
:0442280082C0035BF2
:0442290028D3000294
:04422A00DA40203B1B
:04422B00095B000922
:04422C00100020045A
:04422D0000085E80A7
:04422E00203B28D336
:04422F00581C1720E0
:044230000009DA4067
:044231004200031B29
:04423200BA99000035
:044233007A212004C8
:04423400000047003F
:0442350080A01E97B0
:04423600827C1697D9
:04423700EE2A00E289
:04423800000110AEC3
:04423900015000A28E
:04423A0083F8169758
:04423B00108CC4958A
:04423C0012AB400081
:04423D00869712133B
:04423E0010A682E460
:04423F0080110005E5
:04424000041210F361
:044241001697018249
:04424200648B817098
:04424300F14014A38F
:044244001720000D32
:04424500072A581CD0
:0442460016970008BF
:0442470000A2816CE4
:044248001697EDECEC
:04424900C49583F89D
:04424A00000110ACB3
:04424B0006B600A211
:04424C001A80215360
:04424D0016970012AE
:04424E0000A28484C2
:04424F00203B06AC5E
:0442500000121A80BE
:04425100033F1034E3
:0442520010A0108424
:04425300900000A82F
:04425400033F1034E0
:0442550012A010841F
:04425600900000A82C
:04425700033F1034DD
:044258000E201084A0
:04425900900000A829
:04425A0080A0169793
:04425B00ED9A00A236
:04425C001B00203BE8
:04425D00071B001229
:04425E00000042001A
:04425F002004BA99E4
:0442600047007C2671
:044261000002000057
:044262001697ED843A
:04426300244181E48D
:04426400FE8488AAA2
:04426500C403A4608A
:0442660006C508453C
:0442670038C1025107
:04426800FFFF1C67D1
:044269001697FD4364
:04426A001EFD838C26
:04426B0082E42E9724
:04426C006C021420AC
:04426D00010C1084AC
:04426E0020862681FF
:04426F005A00FF4CA6
:04427000243B0000EB
:044271006D4098BB49
:04427200228900009D
:04427300900098A877
:044274008484169791
:04427500141914AB59
:04427600845C1E97AF
:04427700168E34C1AA
:0442780034998214DF
:04427900580298A0AF
:04427A00169704EDA2
:04427B003CFB821472
:04427C001033343B8C
:04427D0020042D3BB1
:04427E00470054E4BD
:04427F00169700008E
:044280002AAB838C56
:044281008484169784
:0442820082142697E5
:0442830010AB0C115F
:0442840016971799D9
:044285002681845CAE
:0442860098E037196C
:0442870006AD580325
:044288003CFB2033A8
:0442890020042D3BA5
:04428A00470054E9AC
:04428B001697000082
:04428C000491838C8A
:04428D00C003040165
:04428E00817016978E
:04428F00002010AC4F
:04429000FEA400A2E6
:0442910083FC2697ED
:0442920001001034E3
:0442930077153491D6
:0442940010EA04C95F
:04429500031BFFF810
:044296000000408064
:04429700000D39805D
:044298004200031BC2
:04429900BA990000CE
:04429A00848016976F
:04429B00169706ABC1
:04429C00CAB5841407
:04429D007A76200409
:04429E0000004700D5
:04429F0080A016974E
:0442A000FE6400AA0E
:0442A100EC820002A9
:0442A20000A210D393
:0442A30016970292D6
:0442A400031B83F87D
:0442A500E495410952
:0442A60001200509E5
:0442A7001A80A004D5
:0442A800035B0012A2
:0442A90082C0243B70
:0442AA00283B0002AB
:0442AB00DA40243B96
:0442AC001697000958
:0442AD0000A280A04B
:0442AE001697EC5023
:0442AF0010AC81705E
:0442B00000A2000464
:0442B1001E9700DC78
:0442B20074D583FC40
:0442B300FAA3448B9B
:0442B4004080031B28
:0442B500055B0000A5
:0442B6005E80211BEA
:0442B700031B0008DD
:0442B800581C172057
:0442B90000004200BF
:0442BA001697BA9900
:0442BB0008AB848048
:0442BC0084141697B9
:0442BD00005028B7CE
:0442BE007AD7200487
:0442BF0000004700B4
:0442C0000008072AC1
:0442C100816C16975F
:0442C200EC0200A268
:0442C30083FC1E97C3
:0442C400448B74D5DE
:0442C500031BFAA33A
:0442C6000000408034
:0442C7002004035B71
:0442C8005E80010013
:0442C900031B0008CB
:0442CA00581C172045
:0442CB0000004200AD
:0442CC001697BA99EE
:0442CD0008AB848036
:0442CE0084141697A7
:0442CF00005428B7B8
:0442D0007AE7200465
:0442D10000004700A2
:0442D2000008072AAF
:0442D300816C16974D
:0442D400EBBA00A29F
:0442D500834C169769
:0442D6001E9748AB3C
:0442D70074D583FC1B
:0442D800FAA3448B76
:0442D9004080031B03
:0442DA00035B000082
:0442DB0002002004B9
:0442DC0000085E80F8
:0442DD001720031B88
:0442DE004200581C26
:0442DF00BA99000088
:0442E0008480169729
:0442E100169708AB79
:0442E20028B7841461
:0442E300200400585B
:0442E40047007AF61F
:0442E500072A0000A4
:0442E600169700081F
:0442E70000A2816C44
:0442E8001697EB6CCE
:0442E90010AC817024
:0442EA005EA30200CD
:0442EB0083FC269793
:0442EC00100010347A
:0442ED00771534917C
:0442EE0010EA04C905
:0442EF00031BFFF8B6
:0442F000000040800A
:0442F10020042C3B3E
:0442F20047007B08FE
:0442F3003193000003
:0442F400383B075BF1
:0442F5000033031B74
:0442F600000D19009E
:0442F7001720031B6E
:0442F8004200581C0C
:0442F900BA9900006E
:0442FA00848416970B
:0442FB00169708AB5F
:0442FC0028B7841447
:0442FD002004004059
:0442FE0047007B0CEE
:0442FF00072A00008A
:044300001697000804
:0443010000A2816C29
:044302001E97EB0413
:04430300169780A0E9
:0443040000E2827CD5
:0443050010AEEAF418
:0443060066A30007A3
:044307008170169714
:04430800000210ACF3
:0443090026975CA3F4
:04430A00103483FCEC
:04430B0034914000A9
:04430C0004C9771554
:04430D00FFF810EABB
:04430E004080031BCD
:04430F00055B00004A
:044310005E80091BA7
:04431100055B000840
:0443120090BB111B30
:0443130000085E80C0
:0443140014A0031BD3
:0443150042005812F8
:04431600BA99000050
:0443170084801697F1
:04431800581C972076
:04431900169708AB40
:04431A0028B7841428
:04431B002004004832
:04431C0047007B3F9C
:04431D00072A00006B
:04431E0016970008E6
:04431F0000A2816C0B
:044320001697EA8C76
:044321001E9780A0C3
:0443220000A2827CF7
:0443230018EEEA7C2A
:0443240016970001E7
:0443250000E28170C1
:044326001697008A5C
:0443270010A6827CDE
:0443280000A20007E8
:04432900169700845F
:04432A0010AC8170E2
:04432B005CA304008B
:04432C0083FC269751
:04432D002000103428
:04432E00771534913A
:04432F0010EA04C9C3
:04433000031BFFF874
:0443310000004080C8
:0443320020042C3BFC
:0443330047007B794B
:0443340029930000C9
:04433500303B383BA6
:044336005700203BD1
:04433700031B000D57
:04433800581C1720D6
:04433900000042003E
:04433A001697BA997F
:04433B0008AB8484C3
:04433C008414169738
:04433D00004428B759
:04433E007B7D20045F
:04433F000000470033
:044340000008072A40
:04434100816C1697DE
:04434200EA0200A2E9
:04434300203B2C3BB4
:044344000009DA4052
:044345001A80203B7F
:0443460080110012D0
:04434700FBE2000293
:04434800AF43203B24
:04434900004010AC74
:04434A0016977AAB9D
:04434B0010AC8170C1
:04434C0000A20002C9
:04434D002993FF7041
:04434E00303B383B8D
:04434F005700203BB8
:044350001720000D25
:04435100072A581CC3
:0443520016970008B2
:0443530000A2816CD7
:044354002697E9BC03
:04435500103483FCA1
:04435600349180001E
:0443570004C9771509
:04435800FFF810EA70
:044359004080031B82
:04435A00055B0000FF
:04435B005E80811BE4
:04435C00031B000837
:04435D00581C1720B1
:04435E000000420019
:04435F001697BA995A
:0443600008AB8480A2
:044361008414169713
:04436200004C28B72C
:044363007B67200450
:04436400000047000E
:04436500FF0E072A16
:04436600816C1697B9
:04436700FF0600AAA3
:04436800E96A0002FC
:0443690083FC269714
:04436A000200103409
:04436B0077153491FD
:04436C0010EA04C986
:04436D00031BFFF837
:04436E00000040808B
:04436F008484169795
:04437000169708ABE9
:0443710018DB848C45
:044372009E9776B5E7
:0443730004E283A439
:044374009697008C8C
:04437500283B8260FF
:0443760034BB273DF0
:04437700001662804A
:04437800283B34BBEF
:044379006280393DE8
:04437A000020001609
:04437B0024BBC41289
:04437C00000400C079
:04437D0083F8169714
:04437E00108CC49546
:04437F0000A2800018
:04438000035B009843
:04438100039B4BFD52
:044382005700031BC2
:04438300B6C4000DAF
:044384000020004CC9
:044385000020C41739
:044386002697C4159D
:04438700257A8260B1
:04438800948400E039
:0443890014A6000175
:04438A00C2A30008C2
:04438B0002DB38BD5C
:04438C00C412002037
:04438D0000D020FA42
:04438E0083C02E9723
:04438F00675E200441
:0443900000004700E2
:04439100013404AA45
:0443920000047A00A9
:04439300C412002030
:044394008260169796
:0443950000C214FA54
:044396000003F980A7
:0443970020040103FA
:044398004700671C57
:04439900031B000002
:04439A0000004200DD
:04439B001697BA991E
:04439C0006AB848464
:04439D0084141697D7
:04439E002004DAB568
:04439F0047007B4B0D
:0443A000072A0000E8
:0443A1001697000863
:0443A20000A2816C88
:0443A3001697E88001
:0443A40000AA80A04B
:0443A5000002FE0410
:0443A600655BE870FB
:0443A7004ABDECC35C
:0443A800C402A0A00B
:0443A9002E970485C2
:0443AA003CBB83C0D5
:0443AB0000FF408C43
:0443AC00353B40332A
:0443AD00674320043E
:0443AE0041331A334A
:0443AF00470011F3BF
:0443B00041130000B5
:0443B1001A321A138F
:0443B20011D300041F
:0443B300A50488BB1A
:0443B4002697000147
:0443B500BD20830C98
:0443B600C64BE4020C
:0443B700FFBE20BA6B
:0443B8000000158666
:0443B900000E18B228
:0443BA00A8A038BDC2
:0443BB008DA7C40204
:0443BC0090A70000C6
:0443BD00AD4400000B
:0443BE00B5840001C1
:0443BF00BD3B000101
:0443C000A5FBE30373
:0443C100F943FE5B63
:0443C2000A851C85C7
:0443C300000429AA1F
:0443C4000001900460
:0443C500049106D188
:0443C60038BDE343D8
:0443C700C40298A0F4
:0443C8000000A086CB
:0443C90024BB035BB3
:0443CA0000010300EB
:0443CB0000FFAD0C36
:0443CC0000C0257B8D
:0443CD00283B000485
:0443CE00030024BB09
:0443CF00169700013C
:0443D0001AAB848020
:0443D10082602E9741
:0443D20083C02697E7
:0443D30000157A4017
:0443D40084241E9788
:0443D500C40398E0A5
:0443D600A0E734C167
:0443D7002E9700001D
:0443D80034FB83C06F
:0443D90020043D7B04
:0443DA0047006766CB
:0443DB001697000031
:0443DC009CC4830CEE
:0443DD0014A0000127
:0443DE00DA83C412A8
:0443DF0000709EC606
:0443E00000FFA4CC6A
:0443E10000C0253BB8
:0443E2002697000416
:0443E30024B282601E
:0443E4001697FED456
:0443E50016AB84800F
:0443E60083C02E97CB
:0443E70000157A4003
:0443E80084241E9774
:0443E900C40390E099
:0443EA0098E734C15B
:0443EB002E97000009
:0443EC0034BB83C09B
:0443ED0020043D3B30
:0443EE004700676DB0
:0443EF0094840000B2
:0443F000F8C300010D
:0443F100283B343BF6
:0443F200BFC0031B2A
:0443F3002C3B000956
:0443F4001D5920042B
:0443F500000047007D
:0443F6001697001105
:0443F700141A82E42E
:0443F8000002FFE2DE
:0443F900021BF94A60
:0443FA008697FE03A1
:0443FB008E97849085
:0443FC0026978290EE
:0443FD009697828C81
:0443FE008C378394E1
:0443FF0024370078E7
:0444000004AA007C8E
:04440100035B004415
:0444020000005FC097
:0444030082DC1E97A2
:044404001E97268158
:04440500849182D448
:04440600EC0218A00C
:0444070000801437E6
:04440800002A04AAD8
:04440900247B283BAD
:04440A0000005FC08F
:04440B0082DC1E979A
:04440C001E97268150
:04440D00849182D440
:04440E00EC0218A004
:04440F0000841437DA
:04441000848C1697EB
:0444110000020E9DFA
:04441200103BF8F46F
:04441300103BF9C39E
:044414008697FD4347
:04441500883482E481
:0444160090340002DC
:04441700801103000D
:04441800942C8C4410
:04441900181494845B
:04441A0000089804FA
:04441B00E448041A53
:04441C00243B035BDF
:04441D00000282C057
:04441E000002103454
:04441F00941C108455
:0444200090E006958D
:0444210098E85803BC
:044422002491900051
:04442300FFF0146230
:04442400FB03801105
:044425007D352004BD
:04442600000047004B
:044427000003F4405A
:04442800E43000027A
:0444290020042C3B04
:04442A0047007D4486
:04442B00031B00006F
:04442C0083C086B70C
:04442D0000126B808E
:04442E000012B3C005
:04442F0010B3031BA8
:0444300000126B808B
:0444310010AE109326
:0444320012A30001D0
:044433002C3B34BB2F
:044434007D4920049A
:04443500000047003C
:0444360000028011EF
:04443700347BE42AC4
:0444380010A6FD834A
:0444390008A30001D3
:04443A007D58200485
:04443B000000470036
:04443C0000A2109337
:04443D002004E46E05
:04443E0047007D5D59
:04443F00031B00005B
:044440000001D04067
:0444410083FC16974B
:04444200108C7495D1
:0444430010A60005BA
:0444440004A30005C8
:04444500001244C05D
:044446008320169722
:044447000300183422
:04444800042018C470
:0444490018A8268900
:04444A0018DF8000F7
:04444B0018A8FFEFBF
:04444C001093900039
:04444D007FE110E912
:04444E0080A016979D
:04444F00149B08AB07
:04445000149BE009D0
:0444510016977E211B
:04445200FE2183FCC8
:04445300300B609535
:0444540000EC042252
:0444550083781697BB
:04445600008010AC26
:04445700103414AB5E
:04445800208E0002B0
:04445900B980992E5F
:04445A0080BB000E15
:04445B00000EBF4050
:04445C001697240982
:04445D0010AC8378A4
:04445E000AAB008025
:04445F006400051BD5
:04446000B580000122
:0444610016970002A8
:04446200649583FCDE
:044463000240108C77
:04446400BD4006A3AE
:044465002409001313
:04446600030010340B
:0444670004041084B5
:04446800103411B348
:04446900B034030068
:04446A00B834000260
:04446B00A83403006E
:04446C0010840300B5
:04446D00B58400CC46
:04446E0000208EBAE2
:04446F00BDC4C412F2
:04447000AD44041C37
:0444710011F304201F
:04447200878024BB60
:0444730000AA00009B
:0444740024BB03E082
:044475000009DBC09F
:044476000046188E56
:0444770083FC169715
:04447800988626817B
:0444790004E000005B
:04447A009CF449B3B2
:04447B00BCE003009E
:04447C001168580566
:04447D00C48B80006C
:04447E0010AE283321
:04447F0000A200FF98
:0444800024BB0390C6
:044481000009DBC093
:044482002813C8959E
:044483000010212CD8
:04448400ACE0332352
:0444850010A8580221
:04448600848B8000A3
:04448700A00200A0EF
:0444880010341133A8
:044489001084030098
:04448A0014E0040C2A
:04448B0010A858021B
:04448C0000A280000A
:04448D00A113036E06
:04448E008000116831
:04448F000183F49918
:04449000E5C3803BC5
:0444910000200133D3
:04449200103BC41403
:0444930083A01E974D
:04449400183414EBD9
:0444950018D7000232
:04449600B8E09430C6
:0444970018E85803C6
:04449800F6D98000D1
:04449900025B068933
:04449A004C119460CD
:04449B00837C1E9769
:04449C0038031C6065
:04449D00035E00AA10
:04449E00A01C00E07E
:04449F00052A0033B7
:0444A000E0E0000850
:0444A10000E05803DC
:0444A2002873A014C7
:0444A3000242012AA6
:0444A400DBC024BB9A
:0444A500C4950009B1
:0444A600000210AC54
:0444A700023200AA33
:0444A8001968285314
:0444A90016978000E2
:0444AA0056CB81B4B8
:0444AB00380214605F
:0444AC0000A02689BD
:0444AD000722800260
:0444AE002013021CB9
:0444AF00B8C102DBB3
:0444B00010B30689B6
:0444B1000001109C5A
:0444B2003802A0A08C
:0444B300169710F355
:0444B400107380A061
:0444B500FE6A00A2F9
:0444B600827C169757
:0444B700000110A64A
:0444B800840B34A39A
:0444B90086C030A3E6
:0444BA002AAB000029
:0444BB0000021034B7
:0444BC008F74109752
:0444BD00268919D360
:0444BE00800010A8C2
:0444BF00169718AB89
:0444C00084148320BD
:0444C100A8A000208F
:0444C20018A85802DC
:0444C30018D4800089
:0444C40018A80080B4
:0444C5001013900040
:0444C6005802E0A018
:0444C7001953117301
:0444C800268910939E
:0444C900268918D355
:0444CA000F5B3EAB9B
:0444CB00DE4024BBF0
:0444CC001697000936
:0444CD00749583FC63
:0444CE000005108C49
:0444CF00000510A62E
:0444D000218004A3A0
:0444D1001697001228
:0444D200051B81A89D
:0444D3000008109439
:0444D40081A816B7EE
:0444D5000001DF0003
:0444D6003E40203B09
:0444D7008AC0000295
:0444D800203B00067F
:0444D9000003B70025
:0444DA0083A0A6977E
:0444DB00001C052A92
:0444DC00DBC024BB62
:0444DD00188E00092C
:0444DE0016970046E7
:0444DF00268183FCB3
:0444E0000002A086B0
:0444E10049B40520B5
:0444E2000300A534FA
:0444E3000072072A32
:0444E4005803ACE0ED
:0444E500800010E85B
:0444E600800010B48E
:0444E700900010E849
:0444E80083A0169700
:0444E90010343AABA6
:0444EA001097000225
:0444EB00B8A09430B1
:0444EC0018E8580371
:0444ED0000D2800079
:0444EE00A8A0001072
:0444EF0018A85802AF
:0444F00018F480003C
:0444F10018A8800087
:0444F2001697900089
:0444F30010AB83A0E7
:0444F4005803AD209C
:0444F500800010E84B
:0444F600800010B47E
:0444F700900010E839
:0444F800B880031B6A
:0444F9000020000A95
:0444FA001697C41C31
:0444FB00171A82E426
:0444FC00051B00E8B4
:0444FD00000B26404A
:0444FE00837C16970E
:0444FF0016B7228941
:044500001013837C95
:04450100ACE032AB4D
:0445020014E858134E
:0445030010BF800065
:0445040014E87FFF39
:044505001697900075
:0445060010AB83A0D3
:044507005814AD2077
:0445080080001528F2
:044509007FFF10BF61
:04450A0090001528E0
:04450B00837C169700
:04450C00068966496D
:04450D00837C16B7DE
:04450E0000AA10935C
:04450F0024BB016C5C
:044510000009DBC003
:044511000046188EBA
:0445120083FC169779
:0445130081B49E973A
:044514000485268173
:0445150049A200A017
:04451600030010B4DA
:044517005803B8A0ED
:04451800800018E81F
:044519005806A8A0F8
:04451A008000E1A894
:04451B0080A02697BF
:04451C0094E04523BF
:04451D00E71F6C1315
:04451E0038CCFFF0A6
:04451F009CCC000729
:044520005ACB000171
:04452100581C3F20C3
:04452200008A04E225
:04452300000920CC9F
:04452400E1A80F2BD0
:044525002DA790002E
:04452600203B000036
:0445270000019804F3
:0445280081B41697AD
:044529004C1394E0BB
:04452A000449624995
:04452B0058119C6027
:04452C0081B48EB711
:04452D001053207394
:04452E0010AE18D3E0
:04452F0026890002D7
:0445300031130CAB8C
:04453100071B283B01
:04453200000ED38024
:04453300029B2409BA
:04453400103B1C0319
:04453500183BBC0370
:04453600283BBCC39F
:0445370082C0273BDC
:0445380016970002D0
:04453900E70481DC36
:04453A00589500018F
:04453B00FDF8211F47
:04453C000003DC405C
:04453D0081DC169770
:04453E00211F38956C
:04453F00DC40FFF766
:0445400016970003C7
:04454100489581DC3C
:04454200FE3D211FFA
:04454300000221143D
:044544000003DC4054
:044545008963DA8329
:044546000000A58646
:0445470000081D0C3F
:0445480000FF2D0C37
:04454900250C58E302
:04454A0039930001A0
:04454B0000A82E890D
:04454C0052EB90009E
:04454D000004150C45
:04454E00383B48A30B
:04454F002160055989
:04455000148BCC21DB
:044551002F09250900
:0445520018B3303337
:044553000B8028733E
:04455400301300021E
:044555009000E1A849
:04455600285318933B
:04455700150C10EB44
:0445580028A3000490
:044559002833031BE5
:04455A000001D0404C
:04455B0020042813FD
:04455C0047006FAAFB
:04455D0024FB00003B
:04455E00C413002062
:04455F00203BE443D6
:0445600019DBF5036B
:04456100C12BF6C3B1
:04456200F783451B7B
:0445630000029804B6
:04456400103BFB838A
:04456500B584038393
:0445660000AA0001A6
:044567000383FC2AA4
:04456800058310DBDC
:044569000001A004A9
:04456A0010D391C316
:04456B00FF1200A299
:04456C0094841153CF
:04456D001CA6000187
:04456E00DAE300107C
:04456F00837C16979C
:0445700081B41E975D
:0445710000A02689F7
:044572000491A0020E
:0445730020DBD22B4C
:044574000002268992
:0445750000E0FB6EF9
:04457600103380027C
:04457700C41C002040
:04457800003B9383EE
:044579000033C461E6
:04457A0089BB817BFD
:04457B0000A2101377
:04457C002C3B00C410
:04457D000009DE4013
:04457E0003002834DA
:04457F0003002034E1
:0445800004182944AE
:0445810018282104D1
:0445820083F83E97E5
:0445830083FC4E97D0
:0445840041CE183BD1
:04458500039B00464E
:04458600002511C635
:04458700009C10FA8A
:0445880000021034E9
:04458900938C108679
:04458A0049A200A0A2
:04458B00030010B465
:04458C0010A82889C2
:04458D000C89800015
:04458E00169706A3D3
:04458F00C8AB80A095
:0445900081A8169751
:044591000002109480
:0445920081A816B72F
:0445930083FC1697F8
:04459400108C74957E
:0445950010A6000567
:0445960004A3000575
:04459700001221806D
:0445980081A8169749
:044599001094051B5A
:04459A0016B7000848
:04459B00DF0081A814
:04459C00203B0001BF
:04459D0000023E409A
:04459E0000068AC0C9
:04459F00033F103492
:0445A000108402DBA6
:0445A10018A83424FE
:0445A2001034900041
:0445A3001084033F3E
:0445A40018A814241B
:0445A50016979000D5
:0445A600108C817084
:0445A70036AB01002E
:0445A80032C0203BC2
:0445A900039B000070
:0445AA00243B2C7B07
:0445AB003EE800697D
:0445AC00D388C80CDC
:0445AD001013000ED9
:0445AE00E6031033DD
:0445AF00C4021A2008
:0445B000C4021260CF
:0445B10000A00485DD
:0445B2002A8949A267
:0445B300800010A8CC
:0445B40006D105899E
:0445B500FF1BE843BD
:0445B600003BF903CA
:0445B70004001034B8
:0445B8000704108460
:0445B900800020A8B6
:0445BA00FFFE191FC8
:0445BB000004192AB5
:0445BC00900018A8AB
:0445BD0004001034B2
:0445BE000120108444
:0445BF00800020A8B0
:0445C000FFFC191FC4
:0445C1000004192AAF
:0445C200900018A8A5
:0445C30004001034AC
:0445C40018A820DB38
:0445C50010349520F9
:0445C60010DB040002
:0445C700954018A85B
:0445C800003BE009CB
:0445C9008697C421EC
:0445CA008D5180A4EB
:0445CB0018191D9905
:0445CC0005001034A2
:0445CD000000108456
:0445CE002834897B89
:0445CF002944000279
:0445D0004881D0044A
:0445D100001661006F
:0445D200000210349F
:0445D300D00010976D
:0445D400000110AC26
:0445D50006B71CAB5E
:0445D600BE0080A4FF
:0445D700BF400001E0
:0445D8008800000156
:0445D9002014000AA0
:0445DA0047008253C1
:0445DB00029B00003F
:0445DC0080114421E5
:0445DD002EB75201A2
:0445DE00FE8380A434
:0445DF001126CC21B4
:0445E00052A30001E1
:0445E10000116DC098
:0445E20006B7203BBD
:0445E30006B781A8EE
:0445E40032C081B4AC
:0445E5002834000076
:0445E6002944000262
:0445E7005D55D0004E
:0445E8000500203476
:0445E90000002104A9
:0445EA000003318415
:0445EB00FFFC319F01
:0445EC000016610054
:0445ED000001BF40CA
:0445EE000001BE000A
:0445EF000300103481
:0445F000837816B7FF
:0445F100000A880034
:0445F20083BC06B7C9
:0445F30083B406B7D0
:0445F40083B806B7CB
:0445F500350B4C2115
:0445F60000AA813B5B
:0445F7001697009083
:0445F800883B837801
:0445F9000001980421
:0445FA00155710BF82
:0445FB00837816B7F4
:0445FC000002103475
:0445FD009904108489
:0445FE00002A208EE1
:0445FF000022188EF0
:04460000180320E09B
:04460100002E208ED9
:04460200FFFF18F4AA
:04460300380420E077
:04460400002E20AFB5
:044605000030208ED3
:04460600380420E074
:04460700003020AFB0
:044608000036208ECA
:04460900380420E071
:04460A00003620AFA7
:04460B00003C208EC1
:04460C0018AF08C912
:04460D00203B003C12
:04460E000002A9C03D
:04460F00833C9697BB
:044610006C028CA00C
:044611001EAB048B4D
:04461200DBC0247B6A
:04461300C495000941
:04461400001010ACD6
:044615008CE010A382
:0446160016974C03A4
:0446170066C9837875
:0446180016B7068942
:04461900025183784F
:04461A000010146612
:04461B00100BD2A30B
:04461C00FF54042A19
:04461D0083781697F1
:04461E009004803B49
:04461F0010BF0001C7
:0446200016B7EAAB34
:044621001034837856
:0446220010840002FE
:04462300188E990450
:04462400208E0020C4
:0446250066C9002E34
:04462600380420E054
:04462700002E20AF92
:044628000030208EB0
:04462900380420E051
:04462A00003020AF8D
:04462B000036208EA7
:04462C00380420E04E
:04462D00003620AF84
:04462E00003C208E9E
:04462F0018AF08C9EF
:04463000203B003CEF
:044631000002A9C01A
:04463200833C8E97A0
:044633006C02846031
:0446340034AB048B14
:04463500DBC0243B87
:04463600C49500091E
:04463700001010ACB3
:0446380084A026AB89
:044639001E974C027A
:04463A006489837894
:04463B001EB704C9D9
:04463C001E978378CA
:04463D0010E081B454
:04463E0016B7380271
:04463F00103481B4FE
:04464000240100024F
:044641008EBA00A786
:044642001426001129
:04464300BCA3001004
:04464400003BD6C39E
:044645001E97DC617F
:04464600813B8378B9
:044647001D23A17B13
:044648000002103428
:044649009924108E12
:04464A00008200A248
:04464B00155418F4F6
:04464C0083781EB79A
:04464D00000C9004C9
:04464E00044E000214
:04464F00000810341B
:04465000380418A072
:04465100268907238C
:04465200837816B79C
:0446530083781697BB
:04465400400018AC5E
:0446550005A800E2D2
:044656000592042A9B
:04465700008090341B
:044658000054009278
:044659002000883481
:04465A0002B0009A10
:04465B0000A202892E
:04465C00168602AA12
:04465D0010BE81AC5E
:04465E000CA3001792
:04465F0083FC16972B
:04466000108C6495C1
:0446610008AB0100A1
:0446620007D0200459
:04466300000045808E
:0446640083781697AA
:04466500400018AC4D
:04466600027C00EAE8
:04466700BFFF10BFC2
:04466800800010B40A
:04466900837816B785
:04466A0000099004AF
:04466B00103441C303
:04466C00F1830004D2
:04466D000040903445
:04466E00380390A0DD
:04466F00054000E220
:04467000800304209F
:04467100103406D922
:044672009834000276
:0446730024C100025C
:04467400800304209B
:04467500A88E06D92C
:04467600103499283B
:0446770024C1000258
:044678009924B08E43
:0446790099049CC440
:04467A0000B2042A5C
:04467B00002ABCCE87
:04467C0083FC16970E
:04467D00348B649581
:04467E0000FA00AA94
:04467F005815B560B5
:0446800003012834D6
:0446810003013034CD
:0446820003013834C4
:044683000301883473
:04468400FFFF454CA3
:044685004804183B92
:0446860029440001C2
:044687003184D06842
:0446880039C4D05C05
:044689008C44D0305D
:04468A002697D0346B
:04468B00351583FC62
:04468C00007010FAB0
:04468D00002E14CE19
:04468E005802156059
:04468F00002E14EFF6
:0446900065152E2B53
:0446910028A3B48B1B
:04469200034010349D
:044693000068108427
:04469400800018A8E2
:04469500002018D415
:04469600900018A8D0
:044697000340103498
:04469800005C10842E
:04469900800018A8DD
:04469A00008018D4B0
:04469B00900018A8CB
:04469C0081AC168651
:04469D00001710B63C
:04469E0024CE0CA377
:04469F00256000286A
:0446A000408038041A
:0446A1001697001454
:0446A200883B837856
:0446A300580290A089
:0446A400837816B74A
:0446A500017A052A67
:0446A6000009900473
:0446A700002013C319
:0446A800E983C417C7
:0446A9004C021A6045
:0446AA00380240A0F2
:0446AB0054D944ABEF
:0446AC00580A28A0E0
:0446AD00800022A8BF
:0446AE0000202114B3
:0446AF00900022A8AD
:0446B000580A30A0D4
:0446B100800022A8BB
:0446B200008021144F
:0446B300900022A8A9
:0446B400580A38A0C8
:0446B500800022A8B7
:0446B600FF00211FC1
:0446B700004021148A
:0446B800900022A8A4
:0446B90020A822898A
:0446BA00211F80003C
:0446BB0020A8FFF044
:0446BC0006D1900093
:0446BD000033E6835D
:0446BE0000A2101333
:0446BF00168600C299
:0446C00010BE81ACFB
:0446C10000A200173C
:0446C200B56000BC23
:0446C300254C581515
:0446C400B920FFFF1B
:0446C500B98058045C
:0446C60088BB000E9F
:0446C7001697102B07
:0446C800649583FC76
:0446C90006A3B48B05
:0446CA00000EBF40DF
:0446CB00046A244910
:0446CC00444BFF5408
:0446CD0000D400AA6B
:0446CE000014900440
:0446CF0083FC1697BB
:0446D000648B7495EE
:0446D100746B76ABE5
:0446D2005E97722B52
:0446D3002E97833C5F
:0446D40054CE8378C5
:0446D5001834002E67
:0446D60006B7000221
:0446D70006B783742B
:0446D80018C483700F
:0446D900883B99047D
:0446DA00303B383BFE
:0446DB006004103B2C
:0446DC0012E00001E7
:0446DD00090B6C0455
:0446DE001320232B57
:0446DF002A604C09F8
:0446E000192338045E
:0446E100512008CD8F
:0446E200420C380846
:0446E300F90BFFFFD1
:0446E4000008412267
:0446E500580649A08A
:0446E60003DB284981
:0446E70020A6049174
:0446E80016D10010D7
:0446E900CFCBCD2343
:0446EA008EB713EB89
:0446EB0036B78370EB
:0446EC0009AB83741F
:0446ED0040002974EC
:0446EE0083782EB7E8
:0446EF002E03025B39
:0446F0001033101360
:0446F100AD4CE643A3
:0446F200257BFFFF26
:0446F300000EB9807C
:0446F40006A388BBD6
:0446F5004080257B61
:0446F60025FB00148C
:0446F700000EB98078
:0446F800102B244916
:0446F90083FC169791
:0446FA00B48B649584
:0446FB00BF4006A313
:0446FC002449000E3F
:0446FD00FF3A04621A
:0446FE001804A820D4
:0446FF00FFFFB58C78
:044700003804B120A8
:04470100000EB9806D
:04470200E44388BB49
:04470300001190040D
:044704009004E543F5
:04470500E483000C3D
:04470600B103228950
:04470700C4120020B8
:0447080002D60422AF
:044709000100203457
:04470A008378169703
:04470B00380211203F
:04470C0000AA00A25D
:04470D008003042001
:04470E00103406D984
:04470F002834000248
:0447100024C10301BC
:044711009924588E01
:04471200030130343B
:044713000301383432
:0447140003008834E2
:044715000300403429
:044716000300483420
:044717000300503417
:044718002944183BDD
:04471900318484184B
:04471A0039C4870C0B
:04471B008C4487083B
:04471C0042040F083C
:04471D004A442F08D3
:04471E0052844F086A
:04471F001AE06F0825
:04472000048B6C0298
:0447210054D946AB76
:04472200580D28A066
:044723008000636847
:044724000008032264
:0447250080A0669773
:04472600FFF0032A73
:04472700580C30A05A
:0447280090000328D2
:04472900580C38A050
:04472A0090000328D0
:04472B00580C88A0FE
:04472C0090000328CE
:04472D00580C40A044
:04472E0090000328CC
:04472F00580C48A03A
:0447300090000328CA
:04473100580250A03A
:04473200900000A84B
:0447330010E606D1B5
:04473400AAA3001024
:0447350083781697D8
:0447360016B7288901
:04473700062383785A
:0447380000109834A1
:04473900983400832D
:04473A0016970020AE
:04473B0098A0837847
:04473C0000E238035C
:04473D000092008E58
:04473E00091B006AE9
:04473F000001640011
:0447400012AB88BB75
:0447410083781697CC
:044742003FFF10BF66
:04474300837816B7AA
:0447440000099004D4
:04474500182B025BD0
:044746000400103427
:0447470000E01084FA
:04474800800020A825
:04474900FFE7191F4E
:04474A000004192A24
:04474B00900018A81A
:04474C000001A5269D
:04474D000002B58031
:04474E00004C0522F4
:04474F000002103420
:044750009904108434
:044751000020888E2E
:044752000030808E25
:044753000002B5802B
:04475400F00B02095B
:044755008462F24B3D
:0447560000AA0004B1
:044757009004FBD6F9
:0447580004C300098D
:0447590080040420B4
:04475A0000016400F6
:04475B00062B88BBE6
:04475C006400051BD5
:04475D0004620001F1
:04475E001697016643
:04475F0098A0837823
:04476000F103580207
:04476100F503883B99
:0447620014BB2A6BEF
:04476300108E5C61F7
:0447640034C1004616
:0447650000A004C5E7
:0447660010B449A2A0
:04476700B8A00300F3
:0447680010A858023B
:0447690000A280002A
:04476A00900400C0F7
:04476B001B830009A3
:04476C001B03883B68
:04476D000300B83459
:04476E000006B0048D
:04476F00801304208F
:044770000418BDC4A8
:044771000002A83466
:04477200C41400204B
:044773009904AD44B4
:04477400833C8E975D
:044775006C11A460BF
:04477600046A024B84
:044777001E9700AEDB
:04477800A0E08378C2
:04477900048BEC02BF
:04477A0000D2C6A300
:04477B00025B0010CD
:04477C004C11A460D8
:04477D008374169794
:04477E00046A04497C
:04477F00253B008E48
:044780000009DBC091
:0447810016B7C6950C
:0447820002CB83F8EB
:0447830020E07E6B49
:0447840024EACE94C1
:0447850018E0FF9A9F
:04478600B0E2CCA32E
:044787002686FF92F1
:044788001E9781AC4B
:04478900213E83FC4E
:04478A0001220017F1
:04478B0068D5FF608E
:04478C000100210CFB
:04478D00FF560122B0
:04478E004823052097
:04478F0000021034E0
:04479000208E24C192
:044791001D4E99041C
:04479200154E003A86
:04479300268900383B
:0447940000361D4E80
:044795001D4E068926
:0447960066C90034BC
:044797001D4E268904
:04479800068900305E
:044799001122088958
:04479A00253BFF407C
:04479B00283B303B4C
:04479C0000115E406A
:04479D001E97031B45
:04479E00A12083785B
:04479F0028C94C04D5
:0447A00083781EB745
:0447A100FF2200AA49
:0447A200001190046E
:0447A3000001A50468
:0447A400152608636B
:0447A50000A200105E
:0447A600B584FF36A1
:0447A7000863FFFFA5
:0447A800FFFF15AE4C
:0447A900FF1C00AA47
:0447AA008378169763
:0447AB000008009270
:0447AC007FFF10BFBC
:0447AD00837816B740
:0447AE00FECE0462D5
:0447AF001697102326
:0447B00010B4837846
:0447B10016B7040033
:0447B2000002837806
:0447B3008426FA66F8
:0447B40004220001DA
:0447B5001697FA5EFB
:0447B60010B4837840
:0447B700FCC3080037
:0447B80000108C6EF3
:0447B900FE28046270
:0447BA000014900453
:0447BB000092C4C3E1
:0447BC008834FAC281
:0447BD0000021000E6
:0447BE002034FA6E3B
:0447BF00A50302004C
:0447C000FA60042275
:0447C100003BFD8339
:0447C200837816974B
:0447C30010AC802195
:0447C40004AB08003A
:0447C5000012464058
:0447C600000046C0E9
:0447C700000EC1C05F
:0447C800C8003EE8FF
:0447C9000011138840
:0447CA0083FC2697AF
:0447CB0000021034A4
:0447CC00000218349B
:0447CD009B90108429
:0447CE00D00018C43B
:0447CF00671516B59F
:0447D0002AB50ACB31
:0447D100CC2128E0EF
:0447D20028E03AB5EC
:0447D3005AB5CCA562
:0447D400CC8428E089
:0447D50028E04AB5D9
:0447D60018E0CCC655
:0447D70076B5CD08DE
:0447D800000218348F
:0447D900992418CE39
:0447DA0086B56AB581
:0447DB0000E03715AE
:0447DC0096B580030B
:0447DD0018E0771554
:0447DE0018FECD46AE
:0447DF00A6B5001566
:0447E0002CEB871522
:0447E100203476CB3F
:0447E200192804008E
:0447E30018349520D1
:0447E40018C40400F1
:0447E50020E80C00BC
:0447E6009495800026
:0447E700FFDF213F90
:0447E8004AA200A041
:0447E900002010ACF0
:0447EA0010E8288922
:0447EB00E009900051
:0447EC00FA4320DB91
:0447ED00C3808021E4
:0447EE0018A60013F6
:0447EF0034EBFFFFA9
:0447F0001834849164
:0447F100031B0002A4
:0447F200992618CE1E
:0447F30008C94509A3
:0447F400549922EBC7
:0447F5000301183470
:0447F600D12418C4EE
:0447F70018A826894F
:0447F80018CC800059
:0447F9000CE300408D
:0447FA00800018A87B
:0447FB00004018D48E
:0447FC00900018A869
:0447FD00003B00215C
:0447FE00840816977E
:0447FF008834C42115
:044800008C440002E2
:0448010028AB9B90B5
:04480200840C2E975D
:044803008410269760
:0448040000117240ED
:04480500F28010AB82
:044806001457001132
:0448070010940040C9
:04480800147700021F
:04480900069B0040CA
:04480A0006B7C475B4
:04480B00029B840880
:04480C006E23B05512
:04480D00D6552EA3AB
:04480E0018D4E05585
:04480F00D675000258
:044810004423100B22
:04481100031B055B25
:0448120000119140C0
:0448130008EB368BED
:0448140018D4E65579
:04481500E675000242
:0448160006E3468BE4
:04481700001180A666
:04481800029B0011EE
:0448190024E3A65599
:04481A00E45516A3A8
:04481B000040108CBD
:04481C00D4551CABA8
:04481D0016A3848BCF
:04481E00203B035BDD
:04481F0000119140B3
:0448200080A006B7B7
:044821004421143BDF
:04482200FB03803BD9
:04482300F080F2A38C
:04482400468B0011AE
:04482500308B08EBE1
:04482600061BE62B5C
:04482700041BFC432F
:04482800803BFBC313
:04482900003BFBC392
:04482A00210C8021BC
:04482B0077C000074B
:04482C00F280001105
:04482D0006B70011B9
:04482E0006B784083D
:04482F00002180A044
:0448300026B7029B0A
:044831002EB784100A
:0448320016B7840C25
:04483300E00984080C
:0448340084941697BB
:0448350036B506DBB3
:04483600003BE0095A
:0448370084941697B8
:044838009495869538
:04483900848C1EB796
:04483A0016B7169502
:04483B001EB7849090
:04483C002695847CBD
:04483D0084781EB7A6
:04483E001EB73695D6
:04483F0046958474A2
:0448400084701EB7AB
:044841001EB75695B3
:044842006695846C87
:0448430084681EB7B0
:044844001EB7769590
:04484500869584646C
:0448460084601EB7B5
:044847001EB796956D
:04484800A695845C51
:0448490084581EB7BA
:04484A001EB7B6954A
:04484B00C695845436
:04484C0084501EB7BF
:04484D001EB7D69527
:04484E00E695844C1B
:04484F0084481EB7C4
:044850001EB7F69504
:0448510018978444EC
:044852001EB700404D
:0448530018978440EE
:044854001EB7004447
:044855001897843CF0
:044856001EB7004841
:0448570018978438F2
:044858001EB7004C3B
:0448590018978434F4
:04485A001EB7005035
:04485B0018978430F6
:04485C001EB700542F
:04485D001897842CF8
:04485E001EB7005829
:04485F0018978428FA
:044860001EB7005C23
:0448610018978424FC
:044862001EB700601D
:0448630018978420FE
:044864001EB7006417
:044865001897841C00
:04486600109700683F
:044867001EB7006C0C
:0448680016B78418E3
:04486900E0098414CA
:04486A00848426B765
:04486B00003BE00925
:04486C00848026B767
:04486D00003BE00923
:04486E002E848021F3
:04486F001F1B8494F3
:04487000000682407C
:04487100849426976E
:04487200303B1E9B1E
:044873001F5B05358D
:04487400000058C028
:0448750084942E9762
:044876002944351B81
:044877008240002853
:044878001697000689
:04487900303B8494B8
:04487A00A895355B6D
:04487B0026B7349B8D
:04487C0005358488F2
:04487D00000058C01F
:04487E00E840203BB3
:04487F001697000583
:044880001804849400
:0448810006B703E88B
:04488200029D84848B
:04488300069D26B5B3
:04488400848006B76F
:04488500003B0021D3
:04488600031BD461DB
:044887000005E84000
:0448880084942E974F
:044889005B51271B3D
:04488A000006824062
:04488B008494169764
:04488C00275B303B3B
:04488D0058C08895F2
:04488E002E97000061
:04488F0026DB84940C
:044890008555031B2C
:04489100169506B5BD
:0448920018F498B5C9
:0448930016B5010055
:04489400A6B504DBE6
:0448950082681E9780
:044896001E97B6B5FE
:04489700C6B5825CC4
:04489800002030F6D6
:0448990001DC01A29B
:04489A008911470930
:04489B00004020B702
:04489C00002020FEDA
:04489D0001D0012223
:04489E00031BD6D151
:04489F004C0319208D
:0448A000269786D100
:0448A10018B782DCE6
:0448A2001E8600442A
:0448A300012082D896
:0448A40029444884D7
:0448A50056CB0024CA
:0448A60018A728C95E
:0448A7001834004879
:0448A80018C4555586
:0448A90026B50479B3
:0448AA008240451BE8
:0448AB001697000656
:0448AC00303B849485
:0448AD009895455B3A
:0448AE00000058C0EE
:0448AF008494169740
:0448B0002E8444DB33
:0448B10094958498BE
:0448B20006B5203BEC
:0448B3000006824039
:0448B400849416973B
:0448B5008258A697E8
:0448B60084988E97BD
:0448B70000249097B2
:0448B800484205204D
:0448B900825C9E97E8
:0448BA00826026975B
:0448BB0084B7044179
:0448BC0004010008EB
:0448BD008254169774
:0448BE00484504E085
:0448BF00000C84B7AE
:0448C0008CB7169902
:0448C1009CC400048F
:0448C20006010003E8
:0448C300001084B7A6
:0448C40084B70601AE
:0448C50017190014AB
:0448C60084B70A01A8
:0448C7000A010018CA
:0448C800001C84B795
:0448C90084B70A01A5
:0448CA0006010020C3
:0448CB00002484B78A
:0448CC0084B70A01A2
:0448CD0006010028B8
:0448CE0083F81E97B6
:0448CF00002C84B77E
:0448D000FFFC9CDF6E
:0448D100002418C6E1
:0448D2000003A50436
:0448D300FFFCA51F22
:0448D40010841CD957
:0448D500109F00032D
:0448D6000C01FFFCD6
:0448D700003084B772
:0448D80084B70A0196
:0448D9009C200034EB
:0448DA0084B7C410CB
:0448DB009C200038E5
:0448DC0084B7C410C9
:0448DD00A420003CD7
:0448DE0084B7C410C7
:0448DF00A4200040D1
:0448E00084B7C410C5
:0448E100040100448A
:0448E2000003A90422
:0448E300004884B74E
:0448E40084B7040190
:0448E500AD5F004C77
:0448E6009C20FFFC17
:0448E70018C4C4101D
:0448E80018CC0003E5
:0448E9002E9701FC09
:0448EA0084B782E429
:0448EB00AC200050AD
:0448EC0084B7C410B9
:0448ED00060100546C
:0448EE00005884B733
:0448EF0000157A40F6
:0448F000000310842D
:0448F100FFFC109F19
:0448F20024B74401A2
:0448F3004501005C1F
:0448F400006024B785
:0448F500C404A12036
:0448F600006424B77F
:0448F700C40499203C
:0448F800006824B779
:0448F900C404A9202A
:0448FA00006C24B773
:0448FB000074210420
:0448FC00C3012033A1
:0448FD00000321048F
:0448FE00E844012069
:0448FF0026B72EFBAF
:044900008240849CD1
:044901002E970006E7
:044902002697849CD4
:04490300FF9B8498FA
:04490400000058C097
:0449050084941697E9
:04490600825C2E970A
:044907009495303B18
:044908003FFF297FC5
:0449090058C0C89535
:04490A000DC00000DC
:04490B0016970012E9
:04490C0016958494E4
:04490D0018D4169D07
:04490E0016B50002D8
:04490F0083F81E9774
:04491000546124EDDD
:04491100C483FF1B41
:04491200C6C3183BC5
:0449130084941697DB
:0449140018D4169508
:0449150016B50004CF
:0449160014D5869599
:0449170000011094F7
:04491800E00914F5A9
:044919008697C42198
:04491A003415849438
:04491B00000310AED7
:04491C00341508A3A3
:04491D00000210A6DE
:04491E00241512A3A7
:04491F00000110A6DD
:04492000100408A3D4
:04492100243503E84E
:044922004421061D09
:04492300FA633215EC
:0449240018B6241588
:0449250070E3001F1C
:04492600001118B6AE
:0449270018AE18E3CB
:044928006EE3000535
:04492900000618AEBE
:04492A00009800E20F
:04492B00008C00AA52
:04492C003435049B7F
:04492D001084FA8375
:04492E0018B6FFEFC9
:04492F00F0E3000EA3
:04493000183414998A
:0449310036810001CA
:0449320024D010D7A6
:04493300003BA0891C
:044934000001256CED
:0449350000012574E4
:04493600000124B0A8
:04493700000124B0A7
:04493800000124B0A6
:04493900000124B0A5
:04493A00000124B0A4
:04493B00000124B0A3
:04493C00000124B0A2
:04493D000001254E02
:04493E0000012556F9
:04493F00000124B09F
:04494000000124B09E
:0449410000012564E8
:0449420003E810AEC8
:04494300FF7A00A255
:044944001C44F3C359
:0449450016D9000976
:0449460083FC169741
:04494700049526812C
:04494800D89946159F
:04494900000C192223
:04494A005A150AAB45
:04494B00247B303B5E
:04494C0000115E40B8
:04494D001466025199
:04494E00D6A30010DC
:04494F00C80C3EE86A
:0449500000120D083C
:044951005A15481596
:04495200000AA9C0EE
:044953004415FDC347
:04495400821C16B7F4
:044955004415FCC346
:04495600821816B7F6
:0449570016B7541526
:04495800FB038210CB
:0449590016B7441534
:04495A00FA0381706B
:04495B0083F8169730
:04495C00F9031C9DA2
:04495D00169746154E
:04495E0010F2826869
:04495F004415FF32CA
:0449600083F826971B
:0449610044C902DB68
:044962002689E515A8
:04496300F583E535BE
:044964006919CB4BB7
:0449650016975B59ED
:04496600FD8B8494AD
:044967002D092B09E2
:044968000FFF213FDD
:04496900E009D8B5D4
:04496A00000821140C
:04496B00CB4B6919B0
:04496C00FD8B5B590B
:04496D008494169781
:04496E002B092D09DB
:04496F000FFF213FD6
:04497000E009D8B5CD
:04497100849416977D
:04497200E009E8B5BB
:04497300849416977B
:04497400E009E495DD
:044975008494169779
:04497600C6B502DBE5
:04497700003BE00918
:044978008697C0213D
:0449790020048494FE
:04497A0045807530CF
:04497B00C41500005F
:04497C00F2EB168BB9
:04497D00003B40219A
:04497E00FD8BC021CC
:04497F00C90BCB4B4A
:04498000590081FB5E
:044981001697001273
:04498200E0B5849484
:0449830000125D4081
:0449840000125E00BF
:04498500448B80BB24
:044986002C3B08AB13
:044987004700AF1B1B
:04498800143B0000DC
:04498900003B40218E
:04498A008021CB4B72
:04498B00C90BFD8BCC
:04498C0000125A803B
:04498D0000125D4077
:04498E0000125E00B5
:04498F00448B28BB72
:04499000CB1B06AB8C
:0449910000004700DB
:04499200849416975C
:044993000021E49586
:0449940083C016972F
:0449950082041E97E3
:0449960000A0397BC9
:0449970024998002DD
:044998000FFC310CD3
:04499900CEF0292013
:04499A006C0210E0BB
:04499B000007208C65
:04499C0000125F881E
:04499D0083C0169726
:04499E0082041E97DA
:04499F000FFC310CCC
:0449A000800200A0F1
:0449A100292024990C
:0449A20010E0CEF063
:0449A300208C6C02F6
:0449A400628800071E
:0449A500003B0012C1
:0449A600310C397B1C
:0449A70029200FFCB8
:0449A800203BCEF0F2
:0449A90000125F8811
:0449AA000FFC310CC1
:0449AB00CEF0292001
:0449AC006288203BC2
:0449AD00003B0012B9
:0449AE002034C021D0
:0449AF006740000459
:0449B00028BB00120E
:0449B100009E200440
:0449B200470080BB7F
:0449B300143B0000B1
:0449B400003B402163
:0449B500000C20349E
:0449B6002104802137
:0449B70067400180D4
:0449B8002034001295
:0449B9002894000C32
:0449BA0021040001D3
:0449BB006500018012
:0449BC002034001291
:0449BD002104000CC5
:0449BE0067400180CD
:0449BF00203400128E
:0449C000289F000C20
:0449C1002104FFFED0
:0449C200650001800B
:0449C300203400128A
:0449C4002104000CBE
:0449C5003EE8018047
:0449C6006748C80076
:0449C700003B00129F
:0449C8000003203494
:0449C9002104802124
:0449CA00674008003A
:0449CB002034001282
:0449CC002894000328
:0449CD0021040001C0
:0449CE006500080078
:0449CF00203400127E
:0449D00021040003BB
:0449D1006740080033
:0449D200203400127B
:0449D300289F000316
:0449D4002104FFFEBD
:0449D5006500080071
:0449D6002034001277
:0449D70021040003B4
:0449D8003EE80800AD
:0449D9006748C80063
:0449DA00003B00128C
:0449DB00813BC0213B
:0449DC000002203481
:0449DD0003082104A6
:0449DE006740C00B63
:0449DF00142B001283
:0449E00040002894D7
:0449E100000220347C
:0449E20003082104A1
:0449E300C8043EE8DE
:0449E4000012650850
:0449E500BFFF289F49
:0449E600003BFD4352
:0449E700813BC4212B
:0449E8000004203473
:0449E9000030210475
:0449EA00CE108C203F
:0449EB000012650051
:0449EC0000B08C4447
:0449ED0002002C5444
:0449EE00000420346D
:0449EF0049510460C6
:0449F0000038210466
:0449F100001265004B
:0449F200CD622C2046
:0449F3001C008C4CCC
:0449F40020342349FF
:0449F500297400041D
:0449F6002104CF7158
:0449F7006500003423
:0449F8002034001255
:0449F9002104000491
:0449FA0080340034D1
:0449FB00674000040D
:0449FC00840400121D
:0449FD00009A0034E8
:0449FE002034001849
:0449FF006911000436
:044A000000048034FA
:044A010000126740F8
:044A020010AC601183
:044A03000AAB0100F9
:044A0400243B4421EA
:044A050000126740F4
:044A0600243BFB83CF
:044A070000126740F2
:044A0800003BFD036F
:044A09008920C4211B
:044A0A008C44CE10FA
:044A0B00813B00B03B
:044A0C0002002C5424
:044A0D00000420344D
:044A0E0049510460A6
:044A0F000038210446
:044A1000001265002B
:044A1100CD622C2026
:044A12001C008C4CAC
:044A130020342349DF
:044A140029740004FD
:044A150021048F7178
:044A16006500003403
:044A17002034001235
:044A18002104000471
:044A190080340034B1
:044A1A0067400004ED
:044A1B0084040012FD
:044A1C00009A0034C8
:044A1D00203400261B
:044A1E006911000416
:044A1F0000048034DB
:044A200000126740D9
:044A2100108C601184
:044A220018AB0100CC
:044A23000004203437
:044A24000044210425
:044A2500C80C3EE893
:044A260000126748CB
:044A27006740243B85
:044A2800F9C30012BC
:044A29006740243B83
:044A2A00FB43001238
:044A2B00293BC02142
:044A2C002034813B76
:044A2D00210400025E
:044A2E0065000030EF
:044A2F00203400121D
:044A30002C0C000446
:044A31003911002710
:044A3200C8043EE88E
:044A33000012650800
:044A340082002E9737
:044A350080040120D8
:044A360058052920D6
:044A37000002203425
:044A38000120210434
:044A390000126508FA
:044A3A0080050120D2
:044A3B000002203421
:044A3C0000C0210491
:044A3D0000126508F6
:044A3E00C90B3B590C
:044A3F00FB4BC42148
:044A400020342949AC
:044A410029740004D0
:044A4200210400014A
:044A430080340804AF
:044A440088340002B0
:044A45006500000404
:044A460084040012D2
:044A47008C4449F062
:044A4800247B0804BF
:044A490000126740B0
:044A4A00000110ACAB
:044A4B00200410AB88
:044A4C00801127109E
:044A4D0000004580A0
:044A4E00FE9BE823C0
:044A4F00803444214A
:044A500088340002A4
:044A510084040004D5
:044A52008C4449F057
:044A5300247B089820
:044A540000126740A5
:044A55000EE3068BDB
:044A56002710200401
:044A57004580801105
:044A5800EA2300004D
:044A590010A0FA832C
:044A5A00FA03CDE8A6
:044A5B00055BCC210A
:044A5C000D1B913B62
:044A5D0000128F8034
:044A5E0020A388BB4E
:044A5F000004983483
:044A60009CC4803B37
:044A61009C2008A0ED
:044A62006740C404E1
:044A630084A0001219
:044A64002011C40356
:044A6500142604F51A
:044A6600EAA300249B
:044A67004C21147B4F
:044A6800817BC0216D
:044A69002034293B91
:044A6A00210400041F
:044A6B0065000818C2
:044A6C0020340012E0
:044A6D002C3B0004DA
:044A6E00081C2104FB
:044A6F0000126500CC
:044A70000F1B055BB8
:044A7100C8043EE84F
:044A720000128F8817
:044A7300813BC26160
:044A740096C026FBC7
:044A75000AA300127E
:044A7600082B2213D4
:044A770020E219130D
:044A7800426100187F
:044A790020EA181304
:044A7A002C3BFFF8DA
:044A7B0000129A008B
:044A7C0026FBF0A382
:044A7D00001296C0CD
:044A7E00813BFD0378
:044A7F00FD43203B98
:044A8000055BD021E1
:044A8100091B813B51
:044A820000128F800F
:044A830078A390BBC9
:044A8400CDE88C20CD
:044A8500A0346019E0
:044A8600983400045C
:044A8700A50400047E
:044A88009CC408A022
:044A8900A4A00818C5
:044A8A006740C404B9
:044A8B0028BB001232
:044A8C00000414AE60
:044A8D0014AE56A36A
:044A8E0060A3000819
:044A8F00000604A277
:044A900000FF297F7B
:044A91009CA021497B
:044A92006500C404F3
:044A930094840012F5
:044A940014A6000460
:044A9500CEA300802C
:044A96000B1B055B96
:044A970000128F80FA
:044A980024A390BB08
:044A9900091B055B95
:044A9A000004803460
:044A9B000004883457
:044A9C0000128F80F5
:044A9D0008A08404E5
:044A9E0009208C441B
:044A9F002011243B83
:044AA0000012674059
:044AA100FFF48C2270
:044AA200502114BBD0
:044AA300FF00295F88
:044AA400297F2349FA
:044AA500297400FF71
:044AA600F543500084
:044AA700FF00295F84
:044AA8000046295447
:044AA900003BF403D7
:044AAA0000042034B0
:044AAB00035B802108
:044AAC0008182104C1
:044AAD00001265008E
:044AAE000F1B0B5B74
:044AAF00C8003EE815
:044AB00000128F88D9
:044AB10082D0169702
:044AB2008270269751
:044AB3004509802110
:044AB400FFF51034C6
:044AB500CF6A108430
:044AB6001034450172
:044AB7001084000265
:044AB80020B208D44C
:044AB9002834002C71
:044ABA002944000289
:044ABB0072C008D5E8
:044ABC001E9700152C
:044ABD00548B81DCB9
:044ABE0000E046D5F9
:044ABF0000E068C4E7
:044AC000890B68C333
:044AC100004018CCCD
:044AC200580319205C
:044AC300580210E0A5
:044AC400029B002130
:044AC500003BFB8334
:044AC600AC4080215F
:044AC7002034001285
:044AC800289400042A
:044AC90021040100C3
:044ACA006500081863
:044ACB000D5B00126D
:044ACC003EE80F1B96
:044ACD008F88C80006
:044ACE00003B001297
:044ACF0081F82697AD
:044AD0009CC0CC2199
:044AD10074A30012B8
:044AD20081F42697AE
:044AD3000012A0002D
:044AD40016976AA324
:044AD5005AAB81FC5B
:044AD6008AC0431B34
:044AD700169700121C
:044AD80052AB81FC60
:044AD9000002203483
:044ADA00007C210437
:044ADB00001267401E
:044ADC000002203480
:044ADD000001289418
:044ADE00007C210433
:044ADF00001265005C
:044AE000000420347A
:044AE1000048210464
:044AE2000012674017
:044AE3000004203477
:044AE4000001289411
:044AE5000048210460
:044AE6000012650055
:044AE70081F01697AD
:044AE800AA8006ABEF
:044AE90014A3001200
:044AEA0081EC1697AE
:044AEB00103B12ABBF
:044AEC00203B4C21FE
:044AED00B180F4831D
:044AEE00A8AB00125F
:044AEF00FE03029B25
:044AF00005F688340B
:044AF100232A9004E0
:044AF200E1008C440F
:044AF30018019834DA
:044AF40000126B80C1
:044AF500148480BBEA
:044AF60090BBFFFF73
:044AF700DCABF48BB5
:044AF800842C247B6B
:044AF90045801801DB
:044AFA009C220000FA
:044AFB00F7C3FFE21C
:044AFC009834D021F9
:044AFD00A0340300DE
:044AFE00913B0300E5
:044AFF009CC4883B90
:044B0000A504070CF5
:044B010016970F08EC
:044B0200349583FC67
:044B03000002147A1E
:044B0400247B50219D
:044B0500000AA900F9
:044B0600025104A3B1
:044B0700247BFD030B
:044B08000009DBC005
:044B0900C49580BB14
:044B0A00001010ACDB
:044B0B00148C72ABE9
:044B0C00E6AB000113
:044B0D000046240E2C
:044B0E000009DB407F
:044B0F000025440633
:044B10000300283442
:044B11000300303439
:044B12002944203BD7
:044B130031840F10CA
:044B14001C06185C07
:044B15003C06002634
:044B16003EC1002775
:044B17000046193A01
:044B18000046240E21
:044B19000009DB4074
:044B1A000300283438
:044B1B002944203BCE
:044B1C001C06070864
:044B1D006881002586
:044B1E000048193AF8
:044B1F001406183B25
:044B20002406002641
:044B210028810027C0
:044B2200FF8E10F200
:044B2300048527815D
:044B240049A200A002
:044B25005802A0A0F2
:044B2600900000A853
:044B2700FBC306D1F5
:044B28000002148CE7
:044B29002220F183D2
:044B2A003681C40309
:044B2B0000E006C5DB
:044B2C0028E049A391
:044B2D0001E858073C
:044B2E002CC99000FE
:044B2F00900000E80A
:044B3000F1C30911B3
:044B310000E0078514
:044B320098E049A31B
:044B330001A8580677
:044B34002AC99000FA
:044B3500900000E804
:044B3600F2C30911AC
:044B370083FC16974E
:044B3800108C6495E4
:044B39006AA3040067
:044B3A000002183429
:044B3B00990418C4FD
:044B3C000B0BC0217E
:044B3D00004030CE36
:044B3E0028CE2F6BE3
:044B3F00190B00202E
:044B400020CE2B2B2D
:044B410038CE00204A
:044B42006909002CD1
:044B430029490F09E4
:044B440030340D49B3
:044B4500021B03014B
:044B4600C0283184CE
:044B470083FC26972E
:044B480020BA391541
:044B49004021000AFD
:044B4A00FA43283BC7
:044B4B00FBC3203B4D
:044B4C004C041420E1
:044B4D00172B0B090E
:044B4E00003E20CE37
:044B4F0011205E993A
:044B50002DC9EC047B
:044B51002114090B17
:044B520021E8002432
:044B53000491900039
:044B5400E009F94338
:044B550038052920D6
:044B560084A82EB74A
:044B570084AC26B74D
:044B580084A406B774
:044B5900183B103BBA
:044B5A000B23283BC6
:044B5B0004ABC48B58
:044B5C0084A41EB758
:044B5D00250BE0093B
:044B5E00800200A031
:044B5F0099194A89CD
:044B600024C90B5108
:044B6100FC43029B74
:044B620000C0118CF2
:044B6300118C60A3AE
:044B640054A300381E
:044B65000007118CA8
:044B6600010800AA98
:044B670084A41E976D
:044B680003014834C9
:044B6900518CDC216E
:044B6A0059AE004BF5
:044B6B0061B6000827
:044B6C0069AE000925
:044B6D0071B60020FD
:044B6E0079AE0021FB
:044B6F0091AE0040C3
:044B700099AE00807A
:044B7100A1AE0010E1
:044B7200A9AE0002E6
:044B7300383B0004C7
:044B7400029B803BE5
:044B7500C0004A44EE
:044B76008000F814AF
:044B7700000131AE5A
:044B78000001B03454
:044B79005C210EE3CA
:044B7A0084AC1E9752
:044B7B001E97F64348
:044B7C00F58384A891
:044B7D00126B02CBEA
:044B7E00002002E22F
:044B7F0000100322FD
:044B8000008005228A
:044B8100006A05625F
:044B820002A24DA39B
:044B83000E030058C5
:044B84000086036242
:044B8500001603A271
:044B8600FFEE04EA50
:044B87000000414E9B
:044B8800581121E0BF
:044B890058114C6013
:044B8A0090004468EB
:044B8B00883BFB83E5
:044B8C00000403E23C
:044B8D00FFD204AAA5
:044B8E00580889201A
:044B8F000000B94E1B
:044B900058083A2067
:044B910003004234A7
:044B92009000BA28AD
:044B930020008C442E
:044B9400FFE4FC62DC
:044B9500414EF68314
:044B960024200000D7
:044B97008C745811B1
:044B9800446803006A
:044B990086D9900029
:044B9A00100084047F
:044B9B00C407B1E0BA
:044B9C002420EE43A0
:044B9D008C745811AB
:044B9E008C6803001C
:044B9F00036D800022
:044BA000FC431B5166
:044BA1005811242063
:044BA20003008C740C
:044BA30080004468E2
:044BA4008A2A034D09
:044BA500103BFFD0F2
:044BA60021E0F9838E
:044BA7004C605811F5
:044BA800FAC35811E3
:044BA900E009029B82
:044BAA002EEF806109
:044BAB00039B000068
:044BAC00D8802EFB84
:044BAD000061001291
:044BAE00817BC861DE
:044BAF002034293B4A
:044BB0002104031CBD
:044BB10010190014C3
:044BB200EA8089BB51
:044BB3002034001298
:044BB4008414030062
:044BB500119B00034D
:044BB60000022EC407
:044BB70000282104AD
:044BB800000286EF82
:044BB9000012D8808E
:044BBA0004001034AF
:044BBB00052010843D
:044BBC00800018A8B5
:044BBD001EB776CBDE
:044BBE0004DB84A0F0
:044BBF00900018A8A2
:044BC000031C20347E
:044BC1002104035B6D
:044BC200EA80001C69
:044BC3002834001280
:044BC400294400027E
:044BC500203B86A06B
:044BC600031C803418
:044BC70000003C406E
:044BC8000001900454
:044BC900002484043C
:044BCA002EC4059B55
:044BCB00243B000285
:044BCC00000296EF5E
:044BCD000012D8807A
:044BCE00803B04AB79
:044BCF00203B030381
:044BD00000003EC0E3
:044BD100169706A38A
:044BD200DCAB80A038
:044BD300021A20049E
:044BD4000000470096
:044BD5001E97021B0A
:044BD600103484A073
:044BD70076CB040095
:044BD800952018A864
:044BD900031C203465
:044BDA002C7B099B8C
:044BDB00D880591114
:044BDC00143B001274
:044BDD00003B4861F0
:044BDE00917BD421D2
:044BDF00A9FBA1BBD2
:044BE0000020813BF5
:044BE100883BC41336
:044BE200000494E255
:044BE3005421147BCA
:044BE400253B0A154E
:044BE50000019CC46B
:044BE60000157A40FC
:044BE700301116155E
:044BE800A8A02681DA
:044BE9001441600211
:044BEA00003BFBC3CE
:044BEB00030DCFE106
:044BEC00190D813BE3
:044BED00281480E91F
:044BEE00C841D903DE
:044BEF0000157A40F3
:044BF000240D98BB3D
:044BF100E412146056
:044BF2000014146A2D
:044BF30024FB2CBBB8
:044BF400001569C07F
:044BF50003E82804A5
:044BF6007A4020BB26
:044BF70090BB00155A
:044BF800000128345C
:044BF9002944319B7F
:044BFA0026FB7C0416
:044BFB00001661003F
:044BFC000001283458
:044BFD002944619B4B
:044BFE000D3D7C1CD1
:044BFF00001661003B
:044C0000347B3CFBCA
:044C010026FB075B2C
:044C02000012F78025
:044C030080911EABD3
:044C040048840420BC
:044C05003CBB0CBDEB
:044C0600055B347B9B
:044C0700F780488169
:044C08000EDB0012AD
:044C0900A4C1B0C1D1
:044C0A004FE100E98D
:044C0B00FF030E9BFA
:044C0C00993BD021DF
:044C0D00803B917BDC
:044C0E000001A004FD
:044C0F004C028520AE
:044C100084AC1E97BB
:044C110020AB068945
:044C1200FAC024BB05
:044C130030BB0012A0
:044C140020042C3B11
:044C150088BB033124
:044C16000000470053
:044C17008C5404199C
:044C180014E0004064
:044C190002ADC40222
:044C1A00142600114B
:044C1B00948400106D
:044C1C00C8A3000623
:044C1D00003B5021E7
:044C1E0084A82E97A1
:044C1F00039B183BA0
:044C200080003804D4
:044C21004C0219A088
:044C22000AAB0A8946
:044C2300108C050DDF
:044C24002E8900379E
:044C250006D1052D82
:044C2600001010E684
:044C2700E4A31911D8
:044C2800003BE00964
:044C290084A836978E
:044C2A0003DB183B55
:044C2B004C0219E03E
:044C2C0010AB0C8934
:044C2D0005590B0D0D
:044C2E000007294C06
:044C2F000030108CB5
:044C3000052D2A899B
:044C310010E606D1B2
:044C32001911001044
:044C3300E009DEA313
:044C3400813BCC21D3
:044C35000020883B98
:044C36009804C41208
:044C37008CE000010C
:044C380016974C047B
:044C3900112084A81A
:044C3A0042AB38024F
:044C3B00858B0C0D4C
:044C3C0004ABF78B43
:044C3D0036A3358BDA
:044C3E000007318CAE
:044C3F00FD8B11BB1D
:044C4000CC8318E029
:044C4100000429B68C
:044C4200488300E0C3
:044C4300089B036364
:044C440018D424C993
:044C4500062D0040F8
:044C4600000411B69F
:044C4700581224A03B
:044C4800099B02A31F
:044C490020042C7B9C
:044C4A0047000373A9
:044C4B000251000012
:044C4C0000101466DA
:044C4D00A6A31011F9
:044C4E004C2114BB26
:044C4F008034FFE1CD
:044C50008B29031C8D
:044C510099BB917BFF
:044C5200383B183B98
:044C53000003400416
:044C540000148404C0
:044C55004C051A20D0
:044C5600216B09497C
:044C5700496200E0CE
:044C580088A820897F
:044C59006C49800022
:044C5A0030A85D8B96
:044C5B0048A89000D5
:044C5C0088A88000A4
:044C5D0049A29000D8
:044C5E002BC900025C
:044C5F0010E616D174
:044C6000D0A30010CD
:044C610003012834EF
:044C6200183B883B38
:044C63000001400408
:044C6400C0282944F7
:044C65004C061A20BF
:044C6600380239A037
:044C670054D91EAB53
:044C680080A82A896D
:044C69006809800056
:044C6A0020A8990BDA
:044C6B0048A89000C5
:044C6C0080A880009C
:044C6D004922900048
:044C6E002C490002CB
:044C6F0010E606D174
:044C7000D0A30010BD
:044C7100247B2CBBB9
:044C72000012D54017
:044C7300273D303B6E
:044C740058C0515B78
:044C7500035B0000DD
:044C7600031C2034C7
:044C77000012EA80BD
:044C7800031C2034C5
:044C7900958B2814DB
:044C7A00EA80391182
:044C7B0020340012CF
:044C7C002804031CE9
:044C7D0029110B00EE
:044C7E000012EA80B6
:044C7F00031C2034BE
:044C8000000C2104FF
:044C81008000112876
:044C82008000112875
:044C83008000112874
:044C84008000112873
:044C8500EA80035B63
:044C860020040012F4
:044C8700438027102F
:044C880010340000E4
:044C8900108404008F
:044C8A0018A8052041
:044C8B0076CB800064
:044C8C0084A01EB72B
:044C8D0018A804DB84
:044C8E00203490003E
:044C8F00035B031CA4
:044C9000EA8049115C
:044C910028340012B1
:044C920029440002AF
:044C9300203B86A09C
:044C9400031C803449
:044C950000003C409F
:044C96000001A00475
:044C97000028840469
:044C98002EC4059B86
:044C9900243B001A9E
:044C9A00001AA6EF67
:044C9B000012D880AB
:044C9C00003304AB32
:044C9D00203B034372
:044C9E0000003EC014
:044C9F00169706A3BB
:044CA000DCAB80A069
:044CA10001E5200405
:044CA20000004700C7
:044CA3001033029B2D
:044CA40084A01E9733
:044CA50004001034C3
:044CA60018A876CB09
:044CA7000FBD952088
:044CA800131B283B77
:044CA9000012EB808A
:044CAA00283B17BDCF
:044CAB0080BB111B9E
:044CAC000012EB8087
:044CAD001697240929
:044CAE00403484A466
:044CAF00A6C4007126
:044CB0001073001C61
:044CB100002CE6C429
:044CB200004CB6C438
:044CB300C417002002
:044CB4008000420436
:044CB500B8A0029B06
:044CB60018534C0241
:044CB7003CAB068983
:044CB80000002D0EBD
:044CB90000004F0E9A
:044CBA0001B2496A90
:044CBB00E405496063
:044CBC0048F3223B5C
:044CBD0069C040B3D7
:044CBE00409300150A
:044CBF00A8BB48D373
:044CC0000060ADB72C
:044CC100227B2D7BAA
:044CC2007A4040B341
:044CC30015B700150C
:044CC4004093008099
:044CC5000004056280
:044CC6000002841450
:044CC7000001BDC467
:044CC800000815E6E5
:044CC9000004B584AA
:044CCA000002A5043B
:044CCB000002E704F8
:044CCC001013A2A37C
:044CCD0018169820FD
:044CCE00C41C0020E2
:044CCF00029B240917
:044CD0000001A0043B
:044CD10025BB1033BC
:044CD20003092CBBEB
:044CD300000FB80412
:044CD4000012D540B5
:044CD500E417E5E01B
:044CD6000152072A56
:044CD700E0344CFB7E
:044CD800383400016B
:044CD900E7040001EB
:044CDA0039C47C4C11
:044CDB0046C47C58F7
:044CDC000020004C68
:044CDD00219BC4153E
:044CDE00173D283B1B
:044CDF0038B348F3AB
:044CE000628040733B
:044CE1002F17001673
:044CE20017BD0000FA
:044CE300EB8025FB42
:044CE4004053001227
:044CE50084A45E97AE
:044CE600389348D3E4
:044CE70058151560E7
:044CE8002A3B17BD8F
:044CE9002520203B27
:044CEA0058A04C0280
:044CEB0026AB3802BA
:044CEC001520051971
:044CED004AA04C0A83
:044CEE0002AA380AD4
:044CEF00518E0008DA
:044CF000516F000000
:044CF100049100002A
:044CF2004C0215203B
:044CF300380248A09B
:044CF400058D04AB7B
:044CF5000911356DFF
:044CF600000811267B
:044CF70029441D919E
:044CF800C2A3000C47
:044CF9000004E704C8
:044CFA00000242046E
:044CFB00FF863F22CF
:044CFC0084AC3697B7
:044CFD00004CE6C4BD
:044CFE00C4170020B7
:044CFF004C02BD2086
:044D000000A20C8978
:044D0100BDC400AC81
:044D020015E60001B1
:044D0300E7040010B1
:044D0400E8A300061A
:044D0500AC201013BB
:044D060000A258109F
:044D07002CBB00863B
:044D0800D540247BF3
:044D0900419B0012B8
:044D0A00283B173DEE
:044D0B0000166280AC
:044D0C00173D277DAB
:044D0D00001303008C
:044D0E00030020344A
:044D0F00219B177D50
:044D1000002C21044E
:044D11000012D88034
:044D12000780173DC2
:044D13002034001335
:044D14003004030064
:044D1500177D008086
:044D16001854210408
:044D17000012D8802E
:044D1800031C203424
:044D19004911283BD9
:044D1A000012EA8019
:044D1B00031C203421
:044D1C002104283B0B
:044D1D00EA80000C1C
:044D1E00283B00121C
:044D1F00031C20341D
:044D20000012EA8013
:044D21000300203437
:044D2200177D119B4D
:044D2300002821043F
:044D2400002C06EF6A
:044D25000012D88020
:044D26000B29143B06
:044D270000207FE108
:044D2800CB83C41560
:044D29000001E004A1
:044D2A0024FB003333
:044D2B004DBBD34366
:044D2C0005E0D58346
:044D2D003F3B68227E
:044D2E00C408002095
:044D2F0000182084C4
:044D30005491191968
:044D310019041499B4
:044D32000D3D00D45F
:044D3300108448C1DF
:044D34000CFD00D49E
:044D35002917268193
:044D36004897FF603B
:044D370009CDFF6043
:044D38004933417347
:044D390028B330F378
:044D3A007A40387310
:044D3B004913001503
:044D3C003853415354
:044D3D00E40248A0A4
:044D3E00E9A200A046
:044D3F000001420429
:044D400005ED2893C2
:044D41000003122633
:044D42001FD130D37A
:044D4300DEC3D0A358
:044D4400031BC0216C
:044D450000004080AA
:044D46000301283409
:044D4700303B103BB2
:044D48002944203B9F
:044D4900021BC02861
:044D4A002AC9569983
:044D4B00800018E8E4
:044D4C00CCA238E0DD
:044D4D00000939E63A
:044D4E0006CB0DE3A0
:044D4F004C071420D9
:044D50002F0944C91A
:044D51000491278919
:044D5200001018A68F
:044D5300072BDAE36D
:044D540013C0283B25
:044D5500031B001329
:044D56000000420017
:044D570016B7B4993E
:044D58004021809CDA
:044D5900813BCA21AF
:044D5A00897B217BB5
:044D5B000012D5402D
:044D5C002CAB340B3D
:044D5D0003002034FB
:044D5E0000019004BC
:044D5F002EFB819B0B
:044D60000F08210413
:044D6100000096EFC9
:044D62000012D880E3
:044D630003002034F5
:044D64002EFB819B06
:044D65000F00210416
:044D6600000096EFC4
:044D67000012D880DE
:044D680018AB140B65
:044D690003002034EF
:044D6A0080041004AD
:044D6B002EFB819BFF
:044D6C0018542104B2
:044D6D00000016EF3D
:044D6E000012D880D7
:044D6F0016AB040B70
:044D700003002034E8
:044D7100119B889B6F
:044D720021042EFBEF
:044D730016EF002C0B
:044D7400D8800000E3
:044D7500440B0012D9
:044D7600419B38AB7A
:044D770026FB283BB4
:044D7800001662803F
:044D790003002034DF
:044D7A002EFB419B30
:044D7B00002C2104E3
:044D7C000012D880C9
:044D7D000A4026FBC7
:044D7E0026FB0013FD
:044D7F000013078096
:044D800003002034D8
:044D8100008030047A
:044D820021042EFBDF
:044D8300D880185468
:044D8400140C0012F9
:044D850062AB0030ED
:044D8600283B419BEA
:044D8700628026FB25
:044D880020340016BD
:044D89002EFB0300FA
:044D8A002104419B24
:044D8B00D880002CA0
:044D8C0026FB0012F0
:044D8D0000130D0002
:044D8E003EAB28BB55
:044D8F00D54020BB30
:044D9000640B00129E
:044D9100203410AB0F
:044D9200219B03005E
:044D930021042EFBCE
:044D9400D880002C97
:044D9500800B00127D
:044D960026FB182BB5
:044D9700001307807E
:044D980003002034C0
:044D99000080300462
:044D9A0021042EFBC7
:044D9B00D880185450
:044D9C002C7B00125A
:044D9D00D540247B5E
:044D9E004A21001294
:044D9F008069C3E183
:044DA00000012834B2
:044DA100819B813B36
:044DA2007C582944CC
:044DA300610026FB8A
:044DA40004150016DC
:044DA5006491149968
:044DA600C402D8A0CB
:044DA700FFC01097A2
:044DA8000069043565
:044DA900003B43E1A7
:044DAA008729FFE175
:044DAB002AB3050B17
:044DAC0000AA1173D5
:044DAD00103402A814
:044DAE001897000250
:044DAF00150B9AC482
:044DB00000AA10F352
:044DB1001034029C1C
:044DB2001097000254
:044DB30010E09AC8AA
:044DB400B8345802B5
:044DB50011B3030132
:044DB600C41C0020F9
:044DB700BDC400B3C4
:044DB800029B90C802
:044DB9004C02E0A028
:044DBA0006891993BA
:044DBB00025600AAF2
:044DBC004A11072071
:044DBD005802BC607C
:044DBE0010A811F335
:044DBF0014AB8000B1
:044DC00003011034A7
:044DC10090C4108406
:044DC200580214601F
:044DC300800010A8B4
:044DC400800200A0C9
:044DC500E0A01893BF
:044DC60010E04C02AB
:044DC70010B35802CB
:044DC80006AB129391
:044DC90000AA109399
:044DCA001697021C1A
:044DCB0018A380A009
:044DCC00030110349B
:044DCD0090C41084FA
:044DCE005802146013
:044DCF00800020A898
:044DD00026970723F8
:044DD100F52B80A09E
:044DD20080A0169710
:044DD30001D400A265
:044DD40000AA1153CD
:044DD5001034021084
:044DD6002097000220
:044DD70010D39BB0AA
:044DD800020600AA25
:044DD9000002103490
:044DDA009BB01097E3
:044DDB0011206489B6
:044DDC001233580234
:044DDD00030110348A
:044DDE0090B41084F9
:044DDF005802146002
:044DE000800028A87F
:044DE1000301103486
:044DE20090B81084F1
:044DE30058021460FE
:044DE400800020A883
:044DE5000301103482
:044DE60090F41084B1
:044DE70058021460FA
:044DE800800080A81F
:044DE900030110347E
:044DEA0090BC1084E5
:044DEB0058021460F6
:044DEC008000A8A8F3
:044DED00030110347A
:044DEE0090B01084ED
:044DEF0058021460F2
:044DF000800090A807
:044DF100CCE411609D
:044DF20014A013F303
:044DF3001273CCC6A5
:044DF4001120153342
:044DF5001573CCE482
:044DF6000301103471
:044DF70090F810849C
:044DF800CCE4B42033
:044DF9009CA05B4BD4
:044DFA00AD4CCCA54B
:044DFB00590B000F41
:044DFC00CD6BA4A037
:044DFD001460500BE3
:044DFE002C335802F8
:044DFF00B4B39C733A
:044E000025B3ACF337
:044E01008633A5F35C
:044E0200800010A874
:044E0300CC8494A027
:044E040016731133DD
:044E050004EA96B372
:044E06001F3D000C40
:044E0700001367C06D
:044E080067C0213D21
:044E0900052A001363
:044E0A002B3D000C30
:044E0B00001367C069
:044E0C0067C02D3D11
:044E0D002834001332
:044E0E00819B000183
:044E0F007C9829441E
:044E10006100373DC9
:044E11001034001643
:044E12001084030104
:044E13001460909007
:044E140020A8580278
:044E150010348000D5
:044E16001084030100
:044E17001460908C07
:044E180011E858073E
:044E190004EA800027
:044E1A00113B000246
:044E1B0000FE00A2F3
:044E1C003911232BFA
:044E1D0012FD191950
:044E1E0000881104F3
:044E1F0011174681A0
:044E20000401FFC0CA
:044E21000010141653
:044E2200014A00A29F
:044E23000002041273
:044E24008633803B16
:044E2500141333D35C
:044E260001A025536F
:044E270005A0488614
:044E28000120489687
:044E2900258948840B
:044E2A0019131253F3
:044E2B00491304E043
:044E2C0015933E9903
:044E2D00491204A082
:044E2E005807B1E090
:044E2F00052025092C
:044E300099A04902FA
:044E3100A9E0580696
:044E320011205807EC
:044E330016135814E6
:044E340000028034C4
:044E350003006034E2
:044E3600488200A00E
:044E370003006834D8
:044E3800268932F3A2
:044E3900581290A0DB
:044E3A00A3733B33F0
:044E3B00840493B3A5
:044E3C00203B99C0BE
:044E3D0000019804D4
:044E3E0014006304F5
:044E3F0014046B44A8
:044E40004C0224E01C
:044E410006891A13B1
:044E420000D000A2FA
:044E4300112609111A
:044E44004011001009
:044E45009073EAA3D9
:044E46002F3BA0332B
:044E470001A520049D
:044E4800000047001F
:044E490080A0169798
:044E4A0019D31CA3B9
:044E4B0010E8029BCE
:044E4C0007209000AB
:044E4D001697482448
:044E4E0028818488AB
:044E4F000048208E69
:044E500020AF091175
:044E5100E70400482A
:044E5200172600011E
:044E530000A20010A9
:044E54001697FD9020
:044E550000A080A099
:044E560007298002A6
:044E5700183B7FE1A4
:044E5800103BAB83DD
:044E5900203BAD034A
:044E5A00103BBE83C8
:044E5B001499C003E3
:044E5C002BD312FD45
:044E5D000088108435
:044E5E001097268102
:044E5F005A81FFC0B5
:044E600000103156B7
:044E6100015241A316
:044E6200283B0002E7
:044E63002C132BF3EE
:044E640031565A81E8
:044E650033A3001063
:044E660000020152F3
:044E67002C33283B85
:044E68005A812D53EB
:044E690000103156AE
:044E6A00015225A329
:044E6B00283B0002DE
:044E6C002D932D73E2
:044E6D0028962A81D8
:044E6E0017630010B6
:044E6F0000020092AB
:044E700015B3103B2B
:044E71001F5BD543AB
:044E72001F5BF84387
:044E73001F5BFA03C4
:044E74001E9BFBC3C3
:044E75001E9BFD8300
:044E7600D703163315
:044E77004A150120B7
:044E7800484E01207F
:044E7900883B5C3BDB
:044E7A00000012D74B
:044E7B00000210AC75
:044E7C0002510EA32E
:044E7D0000041466B3
:044E7E0000045AC40E
:044E7F00E183EAA33E
:044E8000C4058BA03A
:044E810010341B5975
:044E820025410002C4
:044E830099C05097EB
:044E8400CE0C12A09E
:044E8500FFDAE0A2CE
:044E860049A90460D2
:044E8700C40800203B
:044E88000FFF528C3A
:044E89005809AA60BA
:044E8A0003004A7463
:044E8B00EC0242A053
:044E8C0048C50220F3
:044E8D00048B12FD83
:044E8E0049602499BA
:044E8F006160580501
:044E90001084580F23
:044E910026810088EE
:044E9200FF80F8970E
:044E93009000FBE8A8
:044E9400FF841097F0
:044E950058056960F3
:044E9600900011680F
:044E970000014204D0
:044E9800000C1226D2
:044E9900F143C6A378
:044E9A0000022034BE
:044E9B0001003004DE
:044E9C002104283B8A
:044E9D00628899C0CE
:044E9E00003B0016BF
:044E9F0003012834AF
:044EA0000020D821F5
:044EA100103BC409F5
:044EA200907029449F
:044EA3002AC9569929
:044EA400800018E88A
:044EA500049144C967
:044EA60058091A602D
:044EA700001018A639
:044EA8001034EAE3F5
:044EA900509700021C
:044EAA00112E9BB07A
:044EAB0004A300015B
:044EAC00180A502070
:044EAD002834151977
:044EAE002944000291
:044EAF0055419AC00F
:044EB0000002883440
:044EB1000300603466
:044EB200030068345D
:044EB3008C44015DCD
:044EB400803B99C0E6
:044EB500000158049C
:044EB600140063047D
:044EB70014206B4414
:044EB80080007814EA
:044EB9004C0282E045
:044EBA00380250A0CA
:044EBB00001114A32B
:044EBC0000101426A8
:044EBD00ECA34251CF
:044EBE003EE8283B67
:044EBF006A88C9FC38
:044EC00004200013B7
:044EC100747B4A1F95
:044EC200C408002000
:044EC3005814FA2065
:044EC400580265200B
:044EC500800030A891
:044EC600900058A858
:044EC700800018A8A7
:044EC800900030A87E
:044EC900000110E6EE
:044ECA00009800A2AA
:044ECB00383B303B05
:044ECC000020103B77
:044ECD000020C412EB
:044ECE0004E0C41325
:044ECF00A0E048C354
:044ED00068E058033B
:044ED10000E858039A
:044ED20018E890004C
:044ED30004E2800075
:044ED400A8DC002630
:044ED50034A00020E5
:044ED600AD608D60DE
:044ED70030A0CCA596
:044ED80035608E0CA7
:044ED9003D7B8E315E
:044EDA000002A9AC7D
:044EDB00683600E055
:044EDC00001C056A47
:044EDD00001F158C11
:044EDE0098E006CB87
:044EDF009CC44C0320
:044EE00090E000015D
:044EE10090CC580316
:044EE2001CE60FFFBC
:044EE300AAE3000C32
:044EE4004699C48B9C
:044EE50001E0CFCB4E
:044EE600948C4A2737
:044EE70090E0FFFF59
:044EE8002EC9580374
:044EE9008E2030E007
:044EEA00000219ACFD
:044EEB0012E016EBD0
:044EEC0012604C0202
:044EED000CEB38038F
:044EEE0033B707557A
:044EEF0010E00000CF
:044EF00005755802EA
:044EF1002000420457
:044EF20000047384C1
:044EF300FF3C7A22E4
:044EF400003BE38319
:044EF5000002103473
:044EF6009BC820979E
:044EF700290B035B25
:044EF80000136A88B1
:044EF900006431140C
:044EFA00800019A873
:044EFB0048A2016068
:044EFC00FF1F18DF9D
:044EFD002689C48BB3
:044EFE00900011A867
:044EFF000024211456
:044F000080001128F4
:044F0100109FAB59F9
:044F02000160FF8FBC
:044F0300254948856F
:044F040090002928C8
:044F0500003BE00984
:044F060021141763F8
:044F0700112801204C
:044F08001D9980006F
:044F0900FF03109FF3
:044F0A0011282C89B5
:044F0B00E009900029
:044F0C00BE4829BBB7
:044F0D00003B001352
:044F0E000002103459
:044F0F009924188E3B
:044F100020E6103B4C
:044F11000D2B00075D
:044F120020A6049140
:044F130086D900102B
:044F1400FE9BF123EC
:044F1500003BE00974
:044F160087A9FFE187
:044F170029F321B3A6
:044F180080001034D1
:044F19000040112A19
:044F1A00C41400209B
:044F1B001A80031BDA
:044F1C0019930012D3
:044F1D0080001034CC
:044F1E00003210EA63
:044F1F0019D3153B52
:044F2000149904914B
:044F210000F3E6D9DA
:044F22001D731233B6
:044F2300103419939A
:044F240010E2800017
:044F2500151E062A25
:044F2600C48B002018
:044F2700203B14A374
:044F280000121A80D9
:044F29003643A8D390
:044F2A00001FA004C0
:044F2B00209BF7C30D
:044F2C00029BF98368
:044F2D004C02A0A0F2
:044F2E00127319934E
:044F2F0046AB0689FE
:044F300080001034B9
:044F3100004410EA3E
:044F32004A100520FC
:044F33000301103432
:044F3400D000108415
:044F35001414240923
:044F36001333012808
:044F3700800010A83E
:044F38001173248B42
:044F39000048141404
:044F3A00800018A833
:044F3B000108141441
:044F3C00800010A839
:044F3D00212E2153AD
:044F3E001723000332
:044F3F001A5310D31E
:044F4000580210E023
:044F4100A50410F3C0
:044F4200F003000177
:044F43000340803473
:044F440010A0F8833E
:044F450000AACCA54D
:044F460008CB01464D
:044F47000002A804B8
:044F4800E4152560E7
:044F490000682414C4
:044F4A002128237384
:044F4B00211F8000A2
:044F4C002C14FFDF43
:044F4D00216800686F
:044F4E002414900097
:044F4F0023B3006028
:044F5000800029288C
:044F510000013566C0
:044F520048E401A08E
:044F5300FF7F295F54
:044F54002C142B09E5
:044F5500216800606F
:044F5600241490008F
:044F570023F3005CE4
:044F5800800021288C
:044F5900FF7F211F96
:044F5A00005C2C14B7
:044F5B009000216839
:044F5C0026978BA366
:044F5D000D2B848410
:044F5E008488269786
:044F5F004B012A13C5
:044F60000000A9376D
:044F610004CB0CA3CE
:044F620000DA00A2CF
:044F6300CCC610E0C8
:044F6400141411739D
:044F650010A801206F
:044F66001473800040
:044F670000641414BA
:044F6800800010A80D
:044F6900141414B355
:044F6A0010A8002467
:044F6B001834800076
:044F6C0018C4000263
:044F6D00B0D79B908E
:044F6E009C14002867
:044F6F0014F3012412
:044F7000A01605A0E2
:044F71000001B58402
:044F7200800014E8BF
:044F7300482405A029
:044F7400FF70109F1B
:044F7500253328892F
:044F76000001109492
:044F7700900014E8AA
:044F780000A2A4D51A
:044F7900200400848C
:044F7A0043807530CB
:044F7B0011530000CE
:044F7C0010A6883BB8
:044F7D0016330001E6
:044F7E0000A011532B
:044F7F001673800223
:044F800012F330BD3B
:044F810030FD145992
:044F8200049524C1AD
:044F8300035000AA2D
:044F840000012834CC
:044F85002944999B87
:044F8600353D7CE059
:044F870000166100AF
:044F8800800014E8A9
:044F890048A30460D5
:044F8A00FFCF109FA6
:044F8B0010942689CF
:044F8C0014E8001015
:044F8D0011D39000AC
:044F8E0000AA448BA6
:044F8F0034BD0450D9
:044F9000C417002022
:044F91002D530895FF
:044F9200BDC41DFB82
:044F9300292A0001C6
:044F94001DE60442D0
:044F95002491001350
:044F9600157BEAE3BA
:044F97007FE107A906
:044F98000001A80468
:044F9900049BD7C3DB
:044F9A002004E4C348
:044F9B00EF432710A9
:044F9C00F203025BBF
:044F9D001DB3031B22
:044F9E0000003EC011
:044F9F0018AB1D939B
:044FA0008484269748
:044FA10022130F2B9D
:044FA2008488169752
:044FA30038512881D8
:044FA400203B08B5F1
:044FA5000683029BE2
:044FA6001DB3203BDC
:044FA70000003EC008
:044FA80000AA1D93AB
:044FA9001413039644
:044FAA00800010A8CB
:044FAB0000A2C48B11
:044FAC001697038AC7
:044FAD0000AA84844E
:044FAE00221301BC0D
:044FAF008488169745
:044FB00024442881EC
:044FB10008B5000639
:044FB200103B031B92
:044FB300E1682C1372
:044FB400E70C800086
:044FB5002C1400FFB9
:044FB6002968013431
:044FB700CB4B800060
:044FB8000196072235
:044FB900848416973F
:044FBA001A130EAB0D
:044FBB008488169739
:044FBC001C442681EA
:044FBD0006B500062F
:044FBE0011530A631E
:044FBF00000310AE2D
:044FC000025C00A2ED
:044FC1001A5310D39C
:044FC200243B283B29
:044FC30010F3268938
:044FC400883B1453BF
:044FC500CCE230A06A
:044FC6000013C18093
:044FC7001C9314D350
:044FC8008499243B69
:044FC900CCE528E02B
:044FCA000038108C0F
:044FCB00580528A0BD
:044FCC000013BE40D0
:044FCD0010A8139382
:044FCE0005608000FA
:044FCF00109F48E304
:044FD0002689FF7FB0
:044FD10010E81B9336
:044FD20013D3900065
:044FD300800010A8A2
:044FD40048E304604A
:044FD500FF7F109FAB
:044FD6001BD326893A
:044FD700900010E84E
:044FD80010A81353B7
:044FD9001B538000E6
:044FDA00002010940F
:044FDB00900010E84A
:044FDC00800014E855
:044FDD00109F1D13F1
:044FDE002689FF41E0
:044FDF00900014E842
:044FE000032C056A2F
:044FE100B08C11D3AC
:044FE20005AA00011B
:044FE300141400148E
:044FE40010A8010C04
:044FE500B80480008C
:044FE600448B0001F7
:044FE700A01600A070
:044FE800103432ABA4
:044FE900109700021B
:044FEA0000A29BB8CE
:044FEB002004030893
:044FEC004380733C4F
:044FED00106B000045
:044FEE0001001C148E
:044FEF00800010E846
:044FF0000008109411
:044FF100900010E834
:044FF20001F42004A2
:044FF30000004380F7
:044FF400C4170020BE
:044FF50080001CE834
:044FF6000001145C46
:044FF700FFFE18DFC2
:044FF80014E826890A
:044FF90005E290003D
:044FFA00200400226D
:044FFB00438001F4FA
:044FFC00106B000036
:044FFD000100841417
:044FFE0080001428F3
:044FFF00FFF7109F09
:0450000090001428E0
:0450010003E820049C
:0450020000004380E7
:0450030080A01697DC
:0450040014E814A3F5
:0450050005A0800082
:04500600109F48D6D9
:04500700B0A0FFBF97
:0450080014E858024E
:0450090011D390002F
:04500A00B8A0348B8B
:04500B0032A3580272
:04500C0080A01697D3
:04500D00C3802CA38D
:04500E008491001376
:04500F000012152254
:045010000002103456
:04501100108E02DB20
:04501200A0E099265B
:0450130006894C03BB
:04501400131310A3BF
:04501500800010A85F
:04501600109F1B13B9
:0450170010E8FF009E
:04501800056290009D
:04501900169702568E
:04501A0000A080A0D2
:04501B00A0A08002CF
:04501C0018D34C0257
:04501D00031B91439D
:04501E002889CA43D0
:04501F00FE7800A275
:04502000800014E810
:04502100FF7F109F5E
:04502200900014E8FE
:0450230000AA1113BB
:045024002F2000DE5B
:04502500C48BC00276
:04502600C41C2F2057
:04502700103460AB36
:0450280010970002DB
:0450290000AA9BB886
:04502A00129300D20B
:04502B0000E0173258
:04502C0000D600EAC0
:04502D0000A21113B9
:04502E00900400BC2E
:04502F0090E0FFFF0F
:0450300004A0C41202
:045031001DB3484221
:0450320010842AFDBF
:045033002681006072
:04503400FFB43097FE
:04503500243B2C7B71
:04503600C18035F30D
:0450370011530013FE
:0450380010A61D930E
:0450390000A20003CE
:04503A0035D300AAC0
:04503B00D341035BFF
:04503C00C180243BD0
:04503D0012D3001377
:04503E00029D1D931F
:04503F002113029B9C
:045040000094012AAD
:04504100A00400E0E7
:04504200012A08A394
:0450430095C4017699
:045044002034FFFF16
:045045002917000225
:0450460001629BB8B0
:04504700071B0084BF
:04504800E40425E077
:045049000088249225
:04504A00015600AA61
:04504B00484204A033
:04504C0026DB2B3DF7
:04504D00006010846B
:04504E0020972881FE
:04504F0090E0FFB43A
:045050006363E403AF
:045051000001103416
:045052007CDC10846E
:0450530010B3207303
:045054003DBB183315
:045055002D3B347B40
:0450560002352004FB
:04505700000047000E
:04505800A49112D33A
:04505900046A12F3E0
:04505A000020FD062F
:04505B00B883C4153D
:04505C00C002E1604D
:04505D009004E403D4
:04505E00E843000122
:04505F0010AB11136E
:04506000FFFF95C4F5
:04506100601290E069
:045062000020E683C1
:04506300E643C4124A
:04506400E5C390FB15
:04506500ECC3029BFB
:04506600FFFF25C45F
:04506700A004192068
:04506800203BECC33A
:045069001034EF43CD
:04506A0010840001AD
:04506B00F3837CD877
:04506C0000071DB666
:04506D00009200E2CB
:04506E000001B58404
:04506F00800014E8C1
:04507000482305A02C
:04507100FFF1109F9C
:0450720014E826898F
:045073002004900085
:0450740043807530D0
:04507500029B00009A
:0450760000011C8495
:04507700C41C002035
:04507800FE9B113357
:04507900E2B334C1A9
:04507A0000AA111364
:04507B00182000B247
:04507C00C48B60027F
:04507D0014D95CAB3B
:04507E002AFD1DB337
:04507F000060108439
:0450800030972681BE
:045081002C7BFFB4D1
:04508200C180243B8A
:0450830020040013F2
:04508400438001F470
:0450850014E800002B
:045086001094800002
:0450870014E80080A9
:045088002804900068
:04508900203B13882D
:04508A0000003C40A6
:04508B00C3502814D2
:04508C003C40031B86
:04508D001D9300006F
:04508E00012CE414F9
:04508F00800017285E
:0450900000AAC48B23
:04509100203BFC2E96
:045092003DC4900386
:0450930091E2FFFFA8
:04509400039B007604
:04509500243B2C7B11
:045096000013C180C2
:0450970000021034CF
:045098009BB810971A
:04509900103440A3EC
:04509A00108400017D
:04509B0010B37CDCF6
:04509C001073029BF0
:04509D003DBB1033D4
:04509E002D3B347BF7
:04509F000275200472
:0450A000E293DB4379
:0450A10000A2111345
:0450A200029BFF5816
:0450A300183BEAC309
:0450A4000013B80439
:0450A50001301414AE
:0450A600013302B31D
:0450A700E9031433D2
:0450A8006002B8E00A
:0450A9001034E98353
:0450AA00108400016D
:0450AB00F7C37CD8F3
:0450AC00C416002006
:0450AD0020049D83BB
:0450AE009EC3251C5C
:0450AF00B5C3029BE8
:0450B0000010151EB9
:0450B100F9D200022E
:0450B200FE9400A2C6
:0450B300003BF0834B
:0450B400219BCD214E
:0450B500283B813BD8
:0450B600628026FBF3
:0450B700103400169B
:0450B800142280003E
:0450B9003E9B00EC2E
:0450BA0012E01D43A0
:0450BB0081E04C073D
:0450BC0000EA3803CB
:0450BD00442A009AE7
:0450BE005A9900C239
:0450BF0058054960E7
:0450C000012419545A
:0450C100800018E86B
:0450C200004018CCC6
:0450C300008000EA7F
:0450C4000044195437
:0450C500800020E85F
:0450C600800018E866
:0450C7000040315420
:0450C800800069A853
:0450C900003C315422
:0450CA00800071A849
:0450CB00000C315450
:0450CC00800061A857
:0450CD000014315446
:0450CE00800031A885
:0450CF000048295418
:0450D00080002968CB
:0450D10000802B8CA4
:0450D2002B602D63BF
:0450D3001163CC8316
:0450D40000012B0CA0
:0450D50029A0216B82
:0450D600296ECC4132
:0450D7001763000358
:0450D8000007210CA0
:0450D9000005292E77
:0450DA0018E00D636A
:0450DB0028E6CCA354
:0450DC000162000568
:0450DD0044200088E3
:0450DE0016D1A00344
:0450DF002E4916D967
:0450E000D8E046D1FD
:0450E10020D7C4030D
:0450E2002F09FFF0A3
:0450E300FFF020F7C3
:0450E40050BA049129
:0450E500626BFF54A7
:0450E6009EC496FBD3
:0450E700803B0010FA
:0450E8000000249709
:0450E900035B092B31
:0450EA000013C5806A
:0450EB00948424097C
:0450EC0094E2000446
:0450ED006409FFEA69
:0450EE004D210289C5
:0450EF00034028341E
:0450F000212EE7C3C3
:0450F100072300048D
:0450F200000418EEB0
:0450F30002DBF5C324
:0450F400103BF54335
:0450F50080001834EB
:0450F60000181C2260
:0450F7000020500441
:0450F8000301483434
:0450F9005804883B94
:0450FA00403400013D
:0450FB004A448000A3
:0450FC00F3C3D0002A
:0450FD00001050044B
:0450FE00803BFCC334
:0450FF004422F7034D
:0451000006DBFFC00B
:04510100003BEEC3BE
:0451020018342D2B05
:04510300103B030159
:0451040018C4039B2D
:0451050011A0841859
:0451060009494C0502
:045107005A99116B35
:045108003968274992
:0451090007E3800038
:04510A0080A03E97AC
:04510B000491F5EB2B
:04510C00001028A6C1
:04510D00E009E16371
:04510E00031BC82196
:04510F0000154080C7
:045110000400103453
:0451110004041084FE
:04511200800010A861
:0451130000028834DA
:045114000200188CF1
:045115009B908C449B
:045116001C570CEB2B
:0451170018D4004860
:045118001C770800F8
:04511900468B004879
:04511A001C570CEB27
:04511B0018D400485C
:04511C001C771000EC
:04511D00868B004835
:04511E001C570CEB23
:04511F0018D4004858
:045120001C772000D8
:0451210010A0004892
:045122001834CD8AE6
:0451230020E804007C
:0451240018A6842025
:045125007CE3000621
:045126001834303BCE
:0451270080E8040018
:04512800283484247F
:045129008691040067
:04512A00294416D925
:04512B003AC1042859
:04512C00800090E887
:04512D00C41234A0D4
:04512E00E4109420D5
:04512F0018AE90190D
:045130000011000367
:0451310018AE52E37F
:0451320066E300062A
:04513300000110A6C1
:04513400072B26A37C
:045135003E80031B9A
:04513600143E00150E
:0451370006A3000EBD
:045138003E80031B97
:0451390084A8001531
:04513A0024BB9034CE
:04513B000014E90073
:04513C00040018341F
:04513D00942810E8BA
:04513E000400103425
:04513F0018A83EDB93
:04514000C455940CB2
:04514100000210AEAA
:04514200203B3AA331
:04514300C81C3EE85E
:04514400001540888A
:04514500F043313BC7
:04514600051B072B13
:0451470000153E8091
:0451480024BB2C3B1D
:045149000014FE4010
:04514A000400183411
:04514B00943010E8A4
:04514C002C3BF8C33D
:04514D0006C024BBB9
:04514E0018340015FC
:04514F0010E8040060
:04515000F683943C12
:04515100003B4821B6
:045152008034C06184
:0451530084040400CC
:045154003E9B040C6E
:04515500900014288A
:045156000014E6401B
:045157000400183404
:04515800942810E89F
:045159000014FD0041
:04515A000400183401
:04515B00943010E894
:04515C0000150540F5
:04515D0004001834FE
:04515E00943C10E885
:04515F001428809BF5
:045160001034900077
:04516100180404002A
:0451620018A8015533
:04516300303494044C
:045164000033000113
:045165003184383B1E
:04516600035B44386B
:04516700AD40203BFC
:0451680010340016E9
:04516900049100802D
:04516A00B80000A0E9
:04516B004061103B54
:04516C008034C021AA
:04516D0084040002B4
:04516E00F9809B9099
:04516F000300001425
:0451700009400015DD
:0451710022A3001560
:0451720010A6C415AA
:0451730006A300038C
:045174004080203B1C
:0451750044000015DD
:04517600C415001547
:04517700000310A67B
:04517800203BD8A35D
:04517900001540805D
:04517A004021FA03D3
:04517B0000021034EA
:04517C009B90108470
:04517D0006E3A6950A
:04517E0002EB969515
:04517F00E009B8B5D6
:0451800004001034E3
:045181000530108461
:04518200800018A8E9
:04518300000818D434
:04518400900018A8D7
:04518500800018A8E6
:04518600FFF818DF37
:04518700000418D434
:04518800900018A8D3
:04518900800018A8E2
:04518A00FFF718DF34
:04518B00900018A8D0
:04518C00003BE009FB
:04518D0000021034D8
:04518E009B9010845E
:04518F001AEB9695EC
:0451900016A3649569
:04519100813BC0217D
:0451920027102004BE
:0451930000155A00A9
:045194003EE8243B92
:04519500A7C8C804DB
:04519600E009001319
:045197008034D0216F
:045198008404000289
:04519900A4159B902E
:04519A0001AC00AABA
:04519B0000021034CA
:04519C009BD01097FD
:04519D00000C108C66
:04519E00000C10AE43
:04519F00019800A2D1
:0451A00000A27415E0
:0451A100213E019218
:0451A200F4150002FE
:0451A30000B601222F
:0451A4000440108C27
:0451A500018000AADB
:0451A60000153B8035
:0451A700017800AAE1
:0451A800C41400200B
:0451A900108CF4155D
:0451AA000CA304400E
:0451AB000044141791
:0451AC00001010B42B
:0451AD00004414376F
:0451AE003A00203B68
:0451AF00031B0015C9
:0451B000A01100A0AA
:0451B10000153A00AB
:0451B200A00200A0B7
:0451B30004001834A8
:0451B400049102510F
:0451B5000C3018C4DE
:0451B600800090E8FD
:0451B70000401C1781
:0451B800692338CB64
:0451B90038138CA07B
:0451BA00A0138CE0D2
:0451BB0062E346CB9A
:0451BC00381114A0F2
:0451BD00A0111460C9
:0451BE0058028CE027
:0451BF00011400AA2D
:0451C0000003203494
:0451C1000D40210478
:0451C20000155A007A
:0451C30000D004EA2A
:0451C4000042052A76
:0451C500040010349E
:0451C6000C00108445
:0451C700800018A8A4
:0451C800001018F4C7
:0451C900900018A892
:0451CA002000283465
:0451CB002000294453
:0451CC004E00031B73
:0451CD0008AB00002B
:0451CE000004203485
:0451CF0000153E8009
:0451D00000A00462D5
:0451D100A0041A43D9
:0451D200EB030001EA
:0451D300C4130020E1
:0451D400883BF343DE
:0451D5002034F4434B
:0451D600303404006D
:0451D7002834001068
:0451D800210400109E
:0451D90062400C0024
:0451DA001417001591
:0451DB0010940040EC
:0451DC001437000480
:0451DD00206B004003
:0451DE000400203475
:0451DF000040303428
:0451E000004028342F
:0451E1000C00210499
:0451E2000015624012
:0451E300004014175D
:0451E400000810941B
:0451E500004014373B
:0451E600004014175A
:0451E7001AA3648B18
:0451E8000001148C22
:0451E900200414ABDF
:0451EA004700013742
:0451EB001417000095
:0451EC0010940040DB
:0451ED001437001063
:0451EE001417004052
:0451EF00848B00406D
:0451F000948C56A3A2
:0451F10004AA00020A
:0451F2002004004E47
:0451F3004700013F31
:0451F400141700008C
:0451F50010940040D2
:0451F600143700204A
:0451F700070300406A
:0451F800FF94052AF1
:0451F900040010346A
:0451FA000C00108411
:0451FB00800018A870
:0451FC00004018F463
:0451FD00900018A85E
:0451FE002000283431
:0451FF0040002944FF
:045200004E00031B3E
:0452010010AB0000EE
:045202000004203450
:04520300C87C3EE83D
:0452040000153E88CB
:04520500FF80052AF7
:04520600003B5021F8
:04520700031B8021E4
:04520800001465C069
:045209000021103B35
:04520A00203BC02164
:04520B0000028034E9
:04520C00001465C065
:04520D009B908404EA
:04520E001CA3A41524
:04520F0040012834FE
:0452100080002944AD
:045211004E00031B2D
:0452120008AB0000E5
:04521300000420343F
:0452140000153E80C3
:04521500C435049BFD
:045216004021103BE8
:045217008034C421FA
:04521800893B0400CA
:045219000C008404FD
:04521A0080001428D4
:04521B00002010B4AB
:04521C0090001428C2
:04521D003A00051B33
:04521E000460001513
:04521F0088A2A011B0
:045220005100000435
:045221001C28001332
:0452220010348000C4
:0452230010970002DE
:0452240018FF9BB420
:0452250000A0FFDF07
:0452260010AC4AA2DC
:0452270026890020B4
:0452280090001428B6
:04522900003B4421E1
:04522A00051B8021BF
:04522B0000153A0030
:04522C00103410AB7F
:04522D0010970002D4
:04522E0006A39BB880
:04522F0085C0203BDB
:04523000103B00141B
:04523100003B00211D
:045232000002103432
:045233009BB8189775
:04523400040010342E
:045235000C001084D5
:04523600802134EBB4
:04523700800018A833
:04523800FFB020346F
:04523900FFF7210456
:04523A0018D408C9B3
:04523B0018A80008A7
:04523C002834900082
:04523D0029442000E0
:04523E00031B080046
:04523F0000004E001D
:0452400020341AAB51
:045241003EE800043F
:045242003E88C800DA
:0452430018A8001592
:0452440018D48000FA
:0452450018A800089D
:04524600E0099000EB
:04524700003B002107
:04524800051B8021A1
:0452490000153A0012
:04524A008C8004A3AD
:04524B001034001407
:04524C0010970002B5
:04524D003CAB9BB823
:04524E003A00051B02
:04524F0034AB001567
:045250003A00031B02
:045251002CAB00156D
:045252000400103410
:045253000C001084B7
:04525400800018A816
:04525500FFBF18FF80
:04525600900018A804
:0452570020002834D7
:0452580010002944D5
:045259004E00031BE5
:04525A0008AB00009D
:04525B0000042034F7
:04525C0000153E807B
:04525D000021103BE1
:04525E00051B80218B
:04525F0000153A00FC
:045260008C8004AB8F
:04526100103B0014EA
:04526200003B0021EC
:0452630004001034FF
:045264000C001084A6
:04526500800018A805
:04526600FFFB18DF53
:04526700900018A8F3
:04526800800018A802
:04526900FFFE18DF4D
:04526A00900018A8F0
:04526B00800018A8FF
:04526C00FFFD18DF4B
:04526D00900018A8ED
:04526E00003BE00918
:04526F00051B80217A
:0452700000153A00EB
:0452710098C004A33A
:04527200103B0014D9
:04527300003B0021DB
:04527400051B802175
:0452750000153A00E6
:0452760098C004AB2D
:04527700103B0014D4
:04527800003B0021D6
:04527900051B802170
:04527A0000153A00E1
:04527B00103414AB2C
:04527C001084040096
:04527D0018A80C0061
:04527E0018DF8000B5
:04527F0018A8FFF775
:045280001034900056
:045281001084000293
:04528200A6959B90C2
:0452830094950AE311
:04528400031B06AB57
:045285000012CDC086
:045286006340031B63
:04528700103B0014C4
:04528800003B0021C6
:0452890004001034D9
:04528A001084C021AB
:04528B0010A8053032
:04528C0010AE8000E0
:04528D0004A3000472
:04528E0000146000A8
:04528F000400803463
:045290000C00840486
:04529100800014285D
:045292000002109472
:04529300900014284B
:04529400800014285A
:045295000001109470
:045296009000142848
:0452970027102004B8
:0452980000155A00A3
:045299008000142855
:04529A000004109468
:04529B009000142843
:04529C00003B402172
:04529D00051B80214C
:04529E0000153A00BD
:04529F00A24004A382
:0452A000203B00149B
:0452A10000145EC0D7
:0452A2000021103B9C
:0452A300051B802146
:0452A40000153A00B7
:0452A500A24004AB74
:0452A600203B001495
:0452A70000145EC0D1
:0452A8000021103B96
:0452A900051B802140
:0452AA0000153A00B1
:0452AB00103414ABFC
:0452AC001084040066
:0452AD0018A80C0031
:0452AE0018DF800085
:0452AF0018A8FEFF3E
:0452B000283490000E
:0452B1005B5140000D
:0452B2004E00031B8C
:0452B30008AB000044
:0452B400000420349E
:0452B50000153E8022
:0452B6008000283418
:0452B7000012294474
:0452B8004E00031B86
:0452B90008AB00003E
:0452BA000004203498
:0452BB0000153E801C
:0452BC0016B7029B84
:0452BD00103B80A082
:0452BE00003B002190
:0452BF00051B80212A
:0452C00000153A009B
:0452C100103414ABE6
:0452C2001084040050
:0452C30018A80C001B
:0452C40018D480007A
:0452C50018A8010024
:0452C60028349000F8
:0452C7002944400036
:0452C800031B0012B2
:0452C90000004E0093
:0452CA00203408ABD9
:0452CB003E8000041D
:0452CC00283400156D
:0452CD005B518000B1
:0452CE004E00031B70
:0452CF0008AB000028
:0452D0000004203482
:0452D10000153E8006
:0452D2005EC0203B5F
:0452D300200400149F
:0452D4004700020E7F
:0452D500103B00008A
:0452D600003B002178
:0452D700051B802112
:0452D80000153A0083
:0452D9000002183483
:0452DA009BB818D78E
:0452DB0006A3268977
:0452DC0085C0031B6B
:0452DD00103B00146E
:0452DE00003B002170
:0452DF00051B80210A
:0452E00000153A007B
:0452E100103420ABBA
:0452E2001084040030
:0452E30018A80C00FB
:0452E40018D480005A
:0452E50018A8007095
:0452E60018A8900074
:0452E70018D4800057
:0452E80018A8008082
:0452E90028349000D5
:0452EA002944400013
:0452EB00031B04009D
:0452EC0000004E0070
:0452ED00203408ABB6
:0452EE003E800004FA
:0452EF00103B00155B
:0452F000003B00215E
:0452F1000002103473
:0452F2009BC41097B2
:0452F30034A3448B11
:0452F400283B8021B2
:0452F500A8C0203BF2
:0452F600283B00143D
:0452F7009E40203B7A
:0452F800283B00143B
:0452F900B7C0203BDF
:0452FA00031B00147E
:0452FB00001465C076
:0452FC00203B283BF0
:0452FD000014828097
:0452FE00203B283BEE
:0452FF000014AFC028
:045300000021103B3D
:04530100E009103B74
:04530200051B8021E6
:0453030000153A0057
:04530400103420AB96
:04530500108404000C
:0453060018A80C00D7
:0453070018DF80002B
:0453080018A8FF7F63
:0453090018A8900050
:04530A0018DF800028
:04530B0018A8FF8F50
:04530C00103B9000C2
:04530D00003B002140
:04530E00283B802197
:04530F00AA40203B55
:04531000283B001422
:04531100C080203BFD
:04531200283B001420
:045313009780203B24
:04531400283B00141E
:045315009D00203B9C
:04531600103B001434
:04531700003B002136
:04531800051B8021D0
:0453190000153A0041
:04531A00103414A394
:04531B0010840400F6
:04531C0018A80C00C1
:04531D0018DF800015
:04531E0018A8FFF7D5
:04531F0010349000B6
:0453200010840002F3
:04532100A6959B9022
:0453220094950AE371
:04532300051B06ABB5
:045324000012CDC0E6
:045325006340051BC1
:04532600031B001451
:0453270000145EC050
:045328000021103B15
:04532900051B8021BF
:04532A0000153A0030
:04532B00103414A383
:04532C0010840400E5
:04532D0018A80C00B0
:04532E0018D480000F
:04532F0018A80100B9
:04533000283490008D
:045331006B5140007C
:045332004E00031B0B
:0453330008AB0000C3
:04533400000420341D
:0453350000153E80A1
:045336008000283497
:04533700031B7B5188
:0453380000004E0023
:04533900203408AB69
:04533A003E800004AD
:04533B00203B0015FE
:04533C0000145EC03B
:04533D0002DA20046C
:04533E000000470024
:04533F000021103BFE
:04534000813BC421C8
:04534100897B051B44
:0453420000153A0018
:04534300103420A35F
:0453440010840400CD
:0453450018A80C0098
:0453460018D48000F7
:0453470018A8007032
:0453480018A8900011
:0453490018D48000F4
:04534A0018A800801F
:04534B002834900072
:04534C002B514000A1
:04534D004E00031BF0
:04534E0008AB0000A8
:04534F000004203402
:0453500000153E8086
:04535100243B2C7B52
:045352000014CA4039
:045353004421103BA6
:04535400000210340F
:045355009BB410975E
:0453560006AB802101
:04535700BF00051B73
:04535800051B00121F
:0453590000153A0001
:04535A00103414A354
:04535B0010840400B6
:04535C0018A80C0081
:04535D0018DF8000D5
:04535E0018A8FEFF8E
:04535F00283490005E
:045360007B5140003D
:045361004E00031BDC
:0453620008AB000094
:0453630000042034EE
:0453640000153E8072
:045365008000283468
:045366000044294492
:045367004E00031BD6
:0453680008AB00008E
:0453690000042034E8
:04536A0000153E806C
:04536B0016B7029BD4
:04536C00103B80A0D2
:04536D00003B0021E0
:04536E00D5008021C5
:04536F00051B001406
:0453700000153A00EA
:04537100103420A331
:04537200108404009F
:0453730018A80C006A
:0453740018DF8000BE
:0453750018A8FF7FF6
:0453760018A89000E3
:0453770018DF8000BB
:0453780018A8FF8FE3
:04537900103B900055
:04537A00003B0021D3
:04537B0000021834E0
:04537C009B9018C426
:04537D00004810D7FD
:04537E00004418D7F8
:04537F00268980619A
:045380004E1F188C18
:04538100188C1EE383
:0453820000E0B1E0B6
:0453830000E08003C3
:04538400108C4B63DB
:0453850026890FFF67
:04538600031B2EFBDC
:045387000AC0103315
:0453880000610015AB
:0453890010001834C4
:04538A00003BFD03E4
:04538B00002080215D
:04538C0000370018CE
:04538D0000370000E5
:04538E00C017000440
:04538F0010340000D6
:0453900018040400F9
:0453910018A80084D4
:04539200103491182A
:0453930000A804006A
:045394001034910040
:0453950000A8040068
:04539600203B940420
:04539700001540803D
:045398000000000011
:0453990004001034C8
:04539A0010848021DA
:04539B0018A80C0042
:04539C0018EE800087
:04539D0008E32008F9
:04539E0020081804C7
:04539F00900018A8BA
:0453A0004CC0031BDF
:0453A10010340000C4
:0453A2001084000271
:0453A30000219ACC7F
:0453A400813BC42164
:0453A5005300031B93
:0453A60006150000E8
:0453A70018E088BBC7
:0453A8007AEBCDECE3
:0453A900000518EEF5
:0453AA00009E00E27F
:0453AB005300031B8D
:0453AC0088AA0000CB
:0453AD00283400148C
:0453AE00031B1000CD
:0453AF0000004E00AC
:0453B000203408ABF2
:0453B1003E80000436
:0453B200103400159E
:0453B3001084000260
:0453B40020979B9013
:0453B5002834046034
:0453B60007110002D9
:0453B700046018B7BF
:0453B8000C1519199E
:0453B900010018E6F1
:0453BA0031775B01EB
:0453BB0012E39BF06E
:0453BC00000218349F
:0453BD009FF000F766
:0453BE0004641897D4
:0453BF0018B706D144
:0453C00018970464D2
:0453C10020970048E9
:0453C20028C90044B2
:0453C30018970CEB40
:0453C40006EB046888
:0453C50018B70615FA
:0453C600143B046828
:0453C7000615442162
:0453C800000410EEDF
:0453C90010EE18A327
:0453CA000EA3000727
:0453CB00000318EED5
:0453CC00FF7800EA7C
:0453CD000014DEC02A
:0453CE00E2C0EE4308
:0453CF00161500149B
:0453D0000002103493
:0453D1009B9018B7DE
:0453D2000A15EC4389
:0453D3000001203481
:0453D4007EF821043A
:0453D5000515183B67
:0453D600003028A2D9
:0453D700103426D98F
:0453D800283B00016D
:0453D900109724C144
:0453DA00203B7EFCFA
:0453DB001034808981
:0453DC001084000237
:0453DD00A6959B9066
:0453DE00FF3000EAB2
:0453DF0018E60615B1
:0453E00000E2500493
:0453E10004DBFF26C4
:0453E200E403C6B565
:0453E30010E606D1F9
:0453E4003911001467
:0453E500FAC3C0A3A4
:0453E6008034C0212E
:0453E7008404000238
:0453E80034159B904D
:0453E900051B0AA3F3
:0453EA00001465C086
:0453EB004021103B12
:0453EC000400103475
:0453ED0005301084F3
:0453EE00800010A883
:0453EF00000410AEF8
:0453F000600004A3B2
:0453F100F41500149B
:0453F20000461094CD
:0453F300FB83F4350F
:0453F40016B7029B4B
:0453F50006B784B4BF
:0453F600169784B8CA
:0453F70006B7805025
:0453F800E00984B094
:0453F90084B81E97BF
:0453FA0084B41697CA
:0453FB00897BC421C5
:0453FC00000610FA9D
:0453FD003E80411B92
:0453FE0016970015E9
:0453FF00868484B864
:04540000249980501B
:0454010014952401D9
:04540200000888AA6C
:045403000080200401
:0454040000153E80D1
:0454050084B81697BA
:0454060084B41E97B5
:0454070016B704913F
:0454080018BA84B892
:04540900103B000252
:04540A0004012499DC
:04540B00442104151F
:04540C0084B01697BB
:04540D0084B81E97AA
:04540E00001418B2BC
:04540F001EB706912D
:045410000CA384B0B5
:04541100871B802154
:04541200000047004F
:045413000021103B29
:04541400E009103B60
:04541500031B8021D4
:0454160000120A80F6
:0454170000150F80ED
:04541800000210344A
:045419009B941097B9
:04541A00003B002132
:04541B00C021350572
:04541C0000028034D6
:04541D009B908404D8
:04541E000DC00CA30E
:04541F00049B0015D5
:045420001415C43566
:0454210010A6402170
:04542200F6A30001EC
:0454230000120C0067
:04542400003BFD83C9
:0454250010C0802112
:045426001034001529
:0454270010970002D8
:0454280004A39BA49A
:045429000011FF80EF
:04542A000021103B12
:04542B000001103438
:04542C007F981084D1
:04542D0068B59AB50F
:04542E00268428BBED
:04542F000B0880588E
:04543000003B00003D
:0454310080582684F5
:0454320000000988E5
:0454330080582684F3
:0454340000001D88CF
:0454350080582684F1
:0454360000001C084E
:0454370084C0169780
:04543800813BC021D3
:04543900211B06AB82
:04543A0000153E809B
:04543B0016B7029B03
:04543C0086B784C0EB
:04543D00402184BCCA
:04543E0006B780210C
:04543F00198084C08C
:04544000103B001508
:0454410084BC06B76A
:04544200003B00210A
:045443008034CE6182
:0454440084040002DA
:0454450022159B9001
:0454460016976463EE
:0454470010A684C067
:0454480066A3000156
:0454490000029EC4FB
:04544A000001283401
:04544B0029441D9B38
:04544C0024FB7D2C94
:04544D0000166100E4
:04544E0084BC9697ED
:04544F00002414978A
:0454500020044CAB3D
:045451003E80020097
:04545200219B001585
:045453000B3D283BAA
:04545400001662805C
:04545500000C14979C
:0454560000A320048B
:0454570016E7893398
:0454580099B30014F0
:045459000000470008
:04545A00093D2CBB21
:04545B0000002AC063
:04545C0022C024BB8B
:04545D00069B001595
:04545E0006B7C43594
:04545F00141784C0DA
:045460001094004064
:0454610014370001FB
:04546200103B0040BB
:0454630088344E61DA
:045464008C44040070
:04546500F643060004
:0454660000022034EC
:04546700319BCC2188
:045468002104283BB8
:0454690062809B784A
:04546A00180400160C
:04546B00103424587D
:04546C0020340002E6
:04546D0018B700026A
:04546E0090049B7497
:04546F0010340001F4
:04547000219B00027A
:045471002104283BAF
:0454720090B79B2C28
:0454730062809B7C3C
:045474009804001682
:045475001034000DE2
:04547600803400027C
:0454770020340002DB
:0454780084040002A6
:04547900045B9B2015
:04547A009B2098B724
:04547B001004219B5D
:04547C00283B122F88
:04547D009B48210423
:04547E00223514358A
:04547F000016628031
:0454800000022034D2
:0454810011101004F2
:04548200283B219B07
:045483009B64210401
:04548400001C9C3735
:0454850092358435A3
:04548600001662802A
:04548700044B1004BE
:04548800F435E235E0
:045489000040943714
:04548A00003B4C2176
:04548B009117FC2158
:04548C008034002048
:04548D008404000291
:04548E0004A09B7467
:04548F002415685226
:045490002C84993B94
:0454910000A2FFFC7A
:04549200641500C8D5
:0454930084911615D5
:04549400014610E2DB
:0454950028AA5415D8
:0454960020340008B6
:045497003E80000152
:04549800A83400151F
:045499008834000251
:04549A00AD4400021B
:04549B00B8349B1472
:04549C008C4400023A
:04549D00BDC49B20CF
:04549E00B57B9B74CB
:04549F000001A00464
:0454A0001415365554
:0454A100004410E2D1
:0454A20024BB0A55C8
:0454A30000157A4036
:0454A40026814655C2
:0454A50026551499DB
:0454A600C40214E048
:0454A7000030E0975A
:0454A80026815455B0
:0454A900002010BE11
:0454AA00203408A3FF
:0454AB003E8000013E
:0454AC00245500156E
:0454AD00A477565535
:0454AE0015200018AD
:0454AF001F204C026C
:0454B00084916C1C5B
:0454B1003802E0A03D
:0454B200000015776A
:0454B300001C8C4409
:0454B4000004AD44FF
:0454B500FFA88DE2DD
:0454B600161564154E
:0454B70010E28491EA
:0454B8002034002A72
:0454B900029B000250
:0454BA009B14211707
:0454BB00343524352B
:0454BC0000021034A6
:0454BD009B9010842C
:0454BE00004C20B7C7
:0454BF000004259729
:0454C000005020B7C1
:0454C1000008259723
:0454C200005420B7BB
:0454C300163506D1C3
:0454C40010347C2103
:0454C5001897000232
:0454C600031B9B74B5
:0454C70018C4683568
:0454C80000E0001FE1
:0454C9004A3568A256
:0454CA00203B039BE5
:0454CB00117A0F91B2
:0454CC00C90B0056B2
:0454CD006C35032B0C
:0454CE00103454350D
:0454CF0000B7000220
:0454D00001609B7C60
:0454D100103448A8A3
:0454D20000B700021D
:0454D30038349B7856
:0454D400103400028E
:0454D500108400023D
:0454D60039C49B201A
:0454D70030DF9B74B3
:0454D8001695FFE046
:0454D90021BB069D50
:0454DA00E411412078
:0454DB00002088FA2B
:0454DC000120C701E3
:0454DD0086D168A468
:0454DE0048B576CB8C
:0454DF00108456B52A
:0454E00038A2001CD2
:0454E100D843FFDCD1
:0454E20031FBAA816F
:0454E300F383031B31
:0454E40009113895DD
:0454E500247B38B537
:0454E6004415F9C3AD
:0454E700003BD703AC
:0454E800103417194C
:0454E9002136000266
:0454EA0024C10002D7
:0454EB009B14109767
:0454EC0010A60523DE
:0454ED00E0090003CF
:0454EE000002103474
:0454EF009B74108416
:0454F00008EB26950A
:0454F10000A034954E
:0454F200E00980024B
:0454F300E009103B81
:0454F400000210346E
:0454F5009B901084F4
:0454F6006909D695D5
:0454F700D6B508C955
:0454F80008C9E69564
:0454F900E009E6B52B
:0454FA000002103468
:0454FB009B901084EE
:0454FC0000441897B9
:0454FD0000482897A4
:0454FE0020B72709A3
:0454FF00292000441C
:04550000911B58059E
:045501000000470857
:04550200000210345F
:045503009B901097D2
:045504008034C0210E
:0455050010AC0002E4
:0455060084044000D9
:04550700C90B9B90A1
:04550800112B10ABA8
:0455090000150CC0BD
:04550A000002103457
:04550B009BC000B78A
:04550C00FD2340211A
:04550D0000150D4038
:04550E00C435029B03
:04550F00003BFE431C
:045510008834C421F6
:04551100031B100068
:045512000000530042
:04551300001A101A50
:04551400031B442110
:04551500000054C07E
:04551600400018AC8D
:04551700F61520EB7A
:045518002FFF10BF92
:04551900580210E044
:04551A00031BF43546
:04551B0000028034D6
:04551C000000530038
:04551D009B908404D7
:04551E00FFD6101A8A
:04551F0000920D03E6
:04552000F615000C70
:045521002FFF10BF89
:045522000689648909
:04552300A615FB438B
:0455240018AC50EB84
:045525004AEB20002D
:045526000800188CD5
:045527001C170CEB56
:0455280018DF004048
:045529001C37FFC369
:04552A00188C004099
:04552B000CEB100075
:04552C0000401C1708
:04552D00FFE718DF9D
:04552E0000401C37E6
:04552F002000188CB4
:045530001C170CEB4D
:0455310018D400404A
:045532001C3700041E
:04553300108C004098
:0455340096AB4000F2
:045535000040141707
:0455360000081094C5
:0455370000401437E5
:0455380088A2F10351
:04553900D415FF8402
:04553A000040188C89
:04553B00009C00EAE6
:04553C00868BD41571
:04553D00F6150EE36E
:04553E00800018CC05
:04553F00109406EBD3
:04554000D43500203E
:04554100068BD415EC
:04554200F61512E365
:045543000CEB16CB8C
:0455440000011094BE
:04554500D435111B2D
:0455460000153D000F
:04554700148BD415D8
:04554800F41518A39B
:0455490012AB348BE2
:04554A000011FB4011
:04554B00211BD41537
:04554C0000021094B5
:04554D003D00D43514
:04554E00D41500155B
:04554F0020E3468B84
:0455500086CBF615FB
:0455510010941AEBAD
:04555200D435000844
:04555300C31BE4157D
:0455540000081094A7
:045555003D00E435FC
:04555600051B00151C
:0455570000120A80B4
:04555800668BD41575
:04555900FEDE00E290
:04555A00B6CBF615C1
:04555B00FED600EA8E
:04555C000010109497
:04555D00E415D43548
:04555E001094051B85
:04555F00E43500101F
:0455600000153D00F5
:045561000A80091B98
:04556200D743001219
:0455630018CCF61555
:0455640000EA040055
:045565001094FF5A45
:04556600D4350040F8
:04556700003BEA43D8
:045568000000438874
:045569008034C021A9
:04556A0084040002B3
:04556B0030049B90DD
:04556C00283B046C68
:04556D006280243BF9
:04556E00029B001686
:04556F003740A435E8
:0455700010340000F3
:04557100108404009E
:0455720010A8040079
:0455730018A08000FC
:045574001EB7CDA8E9
:04557500968B8098F9
:0455760080941EB748
:045577000008009A8E
:04557800800020147B
:0455790000153E805B
:04557A004700E51BE6
:04557B005480000058
:04557C000C400014CB
:04557D00A6800015EF
:04557E00203B0013BB
:04557F000015408053
:0455800000145B00B8
:0455810000441417B7
:0455820000482C179A
:0455830025497F1B1C
:0455840000004700DC
:0455850000481417AF
:0455860000441C17AA
:0455870000A02689D1
:04558800402180023C
:04558900FFFF415C83
:04558A00FFFF423CA1
:04558B00D40901201E
:04558C003809426038
:04558D005809326027
:04558E00F4024920BA
:04558F00FFE400AA8B
:04559000140007E01C
:0455910040DB25AB2B
:045592001812BCC16E
:04559300196000108B
:0455940031204C0373
:045595005D496C02FE
:04559600197B2689CE
:04559700DD91E009B9
:045598006C02316010
:04559900197B283B17
:04559A00113BE009D8
:04559B00E009197B8F
:04559C00409B25AB60
:04559D001012AC81BB
:04559E0011200010C8
:04559F0031606C0209
:0455A0004D094C0362
:0455A100113B24C9CD
:0455A200DD91E009AE
:0455A3004C03312064
:0455A400113B203B5C
:0455A500113BE009CD
:0455A600E009197B84
:0455A7000042011AA3
:0455A8000152383B39
:0455A9007B49000634
:0455AA00000139DCE7
:0455AB0002DB313BB3
:0455AC000014217254
:0455AD0002DB409B42
:0455AE0022AB0043E9
:0455AF0084915B4147
:0455B000217A36C165
:0455B10016EBFFF402
:0455B20029BA103BC7
:0455B300EB81000484
:0455B40086D92689E5
:0455B500F2E38B5939
:0455B600748903EB06
:0455B700103BE009BC
:0455B8007909FEC3AC
:0455B900F74303DBD6
:0455BA00003A011A98
:0455BB00113B383B2D
:0455BC000002015296
:0455BD0002DB7B4949
:0455BE000014217242
:0455BF0002DB419B2F
:0455C0001FAB0043DA
:0455C1008D915B412C
:0455C200217A36C153
:0455C30012EBFFF4F4
:0455C40028BA86D9A2
:0455C500AA810002B5
:0455C600F4E38B5926
:0455C700748903EBF5
:0455C800113BE009AA
:0455C9007909FEC39B
:0455CA00F84303DBC4
:0455CB002172313BDD
:0455CC00015A00324E
:0455CD00409B002ED1
:0455CE0000C302DB39
:0455CF00015A22ABB0
:0455D0005B41000C2F
:0455D10036C18491CA
:0455D200FFF0217A4B
:0455D300103B12EB8C
:0455D400000429BAEC
:0455D5002689EB81B7
:0455D6008B5986D98E
:0455D700E009F2E312
:0455D800E009103B9B
:0455D900103B02DBA6
:0455DA00003BFCC3D3
:0455DB002172113BED
:0455DC00015A002E42
:0455DD00419B002AC4
:0455DE0000C302DB29
:0455DF00015A1FABA3
:0455E0005B41000C1F
:0455E10036C18D91B1
:0455E200FFF0217A3B
:0455E30086D90EEB6C
:0455E400000228BADF
:0455E5008B59AA81B3
:0455E600E009F4E301
:0455E700E009113B8B
:0455E800FD4302DBA2
:0455E9000F2B103B39
:0455EA008919070B09
:0455EB002A8102EB24
:0455EC00F5235B4107
:0455ED00E009E009E8
:0455EE00CE60196012
:0455EF00CE6011E099
:0455F00026D9D021C7
:0455F1006BB001A0FA
:0455F2006BA8012081
:0455F3000160249996
:0455F40061E06BF314
:0455F5008960CFFFFB
:0455F60039E0CFD4F5
:0455F7004B0CCFD4B6
:0455F800142000FF7C
:0455F9000120580530
:0455FA0001A0486B59
:0455FB001A20486AC0
:0455FC008E4158087C
:0455FD0001244CEA4F
:0455FE0000FC80121B
:0455FF00016201EA5A
:0456000007FF146626
:04560100024E00AAAB
:045602000080297487
:045603000039141640
:0456040002F000A20E
:045605000020141657
:0456060003B400A247
:04560700A081409BA3
:045608004C121160CF
:045609004C0312A09C
:04560A006C0482A00A
:04560B006C0281604C
:04560C00800300E037
:04560D00581224A06B
:04560E0058121CA072
:04560F00E408122079
:04561000E41292E02E
:04561100E00492E03F
:04561200E40422206A
:045613000080112CD6
:04561400019400AA53
:04561500007FA13F32
:04561600022C052A33
:045617005BC0253B14
:04561800BA9100162D
:04561900BAC140DBF7
:04561A006C031CA061
:04561B004C042D20EE
:04561C004C122CA060
:04561D00895A28C9B5
:04561E00D341022E44
:04561F001116095106
:0456200000A20020C4
:04562100409B013E6B
:0456220024A0A88197
:0456230014A06C055E
:0456240010E04C1234
:0456250020E04C0233
:0456260004A06C046C
:045627002A8980123A
:04562800581290A0E4
:04562900148C883B1A
:04562A0018AB0007B2
:04562B00000F148CCC
:04562C00000410AEB8
:04562D0014840EA330
:04562E0090A0000444
:04562F009120E012D4
:0456300090BBC40463
:045631000080112CB8
:04563200012400AAA5
:04563300142E0051E0
:04563400D00B07FF91
:04563500016600A268
:045636004BA2012062
:04563700687204A0F1
:04563800CEC321209C
:04563900580290A0E3
:04563A004A8304207B
:04563B004BF304E049
:04563C0098E028C901
:04563D00502158039D
:04563E000080042ABA
:04563F00046283C1BD
:045640005A20023AB0
:0456410000AA580261
:04564200841103804C
:04564300046400AA51
:0456440007FF8426B2
:0456450003D4042A5C
:04564600458380BB5D
:04564700019080123C
:04564800008601EAED
:0456490007FF1466DD
:04564A00012A00AA87
:04564B00008029743E
:04564C0000391416F7
:04564D0000E200A2D5
:04564E00002014160E
:04564F0002E600AAC5
:045650001C2ED41127
:0456510011600020C4
:045652000CE36C02F7
:04565300B0C180DB87
:045654004C0319608A
:04565500580A1AA035
:04565600801202A01C
:04565700581214A031
:045658005160180382
:0456590000AA580249
:04565A008411023A7B
:04565B00035800AA46
:04565C0007FF84269A
:04565D000384042A94
:04565E00D20380BB38
:04565F00108C045156
:0456600000A207FE9F
:045661005A2001F6D4
:045662005160580338
:045663000462580283
:0456640000EA03084D
:0456650000A203CAD2
:04566600022004001A
:04566700113F4BA301
:0456680002201FFFFE
:0456690026896867BF
:04566A0051600B433D
:04566B0000AA580237
:04566C008411032A78
:04566D0002F600AA97
:04566E0007FF842688
:04566F0003CA042A3C
:04567000ED8380BB8B
:04567100FFE12944E8
:045672000020112ED5
:045673006C0528E0BA
:04567400809B0AA36A
:0456750044C9A881FB
:0456760058121CA00A
:04567700801204A0F9
:0456780058122CA0F8
:04567900883B203B0F
:04567A000007148C85
:04567B00FEBC00A2CF
:04567C00686204A0BC
:04567D004BA301201A
:04567E00847BAF1961
:04567F001C2E26892E
:0456800060E307FFDD
:045681000420D00B26
:0456820004E04A8373
:0456830021FF4BF3C5
:0456840028C9000F22
:04568500580398E04E
:0456860051605021FE
:0456870004A0581211
:045688005CA0801290
:045689005CA0C4124B
:04568A004120E004D7
:04568B00112CC40416
:04568C00B4AB00803B
:04568D00146E025144
:04568E0000AA07FF68
:04568F00800401781A
:04569000042007FFEC
:0456910004E04A8364
:04569200203B4BF37B
:04569300103B28C9D7
:04569400580398E03F
:04569500022050217E
:0456960002204BA300
:04569700113F6867F0
:0456980026891FFF41
:04569900580338A0DA
:04569A00043400EAEA
:04569B0007FF800481
:04569C004A83042019
:04569D004BF304E0E7
:04569E00000821F4EB
:04569F00000F213F98
:0456A00098E028C99D
:0456A1005021580339
:0456A2005BC024BB0A
:0456A3002884001641
:0456A400195600187B
:0456A50000EA0020F7
:0456A600B691FDCAF2
:0456A7004C031CA0F4
:0456A800C412002008
:0456A900FDD2895253
:0456AA0020FF9A4102
:0456AB00BEC3FF7FFC
:0456AC0083C15C2B2F
:0456AD000154046A36
:0456AE0007FF11E6FB
:0456AF00024C00AAFF
:0456B0000080423400
:0456B1000039141692
:0456B200024E00A202
:0456B30000201416A9
:0456B400033E00A20F
:0456B500A081409BF5
:0456B6004C12122060
:0456B7006C0382E01E
:0456B8004C0212E0AE
:0456B9006C108220CF
:0456BA0058121CA0C6
:0456BB00800200A0C9
:0456BC00581214A0CC
:0456BD0054A0514163
:0456BE0054A0C4121E
:0456BF004B01E004B7
:0456C000E54389FB3A
:0456C10058125160CA
:0456C200801204A0AE
:0456C3000E51A6439B
:0456C40007FE11CC00
:0456C500013400A20A
:0456C60058025A200C
:0456C7000226046251
:0456C80002C000AA72
:0456C90058025160D2
:0456CA0002C600A272
:0456CB004BA20220CC
:0456CC001FFF213F5C
:0456CD0068670220E8
:0456CE00D90328894B
:0456CF0007FF11E6DA
:0456D00001A800AA83
:0456D10000804234DF
:0456D2000039141671
:0456D30000A200A28F
:0456D4000020141688
:0456D50001CC00A262
:0456D600A081409BD4
:0456D7004C1212203F
:0456D8006C0382E0FD
:0456D9004C0212E08D
:0456DA006C108220AE
:0456DB0058121CA0A5
:0456DC00800200A0A8
:0456DD00581214A0AB
:0456DE000FC3D141E4
:0456DF00E41252E09F
:0456E000E00292E072
:0456E100E4042A2093
:0456E200E41411209B
:0456E3000080152C02
:0456E40000E000A240
:0456E5005802A4A023
:0456E600FCBC00A266
:0456E7000020383B2C
:0456E800CC03C41318
:0456E9004BA30220AD
:0456EA001FFF113F4E
:0456EB0068670220CA
:0456EC00C9432689FF
:0456ED0004A0045BB6
:0456EE00771968229E
:0456EF000001948C96
:0456F000FF7F213FD8
:0456F100580290A02B
:0456F20010E0891922
:0456F3009AC35812EC
:0456F4001C2ED41183
:0456F5001160002020
:0456F6000CE36C0253
:0456F700B0C180DBE3
:0456F8004C031960E6
:0456F900580A1AA091
:0456FA00801202A078
:0456FB00581214A08D
:0456FC005A2089C3E4
:0456FD0004A058129B
:0456FE0092A08012E4
:0456FF0092A0E4127F
:04570000C941E004B7
:045701009B0C89FB79
:04570200880300FF19
:0457030058025A20CE
:0457040001B000AA46
:0457050000AA841161
:045706008426021AD9
:04570700042A07FF6A
:0457080080BB00EA78
:04570900409BD3C32B
:04570A001160A08109
:04570B0012A04C128A
:04570C0082A04C0328
:04570D0081606C0447
:04570E0000E06C0249
:04570F0024A080034F
:045710001CA058126F
:0457110012205812F8
:04571200BAC3C4084A
:0457130007FF11EE8D
:04571400FDEA00A208
:04571500C40352E097
:04571600E00B58E06C
:04571700C4022A207E
:04571800C40258A0CF
:045719004BF200A0AF
:04571A00889986D90B
:04571B001CA089FB4A
:04571C00AE835812EE
:04571D00E4125AA098
:04571E00E402416000
:04571F00E00392A071
:04572000E41418A0D5
:0457210000029A7B6D
:045722000160FBCE59
:0457230011BF4BA3C4
:04572400AF591FFF5B
:045725009A7B2689BC
:0457260000E2AC836E
:045727004CA301345A
:045728000010383401
:04572900FE9B8FD183
:04572A00C413002084
:04572B0052E0B7C3CE
:04572C002A20C41259
:04572D005CA0C402B6
:04572E004881E004CA
:04572F000080112CB9
:04573000FEF000A2E5
:04573100A403025B70
:04573200E41252E04B
:04573300E4022A2042
:04573400E00492E01B
:04573500025BC881CA
:04573600FB70000202
:045737004BA202205F
:045738001FFF193FF7
:04573900686702207B
:04573A00A2432689D7
:04573B004BA301601B
:04573C001FFF11BF7B
:04573D002689AF59B1
:04573E00AD039A7BA2
:04573F004BA2022057
:045740001FFF193FEF
:045741006867022073
:04574200AB03268906
:045743004BA3016013
:045744001FFF11BF73
:045745002689AF59A9
:045746005A20A943F9
:0457470004A0581250
:04574800BA438012CE
:045749001C2ED4112D
:04574A001220002009
:04574B000CE36C02FD
:04574C00B0C180DB8D
:04574D004C031A20CF
:04574E00580B1AE0FA
:04574F00801202E0E2
:04575000581214A037
:04575100C4ABD6838C
:045752005803516047
:045753004BB0022035
:045754006867022060
:045755001FFF113FE2
:04575600012000E24C
:04575700A083208982
:04575800FE3800AA6D
:045759004BA30160FD
:04575A001FFF11BF5D
:04575B002689AF5993
:04575C0092039A7B9F
:04575D00E4125AA058
:04575E00E4024160C0
:04575F00E00492A030
:04576000025BC8819F
:0457610000029A7B2D
:045762000220FAC265
:04576300213F4BA2F5
:0457640002201FFF01
:0457650028896867C0
:0457660052E0994331
:0457670092E0E412D6
:045768002A20E00211
:04576900C501E4048E
:04576A000080112C7E
:04576B00009400AAFC
:04576C00E4125AA049
:04576D00E4024160B1
:04576E00E00492A021
:04576F009A7BC881D8
:04577000FAE2000257
:045771004BA30160E5
:045772001FFF11BF45
:045773002689AF597B
:045774000220858307
:0457750002204BA320
:0457760074A3686749
:045777001FFF113FC0
:0457780090032689EB
:045779004BA30160DD
:04577A001FFF11BF3D
:04577B002689AF5973
:04577C0052E0824332
:04577D002A20C41208
:04577E005CA0C40265
:04577F004881E00479
:045780000080112C68
:04578100FBE000AA9F
:04578200FF7F213F45
:045783000002025BC3
:04578400D411FBD66B
:0457850000201C2EB6
:045786006C0212207F
:0457870080DB0CE3D4
:045788001A20B0C172
:045789001AE04C03D3
:04578A0002E0580BD6
:04578B0014A08012D4
:04578C0098435812D4
:04578D00C41252E010
:04578E00C4022A2007
:04578F00E00454A03E
:04579000CF0348817A
:04579100580224A0F6
:04579200FD5000AA1C
:04579300FB9800027D
:045794001FFF113FA3
:04579500000821ECFB
:04579600012A268935
:04579700A759FC060C
:04579800000820ECF9
:04579900FBFC0122F2
:04579A004BA20160BD
:04579B001FFF31BFFC
:04579C0011A038FB25
:04579D009A7B580299
:04579E00FBE8000222
:04579F00000819ECF9
:0457A00000EA208972
:0457A100A759FBDE2B
:0457A200000820ECEF
:0457A300FBD4012210
:0457A4004BA50160B0
:0457A5001FFF11BF12
:0457A6002A8938FB19
:0457A700FBC400023D
:0457A8008004103B2E
:0457A900203B07FF9B
:0457AA00FA3C0002C3
:0457AB00CFD41960DE
:0457AC0080E6C421AE
:0457AD00016007FF91
:0457AE00F5D96BE8D6
:0457AF00CE6089E05F
:0457B000CE6029603E
:0457B100CFD439E038
:0457B20081E61C2B45
:0457B300222B07FF9F
:0457B400216044E349
:0457B50027E358107E
:0457B60058093460FA
:0457B700001E02626C
:0457B800103B22235D
:0457B9002160442106
:0457BA00222358103E
:0457BB0007FF81EE75
:0457BC003460242B06
:0457BD001623581047
:0457BE00216006E37D
:0457BF00122B581041
:0457C000001C122A8D
:0457C100022A029B1B
:0457C200FE9BFFDA71
:0457C300049B4421DE
:0457C400F6AB4421DB
:0457C500E9E34421AF
:0457C60058103460E3
:0457C700FC83E2235A
:0457C800000619D2EC
:0457C900029BE4A3B8
:0457CA0038DA442164
:0457CB002C7AFFE451
:0457CC00896AFFD215
:0457CD008972000CD1
:0457CE00022AFFA804
:0457CF00123BFFCCBE
:0457D00021BA442195
:0457D100313AFFBEAC
:0457D200103BFFF099
:0457D3000000F2C31D
:0457D4001960FDE17A
:0457D50099FBCFD499
:0457D600E1BB813B77
:0457D700CE60396007
:0457D800CFFFA960F6
:0457D90003EE00EAF1
:0457DA0007FF10EEC7
:0457DB00042E00A2F6
:0457DC0001202FD9A0
:0457DD0001206BA29A
:0457DE00B8C448748F
:0457DF0038A0FC01F1
:0457E00039F4580739
:0457E1000020008024
:0457E2000020C412CD
:0457E30014E0C416F4
:0457E40084E0CFD4BA
:0457E5008F3BCE60C8
:0457E600CFFF9CE075
:0457E700036C00AAA5
:0457E80007FF20AEE9
:0457E900072037233B
:0457EA0020196BA374
:0457EB00FC01308409
:0457EC00C406B9A096
:0457ED00581080E0F0
:0457EE00000B149602
:0457EF0048710720D6
:0457F000008084347D
:0457F1009D60283B54
:0457F200079178089B
:0457F30094A632AB9B
:0457F40044FB000B67
:0457F50000AA04AA58
:0457F60013039D7B81
:0457F7005802E42050
:0457F80007FF35C4AE
:0457F900949456A38B
:0457FA0024960002EF
:0457FB00883B000BDC
:0457FC0078089D602C
:0457FD0008001DC4BF
:0457FE0004FA012286
:0457FF00055B803B8B
:0458000000031496F7
:0458010094844CA39C
:0458020094B6FFFF5A
:0458030004A20002F9
:04580400116E00A27F
:0458050000A20002FB
:04580600296E008E79
:04580700016A000131
:04580800203B02A29D
:045809000020103B30
:04580A000120C414A1
:04580B0002204A83AA
:04580C0024C94BE878
:04580D00580340E01C
:04580E007DE1153BE8
:04580F00000394946A
:04581000000B1496DF
:0458110078089D6016
:0458120008001DC4A9
:0458130004EA00A201
:04581400029B075B91
:045815004C0290A011
:045816000530208CAD
:04581700208C1523A9
:0458180031230240F6
:045819000088108C67
:04581A003C3B4AAB1E
:04581B00B17BA47B3E
:04581C009A3B004370
:04581D00000215AEC2
:04581E002CA344FB78
:04581F002DBB81FB21
:04582000116E8D3B3D
:0458210092AB000343
:045822000008143432
:04582300000F10BFA3
:0458240001C3A47B9D
:04582500001010342B
:04582600C408002092
:04582700A0048491C4
:045828002004FFFF5A
:04582900F04307FF42
:04582A0007FF200450
:04582B000020103B0E
:04582C00EEC3C414EF
:04582D006A130520D5
:04582E00FFFFAD0CBF
:04582F00FFFFE44C47
:04583000273B2D7B6A
:0458310018F34133F4
:04583200387330B3E4
:045833007A40D2598C
:045834002F3B0015F1
:04583500B0BB24FBE5
:0458360000157A409F
:0458370024FB2C7BA7
:045838007A40A0BB57
:0458390005A00015B1
:04583A002D7B6A1246
:04583B00B8BB247B57
:04583C007A4010336B
:04583D00A0A0001512
:04583E0014A0C402EC
:04583F003853C41204
:0458400018D33093B6
:04584100A4B24113B9
:045842001034000A14
:0458430015E000016B
:045844001033C40257
:045845004A0204A06F
:04584600FFFFBC0C98
:04584700FFFFB58C1E
:04584800C402B0A046
:0458490025FB2D7B93
:04584A00197341B3DA
:04584B0038F33133CA
:04584C001073D019EC
:04584D0000157A4088
:04584E002DFB24FB0F
:04584F007A40A0BB40
:0458500024FB001520
:04585100B0BB2C3B81
:0458520000157A4083
:045853006A130520AF
:04585400243B2D7B49
:045855007A4010B3D2
:04585600B0A00015E9
:0458570014E0C40293
:0458580004A0C413D1
:0458590050936A12EC
:04585A00311338D3FB
:04585B004193195309
:04585C000008B4F29A
:04585D000001103402
:04585E00C40A12A0C6
:04585F006A0204E0F5
:045860004A1304E003
:045861006A1601E0E2
:04586200FFFFA9CCCF
:04586300FFFF4D0CEA
:045864002D7B273B36
:04586500C4134CE03C
:04586600193341733E
:0458670050A030F32A
:045868007A40C414AA
:045869002F3B0015BC
:04586A0010B325BB97
:04586B0000157A406A
:04586C002DBB247BB1
:04586D007A40E0BBE2
:04586E002D7B001579
:04586F0088BB247B53
:0458700000157A4065
:04587100E0A04893D8
:0458720030D3C40269
:045873006A05026060
:045874004153191370
:045875009CA055415D
:04587600E172C41205
:0458770010340006E3
:0458780014410001D6
:045879000160D5599C
:04587A004A4C4A1C2E
:04587B0025FBFFFF0B
:04587C0041732D7BCC
:04587D0030F31933B8
:04587E00C41C4F20D7
:04587F007A401281D8
:045880002DFB0015E7
:04588100B8BB25BBD0
:0458820000157A4053
:04588300243B2DBBDA
:045884007A4010B3A3
:045885002D7B001562
:04588600B0BB243B54
:0458870000157A404E
:0458880005E048935C
:0458890030D36A07A7
:04588A00C40248A06C
:04588B00191375C1B7
:04588C0049F2415349
:04588D0010340008CB
:04588E0015A0000160
:04588F0059D9C41609
:04589000BDCC101368
:04589100B920FFFF3C
:0458920014A0C40496
:045893009CA0C412FF
:04589400A120E0135C
:04589500E4A0C404C3
:045896009920C4127F
:045897008AA0C40A15
:04589800E4A0C402C2
:04589900DFD9E0056E
:04589A00C40928A075
:04589B00E010A12058
:04589C00E00A9AA0E4
:04589D00E00288A0FD
:04589E00E0052A6097
:04589F005810542029
:0458A0000E012A8942
:0458A100493104A0E5
:0458A200040120538A
:0458A300C410B42059
:0458A4004930042063
:0458A5006AF204A0FF
:0458A600026028492B
:0458A70002606AE54C
:0458A800046049222D
:0458A9009460801176
:0458AA00242C581141
:0458AB00244901008B
:0458AC00012A2A099A
:0458AD00885901EC29
:0458AE00024B74191C
:0458AF002309801930
:0458B000581111205A
:0458B10003FF20C40D
:0458B200012C201293
:0458B3000007144C8A
:0458B400544B12AB94
:0458B500000410AE2D
:0458B60024510AA3CC
:0458B700E01188A0D4
:0458B80088BB0201A6
:0458B9000100142CAA
:0458BA00843F08AB74
:0458BB0020C4FEFF08
:0458BC0011160400BD
:0458BD0000A207FF3F
:0458BE00A259FDAE40
:0458BF004BB40420C2
:0458C000CEC314201F
:0458C1008D20D90B52
:0458C200A3C3581410
:0458C3005802E42083
:0458C40000C800AA6E
:0458C500042A383346
:0458C600243B016618
:0458C70000165BC0AC
:0458C80030BB3813A6
:0458C900FFF518844B
:0458CA00B3913A9BC1
:0458CB004209A68167
:0458CC006C02172033
:0458CD004C118F20CB
:0458CE00581080A04E
:0458CF00E40635E0D6
:0458D000FC0D318416
:0458D100000B14961E
:0458D2009D60283B72
:0458D30007917808B9
:0458D400FC7A00A2B8
:0458D50021E09543F6
:0458D600052A581433
:0458D70001EA006C76
:0458D80021FB00FCB4
:0458D9005BC0383345
:0458DA003813001669
:0458DB00188420BB52
:0458DC003A9BFFF5FF
:0458DD00FFF8A1042B
:0458DE00A1E0A6811E
:0458DF0014204C073E
:0458E000A4206C0292
:0458E10038A04C148B
:0458E2001804580747
:0458E30020E0FC0DB8
:0458E4000020E417A5
:0458E5000020C412C9
:0458E6000002C416E2
:0458E70021E0FBF0D1
:0458E8000522581429
:0458E900383B001236
:0458EA00000890041E
:0458EB0007FFB804F7
:0458EC000002B00402
:0458ED00FBD60002E4
:0458EE009004A13B46
:0458EF00B804000CED
:0458F000B00407FFFA
:0458F10000020003AE
:0458F200383BFBC480
:0458F3000004900419
:0458F400C4170020B5
:0458F5000001B004FA
:0458F600FBB20002FF
:0458F7000001949484
:0458F800149635FBD2
:0458F900803B000BE5
:0458FA00035B883B89
:0458FB0078089D602C
:0458FC0000A207916E
:0458FD008103FBD850
:0458FE00A881029BE0
:0458FF0000392896AE
:04590000FC1E016226
:0459010000202896C4
:04590200009A0162A4
:04590300041E18C4A2
:045904004C141C2003
:045905006C041460BA
:045906004C031C60D2
:045907006C021420FA
:0459080058142520EA
:04590900800300E037
:04590A0058141D20F0
:04590B0000071D0C68
:04590C001D0C18EB6B
:04590D0018EE000F81
:04590E000EE30004A0
:04590F0000041D046F
:04591000E014A0E01F
:04591100C402A0A08C
:0459120018ACA0FB32
:0459130000EA008026
:04591400031B009AD7
:045915000020103B23
:045916000002C414B3
:045917003833FBCC5A
:0459180000165BC05A
:0459190000151884D9
:04591A00001D28D66E
:04591B005891381354
:04591C00FEFE016A20
:04591D001420B4910D
:04591E0000204C0712
:04591F00E143C41488
:045920005BC0273B06
:0459210018840016D0
:0459220020D6001576
:045923003813001D18
:04592400012A5C9167
:04592500B491FE92A9
:045926004C021720F8
:0459270080BB883B7E
:0459280019BBD34391
:045929002804C3C3C8
:04592A00C941FFE18F
:04592B00002010AE9A
:04592C006C042420C3
:04592D0018C40AA3ED
:04592E001C20043EF7
:04592F0026494C03B6
:04593000801404607B
:0459310058142520C1
:0459320000071D0C41
:04593300103B10E332
:04593400687405206E
:045935001D20203BD6
:0459360000025814FF
:04593700150CFB4C04
:0459380010A6000FA6
:0459390004AB0004B7
:04593A00EA03103B31
:04593B004BA300A0DA
:04593C00CEC310A026
:04593D00055BFB43C8
:04593E00000F24AE84
:04593F0019EC1D2B17
:0459400028EB000848
:04594100000818AC96
:0459420010B422E398
:0459430010BF000889
:0459440044FB000F11
:045945000002A47B3D
:0459460094AEFB8898
:0459470004AA000BA3
:0459480038BBFAB6B8
:04594900B17BA47B0F
:04594A00FB48000214
:04594B00000811F44B
:04594C00000F10BF79
:04594D000002457B94
:04594E00143BFB68A3
:04594F00F703075BF8
:04595000412BC42102
:045951008920813BED
:04595200011ACFFF68
:04595300243B006889
:0459540000165BC01E
:04595500041E200408
:045956001896C501D9
:04595700D90B000B5D
:04595800175B38E3BE
:045959002C20D541E8
:04595A0001206C05B7
:04595B0076594A84AB
:04595C00000F297F90
:04595D0010842B097E
:04595E0014200015FC
:04595F0019204C02BD
:045960004421580383
:04596100883B203B24
:045962004A84012052
:04596300283B76590E
:04596400103B2B09C0
:0459650058031920AA
:045966001084442144
:045967001420FFF514
:0459680001204C05C9
:0459690076594A849D
:04596A00000F297F82
:04596B00103B2B09B9
:04596C0058031920A3
:04596D007809442150
:04596E000000F283C0
:04596F00FFFF101412
:04597000001A20BA3F
:0459710001001936E2
:04597200409B26D957
:04597300A6815709A9
:0459740000011834E2
:0459750018C6370118
:04597600A6817D3C4D
:045977001034E009FF
:0459780011320100E7
:0459790020DB00141B
:04597A00183457097D
:04597B00209B00016C
:04597C0018C6370111
:04597D00A6817D3C46
:04597E0030DBE00931
:04597F001834570978
:04598000109B000177
:0459810018C637010C
:04598200A6817D3C41
:045983000000E00937
:04598400183B113B80
:04598500000219A261
:045986007741E0097C
:0459870046810FC581
:045988000F2506D110
:045989000000FDC35A
:04598A006D01113B5F
:04598B0030E2193BB2
:04598C00E00900022C
:04598D0028E706D130
:04598E00FE43FFFFD6
:04598F00203B802118
:04599000001665C0D8
:045991000016678015
:0459920084C43697FC
:0459930084C82E97FF
:0459940084CC269702
:04599500C8003EE820
:0459960000155A4856
:0459970000022034B6
:045998002104802145
:04599900A70080A43F
:04599A0010340016AF
:04599B0004910080F3
:04599C00B80000A0AF
:04599D00003B0021AA
:04599E00089B806181
:04599F00040030349C
:0459A00000012834A6
:0459A10000012034AD
:0459A200383B10334B
:0459A300010031844A
:0459A4007FC829444B
:0459A5007FE4210476
:0459A6000016A1C086
:0459A700000000619B
:0459A8002515171595
:0459A900000610EAFA
:0459AA00FFFB1004EB
:0459AB003715E009C3
:0459AC0010E24515AB
:0459AD000515FFF2EB
:0459AE00800C10A8B1
:0459AF008B51EAA38B
:0459B000000919765B
:0459B100010400E20B
:0459B20018341B5931
:0459B3003741000177
:0459B40066D818D7C2
:0459B500003BA0C94A
:0459B600000166FC8A
:0459B7000001674440
:0459B800000167562D
:0459B900000167760C
:0459BA000001677E03
:0459BB0000016788F8
:0459BC0000016794EB
:0459BD00000167A0DE
:0459BE00000167ACD1
:0459BF0018CC571594
:0459C000A4E300401C
:0459C10030E80715AE
:0459C20057159004E1
:0459C300002018D4D4
:0459C4001834573507
:0459C50018C4000101
:0459C6007735690CBC
:0459C700474B5B15DA
:0459C800009000E269
:0459C9000D995D4B8C
:0459CA00000118348C
:0459CB0018CE37813A
:0459CC008D4B7E463B
:0459CD0001AA09150D
:0459CE0018D4008069
:0459CF00192801F89A
:0459D000E009901842
:0459D10018DF57156F
:0459D2005735FFDF67
:0459D3000001183483
:0459D400689018C4FB
:0459D5005715F883E7
:0459D60000E286CB9A
:0459D7000715FF4A67
:0459D800900830E81B
:0459D90018D4571572
:0459DA0057350040FD
:0459DB00000118347B
:0459DC0068E018C4A3
:0459DD005715F483E3
:0459DE00FFBF18DF10
:0459DF005715F983DC
:0459E000FFF018DFDD
:0459E100F2835735C1
:0459E20018DF57155E
:0459E30018D4FFF0E5
:0459E400FE030001BD
:0459E50018DF57155B
:0459E60018D4FFF0E2
:0459E700FC8300033A
:0459E80018DF571558
:0459E90018D4FFF0DF
:0459EA00FB030007B4
:0459EB0018D4571560
:0459EC00FA03000FAB
:0459ED000800180492
:0459EE00294CEF034E
:0459EF00076B004002
:0459F00002F818D4CD
:0459F10018D4EF03D4
:0459F200EE4300F888
:0459F300FFE71004B6
:0459F400003BE0098B
:0459F500A117D02105
:0459F6001315001471
:0459F700000C9117F8
:0459F80000209D0CE2
:0459F900A50C813B3D
:0459FA0004E2004083
:0459FB00045100064D
:0459FC001535248BAE
:0459FD000008052277
:0459FE00000114840C
:0459FF003435248B8C
:045A000000A80415E1
:045A010004159000F8
:045A0200800010A868
:045A0300243B7415B7
:045A040004E28089AF
:045A05000460003801
:045A060024014882AD
:045A07002EABB49579
:045A080098130020CF
:045A0900FFFE1CDFA1
:045A0A00B80000E000
:045A0B0000038C44C4
:045A0C004891046059
:045A0D000855120125
:045A0E00002080896B
:045A0F00109F98024A
:045A10009CCCFFFE2D
:045A110014E000019C
:045A120004E0581341
:045A13000522B800B0
:045A140004A0003CAE
:045A1500240148829E
:045A1600006C189771
:045A1700002030EB50
:045A1800245F98115E
:045A19000120FFFE6B
:045A1A009484B800B8
:045A1B0004A00007DC
:045A1C0028974892ED
:045A1D00942000646D
:045A1E000815C41093
:045A1F00002080C91A
:045A2000109F980239
:045A2100024BFFFE37
:045A220004602449AF
:045A23005021B80056
:045A24002515171518
:045A2500004210EA41
:045A260045153715D6
:045A2700003A10EA47
:045A28008535029B23
:045A29000B1515152F
:045A2A0000A037158C
:045A2B002501488287
:045A2C0031689C95AC
:045A2D0000E0900401
:045A2E000B15488389
:045A2F0030D7370134
:045A30003168006475
:045A310018D79008EA
:045A3200A4950068CF
:045A330010F209154F
:045A340010FB000261
:045A3500900C112898
:045A3600111DE00955
:045A3700003BE00947
:045A38002515171504
:045A3900001E10EA51
:045A3A008535029B11
:045A3B000715151521
:045A3C00488200A0FC
:045A3D009A95250110
:045A3E00900428E8C0
:045A3F00A49507150E
:045A4000900C10E8CE
:045A4100111DE0094A
:045A4200003BE0093C
:045A430045153715B9
:045A4400002210EA42
:045A45008535029B06
:045A460007153515F6
:045A4700488200A0F1
:045A48002897250175
:045A490028E80064E5
:045A4A0007159008A4
:045A4B000068109748
:045A4C00900C10E8C2
:045A4D00111DE0093E
:045A4E00003BE00930
:045A4F006A08691563
:045A5000003B001601
:045A51006A08691561
:045A5200003B0016FF
:045A53003160691540
:045A5400C021580213
:045A55000689571552
:045A56003CA3548B8E
:045A570030BA6515E7
:045A580045150036BA
:045A5900009137156C
:045A5A0080EA200BB3
:045A5B0000A0003077
:045A5C0010844883E7
:045A5D0000A000079E
:045A5E003701488242
:045A5F00006440C4DB
:045A6000D0380A2808
:045A61002501189370
:045A6200413506B50F
:045A63001423811572
:045A640080897515AB
:045A65004021143B8D
:045A6600FFEA8004CF
:045A67008004FEC3F6
:045A6800FE03FFE456
:045A6900FD83803BFE
:045A6A001695651513
:045A6B0018B22495B4
:045A6C0086D10006D9
:045A6D00E009A4C1E7
:045A6E00000318C455
:045A6F00003BFEC337
:045A70003160691523
:045A7100C0215802F6
:045A72000689571535
:045A73003AA3548B73
:045A740030BA6515CA
:045A750025150034BF
:045A7600009117156F
:045A770080EA200B96
:045A780000A0002E5C
:045A790010844883CA
:045A7A0000A0000385
:045A7B003701488225
:045A7C00ACF59AF5F6
:045A7D001893BEF5C7
:045A7E0006B5250143
:045A7F008115213537
:045A80007515142361
:045A8100143B8089C9
:045A8200800440213B
:045A8300FEC3FFEA75
:045A8400FFE48004B7
:045A8500803BFE0361
:045A8600003BFD8361
:045A87001004C461E2
:045A8800813B10004E
:045A890021FB897BF9
:045A8A00901811A8B7
:045A8B00901811A8B6
:045A8C0000FC100406
:045A8D00901811A8B4
:045A8E00900001A8DB
:045A8F0029136E1554
:045A900000013034AD
:045A91003184003329
:045A9200AD4067D4E8
:045A9300009A00165F
:045A9400243B001A95
:045A950080682E8473
:045A96000016C080B6
:045A970080602E8479
:045A98000069247B02
:045A9900C80C3EE80F
:045A9A000016C088AA
:045A9B000000446162
:045A9C001684171540
:045A9D0016D984D0C2
:045A9E0008B52681A0
:045A9F00FEDB051510
:045AA000908818A82A
:045AA100001C1904C8
:045AA2002D15103B73
:045AA30030BA0B15F5
:045AA4005F15002664
:045AA50000011034B8
:045AA6007E58108492
:045AA7000C95183B07
:045AA800002439A2FB
:045AA90024994515E2
:045AAA0011682689D0
:045AAB00051590A0AD
:045AAC0018A86715BA
:045AAD00E00990A8D4
:045AAE005D411C99A1
:045AAF0031680CD579
:045AB00004919000CD
:045AB100F84326D1BF
:045AB20030E606D103
:045AB3002491000832
:045AB400FB43CDA340
:045AB500D0215B237E
:045AB60084D08E9773
:045AB7002455917B66
:045AB8000050117217
:045AB900A1FB99BBF9
:045ABA009810002020
:045ABB00FFFE141FB7
:045ABC00B80000A08E
:045ABD0024BB5A5557
:045ABE0000157A4015
:045ABF0024C1665543
:045AC00028E836910B
:045AC100029BD06014
:045AC2004C0290A062
:045AC30004EA065596
:045AC40010E80018CE
:045AC50000209084A9
:045AC600109F980293
:045AC700000BFFFED3
:045AC8000420240989
:045AC900103BB800D6
:045ACA0010E850216F
:045ACB00FCC3908800
:045ACC00E009FE9B54
:045ACD00FE03FE9B3B
:045ACE00701800202C
:045ACF000016CC8869
:045AD00000000000D2
:045AD10000000000D1
:045AD2007018002028
:045AD3000016CC8865
:045AD40000000000CE
:045AD50000000000CD
:045AD6007018002024
:045AD7000016CC8861
:045AD80000000000CA
:045AD90000000000C9
:045ADA007018002020
:045ADB000016CC885D
:045ADC0000000000C6
:045ADD0000000000C5
:045ADE00701800201C
:045ADF000016CC8859
:045AE00000000000C2
:045AE10000000000C1
:045AE2007018002018
:045AE3000016CC8855
:045AE40000000000BE
:045AE50000000000BD
:045AE6007018002014
:045AE7000016CC8851
:045AE80000000000BA
:045AE90000000000B9
:045AEA007018002010
:045AEB000016CC884D
:045AEC0000000000B6
:045AED0000000000B5
:045AEE00701800200C
:045AEF000016CC8849
:045AF00000000000B2
:045AF10000000000B1
:045AF2007018002008
:045AF3000016CC8845
:045AF40000000000AE
:045AF50000000000AD
:045AF6007018002004
:045AF7000016CC8841
:045AF80000000000AA
:045AF90000000000A9
:045AFA007018002000
:045AFB000016CC883D
:045AFC0000000000A6
:045AFD0000000000A5
:045AFE0070180020FC
:045AFF000016CC8839
:045B000000000000A1
:045B010000000000A0
:045B02002515052B35
:045B0300169714A33A
:045B04001EAB8070E4
:045B050080898021F2
:045B060006B52CDBD9
:045B0700FFEA10049D
:045B0800055500211E
:045B090005351B350E
:045B0A0018B5055570
:045B0B00103B0975CD
:045B0C001684E00912
:045B0D002CDB84D435
:045B0E00100406B5C4
:045B0F00E009FFEAC0
:045B10002E84C021FE
:045B1100C880806068
:045B120080BB00163E
:045B130016970CA332
:045B14000AAB8070E8
:045B150026DB808982
:045B1600143B06B581
:045B1700168440218F
:045B1800FE4384D4F0
:045B19002E84C021F5
:045B1A00C880806857
:045B1B0080BB001635
:045B1C0016970CA329
:045B1D000AAB8070DF
:045B1E0026DB808979
:045B1F00143B06B578
:045B20001684402186
:045B2100FE4384D4E7
:045B22000555076BB3
:045B2300003428A280
:045B2400E009103B49
:045B2500001839A289
:045B2600770106D12C
:045B2700000039C77A
:045B2800318766015A
:045B290019EB000074
:045B2A0088E607AB57
:045B2B00E46303E844
:045B2C0028AA04950A
:045B2D0020950006B9
:045B2E00FBC3183B62
:045B2F004421103BC2
:045B3000FF43EFA39D
:045B3100FDC3C421CB
:045B320000048617CE
:045B33007000DEE838
:045B34000008261728
:045B3500741F0420B5
:045B3600FFFCEF443D
:045B37000400F7600F
:045B380001351D1402
:045B39002C572AC1FA
:045B3A0012390F10FD
:045B3B001B734B4548
:045B3C00014C000D0B
:045B3D00001302D07F
:045B3E008018001FAC
:045B3F00EB7CF7DF25
:045B4000033F19C046
:045B4100033F19D035
:045B4200033F19E024
:045B4300033F19F013
:045B4400033F3F805C
:045B4500033F3FC01B
:045B4600033F1F807A
:045B4700033F1FC039
:045B4800033F3FA038
:045B4900033F3FB027
:045B4A00033F3FE0F6
:045B4B00033F3FF0E5
:045B4C00033F1FA054
:045B4D00033F1FB043
:045B4E00033F1FE012
:045B4F00033F1FF001
:045B50000000001839
:045B51000000001937
:045B52000000001A35
:045B53000000001B33
:045B54000000001C31
:045B55000000001D2F
:045B5600000000202B
:045B57000000002228
:045B58000000001138
:045B59000000001236
:045B5A000000001334
:045B5B000000001432
:045B5C00AAAAAAAA9D
:045B5D0055555555F0
:045B5E00CCCCCCCC13
:045B5F003333333376
:045B60000000001031
:045B6100000000013F
:045B620000001FFF21
:045B6300000000013D
:045B64000302010730
:045B6500060504002D
:045B6600000000003B
:045B67000000000238
:045B68000000000336
:045B69000000000434
:045B6A000000000631
:045B6B000B0A090810
:045B6C000F0E0D0CFF
:045B6D0013121110EE
:045B6E00FFFFFF1422
:045B6F00FF0402FF2E
:045B700003FFFFFF31
:045B710016150705F9
:045B72001A191817CD
:045B73001E1D1C1BBC
:045B74000006201FE8
:045B75000D0E83840A
:045B76000205060915
:045B77000F82850A0A
:045B78000407080C0A
:045B790026850B036F
:045B7A0028852785CE
:045B7B0021852985D2
:045B7C0023852285D6
:045B7D002500248556
:045B7E0009C00A0050
:045B7F000EFF09000C
:045B80000CFF0F7F88
:045B81001F7F1E7FE5
:045B82001E7F1DFF66
:045B83001CFF207F64
:045B84001600168071
:045B85001FFF1500E9
:045B86001FFF1FFFDF
:045B87001FFF1FFFDE
:045B88001FFF1FFFDD
:045B89001FFF1FFFDC
:045B8A000807020105
:045B8B000C0B0A09EC
:045B8C00100F0E0DDB
:045B8D0014131211CA
:045B8E0018171615B9
:045B8F001C1B1A19A8
:045B9000001F1E1DB7
:045B9100100B090AE2
:045B920017161211BF
:045B93001B1A1918A8
:045B94001514131CB5
:045B9500201F1E1D92
:045B960000002221C8
:045B970012110525BD
:045B980016151413B7
:045B99001A191817A6
:045B9A001E1D1C1B95
:045B9B002221201F84
:045B9C00100F0E0DCB
:045B9D0000000B0AEF
:045B9E00100F0E09CD
:045B9F0014131211B8
:045BA00018171615A7
:045BA1001C1B1A1996
:045BA200201F1E1D85
:045BA3002423222174
:045BA4000029262589
:045BA5003A39353420
:045BA600003F3E3D41
:045BA70000010302F4
:045BA80004050603E7
:045BA90000000102F5
:045BAA00654C2D57C2
:045BAB00006C6576AF
:045BAC004C494146D9
:045BAD0000000000F4
:045BAE002D535144DE
:045BAF0000006E651F
:045BB00000004B4F57
:045BB1000000005799
:045BB200000000529D
:045BB300442D4557E1
:045BB400656B736545
:045BB5000000007775
:045BB6002D534143E7
:045BB7006B73654463
:045BB800000077650D
:045BB9002D524150D8
:045BBA00442D4E49DF
:045BBB00656B73653E
:045BBC00000000776E
:045BBD002D534152D1
:045BBE006B7365445C
:045BBF000000776506
:045BC000495F5144A4
:045BC1004F525F4E92
:045BC20045534646BB
:045BC300000000548A
:045BC4000000482D68
:045BC5005F494244AE
:045BC60000004E4944
:045BC700495F51449D
:045BC8000000004E8B
:045BC90000004B434A
:045BCA0000424B4307
:045BCB005F5351448F
:045BCC000054554FDD
:045BCD0042535144AA
:045BCE0054554F5F7C
:045BCF0000000000D2
:045BD0005F5351448A
:045BD10000004E4939
:045BD2005F53514488
:045BD300525F4E4986
:045BD4005346464F9F
:045BD5000000544533
:045BD6004E4B4E558F
:045BD700004E574FD6
:045BD800445F514491
:045BD900554F5F4D78
:045BDA000000005473
:045BDB0042445228C6
:045BDC000000294953
:045BDD00676E61721C
:045BDE0000313D65F0
:045BDF00676E61721A
:045BE00000303D65EF
:045BE10000006E4909
:045BE2000074754F87
:045BE3006C69616622
:045BE40000006465F4
:045BE5007373617005
:045BE60000006465F2
:045BE700484848B72B
:045BE8004848484899
:045BE900EDEDED12DF
:045BEA00EDEDEDED03
:045BEB000008ED4879
:045BEC00FFF70004BB
:045BED005AA5FFFBBB
:045BEE00A5A55A5AB5
:045BEF0040BFBF40B4
:045BF000999F6660B3
:045BF10040BFBF40B2
:045BF200999F6660B1
:045BF3004848B7481F
:045BF400484848488D
:045BF500EDED12EDD3
:045BF600EDEDEDEDF7
:045BF7000010ED4865
:045BF800FF7F000823
:045BF900A55AFFF7B3
:045BFA00A55AA55AA9
:045BFB0040BFBF40A8
:045BFC00999F6660A7
:045BFD00BF4040BFA6
:045BFE006660999FA5
:045BFF0048B7484813
:045C00004848484880
:045C0100ED12EDEDC6
:045C0200EDEDEDEDEA
:045C03000020ED4848
:045C0400FFDF0010AE
:045C05005A5AFF7F69
:045C06005AA5A5A551
:045C070040BFBF409B
:045C0800999F66609A
:045C090040BFBF4099
:045C0A00999F666098
:045C0B00B748484806
:045C0C004848484874
:045C0D0012EDEDEDBA
:045C0E00EDEDEDEDDE
:045C0F000040ED481C
:045C1000FFBF0020B2
:045C11005AA5FFDFB2
:045C1200A5A55A5A90
:045C130040BFBF408F
:045C1400999F66608E
:045C1500BF4040BF8D
:045C16006660999F8C
:045C17004848484869
:045C1800484848B7F9
:045C1900EDEDEDEDD3
:045C1A00EDEDED12AD
:045C1B000800ED4848
:045C1C00F7FF04008A
:045C1D00A55AFBFF8A
:045C1E00A55AA55A84
:045C1F0040BFBF4083
:045C2000999F666082
:045C210040BFBF4081
:045C2200999F666080
:045C2300484848485D
:045C24004848B748ED
:045C2500EDEDEDEDC7
:045C2600EDED12EDA1
:045C27001000ED4834
:045C28007FFF0800F2
:045C29005A5AF7FFCD
:045C2A005AA5A5A52D
:045C2B0040BFBF4077
:045C2C00999F666076
:045C2D00BF4040BF75
:045C2E006660999F74
:045C2F004848484851
:045C300048B74848E1
:045C3100EDEDEDEDBB
:045C3200ED12EDED95
:045C33002000ED4818
:045C3400DFFF10007E
:045C35005AA57FFFEE
:045C3600A5A55A5A6C
:045C370040BFBF406B
:045C3800999F66606A
:045C390040BFBF4069
:045C3A00999F666068
:045C3B004848484845
:045C3C00B7484848D5
:045C3D00EDEDEDEDAF
:045C3E0012EDEDED89
:045C3F004000ED48EC
:045C4000BFFF200082
:045C4100A55ADFFF82
:045C42005A5AA55AAB
:045C430040BFBF405F
:045C4400999F66605E
:045C4500BF4040BF5D
:045C46006660999F5C
:045C47004848484839
:045C48004848484838
:045C4900EDEDEDEDA3
:045C4A00EDEDEDEDA2
:045C4B00040012B788
:045C4C00FBFF00401A
:045C4D005A5AFFBFE1
:045C4E005AA5A5A509
:045C4F0040BFBF4053
:045C5000999F666052
:045C510040BFBF4051
:045C5200999F666050
:045C5300FFFFFFFF51
:045C5400FFFFFFFF50
:045C5500FFFFFFFF4F
:045C5600FFFFFFFF4E
:045C5700FFFFFFFF4D
:045C5800FFFFFFFF4C
:045C590001050156EA
:045C5A00020B03BD79
:045C5B0000FFFF0047
:045C5C00000033AA67
:045C5D000000000043
:045C5E000000000042
:045C5F00020B01B77C
:045C600001040248F1
:045C610001040248F0
:045C6200020B01B779
:045C6300FF00FF003F
:045C64000000CC551B
:045C6500000000003B
:045C6600000000003A
:045C670001040248EA
:045C6800020B01B773
:045C6900020B01B772
:045C6A0001040248E7
:045C6B00040010031E
:045C6C00020404002A
:045C6D00021402001B
:045C6E000404030423
:045C6F00140000001D
:045C70000400040028
:045C71000400000427
:045C72000004001515
:045C7300000000002D
:045C74000100170311
:045C7500000000002B
:045C76000019000011
:045C77000000000029
:045C78001700000011
:045C79000000000027
:045C7A000200000024
:045C7B00030202140A
:045C7C00020002021E
:045C7D000C001310F4
:045C7E0023000400FB
:045C7F0013151100E8
:045C800000040E0A04
:045C81000C00000013
:045C82000400080012
:045C83000700000016
:045C84000003000B0E
:045C8500000000001B
:045C8600020006030F
:045C87000000000019
:045C88000008000010
:045C89000000000017
:045C8A000300000013
:045C8B000000000015
:045C8C000D00000007
:045C8D000A060F11E3
:045C8E000800000208
:045C8F0000000044CD
:045C900000000044CC
:045C910000000044CB
:045C9200000000000E
:045C9300000000000D
:045C9400000000000C
:045C9500000000000B
:045C9600000000000A
:045C97000000007792
:045C98000000007791
:045C99000000007790
:045C9A000000007195
:045C9B000000007194
:045C9C0000000061A3
:045C9D0000000045BE
:045C9E000000007092
:045C9F0000000004FD
:045CA00000000004FC
:045CA10000000004FB
:045CA20000000000FE
:045CA30000000000FD
:045CA40000000000FC
:045CA50000000000FB
:045CA60000000000FA
:045CA70000000008F1
:045CA80000000008F0
:045CA90000000007F0
:045CAA0000000008EE
:045CAB0000000006EF
:045CAC0000000008EC
:045CAD0000000005EE
:045CAE0000000008EA
:045CAF0080018040B0
:045CB00024002000AC
:045CB100208100A1AD
:045CB20080600060AE
:045CB30020C000E02D
:045CB40024000000C8
:045CB500240003A024
:045CB600202020008A
:045CB700250036602E
:045CB800024502207F
:045CB90001E3800083
:045CBA0001C32243BD
:045CBB00020222437C
:045CBC0001A22242DD
:045CBD0080002242FF
:045CBE0002C502A574
:045CBF00030502E5F2
:045CC000414530002A
:045CC10041454145D3
:045CC200292041450F
:045CC3002D2025204B
:045CC40042A0632077
:045CC5006B206720C9
:045CC60003806F20C8
:045CC7000140240074
:045CC8000260212035
:045CC9003660210020
:045CCA00022025008F
:045CCB0022522250EF
:045CCC0025003680F9
:045CCD00225402203B
:045CCE000100225659
:045CCF0062B0290096
:045CD00062D4633205
:045CD10029206336ED
:045CD2000154015028
:045CD3003C00292048
:045CD4003800300064
:045CD5002500366010
:045CD6000250022056
:045CD700290001009F
:045CD800292042B28B
:045CD900292001522B
:045CDA0030003C005A
:045CDB00216038000C
:045CDC003F20658080
:045CDD003F20214003
:045CDE003F202740FC
:045CDF003F202B60D7
:045CE00030002D2043
:045CE1002144340026
:045CE200254423240E
:045CE30021A42B24A9
:045CE40025A422448D
:045CE50001402A440C
:045CE6003C00380046
:045CE700800080E0D9
:045CE8002400200074
:045CE90025402560CD
:045CEA00252025004C
:045CEB00254025002B
:045CEC0080C02160F3
:045CED0062E262E22B
:045CEE0062A362A3A8
:045CEF0062C362C367
:045CF00063026302E6
:045CF1002400280063
:045CF20036002C004C
:045CF30024002E203B
:045CF400029602947E
:045CF5002E603640A7
:045CF60002902400F4
:045CF70036000292DF
:045CF80024002E2036
:045CF9002292229041
:045CFA002E603640A2
:045CFB0022942400CB
:045CFC0028002296C4
:045CFD00635263305B
:045CFE0063966374D2
:045CFF003C0028003D
:045D00003800300037
:045D01002E2036001A
:045D020002902400E7
:045D03003640029292
:045D040024002E60E9
:045D0500029602946C
:045D06002E20360015
:045D070022982400BA
:045D08003640229A65
:045D090024002E60E4
:045D0A00229E229C17
:045D0B0063382800D1
:045D0C00637C635AF7
:045D0D002800639E69
:045D0E0030003C0025
:045D0F0022833800B3
:045D10002283018366
:045D1100228301A345
:045D120001C2228226
:045D130001E2228205
:045D14008000228267
:045D1500804080202A
:045D160080808060A9
:045D1700004080A028
:045D180000800060A7
:045D1900240000A0C2
:045D1A00002020C085
:045D1B0020E0240060
:045D1C00240000203F
:045D1D000020210041
:045D1E00212024001C
:045D1F00240000203C
:045D2000240001401A
:045D2100016080009D
:045D220001802800D4
:045D230001A02800B3
:045D240001C0280092
:045D2500340028001E
:045D26002400004015
:045D2700002020C078
:045D2800380000003F
:045D290024003C0016
:045D2A0000600140D4
:045D2B0020E0240050
:045D2C000000002053
:045D2D003C003800FE
:045D2E00014024000C
:045D2F0024000080CC
:045D3000002021002E
:045D31003800000036
:045D320024003C000D
:045D330000A001408B
:045D34002120240006
:045D3500000000204A
:045D36003C003800F5
:045D37000140240003
:045D380080002400C3
:045D390080400000A6
:045D3A0020008001C4
:045D3B0000A124009F
:045D3C0000202081A2
:045D3D0001802000C1
:045D3E008060800001
:045D3F0000E0202040
:045D400023E020C07C
:045D410020000140FD
:045D420020000160DC
:045D430001E28000F9
:045D440001C3224233
:045D450002032243F0
:045D460001A2224351
:045D47008000224274
:045D4800432262A2EE
:045D4900432362C3CB
:045D4A00432262E2AC
:045D4B004323630388
:045D4C0025202920C5
:045D4D0063202D2082
:045D4E00672042A0E8
:045D4F006F206B2036
:045D5000212003808B
:045D510021000260CB
:045D52002500366092
:045D530022500220B8
:045D54003680225221
:045D55000220250003
:045D5600225622545B
:045D5700290001001E
:045D5800633262B0A0
:045D5900633662D477
:045D5A003C002920C0
:045D5B0038003000DC
:045D5C002500366088
:045D5D0022500220AE
:045D5E003680225217
:045D5F0002202500F9
:045D60002256225451
:045D61002500366083
:045D620022580220A1
:045D63003680225A0A
:045D640002202500F4
:045D6500225E225C3C
:045D6600290001000F
:045D6700633A62B881
:045D6800633E62DC58
:045D69003C002920B1
:045D6A0038003000CD
:045D6B0067C023A04A
:045D6C0022E03F20D2
:045D6D0027403F206C
:045D6E002B603F2047
:045D6F002D203F2084
:045D700034003000CB
:045D7100232422A421
:045D72002B2426C4F4
:045D7300224421A401
:045D74002A4425C4D4
:045D750000AA00AAD6
:045D76000149014995
:045D7700000700F829
:045D780000C100C1A5
:045D790000D100D184
:045D7A000000000025
:045D7B000000000024
:045D7C000000000023
:045D7D00003D0000E5
:045D7E000000000C15
:045D7F000000001B05
:045D8000000000001F
:045D81000000001B03
:045D8200000000001D
:045D8300000000001C
:045D840000A3000078
:045D850000E000C971
:045D86000000000019
:045D870000740000A4
:045D880000000028EF
:045D89000000015FB6
:045D8A0000E800F03D
:045D8B0001A50195D8
:045D8C0001B501ADAF
:045D8D00018D0094F0
:045D8E000185017515
:045D8F00016D019D04
:045D90000151013C80
:045D91000151015962
:045D92000094013C3C
:045D93000151015960
:045D94000151017D3B
:045D95000094013C39
:045D96000094013C38
:045D97000094013C37
:045D98000094013C36
:045D99000094013C35
:045D9A00010C013CBB
:045D9B00005C010C9B
:045D9C0001BD000045
:045D9D0000B500004D
:045D9E0000B500B597
:045D9F00000000B54B
:045DA00000000000FF
:045DA10000B5000049
:045DA20002830277FF
:045DA300028F027FEA
:045DA4000000028B6E
:045DA50000000000FA
:045DA60000000000F9
:045DA70000000000F8
:045DA80000000000F7
:045DA900026700008D
:045DAA0000000000F5
:045DAB0000000000F4
:045DAC0000000000F3
:045DAD000000025997
:045DAE0000000000F1
:045DAF00025D02731C
:045DB00000000238B5
:045DB10000000000EE
:045DB2000264000087
:045DB3000000029357
:045DB4000114029341
:045DB50001140114C0
:045DB600016501146E
:045DB700016501651C
:045DB800013401654C
:045DB900012400AF12
:045DBA00012401249B
:045DBB0000000124BF
:045DBC0000000000E3
:045DBD00002F002F84
:045DBE000000002FB2
:045DBF0000000000E0
:045DC000005400008B
:045DC10000000000DE
:045DC20000000000DD
:045DC30000000000DC
:045DC40000000022B9
:045DC50000000000DA
:045DC60000B9009C84
:045DC70000000100D7
:045DC80000000000D7
:045DC9000044007C16
:045DCA000141000093
:045DCB0000000000D4
:045DCC0000000000D3
:045DCD0000000000D2
:045DCE0000000001D0
:045DCF0002000000CE
:045DD00000030403C5
:045DD10002060505BC
:045DD20000090807B5
:045DD3000000000AC2
:045DD4000A000000C1
:045DD50000000300C7
:045DD60003020000C4
:045DD700000B0000BD
:045DD80003020C00B6
:045DD90000000304BF
:045DDA000E0C000D9E
:045DDB0000000008BC
:045DDC00030C030CA5
:045DDD0000000000C2
:045DDE0002100F00A0
:045DDF00121111008C
:045DE000161514136D
:045DE10017000A009D
:045DE20000030C03AB
:045DE3000000010FAC
:045DE40003180F0091
:045DE50000000000BA
:045DE6001918180F61
:045DE7001A0000019D
:045DE8001C1B181850
:045DE9000118011884
:045DEA0001181D1867
:045DEB000A0C180086
:045DEC00201F1E0056
:045DED0021010A186E
:045DEE002423220F39
:045DEF001A26262525
:045DF00029281A271D
:045DF10000002B2A59
:045DF20000000000AD
:045DF3002C01001867
:045DF4001818242D2A
:045DF5002D2E180037
:045DF6001801182454
:045DF7001818181848
:045DF800181801185E
:045DF9001818181846
:045DFA00010A2F1C4F
:045DFB0030262D2EF3
:045DFC00183118241E
:045DFD0024262D2EFD
:045DFE00180A183235
:045DFF0024262D2EFB
:045E0000101818332B
:045E01003418181821
:045E0200180018016B
:045E030018242D2C06
:045E040018180A1848
:045E050033242E18FC
:045E0600180C181844
:045E0700031818184C
:045E08001818351819
:045E0900031818184A
:045E0A001818183517
:045E0B00011818184A
:045E0C000F010A2F49
:045E0D001818181831
:045E0E000F010A3640
:045E0F00181818182F
:045E10000318181843
:045E11001818180144
:045E1200181818182C
:045E13001818182F14
:045E14001C18181826
:045E150026383736BE
:045E16002D30262DD8
:045E17002E180A3601
:045E18002430262DDF
:045E19001818183508
:045E1A001818181824
:045E1B0000003A3910
:045E1C000000000082
:045E1D0000003C3B0A
:045E1E003E00003D05
:045E1F003F0318180D
:045E200000412A40D3
:045E2100000000007D
:045E22000042390001
:045E2300000000007B
:045E24003C444300B7
:045E25004500000034
:045E26004746180FC4
:045E2700002B2A48DA
:045E28004A004900E3
:045E2900003A394BB7
:045E2A004F4E4D4C3E
:045E2B004942515047
:045E2C000000000072
:045E2D00002B2A001C
:045E2E00534A524938
:045E2F00493A510398
:045E30005756555418
:045E31005A42595820
:045E32005D4B5C5B0D
:045E330000423940B0
:045E34005E5E5E5EF2
:045E35006261605FE7
:045E36005D4B5C5B09
:045E37004942594043
:045E380062625C5BEB
:045E39006261604BF7
:045E3A0062625C5BE9
:045E3B004747474B43
:045E3C00476347620F
:045E3D006262474016
:045E3E004747634728
:045E3F006500006496
:045E4000000000005E
:045E41000017250A17
:045E420000673A6655
:045E43003825006797
:045E4400692668263D
:045E45000000006AEF
:045E46003A6B66004D
:045E47006D6C6C0012
:045E480000006D6E7B
:045E49006B6F3A6FD2
:045E4A000A45003ACB
:045E4B007147701813
:045E4C007249000097
:045E4D0000730000DE
:045E4E00740F0000CD
:045E4F0077760075ED
:045E500001037802D0
:045E510018182626D1
:045E52001A2625796E
:045E5300007B7A272F
:045E5400170C0A0A13
:045E55001818010315
:045E5600471C1818B5
:045E5700477D477CC0
:045E580001010064E0
:045E59000A00010139
:045E5A0000010A0138
:045E5B001C180A0005
:045E5C001868263864
:045E5D003818181CBD
:045E5E00760C7E261A
:045E5F002F1D767607
:045E60001C181818DA
:045E610062626262B5
:045E62000200007FBB
:045E63000200010038
:045E640000800000BA
:045E650000010A1D11
:045E660001001C0A11
:045E67000182810A29
:045E6800011C848312
:045E6900011C350AD9
:045E6A00181C180ADE
:045E6B0025826938EB
:045E6C001085102568
:045E6D00181C3810B5
:045E6E00181C3518AF
:045E6F0018878636D4
:045E700000898824F9
:045E710066008A6CD1
:045E72006F66003A1D
:045E7300663A668B9A
:045E74000000008B9F
:045E75000000000029
:045E760000000F0F0A
:045E7700000F000018
:045E78000000000F17
:045E7900000F000F07
:045E7A00030300001E
:045E7B00030F000011
:045E7C000003000F10
:045E7D00000000031E
:045E7E0000030F000E
:045E7F000F0F000001
:045E80000F0E0F00F2
:045E81000F0000000E
:045E82000303030310
:045E83000300000F09
:045E84000F0F0F00ED
:045E85000F0E0F0FDE
:045E86000300030012
:045E8700030C030CF9
:045E88000C0C0C00F2
:045E89000303030C00
:045E8A000C00000305
:045E8B0000030C0301
:045E8C000F00000FF4
:045E8D000F0F0F0FD5
:045E8E0000030F03FB
:045E8F000A0A0A0AE7
:045E90000F01000FEF
:045E9100000F0F0FE0
:045E920000000F00FD
:045E93000E0E010FDF
:045E94000201000106
:045E95000000000108
:045E9600000F0F00EA
:045E9700010E0E0FDB
:045E98000D0E0F01DB
:045E99000F0F0F0ECA
:045E9A000E0F0F0FC9
:045E9B000E0E0E0ECB
:045E9C000A0A0A0FD5
:045E9D000A0E0F0AD0
:045E9E00000E0A0EDA
:045E9F0055AA5500AB
:045EA000000055AAFF
:045EA1000E0E0E00D3
:045EA2000E0F0F0EC2
:045EA3000E0E0E0FC2
:045EA4000F0F000FCD
:045EA5000D0E0F0EC1
:045EA6000D0F0D0FC0
:045EA70000000E0EDB
:045EA80000000F0ED9
:045EA9000D0E0F0FBC
:045EAA000F000F0FC7
:045EAB000F0F0E0FB8
:045EAC000E0F0E0FB8
:045EAD000E0E0F0FB7
:045EAE00AAAA550047
:045EAF000000555545
:045EB000FFFFFF00F1
:045EB10000FF80FF6F
:045EB20000F0F0000C
:045EB3000FF0F00FED
:045EB400F0F0F0001A
:045EB500000000F0F9
:045EB600FFFF55AAEB
:045EB700FFFF55553F
:045EB800F0000000F6
:045EB900FFFFFFF0F8
:045EBA000000F00FE5
:045EBB00F0F0F00F04
:045EBC00F0F0F0F022
:045EBD00000F0FF0D3
:045EBE00FFFF0000E2
:045EBF00FF000000E0
:045EC000000000FFDF
:045EC100FF00FF00DF
:045EC2000CCC0CCC2C
:045EC30000FF0000DC
:045EC400CC0CCCFF37
:045EC5000000000CCD
:045EC600AAAA55FF30
:045EC7000FF00FF0D9
:045EC800F00FF0FFE8
:045EC900AA5555AAD7
:045ECA005669A996D6
:045ECB005555AAAAD5
:045ECC0069A996AA80
:045ECD00000000567B
:045ECE00555555FFD2
:045ECF00FFFF00FFD2
:045ED000FCFCFCFCDE
:045ED100F000F000ED
:045ED20000F00000DC
:045ED300AAAAAAAA23
:045ED400000000AA20
:045ED500AAAAAAFFCC
:045ED600FFFFAAAA76
:045ED700FFFFFFFFCB
:045ED800F0F0F0FFF7
:045ED90000F0F0F0F5
:045EDA00000000556F
:045EDB005555000019
:045EDC000000AAAA6E
:045EDD000F0F0E0E87
:045EDE000E0F0E0E87
:045EDF000F0F0E0D86
:045EE00055005555BF
:045EE1005500000068
:045EE2000000550067
:045EE3005500550011
:045EE4005555555566
:045EE500F0F00F0FBB
:045EE6000F0FF0F0BA
:045EE700FF80FFFF3A
:045EE800F0F00000D6
:045EE9000F030F0F85
:045EEA00000F0F0393
:045EEB000F000F0095
:045EEC000F0C0F0C7C
:045EED000C0F0C0F7B
:045EEE0000010E0F92
:045EEF000A0E0A0A83
:045EF000000E0F0E83
:045EF100F3F3F3F3E1
:045EF200F0F0F0F3E9
:045EF300000F0E0E80
:045EF40000FFFFFFAD
:045EF5000055000054
:045EF6000E000F0F7C
:045EF700000E0E0E7D
:045EF8000E0E00008A
:045EF9000F000E0E7A
:045EFA00000F0F0E78
:045EFB000F0E0E0F69
:045EFC00000E0F0F76
:045EFD000F0E0F0E67
:045EFE00000F0E0F74
:045EFF000000FFAAF6
:045F0000005555559E
:045F01000000CE6A64
:045F0200FEC78A222A
:045F03000000C7E2F1
:045F0400FF337F3AAE
:045F05000000CA7F4F
:045F0600FF5DC2E396
:045F070000014162F2
:045F0800FED7F23A94
:045F090000013D76E0
:045F0A00FF31247DC2
:045F0B000001164536
:045F0C00FFD09D9194
:045F0D00000147EA5E
:045F0E00FFA4CB42DF
:045F0F000001000F7E
:045F10000085867210
:045F11000001401338
:045F12000067F62707
:045F13000000000684
:045F14000000000B7E
:045F15000000000F79
:045F16000000000087
:045F17000000000185
:045F18000000000283
:045F19000000000381
:045F1A00000000047F
:045F1B00000000067C
:045F1C00000000077A
:045F1D000000000878
:045F1E000000000976
:045F1F000000000A74
:045F20000000000C71
:045F21000000000D6F
:045F22000000000E6D
:045F23000000000F6B
:045F24000000000F6A
:045F25000000000F69
:045F26000000000077
:045F2700FFFFFFFD7C
:045F2800FFFFFFFE7A
:045F2900FFFFFFFF78
:045F2A000000000172
:045F2B000000000270
:045F2C00000000036E
:045F2D00000000046C
:045F2E00000000006F
:045F2F00FFFFFFFF72
:045F3000FFFFFFFF71
:045F3100000000006C
:045F3200000000006B
:045F33000000000169
:045F34000000000168
:045F35000000000266
:045F36000000004126
:045F37000000004224
:045F38000000002045
:045F39000000003034
:045F3A000000001053
:045F3B00000000382A
:045F3C000000001849
:045F3D000000000858
:045F3E000000003C23
:045F3F000000001C42
:045F40000000000C51
:045F41000000000458
:045F42000000001E3D
:045F43000000000E4C
:045F44000000000653
:045F45000000000256
:045F46000000001F38
:045F47000000000F47
:045F4800000000074E
:045F49000000000351
:045F4A000000000152
:045F4B00030201004C
:045F4C00070605043B
:045F4D000B0A09082A
:045F4E0000000D0C36
:045F4F000202010049
:045F50000303030341
:045F5100040404043C
:045F5200040404043B
:045F53000505050536
:045F54000505050535
:045F55000505050534
:045F56000505050533
:045F5700060606062E
:045F5800060606062D
:045F5900060606062C
:045F5A00060606062B
:045F5B00060606062A
:045F5C000606060629
:045F5D000606060628
:045F5E000606060627
:045F5F000707070722
:045F60000707070721
:045F61000707070720
:045F6200070707071F
:045F6300070707071E
:045F6400070707071D
:045F6500070707071C
:045F6600070707071B
:045F6700070707071A
:045F68000707070719
:045F69000707070718
:045F6A000707070717
:045F6B000707070716
:045F6C000707070715
:045F6D000707070714
:045F6E000707070713
:045F6F00080808080E
:045F7000080808080D
:045F7100080808080C
:045F7200080808080B
:045F7300080808080A
:045F74000808080809
:045F75000808080808
:045F76000808080807
:045F77000808080806
:045F78000808080805
:045F79000808080804
:045F7A000808080803
:045F7B000808080802
:045F7C000808080801
:045F7D000808080800
:045F7E0008080808FF
:045F7F0008080808FE
:045F800008080808FD
:045F810008080808FC
:045F820008080808FB
:045F830008080808FA
:045F840008080808F9
:045F850008080808F8
:045F860008080808F7
:045F870008080808F6
:045F880008080808F5
:045F890008080808F4
:045F8A0008080808F3
:045F8B0008080808F2
:045F8C0008080808F1
:045F8D0008080808F0
:045F8E0008080808EF
:045F8F007665642FA0
:045F9000616D642FAC
:045F9100000100000B
:045F92000800000201
:045F930008000004FE
:045F940008000800F9
:045F95000000040004
:045F96000000000403
:045F970000000008FE
:045F980000000010F5
:045F990000000020E4
:045F9A0000000040C3
:045F9B000000008082
:045F9C000000010000
:045F9D0000000200FE
:045F9E0000000000FF
:045F9F000001745E2B
:045FA00000000000FD
:045FA10000000000FC
:045FA20000000000FB
:045FA30000000000FA
:045FA40000000000F9
:045FA50000000000F8
:045FA60000000000F7
:045FA700000174E69B
:045FA80000000000F5
:045FA90000000000F4
:045FAA0000000000F3
:045FAB000001739CE2
:045FAC0000000000F1
:045FAD00000172BCC1
:045FAE0000000000EF
:045FAF000001767601
:045FB00000000000ED
:045FB10000000000EC
:045FB20000000000EB
:045FB30000000000EA
:045FB40000000000E9
:045FB50000000000E8
:045FB60000000000E7
:045FB700000176D29D
:045FB80000000000E5
:045FB90000000000E4
:045FBA0000000000E3
:045FBB000001762843
:045FBC0000000000E1
:045FBD00000175D496
:045FBE00000050008F
:045FBF0000014A8C07
:045FC000000050018C
:045FC100000149D0C2
:045FC2000000500289
:045FC300000149E4AC
:045FC4000000500386
:045FC5000001497816
:045FC6000000500483
:045FC70000014B7C0E
:045FC8000000500580
:045FC90000014C087F
:045FCA00000050067D
:045FCB0000014AFC8B
:045FCC00000050077A
:045FCD0000014AA4E1
:045FCE000000500E71
:045FCF0000014BC4BE
:045FD0000000500F6E
:045FD10000014C3847
:045FD200000050116A
:045FD3000001481C65
:045FD4000000501069
:045FD5000001482857
:045FD6000000501265
:045FD700000148A8D5
:045FD800000050086D
:045FD90000014A7405
:045FDA00000050096A
:045FDB00000149BCBC
:045FDC000000500A67
:045FDD0000014C6013
:045FDE000000500B64
:045FDF000001492054
:045FE000000050135A
:045FE10000014B5C14
:045FE2000000500C5F
:045FE30000014D006C
:045FE4000000500D5C
:045FE50000014DB8B2
:045FE6000000003F78
:045FE7000000003F77
:045FE80000000000B5
:045FE90000000000B4
:045FEA0000000002B1
:045FEB0000000000B2
:045FEC0000000001B0
:045FED0000000000B0
:045FEE0000000000AF
:045FEF0000000000AE
:045FF0000000021C8F
:045FF10000000000AC
:045FF20000000000AB
:045FF30000000000AA
:045FF40000017E3CEE
:045FF50000000003A5
:045FF6000001694CF1
:045FF70000016944F8
:045FF8000001800024
:045FF90000000000A4
:045FFA0000000000A3
:045FFB0000017E3CE7
:045FFC00000169A88F
:045FFD00000169C076
:045FFE000001693CF9
:045FFF00000180001D
:046000000400010097
:04600100000000009B
:04600200000000009A
:046003000000000099
:046004000000000098
:046005000000000394
:046006000000FFFF98
:04600700000168909C
:046008000000000094
:046009000000000093
:04600A000000000092
:04600B000000000091
:04600C000000000090
:04600D00000000008F
:04600E00000000008E
:04600F00000000008D
:04601000000000008C
:04601100000000008B
:04601200000000008A
:046013000000000089
:046014000000000088
:046015000000000087
:046016000000000086
:046017000000000085
:046018000000000084
:046019000000000083
:04601A000000000082
:04601B000000000081
:04601C000000000080
:04601D00000000007F
:04601E00000000007E
:04601F00000000007D
:04602000000000007C
:04602100000000007B
:04602200000000007A
:046023000000000079
:046024000000000078
:046025000000000077
:046026000000000076
:046027000000000075
:046028000000000074
:046029000400080067
:04602A000000000072
:04602B000000000D64
:04602C00000000046C
:04602D00000000006F
:04602E00000000105E
:04602F0000016B38C9
:046030000000008FDD
:046031000000008EDD
:046032000000008DDD
:046033000000008CDD
:046034000000008BDD
:046035000000008ADD
:0460360000000089DD
:0460370000000088DD
:0460380000000087DD
:0460390000000086DD
:04603A0000000085DD
:04603B0000000084DD
:04603C0000000083DD
:04603D00000000005F
:04603E00000000005E
:04603F00000000005D
:04604000000000005C
:04604100000000005B
:04604200000000005A
:046043000000000059
:046044000000000058
:046045000000000057
:046046000000000056
:046047000000000055
:046048000000000054
:046049000000000053
:04604A000000000052
:04604B000000000051
:04604C000000000050
:04604D00000000004F
:04604E00000000004E
:04604F00000000004D
:046050000002000347
:0460510000000F0F2D
:046052000000000545
:046053000000000544
:046054000400141818
:04605500000000083F
:04605600010005063A
:046057000000000243
:046058000B0702012F
:04605900100B090A15
:04605A0000001D1312
:04605B0000200525F7
:04605C0000292409EA
:04605D000005020137
:04605E000020040218
:04605F000001081024
:046060000001060C29
:046061000005030231
:0460620020162A26B4
:04606300261A231DB9
:0460640000019B0498
:046065000000000433
:046066000002000034
:0460670004000140F0
:04606800000181A012
:04606900000181A011
:04606A00000181A808
:04606B00000181A807
:04606C000000000030
:04606D00000000002F
:04606E00000000002E
:04606F00000000002D
:04607000000000002C
:04607100000000002B
:04607200000000002A
:046073000000000029
:046074000000000028
:046075000000000027
:046076000000000026
:046077000000000025
:046078000000000024
:046079000000000023
:04607A000000000022
:04607B000000000021
:04607C000000000020
:04607D00000000001F
:04607E00000000001E
:04607F00000000001D
:04608000000000001C
:04608100000000001B
:04608200000000001A
:046083000000000019
:046084000000000018
:046085000000000017
:046086000000000016
:046087000000000015
:046088000000000014
:046089000000000013
:04608A000000000012
:04608B000000000011
:04608C000000000010
:04608D00000000000F
:04608E00000000000E
:04608F00000000000D
:04609000000000000C
:04609100000000000B
:04609200000000000A
:046093000000000009
:046094000000000008
:046095000000000007
:046096000000000006
:046097000000000005
:046098000000000004
:046099000000000003
:04609A000000000002
:04609B000000000001
:04609C000000000000
:04609D0000000000FF
:04609E0000000000FE
:04609F0000000000FD
:0460A00000000000FC
:0460A10000000000FB
:0460A20000000000FA
:0460A30000000000F9
:0460A40000000000F8
:0460A50000000000F7
:0460A60000000000F6
:0460A70000000000F5
:0460A80000000000F4
:0460A90000000000F3
:0460AA0000000000F2
:0460AB0000000000F1
:0460AC0000000000F0
:0460AD0000000000EF
:0460AE0000000000EE
:0460AF0000000000ED
:0460B00000000000EC
:0460B10000000000EB
:0460B20000000000EA
:0460B30000000000E9
:0460B40000000000E8
:0460B50000000000E7
:0460B60000000000E6
:0460B70000000000E5
:0460B80000000000E4
:0460B90000000000E3
:0460BA0000000000E2
:0460BB0000000000E1
:0460BC0000000000E0
:0460BD0000000000DF
:0460BE0000000000DE
:0460BF0000000000DD
:0460C00000000000DC
:0460C10000000000DB
:0460C20000000000DA
:0460C30000000000D9
:0460C40000000000D8
:0460C50000000000D7
:0460C60000000000D6
:0460C70000000000D5
:0460C80000000000D4
:0460C90000000000D3
:0460CA0000000000D2
:0460CB0000000000D1
:0460CC0000000000D0
:0460CD0000000000CF
:0460CE0000000000CE
:0460CF0000000000CD
:0460D00000000000CC
:0460D10000000000CB
:0460D20000000000CA
:0460D30000000000C9
:0460D40000000000C8
:0460D50000000000C7
:0460D60000000000C6
:0460D70000000000C5
:0460D80000000000C4
:0460D90000000000C3
:0460DA0000000000C2
:0460DB0000000000C1
:0460DC0000000000C0
:0460DD0000000000BF
:0460DE0000000000BE
:0460DF0000000000BD
:0460E00000000000BC
:0460E10000000000BB
:0460E20000000000BA
:0460E30000000000B9
:0460E40000000000B8
:0460E50000000000B7
:0460E60000000000B6
:0460E70000000000B5
:0460E80000000000B4
:0460E90000000000B3
:0460EA0000000000B2
:0460EB0000000000B1
:0460EC0000000000B0
:0460ED0000000000AF
:0460EE0000000000AE
:0460EF0000000000AD
:0460F00000000000AC
:0460F10000000000AB
:0460F20000000000AA
:0460F30000000000A9
:0460F40000000000A8
:0460F50000000000A7
:0460F60000000000A6
:0460F70000000000A5
:0460F80000000000A4
:0460F90000000000A3
:0460FA0000000000A2
:0460FB0000000000A1
:0460FC0000000000A0
:0460FD00000000009F
:0460FE00000000009E
:0460FF00000000009D
:04610000000000009B
:04610100000000009A
:046102000000000099
:046103000000000098
:046104000000000097
:046105000000000096
:046106000000000095
:046107000000000094
:046108000000000093
:046109000000000092
:04610A000000000091
:04610B000000000090
:04610C00000000008F
:04610D00000000008E
:04610E00000000008D
:04610F00000000008C
:04611000000000008B
:04611100000000008A
:046112000000000089
:046113000000000088
:046114000000000087
:046115000000000086
:046116000000000085
:046117000000000084
:046118000000000083
:046119000000000082
:04611A000000000081
:04611B000000000080
:04611C00000000007F
:04611D00000000007E
:04611E00000000007D
:04611F00000000007C
:04612000000000007B
:04612100000000007A
:046122000000000079
:046123000000000078
:046124000000000077
:046125000000000076
:046126000000000075
:046127000000000074
:046128000000000073
:046129000000000072
:04612A000000000071
:04612B000000000070
:04612C00000000006F
:04612D00000000006E
:04612E00000000006D
:04612F00000000006C
:04613000000000006B
:04613100000000006A
:046132000000000069
:046133000000000068
:046134000000000067
:046135000000000066
:046136000000000065
:046137000000000064
:046138000000000063
:046139000000000062
:04613A000000000061
:04613B000000000060
:04613C00000000005F
:04613D00000000005E
:04613E00000000005D
:04613F00000000005C
:04614000000000005B
:04614100000000005A
:046142000000000059
:046143000000000058
:046144000000000057
:046145000000000056
:046146000000000055
:046147000000000054
:046148000000000053
:046149000000000052
:04614A000000000051
:04614B000000000050
:04614C00000000004F
:04614D00000000004E
:04614E00000000004D
:04614F00000000004C
:04615000000000004B
:04615100000000004A
:046152000000000049
:046153000000000048
:046154000000000047
:046155000000000046
:046156000000000045
:046157000000000044
:046158000000000043
:046159000000000042
:04615A000000000041
:04615B000000000040
:04615C00000000003F
:04615D00000000003E
:04615E00000000003D
:04615F00000000003C
:04616000000000003B
:04616100000000003A
:046162000000000039
:046163000000000038
:046164000000000037
:046165000000000036
:046166000000000035
:046167000000000034
:046168000000000033
:046169000000000032
:04616A000000000031
:04616B000000000030
:04616C00000000002F
:04616D00000000002E
:04616E00000000002D
:04616F00000000002C
:04617000000000002B
:04617100000000002A
:046172000000000029
:046173000000000028
:046174000000000027
:046175000000000026
:046176000000000025
:046177000000000024
:046178000000000023
:046179000000000022
:04617A000000000021
:04617B000000000020
:04617C00000000001F
:04617D00000000001E
:04617E00000000001D
:04617F00000000001C
:04618000000000001B
:04618100000000001A
:046182000000000019
:046183000000000018
:046184000000000017
:046185000000000016
:046186000000000015
:046187000000000014
:046188000000000013
:046189000000000012
:04618A000000000011
:04618B000000000010
:04618C00000000000F
:04618D00000000000E
:04618E00000000000D
:04618F00000000000C
:04619000000000000B
:04619100000000000A
:046192000000000009
:046193000000000008
:046194000000000007
:046195000000000006
:046196000000000005
:046197000000000004
:046198000000000003
:046199000000000002
:04619A000000000001
:04619B000000000000
:04619C0000000000FF
:04619D0000000000FE
:04619E0000000000FD
:04619F0000000000FC
:0461A00000000000FB
:0461A10000000000FA
:0461A20000000000F9
:0461A30000000000F8
:0461A40000000000F7
:0461A50000000000F6
:0461A60000000000F5
:0461A70000000000F4
:0461A80000000000F3
:0461A90000000000F2
:0461AA0000000000F1
:0461AB0000000000F0
:0461AC0000000000EF
:0461AD0000000000EE
:0461AE0000000000ED
:0461AF0000000000EC
:0461B00000000000EB
:0461B10000000000EA
:0461B20000000000E9
:0461B30000000000E8
:0461B40000000000E7
:0461B50000000000E6
:0461B60000000000E5
:0461B70000000000E4
:0461B80000000000E3
:0461B90000000000E2
:0461BA0000000000E1
:0461BB0000000000E0
:0461BC0000000000DF
:0461BD0000000000DE
:0461BE0000000000DD
:0461BF0000000000DC
:0461C00000000000DB
:0461C10000000000DA
:0461C20000000000D9
:0461C30000000000D8
:0461C40000000000D7
:0461C50000000000D6
:0461C60000000000D5
:0461C70000000000D4
:0461C80000000000D3
:0461C90000000000D2
:0461CA0000000000D1
:0461CB0000000000D0
:0461CC0000000000CF
:0461CD0000000000CE
:0461CE0000000000CD
:0461CF0000000000CC
:0461D00000000000CB
:0461D10000000000CA
:0461D20000000000C9
:0461D30000000000C8
:0461D40000000000C7
:0461D50000000000C6
:0461D60000000000C5
:0461D70000000000C4
:0461D80000000000C3
:0461D90000000000C2
:0461DA0000000000C1
:0461DB0000000000C0
:0461DC0000000000BF
:0461DD0000000000BE
:0461DE0000000000BD
:0461DF0000000000BC
:0461E00000000000BB
:0461E10000000000BA
:0461E20000000000B9
:0461E30000000000B8
:0461E40000000000B7
:0461E50000000000B6
:0461E60000000000B5
:0461E70000000000B4
:0461E80000000000B3
:0461E90000000000B2
:0461EA0000000000B1
:0461EB0000000000B0
:0461EC0000000000AF
:0461ED0000000000AE
:0461EE0000000000AD
:0461EF0000000000AC
:0461F00000000000AB
:0461F10000000000AA
:0461F20000000000A9
:0461F30000000000A8
:0461F40000000000A7
:0461F50000000000A6
:0461F60000000000A5
:0461F70000000000A4
:0461F80000000000A3
:0461F90000000000A2
:0461FA0000000000A1
:0461FB0000000000A0
:0461FC00000000009F
:0461FD00000000009E
:0461FE00000000009D
:0461FF00000000009C
:04620000000000009A
:046201000000000099
:046202000000000098
:046203000000000097
:046204000000000096
:046205000000000095
:046206000000000094
:046207000000000093
:046208000000000092
:046209000000000091
:04620A000000000090
:04620B00000000008F
:04620C00000000008E
:04620D00000000008D
:04620E00000000008C
:04620F00000000008B
:04621000000000008A
:046211000000000089
:046212000000000088
:046213000000000087
:046214000000000086
:046215000000000085
:046216000000000084
:046217000000000083
:046218000000000082
:046219000000000081
:04621A000000000080
:04621B00000000007F
:04621C00000000007E
:04621D00000000007D
:04621E00000000007C
:04621F00000000007B
:04622000000000007A
:046221000000000079
:046222000000000078
:046223000000000077
:046224000000000076
:046225000000000075
:046226000000000074
:046227000000000073
:046228000000000072
:046229000000000071
:04622A000000000070
:04622B00000000006F
:04622C00000000006E
:04622D00000000006D
:04622E00000000006C
:04622F00000000006B
:04623000000000006A
:046231000000000069
:046232000000000068
:046233000000000067
:046234000000000066
:046235000000000065
:046236000000000064
:046237000000000063
:046238000000000062
:046239000000000061
:04623A000000000060
:04623B00000000005F
:04623C00000000005E
:04623D00000000005D
:04623E00000000005C
:04623F00000000005B
:04624000000000005A
:046241000000000059
:046242000000000058
:046243000000000057
:046244000000000056
:046245000000000055
:046246000000000054
:046247000000000053
:046248000000000052
:046249000000000051
:04624A000000000050
:04624B00000000004F
:04624C00000000004E
:04624D00000000004D
:04624E00000000004C
:04624F00000000004B
:04625000000000004A
:046251000000000049
:046252000000000048
:046253000000000047
:046254000000000046
:046255000000000045
:046256000000000044
:046257000000000043
:046258000000000042
:046259000000000041
:04625A000000000040
:04625B00000000003F
:04625C00000000003E
:04625D00000000003D
:04625E00000000003C
:04625F00000000003B
:04626000000000003A
:046261000000000039
:046262000000000038
:046263000000000037
:046264000000000036
:046265000000000035
:046266000000000034
:046267000000000033
:046268000000000032
:046269000000000031
:04626A000000000030
:04626B00000000002F
:04626C00000000002E
:04626D00000000002D
:04626E00000000002C
:04626F00000000002B
:04627000000000002A
:046271000000000029
:046272000000000028
:046273000000000027
:046274000000000026
:046275000000000025
:046276000000000024
:046277000000000023
:046278000000000022
:046279000000000021
:04627A000000000020
:04627B00000000001F
:04627C00000000001E
:04627D00000000001D
:04627E00000000001C
:04627F00000000001B
:04628000000000001A
:046281000000000019
:046282000000000018
:046283000000000017
:046284000000000016
:046285000000000015
:046286000000000014
:046287000000000013
:046288000000000012
:046289000000000011
:04628A000000000010
:04628B00000000000F
:04628C00000000000E
:04628D00000000000D
:04628E00000000000C
:04628F00000000000B
:04629000000000000A
:046291000000000009
:046292000000000008
:046293000000000007
:046294000000000006
:046295000000000005
:046296000000000004
:046297000000000003
:046298000000000002
:046299000000000001
:04629A000000000000
:04629B0000000000FF
:04629C0000000000FE
:04629D0000000000FD
:04629E0000000000FC
:04629F0000000000FB
:0462A00000000000FA
:0462A10000000000F9
:0462A20000000000F8
:0462A30000000000F7
:0462A40000000000F6
:0462A50000000000F5
:0462A60000000000F4
:0462A70000000000F3
:0462A80000000000F2
:0462A90000000000F1
:0462AA0000000000F0
:0462AB0000000000EF
:0462AC0000000000EE
:0462AD0000000000ED
:0462AE0000000000EC
:0462AF0000000000EB
:0462B00000000000EA
:0462B10000000000E9
:0462B20000000000E8
:0462B30000000000E7
:0462B40000000000E6
:0462B50000000000E5
:0462B60000000000E4
:0462B70000000000E3
:0462B80000000000E2
:0462B90000000000E1
:0462BA0000000000E0
:0462BB0000000000DF
:0462BC0000000000DE
:0462BD0000000000DD
:0462BE0000000000DC
:0462BF0000000000DB
:0462C00000000000DA
:0462C10000000000D9
:0462C20000000000D8
:0462C30000000000D7
:0462C40000000000D6
:0462C50000000000D5
:0462C60000000000D4
:0462C70000000000D3
:0462C80000000000D2
:0462C90000000000D1
:0462CA0000000000D0
:0462CB0000000000CF
:0462CC0000000000CE
:0462CD0000000000CD
:0462CE0000000000CC
:0462CF0000000000CB
:0462D00000000000CA
:0462D10000000000C9
:0462D20000000000C8
:0462D30000000000C7
:0462D40000000000C6
:0462D50000000000C5
:0462D60000000000C4
:0462D70000000000C3
:0462D80000000000C2
:0462D90000000000C1
:0462DA0000000000C0
:0462DB0000000000BF
:0462DC0000000000BE
:0462DD0000000000BD
:0462DE0000000000BC
:0462DF0000000000BB
:0462E00000000000BA
:0462E10000000000B9
:0462E20000000000B8
:0462E30000000000B7
:0462E40000000000B6
:0462E50000000000B5
:0462E60000000000B4
:0462E70000000000B3
:0462E80000000000B2
:0462E90000000000B1
:0462EA0000000000B0
:0462EB0000000000AF
:0462EC0000000000AE
:0462ED0000000000AD
:0462EE0000000000AC
:0462EF0000000000AB
:0462F00000000000AA
:0462F10000000000A9
:0462F20000000000A8
:0462F30000000000A7
:0462F40000000000A6
:0462F50000000000A5
:0462F60000000000A4
:0462F70000000000A3
:0462F80000000000A2
:0462F90000000000A1
:0462FA0000000000A0
:0462FB00000000009F
:0462FC00000000009E
:0462FD00000000009D
:0462FE00000000009C
:0462FF00000000009B
:046300000000000099
:046301000000000098
:046302000000000097
:046303000000000096
:046304000000000095
:046305000000000094
:046306000000000093
:046307000000000092
:046308000000000091
:046309000000000090
:04630A00000000008F
:04630B00000000008E
:04630C00000000008D
:04630D00000000008C
:04630E00000000008B
:04630F00000000008A
:046310000000000089
:046311000000000088
:046312000000000087
:046313000000000086
:046314000000000085
:046315000000000084
:046316000000000083
:046317000000000082
:046318000000000081
:046319000000000080
:04631A00000000007F
:04631B00000000007E
:04631C00000000007D
:04631D00000000007C
:04631E00000000007B
:04631F00000000007A
:046320000000000079
:046321000000000078
:046322000000000077
:046323000000000076
:046324000000000075
:046325000000000074
:046326000000000073
:046327000000000072
:046328000000000071
:046329000000000070
:04632A00000000006F
:04632B00000000006E
:04632C00000000006D
:04632D00000000006C
:04632E00000000006B
:04632F00000000006A
:046330000000000069
:046331000000000068
:046332000000000067
:046333000000000066
:046334000000000065
:046335000000000064
:046336000000000063
:046337000000000062
:046338000000000061
:046339000000000060
:04633A00000000005F
:04633B00000000005E
:04633C00000000005D
:04633D00000000005C
:04633E00000000005B
:04633F00000000005A
:046340000000000059
:046341000000000058
:046342000000000057
:046343000000000056
:046344000000000055
:046345000000000054
:046346000000000053
:046347000000000052
:046348000000000051
:046349000000000050
:04634A00000000004F
:04634B00000000004E
:04634C00000000004D
:04634D00000000004C
:04634E00000000004B
:04634F00000000004A
:046350000000000049
:046351000000000048
:046352000000000047
:046353000000000046
:046354000000000045
:046355000000000044
:046356000000000043
:046357000000000042
:046358000000000041
:046359000000000040
:04635A00000000003F
:04635B00000000003E
:04635C00000000003D
:04635D00000000003C
:04635E00000000003B
:04635F00000000003A
:046360000000000039
:046361000000000038
:046362000000000037
:046363000000000036
:046364000000000035
:046365000000000034
:046366000000000033
:046367000000000032
:046368000000000031
:046369000000000030
:04636A00000000002F
:04636B00000000002E
:04636C00000000002D
:04636D00000000002C
:04636E00000000002B
:04636F00000000002A
:046370000000000029
:046371000000000028
:046372000000000027
:046373000000000026
:046374000000000025
:046375000000000024
:046376000000000023
:046377000000000022
:046378000000000021
:046379000000000020
:04637A00000000001F
:04637B00000000001E
:04637C00000000001D
:04637D00000000001C
:04637E00000000001B
:04637F00000000001A
:046380000000000019
:046381000000000018
:046382000000000017
:046383000000000016
:046384000000000015
:046385000000000014
:046386000000000013
:046387000000000012
:046388000000000011
:046389000000000010
:04638A00000000000F
:04638B00000000000E
:04638C00000000000D
:04638D00000000000C
:04638E00000000000B
:04638F00000000000A
:046390000000000009
:046391000000000008
:046392000000000007
:046393000000000006
:046394000000000005
:046395000000000004
:046396000000000003
:046397000000000002
:046398000000000001
:046399000000000000
:04639A0000000000FF
:04639B0000000000FE
:04639C0000000000FD
:04639D0000000000FC
:04639E0000000000FB
:04639F0000000000FA
:0463A00000000000F9
:0463A10000000000F8
:0463A20000000000F7
:0463A30000000000F6
:0463A40000000000F5
:0463A50000000000F4
:0463A60000000000F3
:0463A70000000000F2
:0463A80000000000F1
:0463A90000000000F0
:0463AA0000000000EF
:0463AB0000000000EE
:0463AC0000000000ED
:0463AD0000000000EC
:0463AE0000000000EB
:0463AF0000000000EA
:0463B00000000000E9
:0463B10000000000E8
:0463B20000000000E7
:0463B30000000000E6
:0463B40000000000E5
:0463B50000000000E4
:0463B60000000000E3
:0463B70000000000E2
:0463B80000000000E1
:0463B90000000000E0
:0463BA0000000000DF
:0463BB0000000000DE
:0463BC0000000000DD
:0463BD0000000000DC
:0463BE0000000000DB
:0463BF0000000000DA
:0463C00000000000D9
:0463C10000000000D8
:0463C20000000000D7
:0463C30000000000D6
:0463C40000000000D5
:0463C50000000000D4
:0463C60000000000D3
:0463C70000000000D2
:0463C80000000000D1
:0463C90000000000D0
:0463CA0000000000CF
:0463CB0000000000CE
:0463CC0000000000CD
:0463CD0000000000CC
:0463CE0000000000CB
:0463CF0000000000CA
:0463D00000000000C9
:0463D10000000000C8
:0463D20000000000C7
:0463D30000000000C6
:0463D40000000000C5
:0463D50000000000C4
:0463D60000000000C3
:0463D70000000000C2
:0463D80000000000C1
:0463D90000000000C0
:0463DA0000000000BF
:0463DB0000000000BE
:0463DC0000000000BD
:0463DD0000000000BC
:0463DE0000000000BB
:0463DF0000000000BA
:0463E00000000000B9
:0463E10000000000B8
:0463E20000000000B7
:0463E30000000000B6
:0463E40000000000B5
:0463E50000000000B4
:0463E60000000000B3
:0463E70000000000B2
:0463E80000000000B1
:0463E90000000000B0
:0463EA0000000000AF
:0463EB0000000000AE
:0463EC0000000000AD
:0463ED0000000000AC
:0463EE0000000000AB
:0463EF0000000000AA
:0463F00000000000A9
:0463F10000000000A8
:0463F20000000000A7
:0463F30000000000A6
:0463F40000000000A5
:0463F50000000000A4
:0463F60000000000A3
:0463F70000000000A2
:0463F80000000000A1
:0463F90000000000A0
:0463FA00000000009F
:0463FB00000000009E
:0463FC00000000009D
:0463FD00000000009C
:0463FE00000000009B
:0463FF00000000009A
:046400000000000098
:046401000000000097
:046402000000000096
:046403000000000095
:046404000000000094
:046405000000000093
:046406000000000092
:046407000000000091
:046408000000000090
:04640900000000008F
:04640A00000000008E
:04640B00000000008D
:04640C00000000008C
:04640D00000000008B
:04640E00000000008A
:04640F000000000089
:046410000000000088
:046411000000000087
:046412000000000086
:046413000000000085
:046414000000000084
:046415000000000083
:046416000000000082
:046417000000000081
:046418000000000080
:04641900000000007F
:04641A00000000007E
:04641B00000000007D
:04641C00000000007C
:04641D00000000007B
:04641E00000000007A
:04641F000000000079
:046420000000000078
:046421000000000077
:046422000000000076
:046423000000000075
:046424000000000074
:046425000000000073
:046426000000000072
:046427000000000071
:046428000000000070
:04642900000000006F
:04642A00000000006E
:04642B00000000006D
:04642C00000000006C
:04642D00000000006B
:04642E00000000006A
:04642F000000000069
:046430000000000068
:046431000000000067
:046432000000000066
:046433000000000065
:046434000000000064
:046435000000000063
:046436000000000062
:046437000000000061
:046438000000000060
:04643900000000005F
:04643A00000000005E
:04643B00000000005D
:04643C00000000005C
:04643D00000000005B
:04643E00000000005A
:04643F000000000059
:046440000000000058
:046441000000000057
:046442000000000056
:046443000000000055
:046444000000000054
:046445000000000053
:046446000000000052
:046447000000000051
:046448000000000050
:04644900000000004F
:04644A00000000004E
:04644B00000000004D
:04644C00000000004C
:04644D00000000004B
:04644E00000000004A
:04644F000000000049
:046450000000000048
:046451000000000047
:046452000000000046
:046453000000000045
:046454000000000044
:046455000000000043
:046456000000000042
:046457000000000041
:046458000000000040
:04645900000000003F
:04645A00000000003E
:04645B00000000003D
:04645C00000000003C
:04645D00000000003B
:04645E00000000003A
:04645F000000000039
:046460000000000038
:046461000000000037
:046462000000000036
:046463000000000035
:046464000000000034
:046465000000000033
:046466000000000032
:046467000000000031
:046468000000000030
:04646900000000002F
:04646A00000000002E
:04646B00000000002D
:04646C00000000002C
:04646D00000000002B
:04646E00000000002A
:04646F000000000029
:046470000000000028
:046471000000000027
:046472000000000026
:046473000000000025
:046474000000000024
:046475000000000023
:046476000000000022
:046477000000000021
:046478000000000020
:04647900000000001F
:04647A00000000001E
:04647B00000000001D
:04647C00000000001C
:04647D00000000001B
:04647E00000000001A
:04647F000000000019
:046480000000000018
:046481000000000017
:046482000000000016
:046483000000000015
:046484000000000014
:046485000000000013
:046486000000000012
:046487000000000011
:046488000000000010
:04648900000000000F
:04648A00000000000E
:04648B00000000000D
:04648C00000000000C
:04648D00000000000B
:04648E00000000000A
:04648F000000000009
:046490000000000008
:046491000000000007
:046492000000000006
:046493000000000005
:046494000000000004
:046495000000000003
:046496000000000002
:046497000000000001
:046498000000000000
:0464990000000000FF
:04649A0000000000FE
:04649B0000000000FD
:04649C0000000000FC
:04649D0000000000FB
:04649E0000000000FA
:04649F0000000000F9
:0464A00000000000F8
:0464A10000000000F7
:0464A20000000000F6
:0464A30000000000F5
:0464A40000000000F4
:0464A50000000000F3
:0464A60000000000F2
:0464A70000000000F1
:0464A80000000000F0
:0464A90000000000EF
:0464AA0000000000EE
:0464AB0000000000ED
:0464AC0000000000EC
:0464AD0000000000EB
:0464AE0000000000EA
:0464AF0000000000E9
:0464B00000000000E8
:0464B10000000000E7
:0464B20000000000E6
:0464B30000000000E5
:0464B40000000000E4
:0464B50000000000E3
:0464B60000000000E2
:0464B70000000000E1
:0464B80000000000E0
:0464B90000000000DF
:0464BA0000000000DE
:0464BB0000000000DD
:0464BC0000000000DC
:0464BD0000000000DB
:0464BE0000000000DA
:0464BF0000000000D9
:0464C00000000000D8
:0464C10000000000D7
:0464C20000000000D6
:0464C30000000000D5
:0464C40000000000D4
:0464C50000000000D3
:0464C60000000000D2
:0464C70000000000D1
:0464C80000000000D0
:0464C90000000000CF
:0464CA0000000000CE
:0464CB0000000000CD
:0464CC0000000000CC
:0464CD0000000000CB
:0464CE0000000000CA
:0464CF0000000000C9
:0464D00000000000C8
:0464D10000000000C7
:0464D20000000000C6
:0464D30000000000C5
:0464D40000000000C4
:0464D50000000000C3
:0464D60000000000C2
:0464D70000000000C1
:0464D80000000000C0
:0464D90000000000BF
:0464DA0000000000BE
:0464DB0000000000BD
:0464DC0000000000BC
:0464DD0000000000BB
:0464DE0000000000BA
:0464DF0000000000B9
:0464E00000000000B8
:0464E10000000000B7
:0464E20000000000B6
:0464E30000000000B5
:0464E40000000000B4
:0464E50000000000B3
:0464E60000000000B2
:0464E70000000000B1
:0464E80000000000B0
:0464E90000000000AF
:0464EA0000000000AE
:0464EB0000000000AD
:0464EC0000000000AC
:0464ED0000000000AB
:0464EE0000000000AA
:0464EF0000000000A9
:0464F00000000000A8
:0464F10000000000A7
:0464F20000000000A6
:0464F30000000000A5
:0464F40000000000A4
:0464F50000000000A3
:0464F60000000000A2
:0464F70000000000A1
:0464F80000000000A0
:0464F900000000009F
:0464FA00000000009E
:0464FB00000000009D
:0464FC00000000009C
:0464FD00000000009B
:0464FE00000000009A
:0464FF000000000099
:046500000000000097
:046501000000000096
:046502000000000095
:046503000000000094
:046504000000000093
:046505000000000092
:046506000000000091
:046507000000000090
:04650800000000008F
:04650900000000008E
:04650A00000000008D
:04650B00000000008C
:04650C00000000008B
:04650D00000000008A
:04650E000000000089
:04650F000000000088
:046510000000000087
:046511000000000086
:046512000000000085
:046513000000000084
:046514000000000083
:046515000000000082
:046516000000000081
:046517000000000080
:04651800000000007F
:04651900000000007E
:04651A00000000007D
:04651B00000000007C
:04651C00000000007B
:04651D00000000007A
:04651E000000000079
:04651F000000000078
:046520000000000077
:046521000000000076
:046522000000000075
:046523000000000074
:046524000000000073
:046525000000000072
:046526000000000071
:046527000000000070
:04652800000000006F
:04652900000000006E
:04652A00000000006D
:04652B00000000006C
:04652C00000000006B
:04652D00000000006A
:04652E000000000069
:04652F000000000068
:046530000000000067
:046531000000000066
:046532000000000065
:046533000000000064
:046534000000000063
:046535000000000062
:046536000000000061
:046537000000000060
:04653800000000005F
:04653900000000005E
:04653A00000000005D
:04653B00000000005C
:04653C00000000005B
:04653D00000000005A
:04653E000000000059
:04653F000000000058
:046540000000000057
:046541000000000056
:046542000000000055
:046543000000000054
:046544000000000053
:046545000000000052
:046546000000000051
:046547000000000050
:04654800000000004F
:04654900000000004E
:04654A00000000004D
:04654B00000000004C
:04654C00000000004B
:04654D00000000004A
:04654E000000000049
:04654F000000000048
:046550000000000047
:046551000000000046
:046552000000000045
:046553000000000044
:046554000000000043
:046555000000000042
:046556000000000041
:046557000000000040
:04655800000000003F
:04655900000000003E
:04655A00000000003D
:04655B00000000003C
:04655C00000000003B
:04655D00000000003A
:04655E000000000039
:04655F000000000038
:046560000000000037
:046561000000000036
:046562000000000035
:046563000000000034
:046564000000000033
:046565000000000032
:046566000000000031
:046567000000000030
:04656800000000002F
:04656900000000002E
:04656A00000000002D
:04656B00000000002C
:04656C00000000002B
:04656D00000000002A
:04656E000000000029
:04656F000000000028
:046570000000000027
:046571000000000026
:046572000000000025
:046573000000000024
:046574000000000023
:046575000000000022
:046576000000000021
:046577000000000020
:04657800000000001F
:04657900000000001E
:04657A00000000001D
:04657B00000000001C
:04657C00000000001B
:04657D00000000001A
:04657E000000000019
:04657F000000000018
:046580000000000017
:046581000000000016
:046582000000000015
:046583000000000014
:046584000000000013
:046585000000000012
:046586000000000011
:046587000000000010
:04658800000000000F
:04658900000000000E
:04658A00000000000D
:04658B00000000000C
:04658C00000000000B
:04658D00000000000A
:04658E000000000009
:04658F000000000008
:046590000000000007
:046591000000000006
:046592000000000005
:046593000000000004
:046594000000000003
:046595000000000002
:046596000000000001
:046597000000000000
:0465980000000000FF
:0465990000000000FE
:04659A0000000000FD
:04659B0000000000FC
:04659C0000000000FB
:04659D0000000000FA
:04659E0000000000F9
:04659F0000000000F8
:0465A00000000000F7
:0465A10000000000F6
:0465A20000000000F5
:0465A30000000000F4
:0465A40000000000F3
:0465A50000000000F2
:0465A60000000000F1
:0465A70000000000F0
:0465A80000000000EF
:0465A90000000000EE
:0465AA0000000000ED
:0465AB0000000000EC
:0465AC0000000000EB
:0465AD0000000000EA
:0465AE0000000000E9
:0465AF0000000000E8
:0465B00000000000E7
:0465B10000000000E6
:0465B20000000000E5
:0465B30000000000E4
:0465B40000000000E3
:0465B50000000000E2
:0465B60000000000E1
:0465B70000000000E0
:0465B80000000000DF
:0465B90000000000DE
:0465BA0000000000DD
:0465BB0000000000DC
:0465BC0000000000DB
:0465BD0000000000DA
:0465BE0000000000D9
:0465BF0000000000D8
:0465C00000000000D7
:0465C10000000000D6
:0465C20000000000D5
:0465C30000000000D4
:0465C40000000000D3
:0465C50000000000D2
:0465C60000000000D1
:0465C70000000000D0
:0465C80000000000CF
:0465C90000000000CE
:0465CA0000000000CD
:0465CB0000000000CC
:0465CC0000000000CB
:0465CD0000000000CA
:0465CE0000000000C9
:0465CF0000000000C8
:0465D00000000000C7
:0465D10000000000C6
:0465D20000000000C5
:0465D30000000000C4
:0465D40000000000C3
:0465D50000000000C2
:0465D60000000000C1
:0465D70000000000C0
:0465D80000000000BF
:0465D90000000000BE
:0465DA0000000000BD
:0465DB0000000000BC
:0465DC0000000000BB
:0465DD0000000000BA
:0465DE0000000000B9
:0465DF0000000000B8
:0465E00000000000B7
:0465E10000000000B6
:0465E20000000000B5
:0465E30000000000B4
:0465E40000000000B3
:0465E50000000000B2
:0465E60000000000B1
:0465E70000000000B0
:0465E80000000000AF
:0465E90000000000AE
:0465EA0000000000AD
:0465EB0000000000AC
:0465EC0000000000AB
:0465ED0000000000AA
:0465EE0000000000A9
:0465EF0000000000A8
:0465F00000000000A7
:0465F10000000000A6
:0465F20000000000A5
:0465F30000000000A4
:0465F40000000000A3
:0465F50000000000A2
:0465F60000000000A1
:0465F70000000000A0
:0465F800000000009F
:0465F900000000009E
:0465FA00000000009D
:0465FB00000000009C
:0465FC00000000009B
:0465FD00000000009A
:0465FE000000000099
:0465FF000000000098
:046600000000000096
:046601000000000095
:046602000000000094
:046603000000000093
:046604000000000092
:046605000000000091
:046606000000000090
:04660700000000008F
:04660800000000008E
:04660900000000008D
:04660A00000000008C
:04660B00000000008B
:04660C00000000008A
:04660D000000000089
:04660E000000000088
:04660F000000000087
:046610000000000086
:046611000000000085
:046612000000000084
:046613000000000083
:046614000000000082
:046615000000000081
:046616000000000080
:04661700000000007F
:04661800000000007E
:04661900000000007D
:04661A00000000007C
:04661B00000000007B
:04661C00000000007A
:04661D000000000079
:04661E000000000078
:04661F000000000077
:046620000000000076
:046621000000000075
:046622000000000074
:046623000000000073
:046624000000000072
:046625000000000071
:046626000000000070
:04662700000000006F
:04662800000000006E
:04662900000000006D
:04662A00000000006C
:04662B00000000006B
:04662C00000000006A
:04662D000000000069
:04662E000000000068
:04662F000000000067
:046630000000000066
:046631000000000065
:046632000000000064
:046633000000000063
:046634000000000062
:046635000000000061
:046636000000000060
:04663700000000005F
:04663800000000005E
:04663900000000005D
:04663A00000000005C
:04663B00000000005B
:04663C00000000005A
:04663D000000000059
:04663E000000000058
:04663F000000000057
:046640000000000056
:046641000000000055
:046642000000000054
:046643000000000053
:046644000000000052
:046645000000000051
:046646000000000050
:04664700000000004F
:04664800000000004E
:04664900000000004D
:04664A00000000004C
:04664B00000000004B
:04664C00000000004A
:04664D000000000049
:04664E000000000048
:04664F000000000047
:046650000000000046
:046651000000000045
:046652000000000044
:046653000000000043
:046654000000000042
:046655000000000041
:046656000000000040
:04665700000000003F
:04665800000000003E
:04665900000000003D
:04665A00000000003C
:04665B00000000003B
:04665C00000000003A
:04665D000000000039
:04665E000000000038
:04665F000000000037
:046660000000000036
:046661000000000035
:046662000000000034
:046663000000000033
:046664000000000032
:046665000000000031
:046666000000000030
:04666700000000002F
:04666800000000002E
:04666900000000002D
:04666A00000000002C
:04666B00000000002B
:04666C00000000002A
:04666D000000000029
:04666E000000000028
:04666F000000000027
:046670000000000026
:046671000000000025
:046672000000000024
:046673000000000023
:046674000000000022
:046675000000000021
:046676000000000020
:04667700000000001F
:04667800000000001E
:04667900000000001D
:04667A00000000001C
:04667B00000000001B
:04667C00000000001A
:04667D000000000019
:04667E000000000018
:04667F000000000017
:046680000000000016
:046681000000000015
:046682000000000014
:046683000000000013
:046684000000000012
:046685000000000011
:046686000000000010
:04668700000000000F
:04668800000000000E
:04668900000000000D
:04668A00000000000C
:04668B00000000000B
:04668C00000000000A
:04668D000000000009
:04668E000000000008
:04668F000000000007
:046690000000000006
:046691000000000005
:046692000000000004
:046693000000000003
:046694000000000002
:046695000000000001
:046696000000000000
:0466970000000000FF
:0466980000000000FE
:0466990000000000FD
:04669A0000000000FC
:04669B0000000000FB
:04669C0000000000FA
:04669D0000000000F9
:04669E0000000000F8
:04669F0000000000F7
:0466A00000000000F6
:0466A10000000000F5
:0466A20000000000F4
:0466A30000000000F3
:0466A40000000000F2
:0466A50000000000F1
:0466A60000000000F0
:0466A70000000000EF
:0466A80000000000EE
:0466A90000000000ED
:0466AA0000000000EC
:0466AB0000000000EB
:0466AC0000000000EA
:0466AD0000000000E9
:0466AE0000000000E8
:0466AF0000000000E7
:0466B00000000000E6
:0466B10000000000E5
:0466B20000000000E4
:0466B30000000000E3
:0466B40000000000E2
:0466B50000000000E1
:0466B60000000000E0
:0466B70000000000DF
:0466B80000000000DE
:0466B90000000000DD
:0466BA0000000000DC
:0466BB0000000000DB
:0466BC0000000000DA
:0466BD0000000000D9
:0466BE0000000000D8
:0466BF0000000000D7
:0466C00000000000D6
:0466C10000000000D5
:0466C20000000000D4
:0466C30000000000D3
:0466C40000000000D2
:0466C50000000000D1
:0466C60000000000D0
:0466C70000000000CF
:0466C80000000000CE
:0466C90000000000CD
:0466CA0000000000CC
:0466CB0000000000CB
:0466CC0000000000CA
:0466CD0000000000C9
:0466CE0000000000C8
:0466CF0000000000C7
:0466D00000000000C6
:0466D10000000000C5
:0466D20000000000C4
:0466D30000000000C3
:0466D40000000000C2
:0466D50000000000C1
:0466D60000000000C0
:0466D70000000000BF
:0466D80000000000BE
:0466D90000000000BD
:0466DA0000000000BC
:0466DB0000000000BB
:0466DC0000000000BA
:0466DD0000000000B9
:0466DE0000000000B8
:0466DF0000000000B7
:0466E00000000000B6
:0466E10000000000B5
:0466E20000000000B4
:0466E30000000000B3
:0466E40000000000B2
:0466E50000000000B1
:0466E60000000000B0
:0466E70000000000AF
:0466E80000000000AE
:0466E90000000000AD
:0466EA0000000000AC
:0466EB0000000000AB
:0466EC0000000000AA
:0466ED0000000000A9
:0466EE0000000000A8
:0466EF0000000000A7
:0466F00000000000A6
:0466F10000000000A5
:0466F20000000000A4
:0466F30000000000A3
:0466F40000000000A2
:0466F50000000000A1
:0466F60000000000A0
:0466F700000000009F
:0466F800000000009E
:0466F900000000009D
:0466FA00000000009C
:0466FB00000000009B
:0466FC00000000009A
:0466FD000000000099
:0466FE000000000098
:0466FF000000000097
:046700000000000095
:046701000000000094
:046702000000000093
:046703000000000092
:046704000000000091
:046705000000000090
:04670600000000008F
:04670700000000008E
:04670800000000008D
:04670900000000008C
:04670A00000000008B
:04670B00000000008A
:04670C000000000089
:04670D000000000088
:04670E000000000087
:04670F000000000086
:046710000000000085
:046711000000000084
:046712000000000083
:046713000000000082
:046714000000000081
:046715000000000080
:04671600000000007F
:04671700000000007E
:04671800000000007D
:04671900000000007C
:04671A00000000007B
:04671B00000000007A
:04671C000000000079
:04671D000000000078
:04671E000000000077
:04671F000000000076
:046720000000000075
:046721000000000074
:046722000000000073
:046723000000000072
:046724000000000071
:046725000000000070
:04672600000000006F
:04672700000000006E
:04672800000000006D
:04672900000000006C
:04672A00000000006B
:04672B00000000006A
:04672C000000000069
:04672D000000000068
:04672E000000000067
:04672F000000000066
:046730000000000065
:046731000000000064
:046732000000000063
:046733000000000062
:046734000000000061
:046735000000000060
:04673600000000005F
:04673700000000005E
:04673800000000005D
:04673900000000005C
:04673A00000000005B
:04673B00000000005A
:04673C000000000059
:04673D000000000058
:04673E000000000057
:04673F000000000056
:046740000000000055
:046741000000000054
:046742000000000053
:046743000000000052
:046744000000000051
:046745000000000050
:04674600000000004F
:04674700000000004E
:04674800000000004D
:04674900000000004C
:04674A00000000004B
:04674B00000000004A
:04674C000000000049
:04674D000000000048
:04674E000000000047
:04674F000000000046
:046750000000000045
:046751000000000044
:046752000000000043
:046753000000000042
:046754000000000041
:046755000000000040
:04675600000000003F
:04675700000000003E
:04675800000000003D
:04675900000000003C
:04675A00000000003B
:04675B00000000003A
:04675C000000000039
:04675D000000000038
:04675E000000000037
:04675F000000000036
:046760000000000035
:046761000000000034
:046762000000000033
:046763000000000032
:046764000000000031
:046765000000000030
:04676600000000002F
:04676700000000002E
:04676800000000002D
:04676900000000002C
:04676A00000000002B
:04676B00000000002A
:04676C000000000029
:04676D000000000028
:04676E000000000027
:04676F000000000026
:046770000000000025
:046771000000000024
:046772000000000023
:046773000000000022
:046774000000000021
:046775000000000020
:04677600000000001F
:04677700000000001E
:04677800000000001D
:04677900000000001C
:04677A00000000001B
:04677B00000000001A
:04677C000000000019
:04677D000000000018
:04677E000000000017
:04677F000000000016
:046780000000000015
:046781000000000014
:046782000000000013
:046783000000000012
:046784000000000011
:046785000000000010
:04678600000000000F
:04678700000000000E
:04678800000000000D
:04678900000000000C
:04678A00000000000B
:04678B00000000000A
:04678C000000000009
:04678D000000000008
:04678E000000000007
:04678F000000000006
:046790000000000005
:046791000000000004
:046792000000000003
:046793000000000002
:046794000000000001
:046795000000000000
:0467960000000000FF
:0467970000000000FE
:0467980000000000FD
:0467990000000000FC
:04679A0000000000FB
:04679B0000000000FA
:04679C0000000000F9
:04679D0000000000F8
:04679E0000000000F7
:04679F0000000000F6
:0467A00000000000F5
:0467A10000000000F4
:0467A20000000000F3
:0467A30000000000F2
:0467A40000000000F1
:0467A50000000000F0
:0467A60000000000EF
:0467A70000000000EE
:0467A80000000000ED
:0467A90000000000EC
:0467AA0000000000EB
:0467AB0000000000EA
:0467AC0000000000E9
:0467AD0000000000E8
:0467AE0000000000E7
:0467AF0000000000E6
:0467B00000000000E5
:0467B10000000000E4
:0467B20000000000E3
:0467B30000000000E2
:0467B40000000000E1
:0467B50000000000E0
:0467B60000000000DF
:0467B70000000000DE
:0467B80000000000DD
:0467B90000000000DC
:0467BA0000000000DB
:0467BB0000000000DA
:0467BC0000000000D9
:0467BD0000000000D8
:0467BE0000000000D7
:0467BF0000000000D6
:0467C00000000000D5
:0467C10000000000D4
:0467C20000000000D3
:0467C30000000000D2
:0467C40000000000D1
:0467C50000000000D0
:0467C60000000000CF
:0467C70000000000CE
:0467C80000000000CD
:0467C90000000000CC
:0467CA0000000000CB
:0467CB0000000000CA
:0467CC0000000000C9
:0467CD0000000000C8
:0467CE0000000000C7
:0467CF0000000000C6
:0467D00000000000C5
:0467D10000000000C4
:0467D20000000000C3
:0467D30000000000C2
:0467D40000000000C1
:0467D50000000000C0
:0467D60000000000BF
:0467D70000000000BE
:0467D80000000000BD
:0467D90000000000BC
:0467DA0000000000BB
:0467DB0000000000BA
:0467DC0000000000B9
:0467DD0000000000B8
:0467DE0000000000B7
:0467DF0000000000B6
:0467E00000000000B5
:0467E10000000000B4
:0467E20000000000B3
:0467E30000000000B2
:0467E40000000000B1
:0467E50000000000B0
:0467E60000000000AF
:0467E70000000000AE
:0467E80000000000AD
:0467E90000000000AC
:0467EA0000000000AB
:0467EB0000000000AA
:0467EC0000000000A9
:0467ED0000000000A8
:0467EE0000000000A7
:0467EF0000000000A6
:0467F00000000000A5
:0467F10000000000A4
:0467F20000000000A3
:0467F30000000000A2
:0467F40000000000A1
:0467F50000000000A0
:0467F600000000009F
:0467F700000000009E
:0467F800000000009D
:0467F900000000009C
:0467FA00000000009B
:0467FB00000000009A
:0467FC000000000099
:0467FD000000000098
:0467FE000000000097
:0467FF000000000096
:046800000000000094
:046801000000000093
:046802000000000092
:046803000000000091
:046804000000000090
:04680500000000008F
:04680600000000008E
:04680700000000008D
:04680800000000008C
:04680900000000008B
:04680A00000000008A
:04680B000000000089
:04680C000000000088
:04680D000000000087
:04680E000000000086
:04680F000000000085
:046810000000000084
:046811000000000083
:046812000000000082
:046813000000000081
:046814000000000080
:04681500000000007F
:04681600000000007E
:04681700000000007D
:04681800000000007C
:04681900000000007B
:04681A00000000007A
:04681B000000000079
:04681C000000000078
:04681D000000000077
:04681E000000000076
:04681F000000000075
:046820000000000074
:046821000000000073
:046822000000000072
:046823000000000071
:046824000000000070
:04682500000000006F
:04682600000000006E
:04682700000000006D
:04682800000000006C
:04682900000000006B
:04682A00000000006A
:04682B000000000069
:04682C000000000068
:04682D000000000067
:04682E000000000066
:04682F000000000065
:046830000000000064
:046831000000000063
:046832000000000062
:046833000000000061
:046834000000000060
:04683500000000005F
:04683600000000005E
:04683700000000005D
:04683800000000005C
:04683900000000005B
:04683A00000000005A
:04683B000000000059
:04683C000000000058
:04683D000000000057
:04683E000000000056
:04683F000000000055
:046840000000000054
:046841000000000053
:046842000000000052
:046843000000000051
:046844000000000050
:04684500000000004F
:04684600000000004E
:04684700000000004D
:04684800000000004C
:04684900000000004B
:04684A00000000004A
:04684B000000000049
:04684C000000000048
:04684D000000000047
:04684E000000000046
:04684F000000000045
:046850000000000044
:046851000000000043
:046852000000000042
:046853000000000041
:046854000000000040
:04685500000000003F
:04685600000000003E
:04685700000000003D
:04685800000000003C
:04685900000000003B
:04685A00000000003A
:04685B000000000039
:04685C000000000038
:04685D000000000037
:04685E000000000036
:04685F000000000035
:046860000000000034
:046861000000000033
:046862000000000032
:046863000000000031
:046864000000000030
:04686500000000002F
:04686600000000002E
:04686700000000002D
:04686800000000002C
:04686900000000002B
:04686A00000000002A
:04686B000000000029
:04686C000000000028
:04686D000000000027
:04686E000000000026
:04686F000000000025
:046870000000000024
:046871000000000023
:046872000000000022
:046873000000000021
:046874000000000020
:04687500000000001F
:04687600000000001E
:04687700000000001D
:04687800000000001C
:04687900000000001B
:04687A00000000001A
:04687B000000000019
:04687C000000000018
:04687D000000000017
:04687E000000000016
:04687F000000000015
:046880000000000014
:046881000000000013
:046882000000000012
:046883000000000011
:046884000000000010
:04688500000000000F
:04688600000000000E
:04688700000000000D
:04688800000000000C
:04688900000000000B
:04688A00000000000A
:04688B000000000009
:04688C000000000008
:04688D000000000007
:04688E000000000006
:04688F000000000005
:046890000000000004
:046891000000000003
:046892000000000002
:046893000000000001
:046894000000000000
:0468950000000000FF
:0468960000000000FE
:0468970000000000FD
:0468980000000000FC
:0468990000000000FB
:04689A0000000000FA
:04689B0000000000F9
:04689C0000000000F8
:04689D0000000000F7
:04689E0000000000F6
:04689F0000000000F5
:0468A00000000000F4
:0468A10000000000F3
:0468A20000000000F2
:0468A30000000000F1
:0468A40000000000F0
:0468A50000000000EF
:0468A60000000000EE
:0468A70000000000ED
:0468A80000000000EC
:0468A90000000000EB
:0468AA0000000000EA
:0468AB0000000000E9
:0468AC0000000000E8
:0468AD0000000000E7
:0468AE0000000000E6
:0468AF0000000000E5
:0468B00000000000E4
:0468B10000000000E3
:0468B20000000000E2
:0468B30000000000E1
:0468B40000000000E0
:0468B50000000000DF
:0468B60000000000DE
:0468B70000000000DD
:0468B80000000000DC
:0468B90000000000DB
:0468BA0000000000DA
:0468BB0000000000D9
:0468BC0000000000D8
:0468BD0000000000D7
:0468BE0000000000D6
:0468BF0000000000D5
:0468C00000000000D4
:0468C10000000000D3
:0468C20000000000D2
:0468C30000000000D1
:0468C40000000000D0
:0468C50000000000CF
:0468C60000000000CE
:0468C70000000000CD
:0468C80000000000CC
:0468C90000000000CB
:0468CA0000000000CA
:0468CB0000000000C9
:0468CC0000000000C8
:0468CD0000000000C7
:0468CE0000000000C6
:0468CF0000000000C5
:0468D00000000000C4
:0468D10000000000C3
:0468D20000000000C2
:0468D30000000000C1
:0468D40000000000C0
:0468D50000000000BF
:0468D60000000000BE
:0468D70000000000BD
:0468D80000000000BC
:0468D90000000000BB
:0468DA0000000000BA
:0468DB0000000000B9
:0468DC0000000000B8
:0468DD0000000000B7
:0468DE0000000000B6
:0468DF0000000000B5
:0468E00000000000B4
:0468E10000000000B3
:0468E20000000000B2
:0468E30000000000B1
:0468E40000000000B0
:0468E50000000000AF
:0468E60000000000AE
:0468E70000000000AD
:0468E80000000000AC
:0468E90000000000AB
:0468EA0000000000AA
:0468EB0000000000A9
:0468EC0000000000A8
:0468ED0000000000A7
:0468EE0000000000A6
:0468EF0000000000A5
:0468F00000000000A4
:0468F10000000000A3
:0468F20000000000A2
:0468F30000000000A1
:0468F40000000000A0
:0468F500000000009F
:0468F600000000009E
:0468F700000000009D
:0468F800000000009C
:0468F900000000009B
:0468FA00000000009A
:0468FB000000000099
:0468FC000000000098
:0468FD000000000097
:0468FE000000000096
:0468FF000000000095
:046900000000000093
:046901000000000092
:046902000000000091
:046903000000000090
:04690400000000008F
:04690500000000008E
:04690600000000008D
:04690700000000008C
:04690800000000008B
:04690900000000008A
:04690A000000000089
:04690B000000000088
:04690C000000000087
:04690D000000000086
:04690E000000000085
:04690F000000000084
:046910000000000083
:046911000000000082
:046912000000000081
:046913000000000080
:04691400000000007F
:04691500000000007E
:04691600000000007D
:04691700000000007C
:04691800000000007B
:04691900000000007A
:04691A000000000079
:04691B000000000078
:04691C000000000077
:04691D000000000076
:04691E000000000075
:04691F000000000074
:046920000000000073
:046921000000000072
:046922000000000071
:046923000000000070
:04692400000000006F
:04692500000000006E
:04692600000000006D
:04692700000000006C
:04692800000000006B
:04692900000000006A
:04692A000000000069
:04692B000000000068
:04692C000000000067
:04692D000000000066
:04692E000000000065
:04692F000000000064
:046930000000000063
:046931000000000062
:046932000000000061
:046933000000000060
:04693400000000005F
:04693500000000005E
:04693600000000005D
:04693700000000005C
:04693800000000005B
:04693900000000005A
:04693A000000000059
:04693B000000000058
:04693C000000000057
:04693D000000000056
:04693E000000000055
:04693F000000000054
:046940000000000053
:046941000000000052
:046942000000000051
:046943000000000050
:04694400000000004F
:04694500000000004E
:04694600000000004D
:04694700000000004C
:04694800000000004B
:04694900000000004A
:04694A000000000049
:04694B000000000048
:04694C000000000047
:04694D000000000046
:04694E000000000045
:04694F000000000044
:046950000000000043
:046951000000000042
:046952000000000041
:046953000000000040
:04695400000000003F
:04695500000000003E
:04695600000000003D
:04695700000000003C
:04695800000000003B
:04695900000000003A
:04695A000000000039
:04695B000000000038
:04695C000000000037
:04695D000000000036
:04695E000000000035
:04695F000000000034
:046960000000000033
:046961000000000032
:046962000000000031
:046963000000000030
:04696400000000002F
:04696500000000002E
:04696600000000002D
:04696700000000002C
:04696800000000002B
:04696900000000002A
:04696A000000000029
:04696B000000000028
:04696C000000000027
:04696D000000000026
:04696E000000000025
:04696F000000000024
:046970000000000023
:046971000000000022
:046972000000000021
:046973000000000020
:04697400000000001F
:04697500000000001E
:04697600000000001D
:04697700000000001C
:04697800000000001B
:04697900000000001A
:04697A000000000019
:04697B000000000018
:04697C000000000017
:04697D000000000016
:04697E000000000015
:04697F000000000014
:046980000000000013
:046981000000000012
:046982000000000011
:046983000000000010
:04698400000000000F
:04698500000000000E
:04698600000000000D
:04698700000000000C
:04698800000000000B
:04698900000000000A
:04698A000000000009
:04698B000000000008
:04698C000000000007
:04698D000000000006
:04698E000000000005
:04698F000000000004
:046990000000000003
:046991000000000002
:046992000000000001
:046993000000000000
:0469940000000000FF
:0469950000000000FE
:0469960000000000FD
:0469970000000000FC
:0469980000000000FB
:0469990000000000FA
:04699A0000000000F9
:04699B0000000000F8
:04699C0000000000F7
:04699D0000000000F6
:04699E0000000000F5
:04699F0000000000F4
:0469A00000000000F3
:0469A10000000000F2
:0469A20000000000F1
:0469A30000000000F0
:0469A40000000000EF
:0469A50000000000EE
:0469A60000000000ED
:0469A70000000000EC
:0469A80000000000EB
:0469A90000000000EA
:0469AA0000000000E9
:0469AB0000000000E8
:0469AC0000000000E7
:0469AD0000000000E6
:0469AE0000000000E5
:0469AF0000000000E4
:0469B00000000000E3
:0469B10000000000E2
:0469B20000000000E1
:0469B30000000000E0
:0469B40000000000DF
:0469B50000000000DE
:0469B60000000000DD
:0469B70000000000DC
:0469B80000000000DB
:0469B90000000000DA
:0469BA0000000000D9
:0469BB0000000000D8
:0469BC0000000000D7
:0469BD0000000000D6
:0469BE0000000000D5
:0469BF0000000000D4
:0469C00000000000D3
:0469C10000000000D2
:0469C20000000000D1
:0469C30000000000D0
:0469C40000000000CF
:0469C50000000000CE
:0469C60000000000CD
:0469C70000000000CC
:0469C80000000000CB
:0469C90000000000CA
:0469CA0000000000C9
:0469CB0000000000C8
:0469CC0000000000C7
:0469CD0000000000C6
:0469CE0000000000C5
:0469CF0000000000C4
:0469D00000000000C3
:0469D10000000000C2
:0469D20000000000C1
:0469D30000000000C0
:0469D40000000000BF
:0469D50000000000BE
:0469D60000000000BD
:0469D70000000000BC
:0469D80000000000BB
:0469D90000000000BA
:0469DA0000000000B9
:0469DB0000000000B8
:0469DC0000000000B7
:0469DD0000000000B6
:0469DE0000000000B5
:0469DF0000000000B4
:0469E00000000000B3
:0469E10000000000B2
:0469E20000000000B1
:0469E30000000000B0
:0469E40000000000AF
:0469E50000000000AE
:0469E60000000000AD
:0469E70000000000AC
:0469E80000000000AB
:0469E90000000000AA
:0469EA0000000000A9
:0469EB0000000000A8
:0469EC0000000000A7
:0469ED0000000000A6
:0469EE0000000000A5
:0469EF0000000000A4
:0469F00000000000A3
:0469F10000000000A2
:0469F20000000000A1
:0469F30000000000A0
:0469F400000000009F
:0469F500000000009E
:0469F600000000009D
:0469F700000000009C
:0469F800000000009B
:0469F900000000009A
:0469FA000000000099
:0469FB000000000098
:0469FC000000000097
:0469FD000000000096
:0469FE000000000095
:0469FF000000000094
:046A00000000000092
:046A01000000000091
:046A02000000000090
:046A0300000000008F
:046A0400000000008E
:046A0500000000008D
:046A0600000000008C
:046A0700000000008B
:046A0800000000008A
:046A09000000000089
:046A0A000000000088
:046A0B000000000087
:046A0C000000000086
:046A0D000000000085
:046A0E000000000084
:046A0F000000000083
:046A10000000000082
:046A11000000000081
:046A12000000000080
:046A1300000000007F
:046A1400000000007E
:046A1500000000007D
:046A1600000000007C
:046A1700000000007B
:046A1800000000007A
:046A19000000000079
:046A1A000000000078
:046A1B000000000077
:046A1C000000000076
:046A1D000000000075
:046A1E000000000074
:046A1F000000000073
:046A20000000000072
:046A21000000000071
:046A22000000000070
:046A2300000000006F
:046A2400000000006E
:046A2500000000006D
:046A2600000000006C
:046A2700000000006B
:046A2800000000006A
:046A29000000000069
:046A2A000000000068
:046A2B000000000067
:046A2C000000000066
:046A2D000000000065
:046A2E000000000064
:046A2F000000000063
:046A30000000000062
:046A31000000000061
:046A32000000000060
:046A3300000000005F
:046A3400000000005E
:046A3500000000005D
:046A3600000000005C
:046A3700000000005B
:046A3800000000005A
:046A39000000000059
:046A3A000000000058
:046A3B000000000057
:046A3C000000000056
:046A3D000000000055
:046A3E000000000054
:046A3F000000000053
:046A40000000000052
:046A41000000000051
:046A42000000000050
:046A4300000000004F
:046A4400000000004E
:046A4500000000004D
:046A4600000000004C
:046A4700000000004B
:046A4800000000004A
:046A49000000000049
:046A4A000000000048
:046A4B000000000047
:046A4C000000000046
:046A4D000000000045
:046A4E000000000044
:046A4F000000000043
:046A50000000000042
:046A51000000000041
:046A52000000000040
:046A5300000000003F
:046A5400000000003E
:046A5500000000003D
:046A5600000000003C
:046A5700000000003B
:046A5800000000003A
:046A59000000000039
:046A5A000000000038
:046A5B000000000037
:046A5C000000000036
:046A5D000000000035
:046A5E000000000034
:046A5F000000000033
:046A60000000000032
:046A61000000000031
:046A62000000000030
:046A6300000000002F
:046A6400000000002E
:046A6500000000002D
:046A6600000000002C
:046A6700000000002B
:046A6800000000002A
:046A69000000000029
:046A6A000000000028
:046A6B000000000027
:046A6C000000000026
:046A6D000000000025
:046A6E000000000024
:046A6F000000000023
:046A70000000000022
:046A71000000000021
:046A72000000000020
:046A7300000000001F
:046A7400000000001E
:046A7500000000001D
:046A7600000000001C
:046A7700000000001B
:046A7800000000001A
:046A79000000000019
:046A7A000000000018
:046A7B000000000017
:046A7C000000000016
:046A7D000000000015
:046A7E000000000014
:046A7F000000000013
:046A80000000000012
:046A81000000000011
:046A82000000000010
:046A8300000000000F
:046A8400000000000E
:046A8500000000000D
:046A8600000000000C
:046A8700000000000B
:046A8800000000000A
:046A89000000000009
:046A8A000000000008
:046A8B000000000007
:046A8C000000000006
:046A8D000000000005
:046A8E000000000004
:046A8F000000000003
:046A90000000000002
:046A91000000000001
:046A92000000000000
:046A930000000000FF
:046A940000000000FE
:046A950000000000FD
:046A960000000000FC
:046A970000000000FB
:046A980000000000FA
:046A990000000000F9
:046A9A0000000000F8
:046A9B0000000000F7
:046A9C0000000000F6
:046A9D0000000000F5
:046A9E0000000000F4
:046A9F0000000000F3
:046AA00000000000F2
:046AA10000000000F1
:046AA20000000000F0
:046AA30000000000EF
:046AA40000000000EE
:046AA50000000000ED
:046AA60000000000EC
:046AA70000000000EB
:046AA80000000000EA
:046AA90000000000E9
:046AAA0000000000E8
:046AAB0000000000E7
:046AAC0000000000E6
:046AAD0000000000E5
:046AAE0000000000E4
:046AAF0000000000E3
:046AB00000000000E2
:046AB10000000000E1
:046AB20000000000E0
:046AB30000000000DF
:046AB40000000000DE
:046AB50000000000DD
:046AB60000000000DC
:046AB70000000000DB
:046AB80000000000DA
:046AB90000000000D9
:046ABA0000000000D8
:046ABB0000000000D7
:046ABC0000000000D6
:046ABD0000000000D5
:046ABE0000000000D4
:046ABF0000000000D3
:046AC00000000000D2
:046AC10000000000D1
:046AC20000000000D0
:046AC30000000000CF
:046AC40000000000CE
:046AC50000000000CD
:046AC60000000000CC
:046AC70000000000CB
:046AC80000000000CA
:046AC90000000000C9
:046ACA0000000000C8
:046ACB0000000000C7
:046ACC0000000000C6
:046ACD0000000000C5
:046ACE0000000000C4
:046ACF0000000000C3
:046AD00000000000C2
:046AD10000000000C1
:046AD20000000000C0
:046AD30000000000BF
:046AD40000000000BE
:046AD50000000000BD
:046AD60000000000BC
:046AD70000000000BB
:046AD80000000000BA
:046AD90000000000B9
:046ADA0000000000B8
:046ADB0000000000B7
:046ADC0000000000B6
:046ADD0000000000B5
:046ADE0000000000B4
:046ADF0000000000B3
:046AE00000000000B2
:046AE10000000000B1
:046AE20000000000B0
:046AE30000000000AF
:046AE40000000000AE
:046AE50000000000AD
:046AE60000000000AC
:046AE70000000000AB
:046AE80000000000AA
:046AE90000000000A9
:046AEA0000000000A8
:046AEB0000000000A7
:046AEC0000000000A6
:046AED0000000000A5
:046AEE0000000000A4
:046AEF0000000000A3
:046AF00000000000A2
:046AF10000000000A1
:046AF20000000000A0
:046AF300000000009F
:046AF400000000009E
:046AF500000000009D
:046AF600000000009C
:046AF700000000009B
:046AF800000000009A
:046AF9000000000099
:046AFA000000000098
:046AFB000000000097
:046AFC000000000096
:046AFD000000000095
:046AFE000000000094
:046AFF000000000093
:046B00000000000091
:046B01000000000090
:046B0200000000008F
:046B0300000000008E
:046B0400000000008D
:046B0500000000008C
:046B0600000000008B
:046B0700000000008A
:046B08000000000089
:046B09000000000088
:046B0A000000000087
:046B0B000000000086
:046B0C000000000085
:046B0D000000000084
:046B0E000000000083
:046B0F000000000082
:046B10000000000081
:046B11000000000080
:046B1200000000007F
:046B1300000000007E
:046B1400000000007D
:046B1500000000007C
:046B1600000000007B
:046B1700000000007A
:046B18000000000079
:046B19000000000078
:046B1A000000000077
:046B1B000000000076
:046B1C000000000075
:046B1D000000000074
:046B1E000000000073
:046B1F000000000072
:046B20000000000071
:046B21000000000070
:046B2200000000006F
:046B2300000000006E
:046B2400000000006D
:046B2500000000006C
:046B2600000000006B
:046B2700000000006A
:046B28000000000069
:046B29000000000068
:046B2A000000000067
:046B2B000000000066
:046B2C000000000065
:046B2D000000000064
:046B2E000000000063
:046B2F000000000062
:046B30000000000061
:046B31000000000060
:046B3200000000005F
:046B3300000000005E
:046B3400000000005D
:046B3500000000005C
:046B3600000000005B
:046B3700000000005A
:046B38000000000059
:046B39000000000058
:046B3A000000000057
:046B3B000000000056
:046B3C000000000055
:046B3D000000000054
:046B3E000000000053
:046B3F000000000052
:046B40000000000051
:046B41000000000050
:046B4200000000004F
:046B4300000000004E
:046B4400000000004D
:046B4500000000004C
:046B4600000000004B
:046B4700000000004A
:046B48000000000049
:046B49000000000048
:046B4A000000000047
:046B4B000000000046
:046B4C000000000045
:046B4D000000000044
:046B4E000000000043
:046B4F000000000042
:046B50000000000041
:046B51000000000040
:046B5200000000003F
:046B5300000000003E
:046B5400000000003D
:046B5500000000003C
:046B5600000000003B
:046B5700000000003A
:046B58000000000039
:046B59000000000038
:046B5A000000000037
:046B5B000000000036
:046B5C000000000035
:046B5D000000000034
:046B5E000000000033
:046B5F000000000032
:046B60000000000031
:046B61000000000030
:046B6200000000002F
:046B6300000000002E
:046B6400000000002D
:046B6500000000002C
:046B6600000000002B
:046B6700000000002A
:046B68000000000029
:046B69000000000028
:046B6A000000000027
:046B6B000000000026
:046B6C000000000025
:046B6D000000000024
:046B6E000000000023
:046B6F000000000022
:046B70000000000021
:046B71000000000020
:046B7200000000001F
:046B7300000000001E
:046B7400000000001D
:046B7500000000001C
:046B7600000000001B
:046B7700000000001A
:046B78000000000019
:046B79000000000018
:046B7A000000000017
:046B7B000000000016
:046B7C000000000015
:046B7D000000000014
:046B7E000000000013
:046B7F000000000012
:046B80000000000011
:046B81000000000010
:046B8200000000000F
:046B8300000000000E
:046B8400000000000D
:046B8500000000000C
:046B8600000000000B
:046B8700000000000A
:046B88000000000009
:046B89000000000008
:046B8A000000000007
:046B8B000000000006
:046B8C000000000005
:046B8D000000000004
:046B8E000000000003
:046B8F000000000002
:046B90000000000001
:046B91000000000000
:046B920000000000FF
:046B930000000000FE
:046B940000000000FD
:046B950000000000FC
:046B960000000000FB
:046B970000000000FA
:046B980000000000F9
:046B990000000000F8
:046B9A0000000000F7
:046B9B0000000000F6
:046B9C0000000000F5
:046B9D0000000000F4
:046B9E0000000000F3
:046B9F0000000000F2
:046BA00000000000F1
:046BA10000000000F0
:046BA20000000000EF
:046BA30000000000EE
:046BA40000000000ED
:046BA50000000000EC
:046BA60000000000EB
:046BA70000000000EA
:046BA80000000000E9
:046BA90000000000E8
:046BAA0000000000E7
:046BAB0000000000E6
:046BAC0000000000E5
:046BAD0000000000E4
:046BAE0000000000E3
:046BAF0000000000E2
:046BB00000000000E1
:046BB10000000000E0
:046BB20000000000DF
:046BB30000000000DE
:046BB40000000000DD
:046BB50000000000DC
:046BB60000000000DB
:046BB70000000000DA
:046BB80000000000D9
:046BB90000000000D8
:046BBA0000000000D7
:046BBB0000000000D6
:046BBC0000000000D5
:046BBD0000000000D4
:046BBE0000000000D3
:046BBF0000000000D2
:046BC00000000000D1
:046BC10000000000D0
:046BC20000000000CF
:046BC30000000000CE
:046BC40000000000CD
:046BC50000000000CC
:046BC60000000000CB
:046BC70000000000CA
:046BC80000000000C9
:046BC90000000000C8
:046BCA0000000000C7
:046BCB0000000000C6
:046BCC0000000000C5
:046BCD0000000000C4
:046BCE0000000000C3
:046BCF0000000000C2
:046BD00000000000C1
:046BD10000000000C0
:046BD20000000000BF
:046BD30000000000BE
:046BD40000000000BD
:046BD50000000000BC
:046BD60000000000BB
:046BD70000000000BA
:046BD80000000000B9
:046BD90000000000B8
:046BDA0000000000B7
:046BDB0000000000B6
:046BDC0000000000B5
:046BDD0000000000B4
:046BDE0000000000B3
:046BDF0000000000B2
:046BE00000000000B1
:046BE10000000000B0
:046BE20000000000AF
:046BE30000000000AE
:046BE40000000000AD
:046BE50000000000AC
:046BE60000000000AB
:046BE70000000000AA
:046BE80000000000A9
:046BE90000000000A8
:046BEA0000000000A7
:046BEB0000000000A6
:046BEC0000000000A5
:046BED0000000000A4
:046BEE0000000000A3
:046BEF0000000000A2
:046BF00000000000A1
:046BF10000000000A0
:046BF200000000009F
:046BF300000000009E
:046BF400000000009D
:046BF500000000009C
:046BF600000000009B
:046BF700000000009A
:046BF8000000000099
:046BF9000000000098
:046BFA000000000097
:046BFB000000000096
:046BFC000000000095
:046BFD000000000094
:046BFE000000000093
:046BFF000000000092
:046C00000000000090
:046C0100000000008F
:046C0200000000008E
:046C0300000000008D
:046C0400000000008C
:046C0500000000008B
:046C0600000000008A
:046C07000000000089
:046C08000000000088
:046C09000000000087
:046C0A000000000086
:046C0B000000000085
:046C0C000000000084
:046C0D000000000083
:046C0E000000000082
:046C0F000000000081
:046C10000000000080
:046C1100000000007F
:046C1200000000007E
:046C1300000000007D
:046C1400000000007C
:046C1500000000007B
:046C1600000000007A
:046C17000000000079
:046C18000000000078
:046C19000000000077
:046C1A000000000076
:046C1B000000000075
:046C1C000000000074
:046C1D000000000073
:046C1E000000000072
:046C1F000000000071
:046C20000000000070
:046C2100000000006F
:046C2200000000006E
:046C2300000000006D
:046C2400000000006C
:046C2500000000006B
:046C2600000000006A
:046C27000000000069
:046C28000000000068
:046C29000000000067
:046C2A000000000066
:046C2B000000000065
:046C2C000000000064
:046C2D000000000063
:046C2E000000000062
:046C2F000000000061
:046C30000000000060
:046C3100000000005F
:046C3200000000005E
:046C3300000000005D
:046C3400000000005C
:046C3500000000005B
:046C3600000000005A
:046C37000000000059
:046C38000000000058
:046C39000000000057
:046C3A000000000056
:046C3B000000000055
:046C3C000000000054
:046C3D000000000053
:046C3E000000000052
:046C3F000000000051
:046C40000000000050
:046C4100000000004F
:046C4200000000004E
:046C4300000000004D
:046C4400000000004C
:046C4500000000004B
:046C4600000000004A
:046C47000000000049
:046C48000000000048
:046C49000000000047
:046C4A000000000046
:046C4B000000000045
:046C4C000000000044
:046C4D000000000043
:046C4E000000000042
:046C4F000000000041
:046C50000000000040
:046C5100000000003F
:046C5200000000003E
:046C5300000000003D
:046C5400000000003C
:046C5500000000003B
:046C5600000000003A
:046C57000000000039
:046C58000000000038
:046C59000000000037
:046C5A000000000036
:046C5B000000000035
:046C5C000000000034
:046C5D000000000033
:046C5E000000000032
:046C5F000000000031
:046C60000000000030
:046C6100000000002F
:046C6200000000002E
:046C6300000000002D
:046C6400000000002C
:046C6500000000002B
:046C6600000000002A
:046C67000000000029
:046C68000000000028
:046C69000000000027
:046C6A000000000026
:046C6B000000000025
:046C6C000000000024
:046C6D000000000023
:046C6E000000000022
:046C6F000000000021
:046C70000000000020
:046C7100000000001F
:046C7200000000001E
:046C7300000000001D
:046C7400000000001C
:046C7500000000001B
:046C7600000000001A
:046C77000000000019
:046C78000000000018
:046C79000000000017
:046C7A000000000016
:046C7B000000000015
:046C7C000000000014
:046C7D000000000013
:046C7E000000000012
:046C7F000000000011
:046C80000000000010
:046C8100000000000F
:046C8200000000000E
:046C8300000000000D
:046C8400000000000C
:046C8500000000000B
:046C8600000000000A
:046C87000000000009
:046C88000000000008
:046C89000000000007
:046C8A000000000006
:046C8B000000000005
:046C8C000000000004
:046C8D000000000003
:046C8E000000000002
:046C8F000000000001
:046C90000000000000
:046C910000000000FF
:046C920000000000FE
:046C930000000000FD
:046C940000000000FC
:046C950000000000FB
:046C960000000000FA
:046C970000000000F9
:046C980000000000F8
:046C990000000000F7
:046C9A0000000000F6
:046C9B0000000000F5
:046C9C0000000000F4
:046C9D0000000000F3
:046C9E0000000000F2
:046C9F0000000000F1
:046CA00000000000F0
:046CA10000000000EF
:046CA20000000000EE
:046CA30000000000ED
:046CA40000000000EC
:046CA50000000000EB
:046CA60000000000EA
:046CA70000000000E9
:046CA80000000000E8
:046CA90000000000E7
:046CAA0000000000E6
:046CAB0000000000E5
:046CAC0000000000E4
:046CAD0000000000E3
:046CAE0000000000E2
:046CAF0000000000E1
:046CB00000000000E0
:046CB10000000000DF
:046CB20000000000DE
:046CB30000000000DD
:046CB40000000000DC
:046CB50000000000DB
:046CB60000000000DA
:046CB70000000000D9
:046CB80000000000D8
:046CB90000000000D7
:046CBA0000000000D6
:046CBB0000000000D5
:046CBC0000000000D4
:046CBD0000000000D3
:046CBE0000000000D2
:046CBF0000000000D1
:046CC00000000000D0
:046CC10000000000CF
:046CC20000000000CE
:046CC30000000000CD
:046CC40000000000CC
:046CC50000000000CB
:046CC60000000000CA
:046CC70000000000C9
:046CC80000000000C8
:046CC90000000000C7
:046CCA0000000000C6
:046CCB0000000000C5
:046CCC0000000000C4
:046CCD0000000000C3
:046CCE0000000000C2
:046CCF0000000000C1
:046CD00000000000C0
:046CD10000000000BF
:046CD20000000000BE
:046CD30000000000BD
:046CD40000000000BC
:046CD50000000000BB
:046CD60000000000BA
:046CD70000000000B9
:046CD80000000000B8
:046CD90000000000B7
:046CDA0000000000B6
:046CDB0000000000B5
:046CDC0000000000B4
:046CDD0000000000B3
:046CDE0000000000B2
:046CDF0000000000B1
:046CE00000000000B0
:046CE10000000000AF
:046CE20000000000AE
:046CE30000000000AD
:046CE40000000000AC
:046CE50000000000AB
:046CE60000000000AA
:046CE70000000000A9
:046CE80000000000A8
:046CE90000000000A7
:046CEA0000000000A6
:046CEB0000000000A5
:046CEC0000000000A4
:046CED0000000000A3
:046CEE0000000000A2
:046CEF0000000000A1
:046CF00000000000A0
:046CF100000000009F
:046CF200000000009E
:046CF300000000009D
:046CF400000000009C
:046CF500000000009B
:046CF600000000009A
:046CF7000000000099
:046CF8000000000098
:046CF9000000000097
:046CFA000000000096
:046CFB000000000095
:046CFC000000000094
:046CFD000000000093
:046CFE000000000092
:046CFF000000000091
:046D0000000000008F
:046D0100000000008E
:046D0200000000008D
:046D0300000000008C
:046D0400000000008B
:046D0500000000008A
:046D06000000000089
:046D07000000000088
:046D08000000000087
:046D09000000000086
:046D0A000000000085
:046D0B000000000084
:046D0C000000000083
:046D0D000000000082
:046D0E000000000081
:046D0F000000000080
:046D1000000000007F
:046D1100000000007E
:046D1200000000007D
:046D1300000000007C
:046D1400000000007B
:046D1500000000007A
:046D16000000000079
:046D17000000000078
:046D18000000000077
:046D19000000000076
:046D1A000000000075
:046D1B000000000074
:046D1C000000000073
:046D1D000000000072
:046D1E000000000071
:046D1F000000000070
:046D2000000000006F
:046D2100000000006E
:046D2200000000006D
:046D2300000000006C
:046D2400000000006B
:046D2500000000006A
:046D26000000000069
:046D27000000000068
:046D28000000000067
:046D29000000000066
:046D2A000000000065
:046D2B000000000064
:046D2C000000000063
:046D2D000000000062
:046D2E000000000061
:046D2F000000000060
:046D3000000000005F
:046D3100000000005E
:046D3200000000005D
:046D3300000000005C
:046D3400000000005B
:046D3500000000005A
:046D36000000000059
:046D37000000000058
:046D38000000000057
:046D39000000000056
:046D3A000000000055
:046D3B000000000054
:046D3C000000000053
:046D3D000000000052
:046D3E000000000051
:046D3F000000000050
:046D4000000000004F
:046D4100000000004E
:046D4200000000004D
:046D4300000000004C
:046D4400000000004B
:046D4500000000004A
:046D46000000000049
:046D47000000000048
:046D48000000000047
:046D49000000000046
:046D4A000000000045
:046D4B000000000044
:046D4C000000000043
:046D4D000000000042
:046D4E000000000041
:046D4F000000000040
:046D5000000000003F
:046D5100000000003E
:046D5200000000003D
:046D5300000000003C
:046D5400000000003B
:046D5500000000003A
:046D56000000000039
:046D57000000000038
:046D58000000000037
:046D59000000000036
:046D5A000000000035
:046D5B000000000034
:046D5C000000000033
:046D5D000000000032
:046D5E000000000031
:046D5F000000000030
:046D6000000000002F
:046D6100000000002E
:046D6200000000002D
:046D6300000000002C
:046D6400000000002B
:046D6500000000002A
:046D66000000000029
:046D67000000000028
:046D68000000000027
:046D69000000000026
:046D6A000000000025
:046D6B000000000024
:046D6C000000000023
:046D6D000000000022
:046D6E000000000021
:046D6F000000000020
:046D7000000000001F
:046D7100000000001E
:046D7200000000001D
:046D7300000000001C
:046D7400000000001B
:046D7500000000001A
:046D76000000000019
:046D77000000000018
:046D78000000000017
:046D79000000000016
:046D7A000000000015
:046D7B000000000014
:046D7C000000000013
:046D7D000000000012
:046D7E000000000011
:046D7F000000000010
:046D8000000000000F
:046D8100000000000E
:046D8200000000000D
:046D8300000000000C
:046D8400000000000B
:046D8500000000000A
:046D86000000000009
:046D87000000000008
:046D88000000000007
:046D89000000000006
:046D8A000000000005
:046D8B000000000004
:046D8C000000000003
:046D8D000000000002
:046D8E000000000001
:046D8F000000000000
:046D900000000000FF
:046D910000000000FE
:046D920000000000FD
:046D930000000000FC
:046D940000000000FB
:046D950000000000FA
:046D960000000000F9
:046D970000000000F8
:046D980000000000F7
:046D990000000000F6
:046D9A0000000000F5
:046D9B0000000000F4
:046D9C0000000000F3
:046D9D0000000000F2
:046D9E0000000000F1
:046D9F0000000000F0
:046DA00000000000EF
:046DA10000000000EE
:046DA20000000000ED
:046DA30000000000EC
:046DA40000000000EB
:046DA50000000000EA
:046DA60000000000E9
:046DA70000000000E8
:046DA80000000000E7
:046DA90000000000E6
:046DAA0000000000E5
:046DAB0000000000E4
:046DAC0000000000E3
:046DAD0000000000E2
:046DAE0000000000E1
:046DAF0000000000E0
:046DB00000000000DF
:046DB10000000000DE
:046DB20000000000DD
:046DB30000000000DC
:046DB40000000000DB
:046DB50000000000DA
:046DB60000000000D9
:046DB70000000000D8
:046DB80000000000D7
:046DB90000000000D6
:046DBA0000000000D5
:046DBB0000000000D4
:046DBC0000000000D3
:046DBD0000000000D2
:046DBE0000000000D1
:046DBF0000000000D0
:046DC00000000000CF
:046DC10000000000CE
:046DC20000000000CD
:046DC30000000000CC
:046DC40000000000CB
:046DC50000000000CA
:046DC60000000000C9
:046DC70000000000C8
:046DC80000000000C7
:046DC90000000000C6
:046DCA0000000000C5
:046DCB0000000000C4
:046DCC0000000000C3
:046DCD0000000000C2
:046DCE0000000000C1
:046DCF0000000000C0
:046DD00000000000BF
:046DD10000000000BE
:046DD20000000000BD
:046DD30000000000BC
:046DD40000000000BB
:046DD50000000000BA
:046DD60000000000B9
:046DD70000000000B8
:046DD80000000000B7
:046DD90000000000B6
:046DDA0000000000B5
:046DDB0000000000B4
:046DDC0000000000B3
:046DDD0000000000B2
:046DDE0000000000B1
:046DDF0000000000B0
:046DE00000000000AF
:046DE10000000000AE
:046DE20000000000AD
:046DE30000000000AC
:046DE40000000000AB
:046DE50000000000AA
:046DE60000000000A9
:046DE70000000000A8
:046DE80000000000A7
:046DE90000000000A6
:046DEA0000000000A5
:046DEB0000000000A4
:046DEC0000000000A3
:046DED0000000000A2
:046DEE0000000000A1
:046DEF0000000000A0
:046DF000000000009F
:046DF100000000009E
:046DF200000000009D
:046DF300000000009C
:046DF400000000009B
:046DF500000000009A
:046DF6000000000099
:046DF7000000000098
:046DF8000000000097
:046DF9000000000096
:046DFA000000000095
:046DFB000000000094
:046DFC000000000093
:046DFD000000000092
:046DFE000000000091
:046DFF000000000090
:046E0000000000008E
:046E0100000000008D
:046E0200000000008C
:046E0300000000008B
:046E0400000000008A
:046E05000000000089
:046E06000000000088
:046E07000000000087
:046E08000000000086
:046E09000000000085
:046E0A000000000084
:046E0B000000000083
:046E0C000000000082
:046E0D000000000081
:046E0E000000000080
:046E0F00000000007F
:046E1000000000007E
:046E1100000000007D
:046E1200000000007C
:046E1300000000007B
:046E1400000000007A
:046E15000000000079
:046E16000000000078
:046E17000000000077
:046E18000000000076
:046E19000000000075
:046E1A000000000074
:046E1B000000000073
:046E1C000000000072
:046E1D000000000071
:046E1E000000000070
:046E1F00000000006F
:046E2000000000006E
:046E2100000000006D
:046E2200000000006C
:046E2300000000006B
:046E2400000000006A
:046E25000000000069
:046E26000000000068
:046E27000000000067
:046E28000000000066
:046E29000000000065
:046E2A000000000064
:046E2B000000000063
:046E2C000000000062
:046E2D000000000061
:046E2E000000000060
:046E2F00000000005F
:046E3000000000005E
:046E3100000000005D
:046E3200000000005C
:046E3300000000005B
:046E3400000000005A
:046E35000000000059
:046E36000000000058
:046E37000000000057
:046E38000000000056
:046E39000000000055
:046E3A000000000054
:046E3B000000000053
:046E3C000000000052
:046E3D000000000051
:046E3E000000000050
:046E3F00000000004F
:046E4000000000004E
:046E4100000000004D
:046E4200000000004C
:046E4300000000004B
:046E4400000000004A
:046E45000000000049
:046E46000000000048
:046E47000000000047
:046E48000000000046
:046E49000000000045
:046E4A000000000044
:046E4B000000000043
:046E4C000000000042
:046E4D000000000041
:046E4E000000000040
:046E4F00000000003F
:046E5000000000003E
:046E5100000000003D
:046E5200000000003C
:046E5300000000003B
:046E5400000000003A
:046E55000000000039
:046E56000000000038
:046E57000000000037
:046E58000000000036
:046E59000000000035
:046E5A000000000034
:046E5B000000000033
:046E5C000000000032
:046E5D000000000031
:046E5E000000000030
:046E5F00000000002F
:046E6000000000002E
:046E6100000000002D
:046E6200000000002C
:046E6300000000002B
:046E6400000000002A
:046E65000000000029
:046E66000000000028
:046E67000000000027
:046E68000000000026
:046E69000000000025
:046E6A000000000024
:046E6B000000000023
:046E6C000000000022
:046E6D000000000021
:046E6E000000000020
:046E6F00000000001F
:046E7000000000001E
:046E7100000000001D
:046E7200000000001C
:046E7300000000001B
:046E7400000000001A
:046E75000000000019
:046E76000000000018
:046E77000000000017
:046E78000000000016
:046E79000000000015
:046E7A000000000014
:046E7B000000000013
:046E7C000000000012
:046E7D000000000011
:046E7E000000000010
:046E7F00000000000F
:046E8000000000000E
:046E8100000000000D
:046E8200000000000C
:046E8300000000000B
:046E8400000000000A
:046E85000000000009
:046E86000000000008
:046E87000000000007
:046E88000000000006
:046E89000000000005
:046E8A000000000004
:046E8B000000000003
:046E8C000000000002
:046E8D000000000001
:046E8E000000000000
:046E8F0000000000FF
:046E900000000000FE
:046E910000000000FD
:046E920000000000FC
:046E930000000000FB
:046E940000000000FA
:046E950000000000F9
:046E960000000000F8
:046E970000000000F7
:046E980000000000F6
:046E990000000000F5
:046E9A0000000000F4
:046E9B0000000000F3
:046E9C0000000000F2
:046E9D0000000000F1
:046E9E0000000000F0
:046E9F0000000000EF
:046EA00000000000EE
:046EA10000000000ED
:046EA20000000000EC
:046EA30000000000EB
:046EA40000000000EA
:046EA50000000000E9
:046EA60000000000E8
:046EA70000000000E7
:046EA80000000000E6
:046EA90000000000E5
:046EAA0000000000E4
:046EAB0000000000E3
:046EAC0000000000E2
:046EAD0000000000E1
:046EAE0000000000E0
:046EAF0000000000DF
:046EB00000000000DE
:046EB10000000000DD
:046EB20000000000DC
:046EB30000000000DB
:046EB40000000000DA
:046EB50000000000D9
:046EB60000000000D8
:046EB70000000000D7
:046EB80000000000D6
:046EB90000000000D5
:046EBA0000000000D4
:046EBB0000000000D3
:046EBC0000000000D2
:046EBD0000000000D1
:046EBE0000000000D0
:046EBF0000000000CF
:046EC00000000000CE
:046EC10000000000CD
:046EC20000000000CC
:046EC30000000000CB
:046EC40000000000CA
:046EC50000000000C9
:046EC60000000000C8
:046EC70000000000C7
:046EC80000000000C6
:046EC90000000000C5
:046ECA0000000000C4
:046ECB0000000000C3
:046ECC0000000000C2
:046ECD0000000000C1
:046ECE0000000000C0
:046ECF0000000000BF
:046ED00000000000BE
:046ED10000000000BD
:046ED20000000000BC
:046ED30000000000BB
:046ED40000000000BA
:046ED50000000000B9
:046ED60000000000B8
:046ED70000000000B7
:046ED80000000000B6
:046ED90000000000B5
:046EDA0000000000B4
:046EDB0000000000B3
:046EDC0000000000B2
:046EDD0000000000B1
:046EDE0000000000B0
:046EDF0000000000AF
:046EE00000000000AE
:046EE10000000000AD
:046EE20000000000AC
:046EE30000000000AB
:046EE40000000000AA
:046EE50000000000A9
:046EE60000000000A8
:046EE70000000000A7
:046EE80000000000A6
:046EE90000000000A5
:046EEA0000000000A4
:046EEB0000000000A3
:046EEC0000000000A2
:046EED0000000000A1
:046EEE0000000000A0
:046EEF00000000009F
:046EF000000000009E
:046EF100000000009D
:046EF200000000009C
:046EF300000000009B
:046EF400000000009A
:046EF5000000000099
:046EF6000000000098
:046EF7000000000097
:046EF8000000000096
:046EF9000000000095
:046EFA000000000094
:046EFB000000000093
:046EFC000000000092
:046EFD000000000091
:046EFE000000000090
:046EFF00000000008F
:046F0000000000008D
:046F0100000000008C
:046F0200000000008B
:046F0300000000008A
:046F04000000000089
:046F05000000000088
:046F06000000000087
:046F07000000000086
:046F08000000000085
:046F09000000000084
:046F0A000000000083
:046F0B000000000082
:046F0C000000000081
:046F0D000000000080
:046F0E00000000007F
:046F0F00000000007E
:046F1000000000007D
:046F1100000000007C
:046F1200000000007B
:046F1300000000007A
:046F14000000000079
:046F15000000000078
:046F16000000000077
:046F17000000000076
:046F18000000000075
:046F19000000000074
:046F1A000000000073
:046F1B000000000072
:046F1C000000000071
:046F1D000000000070
:046F1E00000000006F
:046F1F00000000006E
:046F2000000000006D
:046F2100000000006C
:046F2200000000006B
:046F2300000000006A
:046F24000000000069
:046F25000000000068
:046F26000000000067
:046F27000000000066
:046F28000000000065
:046F29000000000064
:046F2A000000000063
:046F2B000000000062
:046F2C000000000061
:046F2D000000000060
:046F2E00000000005F
:046F2F00000000005E
:046F3000000000005D
:046F3100000000005C
:046F3200000000005B
:046F3300000000005A
:046F34000000000059
:046F35000000000058
:046F36000000000057
:046F37000000000056
:046F38000000000055
:046F39000000000054
:046F3A000000000053
:046F3B000000000052
:046F3C000000000051
:046F3D000000000050
:046F3E00000000004F
:046F3F00000000004E
:046F4000000000004D
:046F4100000000004C
:046F4200000000004B
:046F4300000000004A
:046F44000000000049
:046F45000000000048
:046F46000000000047
:046F47000000000046
:046F48000000000045
:046F49000000000044
:046F4A000000000043
:046F4B000000000042
:046F4C000000000041
:046F4D000000000040
:046F4E00000000003F
:046F4F00000000003E
:046F5000000000003D
:046F5100000000003C
:046F5200000000003B
:046F5300000000003A
:046F54000000000039
:046F55000000000038
:046F56000000000037
:046F57000000000036
:046F58000000000035
:046F59000000000034
:046F5A000000000033
:046F5B000000000032
:046F5C000000000031
:046F5D000000000030
:046F5E00000000002F
:046F5F00000000002E
:046F6000000000002D
:046F6100000000002C
:046F6200000000002B
:046F6300000000002A
:046F64000000000029
:046F65000000000028
:046F66000000000027
:046F67000000000026
:046F68000000000025
:046F69000000000024
:046F6A000000000023
:046F6B000000000022
:046F6C000000000021
:046F6D000000000020
:046F6E00000000001F
:046F6F00000000001E
:046F7000000000001D
:046F7100000000001C
:046F7200000000001B
:046F7300000000001A
:046F74000000000019
:046F75000000000018
:046F76000000000017
:046F77000000000016
:046F78000000000015
:046F79000000000014
:046F7A000000000013
:046F7B000000000012
:046F7C000000000011
:046F7D000000000010
:046F7E00000000000F
:046F7F00000000000E
:046F8000000000000D
:046F8100000000000C
:046F8200000000000B
:046F8300000000000A
:046F84000000000009
:046F85000000000008
:046F86000000000007
:046F87000000000006
:046F88000000000005
:046F89000000000004
:046F8A000000000003
:046F8B000000000002
:046F8C000000000001
:046F8D000000000000
:046F8E0000000000FF
:046F8F0000000000FE
:046F900000000000FD
:046F910000000000FC
:046F920000000000FB
:046F930000000000FA
:046F940000000000F9
:046F950000000000F8
:046F960000000000F7
:046F970000000000F6
:046F980000000000F5
:046F990000000000F4
:046F9A0000000000F3
:046F9B0000000000F2
:046F9C0000000000F1
:046F9D0000000000F0
:046F9E0000000000EF
:046F9F0000000000EE
:046FA00000000000ED
:046FA10000000000EC
:046FA20000000000EB
:046FA30000000000EA
:046FA40000000000E9
:046FA50000000000E8
:046FA60000000000E7
:046FA70000000000E6
:046FA80000000000E5
:046FA90000000000E4
:046FAA0000000000E3
:046FAB0000000000E2
:046FAC0000000000E1
:046FAD0000000000E0
:046FAE0000000000DF
:046FAF0000000000DE
:046FB00000000000DD
:046FB10000000000DC
:046FB20000000000DB
:046FB30000000000DA
:046FB40000000000D9
:046FB50000000000D8
:046FB60000000000D7
:046FB70000000000D6
:046FB80000000000D5
:046FB90000000000D4
:046FBA0000000000D3
:046FBB0000000000D2
:046FBC0000000000D1
:046FBD0000000000D0
:046FBE0000000000CF
:046FBF0000000000CE
:046FC00000000000CD
:046FC10000000000CC
:046FC20000000000CB
:046FC30000000000CA
:046FC40000000000C9
:046FC50000000000C8
:046FC60000000000C7
:046FC70000000000C6
:046FC80000000000C5
:046FC90000000000C4
:046FCA0000000000C3
:046FCB0000000000C2
:046FCC0000000000C1
:046FCD0000000000C0
:046FCE0000000000BF
:046FCF0000000000BE
:046FD00000000000BD
:046FD10000000000BC
:046FD20000000000BB
:046FD30000000000BA
:046FD40000000000B9
:046FD50000000000B8
:046FD60000000000B7
:046FD70000000000B6
:046FD80000000000B5
:046FD90000000000B4
:046FDA0000000000B3
:046FDB0000000000B2
:046FDC0000000000B1
:046FDD0000000000B0
:046FDE0000000000AF
:046FDF0000000000AE
:046FE00000000000AD
:046FE10000000000AC
:046FE20000000000AB
:046FE30000000000AA
:046FE40000000000A9
:046FE50000000000A8
:046FE60000000000A7
:046FE70000000000A6
:046FE80000000000A5
:046FE90000000000A4
:046FEA0000000000A3
:046FEB0000000000A2
:046FEC0000000000A1
:046FED0000000000A0
:046FEE00000000009F
:046FEF00000000009E
:046FF000000000009D
:046FF100000000009C
:046FF200000000009B
:046FF300000000009A
:046FF4000000000099
:046FF5000000000098
:046FF6000000000097
:046FF7000000000096
:046FF8000000000095
:046FF9000000000094
:046FFA000000000093
:046FFB000000000092
:046FFC000000000091
:046FFD000000000090
:046FFE00000000008F
:046FFF00000000008E
:04700000000000008C
:04700100000000008B
:04700200000000008A
:047003000000000089
:047004000000000088
:047005000000000087
:047006000000000086
:047007000000000085
:047008000000000084
:047009000000000083
:04700A000000000082
:04700B000000000081
:04700C000000000080
:04700D00000000007F
:04700E00000000007E
:04700F00000000007D
:04701000000000007C
:04701100000000007B
:04701200000000007A
:047013000000000079
:047014000000000078
:047015000000000077
:047016000000000076
:047017000000000075
:047018000000000074
:047019000000000073
:04701A000000000072
:04701B000000000071
:04701C000000000070
:04701D00000000006F
:04701E00000000006E
:04701F00000000006D
:04702000000000006C
:04702100000000006B
:04702200000000006A
:047023000000000069
:047024000000000068
:047025000000000067
:047026000000000066
:047027000000000065
:047028000000000064
:047029000000000063
:04702A000000000062
:04702B000000000061
:04702C000000000060
:04702D00000000005F
:04702E00000000005E
:04702F00000000005D
:04703000000000005C
:04703100000000005B
:04703200000000005A
:047033000000000059
:047034000000000058
:047035000000000057
:047036000000000056
:047037000000000055
:047038000000000054
:047039000000000053
:04703A000000000052
:04703B000000000051
:04703C000000000050
:04703D00000000004F
:04703E00000000004E
:04703F00000000004D
:04704000000000004C
:04704100000000004B
:04704200000000004A
:047043000000000049
:047044000000000048
:047045000000000047
:047046000000000046
:047047000000000045
:047048000000000044
:047049000000000043
:04704A000000000042
:04704B000000000041
:04704C000000000040
:04704D00000000003F
:04704E00000000003E
:04704F00000000003D
:04705000000000003C
:04705100000000003B
:04705200000000003A
:047053000000000039
:047054000000000038
:047055000000000037
:047056000000000036
:047057000000000035
:047058000000000034
:047059000000000033
:04705A000000000032
:04705B000000000031
:04705C000000000030
:04705D00000000002F
:04705E00000000002E
:04705F00000000002D
:04706000000000002C
:04706100000000002B
:04706200000000002A
:047063000000000029
:047064000000000028
:047065000000000027
:047066000000000026
:047067000000000025
:047068000000000024
:047069000000000023
:04706A000000000022
:04706B000000000021
:04706C000000000020
:04706D00000000001F
:04706E00000000001E
:04706F00000000001D
:04707000000000001C
:04707100000000001B
:04707200000000001A
:047073000000000019
:047074000000000018
:047075000000000017
:047076000000000016
:047077000000000015
:047078000000000014
:047079000000000013
:04707A000000000012
:04707B000000000011
:04707C000000000010
:04707D00000000000F
:04707E00000000000E
:04707F00000000000D
:04708000000000000C
:04708100000000000B
:04708200000000000A
:047083000000000009
:047084000000000008
:047085000000000007
:047086000000000006
:047087000000000005
:047088000000000004
:047089000000000003
:04708A000000000002
:04708B000000000001
:04708C000000000000
:04708D0000000000FF
:04708E0000000000FE
:04708F0000000000FD
:0470900000000000FC
:0470910000000000FB
:0470920000000000FA
:0470930000000000F9
:0470940000000000F8
:0470950000000000F7
:0470960000000000F6
:0470970000000000F5
:0470980000000000F4
:0470990000000000F3
:04709A0000000000F2
:04709B0000000000F1
:04709C0000000000F0
:04709D0000000000EF
:04709E0000000000EE
:04709F0000000000ED
:0470A00000000000EC
:0470A10000000000EB
:0470A20000000000EA
:0470A30000000000E9
:0470A40000000000E8
:0470A50000000000E7
:0470A60000000000E6
:0470A70000000000E5
:0470A80000000000E4
:0470A90000000000E3
:0470AA0000000000E2
:0470AB0000000000E1
:0470AC0000000000E0
:0470AD0000000000DF
:0470AE0000000000DE
:0470AF0000000000DD
:0470B00000000000DC
:0470B10000000000DB
:0470B20000000000DA
:0470B30000000000D9
:0470B40000000000D8
:0470B50000000000D7
:0470B60000000000D6
:0470B70000000000D5
:0470B80000000000D4
:0470B90000000000D3
:0470BA0000000000D2
:0470BB0000000000D1
:0470BC0000000000D0
:0470BD0000000000CF
:0470BE0000000000CE
:0470BF0000000000CD
:0470C00000000000CC
:0470C10000000000CB
:0470C20000000000CA
:0470C30000000000C9
:0470C40000000000C8
:0470C50000000000C7
:0470C60000000000C6
:0470C70000000000C5
:0470C80000000000C4
:0470C90000000000C3
:0470CA0000000000C2
:0470CB0000000000C1
:0470CC0000000000C0
:0470CD0000000000BF
:0470CE0000000000BE
:0470CF0000000000BD
:0470D00000000000BC
:0470D10000000000BB
:0470D20000000000BA
:0470D30000000000B9
:0470D40000000000B8
:0470D50000000000B7
:0470D60000000000B6
:0470D70000000000B5
:0470D80000000000B4
:0470D90000000000B3
:0470DA0000000000B2
:0470DB0000000000B1
:0470DC0000000000B0
:0470DD0000000000AF
:0470DE0000000000AE
:0470DF0000000000AD
:0470E00000000000AC
:0470E10000000000AB
:0470E20000000000AA
:0470E30000000000A9
:0470E40000000000A8
:0470E50000000000A7
:0470E60000000000A6
:0470E70000000000A5
:0470E80000000000A4
:0470E90000000000A3
:0470EA0000000000A2
:0470EB0000000000A1
:0470EC0000000000A0
:0470ED00000000009F
:0470EE00000000009E
:0470EF00000000009D
:0470F000000000009C
:0470F100000000009B
:0470F200000000009A
:0470F3000000000099
:0470F4000000000098
:0470F5000000000097
:0470F6000000000096
:0470F7000000000095
:0470F8000000000094
:0470F9000000000093
:0470FA000000000092
:0470FB000000000091
:0470FC000000000090
:0470FD00000000008F
:0470FE00000000008E
:0470FF00000000008D
:04710000000000008B
:04710100000000008A
:047102000000000089
:047103000000000088
:047104000000000087
:047105000000000086
:047106000000000085
:047107000000000084
:047108000000000083
:047109000000000082
:04710A000000000081
:04710B000000000080
:04710C00000000007F
:04710D00000000007E
:04710E00000000007D
:04710F00000000007C
:04711000000000007B
:04711100000000007A
:047112000000000079
:047113000000000078
:047114000000000077
:047115000000000076
:047116000000000075
:047117000000000074
:047118000000000073
:047119000000000072
:04711A000000000071
:04711B000000000070
:04711C00000000006F
:04711D00000000006E
:04711E00000000006D
:04711F00000000006C
:04712000000000006B
:04712100000000006A
:047122000000000069
:047123000000000068
:047124000000000067
:047125000000000066
:047126000000000065
:047127000000000064
:047128000000000063
:047129000000000062
:04712A000000000061
:04712B000000000060
:04712C00000000005F
:04712D00000000005E
:04712E00000000005D
:04712F00000000005C
:04713000000000005B
:04713100000000005A
:047132000000000059
:047133000000000058
:047134000000000057
:047135000000000056
:047136000000000055
:047137000000000054
:047138000000000053
:047139000000000052
:04713A000000000051
:04713B000000000050
:04713C00000000004F
:04713D00000000004E
:04713E00000000004D
:04713F00000000004C
:04714000000000004B
:04714100000000004A
:047142000000000049
:047143000000000048
:047144000000000047
:047145000000000046
:047146000000000045
:047147000000000044
:047148000000000043
:047149000000000042
:04714A000000000041
:04714B000000000040
:04714C00000000003F
:04714D00000000003E
:04714E00000000003D
:04714F00000000003C
:04715000000000003B
:04715100000000003A
:047152000000000039
:047153000000000038
:047154000000000037
:047155000000000036
:047156000000000035
:047157000000000034
:047158000000000033
:047159000000000032
:04715A000000000031
:04715B000000000030
:04715C00000000002F
:04715D00000000002E
:04715E00000000002D
:04715F00000000002C
:04716000000000002B
:04716100000000002A
:047162000000000029
:047163000000000028
:047164000000000027
:047165000000000026
:047166000000000025
:047167000000000024
:047168000000000023
:047169000000000022
:04716A000000000021
:04716B000000000020
:04716C00000000001F
:04716D00000000001E
:04716E00000000001D
:04716F00000000001C
:04717000000000001B
:04717100000000001A
:047172000000000019
:047173000000000018
:047174000000000017
:047175000000000016
:047176000000000015
:047177000000000014
:047178000000000013
:047179000000000012
:04717A000000000011
:04717B000000000010
:04717C00000000000F
:04717D00000000000E
:04717E00000000000D
:04717F00000000000C
:04718000000000000B
:04718100000000000A
:047182000000000009
:047183000000000008
:047184000000000007
:047185000000000006
:047186000000000005
:047187000000000004
:047188000000000003
:047189000000000002
:04718A000000000001
:04718B000000000000
:04718C0000000000FF
:04718D0000000000FE
:04718E0000000000FD
:04718F0000000000FC
:0471900000000000FB
:0471910000000000FA
:0471920000000000F9
:0471930000000000F8
:0471940000000000F7
:0471950000000000F6
:0471960000000000F5
:0471970000000000F4
:0471980000000000F3
:0471990000000000F2
:04719A0000000000F1
:04719B0000000000F0
:04719C0000000000EF
:04719D0000000000EE
:04719E0000000000ED
:04719F0000000000EC
:0471A00000000000EB
:0471A10000000000EA
:0471A20000000000E9
:0471A30000000000E8
:0471A40000000000E7
:0471A50000000000E6
:0471A60000000000E5
:0471A70000000000E4
:0471A80000000000E3
:0471A90000000000E2
:0471AA0000000000E1
:0471AB0000000000E0
:0471AC0000000000DF
:0471AD0000000000DE
:0471AE0000000000DD
:0471AF0000000000DC
:0471B00000000000DB
:0471B10000000000DA
:0471B20000000000D9
:0471B30000000000D8
:0471B40000000000D7
:0471B50000000000D6
:0471B60000000000D5
:0471B70000000000D4
:0471B80000000000D3
:0471B90000000000D2
:0471BA0000000000D1
:0471BB0000000000D0
:0471BC0000000000CF
:0471BD0000000000CE
:0471BE0000000000CD
:0471BF0000000000CC
:0471C00000000000CB
:0471C10000000000CA
:0471C20000000000C9
:0471C30000000000C8
:0471C40000000000C7
:0471C50000000000C6
:0471C60000000000C5
:0471C70000000000C4
:0471C80000000000C3
:0471C90000000000C2
:0471CA0000000000C1
:0471CB0000000000C0
:0471CC0000000000BF
:0471CD0000000000BE
:0471CE0000000000BD
:0471CF0000000000BC
:0471D00000000000BB
:0471D10000000000BA
:0471D20000000000B9
:0471D30000000000B8
:0471D40000000000B7
:0471D50000000000B6
:0471D60000000000B5
:0471D70000000000B4
:0471D80000000000B3
:0471D90000000000B2
:0471DA0000000000B1
:0471DB0000000000B0
:0471DC0000000000AF
:0471DD0000000000AE
:0471DE0000000000AD
:0471DF0000000000AC
:0471E00000000000AB
:0471E10000000000AA
:0471E20000000000A9
:0471E30000000000A8
:0471E40000000000A7
:0471E50000000000A6
:0471E60000000000A5
:0471E70000000000A4
:0471E80000000000A3
:0471E90000000000A2
:0471EA0000000000A1
:0471EB0000000000A0
:0471EC00000000009F
:0471ED00000000009E
:0471EE00000000009D
:0471EF00000000009C
:0471F000000000009B
:0471F100000000009A
:0471F2000000000099
:0471F3000000000098
:0471F4000000000097
:0471F5000000000096
:0471F6000000000095
:0471F7000000000094
:0471F8000000000093
:0471F9000000000092
:0471FA000000000091
:0471FB000000000090
:0471FC00000000008F
:0471FD00000000008E
:0471FE00000000008D
:0471FF00000000008C
:04720000000000008A
:047201000000000089
:047202000000000088
:047203000000000087
:047204000000000086
:047205000000000085
:047206000000000084
:047207000000000083
:047208000000000082
:047209000000000081
:04720A000000000080
:04720B00000000007F
:04720C00000000007E
:04720D00000000007D
:04720E00000000007C
:04720F00000000007B
:04721000000000007A
:047211000000000079
:047212000000000078
:047213000000000077
:047214000000000076
:047215000000000075
:047216000000000074
:047217000000000073
:047218000000000072
:047219000000000071
:04721A000000000070
:04721B00000000006F
:04721C00000000006E
:04721D00000000006D
:04721E00000000006C
:04721F00000000006B
:04722000000000006A
:047221000000000069
:047222000000000068
:047223000000000067
:047224000000000066
:047225000000000065
:047226000000000064
:047227000000000063
:047228000000000062
:047229000000000061
:04722A000000000060
:04722B00000000005F
:04722C00000000005E
:04722D00000000005D
:04722E00000000005C
:04722F00000000005B
:04723000000000005A
:047231000000000059
:047232000000000058
:047233000000000057
:047234000000000056
:047235000000000055
:047236000000000054
:047237000000000053
:047238000000000052
:047239000000000051
:04723A000000000050
:04723B00000000004F
:04723C00000000004E
:04723D00000000004D
:04723E00000000004C
:04723F00000000004B
:04724000000000004A
:047241000000000049
:047242000000000048
:047243000000000047
:047244000000000046
:047245000000000045
:047246000000000044
:047247000000000043
:047248000000000042
:047249000000000041
:04724A000000000040
:04724B00000000003F
:04724C00000000003E
:04724D00000000003D
:04724E00000000003C
:04724F00000000003B
:04725000000000003A
:047251000000000039
:047252000000000038
:047253000000000037
:047254000000000036
:047255000000000035
:047256000000000034
:047257000000000033
:047258000000000032
:047259000000000031
:04725A000000000030
:04725B00000000002F
:04725C00000000002E
:04725D00000000002D
:04725E00000000002C
:04725F00000000002B
:04726000000000002A
:047261000000000029
:047262000000000028
:047263000000000027
:047264000000000026
:047265000000000025
:047266000000000024
:047267000000000023
:047268000000000022
:047269000000000021
:04726A000000000020
:04726B00000000001F
:04726C00000000001E
:04726D00000000001D
:04726E00000000001C
:04726F00000000001B
:04727000000000001A
:047271000000000019
:047272000000000018
:047273000000000017
:047274000000000016
:047275000000000015
:047276000000000014
:047277000000000013
:047278000000000012
:047279000000000011
:04727A000000000010
:04727B00000000000F
:04727C00000000000E
:04727D00000000000D
:04727E00000000000C
:04727F00000000000B
:04728000000000000A
:047281000000000009
:047282000000000008
:047283000000000007
:047284000000000006
:047285000000000005
:047286000000000004
:047287000000000003
:047288000000000002
:047289000000000001
:04728A000000000000
:04728B0000000000FF
:04728C0000000000FE
:04728D0000000000FD
:04728E0000000000FC
:04728F0000000000FB
:0472900000000000FA
:0472910000000000F9
:0472920000000000F8
:0472930000000000F7
:0472940000000000F6
:0472950000000000F5
:0472960000000000F4
:0472970000000000F3
:0472980000000000F2
:0472990000000000F1
:04729A0000000000F0
:04729B0000000000EF
:04729C0000000000EE
:04729D0000000000ED
:04729E0000000000EC
:04729F0000000000EB
:0472A00000000000EA
:0472A10000000000E9
:0472A20000000000E8
:0472A30000000000E7
:0472A40000000000E6
:0472A50000000000E5
:0472A60000000000E4
:0472A70000000000E3
:0472A80000000000E2
:0472A90000000000E1
:0472AA0000000000E0
:0472AB0000000000DF
:0472AC0000000000DE
:0472AD0000000000DD
:0472AE0000000000DC
:0472AF0000000000DB
:0472B00000000000DA
:0472B10000000000D9
:0472B20000000000D8
:0472B30000000000D7
:0472B40000000000D6
:0472B50000000000D5
:0472B60000000000D4
:0472B70000000000D3
:0472B80000000000D2
:0472B90000000000D1
:0472BA0000000000D0
:0472BB0000000000CF
:0472BC0000000000CE
:0472BD0000000000CD
:0472BE0000000000CC
:0472BF0000000000CB
:0472C00000000000CA
:0472C10000000000C9
:0472C20000000000C8
:0472C30000000000C7
:0472C40000000000C6
:0472C50000000000C5
:0472C60000000000C4
:0472C70000000000C3
:0472C80000000000C2
:0472C90000000000C1
:0472CA0000000000C0
:0472CB0000000000BF
:0472CC0000000000BE
:0472CD0000000000BD
:0472CE0000000000BC
:0472CF0000000000BB
:0472D00000000000BA
:0472D10000000000B9
:0472D20000000000B8
:0472D30000000000B7
:0472D40000000000B6
:0472D50000000000B5
:0472D60000000000B4
:0472D70000000000B3
:0472D80000000000B2
:0472D90000000000B1
:0472DA0000000000B0
:0472DB0000000000AF
:0472DC0000000000AE
:0472DD0000000000AD
:0472DE0000000000AC
:0472DF0000000000AB
:0472E00000000000AA
:0472E10000000000A9
:0472E20000000000A8
:0472E30000000000A7
:0472E40000000000A6
:0472E50000000000A5
:0472E60000000000A4
:0472E70000000000A3
:0472E80000000000A2
:0472E90000000000A1
:0472EA0000000000A0
:0472EB00000000009F
:0472EC00000000009E
:0472ED00000000009D
:0472EE00000000009C
:0472EF00000000009B
:0472F000000000009A
:0472F1000000000099
:0472F2000000000098
:0472F3000000000097
:0472F4000000000096
:0472F5000000000095
:0472F6000000000094
:0472F7000000000093
:0472F8000000000092
:0472F9000000000091
:0472FA000000000090
:0472FB00000000008F
:0472FC00000000008E
:0472FD00000000008D
:0472FE00000000008C
:0472FF00000000008B
:047300000000000089
:047301000000000088
:047302000000000087
:047303000000000086
:047304000000000085
:047305000000000084
:047306000000000083
:047307000000000082
:047308000000000081
:047309000000000080
:04730A00000000007F
:04730B00000000007E
:04730C00000000007D
:04730D00000000007C
:04730E00000000007B
:04730F00000000007A
:047310000000000079
:047311000000000078
:047312000000000077
:047313000000000076
:047314000000000075
:047315000000000074
:047316000000000073
:047317000000000072
:047318000000000071
:047319000000000070
:04731A00000000006F
:04731B00000000006E
:04731C00000000006D
:04731D00000000006C
:04731E00000000006B
:04731F00000000006A
:047320000000000069
:047321000000000068
:047322000000000067
:047323000000000066
:047324000000000065
:047325000000000064
:047326000000000063
:047327000000000062
:047328000000000061
:047329000000000060
:04732A00000000005F
:04732B00000000005E
:04732C00000000005D
:04732D00000000005C
:04732E00000000005B
:04732F00000000005A
:047330000000000059
:047331000000000058
:047332000000000057
:047333000000000056
:047334000000000055
:047335000000000054
:047336000000000053
:047337000000000052
:047338000000000051
:047339000000000050
:04733A00000000004F
:04733B00000000004E
:04733C00000000004D
:04733D00000000004C
:04733E00000000004B
:04733F00000000004A
:047340000000000049
:047341000000000048
:047342000000000047
:047343000000000046
:047344000000000045
:047345000000000044
:047346000000000043
:047347000000000042
:047348000000000041
:047349000000000040
:04734A00000000003F
:04734B00000000003E
:04734C00000000003D
:04734D00000000003C
:04734E00000000003B
:04734F00000000003A
:047350000000000039
:047351000000000038
:047352000000000037
:047353000000000036
:047354000000000035
:047355000000000034
:047356000000000033
:047357000000000032
:047358000000000031
:047359000000000030
:04735A00000000002F
:04735B00000000002E
:04735C00000000002D
:04735D00000000002C
:04735E00000000002B
:04735F00000000002A
:047360000000000029
:047361000000000028
:047362000000000027
:047363000000000026
:047364000000000025
:047365000000000024
:047366000000000023
:047367000000000022
:047368000000000021
:047369000000000020
:04736A00000000001F
:04736B00000000001E
:04736C00000000001D
:04736D00000000001C
:04736E00000000001B
:04736F00000000001A
:047370000000000019
:047371000000000018
:047372000000000017
:047373000000000016
:047374000000000015
:047375000000000014
:047376000000000013
:047377000000000012
:047378000000000011
:047379000000000010
:04737A00000000000F
:04737B00000000000E
:04737C00000000000D
:04737D00000000000C
:04737E00000000000B
:04737F00000000000A
:047380000000000009
:047381000000000008
:047382000000000007
:047383000000000006
:047384000000000005
:047385000000000004
:047386000000000003
:047387000000000002
:047388000000000001
:047389000000000000
:04738A0000000000FF
:04738B0000000000FE
:04738C0000000000FD
:04738D0000000000FC
:04738E0000000000FB
:04738F0000000000FA
:0473900000000000F9
:0473910000000000F8
:0473920000000000F7
:0473930000000000F6
:0473940000000000F5
:0473950000000000F4
:0473960000000000F3
:0473970000000000F2
:0473980000000000F1
:0473990000000000F0
:04739A0000000000EF
:04739B0000000000EE
:04739C0000000000ED
:04739D0000000000EC
:04739E0000000000EB
:04739F0000000000EA
:0473A00000000000E9
:0473A10000000000E8
:0473A20000000000E7
:0473A30000000000E6
:0473A40000000000E5
:0473A50000000000E4
:0473A60000000000E3
:0473A70000000000E2
:0473A80000000000E1
:0473A90000000000E0
:0473AA0000000000DF
:0473AB0000000000DE
:0473AC0000000000DD
:0473AD0000000000DC
:0473AE0000000000DB
:0473AF0000000000DA
:0473B00000000000D9
:0473B10000000000D8
:0473B20000000000D7
:0473B30000000000D6
:0473B40000000000D5
:0473B50000000000D4
:0473B60000000000D3
:0473B70000000000D2
:0473B80000000000D1
:0473B90000000000D0
:0473BA0000000000CF
:0473BB0000000000CE
:0473BC0000000000CD
:0473BD0000000000CC
:0473BE0000000000CB
:0473BF0000000000CA
:0473C00000000000C9
:0473C10000000000C8
:0473C20000000000C7
:0473C30000000000C6
:0473C40000000000C5
:0473C50000000000C4
:0473C60000000000C3
:0473C70000000000C2
:0473C80000000000C1
:0473C90000000000C0
:0473CA0000000000BF
:0473CB0000000000BE
:0473CC0000000000BD
:0473CD0000000000BC
:0473CE0000000000BB
:0473CF0000000000BA
:0473D00000000000B9
:0473D10000000000B8
:0473D20000000000B7
:0473D30000000000B6
:0473D40000000000B5
:0473D50000000000B4
:0473D60000000000B3
:0473D70000000000B2
:0473D80000000000B1
:0473D90000000000B0
:0473DA0000000000AF
:0473DB0000000000AE
:0473DC0000000000AD
:0473DD0000000000AC
:0473DE0000000000AB
:0473DF0000000000AA
:0473E00000000000A9
:0473E10000000000A8
:0473E20000000000A7
:0473E30000000000A6
:0473E40000000000A5
:0473E50000000000A4
:0473E60000000000A3
:0473E70000000000A2
:0473E80000000000A1
:0473E90000000000A0
:0473EA00000000009F
:0473EB00000000009E
:0473EC00000000009D
:0473ED00000000009C
:0473EE00000000009B
:0473EF00000000009A
:0473F0000000000099
:0473F1000000000098
:0473F2000000000097
:0473F3000000000096
:0473F4000000000095
:0473F5000000000094
:0473F6000000000093
:0473F7000000000092
:0473F8000000000091
:0473F9000000000090
:0473FA00000000008F
:0473FB00000000008E
:0473FC00000000008D
:0473FD00000000008C
:0473FE00000000008B
:0473FF00000000008A
:047400000000000286
:047401000000000186
:047402000000000185
:047403000000000085
:047404000003D09021
:0474050000000084FF
:047406000000000082
:04740700000005C0BC
:047408000000000080
:04740900000000007F
:04740A00000000007E
:04740B00000000007D
:04740C00000000007C
:04740D00000000007B
:04740E00000000007A
:04740F000000000079
:047410000000000078
:047411000000000077
:047412000000000076
:047413000000000075
:047414000000000074
:047415000000000073
:047416000000000072
:047417000000000071
:047418000000000070
:047419008C2188201A
:04741A008C63886295
:04741B0088A58CA410
:04741C0088E78CE68B
:04741D00000000006B
:04741E00000000006A
:04741F000000000069
:047420000000000068
:047421000000000067
:047422000000000066
:047423000000000065
:047424000000000064
:047425000000000063
:047426000000000062
:047427000000000061
:047428000000000060
:04742900000000005F
:04742A00000000005E
:04742B00000000005D
:04742C00000000005C
:04742D00000000005B
:04742E00000000005A
:04742F000000000059
:047430000000000058
:047431000000000057
:047432000000000056
:047433000000000055
:047434000000000054
:047435000000000053
:047436000000000052
:047437000000000051
:047438000000000050
:04743900000000004F
:04743A00000000004E
:04743B00000000004D
:04743C00000000004C
:04743D00000000004B
:04743E00000000004A
:04743F000000000049
:047440000000000048
:047441000000000047
:047442000000000046
:047443000000000045
:047444000000000044
:047445000000000043
:047446000000000042
:047447000000000041
:047448000000000040
:04744900000000003F
:04744A00000000003E
:04744B00000000003D
:04744C00000000003C
:04744D00000000003B
:04744E00000000003A
:04744F000000000039
:047450000000000038
:047451000000000037
:047452000000000036
:047453000000000035
:047454000000000034
:047455000000000033
:047456000000000032
:047457000000000031
:047458000000000030
:04745900000000002F
:04745A00000000002E
:04745B00000000002D
:04745C00000000002C
:04745D00000000002B
:04745E00000000002A
:04745F000000000029
:047460000000000028
:047461000000000027
:047462000000000026
:047463000000000025
:047464000000000024
:047465000000000023
:047466000000000022
:047467000000000021
:047468000000000020
:04746900000000001F
:04746A00000000001E
:04746B00000000001D
:04746C00000000001C
:04746D00000000001B
:04746E00000000001A
:04746F000000000019
:047470000000000018
:047471000000000017
:047472000000000016
:047473000000000015
:047474000000000014
:047475000000000013
:047476000000000012
:047477000000000011
:047478000000000010
:04747900000000000F
:04747A00000000000E
:04747B00000000000D
:04747C00000000000C
:04747D00000000000B
:04747E00000000000A
:04747F000000000009
:047480000000000008
:047481000000000007
:047482000000000006
:047483000000000005
:047484000000000004
:047485000000000003
:047486000000000002
:047487000000000001
:047488000000000000
:0474890000000000FF
:04748A0000000000FE
:04748B0000000000FD
:04748C0000000000FC
:04748D0000000000FB
:04748E0000000000FA
:04748F0000000000F9
:0474900000000000F8
:0474910000000000F7
:0474920000000000F6
:0474930000000000F5
:0474940000000000F4
:0474950000000000F3
:0474960000000000F2
:0474970000000000F1
:0474980000000000F0
:0474990000000000EF
:04749A0000000000EE
:04749B0000000000ED
:04749C0000000000EC
:04749D0000000000EB
:04749E0000000000EA
:04749F0000000000E9
:0474A00000000000E8
:0474A10000000000E7
:0474A20000000000E6
:0474A30000000000E5
:0474A40000000000E4
:0474A50000000000E3
:0474A60000000000E2
:0474A70000000000E1
:0474A80000000000E0
:0474A90000000000DF
:0474AA0000000000DE
:0474AB0000000000DD
:0474AC0000000000DC
:0474AD0000000000DB
:0474AE0000000000DA
:0474AF0000000000D9
:0474B00000000000D8
:0474B10000000000D7
:0474B20000000000D6
:0474B30000000000D5
:0474B40000000000D4
:0474B50000000000D3
:0474B60000000000D2
:0474B70000000000D1
:0474B80000000000D0
:0474B90000000000CF
:0474BA0000000000CE
:0474BB0000000000CD
:0474BC0000000000CC
:0474BD0000000000CB
:0474BE0000000000CA
:0474BF0000000000C9
:0474C00000000000C8
:0474C10000000000C7
:0474C20000000000C6
:0474C30000000000C5
:0474C40000000000C4
:0474C50000000000C3
:0474C60000000000C2
:0474C70000000000C1
:0474C80000000000C0
:0474C90000000000BF
:0474CA0000000000BE
:0474CB0000000000BD
:0474CC0000000000BC
:0474CD0000000000BB
:0474CE0000000000BA
:0474CF0000000000B9
:0474D00000000000B8
:0474D10000000000B7
:0474D20000000000B6
:0474D30000000000B5
:0474D40000000000B4
:0474D50000000000B3
:0474D60000000000B2
:0474D70000000000B1
:0474D80000000000B0
:0474D90000000000AF
:0474DA0000000000AE
:0474DB0000000000AD
:0474DC0000000000AC
:0474DD0000000000AB
:0474DE0000000000AA
:0474DF0000000000A9
:0474E00000000000A8
:0474E10000000000A7
:0474E20000000000A6
:0474E30000000000A5
:0474E40000000000A4
:0474E50000000000A3
:0474E60000000000A2
:0474E70000000000A1
:0474E80000000000A0
:0474E900000000009F
:0474EA00000000009E
:0474EB00000000009D
:0474EC00000000009C
:0474ED00000000009B
:0474EE00000000009A
:0474EF000000000099
:0474F0000000000098
:0474F1000000000097
:0474F2000000000096
:0474F3000000000095
:0474F4000000000094
:0474F5000000000093
:0474F6000000000092
:0474F7000000000091
:0474F8000000000090
:0474F900000000008F
:0474FA00000000008E
:0474FB00000000008D
:0474FC00000000008C
:0474FD00000000008B
:0474FE00000000008A
:0474FF000000000089
:047500000000000087
:047501000000000086
:047502000000000085
:047503000000000084
:047504000000000083
:047505000000000082
:047506000000000081
:047507000000000080
:04750800000000007F
:04750900000000007E
:04750A00000000007D
:04750B00000000007C
:04750C00000000007B
:04750D00000000007A
:04750E000000000079
:04750F000000000078
:047510000000000077
:047511000000000076
:047512000000000075
:047513000000000074
:047514000000000073
:047515000000000072
:047516000000000071
:047517000000000070
:04751800000000006F
:04751900000000006E
:04751A00000000006D
:04751B00000000006C
:04751C00000000006B
:04751D00000000006A
:04751E000000000069
:04751F000000000068
:047520000000000067
:047521000000000066
:047522000000000065
:047523000000000064
:047524000000000063
:047525000000000062
:047526000000000061
:047527000000000060
:04752800000000005F
:04752900000000005E
:04752A00000000005D
:04752B00000000005C
:04752C00000000005B
:04752D00000000005A
:04752E000000000059
:04752F000000000058
:047530000000000057
:047531000000000056
:047532000000000055
:047533000000000054
:047534000000000053
:047535000000000052
:047536000000000051
:047537000000000050
:04753800000000004F
:04753900000000004E
:04753A00000000004D
:04753B00000000004C
:04753C00000000004B
:04753D00000000004A
:04753E000000000049
:04753F000000000048
:047540000000000047
:047541000000000046
:047542000000000045
:047543000000000044
:047544000000000043
:047545000000000042
:047546000000000041
:047547000000000040
:04754800000000003F
:04754900000000003E
:04754A00000000003D
:04754B00000000003C
:04754C00000000003B
:04754D00000000003A
:04754E000000000039
:04754F000000000038
:047550000000000037
:047551000000000036
:047552000000000035
:047553000000000034
:047554000000000033
:047555000000000032
:047556000000000031
:047557000000000030
:04755800000000002F
:04755900000000002E
:04755A00000000002D
:04755B00000000002C
:04755C00000000002B
:04755D00000000002A
:04755E000000000029
:04755F000000000028
:047560000000000027
:047561000000000026
:047562000000000025
:047563000000000024
:047564000000000023
:047565000000000022
:047566000000000021
:047567000000000020
:04756800000000001F
:04756900000000001E
:04756A00000000001D
:04756B00000000001C
:04756C00000000001B
:04756D00000000001A
:04756E000000000019
:04756F000000000018
:047570000000000017
:047571000000000016
:047572000000000015
:047573000000000014
:047574000000000013
:047575000000000012
:047576000000000011
:047577000000000010
:04757800000000000F
:04757900000000000E
:04757A00000000000D
:04757B00000000000C
:04757C00000000000B
:04757D00000000000A
:04757E000000000009
:04757F000000000008
:047580000000000007
:047581000000000006
:047582000000000005
:047583000000000004
:047584000000000003
:047585000000000002
:047586000000000001
:047587000000000000
:0475880000000000FF
:0475890000000000FE
:04758A0000000000FD
:04758B0000000000FC
:04758C0000000000FB
:04758D0000000000FA
:04758E0000000000F9
:04758F0000000000F8
:0475900000000000F7
:0475910000000000F6
:0475920000000000F5
:0475930000000000F4
:0475940000000000F3
:0475950000000000F2
:0475960000000000F1
:0475970000000000F0
:0475980000000000EF
:0475990000000000EE
:04759A0000000000ED
:04759B0000000000EC
:04759C0000000000EB
:04759D0000000000EA
:04759E0000000000E9
:04759F0000000000E8
:0475A00000000000E7
:0475A10000000000E6
:0475A20000000000E5
:0475A30000000000E4
:0475A40000000000E3
:0475A50000000000E2
:0475A60000000000E1
:0475A70000000000E0
:0475A80000000000DF
:0475A90000000000DE
:0475AA0000000000DD
:0475AB0000000000DC
:0475AC0000000000DB
:0475AD0000000000DA
:0475AE0000000000D9
:0475AF0000000000D8
:0475B00000000000D7
:0475B10000000000D6
:0475B20000000000D5
:0475B30000000000D4
:0475B40000000000D3
:0475B50000000000D2
:0475B60000000000D1
:0475B70000000000D0
:0475B80000000000CF
:0475B90000000000CE
:0475BA0000000000CD
:0475BB0000000000CC
:0475BC0000000000CB
:0475BD0000000000CA
:0475BE0000000000C9
:0475BF0000000000C8
:0475C00000000000C7
:0475C10000000000C6
:0475C20000000000C5
:0475C30000000000C4
:0475C40000000000C3
:0475C50000000000C2
:0475C60000000000C1
:0475C70000000000C0
:0475C80000000000BF
:0475C90000000000BE
:0475CA0000000000BD
:0475CB0000000000BC
:0475CC0000000000BB
:0475CD0000000000BA
:0475CE0000000000B9
:0475CF0000000000B8
:0475D00000000000B7
:0475D10000000000B6
:0475D20000000000B5
:0475D30000000000B4
:0475D40000000000B3
:0475D50000000000B2
:0475D60000000000B1
:0475D70000000000B0
:0475D80000000000AF
:0475D90000000000AE
:0475DA0000000000AD
:0475DB0000000000AC
:0475DC0000000000AB
:0475DD0000000000AA
:0475DE0000000000A9
:0475DF0000000000A8
:0475E00000000000A7
:0475E10000000000A6
:0475E20000000000A5
:0475E30000000000A4
:0475E40000000000A3
:0475E50000000000A2
:0475E60000000000A1
:0475E70000000000A0
:0475E800000000009F
:0475E900000000009E
:0475EA00000000009D
:0475EB00000000009C
:0475EC00000000009B
:0475ED00000000009A
:0475EE000000000099
:0475EF000000000098
:0475F0000000000097
:0475F1000000000096
:0475F2000000000095
:0475F3000000000094
:0475F4000000000093
:0475F5000000000092
:0475F6000000000091
:0475F7000000000090
:0475F800000000008F
:0475F900000000008E
:0475FA00000000008D
:0475FB00000000008C
:0475FC00000000008B
:0475FD00000000008A
:0475FE000000000089
:0475FF000000000088
:047600000000000086
:047601000000000085
:047602000000000084
:047603000000000083
:047604000000000082
:047605000000000081
:047606000000000080
:04760700000000007F
:04760800000000007E
:04760900000000007D
:04760A00000000007C
:04760B00000000007B
:04760C00000000007A
:04760D000000000079
:04760E000000000078
:04760F000000000077
:047610000000000076
:047611000000000075
:047612000000000074
:047613000000000073
:047614000000000072
:047615000000000071
:047616000000000070
:04761700000000006F
:04761800000000006E
:04761900000000006D
:04761A00000000006C
:04761B00000000006B
:04761C00000000006A
:04761D000000000069
:04761E000000000068
:04761F000000000067
:047620000000000066
:047621000000000065
:047622000000000064
:047623000000000063
:047624000000000062
:047625000000000061
:047626000000000060
:04762700000000005F
:04762800000000005E
:04762900000000005D
:04762A00000000005C
:04762B00000000005B
:04762C00000000005A
:04762D000000000059
:04762E000000000058
:04762F000000000057
:047630000000000056
:047631000000000055
:047632000000000054
:047633000000000053
:047634000000000052
:047635000000000051
:047636000000000050
:04763700000000004F
:04763800000000004E
:04763900000000004D
:04763A00000000004C
:04763B00000000004B
:04763C00000000004A
:04763D000000000049
:04763E000000000048
:04763F000000000047
:047640000000000046
:047641000000000045
:047642000000000044
:047643000000000043
:047644000000000042
:047645000000000041
:047646000000000040
:04764700000000003F
:04764800000000003E
:04764900000000003D
:04764A00000000003C
:04764B00000000003B
:04764C00000000003A
:04764D000000000039
:04764E000000000038
:04764F000000000037
:047650000000000036
:047651000000000035
:047652000000000034
:047653000000000033
:047654000000000032
:047655000000000031
:047656000000000030
:04765700000000002F
:04765800000000002E
:04765900000000002D
:04765A00000000002C
:04765B00000000002B
:04765C00000000002A
:04765D000000000029
:04765E000000000028
:04765F000000000027
:047660000000000026
:047661000000000025
:047662000000000024
:047663000000000023
:047664000000000022
:047665000000000021
:047666000000000020
:04766700000000001F
:04766800000000001E
:04766900000000001D
:04766A00000000001C
:04766B00000000001B
:04766C00000000001A
:04766D000000000019
:04766E000000000018
:04766F000000000017
:047670000000000016
:047671000000000015
:047672000000000014
:047673000000000013
:047674000000000012
:047675000000000011
:047676000000000010
:04767700000000000F
:04767800000000000E
:04767900000000000D
:04767A00000000000C
:04767B00000000000B
:04767C00000000000A
:04767D000000000009
:04767E000000000008
:04767F000000000007
:047680000000000006
:047681000000000005
:047682000000000004
:047683000000000003
:047684000000000002
:047685000000000001
:047686000000000000
:0476870000000000FF
:0476880000000000FE
:0476890000000000FD
:04768A0000000000FC
:04768B0000000000FB
:04768C0000000000FA
:04768D0000000000F9
:04768E0000000000F8
:04768F0000000000F7
:0476900000000000F6
:0476910000000000F5
:0476920000000000F4
:0476930000000000F3
:0476940000000000F2
:0476950000000000F1
:0476960000000000F0
:0476970000000000EF
:0476980000000000EE
:0476990000000000ED
:04769A0000000000EC
:04769B0000000000EB
:04769C0000000000EA
:04769D0000000000E9
:04769E0000000000E8
:04769F0000000000E7
:0476A00000000000E6
:0476A10000000000E5
:0476A20000000000E4
:0476A30000000000E3
:0476A40000000000E2
:0476A50000000000E1
:0476A60000000000E0
:0476A70000000000DF
:0476A80000000000DE
:0476A90000000000DD
:0476AA0000000000DC
:0476AB0000000000DB
:0476AC0000000000DA
:0476AD0000000000D9
:0476AE0000000000D8
:0476AF0000000000D7
:0476B00000000000D6
:0476B10000000000D5
:0476B20000000000D4
:0476B30000000000D3
:0476B40000000000D2
:0476B50000000000D1
:0476B60000000000D0
:0476B70000000000CF
:0476B80000000000CE
:0476B90000000000CD
:0476BA0000000000CC
:0476BB0000000000CB
:0476BC0000000000CA
:0476BD0000000000C9
:0476BE0000000000C8
:0476BF0000000000C7
:0476C00000000000C6
:0476C10000000000C5
:0476C20000000000C4
:0476C30000000000C3
:0476C40000000000C2
:0476C50000000000C1
:0476C60000000000C0
:0476C70000000000BF
:0476C80000000000BE
:0476C90000000000BD
:0476CA0000000000BC
:0476CB0000000000BB
:0476CC0000000000BA
:0476CD0000000000B9
:0476CE0000000000B8
:0476CF0000000000B7
:0476D00000000000B6
:0476D10000000000B5
:0476D20000000000B4
:0476D30000000000B3
:0476D40000000000B2
:0476D50000000000B1
:0476D60000000000B0
:0476D70000000000AF
:0476D80000000000AE
:0476D90000000000AD
:0476DA0000000000AC
:0476DB0000000000AB
:0476DC0000000000AA
:0476DD0000000000A9
:0476DE0000000000A8
:0476DF0000000000A7
:0476E00000000000A6
:0476E10000000000A5
:0476E20000000000A4
:0476E30000000000A3
:0476E40000000000A2
:0476E50000000000A1
:0476E60000000000A0
:0476E700000000009F
:0476E800000000009E
:0476E900000000009D
:0476EA00000000009C
:0476EB00000000009B
:0476EC00000000009A
:0476ED000000000099
:0476EE000000000098
:0476EF000000000097
:0476F0000000000096
:0476F1000000000095
:0476F2000000000094
:0476F3000000000093
:0476F4000000000092
:0476F5000000000091
:0476F6000000000090
:0476F700000000008F
:0476F800000000008E
:0476F900000000008D
:0476FA00000000008C
:0476FB00000000008B
:0476FC00000000008A
:0476FD000000000089
:0476FE000000000088
:0476FF000000000087
:047700000000000085
:047701000000000084
:047702000000000083
:047703000000000082
:047704000000000081
:047705000000000080
:04770600000000007F
:04770700000000007E
:04770800000000007D
:04770900000000007C
:04770A00000000007B
:04770B00000000007A
:04770C000000000079
:04770D000000000078
:04770E000000000077
:04770F000000000076
:047710000000000075
:047711000000000074
:047712000000000073
:047713000000000072
:047714000000000071
:047715000000000070
:04771600000000006F
:04771700000000006E
:04771800000000006D
:04771900000000006C
:04771A00000000006B
:04771B00000000006A
:04771C000000000069
:04771D000000000068
:04771E000000000067
:04771F000000000066
:047720000000000065
:047721000000000064
:047722000000000063
:047723000000000062
:047724000000000061
:047725000000000060
:04772600000000005F
:04772700000000005E
:04772800000000005D
:04772900000000005C
:04772A00000000005B
:04772B00000000005A
:04772C000000000059
:04772D000000000058
:04772E000000000057
:04772F000000000056
:047730000000000055
:047731000000000054
:047732000000000053
:047733000000000052
:047734000000000051
:047735000000000050
:04773600000000004F
:04773700000000004E
:04773800000000004D
:04773900000000004C
:04773A00000000004B
:04773B00000000004A
:04773C000000000049
:04773D000000000048
:04773E000000000047
:04773F000000000046
:047740000000000045
:047741000000000044
:047742000000000043
:047743000000000042
:047744000000000041
:047745000000000040
:04774600000000003F
:04774700000000003E
:04774800000000003D
:04774900000000003C
:04774A00000000003B
:04774B00000000003A
:04774C000000000039
:04774D000000000038
:04774E000000000037
:04774F000000000036
:047750000000000035
:047751000000000034
:047752000000000033
:047753000000000032
:047754000000000031
:047755000000000030
:04775600000000002F
:04775700000000002E
:04775800000000002D
:04775900000000002C
:04775A00000000002B
:04775B00000000002A
:04775C000000000029
:04775D000000000028
:04775E000000000027
:04775F000000000026
:047760000000000025
:047761000000000024
:047762000000000023
:047763000000000022
:047764000000000021
:047765000000000020
:04776600000000001F
:04776700000000001E
:04776800000000001D
:04776900000000001C
:04776A00000000001B
:04776B00000000001A
:04776C000000000019
:04776D000000000018
:04776E000000000017
:04776F000000000016
:047770000000000015
:047771000000000014
:047772000000000013
:047773000000000012
:047774000000000011
:047775000000000010
:04777600000000000F
:04777700000000000E
:04777800000000000D
:04777900000000000C
:04777A00000000000B
:04777B00000000000A
:04777C000000000009
:04777D000000000008
:04777E000000000007
:04777F000000000006
:047780000000000005
:047781000000000004
:047782000000000003
:047783000000000002
:047784000000000001
:047785000000000000
:0477860000000000FF
:0477870000000000FE
:0477880000000000FD
:0477890000000000FC
:04778A0000000000FB
:04778B0000000000FA
:04778C0000000000F9
:04778D0000000000F8
:04778E0000000000F7
:04778F0000000000F6
:0477900000000000F5
:0477910000000000F4
:0477920000000000F3
:0477930000000000F2
:0477940000000000F1
:0477950000000000F0
:0477960000000000EF
:0477970000000000EE
:0477980000000000ED
:0477990000000000EC
:04779A0000000000EB
:04779B0000000000EA
:04779C0000000000E9
:04779D0000000000E8
:04779E0000000000E7
:04779F0000000000E6
:0477A00000000000E5
:0477A10000000000E4
:0477A20000000000E3
:0477A30000000000E2
:0477A40000000000E1
:0477A50000000000E0
:0477A60000000000DF
:0477A70000000000DE
:0477A80000000000DD
:0477A90000000000DC
:0477AA0000000000DB
:0477AB0000000000DA
:0477AC0000000000D9
:0477AD0000000000D8
:0477AE0000000000D7
:0477AF0000000000D6
:0477B00000000000D5
:0477B10000000000D4
:0477B20000000000D3
:0477B30000000000D2
:0477B40000000000D1
:0477B50000000000D0
:0477B60000000000CF
:0477B70000000000CE
:0477B80000000000CD
:0477B90000000000CC
:0477BA0000000000CB
:0477BB0000000000CA
:0477BC0000000000C9
:0477BD0000000000C8
:0477BE0000000000C7
:0477BF0000000000C6
:0477C00000000000C5
:0477C10000000000C4
:0477C20000000000C3
:0477C30000000000C2
:0477C40000000000C1
:0477C50000000000C0
:0477C60000000000BF
:0477C70000000000BE
:0477C80000000000BD
:0477C90000000000BC
:0477CA0000000000BB
:0477CB0000000000BA
:0477CC0000000000B9
:0477CD0000000000B8
:0477CE0000000000B7
:0477CF0000000000B6
:0477D00000000000B5
:0477D10000000000B4
:0477D20000000000B3
:0477D30000000000B2
:0477D40000000000B1
:0477D50000000000B0
:0477D60000000000AF
:0477D70000000000AE
:0477D80000000000AD
:0477D90000000000AC
:0477DA0000000000AB
:0477DB0000000000AA
:0477DC0000000000A9
:0477DD0000000000A8
:0477DE0000000000A7
:0477DF0000000000A6
:0477E00000000000A5
:0477E10000000000A4
:0477E20000000000A3
:0477E30000000000A2
:0477E40000000000A1
:0477E50000000000A0
:0477E600000000009F
:0477E700000000009E
:0477E800000000009D
:0477E900000000009C
:0477EA00000000009B
:0477EB00000000009A
:0477EC000000000099
:0477ED000000000098
:0477EE000000000097
:0477EF000000000096
:0477F0000000000095
:0477F1000000000094
:0477F2000000000093
:0477F3000000000092
:0477F4000000000091
:0477F5000000000090
:0477F600000000008F
:0477F700000000008E
:0477F800000000008D
:0477F900000000008C
:0477FA00000000008B
:0477FB00000000008A
:0477FC000000000089
:0477FD000000000088
:0477FE000000000087
:0477FF000000000086
:00000001FF
